{"type": "FeatureCollection", "features": [{"type": "Feature", "properties": {"admin_level": "7", "capital": "6", "is_in:country": "Thailand", "is_in:country_code": "TH", "name": "\u0e1a\u0e23\u0e1a\u0e37\u0e2d", "name:en": "Borabue", "name:th": "\u0e1a\u0e23\u0e1a\u0e37\u0e2d", "official_name": "\u0e40\u0e17\u0e28\u0e1a\u0e32\u0e25\u0e15\u0e33\u0e1a\u0e25\u0e1a\u0e23\u0e1a\u0e37\u0e2d", "place": "town", "osm_id": 257903547, "osm_type": "node"}, "geometry": {"type": "Point", "coordinates": [103.1207878, 16.0400349]}}, {"type": "Feature", "properties": {"capital_level": "8", "is_in:country": "Thailand", "is_in:country_code": "TH", "is_in:iso_3166_2": "TH-44", "is_in:state": "Maha Sarakham", "is_in:state_code": "44", "name": "\u0e1a\u0e49\u0e32\u0e19\u0e19\u0e32\u0e42\u0e1e\u0e18\u0e34\u0e4c", "name:en": "Ban Na Pho", "place": "village", "source": "Bing; sign", "osm_id": 266941767, "osm_type": "node"}, "geometry": {"type": "Point", "coordinates": [102.9080238, 16.0924689]}}, {"type": "Feature", "properties": {"capital_level": "8", "is_in:country": "Thailand", "is_in:country_code": "TH", "is_in:iso_3166_2": "TH-44", "is_in:state": "Maha Sarakham", "is_in:state_code": "44", "name": "\u0e1a\u0e49\u0e32\u0e19\u0e14\u0e2d\u0e19\u0e01\u0e25\u0e32\u0e07", "name:en": "Ban Don Klang", "place": "village", "source": "Bing; sign", "osm_id": 266941902, "osm_type": "node"}, "geometry": {"type": "Point", "coordinates": [102.8980585, 16.178894]}}, {"type": "Feature", "properties": {"addr:postcode": "40140", "alt_name": "\u0e27\u0e31\u0e07\u0e0a\u0e31\u0e22;\u0e19\u0e49\u0e33\u0e1e\u0e2d\u0e07", "alt_name:en": "Wang Chai;Nam Phong", "capital": "6", "is_in:country": "Thailand", "is_in:country_code": "TH", "is_in:iso_3166_2": "TH-40", "is_in:state": "Khon Kaen", "is_in:state_code": "40", "name": "\u0e2b\u0e19\u0e2d\u0e07\u0e01\u0e38\u0e07", "name:en": "Nong Kung", "official_name": "\u0e40\u0e17\u0e28\u0e1a\u0e32\u0e25\u0e15\u0e33\u0e1a\u0e25\u0e27\u0e31\u0e07\u0e0a\u0e31\u0e22", "place": "town", "osm_id": 278111391, "osm_type": "node"}, "geometry": {"type": "Point", "coordinates": [102.86447, 16.7102834]}}, {"type": "Feature", "properties": {"capital_level": "6", "is_in:country_code": "TH", "is_in:iso_3166_2": "TH-44", "is_in:state": "Maha Sarakham", "is_in:state_code": "44", "name": "\u0e1a\u0e49\u0e32\u0e19\u0e04\u0e38\u0e49\u0e21\u0e01\u0e25\u0e32\u0e07", "name:en": "Ban Khum Klang", "name:th": "\u0e1a\u0e49\u0e32\u0e19\u0e04\u0e38\u0e49\u0e21\u0e01\u0e25\u0e32\u0e07", "place": "village", "source": "Bing;sign", "osm_id": 307678431, "osm_type": "node"}, "geometry": {"type": "Point", "coordinates": [103.0648366, 16.2484595]}}, {"type": "Feature", "properties": {"is_in:country": "Thailand", "is_in:country_code": "TH", "name": "\u0e1a\u0e49\u0e32\u0e19\u0e04\u0e33\u0e44\u0e2e", "name:en": "Ban Kham Hai", "name:th": "\u0e1a\u0e49\u0e32\u0e19\u0e04\u0e33\u0e44\u0e2e", "place": "village", "source": "GPS; sign", "osm_id": 373133100, "osm_type": "node"}, "geometry": {"type": "Point", "coordinates": [102.8006903, 16.4390257]}}, {"type": "Feature", "properties": {"is_in:country": "Thailand", "is_in:country_code": "TH", "name": "\u0e1a\u0e49\u0e32\u0e19\u0e42\u0e04\u0e01\u0e1f\u0e31\u0e19\u0e42\u0e1b\u0e07", "name:en": "Ban Khok Fan Pong", "name:th": "\u0e1a\u0e49\u0e32\u0e19\u0e42\u0e04\u0e01\u0e1f\u0e31\u0e19\u0e42\u0e1b\u0e07", "place": "village", "ref": "4", "source": "GPS; sign", "osm_id": 373156851, "osm_type": "node"}, "geometry": {"type": "Point", "coordinates": [102.773021, 16.4348419]}}, {"type": "Feature", "properties": {"addr:country": "TH", "addr:district": "Mueang Khon Kaen", "addr:province": "Khon Kaen", "addr:subdistrict": "Ban Pet", "amenity": "school", "elementary": "yes", "name": "\u0e42\u0e23\u0e07\u0e40\u0e23\u0e35\u0e22\u0e19\u0e1a\u0e49\u0e32\u0e19\u0e42\u0e04\u0e01\u0e1f\u0e31\u0e19\u0e42\u0e1b\u0e07", "name:en": "Ban Khok Fan Pong School", "name:th": "\u0e42\u0e23\u0e07\u0e40\u0e23\u0e35\u0e22\u0e19\u0e1a\u0e49\u0e32\u0e19\u0e42\u0e04\u0e01\u0e1f\u0e31\u0e19\u0e42\u0e1b\u0e07", "source": "GPS; sign", "osm_id": 373156854, "osm_type": "node"}, "geometry": {"type": "Point", "coordinates": [102.773318, 16.4357572]}}, {"type": "Feature", "properties": {"addr:postcode": "40000", "is_in:country": "Thailand", "is_in:country_code": "TH", "name": "\u0e1a\u0e49\u0e32\u0e19\u0e01\u0e2d\u0e01", "name:en": "Ban Kok", "name:th": "\u0e1a\u0e49\u0e32\u0e19\u0e01\u0e2d\u0e01", "place": "village", "source": "GPS; sign", "osm_id": 373165533, "osm_type": "node"}, "geometry": {"type": "Point", "coordinates": [102.801397, 16.4223313]}}, {"type": "Feature", "properties": {"addr:country": "TH", "addr:district": "Mueang Khon Kaen", "addr:hamlet": "Mu 19", "addr:postcode": "40000", "addr:province": "Khon Kaen", "addr:subdistrict": "Ban Pet", "amenity": "school", "name": "\u0e42\u0e23\u0e07\u0e40\u0e23\u0e35\u0e22\u0e19\u0e2a\u0e2d\u0e07\u0e20\u0e32\u0e29\u0e32\u0e20\u0e32\u0e04\u0e15\u0e30\u0e27\u0e31\u0e19\u0e2d\u0e2d\u0e01\u0e40\u0e09\u0e35\u0e22\u0e07\u0e40\u0e17\u0e19\u0e37\u0e2d", "name:en": "Northeastern Bilingual School", "name:th": "\u0e42\u0e23\u0e07\u0e40\u0e23\u0e35\u0e22\u0e19\u0e2a\u0e2d\u0e07\u0e20\u0e32\u0e29\u0e32\u0e20\u0e32\u0e04\u0e15\u0e30\u0e27\u0e31\u0e19\u0e2d\u0e2d\u0e01\u0e40\u0e09\u0e35\u0e22\u0e07\u0e40\u0e17\u0e19\u0e37\u0e2d", "source": "GPS; sign", "osm_id": 373165547, "osm_type": "node"}, "geometry": {"type": "Point", "coordinates": [102.807643, 16.4216146]}}, {"type": "Feature", "properties": {"is_in:country": "Thailand", "is_in:country_code": "TH", "is_in:iso_3166_2": "TH-40", "is_in:state": "Khon Kaen", "is_in:state_code": "40", "name": "\u0e1a\u0e49\u0e32\u0e19\u0e2b\u0e19\u0e2d\u0e07\u0e42\u0e08\u0e14", "name:en": "Ban Nong Chot", "place": "village", "source": "Bing; sign", "osm_id": 373839023, "osm_type": "node"}, "geometry": {"type": "Point", "coordinates": [102.7861667, 16.4193026]}}, {"type": "Feature", "properties": {"is_in:country": "Thailand", "is_in:country_code": "TH", "name": "\u0e1a\u0e49\u0e32\u0e19\u0e2b\u0e31\u0e27\u0e17\u0e38\u0e48\u0e07", "name:en": "Ban Hua Thung", "name:th": "\u0e1a\u0e49\u0e32\u0e19\u0e2b\u0e31\u0e27\u0e17\u0e38\u0e48\u0e07", "place": "village", "ref": "5; 14", "source": "GPS; sign", "osm_id": 373866303, "osm_type": "node"}, "geometry": {"type": "Point", "coordinates": [102.7945201, 16.4405552]}}, {"type": "Feature", "properties": {"addr:country": "TH", "addr:district": "Mueang Khon Kaen", "addr:province": "Khon Kaen", "addr:subdistrict": "Nai Mueang", "amenity": "school", "elementary": "yes", "source": "GPS; sign", "osm_id": 375575671, "osm_type": "node"}, "geometry": {"type": "Point", "coordinates": [102.820899, 16.4378195]}}, {"type": "Feature", "properties": {"addr:country": "TH", "addr:district": "Mueang Khon Kaen", "addr:province": "Khon Kaen", "amenity": "school", "elementary": "yes", "source": "Bing; GPS; sign", "osm_id": 375683374, "osm_type": "node"}, "geometry": {"type": "Point", "coordinates": [102.800906, 16.4683496]}}, {"type": "Feature", "properties": {"is_in:country": "Thailand", "is_in:country_code": "TH", "name": "\u0e1a\u0e49\u0e32\u0e19\u0e2a\u0e31\u0e19\u0e15\u0e34\u0e2a\u0e38\u0e02", "name:en": "Ban Santi Suk", "name:th": "\u0e1a\u0e49\u0e32\u0e19\u0e2a\u0e31\u0e19\u0e15\u0e34\u0e2a\u0e38\u0e02", "place": "village", "source": "GPS; sign", "osm_id": 375683387, "osm_type": "node"}, "geometry": {"type": "Point", "coordinates": [102.797714, 16.4555315]}}, {"type": "Feature", "properties": {"addr:country": "TH", "addr:district": "Mueang Khon Kaen", "addr:province": "Khon Kaen", "amenity": "school", "name": "\u0e42\u0e23\u0e07\u0e40\u0e23\u0e35\u0e22\u0e19\u0e01\u0e32\u0e23\u0e28\u0e36\u0e01\u0e29\u0e32\u0e04\u0e19\u0e15\u0e32\u0e1a\u0e2d\u0e14\u0e02\u0e2d\u0e19\u0e41\u0e01\u0e48\u0e19", "name:en": "School for the Blind Khon Kaen", "name:th": "\u0e42\u0e23\u0e07\u0e40\u0e23\u0e35\u0e22\u0e19\u0e01\u0e32\u0e23\u0e28\u0e36\u0e01\u0e29\u0e32\u0e04\u0e19\u0e15\u0e32\u0e1a\u0e2d\u0e14\u0e02\u0e2d\u0e19\u0e41\u0e01\u0e48\u0e19", "source": "GPS; sign", "osm_id": 375683461, "osm_type": "node"}, "geometry": {"type": "Point", "coordinates": [102.805222, 16.4405028]}}, {"type": "Feature", "properties": {"amenity": "hospital", "emergency": "yes", "name": "\u0e42\u0e23\u0e07\u0e1e\u0e22\u0e32\u0e1a\u0e32\u0e25\u0e28\u0e23\u0e35\u0e19\u0e04\u0e23\u0e34\u0e19\u0e17\u0e23\u0e4c", "name:en": "Srinagarind Hospital", "name:th": "\u0e42\u0e23\u0e07\u0e1e\u0e22\u0e32\u0e1a\u0e32\u0e25\u0e28\u0e23\u0e35\u0e19\u0e04\u0e23\u0e34\u0e19\u0e17\u0e23\u0e4c", "source": "GPS; sign", "website": "http://www.srinagarind.md.kku.ac.th", "osm_id": 378636749, "osm_type": "node"}, "geometry": {"type": "Point", "coordinates": [102.8302327, 16.4682595]}}, {"type": "Feature", "properties": {"addr:country": "TH", "addr:district": "Mueang Khon Kaen", "addr:province": "Khon Kaen", "addr:subdistrict": "Nai Mueang", "amenity": "school", "name": "\u0e42\u0e23\u0e07\u0e40\u0e23\u0e35\u0e22\u0e19\u0e2a\u0e32\u0e18\u0e34\u0e15\u0e21\u0e2b\u0e32\u0e27\u0e34\u0e17\u0e22\u0e32\u0e25\u0e31\u0e22\u0e02\u0e2d\u0e19\u0e41\u0e01\u0e48\u0e19 \u0e1d\u0e48\u0e32\u0e22\u0e01\u0e32\u0e23\u0e28\u0e36\u0e01\u0e29\u0e32\u0e1e\u0e34\u0e40\u0e28\u0e29 (\u0e28\u0e39\u0e19\u0e22\u0e4c\u0e27\u0e34\u0e08\u0e31\u0e22\u0e2d\u0e2d\u0e17\u0e34\u0e2a\u0e15\u0e34\u0e01)", "name:en": "Research and Development Center of Autistic inclusive Education (RDCAI)", "source": "GPS;sign", "osm_id": 378678496, "osm_type": "node"}, "geometry": {"type": "Point", "coordinates": [102.8317134, 16.4818176]}}, {"type": "Feature", "properties": {"name": "\u0e1a\u0e49\u0e32\u0e19\u0e42\u0e19\u0e19\u0e21\u0e48\u0e27\u0e07", "name:en": "Ban Non Muang", "name:th": "\u0e1a\u0e49\u0e32\u0e19\u0e42\u0e19\u0e19\u0e21\u0e48\u0e27\u0e07", "place": "village", "source": "GPS; sign", "osm_id": 378683394, "osm_type": "node"}, "geometry": {"type": "Point", "coordinates": [102.8145375, 16.4883118]}}, {"type": "Feature", "properties": {"is_in:country": "Thailand", "is_in:country_code": "TH", "name": "\u0e1a\u0e49\u0e32\u0e19\u0e2a\u0e35\u0e2b\u0e23\u0e32\u0e0a", "name:en": "Si Ratch", "name:th": "\u0e1a\u0e49\u0e32\u0e19\u0e2a\u0e35\u0e2b\u0e23\u0e32\u0e0a", "place": "village", "source": "GPS; sign", "osm_id": 378692025, "osm_type": "node"}, "geometry": {"type": "Point", "coordinates": [102.781809, 16.4733043]}}, {"type": "Feature", "properties": {"is_in:country": "Thailand", "is_in:country_code": "TH", "is_in:iso_3166_2": "TH-40", "is_in:state": "Khon Kaen", "is_in:state_code": "40", "name": "\u0e1a\u0e49\u0e32\u0e19\u0e2b\u0e19\u0e2d\u0e07\u0e02\u0e32\u0e21", "name:en": "Ban Nong Kham", "place": "village", "source": "Bing; sign", "osm_id": 381897575, "osm_type": "node"}, "geometry": {"type": "Point", "coordinates": [102.7965254, 16.4111485]}}, {"type": "Feature", "properties": {"addr:country": "TH", "addr:district": "Mueang Khon Kaen", "addr:province": "Khon Kaen", "addr:subdistrict": "Nai Mueang", "amenity": "school", "name": "\u0e42\u0e23\u0e07\u0e40\u0e23\u0e35\u0e22\u0e19\u0e42\u0e2a\u0e15\u0e2a\u0e36\u0e01\u0e29\u0e32\u0e08\u0e31\u0e07\u0e2b\u0e27\u0e31\u0e14\u0e02\u0e2d\u0e19\u0e41\u0e01\u0e48\u0e19", "name:en": "Khon Kaen School for the Deaf", "name:th": "\u0e42\u0e23\u0e07\u0e40\u0e23\u0e35\u0e22\u0e19\u0e42\u0e2a\u0e15\u0e2a\u0e36\u0e01\u0e29\u0e32\u0e08\u0e31\u0e07\u0e2b\u0e27\u0e31\u0e14\u0e02\u0e2d\u0e19\u0e41\u0e01\u0e48\u0e19", "source": "GPS; sign", "osm_id": 381897584, "osm_type": "node"}, "geometry": {"type": "Point", "coordinates": [102.827304, 16.4148762]}}, {"type": "Feature", "properties": {"amenity": "hospital", "check_date": "2026-01-17", "name": "\u0e42\u0e23\u0e07\u0e1e\u0e22\u0e32\u0e1a\u0e32\u0e25 \u0e27\u0e31\u0e14\u0e2b\u0e19\u0e2d\u0e07\u0e41\u0e27\u0e07", "name:en": "Wat Nong Waeng Hospital", "name:th": "\u0e42\u0e23\u0e07\u0e1e\u0e22\u0e32\u0e1a\u0e32\u0e25 \u0e27\u0e31\u0e14\u0e2b\u0e19\u0e2d\u0e07\u0e41\u0e27\u0e07", "source": "GPS; sign", "osm_id": 381911280, "osm_type": "node"}, "geometry": {"type": "Point", "coordinates": [102.835041, 16.4088975]}}, {"type": "Feature", "properties": {"addr:country": "TH", "addr:district": "Mueang Khon Kaen", "addr:province": "Khon Kaen", "amenity": "school", "name": "\u0e42\u0e23\u0e07\u0e40\u0e23\u0e35\u0e22\u0e19\u0e40\u0e17\u0e1e\u0e2a\u0e34\u0e23\u0e34\u0e19\u0e17\u0e23\u0e4c \u0e02\u0e2d\u0e19\u0e41\u0e01\u0e48\u0e19", "name:en": "Debsirin Khon Kaen School", "name:th": "\u0e42\u0e23\u0e07\u0e40\u0e23\u0e35\u0e22\u0e19\u0e40\u0e17\u0e1e\u0e2a\u0e34\u0e23\u0e34\u0e19\u0e17\u0e23\u0e4c \u0e02\u0e2d\u0e19\u0e41\u0e01\u0e48\u0e19", "source": "GPS; sign", "wikidata": "Q19856536", "osm_id": 381911284, "osm_type": "node"}, "geometry": {"type": "Point", "coordinates": [102.838607, 16.3944721]}}, {"type": "Feature", "properties": {"is_in:country": "Thailand", "is_in:country_code": "TH", "name": "\u0e1a\u0e49\u0e32\u0e19\u0e2b\u0e19\u0e2d\u0e07\u0e44\u0e2e", "name:en": "Ban Nong Hi", "name:th": "\u0e1a\u0e49\u0e32\u0e19\u0e2b\u0e19\u0e2d\u0e07\u0e44\u0e2e", "place": "village", "source": "GPS; sign", "osm_id": 381922474, "osm_type": "node"}, "geometry": {"type": "Point", "coordinates": [102.8736, 16.4129957]}}, {"type": "Feature", "properties": {"is_in:country": "Thailand", "is_in:country_code": "TH", "name": "\u0e1a\u0e49\u0e32\u0e19\u0e42\u0e1e\u0e18\u0e34\u0e1a\u0e31\u0e25\u0e25\u0e31\u0e07\u0e01\u0e4c\u0e17\u0e2d\u0e07", "name:en": "Ban Bodhibanlangthong", "name:th": "\u0e1a\u0e49\u0e32\u0e19\u0e42\u0e1e\u0e18\u0e34\u0e1a\u0e31\u0e25\u0e25\u0e31\u0e07\u0e01\u0e4c\u0e17\u0e2d\u0e07", "place": "village", "source": "GPS; sign", "osm_id": 381922475, "osm_type": "node"}, "geometry": {"type": "Point", "coordinates": [102.8734932, 16.421163]}}, {"type": "Feature", "properties": {"name": "\u0e1a\u0e49\u0e32\u0e19\u0e41\u0e2a\u0e07\u0e2d\u0e23\u0e38\u0e13", "name:en": "Ban Saeng Arun", "name:th": "\u0e1a\u0e49\u0e32\u0e19\u0e41\u0e2a\u0e07\u0e2d\u0e23\u0e38\u0e13", "place": "village", "source": "Bing; sign", "osm_id": 383041799, "osm_type": "node"}, "geometry": {"type": "Point", "coordinates": [102.8877842, 16.4231517]}}, {"type": "Feature", "properties": {"is_in:country": "Thailand", "is_in:country_code": "TH", "is_in:iso_3166_2": "TH-40", "is_in:state": "Khon Kaen", "is_in:state_code": "40", "name": "\u0e1a\u0e49\u0e32\u0e19\u0e2b\u0e19\u0e2d\u0e07\u0e42\u0e1e\u0e18\u0e34\u0e4c", "name:en": "Ban Nong Po", "name:th": "\u0e1a\u0e49\u0e32\u0e19\u0e2b\u0e19\u0e2d\u0e07\u0e42\u0e1e\u0e18\u0e34\u0e4c", "place": "village", "source": "Bing; sign", "osm_id": 383041800, "osm_type": "node"}, "geometry": {"type": "Point", "coordinates": [102.8983153, 16.4166048]}}, {"type": "Feature", "properties": {"is_in:country": "Thailand", "is_in:country_code": "TH", "is_in:iso_3166_2": "TH-40", "is_in:state": "Khon Kaen", "is_in:state_code": "40", "name": "\u0e1a\u0e49\u0e32\u0e19\u0e14\u0e2d\u0e19\u0e1a\u0e21", "name:en": "Ban Don Bom", "place": "village", "source": "Bing; sign", "osm_id": 383073157, "osm_type": "node"}, "geometry": {"type": "Point", "coordinates": [102.842457, 16.3864156]}}, {"type": "Feature", "properties": {"addr:country": "TH", "addr:district": "Mueang Khon Kaen", "addr:province": "Khon Kaen", "addr:subdistrict": "Nai Mueang", "amenity": "school", "check_date": "2025-12-27", "name": "\u0e42\u0e23\u0e07\u0e40\u0e23\u0e35\u0e22\u0e19\u0e40\u0e17\u0e28\u0e1a\u0e32\u0e25\u0e27\u0e31\u0e14\u0e01\u0e25\u0e32\u0e07", "name:en": "Wat Klang Municipal School", "name:th": "\u0e42\u0e23\u0e07\u0e40\u0e23\u0e35\u0e22\u0e19\u0e40\u0e17\u0e28\u0e1a\u0e32\u0e25\u0e27\u0e31\u0e14\u0e01\u0e25\u0e32\u0e07", "source": "GPS; sign", "wikidata": "Q19856529", "osm_id": 383089897, "osm_type": "node"}, "geometry": {"type": "Point", "coordinates": [102.83144, 16.4130498]}}, {"type": "Feature", "properties": {"is_in:country": "Thailand", "is_in:country_code": "TH", "name": "\u0e1a\u0e49\u0e32\u0e19\u0e14\u0e2d\u0e19\u0e2b\u0e0d\u0e49\u0e32\u0e19\u0e32\u0e07", "name:en": "Ban Don Ya Nang", "name:th": "\u0e1a\u0e49\u0e32\u0e19\u0e14\u0e2d\u0e19\u0e2b\u0e0d\u0e49\u0e32\u0e19\u0e32\u0e07", "place": "village", "source": "GPS; sign", "osm_id": 383122718, "osm_type": "node"}, "geometry": {"type": "Point", "coordinates": [102.845832, 16.4634]}}, {"type": "Feature", "properties": {"addr:country": "TH", "addr:district": "Mueang Khon Kaen", "addr:province": "Khon Kaen", "addr:subdistrict": "Sila", "amenity": "school", "name": "\u0e42\u0e23\u0e07\u0e40\u0e23\u0e35\u0e22\u0e19\u0e02\u0e32\u0e21\u0e41\u0e01\u0e48\u0e19\u0e19\u0e04\u0e23", "name:en": "Kham Kaennakorn School", "name:th": "\u0e42\u0e23\u0e07\u0e40\u0e23\u0e35\u0e22\u0e19\u0e02\u0e32\u0e21\u0e41\u0e01\u0e48\u0e19\u0e19\u0e04\u0e23", "source": "GPS;sign", "osm_id": 384000914, "osm_type": "node"}, "geometry": {"type": "Point", "coordinates": [102.854021, 16.4705591]}}, {"type": "Feature", "properties": {"is_in:country": "Thailand", "is_in:country_code": "TH", "name": "\u0e1a\u0e49\u0e32\u0e19\u0e0a\u0e34\u0e14\u0e0a\u0e25", "name:en": "Ban Chit Chon", "name:th": "\u0e1a\u0e49\u0e32\u0e19\u0e0a\u0e34\u0e14\u0e0a\u0e25", "place": "village", "source": "GPS; sign", "osm_id": 384005143, "osm_type": "node"}, "geometry": {"type": "Point", "coordinates": [102.856821, 16.4749322]}}, {"type": "Feature", "properties": {"is_in:country": "Thailand", "is_in:country_code": "TH", "name": "\u0e1a\u0e49\u0e32\u0e19\u0e42\u0e01\u0e17\u0e32", "name:en": "Ban Gotha", "name:th": "\u0e1a\u0e49\u0e32\u0e19\u0e42\u0e01\u0e17\u0e32", "place": "village", "ref": "9", "source": "GPS; sign", "osm_id": 384005150, "osm_type": "node"}, "geometry": {"type": "Point", "coordinates": [102.863438, 16.473596]}}, {"type": "Feature", "properties": {"addr:country": "TH", "addr:district": "Mueang Khon Kaen", "addr:province": "Khon Kaen", "addr:subdistrict": "Sila", "amenity": "school", "name": "\u0e42\u0e23\u0e07\u0e23\u0e35\u0e22\u0e19\u0e1a\u0e49\u0e32\u0e19\u0e42\u0e01\u0e17\u0e32", "name:en": "Ban Gotha School", "name:th": "\u0e42\u0e23\u0e07\u0e23\u0e35\u0e22\u0e19\u0e1a\u0e49\u0e32\u0e19\u0e42\u0e01\u0e17\u0e32", "source": "GPS; sign", "osm_id": 384005151, "osm_type": "node"}, "geometry": {"type": "Point", "coordinates": [102.860605, 16.4747411]}}, {"type": "Feature", "properties": {"addr:country": "TH", "addr:district": "Mueang Khon Kaen", "addr:province": "Khon Kaen", "addr:subdistrict": "Sila", "amenity": "school", "name": "\u0e42\u0e23\u0e07\u0e23\u0e35\u0e22\u0e19\u0e1a\u0e49\u0e32\u0e19\u0e2b\u0e19\u0e2d\u0e07\u0e2b\u0e34\u0e19", "name:en": "Ban Nong Hin School", "name:th": "\u0e42\u0e23\u0e07\u0e23\u0e35\u0e22\u0e19\u0e1a\u0e49\u0e32\u0e19\u0e2b\u0e19\u0e2d\u0e07\u0e2b\u0e34\u0e19", "source": "GPS; sign", "osm_id": 384022158, "osm_type": "node"}, "geometry": {"type": "Point", "coordinates": [102.873959, 16.4816205]}}, {"type": "Feature", "properties": {"is_in:country": "Thailand", "is_in:country_code": "TH", "name": "\u0e1a\u0e49\u0e32\u0e19\u0e2b\u0e19\u0e2d\u0e07\u0e2b\u0e34\u0e19", "name:en": "Ban Nong Hin", "name:th": "\u0e1a\u0e49\u0e32\u0e19\u0e2b\u0e19\u0e2d\u0e07\u0e2b\u0e34\u0e19", "place": "village", "ref": "22", "source": "GPS; sign", "osm_id": 384022159, "osm_type": "node"}, "geometry": {"type": "Point", "coordinates": [102.8712459, 16.4801328]}}, {"type": "Feature", "properties": {"is_in:country": "Thailand", "is_in:country_code": "TH", "name": "\u0e1a\u0e49\u0e32\u0e19\u0e40\u0e15\u0e48\u0e32\u0e19\u0e2d", "name:en": "Ban Tao No", "name:th": "\u0e1a\u0e49\u0e32\u0e19\u0e40\u0e15\u0e48\u0e32\u0e19\u0e2d", "place": "village", "ref": "7", "source": "GPS; sign", "osm_id": 384022169, "osm_type": "node"}, "geometry": {"type": "Point", "coordinates": [102.8609842, 16.5073709]}}, {"type": "Feature", "properties": {"capital_level": "8", "is_in:country": "Thailand", "is_in:country_code": "TH", "name": "\u0e1a\u0e49\u0e32\u0e19\u0e28\u0e34\u0e25\u0e32", "name:en": "Ban Sila", "name:th": "\u0e1a\u0e49\u0e32\u0e19\u0e28\u0e34\u0e25\u0e32", "place": "village", "ref": "1; 18; 28", "source": "GPS; sign", "osm_id": 384093320, "osm_type": "node"}, "geometry": {"type": "Point", "coordinates": [102.8642111, 16.4968194]}}, {"type": "Feature", "properties": {"addr:country": "TH", "addr:district": "Mueang Khon Kaen", "addr:province": "Khon Kaen", "addr:subdistrict": "Sila", "amenity": "school", "name": "\u0e42\u0e23\u0e07\u0e23\u0e35\u0e22\u0e19\u0e1a\u0e49\u0e32\u0e19\u0e28\u0e34\u0e25\u0e32", "name:en": "Ban Sila School", "name:th": "\u0e42\u0e23\u0e07\u0e23\u0e35\u0e22\u0e19\u0e1a\u0e49\u0e32\u0e19\u0e28\u0e34\u0e25\u0e32", "source": "GPS; sign", "osm_id": 384093321, "osm_type": "node"}, "geometry": {"type": "Point", "coordinates": [102.8642, 16.491219]}}, {"type": "Feature", "properties": {"addr:country": "TH", "addr:district": "Mueang Khon Kaen", "addr:province": "Khon Kaen", "addr:subdistrict": "Sila", "amenity": "school", "name": "\u0e42\u0e23\u0e07\u0e23\u0e35\u0e22\u0e19\u0e2d\u0e32\u0e19\u0e31\u0e19\u0e17\u0e19\u0e27\u0e34\u0e17\u0e22\u0e32", "name:en": "Anantanawittaya School", "name:th": "\u0e42\u0e23\u0e07\u0e23\u0e35\u0e22\u0e19\u0e2d\u0e32\u0e19\u0e31\u0e19\u0e17\u0e19\u0e27\u0e34\u0e17\u0e22\u0e32", "source": "GPS; sign", "osm_id": 384648408, "osm_type": "node"}, "geometry": {"type": "Point", "coordinates": [102.868884, 16.4455614]}}, {"type": "Feature", "properties": {"is_in:country": "Thailand", "is_in:country_code": "TH", "name": "\u0e1a\u0e49\u0e32\u0e19\u0e14\u0e2d\u0e19\u0e22\u0e32\u0e07", "name:en": "Ban Don Yang", "name:th": "\u0e1a\u0e49\u0e32\u0e19\u0e14\u0e2d\u0e19\u0e22\u0e32\u0e07", "place": "village", "ref": "11; 16", "source": "GPS; sign", "osm_id": 384665006, "osm_type": "node"}, "geometry": {"type": "Point", "coordinates": [102.872833, 16.4576992]}}, {"type": "Feature", "properties": {"is_in:country": "Thailand", "is_in:country_code": "TH", "name": "\u0e1a\u0e49\u0e32\u0e19\u0e2b\u0e19\u0e2d\u0e07\u0e44\u0e1c\u0e48", "name:en": "Ban Nong Pie", "name:th": "\u0e1a\u0e49\u0e32\u0e19\u0e2b\u0e19\u0e2d\u0e07\u0e44\u0e1c\u0e48", "place": "village", "source": "GPS; sign", "osm_id": 386628700, "osm_type": "node"}, "geometry": {"type": "Point", "coordinates": [102.855328, 16.4781216]}}, {"type": "Feature", "properties": {"is_in:country": "Thailand", "is_in:country_code": "TH", "name": "\u0e1a\u0e49\u0e32\u0e19\u0e2b\u0e19\u0e2d\u0e07\u0e01\u0e38\u0e07", "name:en": "Ban Nong Kung", "name:th": "\u0e1a\u0e49\u0e32\u0e19\u0e2b\u0e19\u0e2d\u0e07\u0e01\u0e38\u0e07", "place": "village", "ref": "2; 17", "source": "GPS; sign", "osm_id": 386654284, "osm_type": "node"}, "geometry": {"type": "Point", "coordinates": [102.838145, 16.4981242]}}, {"type": "Feature", "properties": {"addr:country": "TH", "addr:district": "Mueang Khon Kaen", "addr:province": "Khon Kaen", "addr:subdistrict": "Sila", "amenity": "school", "name": "\u0e42\u0e23\u0e07\u0e40\u0e23\u0e35\u0e22\u0e19\u0e40\u0e17\u0e28\u0e1a\u0e32\u0e25\u0e1a\u0e49\u0e32\u0e19\u0e42\u0e19\u0e19\u0e0a\u0e31\u0e22", "name:en": "Ban Non Chai Municipal School", "name:th": "\u0e42\u0e23\u0e07\u0e40\u0e23\u0e35\u0e22\u0e19\u0e40\u0e17\u0e28\u0e1a\u0e32\u0e25\u0e1a\u0e49\u0e32\u0e19\u0e42\u0e19\u0e19\u0e0a\u0e31\u0e22", "source": "GPS; sign", "osm_id": 386702762, "osm_type": "node"}, "geometry": {"type": "Point", "coordinates": [102.853184, 16.4549187]}}, {"type": "Feature", "properties": {"is_in:country": "Thailand", "is_in:country_code": "TH", "name": "\u0e1a\u0e49\u0e32\u0e19\u0e15\u0e31\u0e07\u0e04\u0e28\u0e34\u0e25\u0e32", "name:en": "Ban Tangkha Sila", "name:th": "\u0e1a\u0e49\u0e32\u0e19\u0e15\u0e31\u0e07\u0e04\u0e28\u0e34\u0e25\u0e32", "place": "village", "source": "GPS; sign", "osm_id": 387693095, "osm_type": "node"}, "geometry": {"type": "Point", "coordinates": [102.856562, 16.4995197]}}, {"type": "Feature", "properties": {"is_in:country": "Thailand", "is_in:country_code": "TH", "name": "\u0e1a\u0e49\u0e32\u0e19\u0e2b\u0e19\u0e2d\u0e07\u0e44\u0e1c\u0e48", "name:en": "Ban Nongpie", "name:th": "\u0e1a\u0e49\u0e32\u0e19\u0e2b\u0e19\u0e2d\u0e07\u0e44\u0e1c\u0e48", "place": "village", "source": "GPS; sign", "osm_id": 387945173, "osm_type": "node"}, "geometry": {"type": "Point", "coordinates": [102.8404353, 16.4824631]}}, {"type": "Feature", "properties": {"addr:country": "TH", "addr:district": "Mueang Khon Kaen", "addr:province": "Khon Kaen", "addr:subdistrict": "Sila", "amenity": "school", "name": "\u0e42\u0e23\u0e07\u0e40\u0e23\u0e35\u0e22\u0e19\u0e2b\u0e19\u0e2d\u0e07\u0e44\u0e1c\u0e48\u0e21\u0e2d\u0e14\u0e34\u0e19\u0e41\u0e14\u0e07", "name:en": "Nongpie School", "name:th": "\u0e42\u0e23\u0e07\u0e40\u0e23\u0e35\u0e22\u0e19\u0e2b\u0e19\u0e2d\u0e07\u0e44\u0e1c\u0e48\u0e21\u0e2d\u0e14\u0e34\u0e19\u0e41\u0e14\u0e07", "source": "GPS; sign", "osm_id": 387945175, "osm_type": "node"}, "geometry": {"type": "Point", "coordinates": [102.848082, 16.4775513]}}, {"type": "Feature", "properties": {"addr:country": "TH", "addr:district": "Mueang Khon Kaen", "addr:province": "Khon Kaen", "addr:subdistrict": "Sila", "amenity": "school", "name": "\u0e42\u0e23\u0e07\u0e40\u0e23\u0e35\u0e22\u0e19\u0e28\u0e23\u0e35\u0e2a\u0e31\u0e07\u0e27\u0e32\u0e25\u0e22\u0e4c \u0e02\u0e2d\u0e19\u0e41\u0e01\u0e48\u0e19", "name:en": "Si Sang Wan School Khon Kaen", "name:th": "\u0e42\u0e23\u0e07\u0e40\u0e23\u0e35\u0e22\u0e19\u0e28\u0e23\u0e35\u0e2a\u0e31\u0e07\u0e27\u0e32\u0e25\u0e22\u0e4c \u0e02\u0e2d\u0e19\u0e41\u0e01\u0e48\u0e19", "source": "GPS; sign", "osm_id": 387945178, "osm_type": "node"}, "geometry": {"type": "Point", "coordinates": [102.840767, 16.4737405]}}, {"type": "Feature", "properties": {"addr:city": "Khon Kaen", "addr:country": "TH", "addr:district": "Muang", "addr:housenumber": "148/3", "addr:street": "Maliwan Rd.", "amenity": "hospital", "brand": "Bangkok Hospital", "brand:en": "Bangkok Hospital", "brand:th": "\u0e42\u0e23\u0e07\u0e1e\u0e22\u0e32\u0e1a\u0e32\u0e25\u0e01\u0e23\u0e38\u0e07\u0e40\u0e17\u0e1e", "brand:wikidata": "Q125869165", "contact:fax": "+66-43-042800", "contact:phone": "+66-43-042888", "contact:website": "http://www.bangkokhospitalkhonkaen.com", "emergency": "yes", "healthcare": "hospital", "name": "\u0e42\u0e23\u0e07\u0e1e\u0e22\u0e32\u0e1a\u0e32\u0e25\u0e01\u0e23\u0e38\u0e07\u0e40\u0e17\u0e1e", "name:en": "Bangkok Hospital", "name:th": "\u0e42\u0e23\u0e07\u0e1e\u0e22\u0e32\u0e1a\u0e32\u0e25\u0e01\u0e23\u0e38\u0e07\u0e40\u0e17\u0e1e", "operator": "Bangkok Dusit Medical Services", "operator:type": "private", "operator:wikidata": "Q13012598", "source": "GPS; sign", "osm_id": 389407410, "osm_type": "node"}, "geometry": {"type": "Point", "coordinates": [102.8200449, 16.4420747]}}, {"type": "Feature", "properties": {"name": "\u0e1a\u0e49\u0e32\u0e19\u0e1e\u0e23\u0e30\u0e04\u0e37\u0e2d", "name:en": "Ban Phra Khue", "name:th": "\u0e1a\u0e49\u0e32\u0e19\u0e1e\u0e23\u0e30\u0e04\u0e37\u0e2d", "place": "village", "source": "Bing; sign", "osm_id": 392520533, "osm_type": "node"}, "geometry": {"type": "Point", "coordinates": [102.8934451, 16.4208635]}}, {"type": "Feature", "properties": {"is_in:country": "Thailand", "is_in:country_code": "TH", "name": "\u0e1a\u0e49\u0e32\u0e19\u0e40\u0e25\u0e34\u0e07\u0e40\u0e1b\u0e37\u0e2d\u0e22", "name:en": "Ban Loengpueai", "name:th": "\u0e1a\u0e49\u0e32\u0e19\u0e40\u0e25\u0e34\u0e07\u0e40\u0e1b\u0e37\u0e2d\u0e22", "place": "village", "source": "GPS; sign", "osm_id": 392521424, "osm_type": "node"}, "geometry": {"type": "Point", "coordinates": [102.889348, 16.4287958]}}, {"type": "Feature", "properties": {"is_in:country": "Thailand", "is_in:country_code": "TH", "name": "\u0e1a\u0e49\u0e32\u0e19\u0e42\u0e19\u0e19\u0e2a\u0e27\u0e23\u0e23\u0e04\u0e4c", "name:en": "Ban Non Sawan", "name:th": "\u0e1a\u0e49\u0e32\u0e19\u0e42\u0e19\u0e19\u0e2a\u0e27\u0e23\u0e23\u0e04\u0e4c", "place": "village", "ref": "6", "source": "GPS; sign", "osm_id": 392522162, "osm_type": "node"}, "geometry": {"type": "Point", "coordinates": [102.880439, 16.4284415]}}, {"type": "Feature", "properties": {"is_in:country": "Thailand", "is_in:country_code": "TH", "name": "\u0e1a\u0e49\u0e32\u0e19\u0e41\u0e2d\u0e27\u0e21\u0e2d\u0e07", "name:en": "Ban Aeo Mong", "name:th": "\u0e1a\u0e49\u0e32\u0e19\u0e41\u0e2d\u0e27\u0e21\u0e2d\u0e07", "place": "village", "source": "GPS; sign", "osm_id": 392522346, "osm_type": "node"}, "geometry": {"type": "Point", "coordinates": [102.890432, 16.434315]}}, {"type": "Feature", "properties": {"is_in:country": "Thailand", "is_in:country_code": "TH", "name": "\u0e1a\u0e49\u0e32\u0e19\u0e2a\u0e07\u0e40\u0e1b\u0e37\u0e2d\u0e22", "name:en": "Ban Song Pueai", "name:th": "\u0e1a\u0e49\u0e32\u0e19\u0e2a\u0e07\u0e40\u0e1b\u0e25\u0e37\u0e2d\u0e22", "place": "village", "source": "GPS; sign", "osm_id": 392524014, "osm_type": "node"}, "geometry": {"type": "Point", "coordinates": [102.902805, 16.4456552]}}, {"type": "Feature", "properties": {"admin_level": "7", "alt_name": "\u0e40\u0e02\u0e37\u0e48\u0e2d\u0e19\u0e2d\u0e38\u0e1a\u0e25\u0e23\u0e31\u0e15\u0e19\u0e4c", "alt_name:en": "Khuean Ubolratana", "capital": "6", "is_in:country": "Thailand", "is_in:country_code": "TH", "is_in:iso_3166_2": "TH-40", "is_in:state": "Khon Kaen", "is_in:state_code": "40", "name": "\u0e2d\u0e38\u0e1a\u0e25\u0e23\u0e31\u0e15\u0e19\u0e4c", "name:en": "Ubolratana", "official_name": "\u0e40\u0e17\u0e28\u0e1a\u0e32\u0e25\u0e15\u0e33\u0e1a\u0e25\u0e40\u0e02\u0e37\u0e48\u0e2d\u0e19\u0e2d\u0e38\u0e1a\u0e25\u0e23\u0e31\u0e15\u0e19\u0e4c", "place": "town", "osm_id": 398820620, "osm_type": "node"}, "geometry": {"type": "Point", "coordinates": [102.6347816, 16.7624092]}}, {"type": "Feature", "properties": {"admin_level": "10", "is_in:country": "Thailand", "is_in:country_code": "TH", "is_in:iso_3166_2": "TH-40", "is_in:state": "Khon Kaen", "is_in:state_code": "40", "name": "\u0e1a\u0e49\u0e32\u0e19\u0e19\u0e32\u0e04\u0e33", "name:en": "Ban Na Kham", "place": "village", "osm_id": 398843634, "osm_type": "node"}, "geometry": {"type": "Point", "coordinates": [102.6825768, 16.8602603]}}, {"type": "Feature", "properties": {"is_in:country": "Thailand", "is_in:country_code": "TH", "is_in:iso_3166_2": "TH-40", "is_in:state": "Khon Kaen", "is_in:state_code": "40", "name": "\u0e1a\u0e49\u0e32\u0e19\u0e2b\u0e19\u0e2d\u0e07\u0e44\u0e2b\u0e25", "name:en": "Ban Nong Lai", "place": "village", "source": "Bing; sign", "osm_id": 398843648, "osm_type": "node"}, "geometry": {"type": "Point", "coordinates": [102.6776822, 16.8806321]}}, {"type": "Feature", "properties": {"is_in:country": "Thailand", "is_in:country_code": "TH", "is_in:iso_3166_2": "TH-40", "is_in:state": "Khon Kaen", "is_in:state_code": "40", "name": "\u0e1a\u0e49\u0e32\u0e19\u0e28\u0e32\u0e25\u0e32\u0e17\u0e2d\u0e07", "name:en": "Ban Sala Thong", "place": "village", "source": "Bing; sign", "osm_id": 459832422, "osm_type": "node"}, "geometry": {"type": "Point", "coordinates": [102.4851407, 16.4814809]}}, {"type": "Feature", "properties": {"addr:country": "TH", "addr:district": "Mueang Khon Kaen", "addr:province": "Khon Kaen", "addr:subdistrict": "Sila", "amenity": "school", "name": "\u0e42\u0e23\u0e07\u0e40\u0e23\u0e35\u0e22\u0e19\u0e14\u0e2d\u0e19\u0e22\u0e32\u0e07", "name:en": "Don Yang School", "name:th": "\u0e42\u0e23\u0e07\u0e40\u0e23\u0e35\u0e22\u0e19\u0e14\u0e2d\u0e19\u0e22\u0e32\u0e07", "source": "GPS; sign", "osm_id": 475568856, "osm_type": "node"}, "geometry": {"type": "Point", "coordinates": [102.8676782, 16.4597509]}}, {"type": "Feature", "properties": {"addr:city": "Khon Kaen", "addr:country": "TH", "addr:district": "Muang", "addr:housenumber": "150/18", "addr:postcode": "40000", "addr:street": "Mittraphap Rd.", "amenity": "hospital", "contact:facebook": "http://www.facebook.com/rachapreuk", "contact:fax": "+66-43-238833", "contact:phone": "+66-43-333555..62", "contact:website": "http://www.rachapreukhospital.com", "emergency": "yes", "healthcare": "hospital", "name": "\u0e42\u0e23\u0e07\u0e1e\u0e22\u0e32\u0e1a\u0e32\u0e25\u0e23\u0e32\u0e0a\u0e1e\u0e24\u0e01\u0e29\u0e4c", "name:en": "Ratchapreuk Hospital", "name:th": "\u0e42\u0e23\u0e07\u0e1e\u0e22\u0e32\u0e1a\u0e32\u0e25\u0e23\u0e32\u0e0a\u0e1e\u0e24\u0e01\u0e29\u0e4c", "source": "GPS; sign", "osm_id": 477126720, "osm_type": "node"}, "geometry": {"type": "Point", "coordinates": [102.824182, 16.4353594]}}, {"type": "Feature", "properties": {"is_in:country": "Thailand", "is_in:country_code": "TH", "name": "\u0e1a\u0e49\u0e32\u0e19\u0e14\u0e2d\u0e19\u0e14\u0e39\u0e48", "name:en": "Ban Don Du", "name:th": "\u0e1a\u0e49\u0e32\u0e19\u0e14\u0e2d\u0e19\u0e14\u0e39\u0e48", "place": "village", "source": "GPS; sign", "osm_id": 478489864, "osm_type": "node"}, "geometry": {"type": "Point", "coordinates": [102.911425, 16.4415442]}}, {"type": "Feature", "properties": {"is_in:country": "Thailand", "is_in:country_code": "TH", "is_in:iso_3166_2": "TH-40", "is_in:state": "Khon Kaen", "is_in:state_code": "40", "name": "\u0e1a\u0e49\u0e32\u0e19\u0e2a\u0e30\u0e2d\u0e32\u0e14", "name:en": "Ban Sa-at", "place": "village", "source": "Bing; sign", "osm_id": 479989609, "osm_type": "node"}, "geometry": {"type": "Point", "coordinates": [102.7780017, 16.4000337]}}, {"type": "Feature", "properties": {"is_in:country": "Thailand", "is_in:country_code": "TH", "is_in:iso_3166_2": "TH-40", "is_in:state": "Khon Kaen", "is_in:state_code": "40", "name": "\u0e1a\u0e49\u0e32\u0e19\u0e01\u0e38\u0e14\u0e01\u0e27\u0e49\u0e32\u0e07", "name:en": "Ban Kut Kwang", "place": "village", "source": "Bing; sign", "osm_id": 479989612, "osm_type": "node"}, "geometry": {"type": "Point", "coordinates": [102.8067659, 16.373586]}}, {"type": "Feature", "properties": {"is_in:country": "Thailand", "is_in:country_code": "TH", "is_in:iso_3166_2": "TH-40", "is_in:state": "Khon Kaen", "is_in:state_code": "40", "name": "\u0e1a\u0e49\u0e32\u0e19\u0e17\u0e38\u0e48\u0e21", "name:en": "Ban Thum", "place": "village", "source": "Bing;sign", "wikidata": "Q19858114", "osm_id": 480764966, "osm_type": "node"}, "geometry": {"type": "Point", "coordinates": [102.7235092, 16.444666]}}, {"type": "Feature", "properties": {"is_in:country": "Thailand", "is_in:country_code": "TH", "is_in:iso_3166_2": "TH-40", "is_in:state": "Khon Kaen", "is_in:state_code": "40", "name": "\u0e1a\u0e49\u0e32\u0e19\u0e40\u0e2b\u0e25\u0e48\u0e32\u0e19\u0e32\u0e07\u0e32\u0e21", "name:en": "Ban Lao Na Ngam", "place": "village", "source": "Bing; sign", "osm_id": 482032453, "osm_type": "node"}, "geometry": {"type": "Point", "coordinates": [102.7056943, 16.3976368]}}, {"type": "Feature", "properties": {"is_in:country": "Thailand", "is_in:country_code": "TH", "is_in:iso_3166_2": "TH-40", "is_in:state": "Khon Kaen", "is_in:state_code": "40", "name": "\u0e1a\u0e49\u0e32\u0e19\u0e40\u0e2b\u0e25\u0e32\u0e42\u0e1e\u0e19\u0e17\u0e2d\u0e07", "name:en": "Ban Lao Phon Thong", "place": "village", "source": "Bing; sign", "osm_id": 482032459, "osm_type": "node"}, "geometry": {"type": "Point", "coordinates": [102.7340999, 16.3859971]}}, {"type": "Feature", "properties": {"capital_level": "8", "is_in:country": "Thailand", "is_in:country_code": "TH", "name": "\u0e1a\u0e49\u0e32\u0e19\u0e14\u0e2d\u0e19\u0e0a\u0e49\u0e32\u0e07", "name:en": "Ban Don Chang", "name:th": "\u0e1a\u0e49\u0e32\u0e19\u0e14\u0e2d\u0e19\u0e0a\u0e49\u0e32\u0e07", "place": "village", "source": "GPS; sign", "osm_id": 482032463, "osm_type": "node"}, "geometry": {"type": "Point", "coordinates": [102.7494394, 16.3749083]}}, {"type": "Feature", "properties": {"is_in:country": "Thailand", "is_in:country_code": "TH", "name": "\u0e1a\u0e49\u0e32\u0e19\u0e1b\u0e48\u0e32\u0e40\u0e2b\u0e25\u0e37\u0e2d\u0e21", "name:en": "Ban Pa Lueam", "name:th": "\u0e1a\u0e49\u0e32\u0e19\u0e1b\u0e48\u0e32\u0e40\u0e2b\u0e25\u0e37\u0e2d\u0e21", "place": "village", "source": "GPS; sign", "osm_id": 482032467, "osm_type": "node"}, "geometry": {"type": "Point", "coordinates": [102.7659091, 16.3709724]}}, {"type": "Feature", "properties": {"is_in:country": "Thailand", "is_in:country_code": "TH", "name": "\u0e1a\u0e49\u0e32\u0e19\u0e1b\u0e48\u0e32\u0e2a\u0e31\u0e07\u0e02\u0e4c", "name:en": "Ban Pa Sang", "name:th": "\u0e1a\u0e49\u0e32\u0e19\u0e1b\u0e48\u0e32\u0e2a\u0e31\u0e07\u0e02\u0e4c", "place": "village", "source": "GPS; sign", "osm_id": 482032471, "osm_type": "node"}, "geometry": {"type": "Point", "coordinates": [102.7729289, 16.3600351]}}, {"type": "Feature", "properties": {"is_in:country": "Thailand", "is_in:country_code": "TH", "name": "\u0e1a\u0e49\u0e32\u0e19\u0e2b\u0e19\u0e2d\u0e07\u0e2e\u0e35", "name:en": "Ban Nong Hi", "name:th": "\u0e1a\u0e49\u0e32\u0e19\u0e2b\u0e19\u0e2d\u0e07\u0e2e\u0e35", "place": "village", "source": "GPS; sign", "osm_id": 482032475, "osm_type": "node"}, "geometry": {"type": "Point", "coordinates": [102.769827, 16.3434168]}}, {"type": "Feature", "properties": {"is_in:country": "Thailand", "is_in:country_code": "TH", "name": "\u0e1a\u0e49\u0e32\u0e19\u0e2b\u0e19\u0e2d\u0e07\u0e42\u0e1e\u0e18\u0e34\u0e4c", "name:en": "Ban Nong Pho", "name:th": "\u0e1a\u0e49\u0e32\u0e19\u0e2b\u0e19\u0e2d\u0e07\u0e42\u0e1e\u0e18\u0e34\u0e4c", "place": "village", "source": "GPS; sign", "osm_id": 482032483, "osm_type": "node"}, "geometry": {"type": "Point", "coordinates": [102.7645327, 16.3299884]}}, {"type": "Feature", "properties": {"is_in:country": "Thailand", "is_in:country_code": "TH", "is_in:iso_3166_2": "TH-40", "is_in:state": "Khon Kaen", "is_in:state_code": "40", "name": "\u0e1a\u0e49\u0e32\u0e19\u0e2b\u0e19\u0e2d\u0e07\u0e1a\u0e31\u0e27\u0e14\u0e35\u0e2b\u0e21\u0e35", "name:en": "Ban Nong Bua Di-mi", "place": "village", "source": "Bing; sign", "osm_id": 482032487, "osm_type": "node"}, "geometry": {"type": "Point", "coordinates": [102.7958836, 16.3258879]}}, {"type": "Feature", "properties": {"is_in:country": "Thailand", "is_in:country_code": "TH", "name": "\u0e1a\u0e49\u0e32\u0e19\u0e40\u0e2b\u0e25\u0e48\u0e32\u0e40\u0e01\u0e27\u0e35\u0e22\u0e19\u0e2b\u0e31\u0e01", "name:en": "Ban Lao Kwian Hak", "name:th": "\u0e1a\u0e49\u0e32\u0e19\u0e40\u0e2b\u0e25\u0e48\u0e32\u0e40\u0e01\u0e27\u0e35\u0e22\u0e19\u0e2b\u0e31\u0e01", "place": "village", "source": "GPS; sign", "osm_id": 482032495, "osm_type": "node"}, "geometry": {"type": "Point", "coordinates": [102.7234323, 16.4198024]}}, {"type": "Feature", "properties": {"is_in:country": "Thailand", "is_in:country_code": "TH", "is_in:iso_3166_2": "TH-40", "is_in:state": "Khon Kaen", "is_in:state_code": "40", "name": "\u0e1a\u0e49\u0e32\u0e19\u0e42\u0e04\u0e01\u0e2a\u0e39\u0e07", "name:en": "Ban Khok Sung", "place": "village", "source": "Bing; sign", "osm_id": 482032499, "osm_type": "node"}, "geometry": {"type": "Point", "coordinates": [102.7261591, 16.4032291]}}, {"type": "Feature", "properties": {"addr:country": "TH", "addr:district": "Mueang Khon Kaen", "addr:province": "Khon Kaen", "addr:subdistrict": "Ban Don Chang", "amenity": "school", "name": "\u0e42\u0e23\u0e07\u0e40\u0e23\u0e35\u0e22\u0e19\u0e1a\u0e49\u0e32\u0e19\u0e1b\u0e48\u0e32\u0e2a\u0e31\u0e07\u0e02\u0e4c\u0e2b\u0e19\u0e2d\u0e07\u0e25\u0e35", "name:en": "Ban Pa Sang Nong Li School", "name:th": "\u0e42\u0e23\u0e07\u0e40\u0e23\u0e35\u0e22\u0e19\u0e1a\u0e49\u0e32\u0e19\u0e1b\u0e48\u0e32\u0e2a\u0e31\u0e07\u0e02\u0e4c\u0e2b\u0e19\u0e2d\u0e07\u0e25\u0e35", "source": "GPS; sign", "osm_id": 482032507, "osm_type": "node"}, "geometry": {"type": "Point", "coordinates": [102.771411, 16.352286]}}, {"type": "Feature", "properties": {"admin_level": "7", "is_in:country": "Thailand", "is_in:country_code": "TH", "is_in:iso_3166_2": "TH-40", "is_in:state": "Khon Kaen", "is_in:state_code": "40", "name": "\u0e17\u0e48\u0e32\u0e1e\u0e23\u0e30", "name:en": "Tha Phra", "official_name": "\u0e40\u0e17\u0e28\u0e1a\u0e32\u0e25\u0e15\u0e33\u0e1a\u0e25\u0e17\u0e48\u0e32\u0e1e\u0e23\u0e30", "place": "town", "osm_id": 482032510, "osm_type": "node"}, "geometry": {"type": "Point", "coordinates": [102.8013055, 16.3386837]}}, {"type": "Feature", "properties": {"admin_level": "7", "capital": "6", "name": "\u0e40\u0e0a\u0e35\u0e22\u0e07\u0e22\u0e37\u0e19", "name:en": "Chiang Yuen", "official_name": "\u0e40\u0e17\u0e28\u0e1a\u0e32\u0e25\u0e15\u0e33\u0e1a\u0e25\u0e40\u0e0a\u0e35\u0e22\u0e07\u0e22\u0e37\u0e19", "place": "town", "osm_id": 493290187, "osm_type": "node"}, "geometry": {"type": "Point", "coordinates": [103.0980553, 16.409836]}}, {"type": "Feature", "properties": {"admin_level": "7", "capital": "6", "is_in:country": "Thailand", "is_in:country_code": "TH", "is_in:iso_3166_2": "TH-40", "is_in:state": "Khon Kaen", "is_in:state_code": "40", "name": "\u0e2b\u0e19\u0e2d\u0e07\u0e40\u0e23\u0e37\u0e2d", "name:en": "Nong Ruea", "official_name": "\u0e40\u0e17\u0e28\u0e1a\u0e32\u0e25\u0e15\u0e33\u0e1a\u0e25\u0e2b\u0e19\u0e2d\u0e07\u0e40\u0e23\u0e37\u0e2d", "place": "town", "osm_id": 493900182, "osm_type": "node"}, "geometry": {"type": "Point", "coordinates": [102.4322648, 16.4974072]}}, {"type": "Feature", "properties": {"admin_level": "7", "capital": "6", "is_in:country": "Thailand", "is_in:country_code": "TH", "is_in:iso_3166_2": "TH-40", "is_in:state": "Khon Kaen", "is_in:state_code": "40", "name": "\u0e1a\u0e49\u0e32\u0e19\u0e1d\u0e32\u0e07", "name:en": "Ban Fang", "official_name": "\u0e40\u0e17\u0e28\u0e1a\u0e32\u0e25\u0e15\u0e33\u0e1a\u0e25\u0e1a\u0e49\u0e32\u0e19\u0e1d\u0e32\u0e07", "place": "town", "osm_id": 493900186, "osm_type": "node"}, "geometry": {"type": "Point", "coordinates": [102.6413609, 16.4528644]}}, {"type": "Feature", "properties": {"admin_level": "7", "capital": "6", "is_in:country": "Thailand", "is_in:country_code": "TH", "name": "\u0e0a\u0e19\u0e1a\u0e17", "name:en": "Chonnabot", "name:th": "\u0e0a\u0e19\u0e1a\u0e17", "official_name": "\u0e40\u0e17\u0e28\u0e1a\u0e32\u0e25\u0e15\u0e33\u0e1a\u0e25\u0e0a\u0e19\u0e1a\u0e17", "place": "town", "osm_id": 493900192, "osm_type": "node"}, "geometry": {"type": "Point", "coordinates": [102.6205096, 16.0902139]}}, {"type": "Feature", "properties": {"admin_level": "7", "capital": "6", "is_in:country": "Thailand", "is_in:country_code": "TH", "is_in:iso_3166_2": "TH-40", "is_in:state": "Khon Kaen", "is_in:state_code": "40", "name": "\u0e1a\u0e49\u0e32\u0e19\u0e44\u0e1c\u0e48", "name:en": "Ban Phai", "official_name": "\u0e40\u0e17\u0e28\u0e1a\u0e32\u0e25\u0e40\u0e21\u0e37\u0e2d\u0e07\u0e1a\u0e49\u0e32\u0e19\u0e44\u0e1c\u0e48", "place": "town", "source": "Bing;sign", "wikidata": "Q15264893", "osm_id": 493900194, "osm_type": "node"}, "geometry": {"type": "Point", "coordinates": [102.7279679, 16.0588988]}}, {"type": "Feature", "properties": {"is_in:country": "Thailand", "is_in:country_code": "TH", "is_in:iso_3166_2": "TH-44", "is_in:state": "Maha Sarakham", "is_in:state_code": "44", "name": "\u0e1a\u0e49\u0e32\u0e19\u0e14\u0e2d\u0e19\u0e08\u0e33\u0e1b\u0e32", "name:en": "Ban Don Champa", "place": "village", "source": "Bing; sign", "osm_id": 509288617, "osm_type": "node"}, "geometry": {"type": "Point", "coordinates": [102.9237633, 16.3505155]}}, {"type": "Feature", "properties": {"is_in:country": "Thailand", "is_in:country_code": "TH", "name": "\u0e1a\u0e49\u0e32\u0e19\u0e27\u0e31\u0e07\u0e2b\u0e34\u0e19", "name:en": "Ban Wang Hin", "name:th": "\u0e1a\u0e49\u0e32\u0e19\u0e27\u0e31\u0e07\u0e2b\u0e34\u0e19", "place": "village", "source": "GPS; sign", "osm_id": 512057147, "osm_type": "node"}, "geometry": {"type": "Point", "coordinates": [102.825838, 16.3544325]}}, {"type": "Feature", "properties": {"is_in:country": "Thailand", "is_in:country_code": "TH", "name": "\u0e1a\u0e49\u0e32\u0e19\u0e2a\u0e27\u0e19\u0e21\u0e2d\u0e19", "name:en": "Ban Suan Mon", "name:th": "\u0e1a\u0e49\u0e32\u0e19\u0e2a\u0e27\u0e19\u0e21\u0e2d\u0e19", "place": "village", "source": "GPS; sign", "osm_id": 512057156, "osm_type": "node"}, "geometry": {"type": "Point", "coordinates": [102.8326882, 16.3503306]}}, {"type": "Feature", "properties": {"is_in:country": "Thailand", "is_in:country_code": "TH", "name": "\u0e1a\u0e49\u0e32\u0e19\u0e2b\u0e19\u0e2d\u0e07\u0e42\u0e02\u0e48\u0e22", "name:en": "Ban Nong Khoi", "name:th": "\u0e1a\u0e49\u0e32\u0e19\u0e2b\u0e19\u0e2d\u0e07\u0e42\u0e02\u0e48\u0e22", "place": "village", "source": "GPS; sign", "osm_id": 512057159, "osm_type": "node"}, "geometry": {"type": "Point", "coordinates": [102.8415356, 16.3419859]}}, {"type": "Feature", "properties": {"is_in:country": "Thailand", "is_in:country_code": "TH", "is_in:iso_3166_2": "TH-40", "is_in:state": "Khon Kaen", "is_in:state_code": "40", "name": "\u0e1a\u0e49\u0e32\u0e19\u0e2b\u0e19\u0e2d\u0e07\u0e2b\u0e0d\u0e49\u0e32\u0e41\u0e1e\u0e23\u0e01", "name:en": "Ban Nong Ya Phraek", "place": "village", "source": "Bing; sign", "osm_id": 512057164, "osm_type": "node"}, "geometry": {"type": "Point", "coordinates": [102.8671873, 16.3237903]}}, {"type": "Feature", "properties": {"is_in:country": "Thailand", "is_in:country_code": "TH", "name": "\u0e1a\u0e49\u0e32\u0e19\u0e42\u0e19\u0e19\u0e40\u0e02\u0e27\u0e32", "name:en": "Ban Non Khe Wa", "name:th": "\u0e1a\u0e49\u0e32\u0e19\u0e42\u0e19\u0e19\u0e40\u0e02\u0e27\u0e32", "place": "village", "source": "GPS; sign", "osm_id": 512057167, "osm_type": "node"}, "geometry": {"type": "Point", "coordinates": [102.881716, 16.3482244]}}, {"type": "Feature", "properties": {"is_in:country": "Thailand", "is_in:country_code": "TH", "name": "\u0e1a\u0e49\u0e32\u0e19\u0e40\u0e2b\u0e25\u0e48\u0e32\u0e19\u0e01\u0e0a\u0e38\u0e21", "name:en": "Ban Lao Nok Chum", "name:th": "\u0e1a\u0e49\u0e32\u0e19\u0e40\u0e2b\u0e25\u0e48\u0e32\u0e19\u0e01\u0e0a\u0e38\u0e21", "place": "village", "source": "GPS; sign", "osm_id": 512057168, "osm_type": "node"}, "geometry": {"type": "Point", "coordinates": [102.882431, 16.3676965]}}, {"type": "Feature", "properties": {"is_in:country": "Thailand", "is_in:country_code": "TH", "is_in:iso_3166_2": "TH-40", "is_in:state": "Khon Kaen", "is_in:state_code": "40", "name": "\u0e1a\u0e49\u0e32\u0e19\u0e1c\u0e37\u0e2d", "name:en": "Ban Phue", "place": "village", "source": "Bing; sign", "osm_id": 512057174, "osm_type": "node"}, "geometry": {"type": "Point", "coordinates": [102.8791081, 16.3911743]}}, {"type": "Feature", "properties": {"name": "\u0e1a\u0e49\u0e32\u0e19\u0e2b\u0e19\u0e2d\u0e07\u0e41\u0e2a\u0e07\u0e42\u0e04\u0e01\u0e19\u0e49\u0e2d\u0e22", "name:en": "Ban Nong Saeng Khok Noi", "name:th": "\u0e1a\u0e49\u0e32\u0e19\u0e2b\u0e19\u0e2d\u0e07\u0e41\u0e2a\u0e07\u0e42\u0e04\u0e01\u0e19\u0e49\u0e2d\u0e22", "place": "village", "source": "Bing; sign", "osm_id": 512057181, "osm_type": "node"}, "geometry": {"type": "Point", "coordinates": [102.9008423, 16.4043537]}}, {"type": "Feature", "properties": {"is_in:country": "Thailand", "is_in:country_code": "TH", "is_in:iso_3166_2": "TH-40", "is_in:state": "Khon Kaen", "is_in:state_code": "40", "name": "\u0e1a\u0e49\u0e32\u0e19\u0e21\u0e34\u0e15\u0e23\u0e2d\u0e32\u0e23\u0e35\u0e22\u0e4c", "name:en": "Ban Mit A Ri", "place": "village", "source": "Bing; sign", "osm_id": 513231273, "osm_type": "node"}, "geometry": {"type": "Point", "coordinates": [102.8181408, 16.3803722]}}, {"type": "Feature", "properties": {"admin_level": "10", "is_in:country": "Thailand", "is_in:country_code": "TH", "name": "\u0e1a\u0e49\u0e32\u0e19\u0e40\u0e1b\u0e47\u0e14", "name:en": "Ban Pet", "name:th": "\u0e1a\u0e49\u0e32\u0e19\u0e40\u0e1b\u0e47\u0e14", "place": "village", "osm_id": 520863261, "osm_type": "node"}, "geometry": {"type": "Point", "coordinates": [102.7545142, 16.4343869]}}, {"type": "Feature", "properties": {"is_in:country": "Thailand", "is_in:country_code": "TH", "is_in:iso_3166_2": "TH-40", "is_in:state": "Khon Kaen", "is_in:state_code": "40", "name": "\u0e1a\u0e49\u0e32\u0e19\u0e21\u0e48\u0e27\u0e07", "name:en": "Ban Muang", "place": "village", "source": "Bing; sign", "osm_id": 520863266, "osm_type": "node"}, "geometry": {"type": "Point", "coordinates": [102.6989075, 16.4719817]}}, {"type": "Feature", "properties": {"is_in:country": "Thailand", "is_in:country_code": "TH", "is_in:iso_3166_2": "TH-40", "is_in:state": "Khon Kaen", "is_in:state_code": "40", "name": "\u0e1a\u0e49\u0e32\u0e19\u0e42\u0e04\u0e01\u0e25\u0e48\u0e32\u0e21", "name:en": "Ban Khok Lam", "place": "village", "source": "Bing; sign", "osm_id": 520863267, "osm_type": "node"}, "geometry": {"type": "Point", "coordinates": [102.6767217, 16.4928595]}}, {"type": "Feature", "properties": {"is_in:country": "Thailand", "is_in:country_code": "TH", "is_in:iso_3166_2": "TH-40", "is_in:state": "Khon Kaen", "is_in:state_code": "40", "name": "\u0e1a\u0e49\u0e32\u0e19\u0e2b\u0e19\u0e2d\u0e07\u0e15\u0e32\u0e44\u0e01\u0e49", "name:en": "Ban Nong Ta Kai", "place": "village", "source": "Bing; sign", "osm_id": 520863268, "osm_type": "node"}, "geometry": {"type": "Point", "coordinates": [102.6655308, 16.4940366]}}, {"type": "Feature", "properties": {"is_in:country": "Thailand", "is_in:country_code": "TH", "is_in:iso_3166_2": "TH-40", "is_in:state": "Khon Kaen", "is_in:state_code": "40", "name": "\u0e1a\u0e49\u0e32\u0e19\u0e21\u0e48\u0e27\u0e07\u0e42\u0e1b\u0e49", "name:en": "Ban Muang Po", "place": "village", "source": "Bing; sign", "osm_id": 520863269, "osm_type": "node"}, "geometry": {"type": "Point", "coordinates": [102.6588318, 16.5001188]}}, {"type": "Feature", "properties": {"is_in:country": "Thailand", "is_in:country_code": "TH", "is_in:iso_3166_2": "TH-40", "is_in:state": "Khon Kaen", "is_in:state_code": "40", "name": "\u0e1a\u0e49\u0e32\u0e19\u0e42\u0e19\u0e19\u0e01\u0e39", "name:en": "Ban Non Ku", "place": "village", "source": "Bing; sign", "osm_id": 520863270, "osm_type": "node"}, "geometry": {"type": "Point", "coordinates": [102.6646823, 16.5109486]}}, {"type": "Feature", "properties": {"is_in:country": "Thailand", "is_in:country_code": "TH", "is_in:iso_3166_2": "TH-40", "is_in:state": "Khon Kaen", "is_in:state_code": "40", "name": "\u0e1a\u0e49\u0e32\u0e19\u0e2a\u0e32\u0e27\u0e30\u0e16\u0e35", "name:en": "Ban Sawathi", "place": "village", "osm_id": 520863271, "osm_type": "node"}, "geometry": {"type": "Point", "coordinates": [102.6917708, 16.5110283]}}, {"type": "Feature", "properties": {"is_in:country": "Thailand", "is_in:country_code": "TH", "is_in:iso_3166_2": "TH-40", "is_in:state": "Khon Kaen", "is_in:state_code": "40", "name": "\u0e1a\u0e49\u0e32\u0e19\u0e42\u0e19\u0e19\u0e23\u0e31\u0e07", "name:en": "Ban Non Rang", "place": "village", "source": "Bing; sign", "osm_id": 520863272, "osm_type": "node"}, "geometry": {"type": "Point", "coordinates": [102.6858859, 16.5428825]}}, {"type": "Feature", "properties": {"is_in:country": "Thailand", "is_in:country_code": "TH", "is_in:iso_3166_2": "TH-40", "is_in:state": "Khon Kaen", "is_in:state_code": "40", "name": "\u0e1a\u0e49\u0e32\u0e19\u0e42\u0e19\u0e19\u0e15\u0e38\u0e48\u0e19", "name:en": "Ban Non Tun", "place": "village", "source": "Bing; sign", "osm_id": 520863273, "osm_type": "node"}, "geometry": {"type": "Point", "coordinates": [102.6908816, 16.5539072]}}, {"type": "Feature", "properties": {"is_in:country": "Thailand", "is_in:country_code": "TH", "is_in:iso_3166_2": "TH-40", "is_in:state": "Khon Kaen", "is_in:state_code": "40", "name": "\u0e1a\u0e49\u0e32\u0e19\u0e25\u0e32\u0e14\u0e19\u0e32\u0e40\u0e1e\u0e35\u0e22\u0e07", "name:en": "Ban Lat Na Phiang", "place": "village", "source": "Bing; sign", "osm_id": 520863274, "osm_type": "node"}, "geometry": {"type": "Point", "coordinates": [102.70039, 16.5741218]}}, {"type": "Feature", "properties": {"is_in:country": "Thailand", "is_in:country_code": "TH", "is_in:iso_3166_2": "TH-40", "is_in:state": "Khon Kaen", "is_in:state_code": "40", "name": "\u0e1a\u0e49\u0e32\u0e19\u0e2b\u0e34\u0e19\u0e25\u0e32\u0e14", "name:en": "Ban Hin Lat", "place": "village", "source": "Bing; sign", "osm_id": 520863275, "osm_type": "node"}, "geometry": {"type": "Point", "coordinates": [102.7257321, 16.5828265]}}, {"type": "Feature", "properties": {"is_in:country": "Thailand", "is_in:country_code": "TH", "is_in:iso_3166_2": "TH-40", "is_in:state": "Khon Kaen", "is_in:state_code": "40", "name": "\u0e1a\u0e49\u0e32\u0e19\u0e2b\u0e27\u0e31\u0e07\u0e15\u0e2d", "name:en": "Ban Wang To", "place": "village", "source": "Bing; sign", "osm_id": 520863276, "osm_type": "node"}, "geometry": {"type": "Point", "coordinates": [102.733131, 16.5780412]}}, {"type": "Feature", "properties": {"is_in:country": "Thailand", "is_in:country_code": "TH", "is_in:iso_3166_2": "TH-40", "is_in:state": "Khon Kaen", "is_in:state_code": "40", "name": "\u0e1a\u0e49\u0e32\u0e19\u0e2b\u0e19\u0e2d\u0e07\u0e1b\u0e2d", "name:en": "Ban Nong Po", "place": "village", "source": "Bing; sign", "osm_id": 520863277, "osm_type": "node"}, "geometry": {"type": "Point", "coordinates": [102.7592177, 16.5510836]}}, {"type": "Feature", "properties": {"is_in:country": "Thailand", "is_in:country_code": "TH", "is_in:iso_3166_2": "TH-40", "is_in:state": "Khon Kaen", "is_in:state_code": "40", "name": "\u0e1a\u0e49\u0e32\u0e19\u0e17\u0e48\u0e2d\u0e19\u0e19\u0e49\u0e2d\u0e22", "name:en": "Ban Thon Noi", "place": "village", "source": "Bing; sign", "osm_id": 520863278, "osm_type": "node"}, "geometry": {"type": "Point", "coordinates": [102.7635326, 16.5581488]}}, {"type": "Feature", "properties": {"capital_level": "8", "is_in:country": "Thailand", "is_in:country_code": "TH", "is_in:iso_3166_2": "TH-40", "is_in:state": "Khon Kaen", "is_in:state_code": "40", "name": "\u0e1a\u0e49\u0e32\u0e19\u0e04\u0e49\u0e2d", "name:en": "Ban Kho", "place": "village", "source": "Bing; sign", "osm_id": 520863280, "osm_type": "node"}, "geometry": {"type": "Point", "coordinates": [102.7674146, 16.5557441]}}, {"type": "Feature", "properties": {"name": "\u0e1a\u0e49\u0e32\u0e19\u0e42\u0e19\u0e19\u0e25\u0e32\u0e19", "name:en": "Ban Non Lan", "name:th": "\u0e1a\u0e49\u0e32\u0e19\u0e42\u0e19\u0e19\u0e25\u0e32\u0e19", "place": "village", "source": "Bing; sign", "osm_id": 520863283, "osm_type": "node"}, "geometry": {"type": "Point", "coordinates": [102.783223, 16.553996]}}, {"type": "Feature", "properties": {"name": "\u0e1a\u0e49\u0e32\u0e19\u0e42\u0e04\u0e01\u0e40\u0e1b\u0e35\u0e49\u0e22", "name:en": "Ban Khok Pia", "name:th": "\u0e1a\u0e49\u0e32\u0e19\u0e42\u0e04\u0e01\u0e40\u0e1b\u0e35\u0e49\u0e22", "place": "village", "source": "Bing; sign", "osm_id": 520863287, "osm_type": "node"}, "geometry": {"type": "Point", "coordinates": [102.7963955, 16.5288529]}}, {"type": "Feature", "properties": {"name": "\u0e1a\u0e49\u0e32\u0e19\u0e42\u0e04\u0e01\u0e2a\u0e35", "name:en": "Ban Khok Si", "name:th": "\u0e1a\u0e49\u0e32\u0e19\u0e42\u0e04\u0e01\u0e2a\u0e35", "place": "village", "source": "Bing; sign", "osm_id": 520863291, "osm_type": "node"}, "geometry": {"type": "Point", "coordinates": [102.794442, 16.5383546]}}, {"type": "Feature", "properties": {"name": "\u0e1a\u0e49\u0e32\u0e19\u0e42\u0e19\u0e19\u0e41\u0e15\u0e49", "name:en": "Ban Non Tae", "name:th": "\u0e1a\u0e49\u0e32\u0e19\u0e42\u0e19\u0e19\u0e41\u0e15\u0e49", "place": "village", "source": "Bing; sign", "osm_id": 520863298, "osm_type": "node"}, "geometry": {"type": "Point", "coordinates": [102.8125414, 16.5297908]}}, {"type": "Feature", "properties": {"is_in:country": "Thailand", "is_in:country_code": "TH", "is_in:iso_3166_2": "TH-40", "is_in:state": "Khon Kaen", "is_in:state_code": "40", "name": "\u0e1a\u0e49\u0e32\u0e19\u0e40\u0e1e\u0e35\u0e49\u0e22\u0e1f\u0e32\u0e19", "name:en": "Ban Phia Fan", "name:th": "\u0e1a\u0e49\u0e32\u0e19\u0e40\u0e1e\u0e35\u0e49\u0e22\u0e1f\u0e32\u0e19", "place": "village", "source": "Bing; sign", "osm_id": 520863301, "osm_type": "node"}, "geometry": {"type": "Point", "coordinates": [102.8333815, 16.5349349]}}, {"type": "Feature", "properties": {"is_in:country": "Thailand", "is_in:country_code": "TH", "name": "\u0e1a\u0e49\u0e32\u0e19\u0e42\u0e04\u0e01", "name:en": "Ban Khog", "name:th": "\u0e1a\u0e49\u0e32\u0e19\u0e42\u0e04\u0e01", "place": "village", "ref": "9; 12", "source": "GPS; sign", "osm_id": 522266213, "osm_type": "node"}, "geometry": {"type": "Point", "coordinates": [102.8535166, 16.5402223]}}, {"type": "Feature", "properties": {"is_in:country": "Thailand", "is_in:country_code": "TH", "name": "\u0e1a\u0e49\u0e32\u0e19\u0e2d\u0e31\u0e21\u0e1e\u0e27\u0e31\u0e19", "name:en": "Ban Amphawan", "name:th": "\u0e1a\u0e49\u0e32\u0e19\u0e2d\u0e31\u0e21\u0e1e\u0e27\u0e31\u0e19", "place": "village", "ref": "8", "source": "GPS; sign", "osm_id": 522266214, "osm_type": "node"}, "geometry": {"type": "Point", "coordinates": [102.862881, 16.5318089]}}, {"type": "Feature", "properties": {"is_in:country": "Thailand", "is_in:country_code": "TH", "name": "\u0e1a\u0e49\u0e32\u0e19\u0e27\u0e34\u0e2a\u0e32\u0e2b\u0e01\u0e34\u0e08\u0e0a\u0e38\u0e21\u0e0a\u0e19", "name:en": "Ban Wisahakit Chumchon", "name:th": "\u0e1a\u0e49\u0e32\u0e19\u0e27\u0e34\u0e2a\u0e32\u0e2b\u0e01\u0e34\u0e08\u0e0a\u0e38\u0e21\u0e0a\u0e19", "place": "village", "ref": "4", "source": "GPS; sign", "osm_id": 522266215, "osm_type": "node"}, "geometry": {"type": "Point", "coordinates": [102.890664, 16.531609]}}, {"type": "Feature", "properties": {"is_in:country": "Thailand", "is_in:country_code": "TH", "name": "\u0e1a\u0e49\u0e32\u0e19\u0e2b\u0e49\u0e27\u0e22\u0e0a\u0e31\u0e19", "name:en": "Ban Huai Chan", "name:th": "\u0e1a\u0e49\u0e32\u0e19\u0e2b\u0e49\u0e27\u0e22\u0e0a\u0e31\u0e19", "place": "village", "source": "GPS; sign", "osm_id": 522266216, "osm_type": "node"}, "geometry": {"type": "Point", "coordinates": [102.896132, 16.5165233]}}, {"type": "Feature", "properties": {"is_in:country": "Thailand", "is_in:country_code": "TH", "name": "\u0e1a\u0e49\u0e32\u0e19\u0e1a\u0e36\u0e07\u0e2d\u0e35\u0e40\u0e12\u0e48\u0e32", "name:en": "Ban Bueng I Thao", "name:th": "\u0e1a\u0e49\u0e32\u0e19\u0e1a\u0e36\u0e07\u0e2d\u0e35\u0e40\u0e12\u0e48\u0e32", "place": "village", "source": "GPS; sign", "osm_id": 522266217, "osm_type": "node"}, "geometry": {"type": "Point", "coordinates": [102.896616, 16.4999809]}}, {"type": "Feature", "properties": {"is_in:country": "Thailand", "is_in:country_code": "TH", "name": "\u0e1a\u0e49\u0e32\u0e19\u0e1e\u0e23\u0e2a\u0e27\u0e23\u0e23\u0e04\u0e4c", "name:en": "Ban Phonsawan", "name:th": "\u0e1a\u0e49\u0e32\u0e19\u0e1e\u0e23\u0e2a\u0e27\u0e23\u0e23\u0e04\u0e4c", "place": "village", "source": "GPS; sign", "osm_id": 611557885, "osm_type": "node"}, "geometry": {"type": "Point", "coordinates": [102.765147, 16.4085414]}}, {"type": "Feature", "properties": {"capital_level": "8", "is_in:country": "Thailand", "is_in:country_code": "TH", "name": "\u0e1a\u0e49\u0e32\u0e19\u0e41\u0e14\u0e07\u0e43\u0e2b\u0e0d\u0e48", "name:en": "Ban Daeng Yai", "name:th": "\u0e1a\u0e49\u0e32\u0e19\u0e41\u0e14\u0e07\u0e43\u0e2b\u0e0d\u0e48", "place": "village", "source": "GPS; sign", "osm_id": 612977457, "osm_type": "node"}, "geometry": {"type": "Point", "coordinates": [102.7297257, 16.4750442]}}, {"type": "Feature", "properties": {"is_in:country": "Thailand", "is_in:country_code": "TH", "name": "\u0e1a\u0e49\u0e32\u0e19\u0e2b\u0e19\u0e2d\u0e07\u0e01\u0e2d\u0e22", "name:en": "Ban Nong Koi", "name:th": "\u0e1a\u0e49\u0e32\u0e19\u0e2b\u0e19\u0e2d\u0e07\u0e01\u0e2d\u0e22", "place": "village", "source": "GPS; sign", "osm_id": 612977471, "osm_type": "node"}, "geometry": {"type": "Point", "coordinates": [102.7352842, 16.4996915]}}, {"type": "Feature", "properties": {"is_in:country": "Thailand", "is_in:country_code": "TH", "is_in:iso_3166_2": "TH-40", "is_in:state": "Khon Kaen", "is_in:state_code": "40", "name": "\u0e1a\u0e49\u0e32\u0e19\u0e42\u0e19\u0e19\u0e40\u0e23\u0e37\u0e2d\u0e07", "name:en": "Ban Non Rueang", "place": "village", "source": "GPS; sign", "osm_id": 612977593, "osm_type": "node"}, "geometry": {"type": "Point", "coordinates": [102.7700611, 16.5356821]}}, {"type": "Feature", "properties": {"name": "\u0e1a\u0e49\u0e32\u0e19\u0e15\u0e2d\u0e01\u0e41\u0e1b\u0e49\u0e19", "name:en": "Ban Tok Paen", "name:th": "\u0e1a\u0e49\u0e32\u0e19\u0e15\u0e2d\u0e01\u0e41\u0e1b\u0e49\u0e19", "place": "village", "source": "Bing; sign", "osm_id": 612977653, "osm_type": "node"}, "geometry": {"type": "Point", "coordinates": [102.810059, 16.5407343]}}, {"type": "Feature", "properties": {"name": "\u0e1a\u0e49\u0e32\u0e19\u0e42\u0e19\u0e19\u0e2a\u0e27\u0e48\u0e32\u0e07", "name:en": "Ban Non Sawang", "name:th": "\u0e1a\u0e49\u0e32\u0e19\u0e42\u0e19\u0e19\u0e2a\u0e27\u0e48\u0e32\u0e07", "place": "village", "source": "Bing; sign", "osm_id": 612977687, "osm_type": "node"}, "geometry": {"type": "Point", "coordinates": [102.8172035, 16.5436291]}}, {"type": "Feature", "properties": {"is_in:country": "Thailand", "is_in:country_code": "TH", "is_in:iso_3166_2": "TH-40", "is_in:state": "Khon Kaen", "is_in:state_code": "40", "name": "\u0e1a\u0e49\u0e32\u0e19\u0e2b\u0e19\u0e2d\u0e07\u0e19\u0e49\u0e33\u0e40\u0e01\u0e25\u0e35\u0e49\u0e22\u0e07", "name:en": "Ban Nong Nam Kliang", "name:th": "\u0e1a\u0e49\u0e32\u0e19\u0e2b\u0e19\u0e2d\u0e07\u0e19\u0e49\u0e33\u0e40\u0e01\u0e25\u0e35\u0e49\u0e22\u0e07 CAT", "place": "village", "source": "Bing; sign", "osm_id": 612977791, "osm_type": "node"}, "geometry": {"type": "Point", "coordinates": [102.8202416, 16.5557674]}}, {"type": "Feature", "properties": {"name": "\u0e1a\u0e49\u0e32\u0e19\u0e04\u0e33\u0e1a\u0e2d\u0e19", "name:en": "Ban Kham Bon", "name:th": "\u0e1a\u0e49\u0e32\u0e19\u0e04\u0e33\u0e1a\u0e2d\u0e19", "place": "village", "source": "Bing; sign", "osm_id": 612977852, "osm_type": "node"}, "geometry": {"type": "Point", "coordinates": [102.8147008, 16.5892989]}}, {"type": "Feature", "properties": {"is_in:country": "Thailand", "is_in:country_code": "TH", "is_in:iso_3166_2": "TH-40", "is_in:state": "Khon Kaen", "is_in:state_code": "40", "name": "\u0e1a\u0e49\u0e32\u0e19\u0e21\u0e31\u0e48\u0e19\u0e04\u0e07", "name:en": "Ban Mankhong", "place": "village", "source": "Bing; sign", "osm_id": 615104124, "osm_type": "node"}, "geometry": {"type": "Point", "coordinates": [102.645202, 16.4569133]}}, {"type": "Feature", "properties": {"is_in:country": "Thailand", "is_in:country_code": "TH", "is_in:iso_3166_2": "TH-40", "is_in:state": "Khon Kaen", "is_in:state_code": "40", "name": "\u0e1a\u0e49\u0e32\u0e19\u0e2b\u0e19\u0e2d\u0e07\u0e01\u0e38\u0e07", "name:en": "Ban Nong Kung", "place": "village", "source": "Bing; sign", "osm_id": 615104357, "osm_type": "node"}, "geometry": {"type": "Point", "coordinates": [102.6716441, 16.4648487]}}, {"type": "Feature", "properties": {"is_in:country": "Thailand", "is_in:country_code": "TH", "is_in:iso_3166_2": "TH-40", "is_in:state": "Khon Kaen", "is_in:state_code": "40", "name": "\u0e1a\u0e49\u0e32\u0e19\u0e01\u0e38\u0e14\u0e19\u0e32\u0e07\u0e17\u0e38\u0e22", "name:en": "Ban Kut Nang Thui", "place": "village", "source": "Bing; sign", "osm_id": 615104382, "osm_type": "node"}, "geometry": {"type": "Point", "coordinates": [102.6834402, 16.4628599]}}, {"type": "Feature", "properties": {"is_in:country": "Thailand", "is_in:country_code": "TH", "is_in:iso_3166_2": "TH-40", "is_in:state": "Khon Kaen", "is_in:state_code": "40", "name": "\u0e1a\u0e49\u0e32\u0e19\u0e07\u0e34\u0e49\u0e27", "name:en": "Ban Ngio", "place": "village", "source": "Bing; sign", "osm_id": 615104452, "osm_type": "node"}, "geometry": {"type": "Point", "coordinates": [102.713787, 16.5133615]}}, {"type": "Feature", "properties": {"is_in:country": "Thailand", "is_in:country_code": "TH", "name": "\u0e1a\u0e49\u0e32\u0e19\u0e1b\u0e48\u0e32\u0e0a\u0e32\u0e14", "name:en": "Ban Pa Chat", "name:th": "\u0e1a\u0e49\u0e32\u0e19\u0e1b\u0e48\u0e32\u0e0a\u0e32\u0e14", "place": "village", "ref": "5", "source": "GPS; sign", "osm_id": 615104481, "osm_type": "node"}, "geometry": {"type": "Point", "coordinates": [102.744707, 16.4746314]}}, {"type": "Feature", "properties": {"is_in:country": "Thailand", "is_in:country_code": "TH", "name": "\u0e1a\u0e49\u0e32\u0e19\u0e2b\u0e19\u0e2d\u0e07\u0e2b\u0e25\u0e38\u0e1a", "name:en": "Ban Nong Lup", "name:th": "\u0e1a\u0e49\u0e32\u0e19\u0e2b\u0e19\u0e2d\u0e07\u0e2b\u0e25\u0e38\u0e1a", "place": "village", "source": "GPS; sign", "osm_id": 615104500, "osm_type": "node"}, "geometry": {"type": "Point", "coordinates": [102.756059, 16.4731006]}}, {"type": "Feature", "properties": {"is_in:country": "Thailand", "is_in:country_code": "TH", "name": "\u0e1a\u0e49\u0e32\u0e19\u0e42\u0e19\u0e19\u0e2a\u0e27\u0e23\u0e23\u0e04\u0e4c", "name:en": "Ban Non Sawan", "name:th": "\u0e1a\u0e49\u0e32\u0e19\u0e42\u0e19\u0e19\u0e2a\u0e27\u0e23\u0e23\u0e04\u0e4c", "place": "village", "source": "GPS; sign", "osm_id": 615104519, "osm_type": "node"}, "geometry": {"type": "Point", "coordinates": [102.755645, 16.4821086]}}, {"type": "Feature", "properties": {"is_in:country": "Thailand", "is_in:country_code": "TH", "is_in:iso_3166_2": "TH-40", "is_in:state": "Khon Kaen", "is_in:state_code": "40", "name": "\u0e1a\u0e49\u0e32\u0e19\u0e41\u0e14\u0e07", "name:en": "Ban Daeng", "place": "village", "source": "Bing; sign", "osm_id": 616566459, "osm_type": "node"}, "geometry": {"type": "Point", "coordinates": [102.6398665, 16.3800477]}}, {"type": "Feature", "properties": {"is_in:country": "Thailand", "is_in:country_code": "TH", "is_in:iso_3166_2": "TH-40", "is_in:state": "Khon Kaen", "is_in:state_code": "40", "name": "\u0e1a\u0e49\u0e32\u0e19\u0e40\u0e02\u0e37\u0e48\u0e2d\u0e19", "name:en": "Ban Khuean", "place": "village", "source": "Bing; sign", "osm_id": 616566460, "osm_type": "node"}, "geometry": {"type": "Point", "coordinates": [102.6434974, 16.396803]}}, {"type": "Feature", "properties": {"is_in:country": "Thailand", "is_in:country_code": "TH", "is_in:iso_3166_2": "TH-40", "is_in:state": "Khon Kaen", "is_in:state_code": "40", "name": "\u0e1a\u0e49\u0e32\u0e19\u0e01\u0e23\u0e30\u0e1e\u0e35\u0e49", "name:en": "Ban Kraphi", "place": "village", "source": "Bing; sign", "osm_id": 616566461, "osm_type": "node"}, "geometry": {"type": "Point", "coordinates": [102.6380808, 16.4023638]}}, {"type": "Feature", "properties": {"is_in:country": "Thailand", "is_in:country_code": "TH", "is_in:iso_3166_2": "TH-40", "is_in:state": "Khon Kaen", "is_in:state_code": "40", "name": "\u0e1a\u0e49\u0e32\u0e19\u0e2b\u0e31\u0e27\u0e1a\u0e36\u0e07", "name:en": "Ban Hua Bueng", "place": "village", "source": "Bing; sign", "osm_id": 616566462, "osm_type": "node"}, "geometry": {"type": "Point", "coordinates": [102.6388187, 16.4446594]}}, {"type": "Feature", "properties": {"is_in:country": "Thailand", "is_in:country_code": "TH", "is_in:iso_3166_2": "TH-40", "is_in:state": "Khon Kaen", "is_in:state_code": "40", "name": "\u0e1a\u0e49\u0e32\u0e19\u0e42\u0e04\u0e01\u0e43\u0e2b\u0e0d\u0e48", "name:en": "Ban Khok Yai", "place": "village", "source": "Bing; sign", "osm_id": 616566464, "osm_type": "node"}, "geometry": {"type": "Point", "coordinates": [102.6407019, 16.472028]}}, {"type": "Feature", "properties": {"is_in:country": "Thailand", "is_in:country_code": "TH", "name": "\u0e1a\u0e49\u0e32\u0e19\u0e41\u0e01\u0e48\u0e19\u0e40\u0e17\u0e48\u0e32", "name:en": "Ban Kaen Thao", "name:th": "\u0e1a\u0e49\u0e32\u0e19\u0e41\u0e01\u0e48\u0e19\u0e40\u0e17\u0e48\u0e32", "place": "village", "ref": "7", "source": "GPS; sign", "osm_id": 616566465, "osm_type": "node"}, "geometry": {"type": "Point", "coordinates": [102.631884, 16.5118082]}}, {"type": "Feature", "properties": {"is_in:country": "Thailand", "is_in:country_code": "TH", "name": "\u0e1a\u0e49\u0e32\u0e19\u0e42\u0e04\u0e01\u0e01\u0e27\u0e49\u0e32\u0e07", "name:en": "Ban Khok Kwang", "name:th": "\u0e1a\u0e49\u0e32\u0e19\u0e42\u0e04\u0e01\u0e01\u0e27\u0e49\u0e32\u0e07", "place": "village", "ref": "1; 10", "source": "GPS; sign", "osm_id": 616566466, "osm_type": "node"}, "geometry": {"type": "Point", "coordinates": [102.629761, 16.5325253]}}, {"type": "Feature", "properties": {"is_in:country": "Thailand", "is_in:country_code": "TH", "is_in:iso_3166_2": "TH-40", "is_in:state": "Khon Kaen", "is_in:state_code": "40", "name": "\u0e1a\u0e49\u0e32\u0e19\u0e42\u0e19\u0e19\u0e04\u0e49\u0e2d", "name:en": "Ban Non Kho", "place": "village", "source": "Bing; sign", "osm_id": 616566467, "osm_type": "node"}, "geometry": {"type": "Point", "coordinates": [102.621307, 16.5470482]}}, {"type": "Feature", "properties": {"is_in:country": "Thailand", "is_in:country_code": "TH", "is_in:iso_3166_2": "TH-40", "is_in:state": "Khon Kaen", "is_in:state_code": "40", "name": "\u0e1a\u0e49\u0e32\u0e19\u0e2b\u0e19\u0e2d\u0e07\u0e1a\u0e31\u0e27", "name:en": "Ban Nong Bua", "place": "village", "source": "Bing; sign", "osm_id": 616566468, "osm_type": "node"}, "geometry": {"type": "Point", "coordinates": [102.6611157, 16.3844343]}}, {"type": "Feature", "properties": {"is_in:country": "Thailand", "is_in:country_code": "TH", "is_in:iso_3166_2": "TH-40", "is_in:state": "Khon Kaen", "is_in:state_code": "40", "name": "\u0e1a\u0e49\u0e32\u0e19\u0e1a\u0e36\u0e07\u0e2a\u0e27\u0e32\u0e07", "name:en": "Ban Bueng Sawang", "place": "village", "source": "Bing; sign", "osm_id": 616566469, "osm_type": "node"}, "geometry": {"type": "Point", "coordinates": [102.668523, 16.3816043]}}, {"type": "Feature", "properties": {"is_in:country": "Thailand", "is_in:country_code": "TH", "is_in:iso_3166_2": "TH-40", "is_in:state": "Khon Kaen", "is_in:state_code": "40", "name": "\u0e1a\u0e49\u0e32\u0e19\u0e04\u0e49\u0e2d", "name:en": "Ban Kho", "place": "village", "source": "Bing; sign", "osm_id": 616566470, "osm_type": "node"}, "geometry": {"type": "Point", "coordinates": [102.6791422, 16.4077204]}}, {"type": "Feature", "properties": {"is_in:country": "Thailand", "is_in:country_code": "TH", "is_in:iso_3166_2": "TH-40", "is_in:state": "Khon Kaen", "is_in:state_code": "40", "name": "\u0e1a\u0e49\u0e32\u0e19\u0e41\u0e14\u0e07\u0e19\u0e49\u0e2d\u0e22", "name:en": "Ban Daeng Noi", "place": "village", "source": "Bing; sign", "osm_id": 616566471, "osm_type": "node"}, "geometry": {"type": "Point", "coordinates": [102.6869972, 16.4350786]}}, {"type": "Feature", "properties": {"is_in:country": "Thailand", "is_in:country_code": "TH", "is_in:iso_3166_2": "TH-40", "is_in:state": "Khon Kaen", "is_in:state_code": "40", "name": "\u0e1a\u0e49\u0e32\u0e19\u0e42\u0e04\u0e01\u0e07\u0e32\u0e21", "name:en": "Ban Khok Ngam", "place": "village", "osm_id": 616675255, "osm_type": "node"}, "geometry": {"type": "Point", "coordinates": [102.6126658, 16.5609415]}}, {"type": "Feature", "properties": {"is_in:country": "Thailand", "is_in:country_code": "TH", "is_in:iso_3166_2": "TH-40", "is_in:state": "Khon Kaen", "is_in:state_code": "40", "name": "\u0e1a\u0e49\u0e32\u0e19\u0e1b\u0e48\u0e32\u0e2b\u0e27\u0e32\u0e22\u0e19\u0e31\u0e48\u0e07", "name:en": "Ban Pa Wai Nang", "place": "village", "source": "Bing; sign", "osm_id": 616675256, "osm_type": "node"}, "geometry": {"type": "Point", "coordinates": [102.6364423, 16.5719791]}}, {"type": "Feature", "properties": {"is_in:country": "Thailand", "is_in:country_code": "TH", "is_in:iso_3166_2": "TH-40", "is_in:state": "Khon Kaen", "is_in:state_code": "40", "name": "\u0e1a\u0e49\u0e32\u0e19\u0e2b\u0e19\u0e2d\u0e07\u0e40\u0e0b\u0e35\u0e22\u0e07\u0e0b\u0e38\u0e22", "name:en": "Ban Nong Siang Sui", "place": "village", "source": "Bing; sign", "osm_id": 616675257, "osm_type": "node"}, "geometry": {"type": "Point", "coordinates": [102.6595164, 16.6038677]}}, {"type": "Feature", "properties": {"is_in:country": "Thailand", "is_in:country_code": "TH", "is_in:iso_3166_2": "TH-40", "is_in:state": "Khon Kaen", "is_in:state_code": "40", "name": "\u0e1a\u0e49\u0e32\u0e19\u0e42\u0e2a\u0e01\u0e41\u0e15\u0e49", "name:en": "Ban Sok Tae", "place": "village", "source": "Bing; sign", "osm_id": 616675258, "osm_type": "node"}, "geometry": {"type": "Point", "coordinates": [102.6798897, 16.6424789]}}, {"type": "Feature", "properties": {"is_in:country": "Thailand", "is_in:country_code": "TH", "is_in:iso_3166_2": "TH-40", "is_in:state": "Khon Kaen", "is_in:state_code": "40", "name": "\u0e1a\u0e49\u0e32\u0e19\u0e2b\u0e49\u0e27\u0e22\u0e17\u0e23\u0e32\u0e22", "name:en": "Ban Huai Sai", "place": "village", "source": "Bing; sign", "osm_id": 622378514, "osm_type": "node"}, "geometry": {"type": "Point", "coordinates": [102.6299087, 16.7756788]}}, {"type": "Feature", "properties": {"is_in:country": "Thailand", "is_in:country_code": "TH", "is_in:iso_3166_2": "TH-39", "is_in:state": "Nong Bua Lam Phu", "is_in:state_code": "39", "name": "\u0e1a\u0e49\u0e32\u0e19\u0e17\u0e48\u0e32\u0e28\u0e34\u0e25\u0e32", "name:en": "Ban Tha Sila", "place": "village", "source": "Bing; sign", "osm_id": 622378519, "osm_type": "node"}, "geometry": {"type": "Point", "coordinates": [102.6136755, 16.830186]}}, {"type": "Feature", "properties": {"name": "\u0e1a\u0e49\u0e32\u0e19\u0e2a\u0e23\u0e30\u0e01\u0e38\u0e14", "name:en": "Ban Sa Kut", "name:th": "\u0e1a\u0e49\u0e32\u0e19\u0e2a\u0e23\u0e30\u0e01\u0e38\u0e14", "place": "village", "source": "GPS; sign", "osm_id": 622378520, "osm_type": "node"}, "geometry": {"type": "Point", "coordinates": [102.753399, 16.6429134]}}, {"type": "Feature", "properties": {"admin_level": "10", "name": "\u0e1a\u0e49\u0e32\u0e19\u0e21\u0e48\u0e27\u0e07\u0e2b\u0e27\u0e32\u0e19", "name:en": "Ban Muang Wan", "name:th": "\u0e1a\u0e49\u0e32\u0e19\u0e21\u0e48\u0e27\u0e07\u0e2b\u0e27\u0e32\u0e19", "place": "village", "osm_id": 622378521, "osm_type": "node"}, "geometry": {"type": "Point", "coordinates": [102.7697256, 16.6325511]}}, {"type": "Feature", "properties": {"is_in:country": "Thailand", "is_in:country_code": "TH", "is_in:iso_3166_2": "TH-40", "is_in:state": "Khon Kaen", "is_in:state_code": "40", "name": "\u0e1a\u0e49\u0e32\u0e19\u0e04\u0e33\u0e43\u0e2b\u0e0d\u0e48", "name:en": "Ban Kham Yai", "place": "village", "source": "Bing; sign", "osm_id": 622378522, "osm_type": "node"}, "geometry": {"type": "Point", "coordinates": [102.7629568, 16.6718979]}}, {"type": "Feature", "properties": {"is_in:country": "Thailand", "is_in:country_code": "TH", "is_in:iso_3166_2": "TH-39", "is_in:state": "Nong Bua Lam Phu", "is_in:state_code": "39", "name": "\u0e1a\u0e49\u0e32\u0e19\u0e04\u0e49\u0e2d", "name:en": "Ban Kho", "place": "village", "osm_id": 622757169, "osm_type": "node"}, "geometry": {"type": "Point", "coordinates": [102.6039607, 16.8872522]}}, {"type": "Feature", "properties": {"name": "\u0e1a\u0e49\u0e32\u0e19\u0e2b\u0e21\u0e32\u0e01\u0e2b\u0e0d\u0e49\u0e32", "name:en": "Ban Mak Ya", "name:th": "\u0e1a\u0e49\u0e32\u0e19\u0e2b\u0e21\u0e32\u0e01\u0e2b\u0e0d\u0e49\u0e32", "place": "village", "source": "Bing; sign", "osm_id": 634093160, "osm_type": "node"}, "geometry": {"type": "Point", "coordinates": [103.0982314, 16.4245131]}}, {"type": "Feature", "properties": {"is_in:country": "Thailand", "is_in:country_code": "TH", "name": "\u0e1a\u0e49\u0e32\u0e19\u0e2b\u0e19\u0e2d\u0e07\u0e28\u0e34\u0e23\u0e34\u0e23\u0e32\u0e29\u0e0e\u0e23\u0e4c", "name:en": "Ban Nong Siri Rat", "name:th": "\u0e1a\u0e49\u0e32\u0e19\u0e2b\u0e19\u0e2d\u0e07\u0e28\u0e34\u0e23\u0e34\u0e23\u0e32\u0e29\u0e0e\u0e23\u0e4c", "place": "village", "source": "GPS; sign", "osm_id": 634093161, "osm_type": "node"}, "geometry": {"type": "Point", "coordinates": [103.1033438, 16.4315153]}}, {"type": "Feature", "properties": {"is_in:country": "Thailand", "is_in:country_code": "TH", "name": "\u0e1a\u0e49\u0e32\u0e19\u0e42\u0e19\u0e19\u0e07\u0e35\u0e49\u0e27", "name:en": "Ban Non Ngew", "name:th": "\u0e1a\u0e49\u0e32\u0e19\u0e42\u0e19\u0e19\u0e07\u0e35\u0e49\u0e27", "place": "village", "source": "GPS; sign", "osm_id": 634093163, "osm_type": "node"}, "geometry": {"type": "Point", "coordinates": [103.119503, 16.4478166]}}, {"type": "Feature", "properties": {"is_in:country": "Thailand", "is_in:country_code": "TH", "name": "\u0e1a\u0e49\u0e32\u0e19\u0e01\u0e23\u0e30\u0e1a\u0e32\u0e01", "name:en": "Ban Kra Bak", "name:th": "\u0e1a\u0e49\u0e32\u0e19\u0e01\u0e23\u0e30\u0e1a\u0e32\u0e01", "place": "village", "source": "GPS; sign", "osm_id": 634093178, "osm_type": "node"}, "geometry": {"type": "Point", "coordinates": [103.1618596, 16.4755329]}}, {"type": "Feature", "properties": {"is_in:country": "Thailand", "is_in:country_code": "TH", "name": "\u0e1a\u0e49\u0e32\u0e19\u0e2b\u0e19\u0e2d\u0e07\u0e1c\u0e31\u0e01\u0e41\u0e27\u0e48\u0e19", "name:en": "Ban Nong Pak Wan", "name:th": "\u0e1a\u0e49\u0e32\u0e19\u0e2b\u0e19\u0e2d\u0e07\u0e1c\u0e31\u0e01\u0e41\u0e27\u0e48\u0e19", "place": "village", "source": "GPS; sign", "osm_id": 634093193, "osm_type": "node"}, "geometry": {"type": "Point", "coordinates": [103.1529232, 16.5020026]}}, {"type": "Feature", "properties": {"is_in:country": "Thailand", "is_in:country_code": "TH", "name": "\u0e1a\u0e49\u0e32\u0e19\u0e2b\u0e19\u0e2d\u0e07\u0e2b\u0e27\u0e49\u0e32", "name:en": "Ban Nong Wa", "name:th": "\u0e1a\u0e49\u0e32\u0e19\u0e2b\u0e19\u0e2d\u0e07\u0e2b\u0e27\u0e49\u0e32", "place": "village", "source": "GPS; sign", "osm_id": 634093210, "osm_type": "node"}, "geometry": {"type": "Point", "coordinates": [103.176119, 16.5546026]}}, {"type": "Feature", "properties": {"building": "house", "capital_level": "8", "is_in:country": "Thailand", "is_in:country_code": "TH", "name": "\u0e1a\u0e49\u0e32\u0e19\u0e01\u0e38\u0e14\u0e1b\u0e25\u0e32\u0e14\u0e38\u0e01", "name:en": "Ban Kut Pladuk", "name:th": "\u0e1a\u0e49\u0e32\u0e19\u0e01\u0e38\u0e14\u0e1b\u0e25\u0e32\u0e14\u0e38\u0e01", "place": "village", "source": "GPS; sign", "osm_id": 634093234, "osm_type": "node"}, "geometry": {"type": "Point", "coordinates": [103.139409, 16.5794341]}}, {"type": "Feature", "properties": {"is_in:country": "Thailand", "is_in:country_code": "TH", "name": "\u0e1a\u0e49\u0e32\u0e19\u0e2b\u0e19\u0e2d\u0e07\u0e19\u0e32\u0e44\u0e23\u0e48\u0e40\u0e14\u0e35\u0e22\u0e27", "name:en": "Ban Nong Na Rai Diaw", "name:th": "\u0e1a\u0e49\u0e32\u0e19\u0e2b\u0e19\u0e2d\u0e07\u0e19\u0e32\u0e44\u0e23\u0e48\u0e40\u0e14\u0e35\u0e22\u0e27", "place": "village", "source": "GPS; sign", "osm_id": 634093251, "osm_type": "node"}, "geometry": {"type": "Point", "coordinates": [103.157516, 16.6218223]}}, {"type": "Feature", "properties": {"is_in:country": "Thailand", "is_in:country_code": "TH", "name": "\u0e1a\u0e49\u0e32\u0e19\u0e42\u0e19\u0e19\u0e17\u0e31\u0e19", "name:en": "Ban Non Tan", "name:th": "\u0e1a\u0e49\u0e32\u0e19\u0e42\u0e19\u0e19\u0e17\u0e31\u0e19", "place": "village", "source": "GPS; sign", "osm_id": 634093261, "osm_type": "node"}, "geometry": {"type": "Point", "coordinates": [103.181497, 16.6322145]}}, {"type": "Feature", "properties": {"is_in:country": "Thailand", "is_in:country_code": "TH", "name": "\u0e1a\u0e49\u0e32\u0e19\u0e42\u0e04\u0e01\u0e1b\u0e48\u0e32\u0e01\u0e38\u0e07", "name:en": "Ban Khok Pa Khung", "name:th": "\u0e1a\u0e49\u0e32\u0e19\u0e42\u0e04\u0e01\u0e1b\u0e48\u0e32\u0e01\u0e38\u0e07", "place": "village", "source": "GPS; sign", "osm_id": 634093266, "osm_type": "node"}, "geometry": {"type": "Point", "coordinates": [103.18485, 16.6478911]}}, {"type": "Feature", "properties": {"alt_name": "Ban Huay Yang", "is_in:country": "Thailand", "is_in:country_code": "TH", "name": "\u0e1a\u0e49\u0e32\u0e19\u0e2b\u0e49\u0e27\u0e22\u0e22\u0e32\u0e07", "name:en": "Ban Huai Yang", "name:th": "\u0e1a\u0e49\u0e32\u0e19\u0e2b\u0e49\u0e27\u0e22\u0e22\u0e32\u0e07", "place": "village", "source": "GPS; sign", "osm_id": 634093297, "osm_type": "node"}, "geometry": {"type": "Point", "coordinates": [103.228358, 16.6392838]}}, {"type": "Feature", "properties": {"is_in:country": "Thailand", "is_in:country_code": "TH", "name": "\u0e1a\u0e49\u0e32\u0e19\u0e04\u0e33\u0e44\u0e2e", "name:en": "Ban Kham Hai", "name:th": "\u0e1a\u0e49\u0e32\u0e19\u0e04\u0e33\u0e44\u0e2e", "place": "village", "source": "GPS; sign", "osm_id": 634093300, "osm_type": "node"}, "geometry": {"type": "Point", "coordinates": [103.2478835, 16.6385484]}}, {"type": "Feature", "properties": {"capital_level": "8", "is_in:country": "Thailand", "is_in:country_code": "TH", "name": "\u0e1a\u0e49\u0e32\u0e19\u0e04\u0e33\u0e43\u0e2b\u0e0d\u0e48", "name:en": "Ban Kham Yai", "name:th": "\u0e1a\u0e49\u0e32\u0e19\u0e04\u0e33\u0e43\u0e2b\u0e0d\u0e48", "place": "village", "source": "GPS; sign", "osm_id": 634093315, "osm_type": "node"}, "geometry": {"type": "Point", "coordinates": [103.191691, 16.6586338]}}, {"type": "Feature", "properties": {"name": "\u0e1a\u0e49\u0e32\u0e19\u0e17\u0e23\u0e31\u0e1e\u0e22\u0e4c\u0e40\u0e08\u0e23\u0e34\u0e0d", "name:en": "Ban Sap Charoen", "name:th": "\u0e1a\u0e49\u0e32\u0e19\u0e17\u0e23\u0e31\u0e1e\u0e22\u0e4c\u0e40\u0e08\u0e23\u0e34\u0e0d", "place": "village", "source": "Bing; sign", "osm_id": 634183627, "osm_type": "node"}, "geometry": {"type": "Point", "coordinates": [102.8260882, 16.5799834]}}, {"type": "Feature", "properties": {"name": "\u0e1a\u0e49\u0e32\u0e19\u0e21\u0e34\u0e15\u0e23\u0e20\u0e32\u0e1e", "name:en": "Ban Mitraphap", "name:th": "\u0e1a\u0e49\u0e32\u0e19\u0e21\u0e34\u0e15\u0e23\u0e20\u0e32\u0e1e", "place": "village", "source": "GPS; sign", "osm_id": 634183630, "osm_type": "node"}, "geometry": {"type": "Point", "coordinates": [102.8008517, 16.6588949]}}, {"type": "Feature", "properties": {"name": "\u0e1a\u0e49\u0e32\u0e19\u0e04\u0e33\u0e41\u0e01\u0e48\u0e19\u0e04\u0e39\u0e13", "name:en": "Ban Kham Kaen Khun", "name:th": "\u0e1a\u0e49\u0e32\u0e19\u0e04\u0e33\u0e41\u0e01\u0e48\u0e19\u0e04\u0e39\u0e13", "place": "village", "source": "Bing; sign", "osm_id": 634183647, "osm_type": "node"}, "geometry": {"type": "Point", "coordinates": [102.8068639, 16.6700059]}}, {"type": "Feature", "properties": {"addr:district": "\u0e19\u0e49\u0e33\u0e1e\u0e2d\u0e07", "addr:district:en": "Nam Phong", "addr:province": "\u0e02\u0e2d\u0e19\u0e41\u0e01\u0e48\u0e19", "addr:province:en": "Khon Kaen", "addr:subdistrict": "\u0e19\u0e49\u0e33\u0e1e\u0e2d\u0e07", "addr:subdistrict:en": "Nam Phong", "amenity": "hospital", "emergency": "yes", "name": "\u0e42\u0e23\u0e07\u0e1e\u0e22\u0e32\u0e1a\u0e32\u0e25\u0e19\u0e49\u0e33\u0e1e\u0e2d\u0e07", "name:en": "Nam Phong Hospital", "name:th": "\u0e42\u0e23\u0e07\u0e1e\u0e22\u0e32\u0e1a\u0e32\u0e25\u0e19\u0e49\u0e33\u0e1e\u0e2d\u0e07", "source": "Bing; sign", "osm_id": 634183668, "osm_type": "node"}, "geometry": {"type": "Point", "coordinates": [102.8016952, 16.7293044]}}, {"type": "Feature", "properties": {"addr:postcode": "40310", "name": "\u0e1a\u0e49\u0e32\u0e19\u0e2b\u0e34\u0e19\u0e01\u0e2d\u0e07\u0e19\u0e49\u0e2d\u0e22", "name:en": "Ban Hin Kong Noi", "name:th": "\u0e1a\u0e49\u0e32\u0e19\u0e2b\u0e34\u0e19\u0e01\u0e2d\u0e07\u0e19\u0e49\u0e2d\u0e22", "place": "village", "source": "Bing; sign", "osm_id": 634183669, "osm_type": "node"}, "geometry": {"type": "Point", "coordinates": [102.8074875, 16.7395583]}}, {"type": "Feature", "properties": {"addr:postcode": "40280", "admin_level": "7", "capital": "6", "name": "\u0e40\u0e02\u0e32\u0e2a\u0e27\u0e19\u0e01\u0e27\u0e32\u0e07", "name:en": "Khao Suan Kwang", "name:th": "\u0e40\u0e02\u0e32\u0e2a\u0e27\u0e19\u0e01\u0e27\u0e32\u0e07", "official_name": "\u0e40\u0e17\u0e28\u0e1a\u0e32\u0e25\u0e15\u0e33\u0e1a\u0e25\u0e40\u0e02\u0e32\u0e2a\u0e27\u0e19\u0e01\u0e27\u0e32\u0e07", "place": "town", "osm_id": 634183692, "osm_type": "node"}, "geometry": {"type": "Point", "coordinates": [102.8718857, 16.8514913]}}, {"type": "Feature", "properties": {"name": "\u0e1a\u0e49\u0e32\u0e19\u0e0b\u0e33\u0e08\u0e32\u0e19", "name:en": "Ban Sam Chan", "name:th": "\u0e1a\u0e49\u0e32\u0e19\u0e0b\u0e33\u0e08\u0e32\u0e19", "place": "village", "source": "Bing; sign", "osm_id": 635764027, "osm_type": "node"}, "geometry": {"type": "Point", "coordinates": [102.7928277, 16.6047352]}}, {"type": "Feature", "properties": {"is_in:country": "Thailand", "is_in:country_code": "TH", "is_in:iso_3166_2": "TH-40", "is_in:state": "Khon Kaen", "is_in:state_code": "40", "name": "\u0e1a\u0e49\u0e32\u0e19\u0e1b\u0e23\u0e30\u0e0a\u0e32\u0e19\u0e34\u0e21\u0e34\u0e15", "name:en": "Ban Pracha Nimit", "name:th": "\u0e1a\u0e49\u0e32\u0e19\u0e1b\u0e23\u0e30\u0e0a\u0e32\u0e19\u0e34\u0e21\u0e34\u0e15", "place": "village", "source": "Bing; sign", "osm_id": 635764316, "osm_type": "node"}, "geometry": {"type": "Point", "coordinates": [102.8619699, 16.716825]}}, {"type": "Feature", "properties": {"is_in:country": "Thailand", "is_in:country_code": "TH", "is_in:iso_3166_2": "TH-40", "is_in:state": "Khon Kaen", "is_in:state_code": "40", "name": "\u0e1a\u0e49\u0e32\u0e19\u0e42\u0e04\u0e01\u0e2a\u0e39\u0e07", "name:en": "Ban Khok Sung", "place": "village", "source": "Bing; sign", "osm_id": 635764440, "osm_type": "node"}, "geometry": {"type": "Point", "coordinates": [102.8493417, 16.7420576]}}, {"type": "Feature", "properties": {"is_in:country": "Thailand", "is_in:country_code": "TH", "is_in:iso_3166_2": "TH-40", "is_in:state": "Khon Kaen", "is_in:state_code": "40", "name": "\u0e1a\u0e49\u0e32\u0e19\u0e40\u0e2a\u0e35\u0e22\u0e27", "name:en": "Ban Siao", "place": "village", "source": "Bing; sign", "osm_id": 635764502, "osm_type": "node"}, "geometry": {"type": "Point", "coordinates": [102.8563921, 16.7329001]}}, {"type": "Feature", "properties": {"is_in:country": "Thailand", "is_in:country_code": "TH", "is_in:iso_3166_2": "TH-40", "is_in:state": "Khon Kaen", "is_in:state_code": "40", "name": "\u0e1a\u0e49\u0e32\u0e19\u0e42\u0e04\u0e01\u0e01\u0e25\u0e32\u0e07", "name:en": "Ban Khok Klang", "place": "village", "source": "Bing; sign", "osm_id": 635764529, "osm_type": "node"}, "geometry": {"type": "Point", "coordinates": [102.860645, 16.7300019]}}, {"type": "Feature", "properties": {"is_in:country": "Thailand", "is_in:country_code": "TH", "name": "\u0e1a\u0e49\u0e32\u0e19\u0e1e\u0e23\u0e2b\u0e21\u0e19\u0e34\u0e21\u0e34\u0e15\u0e23", "name:en": "Ban Phrom Ni Mit", "name:th": "\u0e1a\u0e49\u0e32\u0e19\u0e1e\u0e23\u0e2b\u0e21\u0e19\u0e34\u0e21\u0e34\u0e15\u0e23", "place": "village", "source": "GPS; sign", "osm_id": 635846095, "osm_type": "node"}, "geometry": {"type": "Point", "coordinates": [102.9487057, 16.4476249]}}, {"type": "Feature", "properties": {"capital_level": "8", "is_in:country": "Thailand", "is_in:country_code": "TH", "name": "\u0e1a\u0e49\u0e32\u0e19\u0e42\u0e04\u0e01\u0e2a\u0e35", "name:en": "Ban Khok Si", "name:th": "\u0e1a\u0e49\u0e32\u0e19\u0e42\u0e04\u0e01\u0e2a\u0e35", "place": "village", "source": "GPS; sign", "osm_id": 635846129, "osm_type": "node"}, "geometry": {"type": "Point", "coordinates": [102.9437157, 16.4793796]}}, {"type": "Feature", "properties": {"is_in:country": "Thailand", "is_in:country_code": "TH", "is_in:iso_3166_2": "TH-40", "is_in:state": "Khon Kaen", "is_in:state_code": "40", "name": "\u0e1a\u0e49\u0e32\u0e19\u0e2b\u0e19\u0e2d\u0e07\u0e1a\u0e31\u0e27\u0e19\u0e49\u0e2d\u0e22", "name:en": "Ban Nong Bua Noi", "place": "village", "source": "GPS; sign", "osm_id": 635846155, "osm_type": "node"}, "geometry": {"type": "Point", "coordinates": [102.9497435, 16.5004126]}}, {"type": "Feature", "properties": {"is_in:country": "Thailand", "is_in:country_code": "TH", "name": "\u0e1a\u0e49\u0e32\u0e19\u0e2b\u0e19\u0e2d\u0e07\u0e07\u0e39\u0e40\u0e2b\u0e25\u0e37\u0e2d\u0e21", "name:en": "Ban Nong Ngulueam", "name:th": "\u0e1a\u0e49\u0e32\u0e19\u0e2b\u0e19\u0e2d\u0e07\u0e07\u0e39\u0e40\u0e2b\u0e25\u0e37\u0e2d\u0e21", "place": "village", "source": "GPS; sign", "osm_id": 635846246, "osm_type": "node"}, "geometry": {"type": "Point", "coordinates": [102.9339356, 16.5179548]}}, {"type": "Feature", "properties": {"is_in:country": "Thailand", "is_in:country_code": "TH", "name": "\u0e1a\u0e49\u0e32\u0e19\u0e42\u0e04\u0e01\u0e17\u0e48\u0e32", "name:en": "Ban Khok Tha", "name:th": "\u0e1a\u0e49\u0e32\u0e19\u0e2b\u0e19\u0e2d\u0e07\u0e41\u0e2a\u0e07", "place": "village", "source": "GPS; sign", "osm_id": 635846308, "osm_type": "node"}, "geometry": {"type": "Point", "coordinates": [102.910204, 16.5311678]}}, {"type": "Feature", "properties": {"is_in:country": "Thailand", "is_in:country_code": "TH", "name": "\u0e1a\u0e49\u0e32\u0e19\u0e1a\u0e36\u0e07\u0e40\u0e1b\u0e48\u0e07", "name:en": "Ban Bueng Peng", "name:th": "\u0e1a\u0e49\u0e32\u0e19\u0e1a\u0e36\u0e07\u0e40\u0e1b\u0e48\u0e07", "place": "village", "source": "GPS; sign", "osm_id": 635846315, "osm_type": "node"}, "geometry": {"type": "Point", "coordinates": [102.8831103, 16.5641862]}}, {"type": "Feature", "properties": {"is_in:country": "Thailand", "is_in:country_code": "TH", "name": "\u0e1a\u0e49\u0e32\u0e19\u0e01\u0e38\u0e14\u0e1e\u0e31\u0e07\u0e40\u0e04\u0e23\u0e37\u0e2d", "name:en": "Ban Kut Phang Khruea", "name:th": "\u0e1a\u0e49\u0e32\u0e19\u0e01\u0e38\u0e14\u0e1e\u0e31\u0e07\u0e40\u0e04\u0e23\u0e37\u0e2d", "place": "village", "source": "GPS; sign", "osm_id": 635846345, "osm_type": "node"}, "geometry": {"type": "Point", "coordinates": [102.874057, 16.5950146]}}, {"type": "Feature", "properties": {"is_in:country": "Thailand", "is_in:country_code": "TH", "name": "\u0e1a\u0e49\u0e32\u0e19\u0e17\u0e48\u0e32\u0e21\u0e30\u0e40\u0e14\u0e37\u0e48\u0e2d", "name:en": "Ban Tha Maduea", "name:th": "\u0e1a\u0e49\u0e32\u0e19\u0e17\u0e48\u0e32\u0e21\u0e30\u0e40\u0e14\u0e37\u0e48\u0e2d", "place": "village", "source": "GPS; sign", "osm_id": 635846378, "osm_type": "node"}, "geometry": {"type": "Point", "coordinates": [102.887267, 16.5815716]}}, {"type": "Feature", "properties": {"is_in:country": "Thailand", "is_in:country_code": "TH", "is_in:iso_3166_2": "TH-40", "is_in:state": "Khon Kaen", "is_in:state_code": "40", "name": "\u0e1a\u0e49\u0e32\u0e19\u0e2b\u0e19\u0e2d\u0e07\u0e15\u0e39\u0e21", "name:en": "Ban Nong Tum", "place": "village", "osm_id": 635846409, "osm_type": "node"}, "geometry": {"type": "Point", "coordinates": [102.9385151, 16.5245254]}}, {"type": "Feature", "properties": {"capital_level": "8", "is_in:country": "Thailand", "is_in:country_code": "TH", "name": "\u0e1a\u0e49\u0e32\u0e19\u0e17\u0e48\u0e32\u0e01\u0e23\u0e30\u0e40\u0e2a\u0e23\u0e34\u0e21", "name:en": "Ban Tha Kra Soem", "name:th": "\u0e1a\u0e49\u0e32\u0e19\u0e17\u0e48\u0e32\u0e01\u0e23\u0e30\u0e40\u0e2a\u0e23\u0e34\u0e21", "place": "village", "source": "GPS; sign", "osm_id": 635846440, "osm_type": "node"}, "geometry": {"type": "Point", "coordinates": [102.856955, 16.615455]}}, {"type": "Feature", "properties": {"is_in:country": "Thailand", "is_in:country_code": "TH", "name": "\u0e1a\u0e49\u0e32\u0e19\u0e17\u0e48\u0e32\u0e42\u0e1e\u0e18\u0e34\u0e4c", "name:en": "Ban Tha Pho", "name:th": "\u0e1a\u0e49\u0e32\u0e19\u0e17\u0e48\u0e32\u0e42\u0e1e\u0e18\u0e34\u0e4c", "place": "village", "source": "GPS; sign", "osm_id": 635846458, "osm_type": "node"}, "geometry": {"type": "Point", "coordinates": [102.868526, 16.6459798]}}, {"type": "Feature", "properties": {"is_in:country": "Thailand", "is_in:country_code": "TH", "name": "\u0e1a\u0e49\u0e32\u0e19\u0e17\u0e48\u0e32\u0e21\u0e30\u0e40\u0e14\u0e37\u0e48\u0e2d\u0e19\u0e49\u0e2d\u0e22", "name:en": "Ban Tha Maduea Noi", "name:th": "\u0e1a\u0e49\u0e32\u0e19\u0e17\u0e48\u0e32\u0e21\u0e30\u0e40\u0e14\u0e37\u0e48\u0e2d\u0e19\u0e49\u0e2d\u0e22", "place": "village", "source": "GPS; sign", "osm_id": 635846474, "osm_type": "node"}, "geometry": {"type": "Point", "coordinates": [102.869298, 16.6510932]}}, {"type": "Feature", "properties": {"is_in:country": "Thailand", "is_in:country_code": "TH", "name": "\u0e1a\u0e49\u0e32\u0e19\u0e2b\u0e19\u0e2d\u0e07\u0e41\u0e2a\u0e07", "name:en": "Ban Nong Saeng", "name:th": "\u0e1a\u0e49\u0e32\u0e19\u0e2b\u0e19\u0e2d\u0e07\u0e41\u0e2a\u0e07", "place": "village", "source": "GPS; sign", "osm_id": 635846532, "osm_type": "node"}, "geometry": {"type": "Point", "coordinates": [102.870493, 16.6607216]}}, {"type": "Feature", "properties": {"is_in:country": "Thailand", "is_in:country_code": "TH", "is_in:iso_3166_2": "TH-40", "is_in:state": "Khon Kaen", "is_in:state_code": "40", "name": "\u0e1a\u0e49\u0e32\u0e19\u0e19\u0e32\u0e22\u0e21", "name:en": "Ban Na Yom", "place": "village", "source": "Bing; sign", "osm_id": 635846550, "osm_type": "node"}, "geometry": {"type": "Point", "coordinates": [102.8698088, 16.6789151]}}, {"type": "Feature", "properties": {"is_in:country": "Thailand", "is_in:country_code": "TH", "is_in:iso_3166_2": "TH-40", "is_in:state": "Khon Kaen", "is_in:state_code": "40", "name": "\u0e1a\u0e49\u0e32\u0e19\u0e2b\u0e19\u0e2d\u0e07\u0e19\u0e01\u0e40\u0e02\u0e35\u0e22\u0e19", "name:en": "Ban Nong Nok Khian", "place": "village", "source": "Bing; sign", "osm_id": 635846556, "osm_type": "node"}, "geometry": {"type": "Point", "coordinates": [102.8664019, 16.6982112]}}, {"type": "Feature", "properties": {"is_in:country": "Thailand", "is_in:country_code": "TH", "name": "\u0e1a\u0e49\u0e32\u0e19\u0e42\u0e19\u0e19\u0e2a\u0e27\u0e23\u0e23\u0e04\u0e4c", "name:en": "Ban Non Sawan", "name:th": "\u0e1a\u0e49\u0e32\u0e19\u0e42\u0e19\u0e19\u0e2a\u0e27\u0e23\u0e23\u0e04\u0e4c", "place": "village", "source": "GPS; sign", "osm_id": 641026023, "osm_type": "node"}, "geometry": {"type": "Point", "coordinates": [103.0727702, 16.4705804]}}, {"type": "Feature", "properties": {"is_in:country": "Thailand", "is_in:country_code": "TH", "name": "\u0e1a\u0e49\u0e32\u0e19\u0e08\u0e32\u0e19\u0e42\u0e19\u0e19\u0e2a\u0e39\u0e07", "name:en": "Ban Chan Non Sung", "name:th": "\u0e1a\u0e49\u0e32\u0e19\u0e08\u0e32\u0e19\u0e42\u0e19\u0e19\u0e2a\u0e39\u0e07", "place": "village", "source": "GPS; sign", "osm_id": 641026042, "osm_type": "node"}, "geometry": {"type": "Point", "coordinates": [103.0724304, 16.4754344]}}, {"type": "Feature", "properties": {"is_in:country": "Thailand", "is_in:country_code": "TH", "name": "\u0e1a\u0e49\u0e32\u0e19\u0e08\u0e32\u0e19\u0e43\u0e2b\u0e21\u0e48\u0e1e\u0e31\u0e12\u0e19\u0e32", "name:en": "Ban Chan Mai Phatthana", "name:th": "\u0e1a\u0e49\u0e32\u0e19\u0e08\u0e32\u0e19\u0e43\u0e2b\u0e21\u0e48\u0e1e\u0e31\u0e12\u0e19\u0e32", "place": "village", "source": "GPS; sign", "osm_id": 641026084, "osm_type": "node"}, "geometry": {"type": "Point", "coordinates": [103.0726975, 16.4907634]}}, {"type": "Feature", "properties": {"is_in:country": "Thailand", "is_in:country_code": "TH", "name": "\u0e1a\u0e49\u0e32\u0e19\u0e2b\u0e31\u0e27\u0e22\u0e40\u0e15\u0e22", "name:en": "Ban Sawang", "name:th": "\u0e1a\u0e49\u0e32\u0e19\u0e2b\u0e31\u0e27\u0e22\u0e40\u0e15\u0e22", "place": "village", "source": "GPS; sign", "osm_id": 641026420, "osm_type": "node"}, "geometry": {"type": "Point", "coordinates": [103.0898052, 16.5476914]}}, {"type": "Feature", "properties": {"is_in:country": "Thailand", "is_in:country_code": "TH", "name": "\u0e1a\u0e49\u0e32\u0e19\u0e42\u0e2a\u0e01\u0e02\u0e32\u0e41\u0e01\u0e49\u0e27", "name:en": "Ban Sok Kha Kaeo", "name:th": "\u0e1a\u0e49\u0e32\u0e19\u0e42\u0e2a\u0e01\u0e02\u0e32\u0e41\u0e01\u0e49\u0e27", "place": "village", "source": "GPS; sign", "osm_id": 641026469, "osm_type": "node"}, "geometry": {"type": "Point", "coordinates": [103.0911556, 16.6000232]}}, {"type": "Feature", "properties": {"is_in:country": "Thailand", "is_in:country_code": "TH", "name": "\u0e1a\u0e49\u0e32\u0e19\u0e2b\u0e25\u0e38\u0e1a\u0e40\u0e25\u0e32", "name:en": "Ban Lup Lao", "name:th": "\u0e1a\u0e49\u0e32\u0e19\u0e2b\u0e25\u0e38\u0e1a\u0e40\u0e25\u0e32", "place": "village", "source": "GPS; sign", "osm_id": 641026493, "osm_type": "node"}, "geometry": {"type": "Point", "coordinates": [103.101168, 16.5657564]}}, {"type": "Feature", "properties": {"capital_level": "8", "is_in:country": "Thailand", "is_in:country_code": "TH", "name": "\u0e1a\u0e49\u0e32\u0e19\u0e2b\u0e49\u0e27\u0e22\u0e40\u0e15\u0e22", "name:en": "Ban Huai Toei", "name:th": "\u0e1a\u0e49\u0e32\u0e19\u0e2b\u0e49\u0e27\u0e22\u0e40\u0e15\u0e22", "place": "village", "source": "GPS; sign", "osm_id": 641026507, "osm_type": "node"}, "geometry": {"type": "Point", "coordinates": [103.1112629, 16.5892947]}}, {"type": "Feature", "properties": {"is_in:country": "Thailand", "is_in:country_code": "TH", "name": "\u0e1a\u0e49\u0e32\u0e19\u0e2b\u0e31\u0e27\u0e1f\u0e32\u0e22", "name:en": "Ban Hua Fai", "name:th": "\u0e1a\u0e49\u0e32\u0e19\u0e2b\u0e31\u0e27\u0e1f\u0e32\u0e22", "place": "village", "source": "GPS; sign", "osm_id": 641026515, "osm_type": "node"}, "geometry": {"type": "Point", "coordinates": [103.0999804, 16.5988462]}}, {"type": "Feature", "properties": {"is_in:country": "Thailand", "is_in:country_code": "TH", "name": "\u0e1a\u0e49\u0e32\u0e19\u0e2b\u0e19\u0e2d\u0e07\u0e01\u0e38\u0e07\u0e43\u0e2b\u0e0d\u0e48", "name:en": "Ban Nong Kung Yai", "name:th": "\u0e1a\u0e49\u0e32\u0e19\u0e2b\u0e19\u0e2d\u0e07\u0e01\u0e38\u0e07\u0e43\u0e2b\u0e0d\u0e48", "place": "village", "source": "GPS; sign", "osm_id": 641026565, "osm_type": "node"}, "geometry": {"type": "Point", "coordinates": [103.0725369, 16.6328176]}}, {"type": "Feature", "properties": {"is_in:country": "Thailand", "is_in:country_code": "TH", "is_in:iso_3166_2": "TH-40", "is_in:state": "Khon Kaen", "is_in:state_code": "40", "name": "\u0e1a\u0e49\u0e32\u0e19\u0e1c\u0e31\u0e01\u0e2b\u0e19\u0e32\u0e21", "name:en": "Ban Phaknam", "place": "village", "source": "Bing; sign", "osm_id": 641026637, "osm_type": "node"}, "geometry": {"type": "Point", "coordinates": [103.085984, 16.667969]}}, {"type": "Feature", "properties": {"is_in:country": "Thailand", "is_in:country_code": "TH", "name": "\u0e1a\u0e49\u0e32\u0e19\u0e43\u0e2b\u0e21\u0e48\u0e0a\u0e31\u0e22\u0e21\u0e07\u0e04\u0e25", "name:en": "Ban Mai Chai Mongkhon", "name:th": "\u0e1a\u0e49\u0e32\u0e19\u0e43\u0e2b\u0e21\u0e48\u0e0a\u0e31\u0e22\u0e21\u0e07\u0e04\u0e25", "place": "village", "source": "GPS; sign", "osm_id": 641026670, "osm_type": "node"}, "geometry": {"type": "Point", "coordinates": [103.0870884, 16.6865621]}}, {"type": "Feature", "properties": {"is_in:country": "Thailand", "is_in:country_code": "TH", "is_in:iso_3166_2": "TH-40", "is_in:state": "Khon Kaen", "is_in:state_code": "40", "name": "\u0e1a\u0e49\u0e32\u0e19\u0e08\u0e33\u0e1b\u0e32", "name:en": "Ban Champa", "place": "village", "source": "Bing; sign", "osm_id": 641409154, "osm_type": "node"}, "geometry": {"type": "Point", "coordinates": [102.9150654, 16.6275236]}}, {"type": "Feature", "properties": {"is_in:country": "Thailand", "is_in:country_code": "TH", "is_in:iso_3166_2": "TH-40", "is_in:state": "Khon Kaen", "is_in:state_code": "40", "name": "\u0e1a\u0e49\u0e32\u0e19\u0e2b\u0e31\u0e27\u0e1a\u0e36\u0e07", "name:en": "Ban Hua Bueng", "place": "village", "source": "Bing; sign", "osm_id": 641409214, "osm_type": "node"}, "geometry": {"type": "Point", "coordinates": [102.9174633, 16.6327894]}}, {"type": "Feature", "properties": {"is_in:country": "Thailand", "is_in:country_code": "TH", "is_in:iso_3166_2": "TH-40", "is_in:state": "Khon Kaen", "is_in:state_code": "40", "name": "\u0e1a\u0e49\u0e32\u0e19\u0e04\u0e2d\u0e01\u0e27\u0e31\u0e27", "name:en": "Ban Khok Wua", "place": "village", "source": "Bing; sign", "osm_id": 641409295, "osm_type": "node"}, "geometry": {"type": "Point", "coordinates": [102.894619, 16.6503845]}}, {"type": "Feature", "properties": {"capital_level": "8", "is_in:country": "Thailand", "is_in:country_code": "TH", "is_in:iso_3166_2": "TH-40", "is_in:state": "Khon Kaen", "is_in:state_code": "40", "name": "\u0e1a\u0e49\u0e32\u0e19\u0e17\u0e23\u0e32\u0e22\u0e21\u0e39\u0e25", "name:en": "Ban Sai Mun", "place": "village", "source": "Bing; sign", "osm_id": 641409362, "osm_type": "node"}, "geometry": {"type": "Point", "coordinates": [102.8977748, 16.6435887]}}, {"type": "Feature", "properties": {"is_in:country": "Thailand", "is_in:country_code": "TH", "is_in:iso_3166_2": "TH-40", "is_in:state": "Khon Kaen", "is_in:state_code": "40", "name": "\u0e1a\u0e49\u0e32\u0e19\u0e01\u0e38\u0e14\u0e19\u0e49\u0e33\u0e43\u0e2a", "name:en": "Ban Nong Kung", "name:th": "\u0e1a\u0e49\u0e32\u0e19\u0e01\u0e38\u0e14\u0e19\u0e49\u0e33\u0e43\u0e2a", "place": "village", "source": "Bing; sign", "osm_id": 641409450, "osm_type": "node"}, "geometry": {"type": "Point", "coordinates": [102.8436515, 16.7262367]}}, {"type": "Feature", "properties": {"is_in:country": "Thailand", "is_in:country_code": "TH", "is_in:iso_3166_2": "TH-40", "is_in:state": "Khon Kaen", "is_in:state_code": "40", "name": "\u0e1a\u0e49\u0e32\u0e19\u0e2b\u0e19\u0e2d\u0e07\u0e42\u0e19", "name:en": "Ban Nong No", "place": "village", "osm_id": 641409506, "osm_type": "node"}, "geometry": {"type": "Point", "coordinates": [103.0316358, 16.7097891]}}, {"type": "Feature", "properties": {"is_in:country": "Thailand", "is_in:country_code": "TH", "name": "\u0e1a\u0e49\u0e32\u0e19\u0e2b\u0e19\u0e2d\u0e07\u0e42\u0e01\u0e43\u0e2b\u0e21\u0e48", "name:en": "Ban Nong Ko Mai", "name:th": "\u0e1a\u0e49\u0e32\u0e19\u0e2b\u0e19\u0e2d\u0e07\u0e42\u0e01\u0e43\u0e2b\u0e21\u0e48", "place": "village", "source": "GPS; sign", "osm_id": 641409530, "osm_type": "node"}, "geometry": {"type": "Point", "coordinates": [103.0701808, 16.7045225]}}, {"type": "Feature", "properties": {"capital_level": "8", "is_in:country": "Thailand", "is_in:country_code": "TH", "name": "\u0e1a\u0e49\u0e32\u0e19\u0e40\u0e2b\u0e25\u0e48\u0e32\u0e1a\u0e31\u0e27\u0e1a\u0e32\u0e19", "name:en": "Ban Lao Bua Ban", "name:th": "\u0e1a\u0e49\u0e32\u0e19\u0e40\u0e2b\u0e25\u0e48\u0e32\u0e1a\u0e31\u0e27\u0e1a\u0e32\u0e19", "place": "village", "source": "GPS; sign", "osm_id": 642939564, "osm_type": "node"}, "geometry": {"type": "Point", "coordinates": [102.9945782, 16.3865515]}}, {"type": "Feature", "properties": {"name": "\u0e1a\u0e49\u0e32\u0e19\u0e1a\u0e31\u0e27\u0e1a\u0e32\u0e19", "name:en": "Ban Bua Ban", "name:th": "\u0e1a\u0e49\u0e32\u0e19\u0e1a\u0e31\u0e27\u0e1a\u0e32\u0e19", "place": "village", "source": "Bing; sign", "osm_id": 642939593, "osm_type": "node"}, "geometry": {"type": "Point", "coordinates": [103.00187, 16.4106213]}}, {"type": "Feature", "properties": {"name": "\u0e1a\u0e49\u0e32\u0e19\u0e02\u0e32\u0e21\u0e40\u0e1b\u0e35\u0e49\u0e22", "name:en": "Ban Kham Pia", "name:th": "\u0e1a\u0e49\u0e32\u0e19\u0e02\u0e32\u0e21\u0e40\u0e1b\u0e35\u0e49\u0e22", "place": "village", "source": "Bing; sign", "osm_id": 642939611, "osm_type": "node"}, "geometry": {"type": "Point", "coordinates": [103.0035153, 16.4412923]}}, {"type": "Feature", "properties": {"is_in:country": "Thailand", "is_in:country_code": "TH", "name": "\u0e1a\u0e49\u0e32\u0e19\u0e2b\u0e19\u0e2d\u0e07\u0e25\u0e48\u0e32\u0e21", "name:en": "Ban Nong Lam", "name:th": "\u0e1a\u0e49\u0e32\u0e19\u0e2b\u0e19\u0e2d\u0e07\u0e25\u0e48\u0e32\u0e21", "place": "village", "source": "GPS; sign", "osm_id": 642939625, "osm_type": "node"}, "geometry": {"type": "Point", "coordinates": [103.027258, 16.3532972]}}, {"type": "Feature", "properties": {"is_in:country": "Thailand", "is_in:country_code": "TH", "name": "\u0e1a\u0e49\u0e32\u0e19\u0e41\u0e1a\u0e01", "name:en": "Ban Baek", "name:th": "\u0e1a\u0e49\u0e32\u0e19\u0e41\u0e1a\u0e01", "place": "village", "source": "GPS; sign", "osm_id": 642939629, "osm_type": "node"}, "geometry": {"type": "Point", "coordinates": [103.040583, 16.3649117]}}, {"type": "Feature", "properties": {"is_in:country": "Thailand", "is_in:country_code": "TH", "name": "\u0e1a\u0e49\u0e32\u0e19\u0e2b\u0e19\u0e2d\u0e07\u0e1a\u0e31\u0e27", "name:en": "Ban Nong Bua", "name:th": "\u0e1a\u0e49\u0e32\u0e19\u0e2b\u0e19\u0e2d\u0e07\u0e1a\u0e31\u0e27", "place": "village", "source": "GPS; sign", "osm_id": 642939670, "osm_type": "node"}, "geometry": {"type": "Point", "coordinates": [103.010537, 16.3765535]}}, {"type": "Feature", "properties": {"is_in:country": "Thailand", "is_in:country_code": "TH", "name": "\u0e1a\u0e49\u0e32\u0e19\u0e2b\u0e19\u0e2d\u0e07\u0e14\u0e34\u0e48\u0e19", "name:en": "Ban Nong Din", "name:th": "\u0e1a\u0e49\u0e32\u0e19\u0e2b\u0e19\u0e2d\u0e07\u0e14\u0e34\u0e48\u0e19", "place": "village", "source": "GPS; sign", "osm_id": 642939680, "osm_type": "node"}, "geometry": {"type": "Point", "coordinates": [103.0288137, 16.3872104]}}, {"type": "Feature", "properties": {"capital_level": "8", "is_in:country": "Thailand", "is_in:country_code": "TH", "is_in:iso_3166_2": "TH-40", "is_in:state": "Khon Kaen", "is_in:state_code": "40", "name": "\u0e1a\u0e49\u0e32\u0e19\u0e02\u0e32\u0e21", "name:en": "Ban Kham", "place": "village", "source": "Bing; sign", "osm_id": 642939759, "osm_type": "node"}, "geometry": {"type": "Point", "coordinates": [102.9505887, 16.5600405]}}, {"type": "Feature", "properties": {"is_in:country": "Thailand", "is_in:country_code": "TH", "is_in:iso_3166_2": "TH-40", "is_in:state": "Khon Kaen", "is_in:state_code": "40", "name": "\u0e1a\u0e49\u0e32\u0e19\u0e2a\u0e33\u0e42\u0e23\u0e07", "name:en": "Ban Samrong", "place": "village", "source": "Bing; sign", "osm_id": 642939939, "osm_type": "node"}, "geometry": {"type": "Point", "coordinates": [102.9767417, 16.5553832]}}, {"type": "Feature", "properties": {"is_in:country": "Thailand", "is_in:country_code": "TH", "is_in:iso_3166_2": "TH-40", "is_in:state": "Khon Kaen", "is_in:state_code": "40", "name": "\u0e1a\u0e49\u0e32\u0e19\u0e08\u0e33\u0e40\u0e23\u0e34\u0e13", "name:en": "Ban Cham Roen", "place": "village", "source": "Bing; sign", "osm_id": 642939983, "osm_type": "node"}, "geometry": {"type": "Point", "coordinates": [102.9532151, 16.568403]}}, {"type": "Feature", "properties": {"is_in:country": "Thailand", "is_in:country_code": "TH", "is_in:iso_3166_2": "TH-40", "is_in:state": "Khon Kaen", "is_in:state_code": "40", "name": "\u0e1a\u0e49\u0e32\u0e19\u0e42\u0e19\u0e19\u0e41\u0e14\u0e07", "name:en": "Ban Non Daeng", "place": "village", "source": "Bing; sign", "osm_id": 642940016, "osm_type": "node"}, "geometry": {"type": "Point", "coordinates": [102.954697, 16.5730551]}}, {"type": "Feature", "properties": {"is_in:country": "Thailand", "is_in:country_code": "TH", "is_in:iso_3166_2": "TH-40", "is_in:state": "Khon Kaen", "is_in:state_code": "40", "name": "\u0e1a\u0e49\u0e32\u0e19\u0e2b\u0e19\u0e2d\u0e07\u0e1a\u0e31\u0e27\u0e19\u0e49\u0e2d\u0e22", "name:en": "Ban Nong Bua Noi", "place": "village", "source": "Bing; sign", "osm_id": 642940073, "osm_type": "node"}, "geometry": {"type": "Point", "coordinates": [102.9198774, 16.6130047]}}, {"type": "Feature", "properties": {"is_in:country": "Thailand", "is_in:country_code": "TH", "is_in:iso_3166_2": "TH-40", "is_in:state": "Khon Kaen", "is_in:state_code": "40", "name": "\u0e1a\u0e49\u0e32\u0e19\u0e04\u0e39\u0e04\u0e25\u0e2d\u0e07", "name:en": "Ban Khu Khlong", "place": "village", "source": "Bing; sign", "osm_id": 642940131, "osm_type": "node"}, "geometry": {"type": "Point", "coordinates": [103.0218248, 16.5245351]}}, {"type": "Feature", "properties": {"is_in:country": "Thailand", "is_in:country_code": "TH", "name": "\u0e1a\u0e49\u0e32\u0e19\u0e17\u0e48\u0e32\u0e41\u0e01", "name:en": "Ban Tha Kae", "name:th": "\u0e1a\u0e49\u0e32\u0e19\u0e17\u0e48\u0e32\u0e41\u0e01", "place": "village", "source": "GPS; sign", "osm_id": 657814374, "osm_type": "node"}, "geometry": {"type": "Point", "coordinates": [102.9030076, 16.4992715]}}, {"type": "Feature", "properties": {"is_in:country": "Thailand", "is_in:country_code": "TH", "name": "\u0e1a\u0e49\u0e32\u0e19\u0e19\u0e32\u0e07\u0e32\u0e21", "name:en": "Ban Na Ngam", "name:th": "\u0e1a\u0e49\u0e32\u0e19\u0e19\u0e32\u0e07\u0e32\u0e21", "place": "village", "ref": "2", "source": "GPS; sign", "osm_id": 657814754, "osm_type": "node"}, "geometry": {"type": "Point", "coordinates": [102.85338, 16.5441265]}}, {"type": "Feature", "properties": {"is_in:country": "Thailand", "is_in:country_code": "TH", "name": "\u0e1a\u0e49\u0e32\u0e19\u0e44\u0e01\u0e48\u0e19\u0e32", "name:en": "Ban Kaina", "name:th": "\u0e1a\u0e49\u0e32\u0e19\u0e44\u0e01\u0e48\u0e19\u0e32", "place": "village", "ref": "6", "source": "GPS; sign", "osm_id": 657815075, "osm_type": "node"}, "geometry": {"type": "Point", "coordinates": [102.8404099, 16.5461974]}}, {"type": "Feature", "properties": {"is_in:country": "Thailand", "is_in:country_code": "TH", "name": "\u0e1a\u0e49\u0e32\u0e19\u0e19\u0e32\u0e40\u0e1e\u0e35\u0e22\u0e07", "name:en": "Ban Na Phiang", "name:th": "\u0e1a\u0e49\u0e32\u0e19\u0e19\u0e32\u0e40\u0e1e\u0e35\u0e22\u0e07", "place": "village", "ref": "4", "source": "GPS; sign", "osm_id": 657815208, "osm_type": "node"}, "geometry": {"type": "Point", "coordinates": [102.897451, 16.5295673]}}, {"type": "Feature", "properties": {"is_in:country": "Thailand", "is_in:country_code": "TH", "is_in:iso_3166_2": "TH-40", "is_in:state": "Khon Kaen", "is_in:state_code": "40", "name": "\u0e1a\u0e49\u0e32\u0e19\u0e41\u0e2e\u0e14", "name:en": "Ban Haet", "place": "village", "osm_id": 665739703, "osm_type": "node"}, "geometry": {"type": "Point", "coordinates": [102.7480144, 16.1953427]}}, {"type": "Feature", "properties": {"capital_level": "8", "is_in:country": "Thailand", "is_in:country_code": "TH", "name": "\u0e1a\u0e49\u0e32\u0e19\u0e2b\u0e49\u0e27\u0e22\u0e41\u0e01", "name:en": "Ban Huai Kae", "name:th": "\u0e1a\u0e49\u0e32\u0e19\u0e2b\u0e49\u0e27\u0e22\u0e41\u0e01", "place": "village", "source": "GPS; sign", "osm_id": 665781430, "osm_type": "node"}, "geometry": {"type": "Point", "coordinates": [102.56416, 16.0015976]}}, {"type": "Feature", "properties": {"is_in:country": "Thailand", "is_in:country_code": "TH", "name": "\u0e1a\u0e49\u0e32\u0e19\u0e42\u0e19\u0e19\u0e2a\u0e38\u0e02\u0e43\u0e08", "name:en": "Ban Non Sukchai", "name:th": "\u0e1a\u0e49\u0e32\u0e19\u0e42\u0e19\u0e19\u0e2a\u0e38\u0e02\u0e43\u0e08", "place": "village", "source": "GPS; sign", "osm_id": 665781436, "osm_type": "node"}, "geometry": {"type": "Point", "coordinates": [102.632196, 16.0875289]}}, {"type": "Feature", "properties": {"capital_level": "8", "name": "\u0e1a\u0e49\u0e32\u0e19\u0e40\u0e21\u0e37\u0e2d\u0e07\u0e40\u0e1e\u0e35\u0e22", "name:en": "Ban Mueang Phia", "name:th": "\u0e1a\u0e49\u0e32\u0e19\u0e40\u0e21\u0e37\u0e2d\u0e07\u0e40\u0e1e\u0e35\u0e22", "place": "village", "source": "Bing; sign", "osm_id": 665781437, "osm_type": "node"}, "geometry": {"type": "Point", "coordinates": [102.659871, 16.0795318]}}, {"type": "Feature", "properties": {"is_in:country": "Thailand", "is_in:country_code": "TH", "is_in:iso_3166_2": "TH-39", "is_in:state": "Nong Bua Lam Phu", "is_in:state_code": "39", "name": "\u0e1a\u0e49\u0e32\u0e19\u0e1d\u0e32\u0e22\u0e2b\u0e34\u0e19", "name:en": "Ban Fai Hin", "place": "village", "source": "GPS; sign", "osm_id": 666484673, "osm_type": "node"}, "geometry": {"type": "Point", "coordinates": [102.5368077, 16.8652764]}}, {"type": "Feature", "properties": {"amenity": "hospital", "name": "\u0e42\u0e23\u0e07\u0e1e\u0e22\u0e32\u0e02\u0e32\u0e25\u0e42\u0e19\u0e19\u0e2a\u0e31\u0e07", "name:en": "Non Sang Hospital", "name:th": "\u0e42\u0e23\u0e07\u0e1e\u0e22\u0e32\u0e02\u0e32\u0e25\u0e42\u0e19\u0e19\u0e2a\u0e31\u0e07", "source": "GPS; sign", "osm_id": 666484678, "osm_type": "node"}, "geometry": {"type": "Point", "coordinates": [102.5512312, 16.8710627]}}, {"type": "Feature", "properties": {"is_in:country": "Thailand", "is_in:country_code": "TH", "is_in:iso_3166_2": "TH-39", "is_in:state": "Nong Bua Lam Phu", "is_in:state_code": "39", "name": "\u0e1a\u0e49\u0e32\u0e19\u0e02\u0e48\u0e32\u0e19\u0e49\u0e2d\u0e22", "name:en": "Ban Kha Noi", "place": "village", "source": "Bing; sign", "osm_id": 666487217, "osm_type": "node"}, "geometry": {"type": "Point", "coordinates": [102.3941971, 16.869955]}}, {"type": "Feature", "properties": {"is_in:country": "Thailand", "is_in:country_code": "TH", "is_in:iso_3166_2": "TH-39", "is_in:state": "Nong Bua Lam Phu", "is_in:state_code": "39", "name": "\u0e1a\u0e49\u0e32\u0e19\u0e42\u0e19\u0e19\u0e15\u0e32\u0e25", "name:en": "Ban Non Tan", "place": "village", "source": "Bing; sign", "osm_id": 666487220, "osm_type": "node"}, "geometry": {"type": "Point", "coordinates": [102.456697, 16.8565891]}}, {"type": "Feature", "properties": {"is_in:country": "Thailand", "is_in:country_code": "TH", "is_in:iso_3166_2": "TH-39", "is_in:state": "Nong Bua Lam Phu", "is_in:state_code": "39", "name": "\u0e1a\u0e49\u0e32\u0e19\u0e2b\u0e19\u0e2d\u0e07\u0e40\u0e2b\u0e21\u0e37\u0e2d\u0e14\u0e41\u0e2d\u0e48", "name:en": "Ban Nong Mueat Ae", "place": "village", "source": "Bing; sign", "osm_id": 666487227, "osm_type": "node"}, "geometry": {"type": "Point", "coordinates": [102.4947876, 16.8371038]}}, {"type": "Feature", "properties": {"is_in:country": "Thailand", "is_in:country_code": "TH", "is_in:iso_3166_2": "TH-39", "is_in:state": "Nong Bua Lam Phu", "is_in:state_code": "39", "name": "\u0e1a\u0e49\u0e32\u0e19\u0e17\u0e23\u0e31\u0e1e\u0e22\u0e4c\u0e20\u0e39\u0e40\u0e01\u0e49\u0e32", "name:en": "Ban Sap Phu Kao", "place": "village", "source": "Bing; sign", "osm_id": 666487237, "osm_type": "node"}, "geometry": {"type": "Point", "coordinates": [102.486839, 16.8576523]}}, {"type": "Feature", "properties": {"is_in:country": "Thailand", "is_in:country_code": "TH", "is_in:iso_3166_2": "TH-39", "is_in:state": "Nong Bua Lam Phu", "is_in:state_code": "39", "name": "\u0e1a\u0e49\u0e32\u0e19\u0e2b\u0e19\u0e2d\u0e07\u0e01\u0e38\u0e07\u0e04\u0e33\u0e44\u0e2e", "name:en": "Ban Nong Kung Kham Hai", "place": "village", "source": "Bing; GPS; sign", "osm_id": 666487239, "osm_type": "node"}, "geometry": {"type": "Point", "coordinates": [102.5120827, 16.8590512]}}, {"type": "Feature", "properties": {"capital_level": "8", "is_in:country": "Thailand", "is_in:country_code": "TH", "is_in:iso_3166_2": "TH-39", "is_in:state": "Nong Bua Lam Phu", "is_in:state_code": "39", "name": "\u0e1a\u0e49\u0e32\u0e19\u0e42\u0e04\u0e01\u0e21\u0e48\u0e27\u0e07", "name:en": "Ban Khok Muang", "place": "village", "source": "Bing; sign", "osm_id": 666526786, "osm_type": "node"}, "geometry": {"type": "Point", "coordinates": [102.3825254, 16.8862748]}}, {"type": "Feature", "properties": {"is_in:country": "Thailand", "is_in:country_code": "TH", "is_in:iso_3166_2": "TH-39", "is_in:state": "Nong Bua Lam Phu", "is_in:state_code": "39", "name": "\u0e1a\u0e49\u0e32\u0e19\u0e42\u0e04\u0e01\u0e28\u0e23\u0e35\u0e40\u0e23\u0e37\u0e2d\u0e07", "name:en": "Ban Khok Si Rueang", "place": "village", "source": "Bing; sign", "osm_id": 666526789, "osm_type": "node"}, "geometry": {"type": "Point", "coordinates": [102.387426, 16.8792844]}}, {"type": "Feature", "properties": {"is_in:country": "Thailand", "is_in:country_code": "TH", "is_in:iso_3166_2": "TH-40", "is_in:state": "Khon Kaen", "is_in:state_code": "40", "name": "\u0e1a\u0e49\u0e32\u0e19\u0e1d\u0e32\u0e22\u0e2b\u0e34\u0e19", "name:en": "Ban Fai Hin", "place": "village", "source": "Bing; sign", "osm_id": 666558046, "osm_type": "node"}, "geometry": {"type": "Point", "coordinates": [102.3899773, 16.77016]}}, {"type": "Feature", "properties": {"is_in:country": "Thailand", "is_in:country_code": "TH", "is_in:iso_3166_2": "TH-40", "is_in:state": "Khon Kaen", "is_in:state_code": "40", "name": "\u0e1a\u0e49\u0e32\u0e19\u0e02\u0e19\u0e27\u0e19", "name:en": "Ban Khanuan", "place": "village", "osm_id": 666558047, "osm_type": "node"}, "geometry": {"type": "Point", "coordinates": [102.3829358, 16.7857201]}}, {"type": "Feature", "properties": {"is_in:country": "Thailand", "is_in:country_code": "TH", "is_in:iso_3166_2": "TH-40", "is_in:state": "Khon Kaen", "is_in:state_code": "40", "name": "\u0e1a\u0e49\u0e32\u0e19\u0e2b\u0e19\u0e2d\u0e07\u0e17\u0e38\u0e48\u0e21", "name:en": "Ban Nong Thum", "place": "village", "source": "Bing; sign", "osm_id": 666590328, "osm_type": "node"}, "geometry": {"type": "Point", "coordinates": [102.4034407, 16.7124395]}}, {"type": "Feature", "properties": {"capital_level": "8", "is_in:country": "Thailand", "is_in:country_code": "TH", "is_in:iso_3166_2": "TH-40", "is_in:state": "Khon Kaen", "is_in:state_code": "40", "name": "\u0e1a\u0e49\u0e32\u0e19\u0e14\u0e34\u0e19\u0e14\u0e33", "name:en": "Ban Dindam", "place": "village", "source": "Bing; sign", "osm_id": 666590335, "osm_type": "node"}, "geometry": {"type": "Point", "coordinates": [102.427452, 16.7189669]}}, {"type": "Feature", "properties": {"is_in:country": "Thailand", "is_in:country_code": "TH", "is_in:iso_3166_2": "TH-40", "is_in:state": "Khon Kaen", "is_in:state_code": "40", "name": "\u0e1a\u0e49\u0e32\u0e19\u0e04\u0e36\u0e21\u0e0a\u0e32\u0e15\u0e34", "name:en": "Ban Khuem Chat", "place": "village", "source": "Bing; sign", "osm_id": 666590340, "osm_type": "node"}, "geometry": {"type": "Point", "coordinates": [102.4113468, 16.7531933]}}, {"type": "Feature", "properties": {"is_in:country": "Thailand", "is_in:country_code": "TH", "is_in:iso_3166_2": "TH-40", "is_in:state": "Khon Kaen", "is_in:state_code": "40", "name": "\u0e1a\u0e49\u0e32\u0e19\u0e01\u0e07\u0e01\u0e25\u0e32\u0e07", "name:en": "Ban Kong Klang", "place": "village", "source": "Bing; sign", "osm_id": 666677383, "osm_type": "node"}, "geometry": {"type": "Point", "coordinates": [102.5360063, 16.5173924]}}, {"type": "Feature", "properties": {"addr:postcode": "40240", "capital_level": "8", "is_in:country": "Thailand", "is_in:country_code": "TH", "is_in:iso_3166_2": "TH-40", "is_in:state": "Khon Kaen", "is_in:state_code": "40", "name": "\u0e1a\u0e49\u0e32\u0e19\u0e01\u0e07", "name:en": "Ban Kong", "place": "village", "source": "Bing; sign", "osm_id": 666677384, "osm_type": "node"}, "geometry": {"type": "Point", "coordinates": [102.5428545, 16.515038]}}, {"type": "Feature", "properties": {"is_in:country": "Thailand", "is_in:country_code": "TH", "is_in:iso_3166_2": "TH-40", "is_in:state": "Khon Kaen", "is_in:state_code": "40", "name": "\u0e1a\u0e49\u0e32\u0e19\u0e2b\u0e19\u0e2d\u0e07\u0e41\u0e2a\u0e07", "name:en": "Ban Nong Saeng", "place": "village", "source": "Bing; sign", "osm_id": 666677385, "osm_type": "node"}, "geometry": {"type": "Point", "coordinates": [102.5618799, 16.5163986]}}, {"type": "Feature", "properties": {"is_in:country": "Thailand", "is_in:country_code": "TH", "is_in:iso_3166_2": "TH-40", "is_in:state": "Khon Kaen", "is_in:state_code": "40", "name": "\u0e1a\u0e49\u0e32\u0e19\u0e19\u0e32\u0e1d\u0e32\u0e22", "name:en": "Ban Na Fai", "place": "village", "source": "Bing; sign", "osm_id": 666677386, "osm_type": "node"}, "geometry": {"type": "Point", "coordinates": [102.5818946, 16.5060307]}}, {"type": "Feature", "properties": {"is_in:country": "Thailand", "is_in:country_code": "TH", "is_in:iso_3166_2": "TH-40", "is_in:state": "Khon Kaen", "is_in:state_code": "40", "name": "\u0e1a\u0e49\u0e32\u0e19\u0e2b\u0e31\u0e19", "name:en": "Ban Han", "place": "village", "source": "Bing; sign", "osm_id": 666677387, "osm_type": "node"}, "geometry": {"type": "Point", "coordinates": [102.423307, 16.677063]}}, {"type": "Feature", "properties": {"capital_level": "8", "is_in:country": "Thailand", "is_in:country_code": "TH", "is_in:iso_3166_2": "TH-40", "is_in:state": "Khon Kaen", "is_in:state_code": "40", "name": "\u0e1a\u0e49\u0e32\u0e19\u0e01\u0e38\u0e14\u0e02\u0e2d\u0e19\u0e41\u0e01\u0e48\u0e19", "name:en": "Ban Kut Khon Kaen", "place": "village", "source": "Bing; sign", "osm_id": 666677390, "osm_type": "node"}, "geometry": {"type": "Point", "coordinates": [102.5020301, 16.5745971]}}, {"type": "Feature", "properties": {"is_in:country": "Thailand", "is_in:country_code": "TH", "is_in:iso_3166_2": "TH-40", "is_in:state": "Khon Kaen", "is_in:state_code": "40", "name": "\u0e1a\u0e49\u0e32\u0e19\u0e42\u0e19\u0e19\u0e2a\u0e33\u0e23\u0e32\u0e0d", "name:en": "Ban Non Samran", "place": "village", "source": "Bing; sign", "osm_id": 666677391, "osm_type": "node"}, "geometry": {"type": "Point", "coordinates": [102.5077099, 16.5998024]}}, {"type": "Feature", "properties": {"is_in:country": "Thailand", "is_in:country_code": "TH", "is_in:iso_3166_2": "TH-40", "is_in:state": "Khon Kaen", "is_in:state_code": "40", "name": "\u0e1a\u0e49\u0e32\u0e19\u0e2b\u0e19\u0e2d\u0e07\u0e1c\u0e37\u0e2d", "name:en": "Ban Nong Phue", "place": "village", "source": "Bing; sign", "osm_id": 666677392, "osm_type": "node"}, "geometry": {"type": "Point", "coordinates": [102.5667866, 16.5693156]}}, {"type": "Feature", "properties": {"is_in:country": "Thailand", "is_in:country_code": "TH", "is_in:iso_3166_2": "TH-40", "is_in:state": "Khon Kaen", "is_in:state_code": "40", "name": "\u0e1a\u0e49\u0e32\u0e19\u0e1a\u0e30\u0e22\u0e32\u0e27", "name:en": "Ban Ba Yao", "place": "village", "source": "Bing; sign", "osm_id": 666677393, "osm_type": "node"}, "geometry": {"type": "Point", "coordinates": [102.5894381, 16.5277874]}}, {"type": "Feature", "properties": {"is_in:country": "Thailand", "is_in:country_code": "TH", "is_in:iso_3166_2": "TH-40", "is_in:state": "Khon Kaen", "is_in:state_code": "40", "name": "\u0e1a\u0e49\u0e32\u0e19\u0e04\u0e33\u0e2b\u0e0d\u0e49\u0e32\u0e41\u0e14\u0e07", "name:en": "Ban Kham Ya Daeng", "place": "village", "source": "Bing; sign", "osm_id": 666677401, "osm_type": "node"}, "geometry": {"type": "Point", "coordinates": [102.6091337, 16.58486]}}, {"type": "Feature", "properties": {"is_in:country": "Thailand", "is_in:country_code": "TH", "is_in:iso_3166_2": "TH-40", "is_in:state": "Khon Kaen", "is_in:state_code": "40", "name": "\u0e1a\u0e49\u0e32\u0e19\u0e1b\u0e32\u0e01\u0e0a\u0e48\u0e2d\u0e07", "name:en": "Ban Pak Chong", "place": "village", "source": "Bing; sign", "osm_id": 666677402, "osm_type": "node"}, "geometry": {"type": "Point", "coordinates": [102.5941682, 16.5778087]}}, {"type": "Feature", "properties": {"is_in:country": "Thailand", "is_in:country_code": "TH", "is_in:iso_3166_2": "TH-40", "is_in:state": "Khon Kaen", "is_in:state_code": "40", "name": "\u0e1a\u0e49\u0e32\u0e19\u0e2b\u0e19\u0e2d\u0e07\u0e01\u0e23\u0e30\u0e41\u0e2b\u0e25\u0e48\u0e07", "name:en": "Ban Nong Kralaeng", "place": "village", "source": "Bing; sign", "osm_id": 666677407, "osm_type": "node"}, "geometry": {"type": "Point", "coordinates": [102.486883, 16.6272652]}}, {"type": "Feature", "properties": {"is_in:country": "Thailand", "is_in:country_code": "TH", "is_in:iso_3166_2": "TH-40", "is_in:state": "Khon Kaen", "is_in:state_code": "40", "name": "\u0e1a\u0e49\u0e32\u0e19\u0e42\u0e19\u0e19\u0e28\u0e34\u0e25\u0e32", "name:en": "Ban Non Sila", "place": "village", "source": "Bing; sign", "osm_id": 666677408, "osm_type": "node"}, "geometry": {"type": "Point", "coordinates": [102.5148708, 16.6163143]}}, {"type": "Feature", "properties": {"is_in:country": "Thailand", "is_in:country_code": "TH", "name": "\u0e1a\u0e49\u0e32\u0e19\u0e42\u0e19\u0e19\u0e1e\u0e31\u0e12\u0e19\u0e32", "name:en": "Ban Non Phatthana", "name:th": "\u0e1a\u0e49\u0e32\u0e19\u0e42\u0e19\u0e19\u0e1e\u0e31\u0e12\u0e19\u0e32", "place": "village", "source": "GPS; sign", "osm_id": 666677409, "osm_type": "node"}, "geometry": {"type": "Point", "coordinates": [102.528095, 16.6283577]}}, {"type": "Feature", "properties": {"amenity": "clinic", "emergency": "no", "fixme": "name missing", "healthcare": "clinic", "name": "\u0e42\u0e23\u0e07\u0e1e\u0e22\u0e32\u0e1a\u0e32\u0e25\u0e2a\u0e48\u0e07\u0e40\u0e2a\u0e23\u0e34\u0e21\u0e2a\u0e38\u0e02\u0e20\u0e32\u0e1e\u0e15\u0e33\u0e1a\u0e25", "name:en": "Subdistrict Health Promoting Hospital", "source": "GPS; sign", "osm_id": 666677412, "osm_type": "node"}, "geometry": {"type": "Point", "coordinates": [102.5282461, 16.6304881]}}, {"type": "Feature", "properties": {"is_in:country": "Thailand", "is_in:country_code": "TH", "name": "\u0e1a\u0e49\u0e32\u0e19\u0e2b\u0e19\u0e2d\u0e07\u0e42\u0e19", "name:en": "Ban Nong No", "name:th": "\u0e1a\u0e49\u0e32\u0e19\u0e2b\u0e19\u0e2d\u0e07\u0e42\u0e19", "place": "village", "source": "GPS; sign", "osm_id": 666677416, "osm_type": "node"}, "geometry": {"type": "Point", "coordinates": [102.531311, 16.632897]}}, {"type": "Feature", "properties": {"capital_level": "8", "is_in:country": "Thailand", "is_in:country_code": "TH", "name": "\u0e1a\u0e49\u0e32\u0e19\u0e2b\u0e19\u0e2d\u0e07\u0e01\u0e38\u0e07\u0e40\u0e0b\u0e34\u0e19", "name:en": "Ban Nong Kung Soen", "name:th": "\u0e1a\u0e49\u0e32\u0e19\u0e2b\u0e19\u0e2d\u0e07\u0e01\u0e38\u0e07\u0e40\u0e0b\u0e34\u0e19", "place": "village", "source": "GPS; sign", "osm_id": 666677422, "osm_type": "node"}, "geometry": {"type": "Point", "coordinates": [102.5361, 16.6340849]}}, {"type": "Feature", "properties": {"is_in:country": "Thailand", "is_in:country_code": "TH", "is_in:iso_3166_2": "TH-40", "is_in:state": "Khon Kaen", "is_in:state_code": "40", "name": "\u0e1a\u0e49\u0e32\u0e19\u0e42\u0e2a\u0e01\u0e2b\u0e49\u0e32\u0e07", "name:en": "Ban Sok Hang", "place": "village", "source": "Bing; sign", "osm_id": 666677447, "osm_type": "node"}, "geometry": {"type": "Point", "coordinates": [102.5132514, 16.697849]}}, {"type": "Feature", "properties": {"capital_level": "8", "is_in:country": "Thailand", "is_in:country_code": "TH", "name": "\u0e1a\u0e49\u0e32\u0e19\u0e19\u0e32\u0e2b\u0e27\u0e49\u0e32", "name:en": "Ban Na Wa", "name:th": "\u0e1a\u0e49\u0e32\u0e19\u0e19\u0e32\u0e2b\u0e27\u0e49\u0e32", "place": "village", "ref": "1", "source": "GPS; sign", "osm_id": 666677449, "osm_type": "node"}, "geometry": {"type": "Point", "coordinates": [102.535863, 16.6895098]}}, {"type": "Feature", "properties": {"is_in:country": "Thailand", "is_in:country_code": "TH", "is_in:iso_3166_2": "TH-40", "is_in:state": "Khon Kaen", "is_in:state_code": "40", "name": "\u0e1a\u0e49\u0e32\u0e19\u0e20\u0e39\u0e40\u0e02\u0e32\u0e27\u0e07", "name:en": "Ban Phukhao Wong", "place": "village", "source": "Bing; sign", "osm_id": 666677454, "osm_type": "node"}, "geometry": {"type": "Point", "coordinates": [102.5799177, 16.6531627]}}, {"type": "Feature", "properties": {"is_in:country": "Thailand", "is_in:country_code": "TH", "name": "\u0e1a\u0e49\u0e32\u0e19\u0e18\u0e32\u0e15\u0e38\u0e1e\u0e19\u0e21", "name:en": "Ban That Phanom", "name:th": "\u0e1a\u0e49\u0e32\u0e19\u0e18\u0e32\u0e15\u0e38\u0e1e\u0e19\u0e21", "place": "village", "source": "GPS; sign", "osm_id": 671949930, "osm_type": "node"}, "geometry": {"type": "Point", "coordinates": [103.237102, 16.5882454]}}, {"type": "Feature", "properties": {"amenity": "hospital", "name": "\u0e42\u0e23\u0e07\u0e1e\u0e22\u0e32\u0e02\u0e32\u0e25\u0e2b\u0e49\u0e27\u0e22\u0e40\u0e21\u0e47\u0e01", "name:en": "Huai Mek Hospital", "name:th": "\u0e42\u0e23\u0e07\u0e1e\u0e22\u0e32\u0e02\u0e32\u0e25\u0e2b\u0e49\u0e27\u0e22\u0e40\u0e21\u0e47\u0e01", "source": "GPS; sign", "osm_id": 671949934, "osm_type": "node"}, "geometry": {"type": "Point", "coordinates": [103.229152, 16.5960534]}}, {"type": "Feature", "properties": {"amenity": "school", "name": "\u0e42\u0e23\u0e07\u0e40\u0e23\u0e35\u0e22\u0e19\u0e40\u0e17\u0e28\u0e1a\u0e32\u0e25\u0e2b\u0e19\u0e2d\u0e07\u0e43\u0e2b\u0e0d\u0e48", "name:en": "Nong Yai Municipal School", "name:th": "\u0e42\u0e23\u0e07\u0e40\u0e23\u0e35\u0e22\u0e19\u0e40\u0e17\u0e28\u0e1a\u0e32\u0e25\u0e2b\u0e19\u0e2d\u0e07\u0e43\u0e2b\u0e0d\u0e48", "source": "GPS; sign", "osm_id": 725987413, "osm_type": "node"}, "geometry": {"type": "Point", "coordinates": [102.8723386, 16.4274965]}}, {"type": "Feature", "properties": {"is_in:country": "Thailand", "is_in:country_code": "TH", "name": "\u0e1a\u0e49\u0e32\u0e19\u0e44\u0e17\u0e23\u0e17\u0e2d\u0e07", "name:en": "Ban Saithong", "name:th": "\u0e1a\u0e49\u0e32\u0e19\u0e44\u0e17\u0e23\u0e17\u0e2d\u0e07", "place": "village", "ref": "23", "source": "GPS; sign", "osm_id": 728293905, "osm_type": "node"}, "geometry": {"type": "Point", "coordinates": [102.8088923, 16.4317002]}}, {"type": "Feature", "properties": {"is_in:country": "Thailand", "is_in:country_code": "TH", "name": "\u0e1a\u0e49\u0e32\u0e19\u0e2a\u0e38\u0e20\u0e31\u0e17\u0e23\u0e32", "name:en": "Ban Su Phat Ra", "name:th": "\u0e1a\u0e49\u0e32\u0e19\u0e2a\u0e38\u0e20\u0e31\u0e17\u0e23\u0e32", "place": "village", "ref": "20", "source": "GPS; sign", "osm_id": 728293979, "osm_type": "node"}, "geometry": {"type": "Point", "coordinates": [102.790251, 16.4466977]}}, {"type": "Feature", "properties": {"amenity": "doctors", "healthcare": "doctor", "name": "\u0e04\u0e25\u0e34\u0e19\u0e34\u0e01\u0e41\u0e1e\u0e17\u0e22\u0e4c\u0e40\u0e0b\u0e19\u0e15\u0e4c\u0e1b\u0e2d\u0e25\u0e2a\u0e4c", "name:en": "St. Pauls Clinic", "name:th": "\u0e04\u0e25\u0e34\u0e19\u0e34\u0e01\u0e41\u0e1e\u0e17\u0e22\u0e4c\u0e40\u0e0b\u0e19\u0e15\u0e4c\u0e1b\u0e2d\u0e25\u0e2a\u0e4c", "source": "GPS; sign", "osm_id": 733932922, "osm_type": "node"}, "geometry": {"type": "Point", "coordinates": [102.8334372, 16.4366836]}}, {"type": "Feature", "properties": {"amenity": "doctors", "healthcare": "doctor", "name": "\u0e04\u0e25\u0e34\u0e19\u0e34\u0e01\u0e40\u0e14\u0e47\u0e01 \u0e19\u0e32\u0e22\u0e41\u0e1e\u0e17\u0e22\u0e4c\u0e21\u0e19\u0e31\u0e2a", "name:en": "Doctor Manas Clinic", "name:th": "\u0e04\u0e25\u0e34\u0e19\u0e34\u0e01\u0e40\u0e14\u0e47\u0e01 \u0e19\u0e32\u0e22\u0e41\u0e1e\u0e17\u0e22\u0e4c\u0e21\u0e19\u0e31\u0e2a", "source": "GPS; sign", "osm_id": 734998971, "osm_type": "node"}, "geometry": {"type": "Point", "coordinates": [102.8347156, 16.4368858]}}, {"type": "Feature", "properties": {"amenity": "doctors", "healthcare": "doctor", "name": "\u0e04\u0e25\u0e34\u0e19\u0e34\u0e01\u0e28\u0e31\u0e25\u0e22\u0e01\u0e23\u0e23\u0e21\u0e15\u0e01\u0e41\u0e15\u0e48\u0e07 \u0e19.\u0e1e. \u0e1a\u0e27\u0e23\u0e28\u0e34\u0e25\u0e1b\u0e4c", "name:en": "Dr. Borwornsilp Cosmetic Surgery Clinic", "name:th": "\u0e04\u0e25\u0e34\u0e19\u0e34\u0e01\u0e28\u0e31\u0e25\u0e22\u0e01\u0e23\u0e23\u0e21\u0e15\u0e01\u0e41\u0e15\u0e48\u0e07 \u0e19.\u0e1e. \u0e1a\u0e27\u0e23\u0e28\u0e34\u0e25\u0e1b\u0e4c", "source": "GPS; sign", "osm_id": 746363964, "osm_type": "node"}, "geometry": {"type": "Point", "coordinates": [102.841352, 16.4334059]}}, {"type": "Feature", "properties": {"is_in:country": "Thailand", "is_in:country_code": "TH", "is_in:iso_3166_2": "TH-40", "is_in:state": "Khon Kaen", "is_in:state_code": "40", "name": "\u0e1a\u0e49\u0e32\u0e19\u0e1e\u0e34\u0e21\u0e49\u0e32\u0e19\u0e18\u0e32\u0e19\u0e35", "name:en": "Ban Phimanthani", "name:th": "\u0e1a\u0e49\u0e32\u0e19\u0e1e\u0e34\u0e21\u0e49\u0e32\u0e19\u0e18\u0e32\u0e19\u0e35", "place": "village", "source": "Bing; sign", "osm_id": 751995567, "osm_type": "node"}, "geometry": {"type": "Point", "coordinates": [102.8088247, 16.6730608]}}, {"type": "Feature", "properties": {"name": "\u0e1a\u0e49\u0e32\u0e19\u0e2b\u0e19\u0e2d\u0e07\u0e2d\u0e49\u0e2d\u0e19\u0e49\u0e2d\u0e22", "name:en": "Ban Nong O Noi", "name:th": "\u0e1a\u0e49\u0e32\u0e19\u0e2b\u0e19\u0e2d\u0e07\u0e2d\u0e49\u0e2d\u0e19\u0e49\u0e2d\u0e22", "place": "village", "source": "Bing; sign", "osm_id": 752037923, "osm_type": "node"}, "geometry": {"type": "Point", "coordinates": [102.8119476, 16.7245839]}}, {"type": "Feature", "properties": {"name": "\u0e1a\u0e49\u0e32\u0e19\u0e1a\u0e36\u0e07\u0e01\u0e25\u0e32\u0e07", "name:en": "Ban Bueng Klang", "name:th": "\u0e1a\u0e49\u0e32\u0e19\u0e1a\u0e36\u0e07\u0e01\u0e25\u0e32\u0e07", "place": "village", "ref": "7", "source": "GPS; sign", "osm_id": 752478120, "osm_type": "node"}, "geometry": {"type": "Point", "coordinates": [102.8364008, 16.6414843]}}, {"type": "Feature", "properties": {"is_in:country": "Thailand", "is_in:country_code": "TH", "name": "\u0e1a\u0e49\u0e32\u0e19\u0e2b\u0e19\u0e2d\u0e07\u0e04\u0e49\u0e32", "name:en": "Ban Nong Kha", "name:th": "\u0e1a\u0e49\u0e32\u0e19\u0e2b\u0e19\u0e2d\u0e07\u0e04\u0e49\u0e32", "place": "village", "ref": "5", "source": "GPS; sign", "osm_id": 752562200, "osm_type": "node"}, "geometry": {"type": "Point", "coordinates": [102.856, 16.5535507]}}, {"type": "Feature", "properties": {"is_in:country": "Thailand", "is_in:country_code": "TH", "name": "\u0e1a\u0e49\u0e32\u0e19\u0e01\u0e25\u0e32\u0e07\u0e2e\u0e38\u0e07", "name:en": "Ban Klang Hung", "name:th": "\u0e1a\u0e49\u0e32\u0e19\u0e01\u0e25\u0e32\u0e07\u0e2e\u0e38\u0e07", "place": "village", "ref": "6", "source": "GPS; sign", "osm_id": 752562206, "osm_type": "node"}, "geometry": {"type": "Point", "coordinates": [102.861394, 16.5588986]}}, {"type": "Feature", "properties": {"amenity": "school", "name": "\u0e42\u0e23\u0e07\u0e40\u0e23\u0e35\u0e22\u0e19\u0e21\u0e13\u0e35\u0e2d\u0e19\u0e38\u0e2a\u0e23\u0e13\u0e4c\u0e28\u0e36\u0e01\u0e29\u0e32", "name:en": "Manee Anusorn Sueksa School", "name:th": "\u0e42\u0e23\u0e07\u0e40\u0e23\u0e35\u0e22\u0e19\u0e21\u0e13\u0e35\u0e2d\u0e19\u0e38\u0e2a\u0e23\u0e13\u0e4c\u0e28\u0e36\u0e01\u0e29\u0e32", "source": "GPS; sign", "osm_id": 759348465, "osm_type": "node"}, "geometry": {"type": "Point", "coordinates": [102.8296884, 16.4250382]}}, {"type": "Feature", "properties": {"amenity": "school", "name": "\u0e42\u0e23\u0e07\u0e40\u0e23\u0e35\u0e22\u0e19\u0e40\u0e17\u0e28\u0e1a\u0e32\u0e25\u0e1a\u0e49\u0e32\u0e19\u0e42\u0e19\u0e19\u0e2b\u0e19\u0e2d\u0e07\u0e27\u0e31\u0e14", "name:en": "Ban Non Nongwat Municipal School", "name:th": "\u0e42\u0e23\u0e07\u0e40\u0e23\u0e35\u0e22\u0e19\u0e40\u0e17\u0e28\u0e1a\u0e32\u0e25\u0e1a\u0e49\u0e32\u0e19\u0e42\u0e19\u0e19\u0e2b\u0e19\u0e2d\u0e07\u0e27\u0e31\u0e14", "source": "GPS; sign", "osm_id": 759397099, "osm_type": "node"}, "geometry": {"type": "Point", "coordinates": [102.8282722, 16.4216902]}}, {"type": "Feature", "properties": {"amenity": "school", "name": "\u0e28\u0e39\u0e19\u0e22\u0e4c\u0e01\u0e32\u0e23\u0e28\u0e36\u0e01\u0e29\u0e32\u0e19\u0e2d\u0e01\u0e23\u0e30\u0e1a\u0e1a\u0e41\u0e25\u0e30\u0e01\u0e32\u0e23\u0e28\u0e36\u0e01\u0e29\u0e32\u0e15\u0e32\u0e21\u0e2d\u0e31\u0e18\u0e22\u0e32\u0e28\u0e31\u0e22 \u0e2d\u0e33\u0e40\u0e20\u0e2d\u0e40\u0e21\u0e37\u0e2d\u0e07\u0e02\u0e2d\u0e19\u0e41\u0e01\u0e48\u0e19", "name:en": "Muang Khon Kaen District Non-formal and Informal Education Center", "name:th": "\u0e28\u0e39\u0e19\u0e22\u0e4c\u0e01\u0e32\u0e23\u0e28\u0e36\u0e01\u0e29\u0e32\u0e19\u0e2d\u0e01\u0e23\u0e30\u0e1a\u0e1a\u0e41\u0e25\u0e30\u0e01\u0e32\u0e23\u0e28\u0e36\u0e01\u0e29\u0e32\u0e15\u0e32\u0e21\u0e2d\u0e31\u0e18\u0e22\u0e32\u0e28\u0e31\u0e22 \u0e2d\u0e33\u0e40\u0e20\u0e2d\u0e40\u0e21\u0e37\u0e2d\u0e07\u0e02\u0e2d\u0e19\u0e41\u0e01\u0e48\u0e19", "source": "GPS; sign", "osm_id": 761253629, "osm_type": "node"}, "geometry": {"type": "Point", "coordinates": [102.8266034, 16.4180971]}}, {"type": "Feature", "properties": {"amenity": "doctors", "healthcare": "doctor", "name": "\u0e28\u0e39\u0e19\u0e22\u0e4c\u0e40\u0e08\u0e15\u0e1a\u0e38\u0e15\u0e23", "name:en": "Getabutra Art Center", "name:th": "\u0e28\u0e39\u0e19\u0e22\u0e4c\u0e40\u0e08\u0e15\u0e1a\u0e38\u0e15\u0e23", "source": "GPS; sign", "osm_id": 765037060, "osm_type": "node"}, "geometry": {"type": "Point", "coordinates": [102.8388666, 16.4361222]}}, {"type": "Feature", "properties": {"amenity": "school", "check_date": "2026-01-22", "name": "\u0e42\u0e23\u0e07\u0e40\u0e23\u0e35\u0e22\u0e19\u0e02\u0e2d\u0e19\u0e41\u0e01\u0e48\u0e19\u0e04\u0e23\u0e34\u0e2a\u0e40\u0e15\u0e35\u0e22\u0e19", "name:en": "Khon Kaen Christian School", "name:th": "\u0e42\u0e23\u0e07\u0e40\u0e23\u0e35\u0e22\u0e19\u0e02\u0e2d\u0e19\u0e41\u0e01\u0e48\u0e19\u0e04\u0e23\u0e34\u0e2a\u0e40\u0e15\u0e35\u0e22\u0e19", "source": "GPS; sign", "wikidata": "Q72935574", "osm_id": 767880850, "osm_type": "node"}, "geometry": {"type": "Point", "coordinates": [102.8313913, 16.4357968]}}, {"type": "Feature", "properties": {"amenity": "doctors", "healthcare": "doctor", "name": "\u0e2b\u0e21\u0e2d\u0e27\u0e34\u0e11\u0e39\u0e23\u0e22\u0e4c", "name:en": "Dr. Withun", "name:th": "\u0e2b\u0e21\u0e2d\u0e27\u0e34\u0e11\u0e39\u0e23\u0e22\u0e4c", "source": "GPS; sign", "osm_id": 767880884, "osm_type": "node"}, "geometry": {"type": "Point", "coordinates": [102.8301962, 16.4370722]}}, {"type": "Feature", "properties": {"is_in:country": "Thailand", "is_in:country_code": "TH", "is_in:iso_3166_2": "TH-40", "is_in:state": "Khon Kaen", "is_in:state_code": "40", "name": "\u0e1a\u0e49\u0e32\u0e19\u0e02\u0e32\u0e21\u0e40\u0e08\u0e23\u0e34\u0e0d", "name:en": "Ban Kham Charoen", "place": "village", "source": "Bing; sign", "osm_id": 769719287, "osm_type": "node"}, "geometry": {"type": "Point", "coordinates": [102.8052035, 16.4087799]}}, {"type": "Feature", "properties": {"amenity": "doctors", "description:th": "\u0e04\u0e25\u0e34\u0e19\u0e34\u0e01\u0e40\u0e09\u0e1e\u0e32\u0e30\u0e17\u0e32\u0e07\u0e14\u0e49\u0e32\u0e19\u0e40\u0e27\u0e0a\u0e01\u0e23\u0e23\u0e21\u0e2a\u0e39\u0e15\u0e34\u0e19\u0e23\u0e35\u0e40\u0e27\u0e0a\u0e41\u0e25\u0e30\u0e01\u0e38\u0e21\u0e32\u0e23\u0e40\u0e27\u0e0a", "healthcare": "doctor", "healthcare:speciality": "gynaecology;paediatrics", "name": "\u0e2b\u0e21\u0e2d\u0e23\u0e31\u0e15\u0e19\u0e32\u0e41\u0e25\u0e30\u0e2b\u0e21\u0e2d\u0e1e\u0e31\u0e0a\u0e23\u0e35", "name:en": "Doctor Rattana & Doctor Phatchari", "name:th": "\u0e2b\u0e21\u0e2d\u0e23\u0e31\u0e15\u0e19\u0e32\u0e41\u0e25\u0e30\u0e2b\u0e21\u0e2d\u0e1e\u0e31\u0e0a\u0e23\u0e35", "opening_hours": "Mo-Fr 18:00-23:00; Sa,Su,PH 10:30-18:00", "source": "GPS; sign", "osm_id": 773662066, "osm_type": "node"}, "geometry": {"type": "Point", "coordinates": [102.8330211, 16.4233438]}}, {"type": "Feature", "properties": {"is_in:country": "Thailand", "is_in:country_code": "TH", "name": "\u0e1a\u0e49\u0e32\u0e19\u0e28\u0e23\u0e35\u0e10\u0e32\u0e19", "name:en": "Ban Si Thani", "name:th": "\u0e1a\u0e49\u0e32\u0e19\u0e28\u0e23\u0e35\u0e10\u0e32\u0e19", "place": "village", "ref": "23", "source": "GPS; sign", "osm_id": 777633268, "osm_type": "node"}, "geometry": {"type": "Point", "coordinates": [102.8151972, 16.4338371]}}, {"type": "Feature", "properties": {"amenity": "school", "name": "\u0e42\u0e23\u0e07\u0e40\u0e23\u0e35\u0e22\u0e19\u0e27\u0e34\u0e40\u0e27\u0e01\u0e18\u0e23\u0e23\u0e21\u0e1b\u0e23\u0e30\u0e2a\u0e34\u0e17\u0e18\u0e34\u0e4c\u0e27\u0e34\u0e17\u0e22\u0e32", "name:en": "Wiwekthammaprasit Witthaya School", "name:th": "\u0e42\u0e23\u0e07\u0e40\u0e23\u0e35\u0e22\u0e19\u0e27\u0e34\u0e40\u0e27\u0e01\u0e18\u0e23\u0e23\u0e21\u0e1b\u0e23\u0e30\u0e2a\u0e34\u0e17\u0e18\u0e34\u0e4c\u0e27\u0e34\u0e17\u0e22\u0e32", "source": "GPS; sign", "osm_id": 787224626, "osm_type": "node"}, "geometry": {"type": "Point", "coordinates": [102.8350498, 16.4189116]}}, {"type": "Feature", "properties": {"amenity": "school", "name": "\u0e42\u0e23\u0e07\u0e40\u0e23\u0e35\u0e22\u0e19\u0e27\u0e31\u0e14\u0e28\u0e23\u0e35\u0e08\u0e31\u0e19\u0e17\u0e23\u0e4c", "name:en": "Wat Sri Chan School", "name:th": "\u0e42\u0e23\u0e07\u0e40\u0e23\u0e35\u0e22\u0e19\u0e27\u0e31\u0e14\u0e28\u0e23\u0e35\u0e08\u0e31\u0e19\u0e17\u0e23\u0e4c", "source": "GPS; sign", "osm_id": 803877454, "osm_type": "node"}, "geometry": {"type": "Point", "coordinates": [102.840179, 16.4302854]}}, {"type": "Feature", "properties": {"is_in:country": "Thailand", "is_in:country_code": "TH", "name": "\u0e42\u0e04\u0e25\u0e31\u0e21\u0e42\u0e1a", "name:en": "Columbo", "name:th": "\u0e42\u0e04\u0e25\u0e31\u0e21\u0e42\u0e1a", "place": "village", "ref": "19", "source": "GPS;sign", "osm_id": 833702774, "osm_type": "node"}, "geometry": {"type": "Point", "coordinates": [102.8038901, 16.4790946]}}, {"type": "Feature", "properties": {"addr:district": "Mueang Khon Kaen", "addr:hamlet": "Mu 14", "addr:housenumber": "285", "addr:postcode": "40000", "addr:province": "Khon Kaen", "addr:subdistrict": "Ban Pet", "amenity": "school", "name": "\u0e42\u0e23\u0e07\u0e40\u0e23\u0e35\u0e22\u0e19\u0e0d\u0e32\u0e13\u0e44\u0e1e\u0e28\u0e32\u0e25\u0e27\u0e34\u0e17\u0e22\u0e32", "name:en": "Yan Phaisan Witthaya School", "name:th": "\u0e42\u0e23\u0e07\u0e40\u0e23\u0e35\u0e22\u0e19\u0e0d\u0e32\u0e13\u0e44\u0e1e\u0e28\u0e32\u0e25\u0e27\u0e34\u0e17\u0e22\u0e32", "source": "GPS; sign", "osm_id": 876654985, "osm_type": "node"}, "geometry": {"type": "Point", "coordinates": [102.7929584, 16.4431758]}}, {"type": "Feature", "properties": {"addr:postcode": "40000", "is_in:country": "Thailand", "is_in:country_code": "TH", "name": "\u0e1a\u0e49\u0e32\u0e19\u0e01\u0e31\u0e07\u0e27\u0e32\u0e19", "name:en": "Ban Kangwan", "name:th": "\u0e1a\u0e49\u0e32\u0e19\u0e01\u0e31\u0e07\u0e27\u0e32\u0e19", "place": "village", "source": "GPS; sign", "osm_id": 891306763, "osm_type": "node"}, "geometry": {"type": "Point", "coordinates": [102.810602, 16.4208091]}}, {"type": "Feature", "properties": {"amenity": "hospital", "name": "\u0e28\u0e39\u0e19\u0e22\u0e4c\u0e2d\u0e19\u0e32\u0e21\u0e31\u0e22\u0e17\u0e35\u0e48 6", "name:en": "Regional Health Promotion Center 6", "name:th": "\u0e28\u0e39\u0e19\u0e22\u0e4c\u0e2d\u0e19\u0e32\u0e21\u0e31\u0e22\u0e17\u0e35\u0e48 6", "source": "GPS; sign", "osm_id": 1091369946, "osm_type": "node"}, "geometry": {"type": "Point", "coordinates": [102.8510992, 16.429482]}}, {"type": "Feature", "properties": {"capital_level": "8", "is_in:country": "Thailand", "is_in:country_code": "TH", "is_in:iso_3166_2": "TH-44", "is_in:state": "Maha Sarakham", "is_in:state_code": "44", "name": "\u0e1a\u0e49\u0e32\u0e19\u0e2b\u0e19\u0e2d\u0e07\u0e1a\u0e2d\u0e19", "name:en": "Ban Nong Bon", "place": "village", "source": "Bing; sign", "osm_id": 1096043663, "osm_type": "node"}, "geometry": {"type": "Point", "coordinates": [103.0087849, 16.2629]}}, {"type": "Feature", "properties": {"capital_level": "8", "is_in:country": "Thailand", "is_in:country_code": "TH", "name": "\u0e1a\u0e49\u0e32\u0e19\u0e41\u0e1e\u0e07", "name:en": "Ban Phaeng", "name:th": "\u0e1a\u0e49\u0e32\u0e19\u0e41\u0e1e\u0e07", "place": "village", "source": "GPS; sign", "osm_id": 1096043700, "osm_type": "node"}, "geometry": {"type": "Point", "coordinates": [102.9808479, 16.2689125]}}, {"type": "Feature", "properties": {"capital_level": "8", "is_in:country": "Thailand", "is_in:country_code": "TH", "name": "\u0e1a\u0e49\u0e32\u0e19\u0e17\u0e48\u0e32\u0e2a\u0e2d\u0e07\u0e04\u0e2d\u0e19", "name:en": "Ban Tha Song Khon", "name:th": "\u0e1a\u0e49\u0e32\u0e19\u0e17\u0e48\u0e32\u0e2a\u0e2d\u0e07\u0e04\u0e2d\u0e19", "place": "village", "source": "GPS; sign", "osm_id": 1096047421, "osm_type": "node"}, "geometry": {"type": "Point", "coordinates": [103.2217509, 16.1892552]}}, {"type": "Feature", "properties": {"amenity": "school", "name": "\u0e42\u0e23\u0e07\u0e40\u0e23\u0e35\u0e22\u0e19\u0e1e\u0e31\u0e12\u0e19\u0e32\u0e40\u0e14\u0e47\u0e01 \u0e1b\u0e23\u0e30\u0e0a\u0e32\u0e2a\u0e42\u0e21\u0e2a\u0e23", "name:en": "Phattanadek School Pracha Samoson", "name:th": "\u0e42\u0e23\u0e07\u0e40\u0e23\u0e35\u0e22\u0e19\u0e1e\u0e31\u0e12\u0e19\u0e32\u0e40\u0e14\u0e47\u0e01 \u0e1b\u0e23\u0e30\u0e0a\u0e32\u0e2a\u0e42\u0e21\u0e2a\u0e23", "source": "GPS; sign", "osm_id": 1104426862, "osm_type": "node"}, "geometry": {"type": "Point", "coordinates": [102.846377, 16.4365281]}}, {"type": "Feature", "properties": {"is_in:country": "Thailand", "is_in:country_code": "TH", "is_in:iso_3166_2": "TH-40", "is_in:state": "Khon Kaen", "is_in:state_code": "40", "name": "\u0e1a\u0e49\u0e32\u0e19\u0e40\u0e2b\u0e25\u0e48\u0e32\u0e19\u0e32\u0e14\u0e35", "name:en": "Ban Lao Na Di", "place": "village", "source": "Bing; sign", "osm_id": 1108514730, "osm_type": "node"}, "geometry": {"type": "Point", "coordinates": [102.7051445, 16.3848243]}}, {"type": "Feature", "properties": {"capital_level": "8", "is_in:country": "Thailand", "is_in:country_code": "TH", "is_in:iso_3166_2": "TH-40", "is_in:state": "Khon Kaen", "is_in:state_code": "40", "name": "\u0e1a\u0e49\u0e32\u0e19\u0e2b\u0e27\u0e49\u0e32", "name:en": "Ban Wa", "place": "village", "source": "Bing; sign", "osm_id": 1108515128, "osm_type": "node"}, "geometry": {"type": "Point", "coordinates": [102.7187229, 16.3835559]}}, {"type": "Feature", "properties": {"is_in:country": "Thailand", "is_in:country_code": "TH", "is_in:iso_3166_2": "TH-40", "is_in:state": "Khon Kaen", "is_in:state_code": "40", "name": "\u0e1a\u0e49\u0e32\u0e19\u0e2b\u0e19\u0e2d\u0e07\u0e0a\u0e32\u0e14", "name:en": "Ban Nong Chat", "place": "village", "source": "Bing; sign", "osm_id": 1108515150, "osm_type": "node"}, "geometry": {"type": "Point", "coordinates": [102.6560693, 16.4064548]}}, {"type": "Feature", "properties": {"is_in:country": "Thailand", "is_in:country_code": "TH", "is_in:iso_3166_2": "TH-40", "is_in:state": "Khon Kaen", "is_in:state_code": "40", "name": "\u0e1a\u0e49\u0e32\u0e19\u0e2b\u0e19\u0e2d\u0e07\u0e04\u0e39", "name:en": "Ban Nong Khu", "place": "village", "source": "Bing; sign", "osm_id": 1108515422, "osm_type": "node"}, "geometry": {"type": "Point", "coordinates": [102.6970835, 16.3884426]}}, {"type": "Feature", "properties": {"is_in:country": "Thailand", "is_in:country_code": "TH", "is_in:iso_3166_2": "TH-40", "is_in:state": "Khon Kaen", "is_in:state_code": "40", "name": "\u0e1a\u0e49\u0e32\u0e19\u0e2a\u0e27\u0e19\u0e01\u0e38\u0e25\u0e19\u0e34\u0e20\u0e32", "name:en": "Ban Suan Kun Nipha", "place": "hamlet", "source": "Bing; sign", "osm_id": 1108516184, "osm_type": "node"}, "geometry": {"type": "Point", "coordinates": [102.7208692, 16.4115922]}}, {"type": "Feature", "properties": {"is_in:country": "Thailand", "is_in:country_code": "TH", "is_in:iso_3166_2": "TH-40", "is_in:state": "Khon Kaen", "is_in:state_code": "40", "name": "\u0e1a\u0e49\u0e32\u0e19\u0e2b\u0e19\u0e2d\u0e07\u0e2a\u0e27\u0e23\u0e23\u0e04\u0e4c", "name:en": "Ban Nong Sawan", "place": "village", "source": "Bing; sign", "osm_id": 1108516401, "osm_type": "node"}, "geometry": {"type": "Point", "coordinates": [102.6646803, 16.409679]}}, {"type": "Feature", "properties": {"capital_level": "8", "is_in:country": "Thailand", "is_in:country_code": "TH", "is_in:iso_3166_2": "TH-40", "is_in:state": "Khon Kaen", "is_in:state_code": "40", "name": "\u0e1a\u0e49\u0e32\u0e19\u0e40\u0e2b\u0e25\u0e48\u0e32", "name:en": "Ban Lao", "place": "village", "source": "Bing; sign", "osm_id": 1108516580, "osm_type": "node"}, "geometry": {"type": "Point", "coordinates": [102.6579838, 16.3973881]}}, {"type": "Feature", "properties": {"is_in:country": "Thailand", "is_in:country_code": "TH", "name": "\u0e1a\u0e49\u0e32\u0e19\u0e14\u0e2d\u0e19\u0e2b\u0e0d\u0e49\u0e32\u0e19\u0e32\u0e07", "name:en": "Ban Don Ya Nang", "name:th": "\u0e1a\u0e49\u0e32\u0e19\u0e14\u0e2d\u0e19\u0e2b\u0e0d\u0e49\u0e32\u0e19\u0e32\u0e07", "place": "village", "source": "GPS; sign", "osm_id": 1111145721, "osm_type": "node"}, "geometry": {"type": "Point", "coordinates": [102.7346287, 16.3584944]}}, {"type": "Feature", "properties": {"is_in:country": "Thailand", "is_in:country_code": "TH", "is_in:iso_3166_2": "TH-40", "is_in:state": "Khon Kaen", "is_in:state_code": "40", "name": "\u0e1a\u0e49\u0e32\u0e19\u0e2b\u0e19\u0e2d\u0e07\u0e40\u0e15\u0e48\u0e32", "name:en": "Ban Nong Tao", "place": "village", "source": "Bing; sign", "osm_id": 1111145753, "osm_type": "node"}, "geometry": {"type": "Point", "coordinates": [102.7154481, 16.3713912]}}, {"type": "Feature", "properties": {"is_in:country": "Thailand", "is_in:country_code": "TH", "is_in:iso_3166_2": "TH-40", "is_in:state": "Khon Kaen", "is_in:state_code": "40", "name": "\u0e1a\u0e49\u0e32\u0e19\u0e2b\u0e19\u0e2d\u0e07\u0e17\u0e38\u0e21", "name:en": "Ban Nong Thum", "place": "village", "source": "Bing; sign", "osm_id": 1111146108, "osm_type": "node"}, "geometry": {"type": "Point", "coordinates": [102.7079892, 16.3598479]}}, {"type": "Feature", "properties": {"is_in:country": "Thailand", "is_in:country_code": "TH", "name": "\u0e1a\u0e49\u0e32\u0e19\u0e2b\u0e31\u0e27\u0e1a\u0e36\u0e07", "name:en": "Ban Hua Bueng", "name:th": "\u0e1a\u0e49\u0e32\u0e19\u0e2b\u0e31\u0e27\u0e1a\u0e36\u0e07", "place": "village", "source": "GPS; sign", "osm_id": 1111146264, "osm_type": "node"}, "geometry": {"type": "Point", "coordinates": [102.7376188, 16.3691008]}}, {"type": "Feature", "properties": {"is_in:country": "Thailand", "is_in:country_code": "TH", "is_in:iso_3166_2": "TH-40", "is_in:state": "Khon Kaen", "is_in:state_code": "40", "name": "\u0e1a\u0e49\u0e32\u0e19\u0e19\u0e2d\u0e07\u0e2b\u0e25\u0e32\u0e07", "name:en": "Ban Nong Lang", "place": "village", "source": "Bing; sign", "osm_id": 1111146284, "osm_type": "node"}, "geometry": {"type": "Point", "coordinates": [102.7029313, 16.3694084]}}, {"type": "Feature", "properties": {"amenity": "clinic", "emergency": "no", "fixme": "name missing", "healthcare": "clinic", "name": "\u0e42\u0e23\u0e07\u0e1e\u0e22\u0e32\u0e1a\u0e32\u0e25\u0e2a\u0e48\u0e07\u0e40\u0e2a\u0e23\u0e34\u0e21\u0e2a\u0e38\u0e02\u0e20\u0e32\u0e1e\u0e15\u0e33\u0e1a\u0e25", "name:en": "Subdistrict Health Promoting Hospital", "source": "GPS; sign", "osm_id": 1111146852, "osm_type": "node"}, "geometry": {"type": "Point", "coordinates": [102.7498536, 16.373818]}}, {"type": "Feature", "properties": {"is_in:country": "Thailand", "is_in:country_code": "TH", "name": "\u0e1a\u0e49\u0e32\u0e19\u0e2b\u0e31\u0e27\u0e2a\u0e23\u0e30", "name:en": "Ban Hua Sa", "name:th": "\u0e1a\u0e49\u0e32\u0e19\u0e2b\u0e31\u0e27\u0e2a\u0e23\u0e30", "place": "village", "source": "GPS; sign", "osm_id": 1111146983, "osm_type": "node"}, "geometry": {"type": "Point", "coordinates": [102.7352959, 16.3732624]}}, {"type": "Feature", "properties": {"is_in:country": "Thailand", "is_in:country_code": "TH", "is_in:iso_3166_2": "TH-40", "is_in:state": "Khon Kaen", "is_in:state_code": "40", "name": "\u0e1a\u0e49\u0e32\u0e19\u0e14\u0e2d\u0e19\u0e40\u0e07\u0e34\u0e19", "name:en": "Ban Don Ngoen", "place": "village", "source": "Bing; sign", "osm_id": 1111147037, "osm_type": "node"}, "geometry": {"type": "Point", "coordinates": [102.697359, 16.3685344]}}, {"type": "Feature", "properties": {"is_in:country": "Thailand", "is_in:country_code": "TH", "name": "\u0e1a\u0e49\u0e32\u0e19\u0e2b\u0e19\u0e2d\u0e07\u0e08\u0e34\u0e01", "name:en": "Ban Nong Chik", "name:th": "\u0e1a\u0e49\u0e32\u0e19\u0e2b\u0e19\u0e2d\u0e07\u0e08\u0e34\u0e01", "place": "village", "source": "GPS; sign", "osm_id": 1112265333, "osm_type": "node"}, "geometry": {"type": "Point", "coordinates": [102.7184706, 16.3243947]}}, {"type": "Feature", "properties": {"is_in:country": "Thailand", "is_in:country_code": "TH", "is_in:iso_3166_2": "TH-40", "is_in:state": "Khon Kaen", "is_in:state_code": "40", "name": "\u0e1a\u0e49\u0e32\u0e19\u0e2b\u0e19\u0e2d\u0e07\u0e2b\u0e0d\u0e49\u0e32\u0e02\u0e49\u0e32\u0e27\u0e19\u0e01", "name:en": "Ban Nong Ya Khaonok", "place": "village", "source": "Bing; sign", "osm_id": 1112265545, "osm_type": "node"}, "geometry": {"type": "Point", "coordinates": [102.7548646, 16.3134654]}}, {"type": "Feature", "properties": {"capital_level": "8", "is_in:country": "Thailand", "is_in:country_code": "TH", "name": "\u0e1a\u0e49\u0e32\u0e19\u0e2b\u0e19\u0e2d\u0e07\u0e41\u0e27\u0e07", "name:en": "Ban Nong Waeng", "name:th": "\u0e1a\u0e49\u0e32\u0e19\u0e2b\u0e19\u0e2d\u0e07\u0e41\u0e27\u0e07", "place": "village", "source": "GPS; sign", "osm_id": 1112267287, "osm_type": "node"}, "geometry": {"type": "Point", "coordinates": [102.7183471, 16.3202289]}}, {"type": "Feature", "properties": {"is_in:country": "Thailand", "is_in:country_code": "TH", "name": "\u0e1a\u0e49\u0e32\u0e19\u0e19\u0e34\u0e04\u0e21", "name:en": "Ban Nikhom", "name:th": "\u0e1a\u0e49\u0e32\u0e19\u0e19\u0e34\u0e04\u0e21", "place": "village", "source": "GPS; sign", "osm_id": 1112268844, "osm_type": "node"}, "geometry": {"type": "Point", "coordinates": [102.7344652, 16.3420433]}}, {"type": "Feature", "properties": {"is_in:country": "Thailand", "is_in:country_code": "TH", "name": "\u0e1a\u0e49\u0e32\u0e19\u0e42\u0e19\u0e19\u0e15\u0e48\u0e19", "name:en": "Ban Non Ton", "name:th": "\u0e1a\u0e49\u0e32\u0e19\u0e42\u0e19\u0e19\u0e15\u0e48\u0e19", "place": "village", "source": "GPS; sign", "osm_id": 1112268860, "osm_type": "node"}, "geometry": {"type": "Point", "coordinates": [102.7255583, 16.3292156]}}, {"type": "Feature", "properties": {"is_in:country": "Thailand", "is_in:country_code": "TH", "name": "\u0e1a\u0e49\u0e32\u0e19\u0e40\u0e01\u0e29\u0e15\u0e23\u0e01\u0e49\u0e27\u0e2b\u0e19\u0e49\u0e32", "name:en": "Ban Kaset Kua Na", "name:th": "\u0e1a\u0e49\u0e32\u0e19\u0e40\u0e01\u0e29\u0e15\u0e23\u0e01\u0e49\u0e27\u0e2b\u0e19\u0e49\u0e32", "place": "village", "source": "GPS; sign", "osm_id": 1118388601, "osm_type": "node"}, "geometry": {"type": "Point", "coordinates": [102.8377398, 16.2713576]}}, {"type": "Feature", "properties": {"is_in:country": "Thailand", "is_in:country_code": "TH", "is_in:iso_3166_2": "TH-44", "is_in:state": "Maha Sarakham", "is_in:state_code": "44", "name": "\u0e1a\u0e49\u0e32\u0e19\u0e42\u0e19\u0e19\u0e1e\u0e22\u0e2d\u0e21", "name:en": "Ban Non Phayom", "place": "village", "source": "Bing; sign", "osm_id": 1118390155, "osm_type": "node"}, "geometry": {"type": "Point", "coordinates": [102.8710549, 16.2518154]}}, {"type": "Feature", "properties": {"is_in:country": "Thailand", "is_in:country_code": "TH", "is_in:iso_3166_2": "TH-40", "is_in:state": "Khon Kaen", "is_in:state_code": "40", "name": "\u0e1a\u0e49\u0e32\u0e19\u0e2b\u0e19\u0e2d\u0e07\u0e01\u0e23\u0e30\u0e2b\u0e19\u0e27\u0e19", "name:en": "Ban Nong Krahon Won", "place": "village", "source": "Bing; sign", "osm_id": 1118391495, "osm_type": "node"}, "geometry": {"type": "Point", "coordinates": [102.8111717, 16.2674893]}}, {"type": "Feature", "properties": {"is_in:country": "Thailand", "is_in:country_code": "TH", "name": "\u0e1a\u0e49\u0e32\u0e19\u0e2b\u0e25\u0e38\u0e1a\u0e2b\u0e0d\u0e49\u0e32\u0e04\u0e32", "name:en": "Ban Lup Ya Kha", "name:th": "\u0e1a\u0e49\u0e32\u0e19\u0e2b\u0e25\u0e38\u0e1a\u0e2b\u0e0d\u0e49\u0e32\u0e04\u0e32", "place": "village", "source": "GPS; sign", "osm_id": 1118391877, "osm_type": "node"}, "geometry": {"type": "Point", "coordinates": [102.8591526, 16.2909352]}}, {"type": "Feature", "properties": {"addr:postcode": "40260", "is_in:country": "Thailand", "is_in:country_code": "TH", "is_in:iso_3166_2": "TH-40", "is_in:state": "Khon Kaen", "is_in:state_code": "40", "name": "\u0e1a\u0e49\u0e32\u0e19\u0e2b\u0e19\u0e2d\u0e07\u0e41\u0e27\u0e07", "name:en": "Ban Nong Waeng", "place": "village", "source": "Bing; sign", "osm_id": 1118392202, "osm_type": "node"}, "geometry": {"type": "Point", "coordinates": [102.8029662, 16.2971393]}}, {"type": "Feature", "properties": {"is_in:country": "Thailand", "is_in:country_code": "TH", "is_in:iso_3166_2": "TH-44", "is_in:state": "Maha Sarakham", "is_in:state_code": "44", "name": "\u0e1a\u0e49\u0e32\u0e19\u0e27\u0e31\u0e07\u0e01\u0e38\u0e07", "name:en": "Ban Wang Kung", "place": "village", "source": "Bing; sign", "osm_id": 1118392268, "osm_type": "node"}, "geometry": {"type": "Point", "coordinates": [102.8515091, 16.2174407]}}, {"type": "Feature", "properties": {"is_in:country": "Thailand", "is_in:country_code": "TH", "is_in:iso_3166_2": "TH-40", "is_in:state": "Khon Kaen", "is_in:state_code": "40", "name": "\u0e1a\u0e49\u0e32\u0e19\u0e42\u0e19\u0e19\u0e2a\u0e27\u0e23\u0e23\u0e04\u0e4c", "name:en": "Ban Non Sawan", "place": "village", "source": "Bing; sign", "osm_id": 1118392886, "osm_type": "node"}, "geometry": {"type": "Point", "coordinates": [102.7844998, 16.2686276]}}, {"type": "Feature", "properties": {"is_in:country": "Thailand", "is_in:country_code": "TH", "name": "\u0e1a\u0e49\u0e32\u0e19\u0e2b\u0e49\u0e27\u0e22\u0e40\u0e15\u0e22", "name:en": "Ban Huai Toei", "name:th": "\u0e1a\u0e49\u0e32\u0e19\u0e2b\u0e49\u0e27\u0e22\u0e40\u0e15\u0e22", "place": "village", "source": "GPS; sign", "osm_id": 1118393696, "osm_type": "node"}, "geometry": {"type": "Point", "coordinates": [102.8249554, 16.270838]}}, {"type": "Feature", "properties": {"is_in:country": "Thailand", "is_in:country_code": "TH", "name": "\u0e1a\u0e49\u0e32\u0e19\u0e2b\u0e49\u0e27\u0e22\u0e40\u0e15\u0e22", "name:en": "Ban Huai Toei", "name:th": "\u0e1a\u0e49\u0e32\u0e19\u0e2b\u0e49\u0e27\u0e22\u0e40\u0e15\u0e22", "place": "village", "source": "GPS; sign", "osm_id": 1118394567, "osm_type": "node"}, "geometry": {"type": "Point", "coordinates": [102.817935, 16.274137]}}, {"type": "Feature", "properties": {"is_in:country": "Thailand", "is_in:country_code": "TH", "is_in:iso_3166_2": "TH-40", "is_in:state": "Khon Kaen", "is_in:state_code": "40", "name": "\u0e1a\u0e49\u0e32\u0e19\u0e2b\u0e19\u0e2d\u0e07\u0e40\u0e21\u0e47\u0e01", "name:en": "Ban Nong Mek", "place": "village", "source": "Bing; sign", "osm_id": 1118395332, "osm_type": "node"}, "geometry": {"type": "Point", "coordinates": [102.7925416, 16.2715411]}}, {"type": "Feature", "properties": {"amenity": "school", "name": "\u0e21\u0e2b\u0e32\u0e27\u0e34\u0e17\u0e22\u0e32\u0e25\u0e31\u0e22\u0e28\u0e23\u0e35\u0e1b\u0e17\u0e38\u0e21 \u0e02\u0e2d\u0e19\u0e41\u0e01\u0e48\u0e19", "name:en": "Sripatum Khon Kaen", "name:th": "\u0e21\u0e2b\u0e32\u0e27\u0e34\u0e17\u0e22\u0e32\u0e25\u0e31\u0e22\u0e28\u0e23\u0e35\u0e1b\u0e17\u0e38\u0e21 \u0e02\u0e2d\u0e19\u0e41\u0e01\u0e48\u0e19", "source": "bing;sign", "website": "https://www.khonkaen.spu.ac.th/", "osm_id": 1196796278, "osm_type": "node"}, "geometry": {"type": "Point", "coordinates": [102.8528679, 16.4269944]}}, {"type": "Feature", "properties": {"amenity": "school", "name": "\u0e42\u0e23\u0e07\u0e40\u0e23\u0e35\u0e22\u0e19\u0e21\u0e2b\u0e32\u0e44\u0e16\u0e48\u0e28\u0e36\u0e01\u0e29\u0e32\u0e02\u0e2d\u0e19\u0e41\u0e01\u0e48\u0e19", "name:en": "Holy Redeemer School Khon Kaen", "name:th": "\u0e42\u0e23\u0e07\u0e40\u0e23\u0e35\u0e22\u0e19\u0e21\u0e2b\u0e32\u0e44\u0e16\u0e48\u0e28\u0e36\u0e01\u0e29\u0e32\u0e02\u0e2d\u0e19\u0e41\u0e01\u0e48\u0e19", "source": "bing; sign", "osm_id": 1196796873, "osm_type": "node"}, "geometry": {"type": "Point", "coordinates": [102.8507595, 16.4272858]}}, {"type": "Feature", "properties": {"amenity": "school", "name": "\u0e42\u0e23\u0e07\u0e40\u0e23\u0e35\u0e22\u0e19\u0e1e\u0e23\u0e30\u0e01\u0e38\u0e21\u0e32\u0e23\u0e40\u0e22\u0e0b\u0e39\u0e27\u0e34\u0e17\u0e22\u0e32\u0e02\u0e2d\u0e19\u0e41\u0e01\u0e48\u0e19", "name:en": "Convent of the Holy Infant Jesus School Khon Kaen", "name:th": "\u0e42\u0e23\u0e07\u0e40\u0e23\u0e35\u0e22\u0e19\u0e1e\u0e23\u0e30\u0e01\u0e38\u0e21\u0e32\u0e23\u0e40\u0e22\u0e0b\u0e39\u0e27\u0e34\u0e17\u0e22\u0e32\u0e02\u0e2d\u0e19\u0e41\u0e01\u0e48\u0e19", "source": "bing; sign", "osm_id": 1196797048, "osm_type": "node"}, "geometry": {"type": "Point", "coordinates": [102.851818, 16.4256746]}}, {"type": "Feature", "properties": {"amenity": "school", "name": "\u0e42\u0e23\u0e07\u0e40\u0e23\u0e35\u0e22\u0e19\u0e23\u0e32\u0e29\u0e0e\u0e23\u0e4c\u0e2d\u0e38\u0e17\u0e34\u0e28\u0e28\u0e36\u0e01\u0e29\u0e32", "name:en": "Rat Uthit Suksa School", "name:th": "\u0e42\u0e23\u0e07\u0e40\u0e23\u0e35\u0e22\u0e19\u0e23\u0e32\u0e29\u0e0e\u0e23\u0e4c\u0e2d\u0e38\u0e17\u0e34\u0e28\u0e28\u0e36\u0e01\u0e29\u0e32", "osm_id": 1201648695, "osm_type": "node"}, "geometry": {"type": "Point", "coordinates": [102.8321323, 16.4323901]}}, {"type": "Feature", "properties": {"amenity": "school", "check_date": "2026-01-22", "name": "\u0e42\u0e23\u0e07\u0e40\u0e23\u0e35\u0e22\u0e19\u0e2e\u0e31\u0e48\u0e27\u0e40\u0e04\u0e35\u0e22\u0e27\u0e27\u0e34\u0e17\u0e22\u0e32\u0e25\u0e31\u0e22", "name:en": "Huakhiew Wittayalai School", "name:th": "\u0e42\u0e23\u0e07\u0e40\u0e23\u0e35\u0e22\u0e19\u0e2e\u0e31\u0e48\u0e27\u0e40\u0e04\u0e35\u0e49\u0e22\u0e27\u0e27\u0e34\u0e17\u0e22\u0e32\u0e25\u0e31\u0e22", "source": "bing; sign", "website": "http://www.hkw.ac.th", "osm_id": 1201648720, "osm_type": "node"}, "geometry": {"type": "Point", "coordinates": [102.8317954, 16.4319293]}}, {"type": "Feature", "properties": {"is_in:country": "Thailand", "is_in:country_code": "TH", "name": "\u0e1a\u0e49\u0e32\u0e19\u0e01\u0e39\u0e48\u0e17\u0e2d\u0e07", "name:en": "Ban Ku Thong", "name:th": "\u0e1a\u0e49\u0e32\u0e19\u0e01\u0e39\u0e48\u0e17\u0e2d\u0e07", "place": "village", "source": "GPS; sign", "osm_id": 1203016965, "osm_type": "node"}, "geometry": {"type": "Point", "coordinates": [102.9637455, 16.4429761]}}, {"type": "Feature", "properties": {"is_in:country": "Thailand", "is_in:country_code": "TH", "name": "\u0e1a\u0e49\u0e32\u0e19\u0e40\u0e2b\u0e21\u0e37\u0e2d\u0e14\u0e41\u0e2d\u0e48", "name:en": "Ban Mueat Ae", "name:th": "\u0e1a\u0e49\u0e32\u0e19\u0e40\u0e2b\u0e21\u0e37\u0e2d\u0e14\u0e41\u0e2d\u0e48", "place": "village", "source": "GPS; sign", "osm_id": 1203017141, "osm_type": "node"}, "geometry": {"type": "Point", "coordinates": [102.9134139, 16.5157313]}}, {"type": "Feature", "properties": {"name": "\u0e1a\u0e49\u0e32\u0e19\u0e1a\u0e36\u0e07\u0e09\u0e34\u0e21", "name:en": "Ban Bueng Chim", "name:th": "\u0e1a\u0e49\u0e32\u0e19\u0e1a\u0e36\u0e07\u0e09\u0e34\u0e21", "place": "village", "source": "GPS; sign", "osm_id": 1203017248, "osm_type": "node"}, "geometry": {"type": "Point", "coordinates": [102.9313193, 16.4472961]}}, {"type": "Feature", "properties": {"is_in:country": "Thailand", "is_in:country_code": "TH", "name": "\u0e1a\u0e49\u0e32\u0e19\u0e17\u0e48\u0e32\u0e1e\u0e23\u0e30\u0e17\u0e23\u0e32\u0e22", "name:en": "Ban Tha Phra Sai", "name:th": "\u0e1a\u0e49\u0e32\u0e19\u0e17\u0e48\u0e32\u0e1e\u0e23\u0e30\u0e17\u0e23\u0e32\u0e22", "place": "village", "source": "GPS; sign", "osm_id": 1203017521, "osm_type": "node"}, "geometry": {"type": "Point", "coordinates": [102.9088385, 16.48943]}}, {"type": "Feature", "properties": {"is_in:country": "Thailand", "is_in:country_code": "TH", "name": "\u0e1a\u0e49\u0e32\u0e19\u0e2b\u0e19\u0e2d\u0e07\u0e40\u0e15\u0e48\u0e32", "name:en": "Ban Nong Tao", "name:th": "\u0e1a\u0e49\u0e32\u0e19\u0e2b\u0e19\u0e2d\u0e07\u0e40\u0e15\u0e48\u0e32", "place": "village", "source": "GPS; sign", "osm_id": 1203017640, "osm_type": "node"}, "geometry": {"type": "Point", "coordinates": [102.9134139, 16.4712716]}}, {"type": "Feature", "properties": {"is_in:country": "Thailand", "is_in:country_code": "TH", "name": "\u0e1a\u0e49\u0e32\u0e19\u0e40\u0e25\u0e34\u0e07", "name:en": "Ban Loeng", "name:th": "\u0e1a\u0e49\u0e32\u0e19\u0e40\u0e25\u0e34\u0e07", "place": "village", "source": "GPS; sign", "osm_id": 1203017674, "osm_type": "node"}, "geometry": {"type": "Point", "coordinates": [102.9540341, 16.4673295]}}, {"type": "Feature", "properties": {"is_in:country": "Thailand", "is_in:country_code": "TH", "name": "\u0e1a\u0e49\u0e32\u0e19\u0e22\u0e32\u0e07\u0e2b\u0e22\u0e48\u0e2d\u0e07", "name:en": "Ban Yang Yong", "name:th": "\u0e1a\u0e49\u0e32\u0e19\u0e22\u0e32\u0e07\u0e2b\u0e22\u0e48\u0e2d\u0e07", "place": "village", "source": "GPS; sign", "osm_id": 1203017812, "osm_type": "node"}, "geometry": {"type": "Point", "coordinates": [102.9001133, 16.4811355]}}, {"type": "Feature", "properties": {"is_in:country": "Thailand", "is_in:country_code": "TH", "name": "\u0e1a\u0e49\u0e32\u0e19\u0e14\u0e07\u0e1e\u0e2d\u0e07", "name:en": "Ban Dong Phong", "name:th": "\u0e1a\u0e49\u0e32\u0e19\u0e14\u0e07\u0e1e\u0e2d\u0e07", "place": "village", "source": "GPS; sign", "osm_id": 1203017827, "osm_type": "node"}, "geometry": {"type": "Point", "coordinates": [102.9001807, 16.4727281]}}, {"type": "Feature", "properties": {"is_in:country": "Thailand", "is_in:country_code": "TH", "name": "\u0e1a\u0e49\u0e32\u0e19\u0e17\u0e48\u0e32\u0e2b\u0e34\u0e19", "name:en": "Ban Tha Hin", "name:th": "\u0e1a\u0e49\u0e32\u0e19\u0e17\u0e48\u0e32\u0e2b\u0e34\u0e19", "place": "village", "source": "GPS; sign", "osm_id": 1203017842, "osm_type": "node"}, "geometry": {"type": "Point", "coordinates": [102.9446517, 16.4375402]}}, {"type": "Feature", "properties": {"is_in:country": "Thailand", "is_in:country_code": "TH", "name": "\u0e1a\u0e49\u0e32\u0e19\u0e17\u0e48\u0e32\u0e09\u0e32\u0e07", "name:en": "Ban Tha Chang", "name:th": "\u0e1a\u0e49\u0e32\u0e19\u0e17\u0e48\u0e32\u0e09\u0e32\u0e07", "place": "village", "source": "GPS; sign", "osm_id": 1203017857, "osm_type": "node"}, "geometry": {"type": "Point", "coordinates": [102.9137531, 16.5028663]}}, {"type": "Feature", "properties": {"is_in:country": "Thailand", "is_in:country_code": "TH", "name": "\u0e1a\u0e49\u0e32\u0e19\u0e42\u0e04\u0e01\u0e41\u0e1b\u0e30", "name:en": "Ban Khok Pae", "name:th": "\u0e1a\u0e49\u0e32\u0e19\u0e42\u0e04\u0e01\u0e41\u0e1b\u0e30", "place": "village", "source": "GPS; sign", "osm_id": 1203017879, "osm_type": "node"}, "geometry": {"type": "Point", "coordinates": [103.0036036, 16.4832169]}}, {"type": "Feature", "properties": {"is_in:country": "Thailand", "is_in:country_code": "TH", "name": "\u0e1a\u0e49\u0e32\u0e19\u0e2b\u0e19\u0e2d\u0e07\u0e44\u0e2b\u0e25", "name:en": "Ban Nong Lai", "name:th": "\u0e1a\u0e49\u0e32\u0e19\u0e2b\u0e19\u0e2d\u0e07\u0e44\u0e2b\u0e25", "place": "village", "source": "GPS; sign", "osm_id": 1203018072, "osm_type": "node"}, "geometry": {"type": "Point", "coordinates": [102.9711753, 16.4737507]}}, {"type": "Feature", "properties": {"is_in:country": "Thailand", "is_in:country_code": "TH", "name": "\u0e1a\u0e49\u0e32\u0e19\u0e14\u0e2d\u0e19\u0e18\u0e32\u0e15\u0e38", "name:en": "Ban Don That", "name:th": "\u0e1a\u0e49\u0e32\u0e19\u0e14\u0e2d\u0e19\u0e18\u0e32\u0e15\u0e38", "place": "village", "source": "GPS; sign", "osm_id": 1203018650, "osm_type": "node"}, "geometry": {"type": "Point", "coordinates": [102.9148408, 16.4974655]}}, {"type": "Feature", "properties": {"is_in:country": "Thailand", "is_in:country_code": "TH", "name": "\u0e1a\u0e49\u0e32\u0e19\u0e02\u0e32\u0e21\u0e40\u0e08\u0e23\u0e34\u0e0d", "name:en": "Ban Kham Charoen", "name:th": "\u0e1a\u0e49\u0e32\u0e19\u0e02\u0e32\u0e21\u0e40\u0e08\u0e23\u0e34\u0e0d", "place": "village", "source": "GPS; sign", "osm_id": 1203018699, "osm_type": "node"}, "geometry": {"type": "Point", "coordinates": [103.0007869, 16.4452245]}}, {"type": "Feature", "properties": {"is_in:country": "Thailand", "is_in:country_code": "TH", "name": "\u0e1a\u0e49\u0e32\u0e19\u0e2b\u0e19\u0e2d\u0e07\u0e2b\u0e31\u0e27\u0e27\u0e31\u0e27", "name:en": "Ban Nong Hua Wua", "name:th": "\u0e1a\u0e49\u0e32\u0e19\u0e2b\u0e19\u0e2d\u0e07\u0e2b\u0e31\u0e27\u0e27\u0e31\u0e27", "place": "village", "source": "GPS; sign", "osm_id": 1203018882, "osm_type": "node"}, "geometry": {"type": "Point", "coordinates": [102.9226257, 16.4878667]}}, {"type": "Feature", "properties": {"is_in:country": "Thailand", "is_in:country_code": "TH", "name": "\u0e1a\u0e49\u0e32\u0e19\u0e2e\u0e48\u0e2d\u0e07\u0e40\u0e14\u0e37\u0e48\u0e2d", "name:en": "Ban Hong Duea", "name:th": "\u0e1a\u0e49\u0e32\u0e19\u0e2e\u0e48\u0e2d\u0e07\u0e40\u0e14\u0e37\u0e48\u0e2d", "place": "village", "source": "GPS; sign", "osm_id": 1203019014, "osm_type": "node"}, "geometry": {"type": "Point", "coordinates": [102.9095497, 16.4551288]}}, {"type": "Feature", "properties": {"is_in:country": "Thailand", "is_in:country_code": "TH", "name": "\u0e1a\u0e49\u0e32\u0e19\u0e1a\u0e36\u0e07\u0e43\u0e04\u0e23\u0e48\u0e19\u0e38\u0e48\u0e19", "name:en": "Ban Bueng Khrai Nun", "name:th": "\u0e1a\u0e49\u0e32\u0e19\u0e1a\u0e36\u0e07\u0e43\u0e04\u0e23\u0e48\u0e19\u0e38\u0e48\u0e19", "place": "village", "source": "GPS; sign", "osm_id": 1203019028, "osm_type": "node"}, "geometry": {"type": "Point", "coordinates": [102.9452764, 16.433724]}}, {"type": "Feature", "properties": {"is_in:country": "Thailand", "is_in:country_code": "TH", "name": "\u0e1a\u0e49\u0e32\u0e19\u0e1a\u0e36\u0e07\u0e40\u0e23\u0e37\u0e2d\u0e43\u0e2b\u0e0d\u0e48", "name:en": "Ban Bueng Ruea Yai", "name:th": "\u0e1a\u0e49\u0e32\u0e19\u0e1a\u0e36\u0e07\u0e40\u0e23\u0e37\u0e2d\u0e43\u0e2b\u0e0d\u0e48", "place": "village", "source": "GPS; sign", "osm_id": 1203019078, "osm_type": "node"}, "geometry": {"type": "Point", "coordinates": [102.9168544, 16.4581577]}}, {"type": "Feature", "properties": {"addr:country": "TH", "addr:district": "\u0e19\u0e49\u0e33\u0e1e\u0e2d\u0e07", "addr:district:en": "Nam Phong", "addr:postcode": "40310", "addr:province": "\u0e02\u0e2d\u0e19\u0e41\u0e01\u0e48\u0e19", "addr:province:en": "Khon Kaen", "addr:street": "\u0e16\u0e19\u0e19\u0e21\u0e34\u0e15\u0e23\u0e20\u0e32\u0e1e", "addr:street:en": "Mittraphap Road", "addr:subdistrict": "\u0e21\u0e48\u0e27\u0e07\u0e2b\u0e27\u0e32\u0e19", "addr:subdistrict:en": "Muang Wan", "amenity": "school", "contact:email": "muangwan_phat@hotmail.com", "contact:facebook": "https://www.facebook.com/muangwan.phattanasuksa.1", "contact:fax": "+66-43-306382", "contact:phone": "+66-43-306-382, +66-93-5612727", "contact:website": "http://www.muangwan.ac.th", "name": "\u0e42\u0e23\u0e07\u0e40\u0e23\u0e35\u0e22\u0e19\u0e21\u0e48\u0e27\u0e07\u0e2b\u0e27\u0e32\u0e19\u0e1e\u0e31\u0e12\u0e19\u0e28\u0e36\u0e01\u0e29\u0e32", "name:en": "Muang Wan Phattanasuksa School", "name:th": "\u0e42\u0e23\u0e07\u0e40\u0e23\u0e35\u0e22\u0e19\u0e21\u0e48\u0e27\u0e07\u0e2b\u0e27\u0e32\u0e19\u0e1e\u0e31\u0e12\u0e19\u0e28\u0e36\u0e01\u0e29\u0e32", "source": "GPS; bing; sign", "osm_id": 1233586532, "osm_type": "node"}, "geometry": {"type": "Point", "coordinates": [102.8009485, 16.6584258]}}, {"type": "Feature", "properties": {"amenity": "school", "name": "\u0e42\u0e23\u0e07\u0e40\u0e23\u0e35\u0e22\u0e19\u0e19\u0e49\u0e33\u0e1e\u0e2d\u0e07\u0e20\u0e39\u0e23\u0e34\u0e1e\u0e31\u0e12\u0e19\u0e4c", "name:en": "Nam Phong Bhuriphat School", "name:th": "\u0e42\u0e23\u0e07\u0e40\u0e23\u0e35\u0e22\u0e19\u0e19\u0e49\u0e33\u0e1e\u0e2d\u0e07\u0e20\u0e39\u0e23\u0e34\u0e1e\u0e31\u0e12\u0e19\u0e4c", "source": "bing; sign", "osm_id": 1233704482, "osm_type": "node"}, "geometry": {"type": "Point", "coordinates": [102.8027816, 16.7284634]}}, {"type": "Feature", "properties": {"amenity": "school", "name": "\u0e42\u0e23\u0e07\u0e40\u0e23\u0e35\u0e22\u0e19\u0e42\u0e04\u0e01\u0e2a\u0e39\u0e07\u0e01\u0e38\u0e14\u0e19\u0e49\u0e33\u0e43\u0e2a", "name:en": "Khoksung Kudnamsai School", "name:th": "\u0e42\u0e23\u0e07\u0e40\u0e23\u0e35\u0e22\u0e19\u0e42\u0e04\u0e01\u0e2a\u0e39\u0e07\u0e01\u0e38\u0e14\u0e19\u0e49\u0e33\u0e43\u0e2a", "source": "GPS; bing; sign", "osm_id": 1233704566, "osm_type": "node"}, "geometry": {"type": "Point", "coordinates": [102.8414354, 16.7377157]}}, {"type": "Feature", "properties": {"is_in:country": "Thailand", "is_in:country_code": "TH", "is_in:iso_3166_2": "TH-44", "is_in:state": "Maha Sarakham", "is_in:state_code": "44", "name": "\u0e1a\u0e49\u0e32\u0e19\u0e42\u0e19\u0e19\u0e23\u0e32\u0e29\u0e35", "name:en": "Ban Non Rasi", "place": "village", "source": "Bing; sign", "osm_id": 1238253591, "osm_type": "node"}, "geometry": {"type": "Point", "coordinates": [102.8939182, 16.2891396]}}, {"type": "Feature", "properties": {"is_in:country": "Thailand", "is_in:country_code": "TH", "is_in:iso_3166_2": "TH-44", "is_in:state": "Maha Sarakham", "is_in:state_code": "44", "name": "\u0e1a\u0e49\u0e32\u0e19\u0e2b\u0e19\u0e2d\u0e07\u0e2a\u0e23\u0e30\u0e1e\u0e31\u0e07", "name:en": "Ban Nong Sa Phang", "place": "village", "source": "Bing; sign", "osm_id": 1238253886, "osm_type": "node"}, "geometry": {"type": "Point", "coordinates": [102.8947091, 16.3044455]}}, {"type": "Feature", "properties": {"is_in:country": "Thailand", "is_in:country_code": "TH", "is_in:iso_3166_2": "TH-44", "is_in:state": "Maha Sarakham", "is_in:state_code": "44", "name": "\u0e1a\u0e49\u0e32\u0e19\u0e42\u0e04\u0e01\u0e25\u0e48\u0e32\u0e21", "name:en": "Ban Khok Lam", "place": "village", "source": "Bing; sign", "osm_id": 1238254155, "osm_type": "node"}, "geometry": {"type": "Point", "coordinates": [102.8858502, 16.2835942]}}, {"type": "Feature", "properties": {"is_in:country": "Thailand", "is_in:country_code": "TH", "is_in:iso_3166_2": "TH-44", "is_in:state": "Maha Sarakham", "is_in:state_code": "44", "name": "\u0e1a\u0e49\u0e32\u0e19\u0e27\u0e31\u0e07\u0e42\u0e1e\u0e19", "name:en": "Ban Wang Phon", "place": "village", "source": "Bing; sign", "osm_id": 1238273982, "osm_type": "node"}, "geometry": {"type": "Point", "coordinates": [102.877628, 16.2632842]}}, {"type": "Feature", "properties": {"addr:postcode": "44140", "is_in:country": "Thailand", "is_in:country_code": "TH", "is_in:iso_3166_2": "TH-44", "is_in:state": "Maha Sarakham", "is_in:state_code": "44", "name": "\u0e1a\u0e49\u0e32\u0e19\u0e42\u0e19\u0e19\u0e17\u0e31\u0e19", "name:en": "Ban Non Than", "place": "village", "source": "Bing; sign", "osm_id": 1238335247, "osm_type": "node"}, "geometry": {"type": "Point", "coordinates": [102.9130463, 16.2097559]}}, {"type": "Feature", "properties": {"addr:postcode": "44140", "is_in:country": "Thailand", "is_in:country_code": "TH", "is_in:iso_3166_2": "TH-44", "is_in:state": "Maha Sarakham", "is_in:state_code": "44", "name": "\u0e1a\u0e49\u0e32\u0e19\u0e2b\u0e34\u0e19\u0e41\u0e2b\u0e48", "name:en": "Ban Hin Hae", "place": "village", "source": "Bing; sign", "osm_id": 1238335389, "osm_type": "node"}, "geometry": {"type": "Point", "coordinates": [102.9087133, 16.203585]}}, {"type": "Feature", "properties": {"addr:postcode": "44140", "is_in:country": "Thailand", "is_in:country_code": "TH", "is_in:iso_3166_2": "TH-44", "is_in:state": "Maha Sarakham", "is_in:state_code": "44", "name": "\u0e1a\u0e49\u0e32\u0e19\u0e27\u0e31\u0e07\u0e41\u0e04\u0e19", "name:en": "Ban Wang Khaen", "place": "village", "source": "Bing; sign", "osm_id": 1238413492, "osm_type": "node"}, "geometry": {"type": "Point", "coordinates": [102.8966269, 16.1924763]}}, {"type": "Feature", "properties": {"is_in:country": "Thailand", "is_in:country_code": "TH", "is_in:iso_3166_2": "TH-44", "is_in:state": "Maha Sarakham", "is_in:state_code": "44", "name": "\u0e1a\u0e49\u0e32\u0e19\u0e40\u0e2b\u0e25\u0e48\u0e32", "name:en": "Ban Lao", "place": "village", "source": "Bing; sign", "osm_id": 1238445533, "osm_type": "node"}, "geometry": {"type": "Point", "coordinates": [102.8957594, 16.1776591]}}, {"type": "Feature", "properties": {"is_in:country": "Thailand", "is_in:country_code": "TH", "is_in:iso_3166_2": "TH-44", "is_in:state": "Maha Sarakham", "is_in:state_code": "44", "name": "\u0e1a\u0e49\u0e32\u0e19\u0e42\u0e19\u0e19\u0e2a\u0e39\u0e07", "name:en": "Ban Non Sung", "place": "village", "source": "Bing; sign", "osm_id": 1238445606, "osm_type": "node"}, "geometry": {"type": "Point", "coordinates": [102.8945795, 16.1762091]}}, {"type": "Feature", "properties": {"is_in:country": "Thailand", "is_in:country_code": "TH", "is_in:iso_3166_2": "TH-44", "is_in:state": "Maha Sarakham", "is_in:state_code": "44", "name": "\u0e1a\u0e49\u0e32\u0e19\u0e17\u0e34\u0e1e\u0e42\u0e2a\u0e15", "name:en": "Ban Thippha Sot", "place": "village", "source": "Bing; sign", "osm_id": 1238486222, "osm_type": "node"}, "geometry": {"type": "Point", "coordinates": [102.8798477, 16.1582451]}}, {"type": "Feature", "properties": {"is_in:country": "Thailand", "is_in:country_code": "TH", "is_in:iso_3166_2": "TH-44", "is_in:state": "Maha Sarakham", "is_in:state_code": "44", "name": "\u0e1a\u0e49\u0e32\u0e19\u0e04\u0e39\u0e0a\u0e31\u0e22", "name:en": "Ban Khu Chai", "place": "village", "source": "Bing; sign", "osm_id": 1238497095, "osm_type": "node"}, "geometry": {"type": "Point", "coordinates": [102.9041832, 16.1003891]}}, {"type": "Feature", "properties": {"is_in:country": "Thailand", "is_in:country_code": "TH", "is_in:iso_3166_2": "TH-44", "is_in:state": "Maha Sarakham", "is_in:state_code": "44", "name": "\u0e1a\u0e49\u0e32\u0e19\u0e2b\u0e19\u0e2d\u0e07\u0e41\u0e2b\u0e19", "name:en": "Ban Nong Nae", "place": "village", "source": "Bing; sign", "osm_id": 1238545063, "osm_type": "node"}, "geometry": {"type": "Point", "coordinates": [102.9082543, 16.0461199]}}, {"type": "Feature", "properties": {"addr:country": "TH", "addr:district": "\u0e40\u0e21\u0e37\u0e2d\u0e07\u0e02\u0e2d\u0e19\u0e41\u0e01\u0e48\u0e19", "addr:district:en": "Muang Khon Kaen", "addr:housenumber": "39/6", "addr:postcode": "40000", "addr:province": "\u0e02\u0e2d\u0e19\u0e41\u0e01\u0e48\u0e19", "addr:province:en": "Khon Kaen", "addr:street": "\u0e16\u0e19\u0e19\u0e2b\u0e19\u0e49\u0e32\u0e40\u0e21\u0e37\u0e2d\u0e07", "addr:street:en": "Na Muang Road", "addr:subdistrict": "\u0e43\u0e19\u0e40\u0e21\u0e37\u0e2d\u0e07", "addr:subdistrict:en": "Nai Muang", "amenity": "doctors", "healthcare": "doctor", "name": "\u0e04\u0e25\u0e34\u0e19\u0e34\u0e01\u0e40\u0e27\u0e0a\u0e01\u0e23\u0e23\u0e21\u0e2b\u0e19\u0e49\u0e32\u0e40\u0e21\u0e37\u0e2d\u0e07", "name:en": "Na Muang Medical Clinic", "name:th": "\u0e04\u0e25\u0e34\u0e19\u0e34\u0e01\u0e40\u0e27\u0e0a\u0e01\u0e23\u0e23\u0e21\u0e2b\u0e19\u0e49\u0e32\u0e40\u0e21\u0e37\u0e2d\u0e07", "source": "DigitalGlobe; sign", "osm_id": 1238623503, "osm_type": "node"}, "geometry": {"type": "Point", "coordinates": [102.8345656, 16.4335045]}}, {"type": "Feature", "properties": {"is_in:country": "Thailand", "is_in:country_code": "TH", "is_in:iso_3166_2": "TH-44", "is_in:state": "Maha Sarakham", "is_in:state_code": "44", "name": "\u0e1a\u0e49\u0e32\u0e19\u0e42\u0e19\u0e19\u0e2a\u0e39\u0e07", "name:en": "Ban Non Sung", "place": "village", "source": "Bing; sign", "osm_id": 1239447828, "osm_type": "node"}, "geometry": {"type": "Point", "coordinates": [102.9552626, 16.1136378]}}, {"type": "Feature", "properties": {"is_in:country": "Thailand", "is_in:country_code": "TH", "is_in:iso_3166_2": "TH-44", "is_in:state": "Maha Sarakham", "is_in:state_code": "44", "name": "\u0e1a\u0e49\u0e32\u0e19\u0e42\u0e04\u0e01\u0e2b\u0e21\u0e32\u0e01\u0e21\u0e32\u0e22", "name:en": "Ban Khok Mak Mai", "place": "village", "source": "Bing; sign", "osm_id": 1239447995, "osm_type": "node"}, "geometry": {"type": "Point", "coordinates": [102.9680425, 16.1188922]}}, {"type": "Feature", "properties": {"is_in:country": "Thailand", "is_in:country_code": "TH", "is_in:iso_3166_2": "TH-44", "is_in:state": "Maha Sarakham", "is_in:state_code": "44", "name": "\u0e1a\u0e49\u0e32\u0e19\u0e27\u0e31\u0e07\u0e02\u0e2d\u0e19\u0e08\u0e34\u0e01", "name:en": "Ban Wang Khon Chik", "place": "village", "source": "Bing; sign", "osm_id": 1239448051, "osm_type": "node"}, "geometry": {"type": "Point", "coordinates": [102.9351128, 16.1238533]}}, {"type": "Feature", "properties": {"is_in:country": "Thailand", "is_in:country_code": "TH", "is_in:iso_3166_2": "TH-44", "is_in:state": "Maha Sarakham", "is_in:state_code": "44", "name": "\u0e1a\u0e49\u0e32\u0e19\u0e14\u0e39\u0e48\u0e40\u0e2b\u0e19\u0e37\u0e2d", "name:en": "Ban Du Nuea", "place": "village", "source": "Bing; sign", "osm_id": 1239448385, "osm_type": "node"}, "geometry": {"type": "Point", "coordinates": [102.9988976, 16.1135003]}}, {"type": "Feature", "properties": {"addr:country": "TH", "addr:district": "Mueang Khon Kaen", "addr:postcode": "40000", "addr:province": "Khon Kaen", "addr:street": "Klang Mueang Road", "addr:subdistrict": "Nai Mueang", "amenity": "doctors", "healthcare": "doctor", "name": "\u0e02\u0e2d\u0e19\u0e41\u0e01\u0e48\u0e19\u0e41\u0e25\u0e47\u0e1a", "name:en": "Khon Kaen Lab", "name:th": "\u0e02\u0e2d\u0e19\u0e41\u0e01\u0e48\u0e19\u0e41\u0e25\u0e47\u0e1a", "note": "\u0e15\u0e23\u0e27\u0e08\u0e40\u0e25\u0e37\u0e2d\u0e14 \u0e40\u0e2d\u0e47\u0e01\u0e0b\u0e40\u0e23\u0e22\u0e4c \u0e2d\u0e31\u0e25\u0e15\u0e23\u0e32\u0e0b\u0e32\u0e27\u0e14\u0e4c \u0e04\u0e2d\u0e21\u0e1e\u0e34\u0e27\u0e40\u0e15\u0e2d\u0e23\u0e4c", "source": "bing; sign", "osm_id": 1239472735, "osm_type": "node"}, "geometry": {"type": "Point", "coordinates": [102.8364549, 16.4369383]}}, {"type": "Feature", "properties": {"is_in:country": "Thailand", "is_in:country_code": "TH", "is_in:iso_3166_2": "TH-44", "is_in:state": "Maha Sarakham", "is_in:state_code": "44", "name": "\u0e1a\u0e49\u0e32\u0e19\u0e2b\u0e31\u0e27\u0e0a\u0e49\u0e32\u0e07", "name:en": "Ban Hua Chang", "place": "village", "source": "Bing; sign", "osm_id": 1239515291, "osm_type": "node"}, "geometry": {"type": "Point", "coordinates": [102.9997921, 16.0687513]}}, {"type": "Feature", "properties": {"capital_level": "6; 8", "is_in:country": "Thailand", "is_in:country_code": "TH", "is_in:iso_3166_2": "TH-44", "is_in:state": "Maha Sarakham", "is_in:state_code": "44", "name": "\u0e01\u0e38\u0e14\u0e23\u0e31\u0e07", "name:en": "Kut Rang", "place": "village", "source": "Bing; sign", "osm_id": 1239515366, "osm_type": "node"}, "geometry": {"type": "Point", "coordinates": [103.0095823, 16.0942419]}}, {"type": "Feature", "properties": {"is_in:country": "Thailand", "is_in:country_code": "TH", "is_in:iso_3166_2": "TH-44", "is_in:state": "Maha Sarakham", "is_in:state_code": "44", "name": "\u0e1a\u0e49\u0e32\u0e19\u0e2b\u0e19\u0e2d\u0e07\u0e1a\u0e31\u0e27", "name:en": "Ban Nong Bua", "place": "village", "source": "Bing; sign", "osm_id": 1239515634, "osm_type": "node"}, "geometry": {"type": "Point", "coordinates": [103.0036535, 16.0892076]}}, {"type": "Feature", "properties": {"is_in:country": "Thailand", "is_in:country_code": "TH", "is_in:iso_3166_2": "TH-44", "is_in:state": "Maha Sarakham", "is_in:state_code": "44", "name": "\u0e1a\u0e49\u0e32\u0e19\u0e1a\u0e48\u0e2d\u0e41\u0e01", "name:en": "Ban Bo Kae", "place": "village", "source": "Bing; sign", "osm_id": 1240508291, "osm_type": "node"}, "geometry": {"type": "Point", "coordinates": [102.9847132, 16.0173235]}}, {"type": "Feature", "properties": {"is_in:country": "Thailand", "is_in:country_code": "TH", "is_in:iso_3166_2": "TH-44", "is_in:state": "Maha Sarakham", "is_in:state_code": "44", "name": "\u0e1a\u0e49\u0e32\u0e19\u0e01\u0e38\u0e14\u0e41\u0e04\u0e19", "name:en": "Ban Kut Khaen", "place": "village", "source": "Bing; sign", "osm_id": 1249859360, "osm_type": "node"}, "geometry": {"type": "Point", "coordinates": [103.2667649, 16.0965702]}}, {"type": "Feature", "properties": {"is_in:country": "Thailand", "is_in:country_code": "TH", "is_in:iso_3166_2": "TH-44", "is_in:state": "Maha Sarakham", "is_in:state_code": "44", "name": "\u0e1a\u0e49\u0e32\u0e19\u0e42\u0e04\u0e01\u0e2a\u0e35", "name:en": "Ban Khok Si", "place": "village", "source": "Bing; sign", "osm_id": 1249867507, "osm_type": "node"}, "geometry": {"type": "Point", "coordinates": [103.276933, 16.0950755]}}, {"type": "Feature", "properties": {"is_in:country": "Thailand", "is_in:country_code": "TH", "is_in:iso_3166_2": "TH-44", "is_in:state": "Maha Sarakham", "is_in:state_code": "44", "name": "\u0e1a\u0e49\u0e32\u0e19\u0e2b\u0e34\u0e19\u0e25\u0e32\u0e14", "name:en": "Ban Hin Lat", "place": "village", "source": "Bing; sign", "osm_id": 1249867858, "osm_type": "node"}, "geometry": {"type": "Point", "coordinates": [103.2759434, 16.1224021]}}, {"type": "Feature", "properties": {"is_in:country": "Thailand", "is_in:country_code": "TH", "is_in:iso_3166_2": "TH-44", "is_in:state": "Maha Sarakham", "is_in:state_code": "44", "name": "\u0e1a\u0e49\u0e32\u0e19\u0e2a\u0e21\u0e28\u0e23\u0e35", "name:en": "Ban Som Si", "place": "village", "source": "Bing; sign", "osm_id": 1257564276, "osm_type": "node"}, "geometry": {"type": "Point", "coordinates": [103.2293999, 16.0267559]}}, {"type": "Feature", "properties": {"is_in:country": "Thailand", "is_in:country_code": "TH", "is_in:iso_3166_2": "TH-44", "is_in:state": "Maha Sarakham", "is_in:state_code": "44", "name": "\u0e1a\u0e49\u0e32\u0e19\u0e20\u0e39\u0e14\u0e34\u0e19", "name:en": "Ban Phu Din", "place": "village", "source": "Bing; sign", "osm_id": 1257564383, "osm_type": "node"}, "geometry": {"type": "Point", "coordinates": [103.2204486, 16.0091079]}}, {"type": "Feature", "properties": {"capital_level": "8", "is_in:country": "Thailand", "is_in:country_code": "TH", "is_in:iso_3166_2": "TH-44", "is_in:state": "Maha Sarakham", "is_in:state_code": "44", "name": "\u0e1a\u0e49\u0e32\u0e19\u0e2b\u0e19\u0e2d\u0e07\u0e42\u0e01", "name:en": "Ban Nong Ko", "place": "village", "source": "Bing; sign", "osm_id": 1257709286, "osm_type": "node"}, "geometry": {"type": "Point", "coordinates": [103.2181177, 16.0669155]}}, {"type": "Feature", "properties": {"is_in:country": "Thailand", "is_in:country_code": "TH", "is_in:iso_3166_2": "TH-44", "is_in:state": "Maha Sarakham", "is_in:state_code": "44", "name": "\u0e1a\u0e49\u0e32\u0e19\u0e2b\u0e19\u0e2d\u0e07\u0e04\u0e25\u0e2d\u0e07", "name:en": "Ban Nong Khlong", "place": "village", "source": "Bing; sign", "osm_id": 1257709942, "osm_type": "node"}, "geometry": {"type": "Point", "coordinates": [103.2127812, 16.0553273]}}, {"type": "Feature", "properties": {"capital_level": "8", "is_in:country": "Thailand", "is_in:country_code": "TH", "is_in:iso_3166_2": "TH-44", "is_in:state": "Maha Sarakham", "is_in:state_code": "44", "name": "\u0e1a\u0e49\u0e32\u0e19\u0e1a\u0e48\u0e2d\u0e43\u0e2b\u0e0d\u0e48", "name:en": "Ban Bo Yai", "place": "village", "source": "Bing; sign", "osm_id": 1257783194, "osm_type": "node"}, "geometry": {"type": "Point", "coordinates": [103.1880988, 16.112508]}}, {"type": "Feature", "properties": {"is_in:country": "Thailand", "is_in:country_code": "TH", "is_in:iso_3166_2": "TH-44", "is_in:state": "Maha Sarakham", "is_in:state_code": "44", "name": "\u0e1a\u0e49\u0e32\u0e19\u0e42\u0e19\u0e19\u0e2a\u0e30\u0e2d\u0e32\u0e14", "name:en": "Ban Non Sa-at", "place": "village", "source": "Bing; sign", "osm_id": 1257784200, "osm_type": "node"}, "geometry": {"type": "Point", "coordinates": [103.1821411, 16.100665]}}, {"type": "Feature", "properties": {"is_in:country": "Thailand", "is_in:country_code": "TH", "is_in:iso_3166_2": "TH-44", "is_in:state": "Maha Sarakham", "is_in:state_code": "44", "name": "\u0e1a\u0e49\u0e32\u0e19\u0e2b\u0e19\u0e2d\u0e07\u0e40\u0e02\u0e37\u0e48\u0e2d\u0e19\u0e0a\u0e49\u0e32\u0e07", "name:en": "Ban Nong Khuean Chang", "place": "village", "source": "Bing;sign", "osm_id": 1257785417, "osm_type": "node"}, "geometry": {"type": "Point", "coordinates": [103.1904451, 16.1644557]}}, {"type": "Feature", "properties": {"is_in:country": "Thailand", "is_in:country_code": "TH", "is_in:iso_3166_2": "TH-44", "is_in:state": "Maha Sarakham", "is_in:state_code": "44", "name": "\u0e1a\u0e49\u0e32\u0e19\u0e40\u0e01\u0e48\u0e32\u0e43\u0e2b\u0e21\u0e48", "name:en": "Ban Kao Mai", "place": "village", "source": "Bing; sign", "osm_id": 1257785764, "osm_type": "node"}, "geometry": {"type": "Point", "coordinates": [103.1875976, 16.1386917]}}, {"type": "Feature", "properties": {"alt_name": "Ban Hua Khua", "is_in:country_code": "TH", "is_in:iso_3166_2": "TH-44", "is_in:state": "Maha Sarakham", "is_in:state_code": "44", "name": "\u0e1a\u0e49\u0e32\u0e19\u0e2b\u0e31\u0e27\u0e02\u0e31\u0e27", "name:en": "Ban Hua Khua", "place": "village", "source": "Bing; sign", "osm_id": 1258979586, "osm_type": "node"}, "geometry": {"type": "Point", "coordinates": [103.0816891, 16.2227564]}}, {"type": "Feature", "properties": {"is_in:country": "Thailand", "is_in:country_code": "TH", "is_in:iso_3166_2": "TH-44", "is_in:state": "Maha Sarakham", "is_in:state_code": "44", "name": "\u0e1a\u0e49\u0e32\u0e19\u0e42\u0e19\u0e19\u0e15\u0e32\u0e25", "name:en": "Ban Non Tan", "place": "village", "source": "Bing; sign", "osm_id": 1258979865, "osm_type": "node"}, "geometry": {"type": "Point", "coordinates": [103.1917427, 16.1798826]}}, {"type": "Feature", "properties": {"is_in:country": "Thailand", "is_in:country_code": "TH", "is_in:iso_3166_2": "TH-44", "is_in:state": "Maha Sarakham", "is_in:state_code": "44", "name": "\u0e1a\u0e49\u0e32\u0e19\u0e2b\u0e34\u0e19\u0e25\u0e32\u0e14", "name:en": "Ban Hin Lat", "place": "village", "source": "Bing; sign", "osm_id": 1258979963, "osm_type": "node"}, "geometry": {"type": "Point", "coordinates": [103.1672701, 16.1678409]}}, {"type": "Feature", "properties": {"is_in:country": "Thailand", "is_in:country_code": "TH", "is_in:iso_3166_2": "TH-44", "is_in:state": "Maha Sarakham", "is_in:state_code": "44", "name": "\u0e1a\u0e49\u0e32\u0e19\u0e1a\u0e48\u0e2d\u0e19\u0e49\u0e2d\u0e22", "name:en": "Ban Bo Noi", "place": "village", "source": "Bing; sign", "osm_id": 1258980142, "osm_type": "node"}, "geometry": {"type": "Point", "coordinates": [103.1544577, 16.1928448]}}, {"type": "Feature", "properties": {"is_in:country": "Thailand", "is_in:country_code": "TH", "is_in:iso_3166_2": "TH-44", "is_in:state": "Maha Sarakham", "is_in:state_code": "44", "name": "\u0e1a\u0e49\u0e32\u0e19\u0e42\u0e19\u0e19\u0e2a\u0e30\u0e2d\u0e32\u0e14", "name:en": "Ban Non Sa-at", "place": "village", "source": "Bing; sign", "osm_id": 1258980379, "osm_type": "node"}, "geometry": {"type": "Point", "coordinates": [103.1850374, 16.1797513]}}, {"type": "Feature", "properties": {"is_in:country": "Thailand", "is_in:country_code": "TH", "is_in:iso_3166_2": "TH-44", "is_in:state": "Maha Sarakham", "is_in:state_code": "44", "name": "\u0e1a\u0e49\u0e32\u0e19\u0e42\u0e19\u0e19\u0e40\u0e2a\u0e35\u0e22\u0e27", "name:en": "Ban Non Siao", "place": "village", "source": "Bing; sign", "osm_id": 1259482134, "osm_type": "node"}, "geometry": {"type": "Point", "coordinates": [103.1934958, 16.2471951]}}, {"type": "Feature", "properties": {"is_in:country": "Thailand", "is_in:country_code": "TH", "is_in:iso_3166_2": "TH-44", "is_in:state": "Maha Sarakham", "is_in:state_code": "44", "name": "\u0e1a\u0e49\u0e32\u0e19\u0e40\u0e2a\u0e35\u0e22\u0e07\u0e2a\u0e48\u0e07", "name:en": "Ban Siang Song", "place": "village", "source": "GPS; sign", "osm_id": 1259482181, "osm_type": "node"}, "geometry": {"type": "Point", "coordinates": [103.1355797, 16.2036525]}}, {"type": "Feature", "properties": {"capital_level": "8", "is_in:country": "Thailand", "is_in:country_code": "TH", "is_in:iso_3166_2": "TH-44", "is_in:state": "Maha Sarakham", "is_in:state_code": "44", "name": "\u0e1a\u0e49\u0e32\u0e19\u0e40\u0e25\u0e34\u0e07\u0e43\u0e15\u0e49", "name:en": "Ban Loeng Tai", "place": "village", "source": "GPS; sign", "osm_id": 1259482298, "osm_type": "node"}, "geometry": {"type": "Point", "coordinates": [103.1342543, 16.2197948]}}, {"type": "Feature", "properties": {"is_in:country": "Thailand", "is_in:country_code": "TH", "is_in:iso_3166_2": "TH-44", "is_in:state": "Maha Sarakham", "is_in:state_code": "44", "name": "\u0e1a\u0e49\u0e32\u0e19\u0e01\u0e38\u0e14\u0e19\u0e49\u0e33\u0e43\u0e2a", "name:en": "Ban Kut Nam Sai", "place": "village", "source": "Bing; sign", "osm_id": 1259482458, "osm_type": "node"}, "geometry": {"type": "Point", "coordinates": [103.1037002, 16.2478851]}}, {"type": "Feature", "properties": {"is_in:country": "Thailand", "is_in:country_code": "TH", "is_in:iso_3166_2": "TH-44", "is_in:state": "Maha Sarakham", "is_in:state_code": "44", "name": "\u0e1a\u0e49\u0e32\u0e19\u0e1a\u0e38\u0e48\u0e07\u0e40\u0e1a\u0e32", "name:en": "Ban Bung Bao", "place": "village", "source": "Bing; sign", "osm_id": 1259484327, "osm_type": "node"}, "geometry": {"type": "Point", "coordinates": [103.1611516, 16.1970913]}}, {"type": "Feature", "properties": {"is_in:country": "Thailand", "is_in:country_code": "TH", "is_in:iso_3166_2": "TH-44", "is_in:state": "Maha Sarakham", "is_in:state_code": "44", "name": "\u0e1a\u0e49\u0e32\u0e19\u0e19\u0e49\u0e33\u0e08\u0e49\u0e2d\u0e22", "name:en": "Ban Nam Choi", "place": "village", "source": "GPS; sign", "osm_id": 1259484914, "osm_type": "node"}, "geometry": {"type": "Point", "coordinates": [103.1419939, 16.1982948]}}, {"type": "Feature", "properties": {"is_in:country": "Thailand", "is_in:country_code": "TH", "is_in:iso_3166_2": "TH-44", "is_in:state": "Maha Sarakham", "is_in:state_code": "44", "name": "\u0e1a\u0e49\u0e32\u0e19\u0e2b\u0e19\u0e2d\u0e07\u0e2b\u0e2d\u0e22", "name:en": "Ban Nong Hoi", "place": "village", "source": "GPS; sign", "osm_id": 1259485186, "osm_type": "node"}, "geometry": {"type": "Point", "coordinates": [103.1364023, 16.2046769]}}, {"type": "Feature", "properties": {"capital_level": "8", "is_in:country": "Thailand", "is_in:country_code": "TH", "is_in:iso_3166_2": "TH-44", "is_in:state": "Maha Sarakham", "is_in:state_code": "44", "name": "\u0e1a\u0e49\u0e32\u0e19\u0e17\u0e48\u0e32\u0e02\u0e2d\u0e19\u0e22\u0e32\u0e07", "name:en": "Ban Tha Khon Yang", "place": "village", "source": "Bing; sign", "osm_id": 1259486103, "osm_type": "node"}, "geometry": {"type": "Point", "coordinates": [103.2660468, 16.2347901]}}, {"type": "Feature", "properties": {"capital_level": "8", "is_in:country": "Thailand", "is_in:country_code": "TH", "is_in:iso_3166_2": "TH-44", "is_in:state": "Maha Sarakham", "is_in:state_code": "44", "name": "\u0e1a\u0e49\u0e32\u0e19\u0e02\u0e32\u0e21\u0e40\u0e23\u0e35\u0e22\u0e07", "name:en": "Ban Kham Riang", "place": "village", "source": "Bing; sign", "osm_id": 1259487520, "osm_type": "node"}, "geometry": {"type": "Point", "coordinates": [103.2329132, 16.2528935]}}, {"type": "Feature", "properties": {"is_in:country": "Thailand", "is_in:country_code": "TH", "is_in:iso_3166_2": "TH-44", "is_in:state": "Maha Sarakham", "is_in:state_code": "44", "name": "\u0e1a\u0e49\u0e32\u0e19\u0e04\u0e38\u0e22\u0e42\u0e1e\u0e18\u0e34\u0e4c", "name:en": "Ban Khui Pho", "place": "village", "source": "Bing; sign", "osm_id": 1259487721, "osm_type": "node"}, "geometry": {"type": "Point", "coordinates": [103.1022924, 16.2477818]}}, {"type": "Feature", "properties": {"is_in:country": "Thailand", "is_in:country_code": "TH", "is_in:iso_3166_2": "TH-44", "is_in:state": "Maha Sarakham", "is_in:state_code": "44", "name": "\u0e1a\u0e49\u0e32\u0e19\u0e02\u0e35", "name:en": "Ban Khi", "place": "village", "source": "Bing; sign", "osm_id": 1259487740, "osm_type": "node"}, "geometry": {"type": "Point", "coordinates": [103.1951898, 16.2536868]}}, {"type": "Feature", "properties": {"is_in:country": "Thailand", "is_in:country_code": "TH", "is_in:iso_3166_2": "TH-44", "is_in:state": "Maha Sarakham", "is_in:state_code": "44", "name": "\u0e1a\u0e49\u0e32\u0e19\u0e04\u0e38\u0e22\u0e40\u0e0a\u0e37\u0e2d\u0e2d\u0e01", "name:en": "Ban Khui Chuea Ok", "place": "village", "source": "Bing; sign", "osm_id": 1259487873, "osm_type": "node"}, "geometry": {"type": "Point", "coordinates": [103.1599219, 16.2230951]}}, {"type": "Feature", "properties": {"is_in:country": "Thailand", "is_in:country_code": "TH", "is_in:iso_3166_2": "TH-44", "is_in:state": "Maha Sarakham", "is_in:state_code": "44", "name": "\u0e1a\u0e49\u0e32\u0e19\u0e40\u0e25\u0e34\u0e07\u0e1a\u0e31\u0e27", "name:en": "Ban Loeng Bua", "place": "village", "source": "Bing; sign", "osm_id": 1259488236, "osm_type": "node"}, "geometry": {"type": "Point", "coordinates": [103.1133442, 16.2357639]}}, {"type": "Feature", "properties": {"is_in:country": "Thailand", "is_in:country_code": "TH", "is_in:iso_3166_2": "TH-44", "is_in:state": "Maha Sarakham", "is_in:state_code": "44", "name": "\u0e1a\u0e49\u0e32\u0e19\u0e40\u0e02\u0e35\u0e22\u0e1a", "name:en": "Ban Khiap", "place": "village", "source": "Bing; sign", "osm_id": 1259488299, "osm_type": "node"}, "geometry": {"type": "Point", "coordinates": [103.2199328, 16.2496539]}}, {"type": "Feature", "properties": {"is_in:country": "Thailand", "is_in:country_code": "TH", "is_in:iso_3166_2": "TH-44", "is_in:state": "Maha Sarakham", "is_in:state_code": "44", "name": "\u0e1a\u0e49\u0e32\u0e19\u0e2b\u0e19\u0e2d\u0e07\u0e42\u0e19", "name:en": "Ban Nong No", "place": "village", "source": "Bing; sign", "osm_id": 1259488392, "osm_type": "node"}, "geometry": {"type": "Point", "coordinates": [103.1575948, 16.1975161]}}, {"type": "Feature", "properties": {"is_in:country": "Thailand", "is_in:country_code": "TH", "is_in:iso_3166_2": "TH-44", "is_in:state": "Maha Sarakham", "is_in:state_code": "44", "name": "\u0e1a\u0e49\u0e32\u0e19\u0e04\u0e38\u0e22\u0e40\u0e1e\u0e47\u0e01", "name:en": "Ban Khui Phek", "place": "village", "source": "Bing; sign", "osm_id": 1259488483, "osm_type": "node"}, "geometry": {"type": "Point", "coordinates": [103.1629501, 16.2449646]}}, {"type": "Feature", "properties": {"is_in:country": "Thailand", "is_in:country_code": "TH", "is_in:iso_3166_2": "TH-44", "is_in:state": "Maha Sarakham", "is_in:state_code": "44", "name": "\u0e1a\u0e49\u0e32\u0e19\u0e42\u0e19\u0e19\u0e27\u0e31\u0e07", "name:en": "Ban Non Wang", "place": "village", "source": "GPS; sign", "osm_id": 1259488648, "osm_type": "node"}, "geometry": {"type": "Point", "coordinates": [103.1364849, 16.207696]}}, {"type": "Feature", "properties": {"capital_level": "8", "name": "\u0e1a\u0e49\u0e32\u0e19\u0e2b\u0e31\u0e27\u0e19\u0e32\u0e04\u0e33", "name:en": "Ban Hua Na Kham", "name:th": "\u0e1a\u0e49\u0e32\u0e19\u0e2b\u0e31\u0e27\u0e19\u0e32\u0e04\u0e33", "place": "village", "source": "Bing; sign", "osm_id": 1262107355, "osm_type": "node"}, "geometry": {"type": "Point", "coordinates": [103.1905645, 16.3820007]}}, {"type": "Feature", "properties": {"name": "\u0e1a\u0e49\u0e32\u0e19\u0e42\u0e04\u0e01\u0e04\u0e48\u0e32\u0e22", "name:en": "Ban Khok Khai", "name:th": "\u0e1a\u0e49\u0e32\u0e19\u0e42\u0e04\u0e01\u0e04\u0e48\u0e32\u0e22", "place": "village", "source": "Bing; sign", "osm_id": 1262107525, "osm_type": "node"}, "geometry": {"type": "Point", "coordinates": [103.1988358, 16.4019916]}}, {"type": "Feature", "properties": {"name": "\u0e1a\u0e49\u0e32\u0e19\u0e14\u0e2d\u0e19\u0e01\u0e25\u0e32\u0e07", "name:en": "Ban Don Klang", "name:th": "\u0e1a\u0e49\u0e32\u0e19\u0e14\u0e2d\u0e19\u0e01\u0e25\u0e32\u0e07", "place": "village", "source": "Bing; sign", "osm_id": 1263334953, "osm_type": "node"}, "geometry": {"type": "Point", "coordinates": [103.265366, 16.3827316]}}, {"type": "Feature", "properties": {"name": "\u0e1a\u0e49\u0e32\u0e19\u0e14\u0e07\u0e1a\u0e31\u0e07", "name:en": "Ban Dong Bang", "name:th": "\u0e1a\u0e49\u0e32\u0e19\u0e14\u0e07\u0e1a\u0e31\u0e07", "place": "village", "source": "Bing; sign", "osm_id": 1263335003, "osm_type": "node"}, "geometry": {"type": "Point", "coordinates": [103.2457629, 16.3877339]}}, {"type": "Feature", "properties": {"addr:city": "Mueang", "addr:district": "Nai Mueang", "addr:housenumber": "369", "addr:postcode": "40000", "addr:province": "Khon Kaen", "amenity": "doctors", "healthcare": "doctor", "name": "\u0e04\u0e25\u0e35\u0e19\u0e34\u0e01\u0e2b\u0e21\u0e2d\u0e40\u0e21\u0e18\u0e35 \u0e2d\u0e48\u0e2d\u0e19\u0e08\u0e31\u0e19\u0e17\u0e23\u0e4c", "name:en": "Doctor Matee Onchan", "name:th": "\u0e04\u0e25\u0e35\u0e19\u0e34\u0e01\u0e2b\u0e21\u0e2d\u0e40\u0e21\u0e18\u0e35 \u0e2d\u0e48\u0e2d\u0e19\u0e08\u0e31\u0e19\u0e17\u0e23\u0e4c", "opening_hours": "18:00-20:00", "source": "Bing; sign", "osm_id": 1264698262, "osm_type": "node"}, "geometry": {"type": "Point", "coordinates": [102.8340037, 16.4132591]}}, {"type": "Feature", "properties": {"is_in:country": "Thailand", "is_in:country_code": "TH", "is_in:iso_3166_2": "TH-40", "is_in:state": "Khon Kaen", "is_in:state_code": "40", "name": "\u0e1a\u0e49\u0e32\u0e19\u0e2b\u0e19\u0e2d\u0e07\u0e44\u0e2e", "name:en": "Ban Nong Hai", "place": "village", "source": "Bing; sign", "osm_id": 1268899808, "osm_type": "node"}, "geometry": {"type": "Point", "coordinates": [102.463457, 16.488822]}}, {"type": "Feature", "properties": {"addr:postcode": "40240", "admin_level": "7", "is_in:country": "Thailand", "is_in:country_code": "TH", "is_in:iso_3166_2": "TH-40", "is_in:state": "Khon Kaen", "is_in:state_code": "40", "name": "\u0e14\u0e2d\u0e19\u0e42\u0e21\u0e07", "name:en": "Don Mong", "official_name": "\u0e40\u0e17\u0e28\u0e1a\u0e32\u0e25\u0e15\u0e33\u0e1a\u0e25\u0e14\u0e2d\u0e19\u0e42\u0e21\u0e07", "place": "town", "osm_id": 1268902112, "osm_type": "node"}, "geometry": {"type": "Point", "coordinates": [102.5436475, 16.4850698]}}, {"type": "Feature", "properties": {"is_in:country": "Thailand", "is_in:country_code": "TH", "is_in:iso_3166_2": "TH-40", "is_in:state": "Khon Kaen", "is_in:state_code": "40", "name": "\u0e1a\u0e49\u0e32\u0e19\u0e01\u0e23\u0e30\u0e40\u0e14\u0e37\u0e48\u0e2d\u0e07", "name:en": "Ban Kradueang", "place": "village", "source": "Bing; sign", "osm_id": 1316071423, "osm_type": "node"}, "geometry": {"type": "Point", "coordinates": [102.6128741, 16.3790715]}}, {"type": "Feature", "properties": {"is_in:country": "Thailand", "is_in:country_code": "TH", "is_in:iso_3166_2": "TH-40", "is_in:state": "Khon Kaen", "is_in:state_code": "40", "name": "\u0e1a\u0e49\u0e32\u0e19\u0e1a\u0e48\u0e2d\u0e17\u0e2d\u0e07", "name:en": "Ban Bo Thong", "place": "village", "source": "Bing; sign", "osm_id": 1316071434, "osm_type": "node"}, "geometry": {"type": "Point", "coordinates": [102.6367339, 16.304444]}}, {"type": "Feature", "properties": {"addr:postcode": "40320", "is_in:country": "Thailand", "is_in:country_code": "TH", "is_in:iso_3166_2": "TH-40", "is_in:state": "Khon Kaen", "is_in:state_code": "40", "name": "\u0e1a\u0e49\u0e32\u0e19\u0e1b\u0e48\u0e32\u0e2a\u0e48\u0e32\u0e19", "name:en": "Ban Pa San", "place": "village", "source": "Bing; sign", "osm_id": 1316071435, "osm_type": "node"}, "geometry": {"type": "Point", "coordinates": [102.617258, 16.298318]}}, {"type": "Feature", "properties": {"is_in:country": "Thailand", "is_in:country_code": "TH", "is_in:iso_3166_2": "TH-40", "is_in:state": "Khon Kaen", "is_in:state_code": "40", "name": "\u0e1a\u0e49\u0e32\u0e19\u0e1b\u0e48\u0e32\u0e2b\u0e21\u0e49\u0e2d", "name:en": "Ban Pa Mo", "place": "village", "source": "Bing; sign", "osm_id": 1316071444, "osm_type": "node"}, "geometry": {"type": "Point", "coordinates": [102.6061938, 16.3246289]}}, {"type": "Feature", "properties": {"is_in:country": "Thailand", "is_in:country_code": "TH", "is_in:iso_3166_2": "TH-40", "is_in:state": "Khon Kaen", "is_in:state_code": "40", "name": "\u0e1a\u0e49\u0e32\u0e19\u0e2a\u0e23\u0e49\u0e32\u0e07\u0e41\u0e01\u0e49\u0e07", "name:en": "Ban Sang Kaeng", "place": "village", "source": "Bing; sign", "osm_id": 1316071456, "osm_type": "node"}, "geometry": {"type": "Point", "coordinates": [102.6074833, 16.4110352]}}, {"type": "Feature", "properties": {"is_in:country": "Thailand", "is_in:country_code": "TH", "is_in:iso_3166_2": "TH-40", "is_in:state": "Khon Kaen", "is_in:state_code": "40", "name": "\u0e1a\u0e49\u0e32\u0e19\u0e2b\u0e19\u0e2d\u0e07\u0e04\u0e25\u0e2d\u0e07\u0e43\u0e2b\u0e0d\u0e48", "name:en": "Ban Nong Khlong Yai", "place": "village", "source": "Bing; sign", "osm_id": 1316071462, "osm_type": "node"}, "geometry": {"type": "Point", "coordinates": [102.6106819, 16.3619514]}}, {"type": "Feature", "properties": {"is_in:country": "Thailand", "is_in:country_code": "TH", "is_in:iso_3166_2": "TH-40", "is_in:state": "Khon Kaen", "is_in:state_code": "40", "name": "\u0e1a\u0e49\u0e32\u0e19\u0e2b\u0e19\u0e2d\u0e07\u0e04\u0e39", "name:en": "Ban Nong Khu", "place": "village", "source": "Bing; sign", "osm_id": 1316071467, "osm_type": "node"}, "geometry": {"type": "Point", "coordinates": [102.6065904, 16.3371969]}}, {"type": "Feature", "properties": {"is_in:country": "Thailand", "is_in:country_code": "TH", "is_in:iso_3166_2": "TH-40", "is_in:state": "Khon Kaen", "is_in:state_code": "40", "name": "\u0e1a\u0e49\u0e32\u0e19\u0e2b\u0e19\u0e2d\u0e07\u0e2a\u0e33\u0e42\u0e23\u0e07", "name:en": "Ban Nong Samrong", "place": "village", "source": "Bing; sign", "osm_id": 1316071468, "osm_type": "node"}, "geometry": {"type": "Point", "coordinates": [102.6125512, 16.3911822]}}, {"type": "Feature", "properties": {"is_in:country": "Thailand", "is_in:country_code": "TH", "is_in:iso_3166_2": "TH-40", "is_in:state": "Khon Kaen", "is_in:state_code": "40", "name": "\u0e1a\u0e49\u0e32\u0e19\u0e2b\u0e19\u0e2d\u0e07\u0e41\u0e27\u0e07", "name:en": "Ban Nong Waeng", "place": "village", "source": "Bing; sign", "osm_id": 1316071469, "osm_type": "node"}, "geometry": {"type": "Point", "coordinates": [102.6234269, 16.4060258]}}, {"type": "Feature", "properties": {"is_in:country": "Thailand", "is_in:country_code": "TH", "is_in:iso_3166_2": "TH-40", "is_in:state": "Khon Kaen", "is_in:state_code": "40", "name": "\u0e1a\u0e49\u0e32\u0e19\u0e42\u0e04\u0e01\u0e2a\u0e35", "name:en": "Ban Khok Si", "place": "village", "source": "Bing; sign", "osm_id": 1316071470, "osm_type": "node"}, "geometry": {"type": "Point", "coordinates": [102.6266659, 16.4267815]}}, {"type": "Feature", "properties": {"is_in:country": "Thailand", "is_in:country_code": "TH", "is_in:iso_3166_2": "TH-40", "is_in:state": "Khon Kaen", "is_in:state_code": "40", "name": "\u0e1a\u0e49\u0e32\u0e19\u0e42\u0e19\u0e19\u0e04\u0e39\u0e13", "name:en": "Ban Non Khun", "place": "village", "source": "Bing; sign", "osm_id": 1316071471, "osm_type": "node"}, "geometry": {"type": "Point", "coordinates": [102.6115508, 16.4005461]}}, {"type": "Feature", "properties": {"is_in:country": "Thailand", "is_in:country_code": "TH", "is_in:iso_3166_2": "TH-40", "is_in:state": "Khon Kaen", "is_in:state_code": "40", "name": "\u0e1a\u0e49\u0e32\u0e19\u0e02\u0e32\u0e21\u0e1b\u0e49\u0e2d\u0e21", "name:en": "Ban Kham Pom", "place": "village", "source": "Bing; sign", "osm_id": 1316920994, "osm_type": "node"}, "geometry": {"type": "Point", "coordinates": [102.6787138, 16.2954058]}}, {"type": "Feature", "properties": {"is_in:country": "Thailand", "is_in:country_code": "TH", "is_in:iso_3166_2": "TH-40", "is_in:state": "Khon Kaen", "is_in:state_code": "40", "name": "\u0e1a\u0e49\u0e32\u0e19\u0e0a\u0e32\u0e14", "name:en": "Ban Chat", "place": "village", "source": "Bing; sign", "osm_id": 1316920996, "osm_type": "node"}, "geometry": {"type": "Point", "coordinates": [102.6690688, 16.3041204]}}, {"type": "Feature", "properties": {"is_in:country": "Thailand", "is_in:country_code": "TH", "is_in:iso_3166_2": "TH-40", "is_in:state": "Khon Kaen", "is_in:state_code": "40", "name": "\u0e1a\u0e49\u0e32\u0e19\u0e14\u0e07\u0e40\u0e04\u0e47\u0e07", "name:en": "Ban Dong Kheng", "place": "village", "source": "Bing; sign", "osm_id": 1316921002, "osm_type": "node"}, "geometry": {"type": "Point", "coordinates": [102.6648318, 16.2637012]}}, {"type": "Feature", "properties": {"is_in:country": "Thailand", "is_in:country_code": "TH", "is_in:iso_3166_2": "TH-40", "is_in:state": "Khon Kaen", "is_in:state_code": "40", "name": "\u0e1a\u0e49\u0e32\u0e19\u0e42\u0e19\u0e19\u0e07\u0e34\u0e49\u0e27", "name:en": "Ban Non Ngio", "place": "village", "source": "Bing; sign", "osm_id": 1316921014, "osm_type": "node"}, "geometry": {"type": "Point", "coordinates": [102.6547006, 16.2658615]}}, {"type": "Feature", "properties": {"is_in:country": "Thailand", "is_in:country_code": "TH", "is_in:iso_3166_2": "TH-40", "is_in:state": "Khon Kaen", "is_in:state_code": "40", "name": "\u0e1a\u0e49\u0e32\u0e19\u0e17\u0e48\u0e32\u0e2a\u0e27\u0e23\u0e23\u0e04\u0e4c", "name:en": "Ban Tha Sawan", "place": "village", "source": "Bing; sign", "osm_id": 1316921015, "osm_type": "node"}, "geometry": {"type": "Point", "coordinates": [102.6593641, 16.2333625]}}, {"type": "Feature", "properties": {"is_in:country": "Thailand", "is_in:country_code": "TH", "is_in:iso_3166_2": "TH-40", "is_in:state": "Khon Kaen", "is_in:state_code": "40", "name": "\u0e1a\u0e49\u0e32\u0e19\u0e19\u0e32\u0e08\u0e32\u0e19", "name:en": "Ban Na Chan", "place": "village", "source": "Bing; sign", "osm_id": 1316921016, "osm_type": "node"}, "geometry": {"type": "Point", "coordinates": [102.5993623, 16.1642246]}}, {"type": "Feature", "properties": {"is_in:country": "Thailand", "is_in:country_code": "TH", "is_in:iso_3166_2": "TH-40", "is_in:state": "Khon Kaen", "is_in:state_code": "40", "name": "\u0e1a\u0e49\u0e32\u0e19\u0e19\u0e49\u0e2d\u0e22\u0e0a\u0e32\u0e19\u0e1a\u0e36\u0e07", "name:en": "Ban Noi Chan Bueng", "place": "village", "source": "Bing; sign", "osm_id": 1316921017, "osm_type": "node"}, "geometry": {"type": "Point", "coordinates": [102.6755697, 16.2983278]}}, {"type": "Feature", "properties": {"is_in:country": "Thailand", "is_in:country_code": "TH", "is_in:iso_3166_2": "TH-40", "is_in:state": "Khon Kaen", "is_in:state_code": "40", "name": "\u0e1a\u0e49\u0e32\u0e19\u0e1a\u0e48\u0e2d\u0e41\u0e01", "name:en": "Ban Bo Kae", "place": "village", "source": "Bing; sign", "osm_id": 1316921018, "osm_type": "node"}, "geometry": {"type": "Point", "coordinates": [102.6421211, 16.3088]}}, {"type": "Feature", "properties": {"is_in:country": "Thailand", "is_in:country_code": "TH", "is_in:iso_3166_2": "TH-40", "is_in:state": "Khon Kaen", "is_in:state_code": "40", "name": "\u0e1a\u0e49\u0e32\u0e19\u0e1e\u0e23\u0e30\u0e1a\u0e38", "name:en": "Ban Phra Bu", "place": "village", "osm_id": 1316921019, "osm_type": "node"}, "geometry": {"type": "Point", "coordinates": [102.6892347, 16.2724118]}}, {"type": "Feature", "properties": {"is_in:country": "Thailand", "is_in:country_code": "TH", "is_in:iso_3166_2": "TH-40", "is_in:state": "Khon Kaen", "is_in:state_code": "40", "name": "\u0e1a\u0e49\u0e32\u0e19\u0e2b\u0e19\u0e2d\u0e07\u0e41\u0e1b\u0e19", "name:en": "Ban Nong Paen", "place": "village", "source": "Bing; sign", "osm_id": 1316921021, "osm_type": "node"}, "geometry": {"type": "Point", "coordinates": [102.6508543, 16.177079]}}, {"type": "Feature", "properties": {"is_in:country": "Thailand", "is_in:country_code": "TH", "is_in:iso_3166_2": "TH-40", "is_in:state": "Khon Kaen", "is_in:state_code": "40", "name": "\u0e1a\u0e49\u0e32\u0e19\u0e2b\u0e19\u0e2d\u0e07\u0e44\u0e2b", "name:en": "Ban Nong Hai", "place": "village", "source": "Bing; sign", "osm_id": 1316921024, "osm_type": "node"}, "geometry": {"type": "Point", "coordinates": [102.6622835, 16.207805]}}, {"type": "Feature", "properties": {"is_in:country": "Thailand", "is_in:country_code": "TH", "is_in:iso_3166_2": "TH-40", "is_in:state": "Khon Kaen", "is_in:state_code": "40", "name": "\u0e1a\u0e49\u0e32\u0e19\u0e42\u0e08\u0e14\u0e43\u0e2b\u0e0d\u0e48", "name:en": "Ban Chot Yai", "place": "village", "source": "Bing; sign", "osm_id": 1316921025, "osm_type": "node"}, "geometry": {"type": "Point", "coordinates": [102.6963591, 16.2921014]}}, {"type": "Feature", "properties": {"addr:postcode": "40320", "admin_level": "7", "is_in:country": "Thailand", "is_in:country_code": "TH", "is_in:iso_3166_2": "TH-40", "is_in:state": "Khon Kaen", "is_in:state_code": "40", "name": "\u0e1a\u0e49\u0e32\u0e19\u0e42\u0e15\u0e49\u0e19", "name:en": "Ban Ton", "official_name": "\u0e40\u0e17\u0e28\u0e1a\u0e32\u0e25\u0e15\u0e33\u0e1a\u0e25\u0e1a\u0e49\u0e32\u0e19\u0e42\u0e15\u0e49\u0e19", "place": "town", "osm_id": 1316921030, "osm_type": "node"}, "geometry": {"type": "Point", "coordinates": [102.7352159, 16.2774257]}}, {"type": "Feature", "properties": {"is_in:country": "Thailand", "is_in:country_code": "TH", "is_in:iso_3166_2": "TH-40", "is_in:state": "Khon Kaen", "is_in:state_code": "40", "name": "\u0e1a\u0e49\u0e32\u0e19\u0e42\u0e1e\u0e18\u0e34\u0e4c\u0e17\u0e2d\u0e07", "name:en": "Ban Pho Thong", "place": "village", "source": "Bing; sign", "osm_id": 1316921034, "osm_type": "node"}, "geometry": {"type": "Point", "coordinates": [102.6786716, 16.2935922]}}, {"type": "Feature", "properties": {"is_in:country": "Thailand", "is_in:country_code": "TH", "is_in:iso_3166_2": "TH-40", "is_in:state": "Khon Kaen", "is_in:state_code": "40", "name": "\u0e1a\u0e49\u0e32\u0e19\u0e1b\u0e48\u0e32\u0e1c\u0e38", "name:en": "Ban Pa Phu", "place": "village", "source": "Bing; sign", "osm_id": 1316962850, "osm_type": "node"}, "geometry": {"type": "Point", "coordinates": [102.5571408, 16.1735951]}}, {"type": "Feature", "properties": {"is_in:country": "Thailand", "is_in:country_code": "TH", "is_in:iso_3166_2": "TH-40", "is_in:state": "Khon Kaen", "is_in:state_code": "40", "name": "\u0e1a\u0e49\u0e32\u0e19\u0e17\u0e48\u0e32\u0e07\u0e32\u0e21", "name:en": "Ban Tha Ngam", "place": "village", "source": "Bing; sign", "osm_id": 1317120614, "osm_type": "node"}, "geometry": {"type": "Point", "coordinates": [102.7180889, 16.2466176]}}, {"type": "Feature", "properties": {"is_in:country": "Thailand", "is_in:country_code": "TH", "is_in:iso_3166_2": "TH-40", "is_in:state": "Khon Kaen", "is_in:state_code": "40", "name": "\u0e1a\u0e49\u0e32\u0e19\u0e42\u0e08\u0e14\u0e19\u0e49\u0e2d\u0e22", "name:en": "Ban Chot Noi", "place": "village", "source": "Bing; sign", "osm_id": 1317120615, "osm_type": "node"}, "geometry": {"type": "Point", "coordinates": [102.7145371, 16.2526553]}}, {"type": "Feature", "properties": {"is_in:country": "Thailand", "is_in:country_code": "TH", "is_in:iso_3166_2": "TH-40", "is_in:state": "Khon Kaen", "is_in:state_code": "40", "name": "\u0e1a\u0e49\u0e32\u0e19\u0e43\u0e2b\u0e21\u0e48\u0e0a\u0e31\u0e22\u0e1e\u0e23", "name:en": "Ban Mai Chaiphon", "place": "village", "source": "Bing; sign", "osm_id": 1317120616, "osm_type": "node"}, "geometry": {"type": "Point", "coordinates": [102.708105, 16.2568961]}}, {"type": "Feature", "properties": {"is_in:country": "Thailand", "is_in:country_code": "TH", "is_in:iso_3166_2": "TH-40", "is_in:state": "Khon Kaen", "is_in:state_code": "40", "name": "\u0e1a\u0e49\u0e32\u0e19\u0e42\u0e1e\u0e18\u0e34\u0e4c\u0e02\u0e38\u0e21\u0e14\u0e34\u0e19", "name:en": "Ban Pho Khum Din", "place": "village", "source": "Bing; sign", "osm_id": 1317123882, "osm_type": "node"}, "geometry": {"type": "Point", "coordinates": [102.6916231, 16.2857926]}}, {"type": "Feature", "properties": {"is_in:country": "Thailand", "is_in:country_code": "TH", "is_in:iso_3166_2": "TH-40", "is_in:state": "Khon Kaen", "is_in:state_code": "40", "name": "\u0e1a\u0e49\u0e32\u0e19\u0e01\u0e2d\u0e01", "name:en": "Ban Kok", "place": "village", "source": "Bing;sign", "osm_id": 1319724174, "osm_type": "node"}, "geometry": {"type": "Point", "coordinates": [102.5549833, 16.1555127]}}, {"type": "Feature", "properties": {"is_in:country": "Thailand", "is_in:country_code": "TH", "is_in:iso_3166_2": "TH-36", "is_in:state": "Chaiyaphum", "is_in:state_code": "36", "name": "\u0e1a\u0e49\u0e32\u0e19\u0e0a\u0e48\u0e2d\u0e07\u0e1d\u0e32\u0e07", "name:en": "Ban Chong Fang", "place": "village", "source": "Bing; sign", "osm_id": 1319724183, "osm_type": "node"}, "geometry": {"type": "Point", "coordinates": [102.414657, 16.2537218]}}, {"type": "Feature", "properties": {"is_in:country": "Thailand", "is_in:country_code": "TH", "is_in:iso_3166_2": "TH-40", "is_in:state": "Khon Kaen", "is_in:state_code": "40", "name": "\u0e1a\u0e49\u0e32\u0e19\u0e19\u0e32\u0e02\u0e48\u0e32", "name:en": "Ban Na Kha", "place": "village", "osm_id": 1319724221, "osm_type": "node"}, "geometry": {"type": "Point", "coordinates": [102.506325, 16.1657808]}}, {"type": "Feature", "properties": {"is_in:country": "Thailand", "is_in:country_code": "TH", "is_in:iso_3166_2": "TH-40", "is_in:state": "Khon Kaen", "is_in:state_code": "40", "name": "\u0e1a\u0e49\u0e32\u0e19\u0e1a\u0e31\u0e27", "name:en": "Ban Bua", "place": "village", "source": "Bing; sign", "osm_id": 1319724228, "osm_type": "node"}, "geometry": {"type": "Point", "coordinates": [102.5196916, 16.1424224]}}, {"type": "Feature", "properties": {"is_in:country": "Thailand", "is_in:country_code": "TH", "is_in:iso_3166_2": "TH-40", "is_in:state": "Khon Kaen", "is_in:state_code": "40", "name": "\u0e1a\u0e49\u0e32\u0e19\u0e21\u0e39\u0e25\u0e15\u0e38\u0e48\u0e19", "name:en": "Ban Mun Tun", "place": "village", "source": "Bing; sign", "osm_id": 1319724238, "osm_type": "node"}, "geometry": {"type": "Point", "coordinates": [102.5619907, 16.1434035]}}, {"type": "Feature", "properties": {"capital_level": "8", "is_in:country": "Thailand", "is_in:country_code": "TH", "is_in:iso_3166_2": "TH-40", "is_in:state": "Khon Kaen", "is_in:state_code": "40", "name": "\u0e1a\u0e49\u0e32\u0e19\u0e2a\u0e27\u0e19\u0e2b\u0e21\u0e48\u0e2d\u0e19", "name:en": "Ban Suan Mon", "place": "village", "source": "Bing; sign", "osm_id": 1319724244, "osm_type": "node"}, "geometry": {"type": "Point", "coordinates": [102.5452075, 16.1477337]}}, {"type": "Feature", "properties": {"is_in:country": "Thailand", "is_in:country_code": "TH", "is_in:iso_3166_2": "TH-36", "is_in:state": "Chaiyaphum", "is_in:state_code": "36", "name": "\u0e1a\u0e49\u0e32\u0e19\u0e2b\u0e19\u0e2d\u0e07\u0e14\u0e34\u0e19\u0e14\u0e33", "name:en": "Ban Nong Dindam", "place": "village", "source": "Bing; sign", "osm_id": 1319724255, "osm_type": "node"}, "geometry": {"type": "Point", "coordinates": [102.3895119, 16.2740348]}}, {"type": "Feature", "properties": {"is_in:country": "Thailand", "is_in:country_code": "TH", "is_in:iso_3166_2": "TH-40", "is_in:state": "Khon Kaen", "is_in:state_code": "40", "name": "\u0e1a\u0e49\u0e32\u0e19\u0e2b\u0e19\u0e2d\u0e07\u0e1a\u0e31\u0e27\u0e40\u0e22\u0e47\u0e19", "name:en": "Ban Nong Bua Yen", "place": "village", "source": "Bing; sign", "osm_id": 1319724260, "osm_type": "node"}, "geometry": {"type": "Point", "coordinates": [102.4732086, 16.2327685]}}, {"type": "Feature", "properties": {"is_in:country": "Thailand", "is_in:country_code": "TH", "is_in:iso_3166_2": "TH-36", "is_in:state": "Chaiyaphum", "is_in:state_code": "36", "name": "\u0e1a\u0e49\u0e32\u0e19\u0e2b\u0e19\u0e2d\u0e07\u0e2b\u0e0d\u0e49\u0e32\u0e1b\u0e25\u0e49\u0e2d\u0e07", "name:en": "Ban Nong Ya Plong", "place": "village", "source": "Bing; sign", "osm_id": 1319724272, "osm_type": "node"}, "geometry": {"type": "Point", "coordinates": [102.381927, 16.2363313]}}, {"type": "Feature", "properties": {"admin_level": "7", "capital": "6", "is_in:country": "Thailand", "is_in:country_code": "TH", "is_in:iso_3166_2": "TH-40", "is_in:state": "Khon Kaen", "is_in:state_code": "40", "name": "\u0e21\u0e31\u0e0d\u0e08\u0e32\u0e04\u0e35\u0e23\u0e35", "name:en": "Mancha Khiri", "official_name": "\u0e40\u0e17\u0e28\u0e1a\u0e32\u0e25\u0e15\u0e33\u0e1a\u0e25\u0e21\u0e31\u0e0d\u0e08\u0e32\u0e04\u0e35\u0e23\u0e35", "place": "town", "osm_id": 1319724286, "osm_type": "node"}, "geometry": {"type": "Point", "coordinates": [102.538513, 16.1294757]}}, {"type": "Feature", "properties": {"addr:district": "\u0e21\u0e31\u0e0d\u0e08\u0e32\u0e04\u0e35\u0e23\u0e35", "addr:district:en": "Mancha Khiri", "addr:hamlet": "\u0e2b\u0e21\u0e39\u0e48\u0e17\u0e35\u0e48 9", "addr:province": "\u0e08\u0e31\u0e07\u0e2b\u0e27\u0e31\u0e14\u0e02\u0e2d\u0e19\u0e41\u0e01\u0e48\u0e19", "addr:province:en": "Khon Kaen Province", "addr:subdistrict": "\u0e19\u0e32\u0e02\u0e48\u0e32", "addr:subdistrict:en": "Na Kha", "name": "\u0e1a\u0e49\u0e32\u0e19\u0e40\u0e2b\u0e25\u0e48\u0e32\u0e43\u0e2b\u0e0d\u0e48", "name:en": "Ban Lao Yai", "place": "hamlet", "source": "Bing; sign", "osm_id": 1319724287, "osm_type": "node"}, "geometry": {"type": "Point", "coordinates": [102.4884405, 16.1981516]}}, {"type": "Feature", "properties": {"addr:district": "\u0e21\u0e31\u0e0d\u0e08\u0e32\u0e04\u0e35\u0e23\u0e35", "addr:district:en": "Mancha Khiri", "addr:hamlet": "\u0e2b\u0e21\u0e39\u0e48\u0e17\u0e35\u0e48 14", "addr:province": "\u0e08\u0e31\u0e07\u0e2b\u0e27\u0e31\u0e14\u0e02\u0e2d\u0e19\u0e41\u0e01\u0e48\u0e19", "addr:province:en": "Khon Kaen Province", "addr:subdistrict": "\u0e19\u0e32\u0e02\u0e48\u0e32", "addr:subdistrict:en": "Na Kha", "name": "\u0e1a\u0e49\u0e32\u0e19\u0e40\u0e2b\u0e25\u0e48\u0e32\u0e43\u0e2b\u0e0d\u0e48", "name:en": "Ban Lao Yai", "place": "hamlet", "source": "Bing; sign", "osm_id": 1319724302, "osm_type": "node"}, "geometry": {"type": "Point", "coordinates": [102.4867733, 16.1997839]}}, {"type": "Feature", "properties": {"addr:country": "TH", "addr:district": "\u0e21\u0e31\u0e0d\u0e08\u0e32\u0e04\u0e35\u0e23\u0e35", "addr:district:en": "Mancha Khiri", "addr:hamlet": "\u0e2b\u0e21\u0e39\u0e48\u0e17\u0e35\u0e48 9", "addr:province": "\u0e02\u0e2d\u0e19\u0e41\u0e01\u0e48\u0e19", "addr:province:en": "Khon Kaen", "addr:subdistrict": "\u0e19\u0e32\u0e02\u0e48\u0e32", "addr:subdistrict:en": "Na Kha", "alt_name": "\u0e2a\u0e16\u0e32\u0e19\u0e35\u0e2d\u0e19\u0e32\u0e21\u0e31\u0e22\u0e19\u0e32\u0e02\u0e48\u0e32", "amenity": "clinic", "emergency": "no", "healthcare": "clinic", "name": "\u0e42\u0e23\u0e07\u0e1e\u0e22\u0e32\u0e1a\u0e32\u0e25\u0e2a\u0e48\u0e07\u0e40\u0e2a\u0e23\u0e34\u0e21\u0e2a\u0e38\u0e02\u0e20\u0e32\u0e1e\u0e15\u0e33\u0e1a\u0e25 \u0e19\u0e32\u0e02\u0e48\u0e32", "name:en": "Na Kha Subdistrict Health Promoting Hospital", "short_name": "\u0e23\u0e1e.\u0e2a\u0e15.\u0e19\u0e32\u0e02\u0e48\u0e32", "source": "Bing; sign", "osm_id": 1319724315, "osm_type": "node"}, "geometry": {"type": "Point", "coordinates": [102.48909, 16.1971975]}}, {"type": "Feature", "properties": {"addr:country": "TH", "addr:district": "\u0e21\u0e31\u0e0d\u0e08\u0e32\u0e04\u0e35\u0e23\u0e35", "addr:district:en": "Mancha Khiri", "addr:province": "\u0e02\u0e2d\u0e19\u0e41\u0e01\u0e48\u0e19", "addr:province:en": "Khon Kaen", "addr:subdistrict": "\u0e01\u0e38\u0e14\u0e40\u0e04\u0e49\u0e32", "addr:subdistrict:en": "Kut Khao", "amenity": "hospital", "name": "\u0e42\u0e23\u0e07\u0e1e\u0e22\u0e32\u0e1a\u0e32\u0e25\u0e21\u0e31\u0e0d\u0e08\u0e32\u0e04\u0e35\u0e23\u0e35", "name:en": "Mancha Khiri Hospital", "name:th": "Mancha Khiri Hospital", "name:zh": "Mancha Khiri Hospital", "source": "Bing; sign", "osm_id": 1319724319, "osm_type": "node"}, "geometry": {"type": "Point", "coordinates": [102.5341154, 16.1347821]}}, {"type": "Feature", "properties": {"is_in:country": "Thailand", "is_in:country_code": "TH", "is_in:iso_3166_2": "TH-36", "is_in:state": "Chaiyaphum", "is_in:state_code": "36", "name": "\u0e1a\u0e49\u0e32\u0e19\u0e19\u0e32\u0e22\u0e21", "name:en": "Ban Na Yom", "place": "village", "source": "Bing; sign", "osm_id": 1326030965, "osm_type": "node"}, "geometry": {"type": "Point", "coordinates": [102.4214806, 16.4108183]}}, {"type": "Feature", "properties": {"is_in:country": "Thailand", "is_in:country_code": "TH", "is_in:iso_3166_2": "TH-40", "is_in:state": "Khon Kaen", "is_in:state_code": "40", "name": "\u0e1a\u0e49\u0e32\u0e19\u0e2a\u0e27\u0e48\u0e32\u0e07\u0e14\u0e2d\u0e19\u0e14\u0e39\u0e48", "name:en": "Ban Sawang Don Du", "place": "village", "source": "Bing; sign", "osm_id": 1326030977, "osm_type": "node"}, "geometry": {"type": "Point", "coordinates": [102.4269245, 16.4231357]}}, {"type": "Feature", "properties": {"is_in:country": "Thailand", "is_in:country_code": "TH", "is_in:iso_3166_2": "TH-36", "is_in:state": "Chaiyaphum", "is_in:state_code": "36", "name": "\u0e1a\u0e49\u0e32\u0e19\u0e2a\u0e32\u0e21\u0e1e\u0e32\u0e14", "name:en": "Ban Sam Phat", "place": "village", "source": "Bing; sign", "osm_id": 1326030988, "osm_type": "node"}, "geometry": {"type": "Point", "coordinates": [102.395054, 16.4113256]}}, {"type": "Feature", "properties": {"is_in:country": "Thailand", "is_in:country_code": "TH", "is_in:iso_3166_2": "TH-40", "is_in:state": "Khon Kaen", "is_in:state_code": "40", "name": "\u0e1a\u0e49\u0e32\u0e19\u0e2b\u0e32\u0e14", "name:en": "Ban Hat", "place": "village", "source": "Bing; sign", "osm_id": 1326031000, "osm_type": "node"}, "geometry": {"type": "Point", "coordinates": [102.4158336, 16.4375049]}}, {"type": "Feature", "properties": {"is_in:country": "Thailand", "is_in:country_code": "TH", "is_in:iso_3166_2": "TH-39", "is_in:state": "Nong Bua Lam Phu", "is_in:state_code": "39", "name": "\u0e1a\u0e49\u0e32\u0e19\u0e20\u0e39\u0e28\u0e23\u0e35\u0e17\u0e2d\u0e07", "name:en": "Ban Phu Si Thong", "place": "village", "source": "Bing; sign", "osm_id": 1341920510, "osm_type": "node"}, "geometry": {"type": "Point", "coordinates": [102.4031613, 16.8613416]}}, {"type": "Feature", "properties": {"is_in:country": "Thailand", "is_in:country_code": "TH", "is_in:iso_3166_2": "TH-39", "is_in:state": "Nong Bua Lam Phu", "is_in:state_code": "39", "name": "\u0e1a\u0e49\u0e32\u0e19\u0e2b\u0e49\u0e27\u0e22\u0e1a\u0e07", "name:en": "Ban Huai Bong", "place": "village", "source": "Bing; sign", "osm_id": 1341920512, "osm_type": "node"}, "geometry": {"type": "Point", "coordinates": [102.401739, 16.8505707]}}, {"type": "Feature", "properties": {"is_in:country": "Thailand", "is_in:country_code": "TH", "is_in:iso_3166_2": "TH-39", "is_in:state": "Nong Bua Lam Phu", "is_in:state_code": "39", "name": "\u0e1a\u0e49\u0e32\u0e19\u0e2b\u0e49\u0e27\u0e22\u0e21\u0e30\u0e2b\u0e23\u0e35\u0e48", "name:en": "Ban Huai Ma Ri", "place": "village", "source": "Bing; sign", "osm_id": 1341920513, "osm_type": "node"}, "geometry": {"type": "Point", "coordinates": [102.451923, 16.8389627]}}, {"type": "Feature", "properties": {"is_in:country": "Thailand", "is_in:country_code": "TH", "is_in:iso_3166_2": "TH-39", "is_in:state": "Nong Bua Lam Phu", "is_in:state_code": "39", "name": "\u0e1a\u0e49\u0e32\u0e19\u0e42\u0e19\u0e19\u0e28\u0e34\u0e25\u0e32", "name:en": "Ban Non Sila", "place": "village", "source": "Bing; sign", "osm_id": 1342964320, "osm_type": "node"}, "geometry": {"type": "Point", "coordinates": [102.5734047, 16.8778888]}}, {"type": "Feature", "properties": {"is_in:country": "Thailand", "is_in:country_code": "TH", "is_in:iso_3166_2": "TH-40", "is_in:state": "Khon Kaen", "is_in:state_code": "40", "name": "\u0e1a\u0e49\u0e32\u0e19\u0e04\u0e33\u0e19\u0e32\u0e07\u0e1b\u0e38\u0e48\u0e21", "name:en": "Ban Kham Nang Pum", "place": "village", "source": "Bing; sign", "osm_id": 1344465353, "osm_type": "node"}, "geometry": {"type": "Point", "coordinates": [102.8233003, 16.8500646]}}, {"type": "Feature", "properties": {"is_in:country": "Thailand", "is_in:country_code": "TH", "is_in:iso_3166_2": "TH-40", "is_in:state": "Khon Kaen", "is_in:state_code": "40", "name": "\u0e1a\u0e49\u0e32\u0e19\u0e04\u0e33\u0e1b\u0e25\u0e32\u0e2b\u0e25\u0e32\u0e22", "name:en": "Ban Kham Pla Lai", "place": "village", "source": "Bing; sign", "osm_id": 1344465360, "osm_type": "node"}, "geometry": {"type": "Point", "coordinates": [102.6424949, 16.8314743]}}, {"type": "Feature", "properties": {"is_in:country": "Thailand", "is_in:country_code": "TH", "is_in:iso_3166_2": "TH-40", "is_in:state": "Khon Kaen", "is_in:state_code": "40", "name": "\u0e1a\u0e49\u0e32\u0e19\u0e2b\u0e49\u0e27\u0e22\u0e22\u0e32\u0e07\u0e2a\u0e30\u0e2d\u0e32\u0e14", "name:en": "Ban Huai Yang Sa-at", "place": "village", "source": "Bing; sign", "osm_id": 1344465389, "osm_type": "node"}, "geometry": {"type": "Point", "coordinates": [102.7560506, 16.8758439]}}, {"type": "Feature", "properties": {"is_in:country": "Thailand", "is_in:country_code": "TH", "is_in:iso_3166_2": "TH-40", "is_in:state": "Khon Kaen", "is_in:state_code": "40", "name": "\u0e1a\u0e49\u0e32\u0e19\u0e17\u0e23\u0e31\u0e1e\u0e22\u0e4c\u0e20\u0e39\u0e1e\u0e32\u0e19", "name:en": "Ban Sap Phu Phan", "place": "village", "source": "Bing; sign", "osm_id": 1344465403, "osm_type": "node"}, "geometry": {"type": "Point", "coordinates": [102.6370483, 16.8235274]}}, {"type": "Feature", "properties": {"is_in:country": "Thailand", "is_in:country_code": "TH", "is_in:iso_3166_2": "TH-40", "is_in:state": "Khon Kaen", "is_in:state_code": "40", "name": "\u0e1a\u0e49\u0e32\u0e19\u0e17\u0e32\u0e19\u0e15\u0e30\u0e27\u0e31\u0e19", "name:en": "Ban Thantawan", "place": "village", "source": "Bing; sign", "osm_id": 1344465408, "osm_type": "node"}, "geometry": {"type": "Point", "coordinates": [102.6647467, 16.8526928]}}, {"type": "Feature", "properties": {"is_in:country": "Thailand", "is_in:country_code": "TH", "is_in:iso_3166_2": "TH-40", "is_in:state": "Khon Kaen", "is_in:state_code": "40", "name": "\u0e1a\u0e49\u0e32\u0e19\u0e2a\u0e31\u0e21\u0e1e\u0e31\u0e19\u0e18\u0e4c", "name:en": "Ban Samphan", "place": "village", "source": "Bing; sign", "osm_id": 1344465426, "osm_type": "node"}, "geometry": {"type": "Point", "coordinates": [102.6773456, 16.8461964]}}, {"type": "Feature", "properties": {"is_in:country": "Thailand", "is_in:country_code": "TH", "is_in:iso_3166_2": "TH-40", "is_in:state": "Khon Kaen", "is_in:state_code": "40", "name": "\u0e1a\u0e49\u0e32\u0e19\u0e2b\u0e19\u0e2d\u0e07\u0e1c\u0e31\u0e01\u0e41\u0e27\u0e48\u0e19", "name:en": "Ban Nong Phakwaen", "place": "village", "source": "Bing; sign", "osm_id": 1344465441, "osm_type": "node"}, "geometry": {"type": "Point", "coordinates": [102.6295726, 16.8074901]}}, {"type": "Feature", "properties": {"is_in:country": "Thailand", "is_in:country_code": "TH", "is_in:iso_3166_2": "TH-40", "is_in:state": "Khon Kaen", "is_in:state_code": "40", "name": "\u0e1a\u0e49\u0e32\u0e19\u0e2b\u0e49\u0e27\u0e22\u0e04\u0e33\u0e19\u0e49\u0e2d\u0e22", "name:en": "Ban Huai Kham Noi", "place": "village", "source": "Bing; sign", "osm_id": 1344465444, "osm_type": "node"}, "geometry": {"type": "Point", "coordinates": [102.6456541, 16.8414632]}}, {"type": "Feature", "properties": {"is_in:country": "Thailand", "is_in:country_code": "TH", "is_in:iso_3166_2": "TH-40", "is_in:state": "Khon Kaen", "is_in:state_code": "40", "name": "\u0e1a\u0e49\u0e32\u0e19\u0e42\u0e19\u0e19\u0e23\u0e32\u0e28\u0e23\u0e35", "name:en": "Ban Non Ra Si", "place": "village", "source": "Bing; sign", "osm_id": 1344465454, "osm_type": "node"}, "geometry": {"type": "Point", "coordinates": [102.6958367, 16.8657436]}}, {"type": "Feature", "properties": {"is_in:country": "Thailand", "is_in:country_code": "TH", "is_in:iso_3166_2": "TH-40", "is_in:state": "Khon Kaen", "is_in:state_code": "40", "name": "\u0e1a\u0e49\u0e32\u0e19\u0e42\u0e19\u0e19\u0e28\u0e34\u0e25\u0e32", "name:en": "Ban Non Sila", "place": "village", "source": "Bing; sign", "osm_id": 1344465464, "osm_type": "node"}, "geometry": {"type": "Point", "coordinates": [102.6937644, 16.8815111]}}, {"type": "Feature", "properties": {"addr:country": "TH", "addr:district": "\u0e2d\u0e38\u0e1a\u0e25\u0e23\u0e31\u0e15\u0e19\u0e4c", "addr:district:en": "Ubonrat", "addr:province": "\u0e02\u0e2d\u0e19\u0e41\u0e01\u0e48\u0e19", "addr:province:en": "Khon Kaen", "addr:subdistrict": "\u0e1a\u0e49\u0e32\u0e19\u0e14\u0e07", "addr:subdistrict:en": "Ban Dong", "alt_name": "\u0e2a\u0e16\u0e32\u0e19\u0e35\u0e2d\u0e19\u0e32\u0e21\u0e31\u0e22\u0e1a\u0e49\u0e32\u0e19\u0e04\u0e33\u0e1b\u0e25\u0e32\u0e2b\u0e25\u0e32\u0e22", "amenity": "clinic", "emergency": "no", "healthcare": "clinic", "name": "\u0e42\u0e23\u0e07\u0e1e\u0e22\u0e32\u0e1a\u0e32\u0e25\u0e2a\u0e48\u0e07\u0e40\u0e2a\u0e23\u0e34\u0e21\u0e2a\u0e38\u0e02\u0e20\u0e32\u0e1e\u0e15\u0e33\u0e1a\u0e25 \u0e1a\u0e49\u0e32\u0e19\u0e04\u0e33\u0e1b\u0e25\u0e32\u0e2b\u0e25\u0e32\u0e22", "name:en": "Ban Kham Pla Lai Subdistrict Health Promoting Hospital", "short_name": "\u0e23\u0e1e.\u0e2a\u0e15.\u0e1a\u0e49\u0e32\u0e19\u0e04\u0e33\u0e1b\u0e25\u0e32\u0e2b\u0e25\u0e32\u0e22", "source": "Bing; sign", "osm_id": 1344465481, "osm_type": "node"}, "geometry": {"type": "Point", "coordinates": [102.6383454, 16.8276046]}}, {"type": "Feature", "properties": {"addr:postcode": "40110", "is_in:country": "Thailand", "is_in:country_code": "TH", "is_in:iso_3166_2": "TH-40", "is_in:state": "Khon Kaen", "is_in:state_code": "40", "name": "\u0e1a\u0e49\u0e32\u0e19\u0e02\u0e32\u0e21\u0e40\u0e1b\u0e35\u0e49\u0e22", "name:en": "Ban Kham Pia", "place": "village", "source": "Bing; sign", "osm_id": 1360268974, "osm_type": "node"}, "geometry": {"type": "Point", "coordinates": [102.7549366, 16.2216345]}}, {"type": "Feature", "properties": {"is_in:country": "Thailand", "is_in:country_code": "TH", "is_in:iso_3166_2": "TH-40", "is_in:state": "Khon Kaen", "is_in:state_code": "40", "name": "\u0e1a\u0e49\u0e32\u0e19\u0e14\u0e2d\u0e19\u0e1b\u0e2d\u0e41\u0e14\u0e07", "name:en": "Ban Don Po Daeng", "place": "village", "source": "Bing; sign", "osm_id": 1360268975, "osm_type": "node"}, "geometry": {"type": "Point", "coordinates": [102.7085001, 16.1590323]}}, {"type": "Feature", "properties": {"is_in:country": "Thailand", "is_in:country_code": "TH", "is_in:iso_3166_2": "TH-40", "is_in:state": "Khon Kaen", "is_in:state_code": "40", "name": "\u0e1a\u0e49\u0e32\u0e19\u0e17\u0e38\u0e48\u0e07\u0e21\u0e19", "name:en": "Ban Thung Mon", "place": "village", "source": "Bing; sign", "osm_id": 1360268976, "osm_type": "node"}, "geometry": {"type": "Point", "coordinates": [102.7262735, 16.1228563]}}, {"type": "Feature", "properties": {"is_in:country": "Thailand", "is_in:country_code": "TH", "is_in:iso_3166_2": "TH-40", "is_in:state": "Khon Kaen", "is_in:state_code": "40", "name": "\u0e1a\u0e49\u0e32\u0e19\u0e27\u0e31\u0e07\u0e2b\u0e27\u0e49\u0e32", "name:en": "Ban Wang Wa", "place": "village", "source": "Bing; sign", "osm_id": 1360268977, "osm_type": "node"}, "geometry": {"type": "Point", "coordinates": [102.8015748, 16.2183701]}}, {"type": "Feature", "properties": {"is_in:country": "Thailand", "is_in:country_code": "TH", "is_in:iso_3166_2": "TH-40", "is_in:state": "Khon Kaen", "is_in:state_code": "40", "name": "\u0e1a\u0e49\u0e32\u0e19\u0e28\u0e23\u0e35\u0e2a\u0e33\u0e23\u0e32\u0e0d", "name:en": "Ban Si Samran", "place": "village", "source": "Bing; sign", "osm_id": 1360268978, "osm_type": "node"}, "geometry": {"type": "Point", "coordinates": [102.7719763, 16.2443687]}}, {"type": "Feature", "properties": {"is_in:country": "Thailand", "is_in:country_code": "TH", "is_in:iso_3166_2": "TH-40", "is_in:state": "Khon Kaen", "is_in:state_code": "40", "name": "\u0e1a\u0e49\u0e32\u0e19\u0e2a\u0e27\u0e48\u0e32\u0e07\u0e1e\u0e31\u0e12\u0e19\u0e32", "name:en": "Ban Sawang Phatthana", "place": "village", "source": "Bing; sign", "osm_id": 1360268979, "osm_type": "node"}, "geometry": {"type": "Point", "coordinates": [102.7549071, 16.1521748]}}, {"type": "Feature", "properties": {"is_in:country": "Thailand", "is_in:country_code": "TH", "is_in:iso_3166_2": "TH-40", "is_in:state": "Khon Kaen", "is_in:state_code": "40", "name": "\u0e1a\u0e49\u0e32\u0e19\u0e2b\u0e19\u0e2d\u0e07\u0e01\u0e38\u0e07", "name:en": "Ban Nong Kung", "place": "village", "source": "Bing; sign", "osm_id": 1360268980, "osm_type": "node"}, "geometry": {"type": "Point", "coordinates": [102.7329024, 16.1326237]}}, {"type": "Feature", "properties": {"is_in:country": "Thailand", "is_in:country_code": "TH", "is_in:iso_3166_2": "TH-40", "is_in:state": "Khon Kaen", "is_in:state_code": "40", "name": "\u0e1a\u0e49\u0e32\u0e19\u0e2b\u0e19\u0e2d\u0e07\u0e02\u0e32\u0e21", "name:en": "Ban Nong Kham", "place": "village", "source": "Bing; sign", "osm_id": 1360268981, "osm_type": "node"}, "geometry": {"type": "Point", "coordinates": [102.7731996, 16.2784978]}}, {"type": "Feature", "properties": {"is_in:country": "Thailand", "is_in:country_code": "TH", "is_in:iso_3166_2": "TH-40", "is_in:state": "Khon Kaen", "is_in:state_code": "40", "name": "\u0e1a\u0e49\u0e32\u0e19\u0e2b\u0e19\u0e2d\u0e07\u0e2b\u0e31\u0e27\u0e0a\u0e49\u0e32\u0e07", "name:en": "Ban Nong Hua Chang", "place": "village", "source": "Bing; sign", "osm_id": 1360268983, "osm_type": "node"}, "geometry": {"type": "Point", "coordinates": [102.7119902, 16.1465345]}}, {"type": "Feature", "properties": {"is_in:country": "Thailand", "is_in:country_code": "TH", "is_in:iso_3166_2": "TH-40", "is_in:state": "Khon Kaen", "is_in:state_code": "40", "name": "\u0e1a\u0e49\u0e32\u0e19\u0e2b\u0e19\u0e2d\u0e07\u0e40\u0e15\u0e48\u0e32", "name:en": "Ban Nong Tao", "place": "village", "source": "Bing; sign", "osm_id": 1360268984, "osm_type": "node"}, "geometry": {"type": "Point", "coordinates": [102.7763086, 16.1763722]}}, {"type": "Feature", "properties": {"capital_level": "8", "is_in:country": "Thailand", "is_in:country_code": "TH", "is_in:iso_3166_2": "TH-40", "is_in:state": "Khon Kaen", "is_in:state_code": "40", "name": "\u0e1a\u0e49\u0e32\u0e19\u0e2b\u0e19\u0e2d\u0e07\u0e41\u0e0b\u0e07", "name:en": "Ban Nongsaeng", "place": "village", "source": "Bing; sign", "osm_id": 1360268985, "osm_type": "node"}, "geometry": {"type": "Point", "coordinates": [102.7906838, 16.16861]}}, {"type": "Feature", "properties": {"is_in:country": "Thailand", "is_in:country_code": "TH", "is_in:iso_3166_2": "TH-40", "is_in:state": "Khon Kaen", "is_in:state_code": "40", "name": "\u0e1a\u0e49\u0e32\u0e19\u0e2b\u0e19\u0e2d\u0e07\u0e42\u0e07\u0e49\u0e07", "name:en": "Ban Nong Ngong", "place": "village", "source": "Bing; sign", "osm_id": 1360268986, "osm_type": "node"}, "geometry": {"type": "Point", "coordinates": [102.7582667, 16.183742]}}, {"type": "Feature", "properties": {"is_in:country": "Thailand", "is_in:country_code": "TH", "is_in:iso_3166_2": "TH-40", "is_in:state": "Khon Kaen", "is_in:state_code": "40", "name": "\u0e1a\u0e49\u0e32\u0e19\u0e2b\u0e19\u0e2d\u0e07\u0e44\u0e2e", "name:en": "Ban Nong Hai", "place": "village", "source": "Bing; sign", "osm_id": 1360268987, "osm_type": "node"}, "geometry": {"type": "Point", "coordinates": [102.7576193, 16.210751]}}, {"type": "Feature", "properties": {"is_in:country": "Thailand", "is_in:country_code": "TH", "is_in:iso_3166_2": "TH-40", "is_in:state": "Khon Kaen", "is_in:state_code": "40", "name": "\u0e1a\u0e49\u0e32\u0e19\u0e2b\u0e31\u0e27\u0e2b\u0e19\u0e2d\u0e07\u0e1c\u0e31\u0e01\u0e41\u0e27\u0e48\u0e19", "name:en": "Ban Hua Nong Phakwaen", "place": "village", "source": "Bing; sign", "osm_id": 1360268988, "osm_type": "node"}, "geometry": {"type": "Point", "coordinates": [102.7325647, 16.127347]}}, {"type": "Feature", "properties": {"is_in:country": "Thailand", "is_in:country_code": "TH", "is_in:iso_3166_2": "TH-40", "is_in:state": "Khon Kaen", "is_in:state_code": "40", "name": "\u0e1a\u0e49\u0e32\u0e19\u0e40\u0e01\u0e34\u0e49\u0e07", "name:en": "Ban Koeng", "place": "village", "source": "Bing; sign", "osm_id": 1360268989, "osm_type": "node"}, "geometry": {"type": "Point", "coordinates": [102.7175106, 16.0744963]}}, {"type": "Feature", "properties": {"is_in:country": "Thailand", "is_in:country_code": "TH", "is_in:iso_3166_2": "TH-40", "is_in:state": "Khon Kaen", "is_in:state_code": "40", "name": "\u0e1a\u0e49\u0e32\u0e19\u0e42\u0e04\u0e01\u0e2a\u0e33\u0e23\u0e32\u0e0d", "name:en": "Ban Khok Samran", "place": "village", "osm_id": 1360268990, "osm_type": "node"}, "geometry": {"type": "Point", "coordinates": [102.6998523, 16.1780173]}}, {"type": "Feature", "properties": {"is_in:country": "Thailand", "is_in:country_code": "TH", "is_in:iso_3166_2": "TH-40", "is_in:state": "Khon Kaen", "is_in:state_code": "40", "name": "\u0e1a\u0e49\u0e32\u0e19\u0e42\u0e19\u0e19\u0e01\u0e25\u0e49\u0e27\u0e22\u0e2b\u0e2d\u0e21", "name:en": "Ban Non Kluai Hom", "place": "village", "source": "Bing; sign", "osm_id": 1360268991, "osm_type": "node"}, "geometry": {"type": "Point", "coordinates": [102.7591007, 16.2176074]}}, {"type": "Feature", "properties": {"is_in:country": "Thailand", "is_in:country_code": "TH", "is_in:iso_3166_2": "TH-40", "is_in:state": "Khon Kaen", "is_in:state_code": "40", "name": "\u0e1a\u0e49\u0e32\u0e19\u0e42\u0e19\u0e19\u0e17\u0e31\u0e19", "name:en": "Ban Non Than", "place": "village", "source": "Bing; sign", "osm_id": 1360268992, "osm_type": "node"}, "geometry": {"type": "Point", "coordinates": [102.8249873, 16.2559578]}}, {"type": "Feature", "properties": {"capital_level": "8", "is_in:country": "Thailand", "is_in:country_code": "TH", "is_in:iso_3166_2": "TH-40", "is_in:state": "Khon Kaen", "is_in:state_code": "40", "name": "\u0e1a\u0e49\u0e32\u0e19\u0e42\u0e19\u0e19\u0e2a\u0e21\u0e1a\u0e39\u0e23\u0e13\u0e4c", "name:en": "Ban Non Sombun", "place": "village", "source": "Bing; sign", "osm_id": 1360268994, "osm_type": "node"}, "geometry": {"type": "Point", "coordinates": [102.7795241, 16.272238]}}, {"type": "Feature", "properties": {"is_in:country": "Thailand", "is_in:country_code": "TH", "is_in:iso_3166_2": "TH-40", "is_in:state": "Khon Kaen", "is_in:state_code": "40", "name": "\u0e1a\u0e49\u0e32\u0e19\u0e42\u0e19\u0e19\u0e2a\u0e21\u0e1a\u0e39\u0e23\u0e13\u0e4c 2", "name:en": "Ban Non Sombun 2", "place": "village", "source": "Bing; sign", "osm_id": 1360268995, "osm_type": "node"}, "geometry": {"type": "Point", "coordinates": [102.7776998, 16.2507623]}}, {"type": "Feature", "properties": {"addr:country": "TH", "addr:district": "\u0e40\u0e21\u0e37\u0e2d\u0e07\u0e02\u0e2d\u0e19\u0e41\u0e01\u0e48\u0e19", "addr:district:en": "Mueang Khon Kaen", "addr:province": "\u0e02\u0e2d\u0e19\u0e41\u0e01\u0e48\u0e19", "addr:province:en": "Khon Kaen", "addr:subdistrict": "\u0e17\u0e48\u0e32\u0e1e\u0e23\u0e30", "addr:subdistrict:en": "Tha Phra", "alt_name": "\u0e2a\u0e16\u0e32\u0e19\u0e35\u0e2d\u0e19\u0e32\u0e21\u0e31\u0e22\u0e2b\u0e19\u0e2d\u0e07\u0e1a\u0e31\u0e27\u0e14\u0e35\u0e2b\u0e21\u0e35", "amenity": "clinic", "emergency": "no", "healthcare": "clinic", "name": "\u0e42\u0e23\u0e07\u0e1e\u0e22\u0e32\u0e1a\u0e32\u0e25\u0e2a\u0e48\u0e07\u0e40\u0e2a\u0e23\u0e34\u0e21\u0e2a\u0e38\u0e02\u0e20\u0e32\u0e1e\u0e15\u0e33\u0e1a\u0e25 \u0e2b\u0e19\u0e2d\u0e07\u0e1a\u0e31\u0e27\u0e14\u0e35\u0e2b\u0e21\u0e35", "name:en": "Nong Bua Di-mi Subdistrict Health Promoting Hospital", "short_name": "\u0e23\u0e1e.\u0e2a\u0e15.\u0e2b\u0e19\u0e2d\u0e07\u0e1a\u0e31\u0e27\u0e14\u0e35\u0e2b\u0e21\u0e35", "source": "Bing; sign", "osm_id": 1360268997, "osm_type": "node"}, "geometry": {"type": "Point", "coordinates": [102.7949312, 16.322386]}}, {"type": "Feature", "properties": {"is_in:country": "Thailand", "is_in:country_code": "TH", "is_in:iso_3166_2": "TH-40", "is_in:state": "Khon Kaen", "is_in:state_code": "40", "name": "\u0e1a\u0e49\u0e32\u0e19\u0e28\u0e34\u0e25\u0e32", "name:en": "Ban Sila", "place": "village", "source": "Bing;sign", "osm_id": 1361462754, "osm_type": "node"}, "geometry": {"type": "Point", "coordinates": [102.7785498, 16.0698709]}}, {"type": "Feature", "properties": {"is_in:country": "Thailand", "is_in:country_code": "TH", "is_in:iso_3166_2": "TH-40", "is_in:state": "Khon Kaen", "is_in:state_code": "40", "name": "\u0e1a\u0e49\u0e32\u0e19\u0e19\u0e32\u0e42\u0e1e\u0e18\u0e34\u0e4c", "name:en": "Ban Na Pho", "place": "village", "source": "Bing;sign", "osm_id": 1361462758, "osm_type": "node"}, "geometry": {"type": "Point", "coordinates": [102.7813551, 16.0657491]}}, {"type": "Feature", "properties": {"is_in:country": "Thailand", "is_in:country_code": "TH", "is_in:iso_3166_2": "TH-40", "is_in:state": "Khon Kaen", "is_in:state_code": "40", "name": "\u0e1a\u0e49\u0e32\u0e19\u0e2b\u0e19\u0e2d\u0e07\u0e2e\u0e35", "name:en": "Ban Nong Hi", "place": "village", "source": "Bing; sign", "osm_id": 1361462760, "osm_type": "node"}, "geometry": {"type": "Point", "coordinates": [102.8076595, 16.0530073]}}, {"type": "Feature", "properties": {"capital_level": "8", "is_in:country": "Thailand", "is_in:country_code": "TH", "is_in:iso_3166_2": "TH-40", "is_in:state": "Khon Kaen", "is_in:state_code": "40", "name": "\u0e1a\u0e49\u0e32\u0e19\u0e2b\u0e34\u0e19\u0e15\u0e31\u0e49\u0e07", "name:en": "Ban Hin Tang", "place": "village", "source": "Bing; sign", "osm_id": 1361462761, "osm_type": "node"}, "geometry": {"type": "Point", "coordinates": [102.8287606, 16.0463202]}}, {"type": "Feature", "properties": {"is_in:country": "Thailand", "is_in:country_code": "TH", "is_in:iso_3166_2": "TH-40", "is_in:state": "Khon Kaen", "is_in:state_code": "40", "name": "\u0e1a\u0e49\u0e32\u0e19\u0e42\u0e04\u0e01\u0e01\u0e48\u0e2d\u0e07", "name:en": "Ban Khok Kong", "place": "village", "source": "Bing; sign", "osm_id": 1361462765, "osm_type": "node"}, "geometry": {"type": "Point", "coordinates": [102.8394272, 16.0430115]}}, {"type": "Feature", "properties": {"is_in:country": "Thailand", "is_in:country_code": "TH", "is_in:iso_3166_2": "TH-40", "is_in:state": "Khon Kaen", "is_in:state_code": "40", "name": "\u0e1a\u0e49\u0e32\u0e19\u0e42\u0e04\u0e01\u0e01\u0e48\u0e2d\u0e07", "name:en": "Ban Khok Kong", "place": "village", "source": "Bing; sign", "osm_id": 1361462766, "osm_type": "node"}, "geometry": {"type": "Point", "coordinates": [102.8407027, 16.0456106]}}, {"type": "Feature", "properties": {"is_in:country": "Thailand", "is_in:country_code": "TH", "is_in:iso_3166_2": "TH-40", "is_in:state": "Khon Kaen", "is_in:state_code": "40", "name": "\u0e1a\u0e49\u0e32\u0e19\u0e42\u0e19\u0e19\u0e17\u0e2d\u0e07", "name:en": "Ban Non Thong", "place": "village", "source": "Bing; sign", "osm_id": 1361462767, "osm_type": "node"}, "geometry": {"type": "Point", "coordinates": [102.7814632, 16.0567564]}}, {"type": "Feature", "properties": {"is_in:country": "Thailand", "is_in:country_code": "TH", "is_in:iso_3166_2": "TH-40", "is_in:state": "Khon Kaen", "is_in:state_code": "40", "name": "\u0e1a\u0e49\u0e32\u0e19\u0e42\u0e19\u0e19\u0e2a\u0e34\u0e07\u0e2b\u0e4c\u0e17\u0e2d\u0e07", "name:en": "Ban Non Sing Thong", "place": "village", "source": "Bing; sign", "osm_id": 1361462768, "osm_type": "node"}, "geometry": {"type": "Point", "coordinates": [102.8189807, 16.0581325]}}, {"type": "Feature", "properties": {"is_in:country": "Thailand", "is_in:country_code": "TH", "is_in:iso_3166_2": "TH-40", "is_in:state": "Khon Kaen", "is_in:state_code": "40", "name": "\u0e1a\u0e49\u0e32\u0e19\u0e42\u0e2a\u0e01\u0e08\u0e32\u0e19", "name:en": "Ban Sok Chan", "place": "village", "source": "Bing; sign", "osm_id": 1361462769, "osm_type": "node"}, "geometry": {"type": "Point", "coordinates": [102.7583679, 16.0649848]}}, {"type": "Feature", "properties": {"is_in:country": "Thailand", "is_in:country_code": "TH", "is_in:iso_3166_2": "TH-40", "is_in:state": "Khon Kaen", "is_in:state_code": "40", "name": "\u0e1a\u0e49\u0e32\u0e19\u0e42\u0e2a\u0e01\u0e15\u0e25\u0e34\u0e48\u0e07", "name:en": "Ban Sok Taling", "place": "village", "source": "Bing; sign", "osm_id": 1361462770, "osm_type": "node"}, "geometry": {"type": "Point", "coordinates": [102.7584811, 16.0717598]}}, {"type": "Feature", "properties": {"addr:country": "TH", "addr:district": "\u0e1a\u0e49\u0e32\u0e19\u0e44\u0e1c\u0e48", "addr:district:en": "Ban Phai", "addr:province": "\u0e02\u0e2d\u0e19\u0e41\u0e01\u0e48\u0e19", "addr:province:en": "Khon Kaen", "addr:subdistrict": "\u0e2b\u0e34\u0e19\u0e15\u0e31\u0e49\u0e07", "addr:subdistrict:en": "Hin Tang", "alt_name": "\u0e2a\u0e16\u0e32\u0e19\u0e35\u0e2d\u0e19\u0e32\u0e21\u0e31\u0e22\u0e2b\u0e34\u0e19\u0e15\u0e31\u0e49\u0e07", "amenity": "clinic", "emergency": "no", "healthcare": "clinic", "name": "\u0e42\u0e23\u0e07\u0e1e\u0e22\u0e32\u0e1a\u0e32\u0e25\u0e2a\u0e48\u0e07\u0e40\u0e2a\u0e23\u0e34\u0e21\u0e2a\u0e38\u0e02\u0e20\u0e32\u0e1e\u0e15\u0e33\u0e1a\u0e25 \u0e2b\u0e34\u0e19\u0e15\u0e31\u0e49\u0e07", "name:en": "Hin Tang Subdistrict Health Promoting Hospital", "short_name": "\u0e23\u0e1e.\u0e2a\u0e15.\u0e2b\u0e34\u0e19\u0e15\u0e31\u0e49\u0e07", "source": "Bing; sign", "osm_id": 1361462771, "osm_type": "node"}, "geometry": {"type": "Point", "coordinates": [102.826279, 16.044861]}}, {"type": "Feature", "properties": {"capital_level": "8", "is_in:country": "Thailand", "is_in:country_code": "TH", "is_in:iso_3166_2": "TH-40", "is_in:state": "Khon Kaen", "is_in:state_code": "40", "name": "\u0e1a\u0e49\u0e32\u0e19\u0e25\u0e32\u0e19", "name:en": "Ban Lan", "place": "village", "source": "Bing; sign", "osm_id": 1363187121, "osm_type": "node"}, "geometry": {"type": "Point", "coordinates": [102.8163031, 16.0102888]}}, {"type": "Feature", "properties": {"is_in:country": "Thailand", "is_in:country_code": "TH", "is_in:iso_3166_2": "TH-40", "is_in:state": "Khon Kaen", "is_in:state_code": "40", "name": "\u0e1a\u0e49\u0e32\u0e19\u0e2a\u0e27\u0e48\u0e32\u0e07", "name:en": "Ban Sawang", "place": "village", "source": "Bing; sign", "osm_id": 1363187124, "osm_type": "node"}, "geometry": {"type": "Point", "coordinates": [102.8324946, 16.0204901]}}, {"type": "Feature", "properties": {"is_in:country": "Thailand", "is_in:country_code": "TH", "is_in:iso_3166_2": "TH-40", "is_in:state": "Khon Kaen", "is_in:state_code": "40", "name": "\u0e1a\u0e49\u0e32\u0e19\u0e42\u0e19\u0e19\u0e2a\u0e27\u0e48\u0e32\u0e07\u0e2a\u0e31\u0e19\u0e15\u0e34", "name:en": "Ban Non Sawang Santi", "place": "village", "source": "Bing; sign", "osm_id": 1363187136, "osm_type": "node"}, "geometry": {"type": "Point", "coordinates": [102.8049858, 16.0217948]}}, {"type": "Feature", "properties": {"addr:district": "\u0e1a\u0e49\u0e32\u0e19\u0e44\u0e1c\u0e48", "addr:district:en": "Ban Phai", "addr:hamlet": "\u0e2b\u0e21\u0e39\u0e48\u0e17\u0e35\u0e48 5", "addr:province": "\u0e02\u0e2d\u0e19\u0e41\u0e01\u0e48\u0e19", "addr:province:en": "Khon Kaen", "addr:subdistrict": "\u0e1a\u0e49\u0e32\u0e19\u0e25\u0e32\u0e19", "addr:subdistrict:en": "Ban Lan", "alt_name": "\u0e2a\u0e16\u0e32\u0e19\u0e35\u0e2d\u0e19\u0e32\u0e21\u0e31\u0e22\u0e1a\u0e49\u0e32\u0e19\u0e25\u0e32\u0e19", "amenity": "clinic", "emergency": "no", "healthcare": "clinic", "name": "\u0e42\u0e23\u0e07\u0e1e\u0e22\u0e32\u0e1a\u0e32\u0e25\u0e2a\u0e48\u0e07\u0e40\u0e2a\u0e23\u0e34\u0e21\u0e2a\u0e38\u0e02\u0e20\u0e32\u0e1e\u0e15\u0e33\u0e1a\u0e25 \u0e1a\u0e49\u0e32\u0e19\u0e25\u0e32\u0e19", "name:en": "Ban Lan Subdistrict Health Promoting Hospital", "short_name": "\u0e23\u0e1e.\u0e2a\u0e15.\u0e1a\u0e49\u0e32\u0e19\u0e25\u0e32\u0e19", "source": "Bing; sign", "osm_id": 1363187137, "osm_type": "node"}, "geometry": {"type": "Point", "coordinates": [102.8174836, 16.0113698]}}, {"type": "Feature", "properties": {"is_in:country": "Thailand", "is_in:country_code": "TH", "is_in:iso_3166_2": "TH-40", "is_in:state": "Khon Kaen", "is_in:state_code": "40", "name": "\u0e1a\u0e49\u0e32\u0e19\u0e01\u0e38\u0e14\u0e40\u0e0a\u0e37\u0e2d\u0e01", "name:en": "Ban Kut Chueak", "place": "village", "source": "Bing; sign", "osm_id": 1363226113, "osm_type": "node"}, "geometry": {"type": "Point", "coordinates": [102.848877, 16.0048756]}}, {"type": "Feature", "properties": {"is_in:country": "Thailand", "is_in:country_code": "TH", "is_in:iso_3166_2": "TH-40", "is_in:state": "Khon Kaen", "is_in:state_code": "40", "name": "\u0e1a\u0e49\u0e32\u0e19\u0e02\u0e32\u0e21\u0e40\u0e23\u0e35\u0e22\u0e19", "name:en": "Ban Kham Rian", "place": "village", "source": "Bing; sign", "osm_id": 1367502408, "osm_type": "node"}, "geometry": {"type": "Point", "coordinates": [102.6623099, 16.0549933]}}, {"type": "Feature", "properties": {"is_in:country": "Thailand", "is_in:country_code": "TH", "is_in:iso_3166_2": "TH-40", "is_in:state": "Khon Kaen", "is_in:state_code": "40", "name": "\u0e1a\u0e49\u0e32\u0e19\u0e02\u0e38\u0e21\u0e14\u0e34\u0e19", "name:en": "Ban Khum Din", "place": "village", "source": "Bing; sign", "osm_id": 1367502413, "osm_type": "node"}, "geometry": {"type": "Point", "coordinates": [102.4989576, 16.1256231]}}, {"type": "Feature", "properties": {"is_in:country": "Thailand", "is_in:country_code": "TH", "is_in:iso_3166_2": "TH-40", "is_in:state": "Khon Kaen", "is_in:state_code": "40", "name": "\u0e1a\u0e49\u0e32\u0e19\u0e14\u0e39\u0e48\u0e43\u0e2b\u0e0d\u0e48", "name:en": "Ban Du Yai", "place": "village", "source": "Bing; sign", "osm_id": 1367502437, "osm_type": "node"}, "geometry": {"type": "Point", "coordinates": [102.6662555, 16.045449]}}, {"type": "Feature", "properties": {"is_in:country": "Thailand", "is_in:country_code": "TH", "is_in:iso_3166_2": "TH-40", "is_in:state": "Khon Kaen", "is_in:state_code": "40", "name": "\u0e1a\u0e49\u0e32\u0e19\u0e17\u0e48\u0e32\u0e19\u0e32\u0e07\u0e40\u0e2a\u0e37\u0e48\u0e2d\u0e19", "name:en": "Ban Tha Nang Suean", "place": "village", "source": "GPS; sign", "osm_id": 1367502452, "osm_type": "node"}, "geometry": {"type": "Point", "coordinates": [102.5719587, 16.0970339]}}, {"type": "Feature", "properties": {"is_in:country": "Thailand", "is_in:country_code": "TH", "is_in:iso_3166_2": "TH-40", "is_in:state": "Khon Kaen", "is_in:state_code": "40", "name": "\u0e1a\u0e49\u0e32\u0e19\u0e19\u0e32\u0e22\u0e32\u0e07", "name:en": "Ban Na Yang", "place": "village", "source": "Bing; sign", "osm_id": 1367502455, "osm_type": "node"}, "geometry": {"type": "Point", "coordinates": [102.4506604, 16.0658138]}}, {"type": "Feature", "properties": {"is_in:country": "Thailand", "is_in:country_code": "TH", "is_in:iso_3166_2": "TH-40", "is_in:state": "Khon Kaen", "is_in:state_code": "40", "name": "\u0e1a\u0e49\u0e32\u0e19\u0e25\u0e30\u0e27\u0e49\u0e32", "name:en": "Ban Lawa", "place": "village", "source": "Bing; sign", "osm_id": 1367502460, "osm_type": "node"}, "geometry": {"type": "Point", "coordinates": [102.6504683, 16.1283958]}}, {"type": "Feature", "properties": {"is_in:country": "Thailand", "is_in:country_code": "TH", "is_in:iso_3166_2": "TH-40", "is_in:state": "Khon Kaen", "is_in:state_code": "40", "name": "\u0e1a\u0e49\u0e32\u0e19\u0e2a\u0e07\u0e41\u0e14\u0e07", "name:en": "Ban Song Daeng", "place": "village", "source": "Bing; sign", "osm_id": 1367502471, "osm_type": "node"}, "geometry": {"type": "Point", "coordinates": [102.4615487, 16.080517]}}, {"type": "Feature", "properties": {"is_in:country": "Thailand", "is_in:country_code": "TH", "is_in:iso_3166_2": "TH-40", "is_in:state": "Khon Kaen", "is_in:state_code": "40", "name": "\u0e1a\u0e49\u0e32\u0e19\u0e2b\u0e19\u0e2d\u0e07\u0e21\u0e48\u0e27\u0e07", "name:en": "Ban Nong Muang", "place": "village", "source": "GPS; sign", "osm_id": 1367502474, "osm_type": "node"}, "geometry": {"type": "Point", "coordinates": [102.540806, 16.1026836]}}, {"type": "Feature", "properties": {"is_in:country": "Thailand", "is_in:country_code": "TH", "is_in:iso_3166_2": "TH-40", "is_in:state": "Khon Kaen", "is_in:state_code": "40", "name": "\u0e1a\u0e49\u0e32\u0e19\u0e2b\u0e19\u0e2d\u0e07\u0e41\u0e01", "name:en": "Ban Nong Kae", "place": "village", "source": "Bing; sign", "osm_id": 1367502479, "osm_type": "node"}, "geometry": {"type": "Point", "coordinates": [102.4323618, 16.0686278]}}, {"type": "Feature", "properties": {"is_in:country": "Thailand", "is_in:country_code": "TH", "is_in:iso_3166_2": "TH-40", "is_in:state": "Khon Kaen", "is_in:state_code": "40", "name": "\u0e1a\u0e49\u0e32\u0e19\u0e2b\u0e19\u0e2d\u0e07\u0e42\u0e19", "name:en": "Ban Nong No", "place": "village", "source": "Bing; sign", "osm_id": 1367502485, "osm_type": "node"}, "geometry": {"type": "Point", "coordinates": [102.5063371, 16.1001956]}}, {"type": "Feature", "properties": {"is_in:country": "Thailand", "is_in:country_code": "TH", "is_in:iso_3166_2": "TH-40", "is_in:state": "Khon Kaen", "is_in:state_code": "40", "name": "\u0e1a\u0e49\u0e32\u0e19\u0e2b\u0e49\u0e27\u0e22\u0e2d\u0e36\u0e48\u0e07", "name:en": "Ban Huai Ueng", "place": "village", "source": "GPS; sign", "osm_id": 1367502487, "osm_type": "node"}, "geometry": {"type": "Point", "coordinates": [102.5842825, 16.0940061]}}, {"type": "Feature", "properties": {"is_in:country": "Thailand", "is_in:country_code": "TH", "is_in:iso_3166_2": "TH-40", "is_in:state": "Khon Kaen", "is_in:state_code": "40", "name": "\u0e1a\u0e49\u0e32\u0e19\u0e40\u0e02\u0e27\u0e32", "name:en": "Ban Khwao", "place": "village", "source": "Bing; sign", "osm_id": 1367502488, "osm_type": "node"}, "geometry": {"type": "Point", "coordinates": [102.5236784, 16.1272496]}}, {"type": "Feature", "properties": {"is_in:country": "Thailand", "is_in:country_code": "TH", "is_in:iso_3166_2": "TH-40", "is_in:state": "Khon Kaen", "is_in:state_code": "40", "name": "\u0e1a\u0e49\u0e32\u0e19\u0e41\u0e01\u0e49\u0e07\u0e04\u0e23\u0e49\u0e2d", "name:en": "Ban Kaeng Khro", "place": "village", "source": "Bing; sign", "osm_id": 1367502489, "osm_type": "node"}, "geometry": {"type": "Point", "coordinates": [102.4417476, 16.105979]}}, {"type": "Feature", "properties": {"is_in:country": "Thailand", "is_in:country_code": "TH", "is_in:iso_3166_2": "TH-40", "is_in:state": "Khon Kaen", "is_in:state_code": "40", "name": "\u0e1a\u0e49\u0e32\u0e19\u0e42\u0e08\u0e14", "name:en": "Ban Chot", "place": "village", "source": "GPS; sign", "osm_id": 1367502490, "osm_type": "node"}, "geometry": {"type": "Point", "coordinates": [102.5686725, 16.0975072]}}, {"type": "Feature", "properties": {"is_in:country": "Thailand", "is_in:country_code": "TH", "is_in:iso_3166_2": "TH-40", "is_in:state": "Khon Kaen", "is_in:state_code": "40", "name": "\u0e1a\u0e49\u0e32\u0e19\u0e42\u0e19\u0e19\u0e02\u0e35\u0e49\u0e40\u0e2b\u0e25\u0e47\u0e01", "name:en": "Ban Non Khilek", "place": "village", "source": "GPS; sign", "osm_id": 1367502491, "osm_type": "node"}, "geometry": {"type": "Point", "coordinates": [102.5597342, 16.0955795]}}, {"type": "Feature", "properties": {"is_in:country": "Thailand", "is_in:country_code": "TH", "is_in:iso_3166_2": "TH-40", "is_in:state": "Khon Kaen", "is_in:state_code": "40", "name": "\u0e1a\u0e49\u0e32\u0e19\u0e42\u0e19\u0e19\u0e02\u0e48\u0e32", "name:en": "Ban Non Kha", "place": "village", "source": "Bing; sign", "osm_id": 1367502492, "osm_type": "node"}, "geometry": {"type": "Point", "coordinates": [102.6898157, 16.0631582]}}, {"type": "Feature", "properties": {"is_in:country": "Thailand", "is_in:country_code": "TH", "is_in:iso_3166_2": "TH-40", "is_in:state": "Khon Kaen", "is_in:state_code": "40", "name": "\u0e1a\u0e49\u0e32\u0e19\u0e42\u0e19\u0e19\u0e17\u0e2d\u0e07", "name:en": "Ban Non Thong", "place": "village", "source": "Bing; sign", "osm_id": 1367502493, "osm_type": "node"}, "geometry": {"type": "Point", "coordinates": [102.4258617, 16.1032655]}}, {"type": "Feature", "properties": {"addr:country": "TH", "addr:district": "\u0e0a\u0e19\u0e1a\u0e17", "addr:district:en": "Chonnabot", "addr:province": "\u0e02\u0e2d\u0e19\u0e41\u0e01\u0e48\u0e19", "addr:province:en": "Khon Kaen", "addr:subdistrict": "\u0e0a\u0e19\u0e1a\u0e17", "addr:subdistrict:en": "Chonnabot", "amenity": "hospital", "name": "\u0e42\u0e23\u0e07\u0e1e\u0e22\u0e32\u0e1a\u0e32\u0e25\u0e0a\u0e19\u0e1a\u0e17", "name:en": "Chonnabot Hospital", "source": "GPS; sign", "osm_id": 1367502494, "osm_type": "node"}, "geometry": {"type": "Point", "coordinates": [102.6188565, 16.0915456]}}, {"type": "Feature", "properties": {"is_in:country": "Thailand", "is_in:country_code": "TH", "is_in:iso_3166_2": "TH-40", "is_in:state": "Khon Kaen", "is_in:state_code": "40", "name": "\u0e1a\u0e49\u0e32\u0e19\u0e04\u0e33\u0e04\u0e31\u0e19\u0e42\u0e0b\u0e48", "name:en": "Ban Kham Khan So", "place": "village", "source": "Bing; sign", "osm_id": 1368897688, "osm_type": "node"}, "geometry": {"type": "Point", "coordinates": [102.4728889, 16.2977878]}}, {"type": "Feature", "properties": {"is_in:country": "Thailand", "is_in:country_code": "TH", "is_in:iso_3166_2": "TH-40", "is_in:state": "Khon Kaen", "is_in:state_code": "40", "name": "\u0e1a\u0e49\u0e32\u0e19\u0e04\u0e33\u0e19\u0e49\u0e2d\u0e22", "name:en": "Ban Kham Noi", "place": "village", "source": "Bing; sign", "osm_id": 1368897695, "osm_type": "node"}, "geometry": {"type": "Point", "coordinates": [102.5143497, 16.3220737]}}, {"type": "Feature", "properties": {"is_in:country": "Thailand", "is_in:country_code": "TH", "is_in:iso_3166_2": "TH-40", "is_in:state": "Khon Kaen", "is_in:state_code": "40", "name": "\u0e1a\u0e49\u0e32\u0e19\u0e04\u0e33\u0e1b\u0e32\u0e01\u0e14\u0e32\u0e27", "name:en": "Ban Kham Pak Dao", "place": "village", "source": "Bing; sign", "osm_id": 1368897697, "osm_type": "node"}, "geometry": {"type": "Point", "coordinates": [102.482839, 16.303343]}}, {"type": "Feature", "properties": {"is_in:country": "Thailand", "is_in:country_code": "TH", "is_in:iso_3166_2": "TH-40", "is_in:state": "Khon Kaen", "is_in:state_code": "40", "name": "\u0e1a\u0e49\u0e32\u0e19\u0e04\u0e33\u0e41\u0e04\u0e19\u0e40\u0e2b\u0e19\u0e37\u0e2d", "name:en": "Ban Kham Khaen Nuea", "place": "village", "source": "Bing; sign", "osm_id": 1368897698, "osm_type": "node"}, "geometry": {"type": "Point", "coordinates": [102.4981084, 16.3125435]}}, {"type": "Feature", "properties": {"is_in:country": "Thailand", "is_in:country_code": "TH", "is_in:iso_3166_2": "TH-40", "is_in:state": "Khon Kaen", "is_in:state_code": "40", "name": "\u0e1a\u0e49\u0e32\u0e19\u0e04\u0e33\u0e41\u0e04\u0e19\u0e43\u0e15\u0e49", "name:en": "Ban Kham Khaen Tai", "place": "village", "source": "Bing; sign", "osm_id": 1368897699, "osm_type": "node"}, "geometry": {"type": "Point", "coordinates": [102.4957701, 16.30265]}}, {"type": "Feature", "properties": {"capital_level": "8", "is_in:country": "Thailand", "is_in:country_code": "TH", "is_in:iso_3166_2": "TH-40", "is_in:state": "Khon Kaen", "is_in:state_code": "40", "name": "\u0e1a\u0e49\u0e32\u0e19\u0e08\u0e23\u0e30\u0e40\u0e02\u0e49", "name:en": "Ban Chorakhe", "place": "village", "source": "Bing; sign", "osm_id": 1368897700, "osm_type": "node"}, "geometry": {"type": "Point", "coordinates": [102.5355901, 16.4699189]}}, {"type": "Feature", "properties": {"is_in:country": "Thailand", "is_in:country_code": "TH", "is_in:iso_3166_2": "TH-40", "is_in:state": "Khon Kaen", "is_in:state_code": "40", "name": "\u0e1a\u0e49\u0e32\u0e19\u0e14\u0e2d\u0e19\u0e41\u0e01\u0e48\u0e19\u0e40\u0e17\u0e48\u0e32", "name:en": "Ban Don Kaen Thao", "place": "village", "source": "Bing; sign", "osm_id": 1368897701, "osm_type": "node"}, "geometry": {"type": "Point", "coordinates": [102.3877228, 16.149452]}}, {"type": "Feature", "properties": {"is_in:country": "Thailand", "is_in:country_code": "TH", "is_in:iso_3166_2": "TH-40", "is_in:state": "Khon Kaen", "is_in:state_code": "40", "name": "\u0e1a\u0e49\u0e32\u0e19\u0e14\u0e2d\u0e19\u0e41\u0e02\u0e21", "name:en": "Ban Don Khaem", "place": "village", "source": "Bing; sign", "osm_id": 1368897702, "osm_type": "node"}, "geometry": {"type": "Point", "coordinates": [102.5268862, 16.3860705]}}, {"type": "Feature", "properties": {"capital_level": "8", "is_in:country": "Thailand", "is_in:country_code": "TH", "is_in:iso_3166_2": "TH-40", "is_in:state": "Khon Kaen", "is_in:state_code": "40", "name": "\u0e1a\u0e49\u0e32\u0e19\u0e19\u0e32\u0e07\u0e32\u0e21", "name:en": "Ban Na Ngam", "place": "village", "source": "Bing; sign", "osm_id": 1368897703, "osm_type": "node"}, "geometry": {"type": "Point", "coordinates": [102.3923792, 16.1776302]}}, {"type": "Feature", "properties": {"is_in:country": "Thailand", "is_in:country_code": "TH", "is_in:iso_3166_2": "TH-40", "is_in:state": "Khon Kaen", "is_in:state_code": "40", "name": "\u0e1a\u0e49\u0e32\u0e19\u0e19\u0e49\u0e2d\u0e22\u0e01\u0e25\u0e32\u0e07", "name:en": "Ban Noi Klang", "place": "village", "source": "Bing; sign", "osm_id": 1368897704, "osm_type": "node"}, "geometry": {"type": "Point", "coordinates": [102.5054412, 16.3208932]}}, {"type": "Feature", "properties": {"is_in:country": "Thailand", "is_in:country_code": "TH", "is_in:iso_3166_2": "TH-40", "is_in:state": "Khon Kaen", "is_in:state_code": "40", "name": "\u0e1a\u0e49\u0e32\u0e19\u0e04\u0e33\u0e2b\u0e31\u0e27\u0e0a\u0e49\u0e32\u0e07", "name:en": "Ban Kham Hua Chang", "place": "village", "source": "Bing; sign", "osm_id": 1368897705, "osm_type": "node"}, "geometry": {"type": "Point", "coordinates": [102.5846149, 16.3824087]}}, {"type": "Feature", "properties": {"is_in:country": "Thailand", "is_in:country_code": "TH", "is_in:iso_3166_2": "TH-40", "is_in:state": "Khon Kaen", "is_in:state_code": "40", "name": "\u0e1a\u0e49\u0e32\u0e19\u0e22\u0e32\u0e07\u0e04\u0e33 \u0e2b\u0e21\u0e39\u0e48 13", "name:en": "Ban Yang Kham Mu 13", "place": "hamlet", "source": "Bing; sign", "osm_id": 1368897706, "osm_type": "node"}, "geometry": {"type": "Point", "coordinates": [102.536646, 16.4098553]}}, {"type": "Feature", "properties": {"is_in:country": "Thailand", "is_in:country_code": "TH", "is_in:iso_3166_2": "TH-40", "is_in:state": "Khon Kaen", "is_in:state_code": "40", "name": "\u0e1a\u0e49\u0e32\u0e19\u0e22\u0e32\u0e07\u0e04\u0e33 \u0e2b\u0e21\u0e39\u0e48 1", "name:en": "Ban Yang Kham Mu 1", "place": "hamlet", "source": "Bing; sign", "osm_id": 1368897707, "osm_type": "node"}, "geometry": {"type": "Point", "coordinates": [102.5359579, 16.4145551]}}, {"type": "Feature", "properties": {"is_in:country": "Thailand", "is_in:country_code": "TH", "is_in:iso_3166_2": "TH-40", "is_in:state": "Khon Kaen", "is_in:state_code": "40", "name": "\u0e1a\u0e49\u0e32\u0e19\u0e27\u0e31\u0e07\u0e42\u0e1e\u0e19", "name:en": "Ban Wang Phon", "place": "village", "source": "Bing; sign", "osm_id": 1368897708, "osm_type": "node"}, "geometry": {"type": "Point", "coordinates": [102.570175, 16.3611582]}}, {"type": "Feature", "properties": {"is_in:country": "Thailand", "is_in:country_code": "TH", "is_in:iso_3166_2": "TH-40", "is_in:state": "Khon Kaen", "is_in:state_code": "40", "name": "\u0e1a\u0e49\u0e32\u0e19\u0e2b\u0e19\u0e2d\u0e07\u0e19\u0e32\u0e07\u0e27\u0e07\u0e29\u0e4c", "name:en": "Ban Nong Nang Wong", "place": "village", "source": "Bing; sign", "osm_id": 1368897711, "osm_type": "node"}, "geometry": {"type": "Point", "coordinates": [102.532973, 16.3812047]}}, {"type": "Feature", "properties": {"is_in:country": "Thailand", "is_in:country_code": "TH", "is_in:iso_3166_2": "TH-40", "is_in:state": "Khon Kaen", "is_in:state_code": "40", "name": "\u0e1a\u0e49\u0e32\u0e19\u0e2b\u0e19\u0e2d\u0e07\u0e2a\u0e2d\u0e07\u0e2b\u0e49\u0e2d\u0e07", "name:en": "Ban Nong Song Hong", "place": "village", "source": "Bing; sign", "osm_id": 1368897712, "osm_type": "node"}, "geometry": {"type": "Point", "coordinates": [102.4390508, 16.2507837]}}, {"type": "Feature", "properties": {"is_in:country": "Thailand", "is_in:country_code": "TH", "is_in:iso_3166_2": "TH-40", "is_in:state": "Khon Kaen", "is_in:state_code": "40", "name": "\u0e1a\u0e49\u0e32\u0e19\u0e19\u0e32\u0e07\u0e34\u0e49\u0e27", "name:en": "Ban Na Ngio", "place": "village", "source": "Bing; sign", "osm_id": 1368897713, "osm_type": "node"}, "geometry": {"type": "Point", "coordinates": [102.5195917, 16.4003726]}}, {"type": "Feature", "properties": {"is_in:country": "Thailand", "is_in:country_code": "TH", "is_in:iso_3166_2": "TH-40", "is_in:state": "Khon Kaen", "is_in:state_code": "40", "name": "\u0e1a\u0e49\u0e32\u0e19\u0e2b\u0e19\u0e2d\u0e07\u0e2b\u0e2d\u0e22 \u0e2b\u0e21\u0e39\u0e48 13", "name:en": "Ban Nong Hoi Mu 13", "place": "hamlet", "source": "Bing; sign", "osm_id": 1368897714, "osm_type": "node"}, "geometry": {"type": "Point", "coordinates": [102.5291611, 16.4426632]}}, {"type": "Feature", "properties": {"is_in:country": "Thailand", "is_in:country_code": "TH", "is_in:iso_3166_2": "TH-40", "is_in:state": "Khon Kaen", "is_in:state_code": "40", "name": "\u0e1a\u0e49\u0e32\u0e19\u0e2b\u0e31\u0e27\u0e1a\u0e36\u0e07", "name:en": "Ban Hua Bueng", "place": "village", "source": "Bing; sign", "osm_id": 1368897715, "osm_type": "node"}, "geometry": {"type": "Point", "coordinates": [102.5387484, 16.4592873]}}, {"type": "Feature", "properties": {"is_in:country": "Thailand", "is_in:country_code": "TH", "is_in:iso_3166_2": "TH-40", "is_in:state": "Khon Kaen", "is_in:state_code": "40", "name": "\u0e1a\u0e49\u0e32\u0e19\u0e2b\u0e34\u0e19\u0e01\u0e2d\u0e07", "name:en": "Ban Hin Kong", "place": "village", "source": "Bing; sign", "osm_id": 1368897716, "osm_type": "node"}, "geometry": {"type": "Point", "coordinates": [102.5594285, 16.3821585]}}, {"type": "Feature", "properties": {"is_in:country": "Thailand", "is_in:country_code": "TH", "is_in:iso_3166_2": "TH-40", "is_in:state": "Khon Kaen", "is_in:state_code": "40", "name": "\u0e1a\u0e49\u0e32\u0e19\u0e2b\u0e49\u0e27\u0e22\u0e41\u0e25\u0e49\u0e07", "name:en": "Ban Huai Laeng", "place": "village", "source": "Bing; sign", "osm_id": 1368897717, "osm_type": "node"}, "geometry": {"type": "Point", "coordinates": [102.4583317, 16.2900541]}}, {"type": "Feature", "properties": {"addr:postcode": "40270", "is_in:country": "Thailand", "is_in:country_code": "TH", "is_in:iso_3166_2": "TH-40", "is_in:state": "Khon Kaen", "is_in:state_code": "40", "name": "\u0e1a\u0e49\u0e32\u0e19\u0e41\u0e01\u0e48\u0e19\u0e40\u0e17\u0e48\u0e32", "name:en": "Ban Kaen Thao", "place": "village", "source": "Bing; sign", "osm_id": 1368897718, "osm_type": "node"}, "geometry": {"type": "Point", "coordinates": [102.5457114, 16.3591398]}}, {"type": "Feature", "properties": {"is_in:country": "Thailand", "is_in:country_code": "TH", "is_in:iso_3166_2": "TH-40", "is_in:state": "Khon Kaen", "is_in:state_code": "40", "name": "\u0e1a\u0e49\u0e32\u0e19\u0e42\u0e04\u0e01\u0e01\u0e25\u0e32\u0e07", "name:en": "Ban Khok Klang", "place": "village", "source": "Bing; sign", "osm_id": 1368897719, "osm_type": "node"}, "geometry": {"type": "Point", "coordinates": [102.5499131, 16.4695485]}}, {"type": "Feature", "properties": {"is_in:country": "Thailand", "is_in:country_code": "TH", "is_in:iso_3166_2": "TH-40", "is_in:state": "Khon Kaen", "is_in:state_code": "40", "name": "\u0e1a\u0e49\u0e32\u0e19\u0e42\u0e04\u0e01\u0e2a\u0e39\u0e07", "name:en": "Ban Khok Sung", "place": "village", "source": "Bing; sign", "osm_id": 1368897721, "osm_type": "node"}, "geometry": {"type": "Point", "coordinates": [102.4261663, 16.2068692]}}, {"type": "Feature", "properties": {"is_in:country": "Thailand", "is_in:country_code": "TH", "is_in:iso_3166_2": "TH-40", "is_in:state": "Khon Kaen", "is_in:state_code": "40", "name": "\u0e1a\u0e49\u0e32\u0e19\u0e42\u0e2a\u0e01\u0e19\u0e49\u0e33\u0e02\u0e38\u0e48\u0e19", "name:en": "Ban Sok Nam Khun", "place": "village", "source": "Bing; sign", "osm_id": 1368897725, "osm_type": "node"}, "geometry": {"type": "Point", "coordinates": [102.3885164, 16.1571389]}}, {"type": "Feature", "properties": {"is_in:country": "Thailand", "is_in:country_code": "TH", "is_in:iso_3166_2": "TH-40", "is_in:state": "Khon Kaen", "is_in:state_code": "40", "name": "\u0e1a\u0e49\u0e32\u0e19\u0e2b\u0e19\u0e2d\u0e07\u0e17\u0e38\u0e48\u0e21", "name:en": "Ban Nong Thum", "place": "village", "source": "Bing; sign", "osm_id": 1369865738, "osm_type": "node"}, "geometry": {"type": "Point", "coordinates": [102.3852428, 16.0982991]}}, {"type": "Feature", "properties": {"is_in:country": "Thailand", "is_in:country_code": "TH", "is_in:iso_3166_2": "TH-40", "is_in:state": "Khon Kaen", "is_in:state_code": "40", "name": "\u0e1a\u0e49\u0e32\u0e19\u0e41\u0e08\u0e49\u0e07\u0e17\u0e31\u0e1e\u0e21\u0e49\u0e32", "name:en": "Ban Chaeng Thap Ma", "place": "village", "source": "Bing; sign", "osm_id": 1369865739, "osm_type": "node"}, "geometry": {"type": "Point", "coordinates": [102.3994411, 16.1375737]}}, {"type": "Feature", "properties": {"is_in:country": "Thailand", "is_in:country_code": "TH", "is_in:iso_3166_2": "TH-40", "is_in:state": "Khon Kaen", "is_in:state_code": "40", "name": "\u0e1a\u0e49\u0e32\u0e19\u0e42\u0e19\u0e19\u0e07\u0e32\u0e21", "name:en": "Ban Non Ngam", "place": "village", "source": "Bing; sign", "osm_id": 1369865741, "osm_type": "node"}, "geometry": {"type": "Point", "coordinates": [102.4213987, 16.1202605]}}, {"type": "Feature", "properties": {"is_in:country": "Thailand", "is_in:country_code": "TH", "is_in:iso_3166_2": "TH-40", "is_in:state": "Khon Kaen", "is_in:state_code": "40", "name": "\u0e1a\u0e49\u0e32\u0e19\u0e42\u0e2a\u0e01\u0e43\u0e2b\u0e0d\u0e48", "name:en": "Ban Sok Yai", "place": "village", "source": "Bing; sign", "osm_id": 1369865742, "osm_type": "node"}, "geometry": {"type": "Point", "coordinates": [102.3820524, 16.146369]}}, {"type": "Feature", "properties": {"is_in:country": "Thailand", "is_in:country_code": "TH", "is_in:iso_3166_2": "TH-40", "is_in:state": "Khon Kaen", "is_in:state_code": "40", "name": "\u0e1a\u0e49\u0e32\u0e19\u0e02\u0e32\u0e21\u0e1b\u0e49\u0e2d\u0e21", "name:en": "Ban Kham Pom", "place": "village", "source": "Bing; sign", "osm_id": 1370878461, "osm_type": "node"}, "geometry": {"type": "Point", "coordinates": [102.5537201, 16.2661525]}}, {"type": "Feature", "properties": {"capital_level": "8", "is_in:country": "Thailand", "is_in:country_code": "TH", "is_in:iso_3166_2": "TH-40", "is_in:state": "Khon Kaen", "is_in:state_code": "40", "name": "\u0e1a\u0e49\u0e32\u0e19\u0e17\u0e48\u0e32\u0e28\u0e32\u0e25\u0e32", "name:en": "Ban Tha Sala", "place": "village", "source": "Bing; sign", "osm_id": 1370878468, "osm_type": "node"}, "geometry": {"type": "Point", "coordinates": [102.6074399, 16.2837239]}}, {"type": "Feature", "properties": {"is_in:country": "Thailand", "is_in:country_code": "TH", "is_in:iso_3166_2": "TH-40", "is_in:state": "Khon Kaen", "is_in:state_code": "40", "name": "\u0e1a\u0e49\u0e32\u0e19\u0e19\u0e32\u0e25\u0e49\u0e2d\u0e21", "name:en": "Ban Na Lom", "place": "village", "source": "Bing; sign", "osm_id": 1370878471, "osm_type": "node"}, "geometry": {"type": "Point", "coordinates": [102.67865, 16.3549885]}}, {"type": "Feature", "properties": {"is_in:country": "Thailand", "is_in:country_code": "TH", "is_in:iso_3166_2": "TH-40", "is_in:state": "Khon Kaen", "is_in:state_code": "40", "name": "\u0e1a\u0e49\u0e32\u0e19\u0e2a\u0e27\u0e48\u0e32\u0e07", "name:en": "Ban Sawang", "place": "village", "source": "Bing; sign", "osm_id": 1370878492, "osm_type": "node"}, "geometry": {"type": "Point", "coordinates": [102.5543852, 16.2064061]}}, {"type": "Feature", "properties": {"is_in:country": "Thailand", "is_in:country_code": "TH", "is_in:iso_3166_2": "TH-40", "is_in:state": "Khon Kaen", "is_in:state_code": "40", "name": "\u0e1a\u0e49\u0e32\u0e19\u0e2b\u0e49\u0e27\u0e22\u0e2b\u0e34\u0e19\u0e40\u0e01\u0e34\u0e49\u0e07", "name:en": "Ban Huai Hin Koeng", "place": "village", "source": "Bing; sign", "osm_id": 1370878498, "osm_type": "node"}, "geometry": {"type": "Point", "coordinates": [102.547139, 16.223075]}}, {"type": "Feature", "properties": {"is_in:country": "Thailand", "is_in:country_code": "TH", "is_in:iso_3166_2": "TH-40", "is_in:state": "Khon Kaen", "is_in:state_code": "40", "name": "\u0e1a\u0e49\u0e32\u0e19\u0e40\u0e2b\u0e25\u0e48\u0e32\u0e01\u0e01\u0e2b\u0e38\u0e48\u0e07", "name:en": "Ban Lao Kok Hung", "place": "village", "source": "Bing; sign", "osm_id": 1370878509, "osm_type": "node"}, "geometry": {"type": "Point", "coordinates": [102.5528399, 16.2021403]}}, {"type": "Feature", "properties": {"is_in:country": "Thailand", "is_in:country_code": "TH", "is_in:iso_3166_2": "TH-40", "is_in:state": "Khon Kaen", "is_in:state_code": "40", "name": "\u0e1a\u0e49\u0e32\u0e19\u0e42\u0e19\u0e19\u0e04\u0e38\u0e15", "name:en": "Ban Non Khut", "place": "village", "source": "Bing; sign", "osm_id": 1370878516, "osm_type": "node"}, "geometry": {"type": "Point", "coordinates": [102.5472302, 16.2491083]}}, {"type": "Feature", "properties": {"is_in:country": "Thailand", "is_in:country_code": "TH", "is_in:iso_3166_2": "TH-40", "is_in:state": "Khon Kaen", "is_in:state_code": "40", "name": "\u0e1a\u0e49\u0e32\u0e19\u0e42\u0e19\u0e19\u0e2a\u0e27\u0e32\u0e07", "name:en": "Ban Non Sawang", "place": "village", "source": "Bing; sign", "osm_id": 1370878525, "osm_type": "node"}, "geometry": {"type": "Point", "coordinates": [102.5536197, 16.2389629]}}, {"type": "Feature", "properties": {"is_in:country": "Thailand", "is_in:country_code": "TH", "is_in:iso_3166_2": "TH-40", "is_in:state": "Khon Kaen", "is_in:state_code": "40", "name": "\u0e1a\u0e49\u0e32\u0e19\u0e42\u0e19\u0e19\u0e40\u0e02\u0e27\u0e32", "name:en": "Ban Non Khwao", "place": "village", "source": "Bing; sign", "osm_id": 1370878533, "osm_type": "node"}, "geometry": {"type": "Point", "coordinates": [102.5524473, 16.1878154]}}, {"type": "Feature", "properties": {"is_in:country": "Thailand", "is_in:country_code": "TH", "is_in:iso_3166_2": "TH-40", "is_in:state": "Khon Kaen", "is_in:state_code": "40", "name": "\u0e1a\u0e49\u0e32\u0e19\u0e44\u0e2a\u0e49\u0e44\u0e01\u0e48", "name:en": "Ban Saikai", "place": "village", "source": "Bing; sign", "osm_id": 1370878536, "osm_type": "node"}, "geometry": {"type": "Point", "coordinates": [102.5832341, 16.2757786]}}, {"type": "Feature", "properties": {"addr:country": "TH", "addr:district": "\u0e21\u0e31\u0e0d\u0e08\u0e32\u0e04\u0e35\u0e23\u0e35", "addr:district:en": "Mancha Khiri", "addr:hamlet": "\u0e2b\u0e21\u0e39\u0e48\u0e17\u0e35\u0e48 8", "addr:province": "\u0e02\u0e2d\u0e19\u0e41\u0e01\u0e48\u0e19", "addr:province:en": "Khon Kaen", "addr:subdistrict": "\u0e2a\u0e27\u0e19\u0e2b\u0e21\u0e48\u0e2d\u0e19", "addr:subdistrict:en": "Suan Mon", "alt_name": "\u0e2a\u0e16\u0e32\u0e19\u0e35\u0e2d\u0e19\u0e32\u0e21\u0e31\u0e22\u0e2a\u0e27\u0e19\u0e2b\u0e21\u0e48\u0e2d\u0e19", "amenity": "clinic", "emergency": "no", "healthcare": "clinic", "name": "\u0e42\u0e23\u0e07\u0e1e\u0e22\u0e32\u0e1a\u0e32\u0e25\u0e2a\u0e48\u0e07\u0e40\u0e2a\u0e23\u0e34\u0e21\u0e2a\u0e38\u0e02\u0e20\u0e32\u0e1e\u0e15\u0e33\u0e1a\u0e25 \u0e2a\u0e27\u0e19\u0e2b\u0e21\u0e48\u0e2d\u0e19", "name:en": "Suan Mon Subdistrict Health Promoting Hospital", "short_name": "\u0e23\u0e1e.\u0e2a\u0e15.\u0e2a\u0e27\u0e19\u0e2b\u0e21\u0e48\u0e2d\u0e19", "source": "Bing; sign", "osm_id": 1370878555, "osm_type": "node"}, "geometry": {"type": "Point", "coordinates": [102.555532, 16.206162]}}, {"type": "Feature", "properties": {"is_in:country": "Thailand", "is_in:country_code": "TH", "is_in:iso_3166_2": "TH-40", "is_in:state": "Khon Kaen", "is_in:state_code": "40", "name": "\u0e1a\u0e49\u0e32\u0e19\u0e01\u0e38\u0e14\u0e14\u0e38\u0e01", "name:en": "Ban Kut Duk", "place": "village", "source": "Bing; sign", "osm_id": 1373054593, "osm_type": "node"}, "geometry": {"type": "Point", "coordinates": [102.9041258, 16.6562231]}}, {"type": "Feature", "properties": {"is_in:country": "Thailand", "is_in:country_code": "TH", "is_in:iso_3166_2": "TH-40", "is_in:state": "Khon Kaen", "is_in:state_code": "40", "name": "\u0e1a\u0e49\u0e32\u0e19\u0e04\u0e2d\u0e01\u0e04\u0e35", "name:en": "Ban Khok Khi", "place": "village", "source": "Bing; sign", "osm_id": 1373054601, "osm_type": "node"}, "geometry": {"type": "Point", "coordinates": [102.9541503, 16.6076482]}}, {"type": "Feature", "properties": {"capital_level": "8", "is_in:country": "Thailand", "is_in:country_code": "TH", "is_in:iso_3166_2": "TH-40", "is_in:state": "Khon Kaen", "is_in:state_code": "40", "name": "\u0e1a\u0e49\u0e32\u0e19\u0e1a\u0e31\u0e27\u0e43\u0e2b\u0e0d\u0e48", "name:en": "Ban Bua Yai", "name:uk": "\u0411\u0443\u0430\u044f\u0439", "place": "village", "source": "Bing; sign", "osm_id": 1373054619, "osm_type": "node"}, "geometry": {"type": "Point", "coordinates": [102.9428611, 16.6122904]}}, {"type": "Feature", "properties": {"is_in:country": "Thailand", "is_in:country_code": "TH", "is_in:iso_3166_2": "TH-40", "is_in:state": "Khon Kaen", "is_in:state_code": "40", "name": "\u0e1a\u0e49\u0e32\u0e19\u0e23\u0e31\u0e01\u0e0a\u0e32\u0e15\u0e34", "name:en": "Ban Rak Chat", "place": "village", "source": "Bing; sign", "osm_id": 1373054632, "osm_type": "node"}, "geometry": {"type": "Point", "coordinates": [102.9268121, 16.6094841]}}, {"type": "Feature", "properties": {"is_in:country": "Thailand", "is_in:country_code": "TH", "is_in:iso_3166_2": "TH-40", "is_in:state": "Khon Kaen", "is_in:state_code": "40", "name": "\u0e1a\u0e49\u0e32\u0e19\u0e2a\u0e2d\u0e07\u0e04\u0e2d\u0e19", "name:en": "Ban Song Khon", "place": "village", "source": "Bing; sign", "osm_id": 1373054644, "osm_type": "node"}, "geometry": {"type": "Point", "coordinates": [102.9553757, 16.5755763]}}, {"type": "Feature", "properties": {"is_in:country": "Thailand", "is_in:country_code": "TH", "is_in:iso_3166_2": "TH-40", "is_in:state": "Khon Kaen", "is_in:state_code": "40", "name": "\u0e1a\u0e49\u0e32\u0e19\u0e2b\u0e19\u0e2d\u0e07\u0e2b\u0e27\u0e49\u0e32", "name:en": "Ban Nong Wa", "place": "village", "source": "Bing; sign", "osm_id": 1373054654, "osm_type": "node"}, "geometry": {"type": "Point", "coordinates": [102.909993, 16.687313]}}, {"type": "Feature", "properties": {"is_in:country": "Thailand", "is_in:country_code": "TH", "is_in:iso_3166_2": "TH-40", "is_in:state": "Khon Kaen", "is_in:state_code": "40", "name": "\u0e1a\u0e49\u0e32\u0e19\u0e2b\u0e31\u0e27\u0e14\u0e07", "name:en": "Ban Hua Dong", "place": "village", "source": "Bing; sign", "osm_id": 1373054670, "osm_type": "node"}, "geometry": {"type": "Point", "coordinates": [102.9479837, 16.5484801]}}, {"type": "Feature", "properties": {"is_in:country": "Thailand", "is_in:country_code": "TH", "is_in:iso_3166_2": "TH-40", "is_in:state": "Khon Kaen", "is_in:state_code": "40", "name": "\u0e1a\u0e49\u0e32\u0e19\u0e2d\u0e38\u0e1a\u0e25", "name:en": "Ban Ubon", "place": "village", "source": "Bing; sign", "osm_id": 1373054677, "osm_type": "node"}, "geometry": {"type": "Point", "coordinates": [102.9334016, 16.6164541]}}, {"type": "Feature", "properties": {"is_in:country": "Thailand", "is_in:country_code": "TH", "is_in:iso_3166_2": "TH-40", "is_in:state": "Khon Kaen", "is_in:state_code": "40", "name": "\u0e1a\u0e49\u0e32\u0e19\u0e41\u0e2a\u0e19\u0e14\u0e2d", "name:en": "Ban Saen Do", "place": "village", "source": "Bing; sign", "osm_id": 1373054700, "osm_type": "node"}, "geometry": {"type": "Point", "coordinates": [102.9474923, 16.6077967]}}, {"type": "Feature", "properties": {"is_in:country": "Thailand", "is_in:country_code": "TH", "is_in:iso_3166_2": "TH-40", "is_in:state": "Khon Kaen", "is_in:state_code": "40", "name": "\u0e1a\u0e49\u0e32\u0e19\u0e42\u0e04\u0e01\u0e04\u0e49\u0e2d\u0e22", "name:en": "Ban Khok Khoi", "place": "village", "source": "Bing; sign", "osm_id": 1373054708, "osm_type": "node"}, "geometry": {"type": "Point", "coordinates": [102.9472086, 16.6094611]}}, {"type": "Feature", "properties": {"is_in:country": "Thailand", "is_in:country_code": "TH", "is_in:iso_3166_2": "TH-40", "is_in:state": "Khon Kaen", "is_in:state_code": "40", "name": "\u0e1a\u0e49\u0e32\u0e19\u0e42\u0e19\u0e19\u0e40\u0e0a\u0e37\u0e2d\u0e01", "name:en": "Ban Non Chueak", "place": "village", "source": "Bing; sign", "osm_id": 1373054731, "osm_type": "node"}, "geometry": {"type": "Point", "coordinates": [102.9134536, 16.5676429]}}, {"type": "Feature", "properties": {"addr:country": "TH", "addr:district": "\u0e19\u0e49\u0e33\u0e1e\u0e2d\u0e07", "addr:district:en": "Nam Phong", "addr:hamlet": "\u0e2b\u0e21\u0e39\u0e48\u0e17\u0e35\u0e48 6", "addr:province": "\u0e02\u0e2d\u0e19\u0e41\u0e01\u0e48\u0e19", "addr:province:en": "Khon Kaen", "addr:subdistrict": "\u0e1a\u0e31\u0e27\u0e43\u0e2b\u0e0d\u0e48", "addr:subdistrict:en": "Bua Yai", "alt_name": "\u0e2a\u0e16\u0e32\u0e19\u0e35\u0e2d\u0e19\u0e32\u0e21\u0e31\u0e22\u0e1a\u0e31\u0e27\u0e43\u0e2b\u0e0d\u0e48", "amenity": "clinic", "emergency": "no", "healthcare": "clinic", "name": "\u0e42\u0e23\u0e07\u0e1e\u0e22\u0e32\u0e1a\u0e32\u0e25\u0e2a\u0e48\u0e07\u0e40\u0e2a\u0e23\u0e34\u0e21\u0e2a\u0e38\u0e02\u0e20\u0e32\u0e1e\u0e15\u0e33\u0e1a\u0e25 \u0e1a\u0e31\u0e27\u0e43\u0e2b\u0e0d\u0e48", "name:en": "Bua Yai Subdistrict Health Promoting Hospital", "short_name": "\u0e23\u0e1e.\u0e2a\u0e15.\u0e1a\u0e31\u0e27\u0e43\u0e2b\u0e0d\u0e48", "source": "Bing; sign", "osm_id": 1373054735, "osm_type": "node"}, "geometry": {"type": "Point", "coordinates": [102.9421173, 16.6137923]}}, {"type": "Feature", "properties": {"name": "\u0e1a\u0e49\u0e32\u0e19\u0e17\u0e48\u0e32\u0e40\u0e21\u0e48\u0e32", "name:en": "Ban Tha Mao", "name:th": "\u0e1a\u0e49\u0e32\u0e19\u0e17\u0e48\u0e32\u0e40\u0e21\u0e48\u0e32", "place": "village", "source": "Bing; sign", "osm_id": 1373636137, "osm_type": "node"}, "geometry": {"type": "Point", "coordinates": [102.8202648, 16.6539913]}}, {"type": "Feature", "properties": {"capital_level": "8", "is_in:country": "Thailand", "is_in:country_code": "TH", "is_in:iso_3166_2": "TH-40", "is_in:state": "Khon Kaen", "is_in:state_code": "40", "name": "\u0e1a\u0e49\u0e32\u0e19\u0e27\u0e31\u0e07\u0e0a\u0e31\u0e22", "name:en": "Ban Wang Chai", "place": "village", "source": "Bing; sign", "osm_id": 1373636139, "osm_type": "node"}, "geometry": {"type": "Point", "coordinates": [102.8399642, 16.6824458]}}, {"type": "Feature", "properties": {"is_in:country": "Thailand", "is_in:country_code": "TH", "is_in:iso_3166_2": "TH-40", "is_in:state": "Khon Kaen", "is_in:state_code": "40", "name": "\u0e1a\u0e49\u0e32\u0e19\u0e2b\u0e19\u0e2d\u0e07\u0e41\u0e0b\u0e07", "name:en": "Ban Nongsaeng", "place": "village", "source": "Bing; sign", "osm_id": 1373636140, "osm_type": "node"}, "geometry": {"type": "Point", "coordinates": [102.8335353, 16.6606212]}}, {"type": "Feature", "properties": {"name": "\u0e1a\u0e49\u0e32\u0e19\u0e42\u0e19\u0e19\u0e1e\u0e22\u0e2d\u0e21", "name:en": "Ban Non Phayom", "name:th": "\u0e1a\u0e49\u0e32\u0e19\u0e42\u0e19\u0e19\u0e1e\u0e22\u0e2d\u0e21", "place": "village", "source": "Bing; sign", "osm_id": 1373636141, "osm_type": "node"}, "geometry": {"type": "Point", "coordinates": [102.8218205, 16.6428666]}}, {"type": "Feature", "properties": {"amenity": "school", "name": "\u0e42\u0e23\u0e07\u0e40\u0e23\u0e35\u0e22\u0e19\u0e1a\u0e49\u0e32\u0e19\u0e42\u0e19\u0e19\u0e1e\u0e22\u0e2d\u0e21", "name:en": "Ban Non Phayom School", "name:th": "\u0e42\u0e23\u0e07\u0e40\u0e23\u0e35\u0e22\u0e19\u0e1a\u0e49\u0e32\u0e19\u0e42\u0e19\u0e19\u0e1e\u0e22\u0e2d\u0e21", "source": "Bing; sign", "osm_id": 1373636143, "osm_type": "node"}, "geometry": {"type": "Point", "coordinates": [102.8189191, 16.6467168]}}, {"type": "Feature", "properties": {"admin_level": "10", "name": "\u0e1a\u0e49\u0e32\u0e19\u0e01\u0e38\u0e14\u0e19\u0e49\u0e33\u0e43\u0e2a", "name:en": "Ban Kut Nam Sai", "name:th": "\u0e1a\u0e49\u0e32\u0e19\u0e01\u0e38\u0e14\u0e19\u0e49\u0e33\u0e43\u0e2a", "place": "village", "osm_id": 1374797313, "osm_type": "node"}, "geometry": {"type": "Point", "coordinates": [102.7831362, 16.6974673]}}, {"type": "Feature", "properties": {"is_in:country": "Thailand", "is_in:country_code": "TH", "is_in:iso_3166_2": "TH-40", "is_in:state": "Khon Kaen", "is_in:state_code": "40", "name": "\u0e1a\u0e49\u0e32\u0e19\u0e04\u0e33\u0e1a\u0e07\u0e1e\u0e31\u0e12\u0e19\u0e32", "name:en": "Ban Kham Bong Phatthana", "place": "village", "source": "Bing; sign", "osm_id": 1374797327, "osm_type": "node"}, "geometry": {"type": "Point", "coordinates": [102.7402602, 16.6933658]}}, {"type": "Feature", "properties": {"name": "\u0e1a\u0e49\u0e32\u0e19\u0e04\u0e33\u0e41\u0e01\u0e48\u0e19\u0e04\u0e38\u0e13\u0e19\u0e49\u0e2d\u0e22", "name:en": "Ban Kham Kaen Khun Noi", "name:th": "\u0e1a\u0e49\u0e32\u0e19\u0e04\u0e33\u0e41\u0e01\u0e48\u0e19\u0e04\u0e38\u0e13\u0e19\u0e49\u0e2d\u0e22", "place": "village", "source": "Bing; sign", "osm_id": 1374797340, "osm_type": "node"}, "geometry": {"type": "Point", "coordinates": [102.7916094, 16.6636053]}}, {"type": "Feature", "properties": {"is_in:country": "Thailand", "is_in:country_code": "TH", "is_in:iso_3166_2": "TH-40", "is_in:state": "Khon Kaen", "is_in:state_code": "40", "name": "\u0e1a\u0e49\u0e32\u0e19\u0e17\u0e23\u0e31\u0e1e\u0e22\u0e4c\u0e2a\u0e21\u0e1a\u0e39\u0e23\u0e13\u0e4c", "name:en": "Ban Sap Sombun", "place": "village", "source": "Bing; sign", "osm_id": 1374797345, "osm_type": "node"}, "geometry": {"type": "Point", "coordinates": [102.6730272, 16.7350993]}}, {"type": "Feature", "properties": {"is_in:country": "Thailand", "is_in:country_code": "TH", "is_in:iso_3166_2": "TH-40", "is_in:state": "Khon Kaen", "is_in:state_code": "40", "name": "\u0e1a\u0e49\u0e32\u0e19\u0e17\u0e38\u0e48\u0e07\u0e42\u0e1b\u0e48\u0e07 \u0e2b\u0e21\u0e39\u0e48 7", "name:en": "Ban Thung Pong Mu 7", "place": "hamlet", "source": "Bing; sign", "osm_id": 1374797361, "osm_type": "node"}, "geometry": {"type": "Point", "coordinates": [102.6600429, 16.7390413]}}, {"type": "Feature", "properties": {"is_in:country": "Thailand", "is_in:country_code": "TH", "is_in:iso_3166_2": "TH-40", "is_in:state": "Khon Kaen", "is_in:state_code": "40", "name": "\u0e1a\u0e49\u0e32\u0e19\u0e17\u0e38\u0e48\u0e07\u0e42\u0e1b\u0e48\u0e07 \u0e2b\u0e21\u0e39\u0e48 10", "name:en": "Ban Thung Pong Mu 10", "place": "hamlet", "source": "Bing; sign", "osm_id": 1374797370, "osm_type": "node"}, "geometry": {"type": "Point", "coordinates": [102.65798, 16.7405407]}}, {"type": "Feature", "properties": {"is_in:country": "Thailand", "is_in:country_code": "TH", "is_in:iso_3166_2": "TH-40", "is_in:state": "Khon Kaen", "is_in:state_code": "40", "name": "\u0e1a\u0e49\u0e32\u0e19\u0e19\u0e34\u0e04\u0e21", "name:en": "Ban Nikhom", "place": "village", "source": "Bing; sign", "osm_id": 1374797378, "osm_type": "node"}, "geometry": {"type": "Point", "coordinates": [102.7179395, 16.6810336]}}, {"type": "Feature", "properties": {"is_in:country": "Thailand", "is_in:country_code": "TH", "is_in:iso_3166_2": "TH-40", "is_in:state": "Khon Kaen", "is_in:state_code": "40", "name": "\u0e1a\u0e49\u0e32\u0e19\u0e1b\u0e31\u0e19\u0e19\u0e49\u0e33\u0e43\u0e08", "name:en": "Ban Pannam Chai", "place": "village", "source": "Bing; sign", "osm_id": 1374797384, "osm_type": "node"}, "geometry": {"type": "Point", "coordinates": [102.7640711, 16.6572392]}}, {"type": "Feature", "properties": {"is_in:country": "Thailand", "is_in:country_code": "TH", "is_in:iso_3166_2": "TH-40", "is_in:state": "Khon Kaen", "is_in:state_code": "40", "name": "\u0e1a\u0e49\u0e32\u0e19\u0e1e\u0e23\u0e30\u0e1a\u0e32\u0e17", "name:en": "Ban Phrabat", "place": "village", "source": "Bing; sign", "osm_id": 1374797396, "osm_type": "node"}, "geometry": {"type": "Point", "coordinates": [102.6359473, 16.7562013]}}, {"type": "Feature", "properties": {"is_in:country": "Thailand", "is_in:country_code": "TH", "is_in:iso_3166_2": "TH-40", "is_in:state": "Khon Kaen", "is_in:state_code": "40", "name": "\u0e1a\u0e49\u0e32\u0e19\u0e2b\u0e34\u0e19\u0e02\u0e32\u0e27", "name:en": "Ban Hin Khao", "place": "village", "source": "Bing; sign", "osm_id": 1374797408, "osm_type": "node"}, "geometry": {"type": "Point", "coordinates": [102.64163, 16.7660251]}}, {"type": "Feature", "properties": {"is_in:country": "Thailand", "is_in:country_code": "TH", "is_in:iso_3166_2": "TH-40", "is_in:state": "Khon Kaen", "is_in:state_code": "40", "name": "\u0e1a\u0e49\u0e32\u0e19\u0e2b\u0e49\u0e27\u0e22\u0e22\u0e32\u0e07", "name:en": "Ban Huai Yang", "place": "village", "source": "Bing; sign", "osm_id": 1374797412, "osm_type": "node"}, "geometry": {"type": "Point", "coordinates": [102.6874828, 16.7083916]}}, {"type": "Feature", "properties": {"is_in:country": "Thailand", "is_in:country_code": "TH", "is_in:iso_3166_2": "TH-40", "is_in:state": "Khon Kaen", "is_in:state_code": "40", "name": "\u0e1a\u0e49\u0e32\u0e19\u0e41\u0e2b\u0e25\u0e21\u0e17\u0e2d\u0e07", "name:en": "Ban Laem Thong", "place": "village", "source": "Bing; sign", "osm_id": 1374797425, "osm_type": "node"}, "geometry": {"type": "Point", "coordinates": [102.6884203, 16.7125512]}}, {"type": "Feature", "properties": {"is_in:country": "Thailand", "is_in:country_code": "TH", "is_in:iso_3166_2": "TH-40", "is_in:state": "Khon Kaen", "is_in:state_code": "40", "name": "\u0e1a\u0e49\u0e32\u0e19\u0e42\u0e04\u0e01\u0e19\u0e49\u0e33\u0e40\u0e01\u0e25\u0e35\u0e49\u0e22\u0e07", "name:en": "Ban Khok Nam Kliang", "place": "village", "source": "Bing; sign", "osm_id": 1374797434, "osm_type": "node"}, "geometry": {"type": "Point", "coordinates": [102.6375142, 16.7440283]}}, {"type": "Feature", "properties": {"admin_level": "10", "is_in:country": "Thailand", "is_in:country_code": "TH", "is_in:iso_3166_2": "TH-40", "is_in:state": "Khon Kaen", "is_in:state_code": "40", "name": "\u0e1a\u0e49\u0e32\u0e19\u0e42\u0e04\u0e01\u0e2a\u0e39\u0e07", "name:en": "Ban Khok Sung", "place": "village", "osm_id": 1374797447, "osm_type": "node"}, "geometry": {"type": "Point", "coordinates": [102.7047275, 16.6783673]}}, {"type": "Feature", "properties": {"is_in:country": "Thailand", "is_in:country_code": "TH", "is_in:iso_3166_2": "TH-40", "is_in:state": "Khon Kaen", "is_in:state_code": "40", "name": "\u0e1a\u0e49\u0e32\u0e19\u0e42\u0e19\u0e19\u0e08\u0e34\u0e01", "name:en": "Ban Non Chik", "place": "village", "source": "Bing; sign", "osm_id": 1374797452, "osm_type": "node"}, "geometry": {"type": "Point", "coordinates": [102.6510759, 16.7582384]}}, {"type": "Feature", "properties": {"is_in:country": "Thailand", "is_in:country_code": "TH", "is_in:iso_3166_2": "TH-40", "is_in:state": "Khon Kaen", "is_in:state_code": "40", "name": "\u0e1a\u0e49\u0e32\u0e19\u0e42\u0e19\u0e19\u0e2d\u0e34\u0e19\u0e23\u0e4c\u0e41\u0e1b\u0e25\u0e07", "name:en": "Ban Non In Plaeng", "place": "village", "source": "Bing; sign", "osm_id": 1374797464, "osm_type": "node"}, "geometry": {"type": "Point", "coordinates": [102.6768804, 16.7453915]}}, {"type": "Feature", "properties": {"addr:country": "TH", "addr:district": "\u0e2d\u0e38\u0e1a\u0e25\u0e23\u0e31\u0e15\u0e19\u0e4c", "addr:district:en": "Ubonrat", "addr:province": "\u0e02\u0e2d\u0e19\u0e41\u0e01\u0e48\u0e19", "addr:province:en": "Khon Kaen", "addr:subdistrict": "\u0e42\u0e04\u0e01\u0e2a\u0e39\u0e07", "addr:subdistrict:en": "Khok Sung", "alt_name": "\u0e2a\u0e16\u0e32\u0e19\u0e35\u0e2d\u0e19\u0e32\u0e21\u0e31\u0e22\u0e1a\u0e49\u0e32\u0e19\u0e42\u0e04\u0e01\u0e2a\u0e39\u0e07", "amenity": "clinic", "emergency": "no", "healthcare": "clinic", "name": "\u0e42\u0e23\u0e07\u0e1e\u0e22\u0e32\u0e1a\u0e32\u0e25\u0e2a\u0e48\u0e07\u0e40\u0e2a\u0e23\u0e34\u0e21\u0e2a\u0e38\u0e02\u0e20\u0e32\u0e1e\u0e15\u0e33\u0e1a\u0e25 \u0e1a\u0e49\u0e32\u0e19\u0e42\u0e04\u0e01\u0e2a\u0e39\u0e07", "name:en": "Ban Khok Sung Subdistrict Health Promoting Hospital", "short_name": "\u0e23\u0e1e.\u0e2a\u0e15.\u0e1a\u0e49\u0e32\u0e19\u0e42\u0e04\u0e01\u0e2a\u0e39\u0e07", "source": "Bing; sign", "osm_id": 1374797495, "osm_type": "node"}, "geometry": {"type": "Point", "coordinates": [102.7070869, 16.6812495]}}, {"type": "Feature", "properties": {"amenity": "hospital", "name": "\u0e42\u0e23\u0e07\u0e1e\u0e22\u0e32\u0e1a\u0e32\u0e25\u0e2d\u0e38\u0e1a\u0e25\u0e23\u0e31\u0e15\u0e19\u0e4c", "name:en": "Ubonrat Hospital", "source": "Bing; sign", "osm_id": 1374797504, "osm_type": "node"}, "geometry": {"type": "Point", "coordinates": [102.6327386, 16.7565741]}}, {"type": "Feature", "properties": {"is_in:country": "Thailand", "is_in:country_code": "TH", "is_in:iso_3166_2": "TH-40", "is_in:state": "Khon Kaen", "is_in:state_code": "40", "name": "\u0e1a\u0e49\u0e32\u0e19\u0e01\u0e38\u0e14\u0e40\u0e02\u0e35\u0e22\u0e07\u0e21\u0e35", "name:en": "Ban Kut Khiang Mi", "place": "village", "source": "Bing; sign", "osm_id": 1375578909, "osm_type": "node"}, "geometry": {"type": "Point", "coordinates": [102.6977276, 16.7755295]}}, {"type": "Feature", "properties": {"is_in:country": "Thailand", "is_in:country_code": "TH", "is_in:iso_3166_2": "TH-40", "is_in:state": "Khon Kaen", "is_in:state_code": "40", "name": "\u0e1a\u0e49\u0e32\u0e19\u0e02\u0e38\u0e19\u0e14\u0e48\u0e32\u0e19", "name:en": "Ban Khun Dan", "place": "village", "source": "Bing; sign", "osm_id": 1375578910, "osm_type": "node"}, "geometry": {"type": "Point", "coordinates": [102.6752497, 16.8112635]}}, {"type": "Feature", "properties": {"is_in:country": "Thailand", "is_in:country_code": "TH", "is_in:iso_3166_2": "TH-40", "is_in:state": "Khon Kaen", "is_in:state_code": "40", "name": "\u0e1a\u0e49\u0e32\u0e19\u0e1a\u0e48\u0e2d", "name:en": "Ban Bo", "place": "village", "source": "Bing; sign", "osm_id": 1375578911, "osm_type": "node"}, "geometry": {"type": "Point", "coordinates": [102.7152357, 16.7767277]}}, {"type": "Feature", "properties": {"is_in:country": "Thailand", "is_in:country_code": "TH", "is_in:iso_3166_2": "TH-40", "is_in:state": "Khon Kaen", "is_in:state_code": "40", "name": "\u0e1a\u0e49\u0e32\u0e19\u0e2b\u0e19\u0e2d\u0e07\u0e2d\u0e49\u0e2d", "name:en": "Ban Nong O", "place": "village", "source": "Bing; sign", "osm_id": 1375578912, "osm_type": "node"}, "geometry": {"type": "Point", "coordinates": [102.7384152, 16.7546858]}}, {"type": "Feature", "properties": {"is_in:country": "Thailand", "is_in:country_code": "TH", "is_in:iso_3166_2": "TH-40", "is_in:state": "Khon Kaen", "is_in:state_code": "40", "name": "\u0e1a\u0e49\u0e32\u0e19\u0e2b\u0e19\u0e2d\u0e07\u0e41\u0e15\u0e49", "name:en": "Ban Nong Tae", "place": "village", "source": "Bing; sign", "osm_id": 1375578913, "osm_type": "node"}, "geometry": {"type": "Point", "coordinates": [102.670787, 16.763448]}}, {"type": "Feature", "properties": {"amenity": "hospital", "name": "\u0e42\u0e23\u0e07\u0e1e\u0e22\u0e32\u0e02\u0e32\u0e25\u0e40\u0e02\u0e32\u0e2a\u0e27\u0e19\u0e01\u0e27\u0e32\u0e07", "name:en": "Khao Suan Kwang Hospital", "name:th": "\u0e42\u0e23\u0e07\u0e1e\u0e22\u0e32\u0e02\u0e32\u0e25\u0e40\u0e02\u0e32\u0e2a\u0e27\u0e19\u0e01\u0e27\u0e32\u0e07", "source": "Bing; sign", "osm_id": 1375583771, "osm_type": "node"}, "geometry": {"type": "Point", "coordinates": [102.856344, 16.8511655]}}, {"type": "Feature", "properties": {"is_in:country": "Thailand", "is_in:country_code": "TH", "is_in:iso_3166_2": "TH-40", "is_in:state": "Khon Kaen", "is_in:state_code": "40", "name": "\u0e1a\u0e49\u0e32\u0e19\u0e2b\u0e49\u0e27\u0e22\u0e40\u0e2a\u0e37\u0e2d\u0e40\u0e15\u0e49\u0e19", "name:en": "Ban Huai Suea Ten", "place": "village", "source": "Bing; sign", "osm_id": 1375701510, "osm_type": "node"}, "geometry": {"type": "Point", "coordinates": [102.7780865, 16.7428401]}}, {"type": "Feature", "properties": {"is_in:country": "Thailand", "is_in:country_code": "TH", "is_in:iso_3166_2": "TH-40", "is_in:state": "Khon Kaen", "is_in:state_code": "40", "name": "\u0e1a\u0e49\u0e32\u0e19\u0e04\u0e33\u0e08\u0e31\u0e48\u0e19", "name:en": "Ban Kham Chan", "place": "village", "source": "Bing; sign", "osm_id": 1376571452, "osm_type": "node"}, "geometry": {"type": "Point", "coordinates": [102.9501595, 16.7230207]}}, {"type": "Feature", "properties": {"is_in:country": "Thailand", "is_in:country_code": "TH", "is_in:iso_3166_2": "TH-40", "is_in:state": "Khon Kaen", "is_in:state_code": "40", "name": "\u0e1a\u0e49\u0e32\u0e19\u0e2a\u0e19\u0e32\u0e21\u0e1a\u0e34\u0e19", "name:en": "Ban Sanambin", "place": "village", "source": "Bing; sign", "osm_id": 1376571458, "osm_type": "node"}, "geometry": {"type": "Point", "coordinates": [102.941065, 16.709567]}}, {"type": "Feature", "properties": {"is_in:country": "Thailand", "is_in:country_code": "TH", "is_in:iso_3166_2": "TH-40", "is_in:state": "Khon Kaen", "is_in:state_code": "40", "name": "\u0e1a\u0e49\u0e32\u0e19\u0e2b\u0e19\u0e2d\u0e07\u0e01\u0e38\u0e07\u0e0a\u0e35\u0e49\u0e04\u0e27\u0e07", "name:en": "Ban Nong Kung Chi Khuang", "place": "village", "source": "Bing; sign", "osm_id": 1376571462, "osm_type": "node"}, "geometry": {"type": "Point", "coordinates": [102.9702502, 16.6968549]}}, {"type": "Feature", "properties": {"is_in:country": "Thailand", "is_in:country_code": "TH", "is_in:iso_3166_2": "TH-40", "is_in:state": "Khon Kaen", "is_in:state_code": "40", "name": "\u0e1a\u0e49\u0e32\u0e19\u0e2b\u0e19\u0e2d\u0e07\u0e41\u0e27\u0e07\u0e41\u0e1c\u0e07\u0e25\u0e2d\u0e22", "name:en": "Ban Nong Waeng Phaengloi", "place": "village", "source": "Bing; sign", "osm_id": 1376571466, "osm_type": "node"}, "geometry": {"type": "Point", "coordinates": [102.9760625, 16.7154431]}}, {"type": "Feature", "properties": {"is_in:country": "Thailand", "is_in:country_code": "TH", "is_in:iso_3166_2": "TH-40", "is_in:state": "Khon Kaen", "is_in:state_code": "40", "name": "\u0e1a\u0e49\u0e32\u0e19\u0e40\u0e1e\u0e35\u0e49\u0e22\u0e1f\u0e32\u0e19", "name:en": "Ban Phia Fan", "place": "village", "source": "Bing; sign", "osm_id": 1376571467, "osm_type": "node"}, "geometry": {"type": "Point", "coordinates": [102.9759776, 16.7439651]}}, {"type": "Feature", "properties": {"is_in:country": "Thailand", "is_in:country_code": "TH", "is_in:iso_3166_2": "TH-40", "is_in:state": "Khon Kaen", "is_in:state_code": "40", "name": "\u0e1a\u0e49\u0e32\u0e19\u0e42\u0e04\u0e01\u0e2a\u0e07\u0e48\u0e32", "name:en": "Ban Khok Sa-nga", "place": "village", "source": "Bing; sign", "osm_id": 1376571474, "osm_type": "node"}, "geometry": {"type": "Point", "coordinates": [102.9283774, 16.6930104]}}, {"type": "Feature", "properties": {"is_in:country": "Thailand", "is_in:country_code": "TH", "is_in:iso_3166_2": "TH-40", "is_in:state": "Khon Kaen", "is_in:state_code": "40", "name": "\u0e1a\u0e49\u0e32\u0e19\u0e04\u0e33\u0e01\u0e49\u0e2d\u0e21", "name:en": "Ban Kham Kom", "place": "village", "source": "Bing; sign", "osm_id": 1377425671, "osm_type": "node"}, "geometry": {"type": "Point", "coordinates": [103.0020589, 16.6434382]}}, {"type": "Feature", "properties": {"is_in:country": "Thailand", "is_in:country_code": "TH", "is_in:iso_3166_2": "TH-40", "is_in:state": "Khon Kaen", "is_in:state_code": "40", "name": "\u0e1a\u0e49\u0e32\u0e19\u0e04\u0e33\u0e21\u0e48\u0e27\u0e21", "name:en": "Ban Kham Muam", "place": "village", "source": "Bing; sign", "osm_id": 1377425684, "osm_type": "node"}, "geometry": {"type": "Point", "coordinates": [102.9749163, 16.6182152]}}, {"type": "Feature", "properties": {"is_in:country": "Thailand", "is_in:country_code": "TH", "is_in:iso_3166_2": "TH-40", "is_in:state": "Khon Kaen", "is_in:state_code": "40", "name": "\u0e1a\u0e49\u0e32\u0e19\u0e14\u0e07\u0e40\u0e22\u0e47\u0e19", "name:en": "Ban Dong Yen", "place": "village", "source": "Bing; sign", "osm_id": 1377425687, "osm_type": "node"}, "geometry": {"type": "Point", "coordinates": [102.9832007, 16.609034]}}, {"type": "Feature", "properties": {"is_in:country": "Thailand", "is_in:country_code": "TH", "is_in:iso_3166_2": "TH-40", "is_in:state": "Khon Kaen", "is_in:state_code": "40", "name": "\u0e1a\u0e49\u0e32\u0e19\u0e19\u0e32\u0e1d\u0e32\u0e22", "name:en": "Ban Na Fai", "place": "village", "source": "Bing; sign", "osm_id": 1377425703, "osm_type": "node"}, "geometry": {"type": "Point", "coordinates": [103.0138005, 16.6850174]}}, {"type": "Feature", "properties": {"is_in:country": "Thailand", "is_in:country_code": "TH", "is_in:iso_3166_2": "TH-40", "is_in:state": "Khon Kaen", "is_in:state_code": "40", "name": "\u0e1a\u0e49\u0e32\u0e19\u0e2b\u0e19\u0e2d\u0e07\u0e41\u0e2a\u0e07", "name:en": "Ban Nong Saeng", "place": "village", "source": "Bing; sign", "osm_id": 1377425720, "osm_type": "node"}, "geometry": {"type": "Point", "coordinates": [103.0090359, 16.6317893]}}, {"type": "Feature", "properties": {"capital_level": "8", "is_in:country": "Thailand", "is_in:country_code": "TH", "is_in:iso_3166_2": "TH-40", "is_in:state": "Khon Kaen", "is_in:state_code": "40", "name": "\u0e1a\u0e49\u0e32\u0e19\u0e2b\u0e49\u0e27\u0e22\u0e42\u0e08\u0e14", "name:en": "Ban Huai Chot", "place": "village", "source": "Bing; sign", "osm_id": 1377425730, "osm_type": "node"}, "geometry": {"type": "Point", "coordinates": [103.0215589, 16.6630585]}}, {"type": "Feature", "properties": {"is_in:country": "Thailand", "is_in:country_code": "TH", "is_in:iso_3166_2": "TH-40", "is_in:state": "Khon Kaen", "is_in:state_code": "40", "name": "\u0e1a\u0e49\u0e32\u0e19\u0e42\u0e04\u0e01\u0e2a\u0e30\u0e2d\u0e32\u0e14", "name:en": "Ban Khok Sa-at", "place": "village", "source": "Bing; sign", "osm_id": 1377425742, "osm_type": "node"}, "geometry": {"type": "Point", "coordinates": [103.0221634, 16.6550435]}}, {"type": "Feature", "properties": {"addr:country": "TH", "addr:district": "\u0e01\u0e23\u0e30\u0e19\u0e27\u0e19", "addr:district:en": "Kranuan", "addr:hamlet": "\u0e2b\u0e21\u0e39\u0e48\u0e17\u0e35\u0e48 3", "addr:province": "\u0e02\u0e2d\u0e19\u0e41\u0e01\u0e48\u0e19", "addr:province:en": "Khon Kaen", "addr:subdistrict": "\u0e2b\u0e49\u0e27\u0e22\u0e42\u0e08\u0e14", "addr:subdistrict:en": "Huai Chot", "alt_name": "\u0e2a\u0e16\u0e32\u0e19\u0e35\u0e2d\u0e19\u0e32\u0e21\u0e31\u0e22\u0e2b\u0e49\u0e27\u0e22\u0e42\u0e08\u0e14", "amenity": "clinic", "emergency": "no", "healthcare": "clinic", "name": "\u0e42\u0e23\u0e07\u0e1e\u0e22\u0e32\u0e1a\u0e32\u0e25\u0e2a\u0e48\u0e07\u0e40\u0e2a\u0e23\u0e34\u0e21\u0e2a\u0e38\u0e02\u0e20\u0e32\u0e1e\u0e15\u0e33\u0e1a\u0e25 \u0e2b\u0e49\u0e27\u0e22\u0e42\u0e08\u0e14", "name:en": "Huai Chot Subdistrict Health Promoting Hospital", "short_name": "\u0e23\u0e1e.\u0e2a\u0e15.\u0e2b\u0e49\u0e27\u0e22\u0e42\u0e08\u0e14", "source": "Bing; sign", "osm_id": 1377425753, "osm_type": "node"}, "geometry": {"type": "Point", "coordinates": [103.0222838, 16.6636897]}}, {"type": "Feature", "properties": {"is_in:country": "Thailand", "is_in:country_code": "TH", "is_in:iso_3166_2": "TH-40", "is_in:state": "Khon Kaen", "is_in:state_code": "40", "name": "\u0e1a\u0e49\u0e32\u0e19\u0e01\u0e38\u0e14\u0e17\u0e34\u0e07", "name:en": "Ban Kut Thing", "place": "village", "source": "Bing; sign", "osm_id": 1377608340, "osm_type": "node"}, "geometry": {"type": "Point", "coordinates": [102.9804811, 16.5357262]}}, {"type": "Feature", "properties": {"is_in:country": "Thailand", "is_in:country_code": "TH", "is_in:iso_3166_2": "TH-40", "is_in:state": "Khon Kaen", "is_in:state_code": "40", "name": "\u0e1a\u0e49\u0e32\u0e19\u0e40\u0e2b\u0e25\u0e48\u0e32\u0e43\u0e2b\u0e0d\u0e48", "name:en": "Ban Lao Yai", "place": "village", "source": "Bing; sign", "osm_id": 1377608346, "osm_type": "node"}, "geometry": {"type": "Point", "coordinates": [102.9972511, 16.5814595]}}, {"type": "Feature", "properties": {"is_in:country": "Thailand", "is_in:country_code": "TH", "is_in:iso_3166_2": "TH-40", "is_in:state": "Khon Kaen", "is_in:state_code": "40", "name": "\u0e1a\u0e49\u0e32\u0e19\u0e40\u0e2b\u0e25\u0e48\u0e32\u0e43\u0e2b\u0e0d\u0e48", "name:en": "Ban Lao Yai", "place": "village", "source": "Bing; sign", "osm_id": 1377608350, "osm_type": "node"}, "geometry": {"type": "Point", "coordinates": [102.9978242, 16.5833755]}}, {"type": "Feature", "properties": {"capital_level": "8", "is_in:country": "Thailand", "is_in:country_code": "TH", "is_in:iso_3166_2": "TH-40", "is_in:state": "Khon Kaen", "is_in:state_code": "40", "name": "\u0e1a\u0e49\u0e32\u0e19\u0e42\u0e19\u0e19", "name:en": "Ban Non", "place": "village", "source": "Bing; sign", "osm_id": 1377608353, "osm_type": "node"}, "geometry": {"type": "Point", "coordinates": [102.9818531, 16.5313971]}}, {"type": "Feature", "properties": {"addr:country": "TH", "addr:district": "\u0e19\u0e49\u0e33\u0e1e\u0e2d\u0e07", "addr:district:en": "Nam Phong", "addr:province": "\u0e02\u0e2d\u0e19\u0e41\u0e01\u0e48\u0e19", "addr:province:en": "Khon Kaen", "addr:subdistrict": "\u0e1a\u0e49\u0e32\u0e19\u0e02\u0e32\u0e21", "addr:subdistrict:en": "Ban Kham", "alt_name": "\u0e2a\u0e16\u0e32\u0e19\u0e35\u0e2d\u0e19\u0e32\u0e21\u0e31\u0e22\u0e1a\u0e49\u0e32\u0e19\u0e02\u0e32\u0e21", "amenity": "clinic", "emergency": "no", "healthcare": "clinic", "name": "\u0e42\u0e23\u0e07\u0e1e\u0e22\u0e32\u0e1a\u0e32\u0e25\u0e2a\u0e48\u0e07\u0e40\u0e2a\u0e23\u0e34\u0e21\u0e2a\u0e38\u0e02\u0e20\u0e32\u0e1e\u0e15\u0e33\u0e1a\u0e25 \u0e1a\u0e49\u0e32\u0e19\u0e02\u0e32\u0e21", "name:en": "Ban Kham Subdistrict Health Promoting Hospital", "short_name": "\u0e23\u0e1e.\u0e2a\u0e15.\u0e1a\u0e49\u0e32\u0e19\u0e02\u0e32\u0e21", "source": "Bing; sign", "osm_id": 1377608361, "osm_type": "node"}, "geometry": {"type": "Point", "coordinates": [102.995885, 16.5791095]}}, {"type": "Feature", "properties": {"capital_level": "8", "is_in:country": "Thailand", "is_in:country_code": "TH", "is_in:iso_3166_2": "TH-40", "is_in:state": "Khon Kaen", "is_in:state_code": "40", "name": "\u0e1a\u0e49\u0e32\u0e19\u0e04\u0e39\u0e04\u0e33", "name:en": "Ban Khu Kham", "place": "village", "source": "Bing; sign", "osm_id": 1378481473, "osm_type": "node"}, "geometry": {"type": "Point", "coordinates": [103.0176548, 16.5193676]}}, {"type": "Feature", "properties": {"is_in:country": "Thailand", "is_in:country_code": "TH", "is_in:iso_3166_2": "TH-40", "is_in:state": "Khon Kaen", "is_in:state_code": "40", "name": "\u0e1a\u0e49\u0e32\u0e19\u0e2d\u0e49\u0e2d\u0e04\u0e33", "name:en": "Ban O Kham", "place": "village", "source": "Bing; sign", "osm_id": 1378481478, "osm_type": "node"}, "geometry": {"type": "Point", "coordinates": [103.0572263, 16.5321952]}}, {"type": "Feature", "properties": {"is_in:country": "Thailand", "is_in:country_code": "TH", "is_in:iso_3166_2": "TH-40", "is_in:state": "Khon Kaen", "is_in:state_code": "40", "name": "\u0e1a\u0e49\u0e32\u0e19\u0e41\u0e2b\u0e49\u0e27", "name:en": "Ban Haeo", "place": "village", "source": "Bing; sign", "osm_id": 1378481486, "osm_type": "node"}, "geometry": {"type": "Point", "coordinates": [103.0273659, 16.5343498]}}, {"type": "Feature", "properties": {"addr:country": "TH", "addr:district": "\u0e0b\u0e33\u0e2a\u0e39\u0e07", "addr:district:en": "Sam Sung", "addr:province": "\u0e02\u0e2d\u0e19\u0e41\u0e01\u0e48\u0e19", "addr:province:en": "Khon Kaen", "addr:subdistrict": "\u0e01\u0e23\u0e30\u0e19\u0e27\u0e19", "addr:subdistrict:en": "Kranuan", "alt_name": "\u0e2a\u0e16\u0e32\u0e19\u0e35\u0e2d\u0e19\u0e32\u0e21\u0e31\u0e22\u0e01\u0e23\u0e30\u0e19\u0e27\u0e19", "amenity": "clinic", "emergency": "no", "healthcare": "clinic", "name": "\u0e42\u0e23\u0e07\u0e1e\u0e22\u0e32\u0e1a\u0e32\u0e25\u0e2a\u0e48\u0e07\u0e40\u0e2a\u0e23\u0e34\u0e21\u0e2a\u0e38\u0e02\u0e20\u0e32\u0e1e\u0e15\u0e33\u0e1a\u0e25 \u0e01\u0e23\u0e30\u0e19\u0e27\u0e19", "name:en": "Kranuan Subdistrict Health Promoting Hospital", "short_name": "\u0e23\u0e1e.\u0e2a\u0e15.\u0e01\u0e23\u0e30\u0e19\u0e27\u0e19", "source": "Bing; sign", "osm_id": 1378481493, "osm_type": "node"}, "geometry": {"type": "Point", "coordinates": [103.0623558, 16.5315116]}}, {"type": "Feature", "properties": {"addr:country": "TH", "addr:district": "\u0e0b\u0e33\u0e2a\u0e39\u0e07", "addr:district:en": "Sam Sung", "addr:hamlet": "\u0e2b\u0e21\u0e39\u0e48\u0e17\u0e35\u0e48 7", "addr:province": "\u0e02\u0e2d\u0e19\u0e41\u0e01\u0e48\u0e19", "addr:province:en": "Khon Kaen", "addr:subdistrict": "\u0e04\u0e39\u0e04\u0e33", "addr:subdistrict:en": "Khu Kham", "alt_name": "\u0e2a\u0e16\u0e32\u0e19\u0e35\u0e2d\u0e19\u0e32\u0e21\u0e31\u0e22\u0e04\u0e39\u0e04\u0e33", "amenity": "clinic", "emergency": "no", "healthcare": "clinic", "name": "\u0e42\u0e23\u0e07\u0e1e\u0e22\u0e32\u0e1a\u0e32\u0e25\u0e2a\u0e48\u0e07\u0e40\u0e2a\u0e23\u0e34\u0e21\u0e2a\u0e38\u0e02\u0e20\u0e32\u0e1e\u0e15\u0e33\u0e1a\u0e25 \u0e04\u0e39\u0e04\u0e33", "name:en": "Khu Kham Subdistrict Health Promoting Hospital", "short_name": "\u0e23\u0e1e.\u0e2a\u0e15.\u0e04\u0e39\u0e04\u0e33", "source": "Bing; sign", "osm_id": 1378481501, "osm_type": "node"}, "geometry": {"type": "Point", "coordinates": [103.0232495, 16.5255837]}}, {"type": "Feature", "properties": {"addr:country": "TH", "addr:district": "\u0e0b\u0e33\u0e2a\u0e39\u0e07", "addr:district:en": "Sam Sung", "addr:province": "\u0e02\u0e2d\u0e19\u0e41\u0e01\u0e48\u0e19", "addr:province:en": "Khon Kaen", "addr:subdistrict": "\u0e1a\u0e49\u0e32\u0e19\u0e42\u0e19\u0e19", "addr:subdistrict:en": "Ban Non", "alt_name": "\u0e2a\u0e16\u0e32\u0e19\u0e35\u0e2d\u0e19\u0e32\u0e21\u0e31\u0e22\u0e1a\u0e49\u0e32\u0e19\u0e42\u0e19\u0e19", "amenity": "clinic", "emergency": "no", "healthcare": "clinic", "name": "\u0e42\u0e23\u0e07\u0e1e\u0e22\u0e32\u0e1a\u0e32\u0e25\u0e2a\u0e48\u0e07\u0e40\u0e2a\u0e23\u0e34\u0e21\u0e2a\u0e38\u0e02\u0e20\u0e32\u0e1e\u0e15\u0e33\u0e1a\u0e25 \u0e1a\u0e49\u0e32\u0e19\u0e42\u0e19\u0e19", "name:en": "Ban Non Subdistrict Health Promoting Hospital", "short_name": "\u0e23\u0e1e.\u0e2a\u0e15.\u0e1a\u0e49\u0e32\u0e19\u0e42\u0e19\u0e19", "source": "Bing; sign", "osm_id": 1378481504, "osm_type": "node"}, "geometry": {"type": "Point", "coordinates": [102.9787406, 16.5273596]}}, {"type": "Feature", "properties": {"is_in:country": "Thailand", "is_in:country_code": "TH", "is_in:iso_3166_2": "TH-44", "is_in:state": "Maha Sarakham", "is_in:state_code": "44", "name": "\u0e1a\u0e49\u0e32\u0e19\u0e2b\u0e19\u0e2d\u0e07\u0e40\u0e2a\u0e37\u0e2d", "name:en": "Ban Nong Suea", "place": "village", "source": "Bing; sign", "osm_id": 1378702231, "osm_type": "node"}, "geometry": {"type": "Point", "coordinates": [103.0408766, 16.4842313]}}, {"type": "Feature", "properties": {"name": "\u0e1a\u0e49\u0e32\u0e19\u0e40\u0e02\u0e47\u0e07", "name:en": "Ban Kheng", "name:th": "\u0e1a\u0e49\u0e32\u0e19\u0e40\u0e02\u0e47\u0e07", "place": "village", "source": "Bing; sign", "osm_id": 1378702238, "osm_type": "node"}, "geometry": {"type": "Point", "coordinates": [103.0304877, 16.447494]}}, {"type": "Feature", "properties": {"capital_level": "8", "name": "\u0e1a\u0e49\u0e32\u0e19\u0e40\u0e2a\u0e37\u0e2d\u0e40\u0e12\u0e48\u0e32", "name:en": "Ban Suea Thao", "name:th": "\u0e1a\u0e49\u0e32\u0e19\u0e40\u0e2a\u0e37\u0e2d\u0e40\u0e12\u0e48\u0e32", "place": "village", "source": "Bing; sign", "osm_id": 1378702252, "osm_type": "node"}, "geometry": {"type": "Point", "coordinates": [103.0371572, 16.4685303]}}, {"type": "Feature", "properties": {"addr:country": "TH", "addr:district": "\u0e40\u0e0a\u0e35\u0e22\u0e07\u0e22\u0e37\u0e19", "addr:district:en": "Chiang Yuen", "addr:province": "\u0e21\u0e2b\u0e32\u0e2a\u0e32\u0e23\u0e04\u0e32\u0e21", "addr:province:en": "Maha Sarakham", "addr:subdistrict": "\u0e40\u0e2a\u0e37\u0e2d\u0e40\u0e12\u0e48\u0e32", "addr:subdistrict:en": "Suea Thao", "alt_name": "\u0e2a\u0e16\u0e32\u0e19\u0e35\u0e2d\u0e19\u0e32\u0e21\u0e31\u0e22\u0e40\u0e2a\u0e37\u0e2d\u0e40\u0e12\u0e48\u0e32", "amenity": "clinic", "emergency": "no", "healthcare": "clinic", "name": "\u0e42\u0e23\u0e07\u0e1e\u0e22\u0e32\u0e1a\u0e32\u0e25\u0e2a\u0e48\u0e07\u0e40\u0e2a\u0e23\u0e34\u0e21\u0e2a\u0e38\u0e02\u0e20\u0e32\u0e1e\u0e15\u0e33\u0e1a\u0e25 \u0e40\u0e2a\u0e37\u0e2d\u0e40\u0e12\u0e48\u0e32", "name:en": "Suea Thao Subdistrict Health Promoting Hospital", "short_name": "\u0e23\u0e1e.\u0e2a\u0e15.\u0e40\u0e2a\u0e37\u0e2d\u0e40\u0e12\u0e48\u0e32", "source": "Bing; sign", "osm_id": 1378702254, "osm_type": "node"}, "geometry": {"type": "Point", "coordinates": [103.0389592, 16.4710982]}}, {"type": "Feature", "properties": {"name": "\u0e1a\u0e49\u0e32\u0e19\u0e21\u0e13\u0e06\u0e25\u0e1e\u0e31\u0e12\u0e19\u0e32", "name:en": "Ban Mon Khon Phatthana", "name:th": "\u0e1a\u0e49\u0e32\u0e19\u0e21\u0e13\u0e06\u0e25\u0e1e\u0e31\u0e12\u0e19\u0e32", "place": "village", "source": "Bing; sign", "osm_id": 1379542099, "osm_type": "node"}, "geometry": {"type": "Point", "coordinates": [103.0216368, 16.441615]}}, {"type": "Feature", "properties": {"name": "\u0e1a\u0e49\u0e32\u0e19\u0e2b\u0e19\u0e2d\u0e07\u0e21\u0e31\u0e19\u0e1b\u0e25\u0e32", "name:en": "Ban Nong Manpla", "name:th": "\u0e1a\u0e49\u0e32\u0e19\u0e2b\u0e19\u0e2d\u0e07\u0e21\u0e31\u0e19\u0e1b\u0e25\u0e32", "place": "village", "source": "Bing; sign", "osm_id": 1379542100, "osm_type": "node"}, "geometry": {"type": "Point", "coordinates": [103.0257313, 16.4185373]}}, {"type": "Feature", "properties": {"name": "\u0e1a\u0e49\u0e32\u0e19\u0e40\u0e21\u0e37\u0e2d\u0e07\u0e40\u0e1e\u0e47\u0e07", "name:en": "Ban Mueang Pheng", "name:th": "\u0e1a\u0e49\u0e32\u0e19\u0e40\u0e21\u0e37\u0e2d\u0e07\u0e40\u0e1e\u0e47\u0e07", "place": "village", "source": "Bing; sign", "osm_id": 1379542111, "osm_type": "node"}, "geometry": {"type": "Point", "coordinates": [102.9808946, 16.4268206]}}, {"type": "Feature", "properties": {"addr:country": "TH", "addr:district": "\u0e40\u0e0a\u0e35\u0e22\u0e07\u0e22\u0e37\u0e19", "addr:district:en": "Chiang Yuen", "addr:province": "\u0e21\u0e2b\u0e32\u0e2a\u0e32\u0e23\u0e04\u0e32\u0e21", "addr:province:en": "Maha Sarakham", "addr:subdistrict": "\u0e01\u0e39\u0e48\u0e17\u0e2d\u0e07", "addr:subdistrict:en": "Ku Thong", "alt_name": "\u0e2a\u0e16\u0e32\u0e19\u0e35\u0e2d\u0e19\u0e32\u0e21\u0e31\u0e22\u0e1a\u0e49\u0e32\u0e19\u0e02\u0e32\u0e21\u0e40\u0e1b\u0e35\u0e49\u0e22", "amenity": "clinic", "emergency": "no", "healthcare": "clinic", "name": "\u0e42\u0e23\u0e07\u0e1e\u0e22\u0e32\u0e1a\u0e32\u0e25\u0e2a\u0e48\u0e07\u0e40\u0e2a\u0e23\u0e34\u0e21\u0e2a\u0e38\u0e02\u0e20\u0e32\u0e1e\u0e15\u0e33\u0e1a\u0e25 \u0e1a\u0e49\u0e32\u0e19\u0e02\u0e32\u0e21\u0e40\u0e1b\u0e35\u0e49\u0e22", "name:en": "Ban Kham Pia Subdistrict Health Promoting Hospital", "name:th": "\u0e42\u0e23\u0e07\u0e1e\u0e22\u0e32\u0e1a\u0e32\u0e25\u0e2a\u0e48\u0e07\u0e40\u0e2a\u0e23\u0e34\u0e21\u0e2a\u0e38\u0e02\u0e20\u0e32\u0e1e\u0e15\u0e33\u0e1a\u0e25 \u0e1a\u0e49\u0e32\u0e19\u0e02\u0e32\u0e21\u0e40\u0e1b\u0e35\u0e49\u0e22", "short_name": "\u0e23\u0e1e.\u0e2a\u0e15.\u0e1a\u0e49\u0e32\u0e19\u0e02\u0e32\u0e21\u0e40\u0e1b\u0e35\u0e49\u0e22", "source": "Bing; sign", "osm_id": 1379542118, "osm_type": "node"}, "geometry": {"type": "Point", "coordinates": [103.0069965, 16.443482]}}, {"type": "Feature", "properties": {"name": "\u0e1a\u0e49\u0e32\u0e19\u0e2b\u0e19\u0e2d\u0e07\u0e41\u0e2a\u0e07", "name:en": "Ban Nong Saeng", "name:th": "\u0e1a\u0e49\u0e32\u0e19\u0e2b\u0e19\u0e2d\u0e07\u0e41\u0e2a\u0e07", "place": "village", "source": "Bing; sign", "osm_id": 1379575396, "osm_type": "node"}, "geometry": {"type": "Point", "coordinates": [102.8999627, 16.4086594]}}, {"type": "Feature", "properties": {"amenity": "school", "name": "\u0e42\u0e23\u0e07\u0e40\u0e23\u0e35\u0e22\u0e19\u0e1a\u0e49\u0e32\u0e19\u0e2b\u0e49\u0e27\u0e22\u0e2b\u0e34\u0e19\u0e25\u0e32\u0e14", "name:en": "Ban Huay Hin Lad School", "name:th": "\u0e42\u0e23\u0e07\u0e40\u0e23\u0e35\u0e22\u0e19\u0e1a\u0e49\u0e32\u0e19\u0e2b\u0e49\u0e27\u0e22\u0e2b\u0e34\u0e19\u0e25\u0e32\u0e14", "source": "GPS; bing; sign", "osm_id": 1404579243, "osm_type": "node"}, "geometry": {"type": "Point", "coordinates": [102.7985177, 16.6297284]}}, {"type": "Feature", "properties": {"name": "\u0e1a\u0e49\u0e32\u0e19\u0e2b\u0e19\u0e2d\u0e07\u0e40\u0e21\u0e47\u0e01", "name:en": "Ban Nong Mek", "place": "village", "osm_id": 1435099039, "osm_type": "node"}, "geometry": {"type": "Point", "coordinates": [102.6598866, 16.4950918]}}, {"type": "Feature", "properties": {"is_in:country": "Thailand", "is_in:country_code": "TH", "is_in:iso_3166_2": "TH-40", "is_in:state": "Khon Kaen", "is_in:state_code": "40", "name": "\u0e1a\u0e49\u0e32\u0e19\u0e04\u0e33\u0e01\u0e01\u0e04\u0e49\u0e2d", "name:en": "Ban Kham Kok Kho", "place": "village", "source": "Bing; sign", "osm_id": 1472920981, "osm_type": "node"}, "geometry": {"type": "Point", "coordinates": [102.7538819, 16.5961832]}}, {"type": "Feature", "properties": {"name": "\u0e1a\u0e49\u0e32\u0e19\u0e17\u0e48\u0e2d\u0e19\u0e43\u0e2b\u0e21\u0e48", "name:en": "Ban Thon Mai", "name:th": "\u0e1a\u0e49\u0e32\u0e19\u0e17\u0e48\u0e2d\u0e19\u0e43\u0e2b\u0e21\u0e48", "place": "village", "source": "Bing; sign", "osm_id": 1472921013, "osm_type": "node"}, "geometry": {"type": "Point", "coordinates": [102.8456731, 16.5804172]}}, {"type": "Feature", "properties": {"addr:district": "\u0e40\u0e21\u0e37\u0e2d\u0e07\u0e02\u0e2d\u0e19\u0e41\u0e01\u0e19", "addr:district:en": "Mueang Khon Kaen", "addr:hamlet": "\u0e2b\u0e21\u0e39\u0e48\u0e17\u0e35\u0e48 4", "addr:province": "\u0e08\u0e31\u0e07\u0e2b\u0e27\u0e31\u0e14\u0e02\u0e2d\u0e19\u0e41\u0e01\u0e48\u0e19", "addr:province:en": "Khon Kaen Province", "addr:subdistrict": "\u0e42\u0e19\u0e19\u0e17\u0e48\u0e2d\u0e19", "addr:subdistrict:en": "Non Thon", "name": "\u0e1a\u0e49\u0e32\u0e19\u0e1a\u0e36\u0e07\u0e41\u0e01 \u0e2b\u0e21\u0e39\u0e48 4", "name:en": "Ban Bueng Kae Mu 4", "place": "hamlet", "source": "Bing; sign", "osm_id": 1472921136, "osm_type": "node"}, "geometry": {"type": "Point", "coordinates": [102.8448901, 16.5978833]}}, {"type": "Feature", "properties": {"addr:district": "\u0e40\u0e21\u0e37\u0e2d\u0e07\u0e02\u0e2d\u0e19\u0e41\u0e01\u0e19", "addr:district:en": "Mueang Khon Kaen", "addr:hamlet": "\u0e2b\u0e21\u0e39\u0e48\u0e17\u0e35\u0e48 14", "addr:province": "\u0e08\u0e31\u0e07\u0e2b\u0e27\u0e31\u0e14\u0e02\u0e2d\u0e19\u0e41\u0e01\u0e48\u0e19", "addr:province:en": "Khon Kaen Province", "addr:subdistrict": "\u0e42\u0e19\u0e19\u0e17\u0e48\u0e2d\u0e19", "addr:subdistrict:en": "Non Thon", "name": "\u0e1a\u0e49\u0e32\u0e19\u0e1a\u0e36\u0e07\u0e41\u0e01 \u0e2b\u0e21\u0e39\u0e48 14", "name:en": "Ban Bueng Kae Mu 14", "place": "hamlet", "source": "Bing; sign", "osm_id": 1472921146, "osm_type": "node"}, "geometry": {"type": "Point", "coordinates": [102.8425736, 16.5992754]}}, {"type": "Feature", "properties": {"addr:district": "\u0e40\u0e21\u0e37\u0e2d\u0e07\u0e02\u0e2d\u0e19\u0e41\u0e01\u0e19", "addr:district:en": "Mueang Khon Kaen", "addr:province": "\u0e02\u0e2d\u0e19\u0e41\u0e01\u0e48\u0e19", "addr:province:en": "Khon Kaen", "addr:subdistrict": "\u0e42\u0e19\u0e19\u0e17\u0e48\u0e2d\u0e19", "addr:subdistrict:en": "Non Thon", "amenity": "school", "name": "\u0e42\u0e23\u0e07\u0e40\u0e23\u0e35\u0e22\u0e19\u0e1a\u0e49\u0e32\u0e19\u0e2b\u0e19\u0e2d\u0e07\u0e40\u0e1a\u0e47\u0e0d", "name:en": "Ban Nong Ben School", "name:th": "\u0e42\u0e23\u0e07\u0e40\u0e23\u0e35\u0e22\u0e19\u0e1a\u0e49\u0e32\u0e19\u0e2b\u0e19\u0e2d\u0e07\u0e40\u0e1a\u0e47\u0e0d", "source": "Bing; sign", "osm_id": 1472921152, "osm_type": "node"}, "geometry": {"type": "Point", "coordinates": [102.8300376, 16.6197919]}}, {"type": "Feature", "properties": {"name": "\u0e1a\u0e49\u0e32\u0e19\u0e2b\u0e19\u0e2d\u0e07\u0e40\u0e1a\u0e47\u0e0d", "name:en": "Ban Nong Ben", "name:th": "\u0e1a\u0e49\u0e32\u0e19\u0e2b\u0e19\u0e2d\u0e07\u0e40\u0e1a\u0e47\u0e0d", "place": "village", "source": "Bing; sign", "osm_id": 1472921170, "osm_type": "node"}, "geometry": {"type": "Point", "coordinates": [102.8336073, 16.6202412]}}, {"type": "Feature", "properties": {"name": "\u0e1a\u0e49\u0e32\u0e19\u0e2b\u0e49\u0e27\u0e22\u0e2b\u0e34\u0e19\u0e25\u0e32\u0e14", "name:en": "Ban Huai Hin Lat", "name:th": "\u0e1a\u0e49\u0e32\u0e19\u0e2b\u0e49\u0e27\u0e22\u0e2b\u0e34\u0e19\u0e25\u0e32\u0e14", "place": "village", "source": "Bing; sign", "osm_id": 1472921173, "osm_type": "node"}, "geometry": {"type": "Point", "coordinates": [102.7999984, 16.6316173]}}, {"type": "Feature", "properties": {"name": "\u0e1a\u0e49\u0e32\u0e19\u0e40\u0e19\u0e34\u0e19\u0e17\u0e2d\u0e07", "name:en": "Ban Noen Thong", "name:th": "\u0e1a\u0e49\u0e32\u0e19\u0e40\u0e19\u0e34\u0e19\u0e17\u0e2d\u0e07", "place": "village", "source": "Bing; GPS; sign", "osm_id": 1472921174, "osm_type": "node"}, "geometry": {"type": "Point", "coordinates": [102.7844998, 16.5822857]}}, {"type": "Feature", "properties": {"name": "\u0e1a\u0e49\u0e32\u0e19\u0e42\u0e19\u0e19", "name:en": "Ban Non", "name:th": "\u0e1a\u0e49\u0e32\u0e19\u0e42\u0e19\u0e19", "place": "village", "source": "Bing; sign", "osm_id": 1472921181, "osm_type": "node"}, "geometry": {"type": "Point", "coordinates": [102.8461069, 16.5853635]}}, {"type": "Feature", "properties": {"is_in:country": "Thailand", "is_in:country_code": "TH", "is_in:iso_3166_2": "TH-40", "is_in:state": "Khon Kaen", "is_in:state_code": "40", "name": "\u0e1a\u0e49\u0e32\u0e19\u0e42\u0e19\u0e19\u0e28\u0e23\u0e35\u0e2a\u0e27\u0e31\u0e2a\u0e14\u0e34\u0e4c", "name:en": "Ban Non Si Sawat", "place": "village", "source": "Bing; sign", "osm_id": 1472921185, "osm_type": "node"}, "geometry": {"type": "Point", "coordinates": [102.7695409, 16.6140614]}}, {"type": "Feature", "properties": {"addr:district": "\u0e19\u0e49\u0e33\u0e1e\u0e2d\u0e07", "addr:district:en": "Nam Phong", "addr:hamlet": "\u0e2b\u0e21\u0e39\u0e48\u0e17\u0e35\u0e48 3", "addr:province": "\u0e02\u0e2d\u0e19\u0e41\u0e01\u0e48\u0e19", "addr:province:en": "Khon Kaen", "addr:subdistrict": "\u0e21\u0e48\u0e27\u0e07\u0e2b\u0e27\u0e32\u0e19", "addr:subdistrict:en": "Muang Wan", "amenity": "school", "name": "\u0e42\u0e23\u0e07\u0e40\u0e23\u0e35\u0e22\u0e19\u0e1a\u0e49\u0e32\u0e19\u0e42\u0e19\u0e19\u0e28\u0e23\u0e35\u0e2a\u0e27\u0e31\u0e2a\u0e14\u0e34\u0e4c", "name:en": "Ban Non Si Sawat School", "source": "Bing; sign", "osm_id": 1472921196, "osm_type": "node"}, "geometry": {"type": "Point", "coordinates": [102.7695974, 16.6157822]}}, {"type": "Feature", "properties": {"addr:district": "\u0e40\u0e21\u0e37\u0e2d\u0e07\u0e02\u0e2d\u0e19\u0e41\u0e01\u0e19", "addr:district:en": "Mueang Khon Kaen", "addr:hamlet": "\u0e2b\u0e21\u0e39\u0e48\u0e17\u0e35\u0e48 8", "addr:province": "\u0e02\u0e2d\u0e19\u0e41\u0e01\u0e48\u0e19", "addr:province:en": "Khon Kaen", "addr:subdistrict": "\u0e1a\u0e49\u0e32\u0e19\u0e04\u0e49\u0e2d", "addr:subdistrict:en": "Ban Kho", "alt_name": "\u0e2a\u0e16\u0e32\u0e19\u0e35\u0e2d\u0e19\u0e32\u0e21\u0e31\u0e22\u0e1a\u0e49\u0e32\u0e19\u0e0b\u0e33\u0e08\u0e32\u0e19", "amenity": "clinic", "emergency": "no", "healthcare": "clinic", "name": "\u0e42\u0e23\u0e07\u0e1e\u0e22\u0e32\u0e1a\u0e32\u0e25\u0e2a\u0e48\u0e07\u0e40\u0e2a\u0e23\u0e34\u0e21\u0e2a\u0e38\u0e02\u0e20\u0e32\u0e1e\u0e15\u0e33\u0e1a\u0e25 \u0e1a\u0e49\u0e32\u0e19\u0e0b\u0e33\u0e08\u0e32\u0e19", "name:en": "Ban Sam Chan Subdistrict Health Promoting Hospital", "short_name": "\u0e23\u0e1e.\u0e2a\u0e15.\u0e1a\u0e49\u0e32\u0e19\u0e0b\u0e33\u0e08\u0e32\u0e19", "source": "Bing; sign", "osm_id": 1472921298, "osm_type": "node"}, "geometry": {"type": "Point", "coordinates": [102.7949883, 16.6044584]}}, {"type": "Feature", "properties": {"addr:district": "\u0e19\u0e49\u0e33\u0e1e\u0e2d\u0e07", "addr:district:en": "Nam Phong", "addr:hamlet": "\u0e2b\u0e21\u0e39\u0e48\u0e17\u0e35\u0e48 1", "addr:province": "\u0e02\u0e2d\u0e19\u0e41\u0e01\u0e48\u0e19", "addr:province:en": "Khon Kaen", "addr:subdistrict": "\u0e21\u0e48\u0e27\u0e07\u0e2b\u0e27\u0e32\u0e19", "addr:subdistrict:en": "Muang Wan", "alt_name": "\u0e2a\u0e16\u0e32\u0e19\u0e35\u0e2d\u0e19\u0e32\u0e21\u0e31\u0e22\u0e21\u0e48\u0e27\u0e07\u0e2b\u0e27\u0e32\u0e19", "amenity": "clinic", "emergency": "no", "healthcare": "clinic", "name": "\u0e42\u0e23\u0e07\u0e1e\u0e22\u0e32\u0e1a\u0e32\u0e25\u0e2a\u0e48\u0e07\u0e40\u0e2a\u0e23\u0e34\u0e21\u0e2a\u0e38\u0e02\u0e20\u0e32\u0e1e\u0e15\u0e33\u0e1a\u0e25 \u0e21\u0e48\u0e27\u0e07\u0e2b\u0e27\u0e32\u0e19", "name:en": "Muang Wan Subdistrict Health Promoting Hospital", "short_name": "\u0e23\u0e1e.\u0e2a\u0e15.\u0e21\u0e48\u0e27\u0e07\u0e2b\u0e27\u0e32\u0e19", "source": "Bing; sign", "osm_id": 1472921303, "osm_type": "node"}, "geometry": {"type": "Point", "coordinates": [102.7718858, 16.6326026]}}, {"type": "Feature", "properties": {"addr:district": "\u0e40\u0e21\u0e37\u0e2d\u0e07\u0e02\u0e2d\u0e19\u0e41\u0e01\u0e19", "addr:district:en": "Mueang Khon Kaen", "addr:hamlet": "\u0e2b\u0e21\u0e39\u0e48\u0e17\u0e35\u0e48 8", "addr:province": "\u0e02\u0e2d\u0e19\u0e41\u0e01\u0e48\u0e19", "addr:province:en": "Khon Kaen", "addr:subdistrict": "\u0e42\u0e19\u0e19\u0e17\u0e48\u0e2d\u0e19", "addr:subdistrict:en": "Non Thon", "alt_name": "\u0e2a\u0e16\u0e32\u0e19\u0e35\u0e2d\u0e19\u0e32\u0e21\u0e31\u0e22\u0e42\u0e19\u0e19\u0e17\u0e48\u0e2d\u0e19", "amenity": "clinic", "emergency": "no", "healthcare": "clinic", "name": "\u0e42\u0e23\u0e07\u0e1e\u0e22\u0e32\u0e1a\u0e32\u0e25\u0e2a\u0e48\u0e07\u0e40\u0e2a\u0e23\u0e34\u0e21\u0e2a\u0e38\u0e02\u0e20\u0e32\u0e1e\u0e15\u0e33\u0e1a\u0e25 \u0e42\u0e19\u0e19\u0e17\u0e48\u0e2d\u0e19", "name:en": "Non Thon Subdistrict Health Promoting Hospital", "short_name": "\u0e23\u0e1e.\u0e2a\u0e15.\u0e42\u0e19\u0e19\u0e17\u0e48\u0e2d\u0e19", "source": "Bing; sign", "osm_id": 1472921309, "osm_type": "node"}, "geometry": {"type": "Point", "coordinates": [102.8466383, 16.5797946]}}, {"type": "Feature", "properties": {"addr:district": "\u0e19\u0e49\u0e33\u0e1e\u0e2d\u0e07", "addr:district:en": "Nam Phong", "addr:hamlet": "\u0e2b\u0e21\u0e39\u0e48\u0e17\u0e35\u0e48 1", "addr:province": "\u0e02\u0e2d\u0e19\u0e41\u0e01\u0e48\u0e19", "addr:province:en": "Khon Kaen", "addr:subdistrict": "\u0e21\u0e48\u0e27\u0e07\u0e2b\u0e27\u0e32\u0e19", "addr:subdistrict:en": "Muang Wan", "amenity": "school", "name": "\u0e42\u0e23\u0e07\u0e40\u0e23\u0e35\u0e22\u0e19\u0e1a\u0e49\u0e32\u0e19\u0e21\u0e48\u0e27\u0e07\u0e2b\u0e27\u0e32\u0e19", "name:en": "Ban Muang Wan School", "name:th": "\u0e42\u0e23\u0e07\u0e40\u0e23\u0e35\u0e22\u0e19\u0e1a\u0e49\u0e32\u0e19\u0e21\u0e48\u0e27\u0e07\u0e2b\u0e27\u0e32\u0e19", "source": "Bing; sign", "osm_id": 1472921344, "osm_type": "node"}, "geometry": {"type": "Point", "coordinates": [102.770949, 16.636581]}}, {"type": "Feature", "properties": {"addr:district": "\u0e40\u0e21\u0e37\u0e2d\u0e07\u0e02\u0e2d\u0e19\u0e41\u0e01\u0e19", "addr:district:en": "Mueang Khon Kaen", "addr:hamlet": "\u0e2b\u0e21\u0e39\u0e48\u0e17\u0e35\u0e48 13", "addr:province": "\u0e02\u0e2d\u0e19\u0e41\u0e01\u0e48\u0e19", "addr:province:en": "Khon Kaen", "addr:subdistrict": "\u0e42\u0e19\u0e19\u0e17\u0e48\u0e2d\u0e19", "addr:subdistrict:en": "Non Thon", "amenity": "school", "name": "\u0e42\u0e23\u0e07\u0e40\u0e23\u0e35\u0e22\u0e19\u0e1a\u0e49\u0e32\u0e19\u0e42\u0e19\u0e19\u0e17\u0e48\u0e2d\u0e19\u0e27\u0e34\u0e17\u0e22\u0e32", "name:en": "Ban Non Thon Witthaya School", "name:th": "\u0e42\u0e23\u0e07\u0e40\u0e23\u0e35\u0e22\u0e19\u0e1a\u0e49\u0e32\u0e19\u0e42\u0e19\u0e19\u0e17\u0e48\u0e2d\u0e19\u0e27\u0e34\u0e17\u0e22\u0e32", "source": "Bing; sign", "osm_id": 1472921349, "osm_type": "node"}, "geometry": {"type": "Point", "coordinates": [102.8488865, 16.5845861]}}, {"type": "Feature", "properties": {"is_in:country": "Thailand", "is_in:country_code": "TH", "is_in:iso_3166_2": "TH-40", "is_in:state": "Khon Kaen", "is_in:state_code": "40", "name": "\u0e1a\u0e49\u0e32\u0e19\u0e2b\u0e19\u0e2d\u0e07\u0e1b\u0e34\u0e07", "name:en": "Ban Nong Ping", "place": "village", "source": "Bing; sign", "osm_id": 1481101527, "osm_type": "node"}, "geometry": {"type": "Point", "coordinates": [102.7070818, 16.5383173]}}, {"type": "Feature", "properties": {"is_in:country": "Thailand", "is_in:country_code": "TH", "is_in:iso_3166_2": "TH-40", "is_in:state": "Khon Kaen", "is_in:state_code": "40", "name": "\u0e1a\u0e49\u0e32\u0e19\u0e2b\u0e34\u0e19\u0e02\u0e32\u0e27", "name:en": "Ban Hin Khao", "place": "village", "source": "Bing; sign", "osm_id": 1481101529, "osm_type": "node"}, "geometry": {"type": "Point", "coordinates": [102.6577356, 16.535773]}}, {"type": "Feature", "properties": {"is_in:country": "Thailand", "is_in:country_code": "TH", "is_in:iso_3166_2": "TH-40", "is_in:state": "Khon Kaen", "is_in:state_code": "40", "name": "\u0e1a\u0e49\u0e32\u0e19\u0e42\u0e19\u0e19\u0e23\u0e31\u0e07", "name:en": "Ban Non Rang", "place": "village", "source": "Bing; sign", "osm_id": 1481101537, "osm_type": "node"}, "geometry": {"type": "Point", "coordinates": [102.6834047, 16.543006]}}, {"type": "Feature", "properties": {"is_in:country": "Thailand", "is_in:country_code": "TH", "is_in:iso_3166_2": "TH-40", "is_in:state": "Khon Kaen", "is_in:state_code": "40", "name": "\u0e1a\u0e49\u0e32\u0e19\u0e42\u0e19\u0e19\u0e23\u0e31\u0e07", "name:en": "Ban Non Rang", "place": "village", "source": "Bing; sign", "osm_id": 1481101540, "osm_type": "node"}, "geometry": {"type": "Point", "coordinates": [102.6846296, 16.5433492]}}, {"type": "Feature", "properties": {"addr:district": "\u0e40\u0e21\u0e37\u0e2d\u0e07\u0e02\u0e2d\u0e19\u0e41\u0e01\u0e19", "addr:district:en": "Mueang Khon Kaen", "addr:province": "\u0e02\u0e2d\u0e19\u0e41\u0e01\u0e48\u0e19", "addr:province:en": "Khon Kaen", "addr:subdistrict": "\u0e2a\u0e32\u0e27\u0e30\u0e16\u0e35", "addr:subdistrict:en": "Sa Wa Thi", "amenity": "school", "name": "\u0e28\u0e39\u0e19\u0e22\u0e4c\u0e1e\u0e31\u0e12\u0e19\u0e32\u0e40\u0e14\u0e47\u0e01\u0e40\u0e25\u0e47\u0e01\u0e1a\u0e49\u0e32\u0e19\u0e42\u0e19\u0e19\u0e23\u0e31\u0e07", "name:en": "Ban Non Rang Child Development Center", "source": "Bing; sign", "osm_id": 1481101562, "osm_type": "node"}, "geometry": {"type": "Point", "coordinates": [102.6811378, 16.5449936]}}, {"type": "Feature", "properties": {"addr:district": "\u0e40\u0e21\u0e37\u0e2d\u0e07\u0e02\u0e2d\u0e19\u0e41\u0e01\u0e19", "addr:district:en": "Mueang Khon Kaen", "addr:province": "\u0e02\u0e2d\u0e19\u0e41\u0e01\u0e48\u0e19", "addr:province:en": "Khon Kaen", "addr:subdistrict": "\u0e2a\u0e32\u0e27\u0e30\u0e16\u0e35", "addr:subdistrict:en": "Sa Wa Thi", "alt_name": "\u0e2a\u0e16\u0e32\u0e19\u0e35\u0e2d\u0e19\u0e32\u0e21\u0e31\u0e22\u0e1a\u0e49\u0e32\u0e19\u0e42\u0e19\u0e19\u0e23\u0e31\u0e07", "amenity": "clinic", "emergency": "no", "healthcare": "clinic", "name": "\u0e42\u0e23\u0e07\u0e1e\u0e22\u0e32\u0e1a\u0e32\u0e25\u0e2a\u0e48\u0e07\u0e40\u0e2a\u0e23\u0e34\u0e21\u0e2a\u0e38\u0e02\u0e20\u0e32\u0e1e\u0e15\u0e33\u0e1a\u0e25 \u0e1a\u0e49\u0e32\u0e19\u0e42\u0e19\u0e19\u0e23\u0e31\u0e07", "name:en": "Ban Non Rang Subdistrict Health Promoting Hospital", "short_name": "\u0e23\u0e1e.\u0e2a\u0e15.\u0e1a\u0e49\u0e32\u0e19\u0e42\u0e19\u0e19\u0e23\u0e31\u0e07", "source": "Bing; sign", "osm_id": 1481101569, "osm_type": "node"}, "geometry": {"type": "Point", "coordinates": [102.6863519, 16.5441119]}}, {"type": "Feature", "properties": {"addr:district": "\u0e40\u0e21\u0e37\u0e2d\u0e07\u0e02\u0e2d\u0e19\u0e41\u0e01\u0e19", "addr:district:en": "Mueang Khon Kaen", "addr:province": "\u0e02\u0e2d\u0e19\u0e41\u0e01\u0e48\u0e19", "addr:province:en": "Khon Kaen", "addr:subdistrict": "\u0e2a\u0e32\u0e27\u0e30\u0e16\u0e35", "addr:subdistrict:en": "Sa Wa Thi", "amenity": "school", "name": "\u0e42\u0e23\u0e07\u0e40\u0e23\u0e35\u0e22\u0e19\u0e1a\u0e49\u0e32\u0e19\u0e2a\u0e32\u0e27\u0e30\u0e16\u0e35", "name:en": "Ban Sa Wa Thi School", "source": "Bing; sign", "osm_id": 1481101571, "osm_type": "node"}, "geometry": {"type": "Point", "coordinates": [102.690078, 16.5106342]}}, {"type": "Feature", "properties": {"addr:district": "\u0e40\u0e21\u0e37\u0e2d\u0e07\u0e02\u0e2d\u0e19\u0e41\u0e01\u0e19", "addr:district:en": "Mueang Khon Kaen", "addr:province": "\u0e02\u0e2d\u0e19\u0e41\u0e01\u0e48\u0e19", "addr:province:en": "Khon Kaen", "addr:subdistrict": "\u0e2a\u0e32\u0e27\u0e30\u0e16\u0e35", "addr:subdistrict:en": "Sa Wa Thi", "amenity": "school", "name": "\u0e42\u0e23\u0e07\u0e40\u0e23\u0e35\u0e22\u0e19\u0e1a\u0e49\u0e32\u0e19\u0e2b\u0e19\u0e2d\u0e07\u0e1b\u0e34\u0e07", "name:en": "Ban Nong Ping School", "source": "Bing; sign", "osm_id": 1481101576, "osm_type": "node"}, "geometry": {"type": "Point", "coordinates": [102.7106095, 16.5386144]}}, {"type": "Feature", "properties": {"addr:district": "\u0e40\u0e21\u0e37\u0e2d\u0e07\u0e02\u0e2d\u0e19\u0e41\u0e01\u0e19", "addr:district:en": "Mueang Khon Kaen", "addr:hamlet": "\u0e2b\u0e21\u0e39\u0e48\u0e17\u0e35\u0e48 15", "addr:province": "\u0e02\u0e2d\u0e19\u0e41\u0e01\u0e48\u0e19", "addr:province:en": "Khon Kaen", "addr:subdistrict": "\u0e2a\u0e32\u0e27\u0e30\u0e16\u0e35", "addr:subdistrict:en": "Sa Wa Thi", "amenity": "school", "name": "\u0e42\u0e23\u0e07\u0e40\u0e23\u0e35\u0e22\u0e19\u0e1a\u0e49\u0e32\u0e19\u0e2b\u0e34\u0e19\u0e02\u0e32\u0e27", "name:en": "Ban Hin Khao School", "source": "Bing; sign", "osm_id": 1481101579, "osm_type": "node"}, "geometry": {"type": "Point", "coordinates": [102.6598345, 16.535352]}}, {"type": "Feature", "properties": {"addr:district": "\u0e40\u0e21\u0e37\u0e2d\u0e07\u0e02\u0e2d\u0e19\u0e41\u0e01\u0e19", "addr:district:en": "Mueang Khon Kaen", "addr:province": "\u0e02\u0e2d\u0e19\u0e41\u0e01\u0e48\u0e19", "addr:province:en": "Khon Kaen", "addr:subdistrict": "\u0e2a\u0e32\u0e27\u0e30\u0e16\u0e35", "addr:subdistrict:en": "Sa Wa Thi", "amenity": "school", "name": "\u0e42\u0e23\u0e07\u0e40\u0e23\u0e35\u0e22\u0e19\u0e1a\u0e49\u0e32\u0e19\u0e42\u0e19\u0e19\u0e01\u0e39", "name:en": "Ban Non Ku School", "source": "Bing; sign", "osm_id": 1481101584, "osm_type": "node"}, "geometry": {"type": "Point", "coordinates": [102.6684285, 16.5089251]}}, {"type": "Feature", "properties": {"amenity": "school", "name": "\u0e42\u0e23\u0e07\u0e40\u0e23\u0e35\u0e22\u0e19\u0e2a\u0e32\u0e27\u0e30\u0e16\u0e35\u0e1e\u0e34\u0e17\u0e22\u0e32\u0e2a\u0e23\u0e23\u0e1e\u0e4c", "name:en": "Sa Wa Thi Phitthaya San School", "source": "Bing; sign", "osm_id": 1481101587, "osm_type": "node"}, "geometry": {"type": "Point", "coordinates": [102.6803056, 16.5124103]}}, {"type": "Feature", "properties": {"is_in:country": "Thailand", "is_in:country_code": "TH", "is_in:iso_3166_2": "TH-40", "is_in:state": "Khon Kaen", "is_in:state_code": "40", "name": "\u0e1a\u0e49\u0e32\u0e19\u0e40\u0e1e\u0e35\u0e49\u0e22\u0e1f\u0e32\u0e19", "name:en": "Ban Phia Fan", "place": "village", "source": "Bing; sign", "osm_id": 1482008237, "osm_type": "node"}, "geometry": {"type": "Point", "coordinates": [102.6832053, 16.5620041]}}, {"type": "Feature", "properties": {"addr:district": "\u0e40\u0e21\u0e37\u0e2d\u0e07\u0e02\u0e2d\u0e19\u0e41\u0e01\u0e19", "addr:district:en": "Mueang Khon Kaen", "addr:province": "\u0e02\u0e2d\u0e19\u0e41\u0e01\u0e48\u0e19", "addr:province:en": "Khon Kaen", "addr:subdistrict": "\u0e2a\u0e32\u0e27\u0e30\u0e16\u0e35", "addr:subdistrict:en": "Sa Wa Thi", "amenity": "school", "name": "\u0e42\u0e23\u0e07\u0e40\u0e23\u0e35\u0e22\u0e19\u0e1a\u0e49\u0e32\u0e19\u0e40\u0e1e\u0e35\u0e49\u0e22\u0e1f\u0e32\u0e19\u0e42\u0e19\u0e19\u0e15\u0e38\u0e48\u0e19", "name:en": "Ban Phia Fan Non Tun School", "source": "Bing; sign", "osm_id": 1482008247, "osm_type": "node"}, "geometry": {"type": "Point", "coordinates": [102.6906501, 16.5601981]}}, {"type": "Feature", "properties": {"is_in:country": "Thailand", "is_in:country_code": "TH", "is_in:iso_3166_2": "TH-40", "is_in:state": "Khon Kaen", "is_in:state_code": "40", "name": "\u0e1a\u0e49\u0e32\u0e19\u0e19\u0e32\u0e14\u0e2d\u0e01\u0e44\u0e21\u0e49", "name:en": "Ban Na Dokmai", "place": "village", "source": "Bing; sign", "osm_id": 1482233665, "osm_type": "node"}, "geometry": {"type": "Point", "coordinates": [102.6231406, 16.4818319]}}, {"type": "Feature", "properties": {"is_in:country": "Thailand", "is_in:country_code": "TH", "is_in:iso_3166_2": "TH-40", "is_in:state": "Khon Kaen", "is_in:state_code": "40", "name": "\u0e1a\u0e49\u0e32\u0e19\u0e19\u0e32\u0e42\u0e1e\u0e18\u0e34\u0e4c", "name:en": "Ban Na Pho", "place": "village", "source": "Bing; sign", "osm_id": 1482233666, "osm_type": "node"}, "geometry": {"type": "Point", "coordinates": [102.6011789, 16.5048724]}}, {"type": "Feature", "properties": {"capital_level": "8", "is_in:country": "Thailand", "is_in:country_code": "TH", "is_in:iso_3166_2": "TH-40", "is_in:state": "Khon Kaen", "is_in:state_code": "40", "name": "\u0e1a\u0e49\u0e32\u0e19\u0e1b\u0e48\u0e32\u0e2b\u0e27\u0e32\u0e22\u0e19\u0e31\u0e48\u0e07", "name:en": "Ban Pa Wai Nang", "place": "village", "source": "Bing; sign", "osm_id": 1482233667, "osm_type": "node"}, "geometry": {"type": "Point", "coordinates": [102.6343535, 16.5706383]}}, {"type": "Feature", "properties": {"is_in:country": "Thailand", "is_in:country_code": "TH", "is_in:iso_3166_2": "TH-40", "is_in:state": "Khon Kaen", "is_in:state_code": "40", "name": "\u0e1a\u0e49\u0e32\u0e19\u0e2a\u0e27\u0e48\u0e32\u0e07", "name:en": "Ban Sawang", "place": "village", "source": "Bing; sign", "osm_id": 1482233669, "osm_type": "node"}, "geometry": {"type": "Point", "coordinates": [102.6351883, 16.5818585]}}, {"type": "Feature", "properties": {"is_in:country": "Thailand", "is_in:country_code": "TH", "is_in:iso_3166_2": "TH-40", "is_in:state": "Khon Kaen", "is_in:state_code": "40", "name": "\u0e1a\u0e49\u0e32\u0e19\u0e2b\u0e19\u0e2d\u0e07\u0e1a\u0e31\u0e27", "name:en": "Ban Nong Bua", "place": "village", "osm_id": 1482233670, "osm_type": "node"}, "geometry": {"type": "Point", "coordinates": [102.6110001, 16.4685092]}}, {"type": "Feature", "properties": {"is_in:country": "Thailand", "is_in:country_code": "TH", "is_in:iso_3166_2": "TH-40", "is_in:state": "Khon Kaen", "is_in:state_code": "40", "name": "\u0e1a\u0e49\u0e32\u0e19\u0e2b\u0e19\u0e2d\u0e07\u0e40\u0e0b\u0e35\u0e22\u0e07\u0e0b\u0e38\u0e22", "name:en": "Ban Nong Siang Sui", "place": "village", "source": "Bing; sign", "osm_id": 1482233671, "osm_type": "node"}, "geometry": {"type": "Point", "coordinates": [102.6585059, 16.6077887]}}, {"type": "Feature", "properties": {"is_in:country": "Thailand", "is_in:country_code": "TH", "is_in:iso_3166_2": "TH-40", "is_in:state": "Khon Kaen", "is_in:state_code": "40", "name": "\u0e1a\u0e49\u0e32\u0e19\u0e42\u0e19\u0e19\u0e2a\u0e30\u0e2d\u0e32\u0e14", "name:en": "Ban Non Sa-at", "place": "village", "source": "Bing; sign", "osm_id": 1482233673, "osm_type": "node"}, "geometry": {"type": "Point", "coordinates": [102.6565209, 16.6112035]}}, {"type": "Feature", "properties": {"addr:postcode": "40270", "is_in:country": "Thailand", "is_in:country_code": "TH", "is_in:iso_3166_2": "TH-40", "is_in:state": "Khon Kaen", "is_in:state_code": "40", "name": "\u0e1a\u0e49\u0e32\u0e19\u0e42\u0e2a\u0e01\u0e14\u0e31\u0e48\u0e07", "name:en": "Ban Sok Dang", "place": "village", "source": "Bing; sign", "osm_id": 1482233674, "osm_type": "node"}, "geometry": {"type": "Point", "coordinates": [102.5952886, 16.5473356]}}, {"type": "Feature", "properties": {"addr:district": "\u0e1a\u0e49\u0e32\u0e19\u0e1d\u0e32\u0e07", "addr:district:en": "Ban Fang", "addr:hamlet": "\u0e2b\u0e21\u0e39\u0e48\u0e17\u0e35\u0e48 4", "addr:province": "\u0e02\u0e2d\u0e19\u0e41\u0e01\u0e48\u0e19", "addr:province:en": "Khon Kaen", "addr:subdistrict": "\u0e42\u0e04\u0e01\u0e07\u0e32\u0e21", "addr:subdistrict:en": "Khok Ngam", "amenity": "school", "name": "\u0e28\u0e39\u0e19\u0e22\u0e4c\u0e01\u0e32\u0e23\u0e40\u0e23\u0e35\u0e22\u0e19\u0e0a\u0e38\u0e21\u0e0a\u0e19\u0e15\u0e33\u0e1a\u0e25\u0e42\u0e04\u0e01\u0e07\u0e32\u0e21", "name:en": "Khok Ngam Subdistrict Community Learning Centre", "source": "Bing; sign", "osm_id": 1482233685, "osm_type": "node"}, "geometry": {"type": "Point", "coordinates": [102.6111566, 16.5638661]}}, {"type": "Feature", "properties": {"addr:district": "\u0e1a\u0e49\u0e32\u0e19\u0e1d\u0e32\u0e07", "addr:district:en": "Ban Fang", "addr:hamlet": "\u0e2b\u0e21\u0e39\u0e48\u0e17\u0e35\u0e48 4", "addr:province": "\u0e02\u0e2d\u0e19\u0e41\u0e01\u0e48\u0e19", "addr:province:en": "Khon Kaen", "addr:subdistrict": "\u0e42\u0e04\u0e01\u0e07\u0e32\u0e21", "addr:subdistrict:en": "Khok Ngam", "amenity": "school", "name": "\u0e28\u0e39\u0e19\u0e22\u0e4c\u0e1e\u0e31\u0e12\u0e19\u0e32\u0e40\u0e14\u0e47\u0e01\u0e40\u0e25\u0e47\u0e01\u0e15\u0e33\u0e1a\u0e25\u0e42\u0e04\u0e01\u0e07\u0e32\u0e21", "name:en": "Khok Ngam Subdistrict Child Development Center", "source": "Bing; sign", "osm_id": 1482233688, "osm_type": "node"}, "geometry": {"type": "Point", "coordinates": [102.6111432, 16.5632575]}}, {"type": "Feature", "properties": {"addr:district": "\u0e1a\u0e49\u0e32\u0e19\u0e1d\u0e32\u0e07", "addr:district:en": "Ban Fang", "addr:province": "\u0e02\u0e2d\u0e19\u0e41\u0e01\u0e48\u0e19", "addr:province:en": "Khon Kaen", "addr:subdistrict": "\u0e1a\u0e49\u0e32\u0e19\u0e1d\u0e32\u0e07", "addr:subdistrict:en": "Ban Fang", "amenity": "hospital", "name": "\u0e42\u0e23\u0e07\u0e1e\u0e22\u0e32\u0e1a\u0e32\u0e25\u0e1a\u0e49\u0e32\u0e19\u0e1d\u0e32\u0e07", "name:en": "Ban Fang Hospital", "opening_hours": "6:00-21:00", "source": "Bing; sign", "osm_id": 1482233715, "osm_type": "node"}, "geometry": {"type": "Point", "coordinates": [102.6543304, 16.4491924]}}, {"type": "Feature", "properties": {"addr:district": "\u0e1a\u0e49\u0e32\u0e19\u0e1d\u0e32\u0e07", "addr:district:en": "Ban Fang", "addr:hamlet": "\u0e2b\u0e21\u0e39\u0e48\u0e17\u0e35\u0e48 5", "addr:province": "\u0e02\u0e2d\u0e19\u0e41\u0e01\u0e48\u0e19", "addr:province:en": "Khon Kaen", "addr:subdistrict": "\u0e1b\u0e48\u0e32\u0e2b\u0e27\u0e32\u0e22\u0e19\u0e31\u0e48\u0e07", "addr:subdistrict:en": "Pa Wai Nang", "alt_name": "\u0e2a\u0e16\u0e32\u0e19\u0e35\u0e2d\u0e19\u0e32\u0e21\u0e31\u0e22\u0e1b\u0e32\u0e2b\u0e27\u0e32\u0e22\u0e19\u0e31\u0e48\u0e07", "amenity": "clinic", "emergency": "no", "healthcare": "clinic", "name": "\u0e42\u0e23\u0e07\u0e1e\u0e22\u0e32\u0e1a\u0e32\u0e25\u0e2a\u0e48\u0e07\u0e40\u0e2a\u0e23\u0e34\u0e21\u0e2a\u0e38\u0e02\u0e20\u0e32\u0e1e\u0e15\u0e33\u0e1a\u0e25 \u0e1b\u0e32\u0e2b\u0e27\u0e32\u0e22\u0e19\u0e31\u0e48\u0e07", "name:en": "Pa Wai Nang Subdistrict Health Promoting Hospital", "short_name": "\u0e23\u0e1e.\u0e2a\u0e15.\u0e1b\u0e32\u0e2b\u0e27\u0e32\u0e22\u0e19\u0e31\u0e48\u0e07", "source": "Bing; sign", "osm_id": 1482233720, "osm_type": "node"}, "geometry": {"type": "Point", "coordinates": [102.6606052, 16.6040821]}}, {"type": "Feature", "properties": {"addr:district": "\u0e1a\u0e49\u0e32\u0e19\u0e1d\u0e32\u0e07", "addr:district:en": "Ban Fang", "addr:province": "\u0e02\u0e2d\u0e19\u0e41\u0e01\u0e48\u0e19", "addr:province:en": "Khon Kaen", "addr:subdistrict": "\u0e2b\u0e19\u0e2d\u0e07\u0e1a\u0e31\u0e27", "addr:subdistrict:en": "Nong Bua", "amenity": "school", "name": "\u0e42\u0e23\u0e07\u0e40\u0e23\u0e35\u0e22\u0e19\u0e1a\u0e49\u0e32\u0e19\u0e19\u0e32\u0e1d\u0e32\u0e22\u0e19\u0e32\u0e42\u0e1e\u0e18\u0e34\u0e4c", "name:en": "Ban Na Fai Na Pho School", "source": "Bing; sign", "osm_id": 1482233725, "osm_type": "node"}, "geometry": {"type": "Point", "coordinates": [102.5863324, 16.5046729]}}, {"type": "Feature", "properties": {"addr:district": "\u0e1a\u0e49\u0e32\u0e19\u0e1d\u0e32\u0e07", "addr:district:en": "Ban Fang", "addr:hamlet": "\u0e2b\u0e21\u0e39\u0e48\u0e17\u0e35\u0e48 9", "addr:province": "\u0e02\u0e2d\u0e19\u0e41\u0e01\u0e48\u0e19", "addr:province:en": "Khon Kaen", "addr:subdistrict": "\u0e2b\u0e19\u0e2d\u0e07\u0e1a\u0e31\u0e27", "addr:subdistrict:en": "Nong Bua", "amenity": "school", "name": "\u0e42\u0e23\u0e07\u0e40\u0e23\u0e35\u0e22\u0e19\u0e1a\u0e49\u0e32\u0e19\u0e1a\u0e30\u0e22\u0e32\u0e27", "name:en": "Ban Ba Yao School", "source": "Bing; sign", "osm_id": 1482233731, "osm_type": "node"}, "geometry": {"type": "Point", "coordinates": [102.5911896, 16.5326121]}}, {"type": "Feature", "properties": {"addr:district": "\u0e1a\u0e49\u0e32\u0e19\u0e1d\u0e32\u0e07", "addr:district:en": "Ban Fang", "addr:hamlet": "\u0e2b\u0e21\u0e39\u0e48\u0e17\u0e35\u0e48 2", "addr:province": "\u0e02\u0e2d\u0e19\u0e41\u0e01\u0e48\u0e19", "addr:province:en": "Khon Kaen", "addr:subdistrict": "\u0e1b\u0e48\u0e32\u0e2b\u0e27\u0e32\u0e22\u0e19\u0e31\u0e48\u0e07", "addr:subdistrict:en": "Pa Wai Nang", "amenity": "school", "name": "\u0e42\u0e23\u0e07\u0e40\u0e23\u0e35\u0e22\u0e19\u0e1a\u0e49\u0e32\u0e19\u0e1b\u0e48\u0e32\u0e2b\u0e27\u0e32\u0e22", "name:en": "Ban Pa Wai School", "source": "Bing; sign", "osm_id": 1482233741, "osm_type": "node"}, "geometry": {"type": "Point", "coordinates": [102.6356787, 16.5737228]}}, {"type": "Feature", "properties": {"addr:district": "\u0e1a\u0e49\u0e32\u0e19\u0e1d\u0e32\u0e07", "addr:district:en": "Ban Fang", "addr:hamlet": "\u0e2b\u0e21\u0e39\u0e48\u0e17\u0e35\u0e48 5", "addr:province": "\u0e02\u0e2d\u0e19\u0e41\u0e01\u0e48\u0e19", "addr:province:en": "Khon Kaen", "addr:subdistrict": "\u0e1b\u0e48\u0e32\u0e2b\u0e27\u0e32\u0e22\u0e19\u0e31\u0e48\u0e07", "addr:subdistrict:en": "Pa Wai Nang", "amenity": "school", "name": "\u0e42\u0e23\u0e07\u0e40\u0e23\u0e35\u0e22\u0e19\u0e1a\u0e49\u0e32\u0e19\u0e2b\u0e19\u0e2d\u0e07\u0e40\u0e0b\u0e35\u0e22\u0e07\u0e0b\u0e38\u0e22\u0e42\u0e19\u0e19\u0e2a\u0e30\u0e2d\u0e32\u0e14", "name:en": "Ban Nong Siang Sui Non Sa-at School", "source": "Bing; sign", "osm_id": 1482233742, "osm_type": "node"}, "geometry": {"type": "Point", "coordinates": [102.6614717, 16.6055076]}}, {"type": "Feature", "properties": {"addr:district": "\u0e1a\u0e49\u0e32\u0e19\u0e1d\u0e32\u0e07", "addr:district:en": "Ban Fang", "addr:hamlet": "\u0e2b\u0e21\u0e39\u0e48\u0e17\u0e35\u0e48 3", "addr:province": "\u0e02\u0e2d\u0e19\u0e41\u0e01\u0e48\u0e19", "addr:province:en": "Khon Kaen", "addr:subdistrict": "\u0e42\u0e04\u0e01\u0e07\u0e32\u0e21", "addr:subdistrict:en": "Khok Ngam", "amenity": "school", "name": "\u0e42\u0e23\u0e07\u0e40\u0e23\u0e35\u0e22\u0e19\u0e1a\u0e49\u0e32\u0e19\u0e42\u0e2a\u0e01\u0e14\u0e31\u0e48\u0e07", "name:en": "Ban Sok Dang School", "source": "Bing; sign", "osm_id": 1482233752, "osm_type": "node"}, "geometry": {"type": "Point", "coordinates": [102.5964459, 16.5497825]}}, {"type": "Feature", "properties": {"addr:district": "\u0e1a\u0e49\u0e32\u0e19\u0e1d\u0e32\u0e07", "addr:district:en": "Ban Fang", "addr:hamlet": "\u0e2b\u0e21\u0e39\u0e48\u0e17\u0e35\u0e48 3", "addr:province": "\u0e02\u0e2d\u0e19\u0e41\u0e01\u0e48\u0e19", "addr:province:en": "Khon Kaen", "addr:subdistrict": "\u0e1b\u0e48\u0e32\u0e2b\u0e27\u0e32\u0e22\u0e19\u0e31\u0e48\u0e07", "addr:subdistrict:en": "Pa Wai Nang", "amenity": "school", "name": "\u0e42\u0e23\u0e07\u0e40\u0e23\u0e35\u0e22\u0e19\u0e2a\u0e27\u0e48\u0e32\u0e07\u0e28\u0e34\u0e23\u0e34\u0e1e\u0e31\u0e12\u0e19\u0e32", "name:en": "Sawang Siri Phatthana School", "source": "Bing; sign", "osm_id": 1482233756, "osm_type": "node"}, "geometry": {"type": "Point", "coordinates": [102.6329607, 16.5789858]}}, {"type": "Feature", "properties": {"addr:district": "\u0e1a\u0e49\u0e32\u0e19\u0e1d\u0e32\u0e07", "addr:district:en": "Ban Fang", "addr:hamlet": "\u0e2b\u0e21\u0e39\u0e48\u0e17\u0e35\u0e48 8", "addr:province": "\u0e02\u0e2d\u0e19\u0e41\u0e01\u0e48\u0e19", "addr:province:en": "Khon Kaen", "addr:subdistrict": "\u0e42\u0e04\u0e01\u0e07\u0e32\u0e21", "addr:subdistrict:en": "Khok Ngam", "amenity": "school", "name": "\u0e42\u0e23\u0e07\u0e40\u0e23\u0e35\u0e22\u0e19\u0e42\u0e04\u0e01\u0e07\u0e32\u0e21\u0e27\u0e34\u0e17\u0e22\u0e32\u0e04\u0e32\u0e23", "name:en": "Khok Ngam School", "source": "Bing; sign", "osm_id": 1482233762, "osm_type": "node"}, "geometry": {"type": "Point", "coordinates": [102.6137765, 16.5541246]}}, {"type": "Feature", "properties": {"addr:city": "\u0e1a\u0e49\u0e32\u0e19\u0e1d\u0e32\u0e07", "addr:district": "\u0e1a\u0e49\u0e32\u0e19\u0e1d\u0e32\u0e07", "addr:district:en": "Ban Fang", "addr:housenumber": "143", "addr:postcode": "40270", "addr:province": "\u0e02\u0e2d\u0e19\u0e41\u0e01\u0e48\u0e19", "addr:province:en": "Khon Kaen", "addr:street": "\u0e21\u0e30\u0e25\u0e34\u0e27\u0e31\u0e25\u0e22\u0e4c", "addr:subdistrict": "\u0e1a\u0e49\u0e32\u0e19\u0e1d\u0e32\u0e07", "addr:subdistrict:en": "Ban Fang", "amenity": "school", "name": "\u0e42\u0e23\u0e07\u0e40\u0e23\u0e35\u0e22\u0e19\u0e42\u0e0a\u0e04\u0e21\u0e13\u0e35\u0e28\u0e36\u0e01\u0e29\u0e32", "name:en": "Chokmaneesuksa School", "religion": "Thailand", "source": "Bing;sign", "website": "https://www.facebook.com/Chokmaneesuksa2000", "osm_id": 1482233767, "osm_type": "node"}, "geometry": {"type": "Point", "coordinates": [102.6448101, 16.4487501]}}, {"type": "Feature", "properties": {"is_in:country": "Thailand", "is_in:country_code": "TH", "is_in:iso_3166_2": "TH-40", "is_in:state": "Khon Kaen", "is_in:state_code": "40", "name": "\u0e0a\u0e38\u0e21\u0e0a\u0e19\u0e2b\u0e19\u0e2d\u0e07\u0e2d\u0e35\u0e40\u0e25\u0e34\u0e07", "name:en": "Chumchon Nong I Loeng", "place": "hamlet", "source": "Bing; sign", "osm_id": 1494136237, "osm_type": "node"}, "geometry": {"type": "Point", "coordinates": [102.5750044, 16.4515939]}}, {"type": "Feature", "properties": {"is_in:country": "Thailand", "is_in:country_code": "TH", "is_in:iso_3166_2": "TH-40", "is_in:state": "Khon Kaen", "is_in:state_code": "40", "name": "\u0e1a\u0e49\u0e32\u0e19\u0e14\u0e2d\u0e19\u0e2b\u0e31\u0e19", "name:en": "Ban Don Han", "place": "village", "source": "Bing; sign", "osm_id": 1494136245, "osm_type": "node"}, "geometry": {"type": "Point", "coordinates": [102.6178812, 16.4486975]}}, {"type": "Feature", "properties": {"is_in:country": "Thailand", "is_in:country_code": "TH", "is_in:iso_3166_2": "TH-40", "is_in:state": "Khon Kaen", "is_in:state_code": "40", "name": "\u0e1a\u0e49\u0e32\u0e19\u0e2a\u0e23\u0e30\u0e41\u0e01\u0e49\u0e27", "name:en": "Ban Sa Kaeo", "place": "village", "source": "Bing; sign", "osm_id": 1494136246, "osm_type": "node"}, "geometry": {"type": "Point", "coordinates": [102.6626029, 16.4334045]}}, {"type": "Feature", "properties": {"is_in:country": "Thailand", "is_in:country_code": "TH", "is_in:iso_3166_2": "TH-40", "is_in:state": "Khon Kaen", "is_in:state_code": "40", "name": "\u0e1a\u0e49\u0e32\u0e19\u0e2b\u0e34\u0e19\u0e15\u0e31\u0e49\u0e07", "name:en": "Ban Hin Tang", "place": "village", "source": "Bing; sign", "osm_id": 1494136255, "osm_type": "node"}, "geometry": {"type": "Point", "coordinates": [102.5772263, 16.4302533]}}, {"type": "Feature", "properties": {"is_in:country": "Thailand", "is_in:country_code": "TH", "is_in:iso_3166_2": "TH-40", "is_in:state": "Khon Kaen", "is_in:state_code": "40", "name": "\u0e1a\u0e49\u0e32\u0e19\u0e2b\u0e49\u0e27\u0e22\u0e2b\u0e27\u0e49\u0e32", "name:en": "Ban Huai Wa", "place": "village", "source": "Bing; sign", "osm_id": 1494136256, "osm_type": "node"}, "geometry": {"type": "Point", "coordinates": [102.5885086, 16.4224278]}}, {"type": "Feature", "properties": {"addr:district": "\u0e1a\u0e49\u0e32\u0e19\u0e1d\u0e32\u0e07", "addr:district:en": "Ban Fang", "addr:hamlet": "\u0e2b\u0e21\u0e39\u0e48\u0e17\u0e35\u0e48 11", "addr:province": "\u0e02\u0e2d\u0e19\u0e41\u0e01\u0e48\u0e19", "addr:province:en": "Khon Kaen", "addr:subdistrict": "\u0e1a\u0e49\u0e32\u0e19\u0e1d\u0e32\u0e07", "addr:subdistrict:en": "Ban Fang", "amenity": "school", "name": "\u0e42\u0e23\u0e07\u0e40\u0e23\u0e35\u0e22\u0e19\u0e14\u0e2d\u0e19\u0e2b\u0e31\u0e19\u0e1b\u0e23\u0e30\u0e0a\u0e32\u0e23\u0e31\u0e10\u0e28\u0e36\u0e01\u0e29\u0e32", "name:en": "Don Han Pracha Rat Sueksa School", "source": "Bing; sign", "osm_id": 1494136261, "osm_type": "node"}, "geometry": {"type": "Point", "coordinates": [102.61939, 16.4472621]}}, {"type": "Feature", "properties": {"addr:district": "\u0e1a\u0e49\u0e32\u0e19\u0e1d\u0e32\u0e07", "addr:district:en": "Ban Fang", "addr:hamlet": "\u0e2b\u0e21\u0e39\u0e48\u0e17\u0e35\u0e48 8", "addr:province": "\u0e02\u0e2d\u0e19\u0e41\u0e01\u0e48\u0e19", "addr:province:en": "Khon Kaen", "addr:subdistrict": "\u0e42\u0e19\u0e19\u0e06\u0e49\u0e2d\u0e07", "addr:subdistrict:en": "Non Khong", "amenity": "school", "name": "\u0e42\u0e23\u0e07\u0e40\u0e23\u0e35\u0e22\u0e19\u0e2b\u0e34\u0e19\u0e15\u0e31\u0e49\u0e07\u0e2b\u0e19\u0e2d\u0e07\u0e2d\u0e35\u0e40\u0e25\u0e34\u0e07", "name:en": "Hin Tang  Nong I Loeng School", "source": "Bing; sign", "osm_id": 1494136262, "osm_type": "node"}, "geometry": {"type": "Point", "coordinates": [102.57763, 16.4314802]}}, {"type": "Feature", "properties": {"addr:country": "TH", "addr:district": "\u0e1a\u0e49\u0e32\u0e19\u0e1d\u0e32\u0e07", "addr:district:en": "Ban Fang", "addr:hamlet": "\u0e2b\u0e21\u0e39\u0e48\u0e17\u0e35\u0e48 8", "addr:province": "\u0e02\u0e2d\u0e19\u0e41\u0e01\u0e48\u0e19", "addr:province:en": "Khon Kaen", "addr:subdistrict": "\u0e42\u0e19\u0e19\u0e06\u0e49\u0e2d\u0e07", "addr:subdistrict:en": "Non Khong", "amenity": "school", "name": "\u0e42\u0e23\u0e07\u0e40\u0e23\u0e35\u0e22\u0e19\u0e2b\u0e49\u0e27\u0e22\u0e2b\u0e27\u0e49\u0e32\u0e27\u0e34\u0e17\u0e22\u0e32\u0e04\u0e19", "name:en": "Huai Wa Witthaya Khon School", "source": "Bing; sign", "osm_id": 1494136263, "osm_type": "node"}, "geometry": {"type": "Point", "coordinates": [102.5909146, 16.4197089]}}, {"type": "Feature", "properties": {"is_in:country": "Thailand", "is_in:country_code": "TH", "is_in:iso_3166_2": "TH-40", "is_in:state": "Khon Kaen", "is_in:state_code": "40", "name": "\u0e1a\u0e49\u0e32\u0e19\u0e1b\u0e48\u0e32\u0e21\u0e30\u0e19\u0e32\u0e27", "name:en": "Ban Pa Manao", "place": "village", "osm_id": 1496259999, "osm_type": "node"}, "geometry": {"type": "Point", "coordinates": [102.5990423, 16.3794336]}}, {"type": "Feature", "properties": {"is_in:country": "Thailand", "is_in:country_code": "TH", "is_in:iso_3166_2": "TH-40", "is_in:state": "Khon Kaen", "is_in:state_code": "40", "name": "\u0e1a\u0e49\u0e32\u0e19\u0e2b\u0e19\u0e2d\u0e07\u0e04\u0e25\u0e2d\u0e07\u0e19\u0e49\u0e2d\u0e22", "name:en": "Ban Nong Khlong Noi", "place": "village", "source": "Bing; sign", "osm_id": 1496260000, "osm_type": "node"}, "geometry": {"type": "Point", "coordinates": [102.6031165, 16.3594651]}}, {"type": "Feature", "properties": {"is_in:country": "Thailand", "is_in:country_code": "TH", "is_in:iso_3166_2": "TH-40", "is_in:state": "Khon Kaen", "is_in:state_code": "40", "name": "\u0e1a\u0e49\u0e32\u0e19\u0e2b\u0e34\u0e19\u0e2e\u0e32", "name:en": "Ban Hin Ha", "place": "village", "source": "Bing; sign", "osm_id": 1496260001, "osm_type": "node"}, "geometry": {"type": "Point", "coordinates": [102.5622528, 16.4070908]}}, {"type": "Feature", "properties": {"is_in:country": "Thailand", "is_in:country_code": "TH", "is_in:iso_3166_2": "TH-40", "is_in:state": "Khon Kaen", "is_in:state_code": "40", "name": "\u0e1a\u0e49\u0e32\u0e19\u0e41\u0e14\u0e07", "name:en": "Ban Daeng", "place": "village", "source": "Bing; sign", "osm_id": 1496260002, "osm_type": "node"}, "geometry": {"type": "Point", "coordinates": [102.6369573, 16.3808364]}}, {"type": "Feature", "properties": {"is_in:country": "Thailand", "is_in:country_code": "TH", "is_in:iso_3166_2": "TH-40", "is_in:state": "Khon Kaen", "is_in:state_code": "40", "name": "\u0e1a\u0e49\u0e32\u0e19\u0e41\u0e14\u0e07", "name:en": "Ban Daeng", "place": "village", "source": "Bing; sign", "osm_id": 1496260003, "osm_type": "node"}, "geometry": {"type": "Point", "coordinates": [102.6413139, 16.3814282]}}, {"type": "Feature", "properties": {"is_in:country": "Thailand", "is_in:country_code": "TH", "is_in:iso_3166_2": "TH-40", "is_in:state": "Khon Kaen", "is_in:state_code": "40", "name": "\u0e1a\u0e49\u0e32\u0e19\u0e42\u0e19\u0e19\u0e06\u0e49\u0e2d\u0e07", "name:en": "Ban Non Khong", "place": "village", "osm_id": 1496260004, "osm_type": "node"}, "geometry": {"type": "Point", "coordinates": [102.5883542, 16.4052065]}}, {"type": "Feature", "properties": {"is_in:country": "Thailand", "is_in:country_code": "TH", "is_in:iso_3166_2": "TH-40", "is_in:state": "Khon Kaen", "is_in:state_code": "40", "name": "\u0e1a\u0e49\u0e32\u0e19\u0e42\u0e19\u0e19\u0e15\u0e38\u0e48\u0e19", "name:en": "Ban Non Tun", "place": "village", "source": "Bing; sign", "osm_id": 1496260005, "osm_type": "node"}, "geometry": {"type": "Point", "coordinates": [102.5916912, 16.3798323]}}, {"type": "Feature", "properties": {"addr:postcode": "40320", "is_in:country": "Thailand", "is_in:country_code": "TH", "is_in:iso_3166_2": "TH-40", "is_in:state": "Khon Kaen", "is_in:state_code": "40", "name": "\u0e1a\u0e49\u0e32\u0e19\u0e42\u0e19\u0e19\u0e1a\u0e48\u0e2d", "name:en": "Ban Non Bo", "place": "village", "source": "Bing; sign", "osm_id": 1496260006, "osm_type": "node"}, "geometry": {"type": "Point", "coordinates": [102.6417874, 16.36455]}}, {"type": "Feature", "properties": {"is_in:country": "Thailand", "is_in:country_code": "TH", "is_in:iso_3166_2": "TH-40", "is_in:state": "Khon Kaen", "is_in:state_code": "40", "name": "\u0e1a\u0e49\u0e32\u0e19\u0e42\u0e19\u0e19\u0e40\u0e02\u0e27\u0e32", "name:en": "Ban Non Khe Wa", "place": "village", "source": "Bing; sign", "osm_id": 1496260007, "osm_type": "node"}, "geometry": {"type": "Point", "coordinates": [102.6647151, 16.3795144]}}, {"type": "Feature", "properties": {"addr:district": "\u0e1a\u0e49\u0e32\u0e19\u0e1d\u0e32\u0e07", "addr:district:en": "Ban Fang", "addr:province": "\u0e02\u0e2d\u0e19\u0e41\u0e01\u0e48\u0e19", "addr:province:en": "Khon Kaen", "addr:subdistrict": "\u0e1a\u0e49\u0e32\u0e19\u0e40\u0e2b\u0e25\u0e48\u0e32", "addr:subdistrict:en": "Ban Lao", "alt_name": "\u0e2a\u0e16\u0e32\u0e19\u0e35\u0e2d\u0e19\u0e32\u0e21\u0e31\u0e22\u0e1a\u0e49\u0e32\u0e19\u0e41\u0e14\u0e07", "amenity": "clinic", "emergency": "no", "healthcare": "clinic", "name": "\u0e42\u0e23\u0e07\u0e1e\u0e22\u0e32\u0e1a\u0e32\u0e25\u0e2a\u0e48\u0e07\u0e40\u0e2a\u0e23\u0e34\u0e21\u0e2a\u0e38\u0e02\u0e20\u0e32\u0e1e\u0e15\u0e33\u0e1a\u0e25 \u0e1a\u0e49\u0e32\u0e19\u0e41\u0e14\u0e07", "name:en": "Ban Daeng Subdistrict Health Promoting Hospital", "short_name": "\u0e23\u0e1e.\u0e2a\u0e15.\u0e1a\u0e49\u0e32\u0e19\u0e41\u0e14\u0e07", "source": "Bing; sign", "osm_id": 1496260016, "osm_type": "node"}, "geometry": {"type": "Point", "coordinates": [102.6491929, 16.380846]}}, {"type": "Feature", "properties": {"addr:district": "\u0e1a\u0e49\u0e32\u0e19\u0e1d\u0e32\u0e07", "addr:district:en": "Ban Fang", "addr:hamlet": "\u0e2b\u0e21\u0e39\u0e48\u0e17\u0e35\u0e48 7", "addr:province": "\u0e02\u0e2d\u0e19\u0e41\u0e01\u0e48\u0e19", "addr:province:en": "Khon Kaen", "addr:subdistrict": "\u0e1b\u0e48\u0e32\u0e21\u0e30\u0e19\u0e32\u0e27", "addr:subdistrict:en": "Pa Manao", "alt_name": "\u0e2a\u0e16\u0e32\u0e19\u0e35\u0e2d\u0e19\u0e32\u0e21\u0e31\u0e22\u0e1b\u0e48\u0e32\u0e21\u0e30\u0e19\u0e32\u0e27", "amenity": "clinic", "emergency": "no", "healthcare": "clinic", "name": "\u0e42\u0e23\u0e07\u0e1e\u0e22\u0e32\u0e1a\u0e32\u0e25\u0e2a\u0e48\u0e07\u0e40\u0e2a\u0e23\u0e34\u0e21\u0e2a\u0e38\u0e02\u0e20\u0e32\u0e1e\u0e15\u0e33\u0e1a\u0e25 \u0e1b\u0e48\u0e32\u0e21\u0e30\u0e19\u0e32\u0e27", "name:en": "Pa Manao Subdistrict Health Promoting Hospital", "short_name": "\u0e23\u0e1e.\u0e2a\u0e15.\u0e1b\u0e48\u0e32\u0e21\u0e30\u0e19\u0e32\u0e27", "source": "Bing; sign", "osm_id": 1496260017, "osm_type": "node"}, "geometry": {"type": "Point", "coordinates": [102.6104566, 16.3638854]}}, {"type": "Feature", "properties": {"addr:district": "\u0e1a\u0e49\u0e32\u0e19\u0e1d\u0e32\u0e07", "addr:district:en": "Ban Fang", "addr:hamlet": "\u0e2b\u0e21\u0e39\u0e48\u0e17\u0e35\u0e48 10", "addr:province": "\u0e02\u0e2d\u0e19\u0e41\u0e01\u0e48\u0e19", "addr:province:en": "Khon Kaen", "addr:subdistrict": "\u0e42\u0e19\u0e19\u0e06\u0e49\u0e2d\u0e07", "addr:subdistrict:en": "Non Khong", "alt_name": "\u0e2a\u0e16\u0e32\u0e19\u0e35\u0e2d\u0e19\u0e32\u0e21\u0e31\u0e22\u0e42\u0e19\u0e19\u0e06\u0e49\u0e2d\u0e07", "amenity": "clinic", "emergency": "no", "healthcare": "clinic", "name": "\u0e42\u0e23\u0e07\u0e1e\u0e22\u0e32\u0e1a\u0e32\u0e25\u0e2a\u0e48\u0e07\u0e40\u0e2a\u0e23\u0e34\u0e21\u0e2a\u0e38\u0e02\u0e20\u0e32\u0e1e\u0e15\u0e33\u0e1a\u0e25 \u0e42\u0e19\u0e19\u0e06\u0e49\u0e2d\u0e07", "name:en": "Non Khong Subdistrict Health Promoting Hospital", "short_name": "\u0e23\u0e1e.\u0e2a\u0e15.\u0e42\u0e19\u0e19\u0e06\u0e49\u0e2d\u0e07", "source": "Bing; sign", "osm_id": 1496260018, "osm_type": "node"}, "geometry": {"type": "Point", "coordinates": [102.5881635, 16.4007795]}}, {"type": "Feature", "properties": {"addr:district": "\u0e1a\u0e49\u0e32\u0e19\u0e1d\u0e32\u0e07", "addr:district:en": "Ban Fang", "addr:hamlet": "\u0e2b\u0e21\u0e39\u0e48\u0e17\u0e35\u0e48 9", "addr:province": "\u0e02\u0e2d\u0e19\u0e41\u0e01\u0e48\u0e19", "addr:province:en": "Khon Kaen", "addr:subdistrict": "\u0e1b\u0e48\u0e32\u0e21\u0e30\u0e19\u0e32\u0e27", "addr:subdistrict:en": "Pa Manao", "amenity": "school", "name": "\u0e42\u0e23\u0e07\u0e40\u0e23\u0e35\u0e22\u0e19\u0e1a\u0e49\u0e32\u0e19\u0e01\u0e23\u0e30\u0e40\u0e14\u0e37\u0e48\u0e2d\u0e07", "name:en": "Ban Kradueang School", "source": "Bing; sign", "osm_id": 1496260019, "osm_type": "node"}, "geometry": {"type": "Point", "coordinates": [102.6138803, 16.3777196]}}, {"type": "Feature", "properties": {"addr:district": "\u0e1a\u0e49\u0e32\u0e19\u0e1d\u0e32\u0e07", "addr:district:en": "Ban Fang", "addr:hamlet": "\u0e2b\u0e21\u0e39\u0e48\u0e17\u0e35\u0e48 2", "addr:province": "\u0e02\u0e2d\u0e19\u0e41\u0e01\u0e48\u0e19", "addr:province:en": "Khon Kaen", "addr:subdistrict": "\u0e1b\u0e48\u0e32\u0e21\u0e30\u0e19\u0e32\u0e27", "addr:subdistrict:en": "Pa Manao", "amenity": "school", "name": "\u0e42\u0e23\u0e07\u0e40\u0e23\u0e35\u0e22\u0e19\u0e1a\u0e49\u0e32\u0e19\u0e04\u0e33\u0e2b\u0e31\u0e27\u0e0a\u0e49\u0e32\u0e07-\u0e42\u0e19\u0e19\u0e15\u0e38\u0e48\u0e19-\u0e1b\u0e48\u0e32\u0e21\u0e30\u0e19\u0e32\u0e27", "name:en": "Ban Kham Hua Chang - Non Tun - Pa Maneo School", "source": "Bing; sign", "osm_id": 1496260020, "osm_type": "node"}, "geometry": {"type": "Point", "coordinates": [102.5902926, 16.3796722]}}, {"type": "Feature", "properties": {"addr:district": "\u0e1e\u0e23\u0e30\u0e22\u0e37\u0e19", "addr:district:en": "Phra Yuen", "addr:postcode": "40320", "addr:province": "\u0e02\u0e2d\u0e19\u0e41\u0e01\u0e48\u0e19", "addr:province:en": "Khon Kaen", "addr:subdistrict": "\u0e1e\u0e23\u0e30\u0e22\u0e37\u0e19", "addr:subdistrict:en": "Phra Yuen", "amenity": "school", "name": "\u0e42\u0e23\u0e07\u0e40\u0e23\u0e35\u0e22\u0e19\u0e1a\u0e49\u0e32\u0e19\u0e42\u0e19\u0e19\u0e1a\u0e48\u0e2d", "name:en": "Ban Non Bo School", "source": "Bing; sign", "osm_id": 1496260022, "osm_type": "node"}, "geometry": {"type": "Point", "coordinates": [102.6449939, 16.3642089]}}, {"type": "Feature", "properties": {"addr:district": "\u0e1a\u0e49\u0e32\u0e19\u0e1d\u0e32\u0e07", "addr:district:en": "Ban Fang", "addr:province": "\u0e02\u0e2d\u0e19\u0e41\u0e01\u0e48\u0e19", "addr:province:en": "Khon Kaen", "addr:subdistrict": "\u0e1a\u0e49\u0e32\u0e19\u0e40\u0e2b\u0e25\u0e48\u0e32", "addr:subdistrict:en": "Ban Lao", "amenity": "school", "name": "\u0e42\u0e23\u0e07\u0e40\u0e23\u0e35\u0e22\u0e19\u0e28\u0e23\u0e35\u0e40\u0e2a\u0e21\u0e32\u0e27\u0e34\u0e17\u0e22\u0e32\u0e40\u0e2a\u0e23\u0e34\u0e21", "name:en": "Si Sema Witthaya Soem School", "source": "Bing; sign", "osm_id": 1496260023, "osm_type": "node"}, "geometry": {"type": "Point", "coordinates": [102.6249142, 16.3760895]}}, {"type": "Feature", "properties": {"addr:district": "\u0e1a\u0e49\u0e32\u0e19\u0e1d\u0e32\u0e07", "addr:district:en": "Ban Fang", "addr:hamlet": "\u0e2b\u0e21\u0e39\u0e48\u0e17\u0e35\u0e48 4", "addr:province": "\u0e02\u0e2d\u0e19\u0e41\u0e01\u0e48\u0e19", "addr:province:en": "Khon Kaen", "addr:subdistrict": "\u0e1b\u0e48\u0e32\u0e21\u0e30\u0e19\u0e32\u0e27", "addr:subdistrict:en": "Pa Manao", "amenity": "school", "name": "\u0e42\u0e23\u0e07\u0e40\u0e23\u0e35\u0e22\u0e19\u0e2b\u0e34\u0e19\u0e01\u0e2d\u0e07\u0e27\u0e34\u0e17\u0e22\u0e32", "name:en": "Hin Kong Witthaya School", "source": "Bing; sign", "osm_id": 1496260024, "osm_type": "node"}, "geometry": {"type": "Point", "coordinates": [102.5604112, 16.3843617]}}, {"type": "Feature", "properties": {"addr:district": "\u0e1a\u0e49\u0e32\u0e19\u0e1d\u0e32\u0e07", "addr:district:en": "Ban Fang", "addr:hamlet": "\u0e2b\u0e21\u0e39\u0e48\u0e17\u0e35\u0e48 10", "addr:province": "\u0e02\u0e2d\u0e19\u0e41\u0e01\u0e48\u0e19", "addr:province:en": "Khon Kaen", "addr:subdistrict": "\u0e42\u0e19\u0e19\u0e06\u0e49\u0e2d\u0e07", "addr:subdistrict:en": "Non Khong", "amenity": "school", "name": "\u0e42\u0e23\u0e07\u0e40\u0e23\u0e35\u0e22\u0e19\u0e42\u0e19\u0e19\u0e06\u0e49\u0e2d\u0e07\u0e27\u0e34\u0e17\u0e22\u0e32\u0e04\u0e32\u0e23", "name:en": "Non Khong Witthayakhan School", "source": "Bing; sign", "osm_id": 1496260025, "osm_type": "node"}, "geometry": {"type": "Point", "coordinates": [102.5882074, 16.4066711]}}, {"type": "Feature", "properties": {"addr:district": "\u0e1a\u0e49\u0e32\u0e19\u0e1d\u0e32\u0e07", "addr:district:en": "Ban Fang", "addr:hamlet": "\u0e2b\u0e21\u0e39\u0e48\u0e17\u0e35\u0e48 9", "addr:province": "\u0e02\u0e2d\u0e19\u0e41\u0e01\u0e48\u0e19", "addr:province:en": "Khon Kaen", "addr:subdistrict": "\u0e1a\u0e49\u0e32\u0e19\u0e40\u0e2b\u0e25\u0e48\u0e32", "addr:subdistrict:en": "Ban Lao", "amenity": "school", "name": "\u0e42\u0e23\u0e07\u0e40\u0e23\u0e35\u0e22\u0e19\u0e44\u0e15\u0e23\u0e21\u0e34\u0e15\u0e23\u0e27\u0e34\u0e17\u0e22\u0e32\u0e04\u0e32\u0e23", "name:en": "Trai Mit Witthayakhan School", "source": "Bing; sign", "osm_id": 1496260026, "osm_type": "node"}, "geometry": {"type": "Point", "coordinates": [102.6637926, 16.3798439]}}, {"type": "Feature", "properties": {"is_in:country": "Thailand", "is_in:country_code": "TH", "is_in:iso_3166_2": "TH-40", "is_in:state": "Khon Kaen", "is_in:state_code": "40", "name": "\u0e1a\u0e49\u0e32\u0e19\u0e40\u0e2b\u0e25\u0e48\u0e32\u0e19\u0e32\u0e14\u0e35", "name:en": "Ban Lao Na Di", "place": "village", "source": "Bing; sign", "osm_id": 1497209784, "osm_type": "node"}, "geometry": {"type": "Point", "coordinates": [102.7038374, 16.386568]}}, {"type": "Feature", "properties": {"addr:district": "\u0e40\u0e21\u0e37\u0e2d\u0e07\u0e02\u0e2d\u0e19\u0e41\u0e01\u0e48\u0e19", "addr:district:en": "Mueang Khon Kaen", "addr:province": "\u0e02\u0e2d\u0e19\u0e41\u0e01\u0e48\u0e19", "addr:province:en": "Khon Kaen", "addr:subdistrict": "\u0e1a\u0e49\u0e32\u0e19\u0e2b\u0e27\u0e49\u0e32", "addr:subdistrict:en": "Ban Wa", "alt_name": "\u0e2a\u0e16\u0e32\u0e19\u0e35\u0e2d\u0e19\u0e32\u0e21\u0e31\u0e22\u0e1a\u0e49\u0e32\u0e19\u0e2b\u0e27\u0e49\u0e32", "amenity": "clinic", "emergency": "no", "healthcare": "clinic", "name": "\u0e42\u0e23\u0e07\u0e1e\u0e22\u0e32\u0e1a\u0e32\u0e25\u0e2a\u0e48\u0e07\u0e40\u0e2a\u0e23\u0e34\u0e21\u0e2a\u0e38\u0e02\u0e20\u0e32\u0e1e\u0e15\u0e33\u0e1a\u0e25 \u0e1a\u0e49\u0e32\u0e19\u0e2b\u0e27\u0e49\u0e32", "name:en": "Ban Wa Subdistrict Health Promoting Hospital", "short_name": "\u0e23\u0e1e.\u0e2a\u0e15.\u0e1a\u0e49\u0e32\u0e19\u0e2b\u0e27\u0e49\u0e32", "source": "Bing; sign", "osm_id": 1497209792, "osm_type": "node"}, "geometry": {"type": "Point", "coordinates": [102.7067815, 16.386034]}}, {"type": "Feature", "properties": {"addr:district": "\u0e40\u0e21\u0e37\u0e2d\u0e07\u0e02\u0e2d\u0e19\u0e41\u0e01\u0e48\u0e19", "addr:district:en": "Mueang Khon Kaen", "addr:hamlet": "\u0e2b\u0e21\u0e39\u0e48\u0e17\u0e35\u0e48 8", "addr:province": "\u0e02\u0e2d\u0e19\u0e41\u0e01\u0e48\u0e19", "addr:province:en": "Khon Kaen", "addr:subdistrict": "\u0e1a\u0e49\u0e32\u0e19\u0e2b\u0e27\u0e49\u0e32", "addr:subdistrict:en": "Ban Wa", "amenity": "school", "name": "\u0e42\u0e23\u0e07\u0e40\u0e23\u0e35\u0e22\u0e19\u0e1a\u0e49\u0e32\u0e19\u0e2b\u0e19\u0e2d\u0e07\u0e04\u0e39", "name:en": "Ban Nong Khu School", "source": "Bing; sign", "osm_id": 1497209793, "osm_type": "node"}, "geometry": {"type": "Point", "coordinates": [102.6959598, 16.3894991]}}, {"type": "Feature", "properties": {"addr:country": "TH", "addr:district": "\u0e40\u0e21\u0e37\u0e2d\u0e07\u0e02\u0e2d\u0e19\u0e41\u0e01\u0e48\u0e19", "addr:district:en": "Mueang Khon Kaen", "addr:hamlet": "\u0e2b\u0e21\u0e39\u0e48\u0e17\u0e35\u0e48 11", "addr:housenumber": "239", "addr:postcode": "40000", "addr:province": "\u0e02\u0e2d\u0e19\u0e41\u0e01\u0e48\u0e19", "addr:province:en": "Khon Kaen", "addr:street": "\u0e1a\u0e49\u0e32\u0e19\u0e17\u0e38\u0e48\u0e21-\u0e21\u0e31\u0e0d\u0e08\u0e32\u0e04\u0e35\u0e23\u0e35", "addr:street:en": "Ban Thum - Mancha Khiri", "addr:subdistrict": "\u0e1a\u0e49\u0e32\u0e19\u0e2b\u0e27\u0e49\u0e32", "addr:subdistrict:en": "Ban Wa", "amenity": "school", "contact:email": "info@pimjaiwit.ac.th", "contact:facebook": "https://www.facebook.com/pimjaiwit/", "contact:fax": "+66-43-371737", "contact:phone": "+66-43-371511", "contact:website": "http://www.pimjaiwit.ac.th/", "name": "\u0e42\u0e23\u0e07\u0e40\u0e23\u0e35\u0e22\u0e19\u0e1e\u0e34\u0e21\u0e1e\u0e4c\u0e43\u0e08\u0e27\u0e34\u0e17\u0e22\u0e4c", "name:en": "Phimjaiwittaya School", "name:th": "\u0e42\u0e23\u0e07\u0e40\u0e23\u0e35\u0e22\u0e19\u0e1e\u0e34\u0e21\u0e1e\u0e4c\u0e43\u0e08\u0e27\u0e34\u0e17\u0e22\u0e4c", "source": "Bing; sign", "osm_id": 1497209795, "osm_type": "node"}, "geometry": {"type": "Point", "coordinates": [102.7002311, 16.3793905]}}, {"type": "Feature", "properties": {"addr:district": "\u0e40\u0e21\u0e37\u0e2d\u0e07\u0e02\u0e2d\u0e19\u0e41\u0e01\u0e48\u0e19", "addr:district:en": "Mueang Khon Kaen", "addr:province": "\u0e02\u0e2d\u0e19\u0e41\u0e01\u0e48\u0e19", "addr:province:en": "Khon Kaen", "addr:subdistrict": "\u0e1a\u0e49\u0e32\u0e19\u0e2b\u0e27\u0e49\u0e32", "addr:subdistrict:en": "Ban Wa", "amenity": "school", "name": "\u0e42\u0e23\u0e07\u0e40\u0e23\u0e35\u0e22\u0e19\u0e1e\u0e34\u0e28\u0e32\u0e25\u0e1b\u0e38\u0e13\u0e13\u0e27\u0e34\u0e17\u0e22\u0e32", "name:en": "Phisan Pun Na Witthaya School", "source": "Bing; sign", "osm_id": 1497209796, "osm_type": "node"}, "geometry": {"type": "Point", "coordinates": [102.7093502, 16.3824732]}}, {"type": "Feature", "properties": {"is_in:country": "Thailand", "is_in:country_code": "TH", "is_in:iso_3166_2": "TH-40", "is_in:state": "Khon Kaen", "is_in:state_code": "40", "name": "\u0e1a\u0e49\u0e32\u0e19\u0e14\u0e2d\u0e19\u0e14\u0e39\u0e48", "name:en": "Ban Don Du", "place": "village", "source": "Bing; sign", "osm_id": 1502754230, "osm_type": "node"}, "geometry": {"type": "Point", "coordinates": [102.5788192, 16.4816385]}}, {"type": "Feature", "properties": {"is_in:country": "Thailand", "is_in:country_code": "TH", "is_in:iso_3166_2": "TH-40", "is_in:state": "Khon Kaen", "is_in:state_code": "40", "name": "\u0e1a\u0e49\u0e32\u0e19\u0e42\u0e2a\u0e01\u0e21\u0e48\u0e27\u0e07", "name:en": "Ban Sok Muang", "place": "village", "source": "Bing; sign", "osm_id": 1502754231, "osm_type": "node"}, "geometry": {"type": "Point", "coordinates": [102.5747792, 16.4800257]}}, {"type": "Feature", "properties": {"addr:district": "\u0e1a\u0e49\u0e32\u0e19\u0e1d\u0e32\u0e07", "addr:district:en": "Ban Fang", "addr:hamlet": "\u0e2b\u0e21\u0e39\u0e48\u0e17\u0e35\u0e48 4", "addr:province": "\u0e02\u0e2d\u0e19\u0e41\u0e01\u0e48\u0e19", "addr:province:en": "Khon Kaen", "addr:subdistrict": "\u0e2b\u0e19\u0e2d\u0e07\u0e1a\u0e31\u0e27", "addr:subdistrict:en": "Nong Bua", "alt_name": "\u0e2a\u0e16\u0e32\u0e19\u0e35\u0e2d\u0e19\u0e32\u0e21\u0e31\u0e22\u0e2b\u0e19\u0e2d\u0e07\u0e1a\u0e31\u0e27", "amenity": "clinic", "emergency": "no", "healthcare": "clinic", "name": "\u0e42\u0e23\u0e07\u0e1e\u0e22\u0e32\u0e1a\u0e32\u0e25\u0e2a\u0e48\u0e07\u0e40\u0e2a\u0e23\u0e34\u0e21\u0e2a\u0e38\u0e02\u0e20\u0e32\u0e1e\u0e15\u0e33\u0e1a\u0e25 \u0e2b\u0e19\u0e2d\u0e07\u0e1a\u0e31\u0e27", "name:en": "Nong Bua Subdistrict Health Promoting Hospital", "short_name": "\u0e23\u0e1e.\u0e2a\u0e15.\u0e2b\u0e19\u0e2d\u0e07\u0e1a\u0e31\u0e27", "source": "Bing; sign", "osm_id": 1502754233, "osm_type": "node"}, "geometry": {"type": "Point", "coordinates": [102.5786092, 16.4849557]}}, {"type": "Feature", "properties": {"addr:district": "\u0e1a\u0e49\u0e32\u0e19\u0e1d\u0e32\u0e07", "addr:district:en": "Ban Fang", "addr:hamlet": "\u0e2b\u0e21\u0e39\u0e48\u0e17\u0e35\u0e48 4", "addr:province": "\u0e02\u0e2d\u0e19\u0e41\u0e01\u0e48\u0e19", "addr:province:en": "Khon Kaen", "addr:subdistrict": "\u0e2b\u0e19\u0e2d\u0e07\u0e1a\u0e31\u0e27", "addr:subdistrict:en": "Nong Bua", "amenity": "school", "name": "\u0e42\u0e23\u0e07\u0e40\u0e23\u0e35\u0e22\u0e19\u0e19\u0e27\u0e31\u0e15\u0e01\u0e23\u0e23\u0e21\u0e2a\u0e38\u0e02\u0e20\u0e32\u0e1e\u0e0a\u0e38\u0e21\u0e0a\u0e19", "name:en": "Nawattakam Chumchon Health School", "source": "Bing; sign", "osm_id": 1502754234, "osm_type": "node"}, "geometry": {"type": "Point", "coordinates": [102.5785444, 16.4848026]}}, {"type": "Feature", "properties": {"is_in:country": "Thailand", "is_in:country_code": "TH", "is_in:iso_3166_2": "TH-40", "is_in:state": "Khon Kaen", "is_in:state_code": "40", "name": "\u0e1a\u0e49\u0e32\u0e19\u0e14\u0e2d\u0e19\u0e04\u0e2d\u0e21", "name:en": "Ban Don Khom", "place": "village", "source": "Bing; sign", "osm_id": 1505124937, "osm_type": "node"}, "geometry": {"type": "Point", "coordinates": [102.520383, 16.3862712]}}, {"type": "Feature", "properties": {"is_in:country": "Thailand", "is_in:country_code": "TH", "is_in:iso_3166_2": "TH-40", "is_in:state": "Khon Kaen", "is_in:state_code": "40", "name": "\u0e1a\u0e49\u0e32\u0e19\u0e14\u0e2d\u0e19\u0e2b\u0e31\u0e19", "name:en": "Ban Don Han", "place": "village", "source": "Bing; sign", "osm_id": 1505124952, "osm_type": "node"}, "geometry": {"type": "Point", "coordinates": [102.4901083, 16.435268]}}, {"type": "Feature", "properties": {"is_in:country": "Thailand", "is_in:country_code": "TH", "is_in:iso_3166_2": "TH-40", "is_in:state": "Khon Kaen", "is_in:state_code": "40", "name": "\u0e1a\u0e49\u0e32\u0e19\u0e19\u0e32\u0e2b\u0e27\u0e49\u0e32", "name:en": "Ban Na Wa", "place": "village", "source": "Bing; sign", "osm_id": 1505124966, "osm_type": "node"}, "geometry": {"type": "Point", "coordinates": [102.4541643, 16.471017]}}, {"type": "Feature", "properties": {"is_in:country": "Thailand", "is_in:country_code": "TH", "is_in:iso_3166_2": "TH-40", "is_in:state": "Khon Kaen", "is_in:state_code": "40", "name": "\u0e1a\u0e49\u0e32\u0e19\u0e1b\u0e48\u0e32\u0e40\u0e2a\u0e35\u0e49\u0e22\u0e27", "name:en": "Ban Pa Siao", "place": "village", "source": "Bing; sign", "osm_id": 1505124978, "osm_type": "node"}, "geometry": {"type": "Point", "coordinates": [102.4709328, 16.4682474]}}, {"type": "Feature", "properties": {"is_in:country": "Thailand", "is_in:country_code": "TH", "is_in:iso_3166_2": "TH-40", "is_in:state": "Khon Kaen", "is_in:state_code": "40", "name": "\u0e1a\u0e49\u0e32\u0e19\u0e2b\u0e19\u0e2d\u0e07\u0e01\u0e38\u0e07 \u0e2b\u0e21\u0e39\u0e48 13", "name:en": "Ban Nong Kung Mu 13", "place": "hamlet", "source": "Bing; sign", "osm_id": 1505124993, "osm_type": "node"}, "geometry": {"type": "Point", "coordinates": [102.4402891, 16.4623351]}}, {"type": "Feature", "properties": {"is_in:country": "Thailand", "is_in:country_code": "TH", "is_in:iso_3166_2": "TH-40", "is_in:state": "Khon Kaen", "is_in:state_code": "40", "name": "\u0e1a\u0e49\u0e32\u0e19\u0e2b\u0e19\u0e2d\u0e07\u0e01\u0e38\u0e07 \u0e2b\u0e21\u0e39\u0e48 4", "name:en": "Ban Nong Kung Mu 4", "place": "hamlet", "source": "Bing; sign", "osm_id": 1505125008, "osm_type": "node"}, "geometry": {"type": "Point", "coordinates": [102.4422915, 16.467152]}}, {"type": "Feature", "properties": {"is_in:country": "Thailand", "is_in:country_code": "TH", "is_in:iso_3166_2": "TH-40", "is_in:state": "Khon Kaen", "is_in:state_code": "40", "name": "\u0e1a\u0e49\u0e32\u0e19\u0e2b\u0e19\u0e2d\u0e07\u0e2b\u0e27\u0e49\u0e32", "name:en": "Ban Nong Wa", "place": "village", "source": "Bing; sign", "osm_id": 1505125020, "osm_type": "node"}, "geometry": {"type": "Point", "coordinates": [102.5332397, 16.4037777]}}, {"type": "Feature", "properties": {"is_in:country": "Thailand", "is_in:country_code": "TH", "is_in:iso_3166_2": "TH-40", "is_in:state": "Khon Kaen", "is_in:state_code": "40", "name": "\u0e1a\u0e49\u0e32\u0e19\u0e2b\u0e19\u0e2d\u0e07\u0e2b\u0e2d\u0e22 \u0e2b\u0e21\u0e39\u0e48 9", "name:en": "Ban Nong Hoi Mu 9", "place": "hamlet", "source": "Bing; sign", "osm_id": 1505125032, "osm_type": "node"}, "geometry": {"type": "Point", "coordinates": [102.5276284, 16.4426494]}}, {"type": "Feature", "properties": {"is_in:country": "Thailand", "is_in:country_code": "TH", "is_in:iso_3166_2": "TH-40", "is_in:state": "Khon Kaen", "is_in:state_code": "40", "name": "\u0e1a\u0e49\u0e32\u0e19\u0e2b\u0e19\u0e2d\u0e07\u0e2b\u0e2d\u0e22 \u0e2b\u0e21\u0e39\u0e48 6", "name:en": "Ban Nong Hoi Mu 6", "place": "hamlet", "source": "Bing; sign", "osm_id": 1505125036, "osm_type": "node"}, "geometry": {"type": "Point", "coordinates": [102.5279359, 16.4457134]}}, {"type": "Feature", "properties": {"is_in:country": "Thailand", "is_in:country_code": "TH", "is_in:iso_3166_2": "TH-40", "is_in:state": "Khon Kaen", "is_in:state_code": "40", "name": "\u0e1a\u0e49\u0e32\u0e19\u0e2b\u0e19\u0e2d\u0e07\u0e41\u0e1b\u0e19", "name:en": "Ban Nong Paen", "place": "village", "source": "Bing; sign", "osm_id": 1505125039, "osm_type": "node"}, "geometry": {"type": "Point", "coordinates": [102.5249632, 16.4639748]}}, {"type": "Feature", "properties": {"is_in:country": "Thailand", "is_in:country_code": "TH", "is_in:iso_3166_2": "TH-40", "is_in:state": "Khon Kaen", "is_in:state_code": "40", "name": "\u0e1a\u0e49\u0e32\u0e19\u0e2b\u0e19\u0e2d\u0e07\u0e41\u0e27\u0e07 \u0e2b\u0e21\u0e39\u0e48 11", "name:en": "Ban Nong Waeng Mu 11", "place": "hamlet", "source": "Bing; sign", "osm_id": 1505125043, "osm_type": "node"}, "geometry": {"type": "Point", "coordinates": [102.5081304, 16.4184212]}}, {"type": "Feature", "properties": {"is_in:country": "Thailand", "is_in:country_code": "TH", "is_in:iso_3166_2": "TH-40", "is_in:state": "Khon Kaen", "is_in:state_code": "40", "name": "\u0e1a\u0e49\u0e32\u0e19\u0e2b\u0e19\u0e2d\u0e07\u0e41\u0e27\u0e07 \u0e2b\u0e21\u0e39\u0e48 10", "name:en": "Ban Nong Waeng Mu 10", "place": "hamlet", "source": "Bing; sign", "osm_id": 1505125052, "osm_type": "node"}, "geometry": {"type": "Point", "coordinates": [102.5107537, 16.4202893]}}, {"type": "Feature", "properties": {"is_in:country": "Thailand", "is_in:country_code": "TH", "is_in:iso_3166_2": "TH-40", "is_in:state": "Khon Kaen", "is_in:state_code": "40", "name": "\u0e1a\u0e49\u0e32\u0e19\u0e2b\u0e19\u0e2d\u0e07\u0e41\u0e27\u0e07 \u0e2b\u0e21\u0e39\u0e48 7", "name:en": "Ban Nong Waeng Mu 7", "place": "hamlet", "source": "Bing; sign", "osm_id": 1505125053, "osm_type": "node"}, "geometry": {"type": "Point", "coordinates": [102.5102197, 16.4225564]}}, {"type": "Feature", "properties": {"is_in:country": "Thailand", "is_in:country_code": "TH", "is_in:iso_3166_2": "TH-40", "is_in:state": "Khon Kaen", "is_in:state_code": "40", "name": "\u0e1a\u0e49\u0e32\u0e19\u0e2b\u0e19\u0e2d\u0e07\u0e41\u0e2a\u0e07", "name:en": "Ban Nong Saeng", "place": "village", "source": "Bing; sign", "osm_id": 1505125060, "osm_type": "node"}, "geometry": {"type": "Point", "coordinates": [102.4144873, 16.4512887]}}, {"type": "Feature", "properties": {"is_in:country": "Thailand", "is_in:country_code": "TH", "is_in:iso_3166_2": "TH-40", "is_in:state": "Khon Kaen", "is_in:state_code": "40", "name": "\u0e1a\u0e49\u0e32\u0e19\u0e2b\u0e19\u0e2d\u0e07\u0e42\u0e19", "name:en": "Ban Nong No", "place": "village", "source": "Bing; sign", "osm_id": 1505125062, "osm_type": "node"}, "geometry": {"type": "Point", "coordinates": [102.4458445, 16.4426067]}}, {"type": "Feature", "properties": {"is_in:country": "Thailand", "is_in:country_code": "TH", "is_in:iso_3166_2": "TH-40", "is_in:state": "Khon Kaen", "is_in:state_code": "40", "name": "\u0e1a\u0e49\u0e32\u0e19\u0e2b\u0e31\u0e27\u0e19\u0e32", "name:en": "Ban Hua Na", "place": "village", "source": "Bing; sign", "osm_id": 1505125063, "osm_type": "node"}, "geometry": {"type": "Point", "coordinates": [102.5286054, 16.4746496]}}, {"type": "Feature", "properties": {"is_in:country": "Thailand", "is_in:country_code": "TH", "is_in:iso_3166_2": "TH-40", "is_in:state": "Khon Kaen", "is_in:state_code": "40", "name": "\u0e1a\u0e49\u0e32\u0e19\u0e40\u0e21\u0e47\u0e07 \u0e2b\u0e21\u0e39\u0e48 18", "name:en": "Ban Meng Mu 18", "place": "hamlet", "source": "Bing; sign", "osm_id": 1505125064, "osm_type": "node"}, "geometry": {"type": "Point", "coordinates": [102.4438187, 16.4480872]}}, {"type": "Feature", "properties": {"capital_level": "8", "is_in:country": "Thailand", "is_in:country_code": "TH", "is_in:iso_3166_2": "TH-40", "is_in:state": "Khon Kaen", "is_in:state_code": "40", "name": "\u0e1a\u0e49\u0e32\u0e19\u0e40\u0e21\u0e47\u0e07 \u0e2b\u0e21\u0e39\u0e48 1", "name:en": "Ban Meng Mu 1", "place": "hamlet", "source": "Bing; sign", "osm_id": 1505125065, "osm_type": "node"}, "geometry": {"type": "Point", "coordinates": [102.4421095, 16.4490276]}}, {"type": "Feature", "properties": {"is_in:country": "Thailand", "is_in:country_code": "TH", "is_in:iso_3166_2": "TH-40", "is_in:state": "Khon Kaen", "is_in:state_code": "40", "name": "\u0e1a\u0e49\u0e32\u0e19\u0e40\u0e21\u0e47\u0e07 \u0e2b\u0e21\u0e39\u0e48 14", "name:en": "Ban Meng Mu 14", "place": "hamlet", "source": "Bing; sign", "osm_id": 1505125067, "osm_type": "node"}, "geometry": {"type": "Point", "coordinates": [102.4441959, 16.4491977]}}, {"type": "Feature", "properties": {"is_in:country": "Thailand", "is_in:country_code": "TH", "is_in:iso_3166_2": "TH-40", "is_in:state": "Khon Kaen", "is_in:state_code": "40", "name": "\u0e1a\u0e49\u0e32\u0e19\u0e40\u0e21\u0e47\u0e07 \u0e2b\u0e21\u0e39\u0e48 3", "name:en": "Ban Meng Mu 3", "place": "hamlet", "source": "Bing; sign", "osm_id": 1505125068, "osm_type": "node"}, "geometry": {"type": "Point", "coordinates": [102.4466081, 16.4500726]}}, {"type": "Feature", "properties": {"is_in:country": "Thailand", "is_in:country_code": "TH", "is_in:iso_3166_2": "TH-40", "is_in:state": "Khon Kaen", "is_in:state_code": "40", "name": "\u0e1a\u0e49\u0e32\u0e19\u0e40\u0e21\u0e47\u0e07 \u0e2b\u0e21\u0e39\u0e48 2", "name:en": "Ban Meng Mu 2", "place": "hamlet", "source": "Bing; sign", "osm_id": 1505125071, "osm_type": "node"}, "geometry": {"type": "Point", "coordinates": [102.4402938, 16.4501465]}}, {"type": "Feature", "properties": {"is_in:country": "Thailand", "is_in:country_code": "TH", "is_in:iso_3166_2": "TH-40", "is_in:state": "Khon Kaen", "is_in:state_code": "40", "name": "\u0e1a\u0e49\u0e32\u0e19\u0e40\u0e21\u0e47\u0e07\u0e17\u0e2d\u0e07", "name:en": "Ban Meng Thong", "place": "hamlet", "source": "Bing; sign", "osm_id": 1505125073, "osm_type": "node"}, "geometry": {"type": "Point", "coordinates": [102.4415163, 16.4521094]}}, {"type": "Feature", "properties": {"is_in:country": "Thailand", "is_in:country_code": "TH", "is_in:iso_3166_2": "TH-40", "is_in:state": "Khon Kaen", "is_in:state_code": "40", "name": "\u0e1a\u0e49\u0e32\u0e19\u0e40\u0e2b\u0e21\u0e37\u0e2d\u0e14\u0e41\u0e2d\u0e48 \u0e2b\u0e21\u0e39\u0e48 16", "name:en": "Ban Mueat Ae Mu 16", "place": "hamlet", "source": "Bing; sign", "osm_id": 1505125077, "osm_type": "node"}, "geometry": {"type": "Point", "coordinates": [102.4889296, 16.4462387]}}, {"type": "Feature", "properties": {"is_in:country": "Thailand", "is_in:country_code": "TH", "is_in:iso_3166_2": "TH-40", "is_in:state": "Khon Kaen", "is_in:state_code": "40", "name": "\u0e1a\u0e49\u0e32\u0e19\u0e40\u0e2b\u0e21\u0e37\u0e2d\u0e14\u0e41\u0e2d\u0e48 \u0e2b\u0e21\u0e39\u0e48 7", "name:en": "Ban Mueat Ae Mu 7", "place": "hamlet", "source": "Bing; sign", "osm_id": 1505125079, "osm_type": "node"}, "geometry": {"type": "Point", "coordinates": [102.4877887, 16.4477473]}}, {"type": "Feature", "properties": {"addr:district": "\u0e2b\u0e19\u0e2d\u0e07\u0e40\u0e23\u0e37\u0e2d", "addr:district:en": "Nong Ruea", "addr:hamlet": "\u0e2b\u0e21\u0e39\u0e48\u0e17\u0e35\u0e48 7", "addr:province": "\u0e02\u0e2d\u0e19\u0e41\u0e01\u0e48\u0e19", "addr:province:en": "Khon Kaen", "addr:subdistrict": "\u0e1a\u0e49\u0e32\u0e19\u0e40\u0e21\u0e47\u0e07", "addr:subdistrict:en": "Ban Meng", "amenity": "school", "name": "\u0e28\u0e39\u0e19\u0e22\u0e4c\u0e1e\u0e31\u0e12\u0e19\u0e32\u0e40\u0e14\u0e47\u0e01\u0e40\u0e25\u0e47\u0e01 \u0e1a\u0e49\u0e32\u0e19\u0e40\u0e2b\u0e21\u0e37\u0e2d\u0e14\u0e41\u0e2d\u0e48\u0e20\u0e39\u0e40\u0e21\u0e47\u0e07", "name:en": "Ban Mueat Ae Child Development Center", "source": "Bing; sign", "osm_id": 1505125145, "osm_type": "node"}, "geometry": {"type": "Point", "coordinates": [102.4870153, 16.4479503]}}, {"type": "Feature", "properties": {"addr:district": "\u0e2b\u0e19\u0e2d\u0e07\u0e40\u0e23\u0e37\u0e2d", "addr:district:en": "Nong Ruea", "addr:hamlet": "\u0e2b\u0e21\u0e39\u0e48\u0e17\u0e35\u0e48 17", "addr:province": "\u0e02\u0e2d\u0e19\u0e41\u0e01\u0e48\u0e19", "addr:province:en": "Khon Kaen", "addr:subdistrict": "\u0e1a\u0e49\u0e32\u0e19\u0e40\u0e21\u0e47\u0e07", "addr:subdistrict:en": "Ban Meng", "alt_name": "\u0e2a\u0e16\u0e32\u0e19\u0e35\u0e2d\u0e19\u0e32\u0e21\u0e31\u0e22\u0e1a\u0e49\u0e32\u0e19\u0e40\u0e21\u0e47\u0e07", "amenity": "clinic", "emergency": "no", "healthcare": "clinic", "name": "\u0e42\u0e23\u0e07\u0e1e\u0e22\u0e32\u0e1a\u0e32\u0e25\u0e2a\u0e48\u0e07\u0e40\u0e2a\u0e23\u0e34\u0e21\u0e2a\u0e38\u0e02\u0e20\u0e32\u0e1e\u0e15\u0e33\u0e1a\u0e25 \u0e1a\u0e49\u0e32\u0e19\u0e40\u0e21\u0e47\u0e07", "name:en": "Ban Meng Subdistrict Health Promoting Hospital", "short_name": "\u0e23\u0e1e.\u0e2a\u0e15.\u0e1a\u0e49\u0e32\u0e19\u0e40\u0e21\u0e47\u0e07", "source": "Bing; sign", "osm_id": 1505125147, "osm_type": "node"}, "geometry": {"type": "Point", "coordinates": [102.441438, 16.4538319]}}, {"type": "Feature", "properties": {"addr:district": "\u0e2b\u0e19\u0e2d\u0e07\u0e40\u0e23\u0e37\u0e2d", "addr:district:en": "Nong Ruea", "addr:hamlet": "\u0e2b\u0e21\u0e39\u0e48\u0e17\u0e35\u0e48 16", "addr:province": "\u0e02\u0e2d\u0e19\u0e41\u0e01\u0e48\u0e19", "addr:province:en": "Khon Kaen", "addr:subdistrict": "\u0e1a\u0e49\u0e32\u0e19\u0e40\u0e21\u0e47\u0e07", "addr:subdistrict:en": "Ban Meng", "alt_name": "\u0e2a\u0e16\u0e32\u0e19\u0e35\u0e2d\u0e19\u0e32\u0e21\u0e31\u0e22\u0e1a\u0e49\u0e32\u0e19\u0e40\u0e2b\u0e21\u0e37\u0e2d\u0e14\u0e41\u0e2d\u0e48", "amenity": "clinic", "emergency": "no", "healthcare": "clinic", "name": "\u0e42\u0e23\u0e07\u0e1e\u0e22\u0e32\u0e1a\u0e32\u0e25\u0e2a\u0e48\u0e07\u0e40\u0e2a\u0e23\u0e34\u0e21\u0e2a\u0e38\u0e02\u0e20\u0e32\u0e1e\u0e15\u0e33\u0e1a\u0e25 \u0e1a\u0e49\u0e32\u0e19\u0e40\u0e2b\u0e21\u0e37\u0e2d\u0e14\u0e41\u0e2d\u0e48", "name:en": "Ban Mueat Ae Subdistrict Health Promoting Hospital", "short_name": "\u0e23\u0e1e.\u0e2a\u0e15.\u0e1a\u0e49\u0e32\u0e19\u0e40\u0e2b\u0e21\u0e37\u0e2d\u0e14\u0e41\u0e2d\u0e48", "source": "Bing; sign", "osm_id": 1505125163, "osm_type": "node"}, "geometry": {"type": "Point", "coordinates": [102.4888059, 16.4426955]}}, {"type": "Feature", "properties": {"addr:district": "\u0e2b\u0e19\u0e2d\u0e07\u0e40\u0e23\u0e37\u0e2d", "addr:district:en": "Nong Ruea", "addr:hamlet": "\u0e2b\u0e21\u0e39\u0e48\u0e17\u0e35\u0e48 13", "addr:province": "\u0e02\u0e2d\u0e19\u0e41\u0e01\u0e48\u0e19", "addr:province:en": "Khon Kaen", "addr:subdistrict": "\u0e22\u0e32\u0e07\u0e04\u0e33", "addr:subdistrict:en": "Yang Kham", "alt_name": "\u0e2a\u0e16\u0e32\u0e19\u0e35\u0e2d\u0e19\u0e32\u0e21\u0e31\u0e22\u0e22\u0e32\u0e07\u0e04\u0e33", "amenity": "clinic", "emergency": "no", "healthcare": "clinic", "name": "\u0e42\u0e23\u0e07\u0e1e\u0e22\u0e32\u0e1a\u0e32\u0e25\u0e2a\u0e48\u0e07\u0e40\u0e2a\u0e23\u0e34\u0e21\u0e2a\u0e38\u0e02\u0e20\u0e32\u0e1e\u0e15\u0e33\u0e1a\u0e25 \u0e22\u0e32\u0e07\u0e04\u0e33", "name:en": "Yang Kham Subdistrict Health Promoting Hospital", "short_name": "\u0e23\u0e1e.\u0e2a\u0e15.\u0e22\u0e32\u0e07\u0e04\u0e33", "source": "Bing; sign", "osm_id": 1505125166, "osm_type": "node"}, "geometry": {"type": "Point", "coordinates": [102.535036, 16.4128956]}}, {"type": "Feature", "properties": {"addr:district": "\u0e2b\u0e19\u0e2d\u0e07\u0e40\u0e23\u0e37\u0e2d", "addr:district:en": "Nong Ruea", "addr:province": "\u0e02\u0e2d\u0e19\u0e41\u0e01\u0e48\u0e19", "addr:province:en": "Khon Kaen", "addr:subdistrict": "\u0e2b\u0e19\u0e2d\u0e07\u0e40\u0e23\u0e37\u0e2d", "addr:subdistrict:en": "Nong Ruea", "amenity": "hospital", "name": "\u0e42\u0e23\u0e07\u0e1e\u0e22\u0e32\u0e1a\u0e32\u0e25 \u0e2d\u0e33\u0e40\u0e20\u0e2d\u0e2b\u0e19\u0e2d\u0e07\u0e40\u0e23\u0e37\u0e2d", "name:en": "Nong Ruea District Hospital", "source": "Bing; sign", "osm_id": 1505125168, "osm_type": "node"}, "geometry": {"type": "Point", "coordinates": [102.4434179, 16.4909649]}}, {"type": "Feature", "properties": {"addr:district": "\u0e2b\u0e19\u0e2d\u0e07\u0e40\u0e23\u0e37\u0e2d", "addr:district:en": "Nong Ruea", "addr:hamlet": "\u0e2b\u0e21\u0e39\u0e48\u0e17\u0e35\u0e48 5", "addr:province": "\u0e02\u0e2d\u0e19\u0e41\u0e01\u0e48\u0e19", "addr:province:en": "Khon Kaen", "addr:subdistrict": "\u0e1a\u0e49\u0e32\u0e19\u0e40\u0e21\u0e47\u0e07", "addr:subdistrict:en": "Ban Meng", "amenity": "school", "name": "\u0e42\u0e23\u0e07\u0e40\u0e23\u0e35\u0e22\u0e19\u0e01\u0e32\u0e23\u0e01\u0e38\u0e28\u0e25\u0e27\u0e31\u0e14\u0e23\u0e48\u0e21\u0e1b\u0e23\u0e30\u0e14\u0e39\u0e48", "name:en": "Wat Rom Pradu Charity School", "source": "Bing; sign", "osm_id": 1505125169, "osm_type": "node"}, "geometry": {"type": "Point", "coordinates": [102.4563826, 16.4716893]}}, {"type": "Feature", "properties": {"addr:district": "\u0e2b\u0e19\u0e2d\u0e07\u0e40\u0e23\u0e37\u0e2d", "addr:district:en": "Nong Ruea", "addr:province": "\u0e02\u0e2d\u0e19\u0e41\u0e01\u0e48\u0e19", "addr:province:en": "Khon Kaen", "addr:subdistrict": "\u0e08\u0e23\u0e30\u0e40\u0e02\u0e49", "addr:subdistrict:en": "Chorakhe", "amenity": "school", "name": "\u0e42\u0e23\u0e07\u0e40\u0e23\u0e35\u0e22\u0e19\u0e08\u0e23\u0e30\u0e40\u0e02\u0e49\u0e27\u0e34\u0e17\u0e22\u0e32\u0e22\u0e19", "name:en": "Chorakhe Witthayayon School", "source": "Bing; sign", "osm_id": 1505125171, "osm_type": "node"}, "geometry": {"type": "Point", "coordinates": [102.5644152, 16.4834658]}}, {"type": "Feature", "properties": {"addr:district": "\u0e2b\u0e19\u0e2d\u0e07\u0e40\u0e23\u0e37\u0e2d", "addr:district:en": "Nong Ruea", "addr:province": "\u0e02\u0e2d\u0e19\u0e41\u0e01\u0e48\u0e19", "addr:province:en": "Khon Kaen", "addr:subdistrict": "\u0e08\u0e23\u0e30\u0e40\u0e02\u0e49", "addr:subdistrict:en": "Chorakhe", "amenity": "school", "name": "\u0e42\u0e23\u0e07\u0e40\u0e23\u0e35\u0e22\u0e19\u0e0a\u0e38\u0e21\u0e0a\u0e19\u0e1a\u0e49\u0e32\u0e19\u0e42\u0e1e\u0e19\u0e2a\u0e27\u0e48\u0e32\u0e07\u0e14\u0e2d\u0e19\u0e42\u0e21\u0e07", "name:en": "Chumchon Ban Phon Sawang Don Mong School", "source": "Bing; sign", "osm_id": 1505125173, "osm_type": "node"}, "geometry": {"type": "Point", "coordinates": [102.5425417, 16.4839955]}}, {"type": "Feature", "properties": {"addr:district": "\u0e2b\u0e19\u0e2d\u0e07\u0e40\u0e23\u0e37\u0e2d", "addr:district:en": "Nong Ruea", "addr:hamlet": "\u0e2b\u0e21\u0e39\u0e48\u0e17\u0e35\u0e48 8", "addr:province": "\u0e02\u0e2d\u0e19\u0e41\u0e01\u0e48\u0e19", "addr:province:en": "Khon Kaen", "addr:subdistrict": "\u0e22\u0e32\u0e07\u0e04\u0e33", "addr:subdistrict:en": "Yang Kham", "amenity": "school", "name": "\u0e42\u0e23\u0e07\u0e40\u0e23\u0e35\u0e22\u0e19\u0e1a\u0e49\u0e32\u0e19\u0e14\u0e2d\u0e19\u0e2b\u0e31\u0e19\u0e2a\u0e23\u0e30\u0e1a\u0e31\u0e32", "name:en": "Ban Don Han Sa Bua School", "source": "Bing; sign", "osm_id": 1505125180, "osm_type": "node"}, "geometry": {"type": "Point", "coordinates": [102.4920924, 16.435059]}}, {"type": "Feature", "properties": {"addr:district": "\u0e2b\u0e19\u0e2d\u0e07\u0e40\u0e23\u0e37\u0e2d", "addr:district:en": "Nong Ruea", "addr:hamlet": "\u0e2b\u0e21\u0e39\u0e48\u0e17\u0e35\u0e48 5", "addr:province": "\u0e02\u0e2d\u0e19\u0e41\u0e01\u0e48\u0e19", "addr:province:en": "Khon Kaen", "addr:subdistrict": "\u0e22\u0e32\u0e07\u0e04\u0e33", "addr:subdistrict:en": "Yang Kham", "amenity": "school", "name": "\u0e42\u0e23\u0e07\u0e40\u0e23\u0e35\u0e22\u0e19\u0e1a\u0e49\u0e32\u0e19\u0e19\u0e32\u0e07\u0e34\u0e49\u0e27", "name:en": "Ban Na Ngio School", "source": "Bing; sign", "osm_id": 1505125195, "osm_type": "node"}, "geometry": {"type": "Point", "coordinates": [102.5214659, 16.4024867]}}, {"type": "Feature", "properties": {"addr:district": "\u0e2b\u0e19\u0e2d\u0e07\u0e40\u0e23\u0e37\u0e2d", "addr:district:en": "Nong Ruea", "addr:hamlet": "\u0e2b\u0e21\u0e39\u0e48\u0e17\u0e35\u0e48 6", "addr:province": "\u0e02\u0e2d\u0e19\u0e41\u0e01\u0e48\u0e19", "addr:province:en": "Khon Kaen", "addr:subdistrict": "\u0e1a\u0e49\u0e32\u0e19\u0e40\u0e21\u0e47\u0e07", "addr:subdistrict:en": "Ban Meng", "amenity": "school", "name": "\u0e42\u0e23\u0e07\u0e40\u0e23\u0e35\u0e22\u0e19\u0e1a\u0e49\u0e32\u0e19\u0e1b\u0e48\u0e32\u0e40\u0e2a\u0e35\u0e49\u0e22\u0e27", "name:en": "Ban Pa Siao School", "source": "Bing; sign", "osm_id": 1505125210, "osm_type": "node"}, "geometry": {"type": "Point", "coordinates": [102.4721054, 16.4668033]}}, {"type": "Feature", "properties": {"addr:district": "\u0e2b\u0e19\u0e2d\u0e07\u0e40\u0e23\u0e37\u0e2d", "addr:district:en": "Nong Ruea", "addr:hamlet": "\u0e2b\u0e21\u0e39\u0e48\u0e17\u0e35\u0e48 4", "addr:province": "\u0e02\u0e2d\u0e19\u0e41\u0e01\u0e48\u0e19", "addr:province:en": "Khon Kaen", "addr:subdistrict": "\u0e1a\u0e49\u0e32\u0e19\u0e40\u0e21\u0e47\u0e07", "addr:subdistrict:en": "Ban Meng", "amenity": "school", "name": "\u0e42\u0e23\u0e07\u0e40\u0e23\u0e35\u0e22\u0e19\u0e1a\u0e49\u0e32\u0e19\u0e2b\u0e19\u0e2d\u0e07\u0e01\u0e38\u0e07\u0e21\u0e19\u0e28\u0e36\u0e01\u0e29\u0e32", "name:en": "Ban Nong Kung Mon Sueksa School", "source": "Bing; sign", "osm_id": 1505125218, "osm_type": "node"}, "geometry": {"type": "Point", "coordinates": [102.440989, 16.4682376]}}, {"type": "Feature", "properties": {"addr:district": "\u0e2b\u0e19\u0e2d\u0e07\u0e40\u0e23\u0e37\u0e2d", "addr:district:en": "Nong Ruea", "addr:hamlet": "\u0e2b\u0e21\u0e39\u0e48\u0e17\u0e35\u0e48 10", "addr:province": "\u0e02\u0e2d\u0e19\u0e41\u0e01\u0e48\u0e19", "addr:province:en": "Khon Kaen", "addr:subdistrict": "\u0e22\u0e32\u0e07\u0e04\u0e33", "addr:subdistrict:en": "Yang Kham", "amenity": "school", "name": "\u0e42\u0e23\u0e07\u0e40\u0e23\u0e35\u0e22\u0e19\u0e1a\u0e49\u0e32\u0e19\u0e2b\u0e19\u0e2d\u0e07\u0e41\u0e27\u0e07\u0e20\u0e39\u0e40\u0e02\u0e32", "name:en": "Ban Nong Waeng Phukhao School", "source": "Bing; sign", "osm_id": 1505125220, "osm_type": "node"}, "geometry": {"type": "Point", "coordinates": [102.5119665, 16.4183485]}}, {"type": "Feature", "properties": {"addr:district": "\u0e2b\u0e19\u0e2d\u0e07\u0e40\u0e23\u0e37\u0e2d", "addr:district:en": "Nong Ruea", "addr:hamlet": "\u0e2b\u0e21\u0e39\u0e48\u0e17\u0e35\u0e48 11", "addr:province": "\u0e02\u0e2d\u0e19\u0e41\u0e01\u0e48\u0e19", "addr:province:en": "Khon Kaen", "addr:subdistrict": "\u0e1a\u0e49\u0e32\u0e19\u0e40\u0e21\u0e47\u0e07", "addr:subdistrict:en": "Ban Meng", "amenity": "school", "name": "\u0e42\u0e23\u0e07\u0e40\u0e23\u0e35\u0e22\u0e19\u0e1a\u0e49\u0e32\u0e19\u0e2b\u0e19\u0e2d\u0e07\u0e41\u0e2a\u0e07\u0e2a\u0e32\u0e21\u0e31\u0e04\u0e04\u0e35", "name:en": "Ban Nong Saeng Samakkhi School", "source": "Bing; sign", "osm_id": 1505125224, "osm_type": "node"}, "geometry": {"type": "Point", "coordinates": [102.4136841, 16.4496114]}}, {"type": "Feature", "properties": {"addr:district": "\u0e2b\u0e19\u0e2d\u0e07\u0e40\u0e23\u0e37\u0e2d", "addr:district:en": "Nong Ruea", "addr:hamlet": "\u0e2b\u0e21\u0e39\u0e48\u0e17\u0e35\u0e48 8", "addr:province": "\u0e02\u0e2d\u0e19\u0e41\u0e01\u0e48\u0e19", "addr:province:en": "Khon Kaen", "addr:subdistrict": "\u0e1a\u0e49\u0e32\u0e19\u0e40\u0e21\u0e47\u0e07", "addr:subdistrict:en": "Ban Meng", "amenity": "school", "name": "\u0e42\u0e23\u0e07\u0e40\u0e23\u0e35\u0e22\u0e19\u0e1a\u0e49\u0e32\u0e19\u0e2b\u0e19\u0e2d\u0e07\u0e42\u0e19\u0e1b\u0e23\u0e30\u0e0a\u0e32\u0e2a\u0e23\u0e23\u0e04\u0e4c", "name:en": "Ban Nong No Prach San School", "source": "Bing; sign", "osm_id": 1505125231, "osm_type": "node"}, "geometry": {"type": "Point", "coordinates": [102.4417427, 16.442019]}}, {"type": "Feature", "properties": {"addr:district": "\u0e2b\u0e19\u0e2d\u0e07\u0e40\u0e23\u0e37\u0e2d", "addr:district:en": "Nong Ruea", "addr:hamlet": "\u0e2b\u0e21\u0e39\u0e48\u0e17\u0e35\u0e48 1", "addr:province": "\u0e02\u0e2d\u0e19\u0e41\u0e01\u0e48\u0e19", "addr:province:en": "Khon Kaen", "addr:subdistrict": "\u0e08\u0e23\u0e30\u0e40\u0e02\u0e49", "addr:subdistrict:en": "Chorakhe", "amenity": "school", "name": "\u0e42\u0e23\u0e07\u0e40\u0e23\u0e35\u0e22\u0e19\u0e1a\u0e49\u0e32\u0e19\u0e2b\u0e31\u0e27\u0e19\u0e32\u0e08\u0e23\u0e30\u0e40\u0e02\u0e49 \u0e2b\u0e19\u0e2d\u0e07\u0e41\u0e1b\u0e19", "name:en": "Ban Hua Na Chorakhe Nong Paen School", "source": "Bing; sign", "osm_id": 1505125242, "osm_type": "node"}, "geometry": {"type": "Point", "coordinates": [102.5344959, 16.4718912]}}, {"type": "Feature", "properties": {"addr:district": "\u0e2b\u0e19\u0e2d\u0e07\u0e40\u0e23\u0e37\u0e2d", "addr:district:en": "Nong Ruea", "addr:hamlet": "\u0e2b\u0e21\u0e39\u0e48\u0e17\u0e35\u0e48 7", "addr:province": "\u0e02\u0e2d\u0e19\u0e41\u0e01\u0e48\u0e19", "addr:province:en": "Khon Kaen", "addr:subdistrict": "\u0e1a\u0e49\u0e32\u0e19\u0e40\u0e21\u0e47\u0e07", "addr:subdistrict:en": "Ban Meng", "amenity": "school", "name": "\u0e42\u0e23\u0e07\u0e40\u0e23\u0e35\u0e22\u0e19\u0e1a\u0e49\u0e32\u0e19\u0e40\u0e2b\u0e21\u0e37\u0e2d\u0e14\u0e41\u0e2d\u0e48\u0e20\u0e39\u0e40\u0e21\u0e47\u0e07", "name:en": "Ban Mueat Ae Phu Meng School", "source": "Bing; sign", "osm_id": 1505125250, "osm_type": "node"}, "geometry": {"type": "Point", "coordinates": [102.4878658, 16.448947]}}, {"type": "Feature", "properties": {"addr:district": "\u0e2b\u0e19\u0e2d\u0e07\u0e40\u0e23\u0e37\u0e2d", "addr:district:en": "Nong Ruea", "addr:province": "\u0e02\u0e2d\u0e19\u0e41\u0e01\u0e48\u0e19", "addr:province:en": "Khon Kaen", "addr:subdistrict": "\u0e08\u0e23\u0e30\u0e40\u0e02\u0e49", "addr:subdistrict:en": "Chorakhe", "amenity": "school", "name": "\u0e42\u0e23\u0e07\u0e40\u0e23\u0e35\u0e22\u0e19\u0e2b\u0e19\u0e2d\u0e07\u0e2b\u0e2d\u0e22\u0e40\u0e17\u0e1e\u0e40\u0e17\u0e27\u0e31\u0e0d", "name:en": "Nong Hoi Thep Thewan School", "source": "Bing; sign", "osm_id": 1505125256, "osm_type": "node"}, "geometry": {"type": "Point", "coordinates": [102.5307025, 16.4437857]}}, {"type": "Feature", "properties": {"is_in:country": "Thailand", "is_in:country_code": "TH", "is_in:iso_3166_2": "TH-40", "is_in:state": "Khon Kaen", "is_in:state_code": "40", "name": "\u0e19\u0e1a\u0e49\u0e32\u0e19\u0e2b\u0e19\u0e2d\u0e07\u0e01\u0e38\u0e07", "name:en": "Ban Nong Kung", "place": "village", "source": "Bing; sign", "osm_id": 1507294967, "osm_type": "node"}, "geometry": {"type": "Point", "coordinates": [102.4913173, 16.5154928]}}, {"type": "Feature", "properties": {"is_in:country": "Thailand", "is_in:country_code": "TH", "is_in:iso_3166_2": "TH-40", "is_in:state": "Khon Kaen", "is_in:state_code": "40", "name": "\u0e1a\u0e49\u0e32\u0e19\u0e1f\u0e49\u0e32\u0e40\u0e2b\u0e25\u0e37\u0e48\u0e2d\u0e21 \u0e2b\u0e21\u0e39\u0e48 5", "name:en": "Ban Fa Lueam Mu 5", "place": "hamlet", "source": "Bing; sign", "osm_id": 1507294977, "osm_type": "node"}, "geometry": {"type": "Point", "coordinates": [102.4711341, 16.5199274]}}, {"type": "Feature", "properties": {"is_in:country": "Thailand", "is_in:country_code": "TH", "is_in:iso_3166_2": "TH-40", "is_in:state": "Khon Kaen", "is_in:state_code": "40", "name": "\u0e1a\u0e49\u0e32\u0e19\u0e1f\u0e49\u0e32\u0e40\u0e2b\u0e25\u0e37\u0e48\u0e2d\u0e21 \u0e2b\u0e21\u0e39\u0e48 6", "name:en": "Ban Fa Lueam Mu 6", "place": "hamlet", "source": "Bing; sign", "osm_id": 1507294982, "osm_type": "node"}, "geometry": {"type": "Point", "coordinates": [102.4785977, 16.5250619]}}, {"type": "Feature", "properties": {"is_in:country": "Thailand", "is_in:country_code": "TH", "is_in:iso_3166_2": "TH-40", "is_in:state": "Khon Kaen", "is_in:state_code": "40", "name": "\u0e1a\u0e49\u0e32\u0e19\u0e2b\u0e19\u0e2d\u0e07\u0e17\u0e38\u0e48\u0e21", "name:en": "Ban Nong Thum", "place": "village", "source": "Bing; sign", "osm_id": 1507294988, "osm_type": "node"}, "geometry": {"type": "Point", "coordinates": [102.5175808, 16.529597]}}, {"type": "Feature", "properties": {"is_in:country": "Thailand", "is_in:country_code": "TH", "is_in:iso_3166_2": "TH-40", "is_in:state": "Khon Kaen", "is_in:state_code": "40", "name": "\u0e1a\u0e49\u0e32\u0e19\u0e2b\u0e19\u0e2d\u0e07\u0e40\u0e21\u0e47\u0e01", "name:en": "Ban Nong Mek", "place": "village", "source": "Bing; sign", "osm_id": 1507294991, "osm_type": "node"}, "geometry": {"type": "Point", "coordinates": [102.5189938, 16.5228227]}}, {"type": "Feature", "properties": {"is_in:country": "Thailand", "is_in:country_code": "TH", "is_in:iso_3166_2": "TH-40", "is_in:state": "Khon Kaen", "is_in:state_code": "40", "name": "\u0e1a\u0e49\u0e32\u0e19\u0e40\u0e1b\u0e37\u0e2d\u0e22", "name:en": "Ban Pueai", "place": "village", "source": "Bing; sign", "osm_id": 1507294998, "osm_type": "node"}, "geometry": {"type": "Point", "coordinates": [102.5305004, 16.5162354]}}, {"type": "Feature", "properties": {"is_in:country": "Thailand", "is_in:country_code": "TH", "is_in:iso_3166_2": "TH-40", "is_in:state": "Khon Kaen", "is_in:state_code": "40", "name": "\u0e1a\u0e49\u0e32\u0e19\u0e40\u0e2b\u0e25\u0e48\u0e32", "name:en": "Ban Lao", "place": "village", "source": "Bing; sign", "osm_id": 1507295007, "osm_type": "node"}, "geometry": {"type": "Point", "coordinates": [102.4661518, 16.5080101]}}, {"type": "Feature", "properties": {"is_in:country": "Thailand", "is_in:country_code": "TH", "is_in:iso_3166_2": "TH-40", "is_in:state": "Khon Kaen", "is_in:state_code": "40", "name": "\u0e1a\u0e49\u0e32\u0e19\u0e42\u0e19\u0e19\u0e06\u0e49\u0e2d\u0e07", "name:en": "Ban Non Khong", "place": "village", "source": "Bing; sign", "osm_id": 1507295009, "osm_type": "node"}, "geometry": {"type": "Point", "coordinates": [102.5493652, 16.5342822]}}, {"type": "Feature", "properties": {"is_in:country": "Thailand", "is_in:country_code": "TH", "is_in:iso_3166_2": "TH-40", "is_in:state": "Khon Kaen", "is_in:state_code": "40", "name": "\u0e1a\u0e49\u0e32\u0e19\u0e42\u0e19\u0e19\u0e17\u0e2d\u0e07", "name:en": "Ban Non Thong", "place": "village", "source": "Bing; sign", "osm_id": 1507295016, "osm_type": "node"}, "geometry": {"type": "Point", "coordinates": [102.5466474, 16.5176917]}}, {"type": "Feature", "properties": {"is_in:country": "Thailand", "is_in:country_code": "TH", "is_in:iso_3166_2": "TH-40", "is_in:state": "Khon Kaen", "is_in:state_code": "40", "name": "\u0e1a\u0e49\u0e32\u0e19\u0e42\u0e19\u0e19\u0e28\u0e34\u0e25\u0e32", "name:en": "Ban Non Sila", "place": "village", "source": "Bing; sign", "osm_id": 1507295031, "osm_type": "node"}, "geometry": {"type": "Point", "coordinates": [102.5289298, 16.5356243]}}, {"type": "Feature", "properties": {"is_in:country": "Thailand", "is_in:country_code": "TH", "is_in:iso_3166_2": "TH-40", "is_in:state": "Khon Kaen", "is_in:state_code": "40", "name": "\u0e1a\u0e49\u0e32\u0e19\u0e42\u0e1e\u0e18\u0e34\u0e4c\u0e15\u0e32\u0e01 \u0e2b\u0e21\u0e39\u0e48 10", "name:en": "Ban Pho Tak Mu 10", "place": "village", "source": "Bing; sign", "osm_id": 1507295097, "osm_type": "node"}, "geometry": {"type": "Point", "coordinates": [102.5471752, 16.5273012]}}, {"type": "Feature", "properties": {"is_in:country": "Thailand", "is_in:country_code": "TH", "is_in:iso_3166_2": "TH-40", "is_in:state": "Khon Kaen", "is_in:state_code": "40", "name": "\u0e1a\u0e49\u0e32\u0e19\u0e42\u0e1e\u0e18\u0e34\u0e4c\u0e15\u0e32\u0e01 \u0e2b\u0e21\u0e39\u0e48 4", "name:en": "Ban Pho Tak Mu 4", "place": "village", "source": "Bing; sign", "osm_id": 1507295114, "osm_type": "node"}, "geometry": {"type": "Point", "coordinates": [102.5477417, 16.5290774]}}, {"type": "Feature", "properties": {"addr:district": "\u0e2b\u0e19\u0e2d\u0e07\u0e40\u0e23\u0e37\u0e2d", "addr:district:en": "Nong Ruea", "addr:province": "\u0e02\u0e2d\u0e19\u0e41\u0e01\u0e48\u0e19", "addr:province:en": "Khon Kaen", "addr:subdistrict": "\u0e1a\u0e49\u0e32\u0e19\u0e01\u0e07", "addr:subdistrict:en": "Ban Kong", "alt_name": "\u0e2a\u0e16\u0e32\u0e19\u0e35\u0e2d\u0e19\u0e32\u0e21\u0e31\u0e22\u0e1a\u0e49\u0e32\u0e19\u0e01\u0e07", "amenity": "clinic", "emergency": "no", "healthcare": "clinic", "name": "\u0e42\u0e23\u0e07\u0e1e\u0e22\u0e32\u0e1a\u0e32\u0e25\u0e2a\u0e48\u0e07\u0e40\u0e2a\u0e23\u0e34\u0e21\u0e2a\u0e38\u0e02\u0e20\u0e32\u0e1e\u0e15\u0e33\u0e1a\u0e25 \u0e1a\u0e49\u0e32\u0e19\u0e01\u0e07", "name:en": "Ban Kong Subdistrict Health Promoting Hospital", "short_name": "\u0e23\u0e1e.\u0e2a\u0e15.\u0e1a\u0e49\u0e32\u0e19\u0e01\u0e07", "source": "Bing; sign", "osm_id": 1507295290, "osm_type": "node"}, "geometry": {"type": "Point", "coordinates": [102.5207477, 16.5224205]}}, {"type": "Feature", "properties": {"addr:district": "\u0e2b\u0e19\u0e2d\u0e07\u0e40\u0e23\u0e37\u0e2d", "addr:district:en": "Nong Ruea", "addr:hamlet": "\u0e2b\u0e21\u0e39\u0e48\u0e17\u0e35\u0e48 10", "addr:province": "\u0e02\u0e2d\u0e19\u0e41\u0e01\u0e48\u0e19", "addr:province:en": "Khon Kaen", "addr:subdistrict": "\u0e1a\u0e49\u0e32\u0e19\u0e1c\u0e37\u0e2d", "addr:subdistrict:en": "Ban Phue", "alt_name": "\u0e2a\u0e16\u0e32\u0e19\u0e35\u0e2d\u0e19\u0e32\u0e21\u0e31\u0e22\u0e1a\u0e49\u0e32\u0e19\u0e1c\u0e37\u0e2d", "amenity": "clinic", "emergency": "no", "healthcare": "clinic", "name": "\u0e42\u0e23\u0e07\u0e1e\u0e22\u0e32\u0e1a\u0e32\u0e25\u0e2a\u0e48\u0e07\u0e40\u0e2a\u0e23\u0e34\u0e21\u0e2a\u0e38\u0e02\u0e20\u0e32\u0e1e\u0e15\u0e33\u0e1a\u0e25 \u0e1a\u0e49\u0e32\u0e19\u0e1c\u0e37\u0e2d", "name:en": "Ban Phue Subdistrict Health Promoting Hospital", "short_name": "\u0e23\u0e1e.\u0e2a\u0e15.\u0e1a\u0e49\u0e32\u0e19\u0e1c\u0e37\u0e2d", "source": "Bing; sign", "osm_id": 1507295291, "osm_type": "node"}, "geometry": {"type": "Point", "coordinates": [102.5484112, 16.5267394]}}, {"type": "Feature", "properties": {"addr:district": "\u0e2b\u0e19\u0e2d\u0e07\u0e40\u0e23\u0e37\u0e2d", "addr:district:en": "Nong Ruea", "addr:hamlet": "\u0e2b\u0e21\u0e39\u0e48\u0e17\u0e35\u0e48 6", "addr:province": "\u0e02\u0e2d\u0e19\u0e41\u0e01\u0e48\u0e19", "addr:province:en": "Khon Kaen", "addr:subdistrict": "\u0e2b\u0e19\u0e2d\u0e07\u0e40\u0e23\u0e37\u0e2d", "addr:subdistrict:en": "Nong Ruea", "alt_name": "\u0e2a\u0e16\u0e32\u0e19\u0e35\u0e2d\u0e19\u0e32\u0e21\u0e31\u0e22\u0e2b\u0e19\u0e2d\u0e07\u0e40\u0e23\u0e37\u0e2d", "amenity": "clinic", "emergency": "no", "healthcare": "clinic", "name": "\u0e42\u0e23\u0e07\u0e1e\u0e22\u0e32\u0e1a\u0e32\u0e25\u0e2a\u0e48\u0e07\u0e40\u0e2a\u0e23\u0e34\u0e21\u0e2a\u0e38\u0e02\u0e20\u0e32\u0e1e\u0e15\u0e33\u0e1a\u0e25 \u0e2b\u0e19\u0e2d\u0e07\u0e40\u0e23\u0e37\u0e2d", "name:en": "Nong Ruea Subdistrict Health Promoting Hospital", "short_name": "\u0e23\u0e1e.\u0e2a\u0e15.\u0e2b\u0e19\u0e2d\u0e07\u0e40\u0e23\u0e37\u0e2d", "source": "Bing; sign", "osm_id": 1507295300, "osm_type": "node"}, "geometry": {"type": "Point", "coordinates": [102.4802876, 16.5211692]}}, {"type": "Feature", "properties": {"addr:district": "\u0e2b\u0e19\u0e2d\u0e07\u0e40\u0e23\u0e37\u0e2d", "addr:district:en": "Nong Ruea", "addr:hamlet": "\u0e2b\u0e21\u0e39\u0e48\u0e17\u0e35\u0e48 2", "addr:province": "\u0e02\u0e2d\u0e19\u0e41\u0e01\u0e48\u0e19", "addr:province:en": "Khon Kaen", "addr:subdistrict": "\u0e1a\u0e49\u0e32\u0e19\u0e01\u0e07", "addr:subdistrict:en": "Ban Kong", "amenity": "school", "name": "\u0e42\u0e23\u0e07\u0e40\u0e23\u0e35\u0e22\u0e19\u0e1a\u0e49\u0e32\u0e19\u0e01\u0e07", "name:en": "Ban Kong School", "source": "Bing; sign", "osm_id": 1507295308, "osm_type": "node"}, "geometry": {"type": "Point", "coordinates": [102.535733, 16.5159734]}}, {"type": "Feature", "properties": {"addr:district": "\u0e2b\u0e19\u0e2d\u0e07\u0e40\u0e23\u0e37\u0e2d", "addr:district:en": "Nong Ruea", "addr:hamlet": "\u0e2b\u0e21\u0e39\u0e48\u0e17\u0e35\u0e48 4", "addr:province": "\u0e02\u0e2d\u0e19\u0e41\u0e01\u0e48\u0e19", "addr:province:en": "Khon Kaen", "addr:subdistrict": "\u0e2b\u0e19\u0e2d\u0e07\u0e40\u0e23\u0e37\u0e2d", "addr:subdistrict:en": "Nong Ruea", "amenity": "school", "name": "\u0e42\u0e23\u0e07\u0e40\u0e23\u0e35\u0e22\u0e19\u0e1a\u0e49\u0e32\u0e19\u0e2b\u0e19\u0e2d\u0e07\u0e01\u0e38\u0e07\u0e1b\u0e23\u0e30\u0e0a\u0e32\u0e23\u0e31\u0e10\u0e1a\u0e33\u0e23\u0e38\u0e07", "name:en": "Ban Nong Kung Pracha Rat Bamrung School", "source": "Bing; sign", "osm_id": 1507295312, "osm_type": "node"}, "geometry": {"type": "Point", "coordinates": [102.491149, 16.5172956]}}, {"type": "Feature", "properties": {"addr:district": "\u0e2b\u0e19\u0e2d\u0e07\u0e40\u0e23\u0e37\u0e2d", "addr:district:en": "Nong Ruea", "addr:province": "\u0e02\u0e2d\u0e19\u0e41\u0e01\u0e48\u0e19", "addr:province:en": "Khon Kaen", "addr:subdistrict": "\u0e1a\u0e49\u0e32\u0e19\u0e01\u0e07", "addr:subdistrict:en": "Ban Kong", "amenity": "school", "name": "\u0e42\u0e23\u0e07\u0e40\u0e23\u0e35\u0e22\u0e19\u0e1a\u0e49\u0e32\u0e19\u0e2b\u0e19\u0e2d\u0e07\u0e40\u0e21\u0e47\u0e01\u0e2b\u0e19\u0e2d\u0e07\u0e17\u0e48\u0e38\u0e21\u0e42\u0e19\u0e19\u0e28\u0e34\u0e25\u0e32\u0e1b\u0e23\u0e30\u0e0a\u0e32\u0e2a\u0e23\u0e23\u0e04\u0e4c", "name:en": "Ban Nong Mek Nong Thum Non Sila Pracha San School", "source": "Bing; sign", "osm_id": 1507295325, "osm_type": "node"}, "geometry": {"type": "Point", "coordinates": [102.5219862, 16.5236337]}}, {"type": "Feature", "properties": {"addr:district": "\u0e2b\u0e19\u0e2d\u0e07\u0e40\u0e23\u0e37\u0e2d", "addr:district:en": "Nong Ruea", "addr:hamlet": "\u0e2b\u0e21\u0e39\u0e48\u0e17\u0e35\u0e48 9", "addr:province": "\u0e02\u0e2d\u0e19\u0e41\u0e01\u0e48\u0e19", "addr:province:en": "Khon Kaen", "addr:subdistrict": "\u0e2b\u0e19\u0e2d\u0e07\u0e40\u0e23\u0e37\u0e2d", "addr:subdistrict:en": "Nong Ruea", "amenity": "school", "name": "\u0e42\u0e23\u0e07\u0e40\u0e23\u0e35\u0e22\u0e19\u0e2b\u0e19\u0e2d\u0e07\u0e44\u0e2e\u0e1b\u0e23\u0e30\u0e0a\u0e32\u0e23\u0e31\u0e10", "name:en": "Nong Hai Pracha Rat School", "source": "Bing; sign", "osm_id": 1507295327, "osm_type": "node"}, "geometry": {"type": "Point", "coordinates": [102.4646905, 16.492528]}}, {"type": "Feature", "properties": {"addr:district": "\u0e2b\u0e19\u0e2d\u0e07\u0e40\u0e23\u0e37\u0e2d", "addr:district:en": "Nong Ruea", "addr:province": "\u0e02\u0e2d\u0e19\u0e41\u0e01\u0e48\u0e19", "addr:province:en": "Khon Kaen", "addr:subdistrict": "\u0e1a\u0e49\u0e32\u0e19\u0e1c\u0e37\u0e2d", "addr:subdistrict:en": "Ban Phue", "amenity": "school", "name": "\u0e42\u0e23\u0e07\u0e40\u0e23\u0e35\u0e22\u0e19\u0e42\u0e1e\u0e18\u0e34\u0e4c\u0e15\u0e32\u0e01\u0e27\u0e34\u0e17\u0e22\u0e32", "name:en": "Pho Tak Witthaya School", "source": "Bing; sign", "osm_id": 1507295333, "osm_type": "node"}, "geometry": {"type": "Point", "coordinates": [102.5457869, 16.5265415]}}, {"type": "Feature", "properties": {"is_in:country": "Thailand", "is_in:country_code": "TH", "is_in:iso_3166_2": "TH-40", "is_in:state": "Khon Kaen", "is_in:state_code": "40", "name": "\u0e1a\u0e49\u0e32\u0e19\u0e01\u0e38\u0e14\u0e09\u0e34\u0e21", "name:en": "Ban Kut Chim", "place": "village", "source": "Bing; sign", "osm_id": 1517420096, "osm_type": "node"}, "geometry": {"type": "Point", "coordinates": [102.4052183, 16.503212]}}, {"type": "Feature", "properties": {"is_in:country": "Thailand", "is_in:country_code": "TH", "is_in:iso_3166_2": "TH-40", "is_in:state": "Khon Kaen", "is_in:state_code": "40", "name": "\u0e1a\u0e49\u0e32\u0e19\u0e01\u0e38\u0e14\u0e40\u0e25\u0e32", "name:en": "Ban Kut Lao", "place": "village", "source": "Bing; sign", "osm_id": 1517420097, "osm_type": "node"}, "geometry": {"type": "Point", "coordinates": [102.4073193, 16.5622078]}}, {"type": "Feature", "properties": {"addr:postcode": "40210", "is_in:country": "Thailand", "is_in:country_code": "TH", "is_in:iso_3166_2": "TH-40", "is_in:state": "Khon Kaen", "is_in:state_code": "40", "name": "\u0e1a\u0e49\u0e32\u0e19\u0e04\u0e25\u0e2d\u0e07\u0e40\u0e23\u0e34\u0e0d \u0e2b\u0e21\u0e39\u0e48 19", "name:en": "Ban Khlong Roen Mu 19", "place": "hamlet", "source": "Bing; sign", "osm_id": 1517420098, "osm_type": "node"}, "geometry": {"type": "Point", "coordinates": [102.4099331, 16.5267421]}}, {"type": "Feature", "properties": {"addr:postcode": "40210", "is_in:country": "Thailand", "is_in:country_code": "TH", "is_in:iso_3166_2": "TH-40", "is_in:state": "Khon Kaen", "is_in:state_code": "40", "name": "\u0e1a\u0e49\u0e32\u0e19\u0e04\u0e25\u0e2d\u0e07\u0e40\u0e23\u0e34\u0e0d \u0e2b\u0e21\u0e39\u0e48 2", "name:en": "Ban Khlong Roen Mu 2", "place": "hamlet", "source": "Bing; sign", "osm_id": 1517420099, "osm_type": "node"}, "geometry": {"type": "Point", "coordinates": [102.4112621, 16.5288513]}}, {"type": "Feature", "properties": {"is_in:country": "Thailand", "is_in:country_code": "TH", "is_in:iso_3166_2": "TH-40", "is_in:state": "Khon Kaen", "is_in:state_code": "40", "name": "\u0e1a\u0e49\u0e32\u0e19\u0e14\u0e07\u0e19\u0e49\u0e2d\u0e22", "name:en": "Ban Dong Noi", "place": "village", "source": "Bing; sign", "osm_id": 1517420100, "osm_type": "node"}, "geometry": {"type": "Point", "coordinates": [102.4109524, 16.5567846]}}, {"type": "Feature", "properties": {"is_in:country": "Thailand", "is_in:country_code": "TH", "is_in:iso_3166_2": "TH-40", "is_in:state": "Khon Kaen", "is_in:state_code": "40", "name": "\u0e1a\u0e49\u0e32\u0e19\u0e17\u0e23\u0e31\u0e1e\u0e22\u0e4c\u0e40\u0e08\u0e23\u0e34\u0e0d", "name:en": "Ban Sap Charoen", "place": "village", "source": "Bing; sign", "osm_id": 1517420101, "osm_type": "node"}, "geometry": {"type": "Point", "coordinates": [102.4071188, 16.5638168]}}, {"type": "Feature", "properties": {"is_in:country": "Thailand", "is_in:country_code": "TH", "is_in:iso_3166_2": "TH-40", "is_in:state": "Khon Kaen", "is_in:state_code": "40", "name": "\u0e1a\u0e49\u0e32\u0e19\u0e1d\u0e32\u0e07\u0e19\u0e49\u0e2d\u0e22", "name:en": "Ban Fang Noi", "place": "village", "source": "Bing; sign", "osm_id": 1517420102, "osm_type": "node"}, "geometry": {"type": "Point", "coordinates": [102.3823017, 16.5324441]}}, {"type": "Feature", "properties": {"addr:postcode": "40210", "is_in:country": "Thailand", "is_in:country_code": "TH", "is_in:iso_3166_2": "TH-40", "is_in:state": "Khon Kaen", "is_in:state_code": "40", "name": "\u0e1a\u0e49\u0e32\u0e19\u0e42\u0e19\u0e19\u0e17\u0e2d\u0e07 \u0e2b\u0e21\u0e39\u0e48 1", "name:en": "Ban Non Thong Mu 1", "place": "hamlet", "source": "Bing; sign", "osm_id": 1517420103, "osm_type": "node"}, "geometry": {"type": "Point", "coordinates": [102.4031094, 16.5339944]}}, {"type": "Feature", "properties": {"addr:postcode": "40210", "is_in:country": "Thailand", "is_in:country_code": "TH", "is_in:iso_3166_2": "TH-40", "is_in:state": "Khon Kaen", "is_in:state_code": "40", "name": "\u0e1a\u0e49\u0e32\u0e19\u0e42\u0e19\u0e19\u0e17\u0e2d\u0e07 \u0e2b\u0e21\u0e39\u0e48 10", "name:en": "Ban Non Thong Mu 10", "place": "hamlet", "source": "Bing; sign", "osm_id": 1517420104, "osm_type": "node"}, "geometry": {"type": "Point", "coordinates": [102.4079716, 16.5300683]}}, {"type": "Feature", "properties": {"addr:postcode": "40210", "is_in:country": "Thailand", "is_in:country_code": "TH", "is_in:iso_3166_2": "TH-40", "is_in:state": "Khon Kaen", "is_in:state_code": "40", "name": "\u0e1a\u0e49\u0e32\u0e19\u0e42\u0e19\u0e19\u0e17\u0e2d\u0e07 \u0e2b\u0e21\u0e39\u0e48 15", "name:en": "Ban Non Thong Mu 15", "place": "hamlet", "source": "Bing; sign", "osm_id": 1517420105, "osm_type": "node"}, "geometry": {"type": "Point", "coordinates": [102.4053854, 16.5336952]}}, {"type": "Feature", "properties": {"addr:postcode": "40210", "is_in:country": "Thailand", "is_in:country_code": "TH", "is_in:iso_3166_2": "TH-40", "is_in:state": "Khon Kaen", "is_in:state_code": "40", "name": "\u0e1a\u0e49\u0e32\u0e19\u0e42\u0e19\u0e19\u0e17\u0e2d\u0e07 \u0e2b\u0e21\u0e39\u0e48 20", "name:en": "Ban Non Thong Mu 20", "place": "hamlet", "source": "Bing; sign", "osm_id": 1517420106, "osm_type": "node"}, "geometry": {"type": "Point", "coordinates": [102.4080607, 16.5318605]}}, {"type": "Feature", "properties": {"addr:postcode": "40210", "is_in:country": "Thailand", "is_in:country_code": "TH", "is_in:iso_3166_2": "TH-40", "is_in:state": "Khon Kaen", "is_in:state_code": "40", "name": "\u0e1a\u0e49\u0e32\u0e19\u0e42\u0e19\u0e19\u0e17\u0e2d\u0e07", "name:en": "Ban Non Thong", "place": "village", "osm_id": 1517420107, "osm_type": "node"}, "geometry": {"type": "Point", "coordinates": [102.4071726, 16.5333506]}}, {"type": "Feature", "properties": {"addr:district": "\u0e2b\u0e19\u0e2d\u0e07\u0e40\u0e23\u0e37\u0e2d", "addr:district:en": "Nong Ruea", "addr:province": "\u0e02\u0e2d\u0e19\u0e41\u0e01\u0e48\u0e19", "addr:province:en": "Khon Kaen", "addr:subdistrict": "\u0e2b\u0e19\u0e2d\u0e07\u0e40\u0e23\u0e37\u0e2d", "addr:subdistrict:en": "Nong Ruea", "amenity": "school", "name": "\u0e42\u0e23\u0e07\u0e40\u0e23\u0e35\u0e22\u0e19\u0e2b\u0e19\u0e2d\u0e07\u0e40\u0e23\u0e37\u0e2d\u0e27\u0e34\u0e17\u0e22\u0e32", "name:en": "Nong Ruea Witthaya School", "source": "Bing; sign", "osm_id": 1517420122, "osm_type": "node"}, "geometry": {"type": "Point", "coordinates": [102.4332909, 16.4952136]}}, {"type": "Feature", "properties": {"is_in:country": "Thailand", "is_in:country_code": "TH", "is_in:iso_3166_2": "TH-40", "is_in:state": "Khon Kaen", "is_in:state_code": "40", "name": "\u0e1a\u0e49\u0e32\u0e19\u0e16\u0e49\u0e33\u0e41\u0e02\u0e49", "name:en": "Ban Tham Khae", "place": "village", "source": "Bing; sign", "osm_id": 1520759011, "osm_type": "node"}, "geometry": {"type": "Point", "coordinates": [102.4019128, 16.5951129]}}, {"type": "Feature", "properties": {"is_in:country": "Thailand", "is_in:country_code": "TH", "is_in:iso_3166_2": "TH-40", "is_in:state": "Khon Kaen", "is_in:state_code": "40", "name": "\u0e1a\u0e49\u0e32\u0e19\u0e2d\u0e48\u0e32\u0e07\u0e28\u0e34\u0e25\u0e32", "name:en": "Ban Ang Sila", "place": "village", "source": "Bing; sign", "osm_id": 1520759202, "osm_type": "node"}, "geometry": {"type": "Point", "coordinates": [102.3925379, 16.620239]}}, {"type": "Feature", "properties": {"is_in:country": "Thailand", "is_in:country_code": "TH", "is_in:iso_3166_2": "TH-40", "is_in:state": "Khon Kaen", "is_in:state_code": "40", "name": "\u0e1a\u0e49\u0e32\u0e19\u0e42\u0e04\u0e01\u0e44\u0e23\u0e48", "name:en": "Ban Khok Rai", "place": "village", "source": "Bing; sign", "osm_id": 1520759220, "osm_type": "node"}, "geometry": {"type": "Point", "coordinates": [102.3802642, 16.6091672]}}, {"type": "Feature", "properties": {"is_in:country": "Thailand", "is_in:country_code": "TH", "is_in:iso_3166_2": "TH-40", "is_in:state": "Khon Kaen", "is_in:state_code": "40", "name": "\u0e1a\u0e49\u0e32\u0e19\u0e42\u0e19\u0e19\u0e1e\u0e31\u0e19\u0e0a\u0e32\u0e15\u0e34 \u0e2b\u0e21\u0e39\u0e48 7", "name:en": "Ban Non Phan Chat Mu 7", "place": "hamlet", "source": "Bing; sign", "osm_id": 1520759331, "osm_type": "node"}, "geometry": {"type": "Point", "coordinates": [102.3845596, 16.6082646]}}, {"type": "Feature", "properties": {"addr:district": "\u0e20\u0e39\u0e40\u0e27\u0e35\u0e22\u0e07", "addr:district:en": "Phu Wiang", "addr:hamlet": "\u0e2b\u0e21\u0e39\u0e48\u0e17\u0e35\u0e48 6", "addr:province": "\u0e02\u0e2d\u0e19\u0e41\u0e01\u0e48\u0e19", "addr:province:en": "Khon Kaen", "addr:subdistrict": "\u0e2a\u0e07\u0e40\u0e1b\u0e37\u0e2d\u0e22", "addr:subdistrict:en": "Song Pueai", "amenity": "school", "name": "\u0e42\u0e23\u0e07\u0e40\u0e23\u0e35\u0e22\u0e19\u0e1a\u0e49\u0e32\u0e19\u0e2d\u0e48\u0e32\u0e07\u0e28\u0e34\u0e25\u0e32", "name:en": "Ban Ang Sila School", "source": "Bing; sign", "osm_id": 1520759430, "osm_type": "node"}, "geometry": {"type": "Point", "coordinates": [102.393358, 16.6163657]}}, {"type": "Feature", "properties": {"is_in:country": "Thailand", "is_in:country_code": "TH", "is_in:iso_3166_2": "TH-40", "is_in:state": "Khon Kaen", "is_in:state_code": "40", "name": "\u0e1a\u0e49\u0e32\u0e19\u0e42\u0e19\u0e19\u0e2a\u0e30\u0e2d\u0e32\u0e14", "name:en": "Ban Non Sa-at", "place": "village", "source": "Bing; sign", "osm_id": 1524352894, "osm_type": "node"}, "geometry": {"type": "Point", "coordinates": [102.389826, 16.4951681]}}, {"type": "Feature", "properties": {"is_in:country": "Thailand", "is_in:country_code": "TH", "is_in:iso_3166_2": "TH-40", "is_in:state": "Khon Kaen", "is_in:state_code": "40", "name": "\u0e1a\u0e49\u0e32\u0e19\u0e02\u0e19\u0e27\u0e19\u0e19\u0e04\u0e23 \u0e2b\u0e21\u0e39\u0e48 17", "name:en": "Ban Khanuan Nakhon Mu 17", "place": "hamlet", "source": "Bing; sign", "osm_id": 1529321753, "osm_type": "node"}, "geometry": {"type": "Point", "coordinates": [102.3879761, 16.4507887]}}, {"type": "Feature", "properties": {"is_in:country": "Thailand", "is_in:country_code": "TH", "is_in:iso_3166_2": "TH-40", "is_in:state": "Khon Kaen", "is_in:state_code": "40", "name": "\u0e1a\u0e49\u0e32\u0e19\u0e02\u0e19\u0e27\u0e19\u0e19\u0e04\u0e23 \u0e2b\u0e21\u0e39\u0e48 3", "name:en": "Ban Khanuan Nakhon Mu 3", "place": "hamlet", "source": "Bing; sign", "osm_id": 1529321763, "osm_type": "node"}, "geometry": {"type": "Point", "coordinates": [102.3852611, 16.4514523]}}, {"type": "Feature", "properties": {"is_in:country": "Thailand", "is_in:country_code": "TH", "is_in:iso_3166_2": "TH-40", "is_in:state": "Khon Kaen", "is_in:state_code": "40", "name": "\u0e1a\u0e49\u0e32\u0e19\u0e02\u0e19\u0e27\u0e19\u0e19\u0e04\u0e23", "name:en": "Ban Khanuan Nakhon", "place": "village", "source": "Bing; sign", "osm_id": 1529321777, "osm_type": "node"}, "geometry": {"type": "Point", "coordinates": [102.3860752, 16.4506333]}}, {"type": "Feature", "properties": {"is_in:country": "Thailand", "is_in:country_code": "TH", "is_in:iso_3166_2": "TH-40", "is_in:state": "Khon Kaen", "is_in:state_code": "40", "name": "\u0e1a\u0e49\u0e32\u0e19\u0e2b\u0e19\u0e2d\u0e07\u0e44\u0e1c\u0e48", "name:en": "Ban Nong Phai", "place": "village", "source": "Bing; sign", "osm_id": 1529321822, "osm_type": "node"}, "geometry": {"type": "Point", "coordinates": [102.3960805, 16.481712]}}, {"type": "Feature", "properties": {"is_in:country": "Thailand", "is_in:country_code": "TH", "is_in:iso_3166_2": "TH-40", "is_in:state": "Khon Kaen", "is_in:state_code": "40", "name": "\u0e1a\u0e49\u0e32\u0e19\u0e42\u0e04\u0e01\u0e2a\u0e38\u0e07", "name:en": "Ban Khok Sung", "place": "village", "source": "Bing; sign", "osm_id": 1529321840, "osm_type": "node"}, "geometry": {"type": "Point", "coordinates": [102.3874704, 16.4612882]}}, {"type": "Feature", "properties": {"is_in:country": "Thailand", "is_in:country_code": "TH", "is_in:iso_3166_2": "TH-40", "is_in:state": "Khon Kaen", "is_in:state_code": "40", "name": "\u0e1a\u0e49\u0e32\u0e19\u0e2b\u0e49\u0e27\u0e22\u0e17\u0e23\u0e32\u0e22", "name:en": "Ban Huai Sai", "place": "village", "source": "Bing; sign", "osm_id": 1534928891, "osm_type": "node"}, "geometry": {"type": "Point", "coordinates": [102.3816172, 16.5588667]}}, {"type": "Feature", "properties": {"is_in:country": "Thailand", "is_in:country_code": "TH", "is_in:iso_3166_2": "TH-40", "is_in:state": "Khon Kaen", "is_in:state_code": "40", "name": "\u0e1a\u0e49\u0e32\u0e19\u0e19\u0e32", "name:en": "Ban Na", "place": "village", "source": "Bing; sign", "osm_id": 1541921585, "osm_type": "node"}, "geometry": {"type": "Point", "coordinates": [102.3865418, 16.5062065]}}, {"type": "Feature", "properties": {"is_in:country": "Thailand", "is_in:country_code": "TH", "is_in:iso_3166_2": "TH-40", "is_in:state": "Khon Kaen", "is_in:state_code": "40", "name": "\u0e1a\u0e49\u0e32\u0e19\u0e40\u0e1b\u0e37\u0e2d\u0e22", "name:en": "Ban Pueai", "place": "village", "source": "Bing; sign", "osm_id": 1541921641, "osm_type": "node"}, "geometry": {"type": "Point", "coordinates": [102.381092, 16.5046092]}}, {"type": "Feature", "properties": {"addr:district": "\u0e2b\u0e19\u0e2d\u0e07\u0e40\u0e23\u0e37\u0e2d", "addr:district:en": "Nong Ruea", "addr:hamlet": "\u0e2b\u0e21\u0e39\u0e48\u0e17\u0e35\u0e48 5", "addr:province": "\u0e02\u0e2d\u0e19\u0e41\u0e01\u0e48\u0e19", "addr:province:en": "Khon Kaen", "addr:subdistrict": "\u0e42\u0e19\u0e19\u0e17\u0e31\u0e19", "addr:subdistrict:en": "Non Than", "alt_name": "\u0e2a\u0e16\u0e32\u0e19\u0e35\u0e2d\u0e19\u0e32\u0e21\u0e31\u0e22\u0e42\u0e19\u0e19\u0e17\u0e31\u0e19", "amenity": "clinic", "emergency": "no", "healthcare": "clinic", "name": "\u0e42\u0e23\u0e07\u0e1e\u0e22\u0e32\u0e1a\u0e32\u0e25\u0e2a\u0e48\u0e07\u0e40\u0e2a\u0e23\u0e34\u0e21\u0e2a\u0e38\u0e02\u0e20\u0e32\u0e1e\u0e15\u0e33\u0e1a\u0e25 \u0e42\u0e19\u0e19\u0e17\u0e31\u0e19", "name:en": "Non Than Subdistrict Health Promoting Hospital", "short_name": "\u0e23\u0e1e.\u0e2a\u0e15.\u0e42\u0e19\u0e19\u0e17\u0e31\u0e19", "source": "Bing; sign", "osm_id": 1541921686, "osm_type": "node"}, "geometry": {"type": "Point", "coordinates": [102.3838545, 16.5046588]}}, {"type": "Feature", "properties": {"is_in:country": "Thailand", "is_in:country_code": "TH", "is_in:iso_3166_2": "TH-40", "is_in:state": "Khon Kaen", "is_in:state_code": "40", "name": "\u0e1a\u0e49\u0e32\u0e19\u0e01\u0e38\u0e14\u0e02\u0e2d\u0e19\u0e41\u0e01\u0e48\u0e19 \u0e2b\u0e21\u0e39\u0e48 2", "name:en": "Ban Kut Khon Kaen Mu 2", "place": "hamlet", "source": "Bing; sign", "osm_id": 1545648897, "osm_type": "node"}, "geometry": {"type": "Point", "coordinates": [102.5052242, 16.5751232]}}, {"type": "Feature", "properties": {"is_in:country": "Thailand", "is_in:country_code": "TH", "is_in:iso_3166_2": "TH-40", "is_in:state": "Khon Kaen", "is_in:state_code": "40", "name": "\u0e1a\u0e49\u0e32\u0e19\u0e01\u0e38\u0e14\u0e02\u0e2d\u0e19\u0e41\u0e01\u0e48\u0e19 \u0e2b\u0e21\u0e39\u0e48 6", "name:en": "Ban Kut Khon Kaen Mu 6", "place": "hamlet", "source": "Bing; sign", "osm_id": 1545648899, "osm_type": "node"}, "geometry": {"type": "Point", "coordinates": [102.5024008, 16.5731337]}}, {"type": "Feature", "properties": {"is_in:country": "Thailand", "is_in:country_code": "TH", "is_in:iso_3166_2": "TH-40", "is_in:state": "Khon Kaen", "is_in:state_code": "40", "name": "\u0e1a\u0e49\u0e32\u0e19\u0e01\u0e38\u0e14\u0e41\u0e04\u0e19", "name:en": "Ban Kut Khaen", "place": "village", "source": "Bing; sign", "osm_id": 1545648901, "osm_type": "node"}, "geometry": {"type": "Point", "coordinates": [102.4472524, 16.5387116]}}, {"type": "Feature", "properties": {"addr:postcode": "40150", "is_in:country": "Thailand", "is_in:country_code": "TH", "is_in:iso_3166_2": "TH-40", "is_in:state": "Khon Kaen", "is_in:state_code": "40", "name": "\u0e1a\u0e49\u0e32\u0e19\u0e04\u0e49\u0e2d \u0e2b\u0e21\u0e39\u0e48 1", "name:en": "Ban Kho Mu 1", "place": "hamlet", "source": "Bing; sign", "osm_id": 1545648903, "osm_type": "node"}, "geometry": {"type": "Point", "coordinates": [102.4821196, 16.580162]}}, {"type": "Feature", "properties": {"addr:postcode": "40150", "is_in:country": "Thailand", "is_in:country_code": "TH", "is_in:iso_3166_2": "TH-40", "is_in:state": "Khon Kaen", "is_in:state_code": "40", "name": "\u0e1a\u0e49\u0e32\u0e19\u0e04\u0e49\u0e2d \u0e2b\u0e21\u0e39\u0e48 12", "name:en": "Ban Kho Mu 12", "place": "hamlet", "source": "Bing; sign", "osm_id": 1545648905, "osm_type": "node"}, "geometry": {"type": "Point", "coordinates": [102.4807758, 16.5787974]}}, {"type": "Feature", "properties": {"addr:postcode": "40150", "is_in:country": "Thailand", "is_in:country_code": "TH", "is_in:iso_3166_2": "TH-40", "is_in:state": "Khon Kaen", "is_in:state_code": "40", "name": "\u0e1a\u0e49\u0e32\u0e19\u0e04\u0e49\u0e2d \u0e2b\u0e21\u0e39\u0e48 15", "name:en": "Ban Kho Mu 15", "place": "hamlet", "source": "Bing; sign", "osm_id": 1545648907, "osm_type": "node"}, "geometry": {"type": "Point", "coordinates": [102.4800857, 16.5800158]}}, {"type": "Feature", "properties": {"addr:postcode": "40150", "is_in:country": "Thailand", "is_in:country_code": "TH", "is_in:iso_3166_2": "TH-40", "is_in:state": "Khon Kaen", "is_in:state_code": "40", "name": "\u0e1a\u0e49\u0e32\u0e19\u0e04\u0e49\u0e2d", "name:en": "Ban Kho", "place": "village", "source": "Bing; sign", "osm_id": 1545648910, "osm_type": "node"}, "geometry": {"type": "Point", "coordinates": [102.4814383, 16.57929]}}, {"type": "Feature", "properties": {"is_in:country": "Thailand", "is_in:country_code": "TH", "is_in:iso_3166_2": "TH-40", "is_in:state": "Khon Kaen", "is_in:state_code": "40", "name": "\u0e1a\u0e49\u0e32\u0e19\u0e14\u0e2d\u0e19\u0e2b\u0e31\u0e19", "name:en": "Ban Don Han", "place": "village", "source": "Bing; sign", "osm_id": 1545648912, "osm_type": "node"}, "geometry": {"type": "Point", "coordinates": [102.5055177, 16.5537114]}}, {"type": "Feature", "properties": {"addr:postcode": "40240", "is_in:country": "Thailand", "is_in:country_code": "TH", "is_in:iso_3166_2": "TH-40", "is_in:state": "Khon Kaen", "is_in:state_code": "40", "name": "\u0e1a\u0e49\u0e32\u0e19\u0e14\u0e2d\u0e19\u0e42\u0e21\u0e07", "name:en": "Ban Don Mong", "place": "hamlet", "source": "Bing; sign", "osm_id": 1545648913, "osm_type": "node"}, "geometry": {"type": "Point", "coordinates": [102.5454223, 16.4953256]}}, {"type": "Feature", "properties": {"is_in:country": "Thailand", "is_in:country_code": "TH", "is_in:iso_3166_2": "TH-40", "is_in:state": "Khon Kaen", "is_in:state_code": "40", "name": "\u0e1a\u0e49\u0e32\u0e19\u0e17\u0e48\u0e32\u0e25\u0e35\u0e48", "name:en": "Ban Tha Li", "place": "village", "source": "Bing; sign", "osm_id": 1545648915, "osm_type": "node"}, "geometry": {"type": "Point", "coordinates": [102.5324156, 16.5056142]}}, {"type": "Feature", "properties": {"is_in:country": "Thailand", "is_in:country_code": "TH", "is_in:iso_3166_2": "TH-40", "is_in:state": "Khon Kaen", "is_in:state_code": "40", "name": "\u0e1a\u0e49\u0e32\u0e19\u0e20\u0e39\u0e21\u0e39\u0e25\u0e40\u0e0a\u0e49\u0e32 \u0e2b\u0e21\u0e39\u0e48 16", "name:en": "Ban Phu Mun Chao Mu 16", "place": "hamlet", "source": "Bing; sign", "osm_id": 1545648917, "osm_type": "node"}, "geometry": {"type": "Point", "coordinates": [102.4297491, 16.5488097]}}, {"type": "Feature", "properties": {"is_in:country": "Thailand", "is_in:country_code": "TH", "is_in:iso_3166_2": "TH-40", "is_in:state": "Khon Kaen", "is_in:state_code": "40", "name": "\u0e1a\u0e49\u0e32\u0e19\u0e20\u0e39\u0e21\u0e39\u0e25\u0e40\u0e0a\u0e49\u0e32 \u0e2b\u0e21\u0e39\u0e48 4", "name:en": "Ban Phu Mun Chao Mu 4", "place": "hamlet", "source": "Bing; sign", "osm_id": 1545648919, "osm_type": "node"}, "geometry": {"type": "Point", "coordinates": [102.4273772, 16.5480889]}}, {"type": "Feature", "properties": {"is_in:country": "Thailand", "is_in:country_code": "TH", "is_in:iso_3166_2": "TH-40", "is_in:state": "Khon Kaen", "is_in:state_code": "40", "name": "\u0e1a\u0e49\u0e32\u0e19\u0e20\u0e39\u0e21\u0e39\u0e25\u0e40\u0e0a\u0e49\u0e32", "name:en": "Ban Phu Mun Chao", "place": "village", "source": "Bing; sign", "osm_id": 1545648922, "osm_type": "node"}, "geometry": {"type": "Point", "coordinates": [102.4282235, 16.5490315]}}, {"type": "Feature", "properties": {"is_in:country": "Thailand", "is_in:country_code": "TH", "is_in:iso_3166_2": "TH-40", "is_in:state": "Khon Kaen", "is_in:state_code": "40", "name": "\u0e1a\u0e49\u0e32\u0e19\u0e2a\u0e23\u0e30\u0e1e\u0e31\u0e07\u0e02\u0e48\u0e32", "name:en": "Ban Sa Phang Kha", "place": "village", "source": "Bing; sign", "osm_id": 1545648924, "osm_type": "node"}, "geometry": {"type": "Point", "coordinates": [102.4604773, 16.5481758]}}, {"type": "Feature", "properties": {"is_in:country": "Thailand", "is_in:country_code": "TH", "is_in:iso_3166_2": "TH-40", "is_in:state": "Khon Kaen", "is_in:state_code": "40", "name": "\u0e1a\u0e49\u0e32\u0e19\u0e2a\u0e30\u0e2d\u0e32\u0e14", "name:en": "Ban Sa-at", "place": "village", "source": "Bing; sign", "osm_id": 1545648926, "osm_type": "node"}, "geometry": {"type": "Point", "coordinates": [102.5001296, 16.492109]}}, {"type": "Feature", "properties": {"is_in:country": "Thailand", "is_in:country_code": "TH", "is_in:iso_3166_2": "TH-40", "is_in:state": "Khon Kaen", "is_in:state_code": "40", "name": "\u0e1a\u0e49\u0e32\u0e19\u0e2b\u0e19\u0e2d\u0e07\u0e19\u0e01\u0e40\u0e02\u0e35\u0e22\u0e19 \u0e2b\u0e21\u0e39\u0e48 21", "name:en": "Ban Nong Nok Khian Mu 21", "place": "hamlet", "source": "Bing; sign", "osm_id": 1545648928, "osm_type": "node"}, "geometry": {"type": "Point", "coordinates": [102.4246159, 16.5681507]}}, {"type": "Feature", "properties": {"is_in:country": "Thailand", "is_in:country_code": "TH", "is_in:iso_3166_2": "TH-40", "is_in:state": "Khon Kaen", "is_in:state_code": "40", "name": "\u0e1a\u0e49\u0e32\u0e19\u0e2b\u0e19\u0e2d\u0e07\u0e19\u0e01\u0e40\u0e02\u0e35\u0e22\u0e19 \u0e2b\u0e21\u0e39\u0e48 7", "name:en": "Ban Nong Nok Khian Mu 7", "place": "hamlet", "source": "Bing; sign", "osm_id": 1545648931, "osm_type": "node"}, "geometry": {"type": "Point", "coordinates": [102.4247449, 16.5663965]}}, {"type": "Feature", "properties": {"is_in:country": "Thailand", "is_in:country_code": "TH", "is_in:iso_3166_2": "TH-40", "is_in:state": "Khon Kaen", "is_in:state_code": "40", "name": "\u0e1a\u0e49\u0e32\u0e19\u0e2b\u0e19\u0e2d\u0e07\u0e19\u0e01\u0e40\u0e02\u0e35\u0e22\u0e19", "name:en": "Ban Nong Nok Khian", "place": "village", "source": "Bing; sign", "osm_id": 1545648932, "osm_type": "node"}, "geometry": {"type": "Point", "coordinates": [102.4247763, 16.5673523]}}, {"type": "Feature", "properties": {"addr:postcode": "40240", "is_in:country": "Thailand", "is_in:country_code": "TH", "is_in:iso_3166_2": "TH-40", "is_in:state": "Khon Kaen", "is_in:state_code": "40", "name": "\u0e1a\u0e49\u0e32\u0e19\u0e2b\u0e19\u0e2d\u0e07\u0e2a\u0e23\u0e30", "name:en": "Ban Nong Sa", "place": "village", "source": "Bing; sign", "osm_id": 1545648934, "osm_type": "node"}, "geometry": {"type": "Point", "coordinates": [102.5169766, 16.4948676]}}, {"type": "Feature", "properties": {"is_in:country": "Thailand", "is_in:country_code": "TH", "is_in:iso_3166_2": "TH-40", "is_in:state": "Khon Kaen", "is_in:state_code": "40", "name": "\u0e1a\u0e49\u0e32\u0e19\u0e2b\u0e19\u0e2d\u0e07\u0e40\u0e02\u0e37\u0e48\u0e2d\u0e19\u0e0a\u0e49\u0e32\u0e07", "name:en": "Ban Nong Khuean Chang", "place": "village", "source": "Bing; sign", "osm_id": 1545648936, "osm_type": "node"}, "geometry": {"type": "Point", "coordinates": [102.441306, 16.5907346]}}, {"type": "Feature", "properties": {"is_in:country": "Thailand", "is_in:country_code": "TH", "is_in:iso_3166_2": "TH-40", "is_in:state": "Khon Kaen", "is_in:state_code": "40", "name": "\u0e1a\u0e49\u0e32\u0e19\u0e2b\u0e19\u0e2d\u0e07\u0e42\u0e1e\u0e19", "name:en": "Ban Nong Phon", "place": "village", "source": "Bing; sign", "osm_id": 1545648938, "osm_type": "node"}, "geometry": {"type": "Point", "coordinates": [102.4713208, 16.5838513]}}, {"type": "Feature", "properties": {"is_in:country": "Thailand", "is_in:country_code": "TH", "is_in:iso_3166_2": "TH-40", "is_in:state": "Khon Kaen", "is_in:state_code": "40", "name": "\u0e1a\u0e49\u0e32\u0e19\u0e2b\u0e19\u0e2d\u0e07\u0e42\u0e1e\u0e19\u0e19\u0e49\u0e2d\u0e22", "name:en": "Ban Nong Phon Noi", "place": "village", "source": "Bing; sign", "osm_id": 1545648951, "osm_type": "node"}, "geometry": {"type": "Point", "coordinates": [102.4640455, 16.5874577]}}, {"type": "Feature", "properties": {"is_in:country": "Thailand", "is_in:country_code": "TH", "is_in:iso_3166_2": "TH-40", "is_in:state": "Khon Kaen", "is_in:state_code": "40", "name": "\u0e1a\u0e49\u0e32\u0e19\u0e2b\u0e19\u0e2d\u0e07\u0e42\u0e1e\u0e19\u0e1e\u0e31\u0e12\u0e19\u0e32", "name:en": "Ban Nong Phon Phatthana", "place": "village", "source": "Bing; sign", "osm_id": 1545648953, "osm_type": "node"}, "geometry": {"type": "Point", "coordinates": [102.471752, 16.5849419]}}, {"type": "Feature", "properties": {"addr:postcode": "40150", "is_in:country": "Thailand", "is_in:country_code": "TH", "is_in:iso_3166_2": "TH-40", "is_in:state": "Khon Kaen", "is_in:state_code": "40", "name": "\u0e1a\u0e49\u0e32\u0e19\u0e2b\u0e31\u0e27\u0e19\u0e32\u0e2b\u0e21\u0e48\u0e2d", "name:en": "Ban Hua Na Mo", "place": "village", "source": "Bing; sign", "osm_id": 1545648955, "osm_type": "node"}, "geometry": {"type": "Point", "coordinates": [102.4811718, 16.5845058]}}, {"type": "Feature", "properties": {"addr:postcode": "40150", "is_in:country": "Thailand", "is_in:country_code": "TH", "is_in:iso_3166_2": "TH-40", "is_in:state": "Khon Kaen", "is_in:state_code": "40", "name": "\u0e1a\u0e49\u0e32\u0e19\u0e40\u0e25\u0e34\u0e07\u0e41\u0e2a\u0e07", "name:en": "Ban Loeng Saeng", "place": "village", "source": "Bing; sign", "osm_id": 1545648958, "osm_type": "node"}, "geometry": {"type": "Point", "coordinates": [102.4894042, 16.5797858]}}, {"type": "Feature", "properties": {"is_in:country": "Thailand", "is_in:country_code": "TH", "is_in:iso_3166_2": "TH-40", "is_in:state": "Khon Kaen", "is_in:state_code": "40", "name": "\u0e1a\u0e49\u0e32\u0e19\u0e41\u0e01\u0e48\u0e19\u0e1e\u0e31\u0e12\u0e19\u0e32", "name:en": "Ban Kaen Phatthana", "place": "hamlet", "source": "Bing; sign", "osm_id": 1545648960, "osm_type": "node"}, "geometry": {"type": "Point", "coordinates": [102.5094559, 16.5759159]}}, {"type": "Feature", "properties": {"is_in:country": "Thailand", "is_in:country_code": "TH", "is_in:iso_3166_2": "TH-40", "is_in:state": "Khon Kaen", "is_in:state_code": "40", "name": "\u0e1a\u0e49\u0e32\u0e19\u0e42\u0e1b\u0e48\u0e07\u0e41\u0e14\u0e07", "name:en": "Ban Pong Daeng", "place": "village", "source": "Bing; sign", "osm_id": 1545648962, "osm_type": "node"}, "geometry": {"type": "Point", "coordinates": [102.4665117, 16.6082239]}}, {"type": "Feature", "properties": {"is_in:country": "Thailand", "is_in:country_code": "TH", "is_in:iso_3166_2": "TH-40", "is_in:state": "Khon Kaen", "is_in:state_code": "40", "name": "\u0e1a\u0e49\u0e32\u0e19\u0e44\u0e04\u0e23\u0e48\u0e19\u0e38\u0e48\u0e19", "name:en": "Ban Khrai Nun", "place": "village", "source": "Bing; sign", "osm_id": 1545648964, "osm_type": "node"}, "geometry": {"type": "Point", "coordinates": [102.5378318, 16.5747302]}}, {"type": "Feature", "properties": {"is_in:country": "Thailand", "is_in:country_code": "TH", "is_in:iso_3166_2": "TH-40", "is_in:state": "Khon Kaen", "is_in:state_code": "40", "name": "\u0e1a\u0e49\u0e32\u0e19\u0e44\u0e1c\u0e48", "name:en": "Ban Phai", "place": "village", "source": "Bing; sign", "osm_id": 1545648966, "osm_type": "node"}, "geometry": {"type": "Point", "coordinates": [102.45612, 16.5483199]}}, {"type": "Feature", "properties": {"addr:postcode": "40240", "is_in:country": "Thailand", "is_in:country_code": "TH", "is_in:iso_3166_2": "TH-40", "is_in:state": "Khon Kaen", "is_in:state_code": "40", "name": "\u0e40\u0e17\u0e1e\u0e2a\u0e27\u0e23\u0e23\u0e04\u0e4c", "name:en": "Thep Sawan", "place": "hamlet", "source": "Bing; sign", "osm_id": 1545649000, "osm_type": "node"}, "geometry": {"type": "Point", "coordinates": [102.5401804, 16.4867522]}}, {"type": "Feature", "properties": {"addr:district": "\u0e20\u0e39\u0e40\u0e27\u0e35\u0e22\u0e07", "addr:district:en": "Phu Wiang", "addr:province": "\u0e02\u0e2d\u0e19\u0e41\u0e01\u0e48\u0e19", "addr:province:en": "Khon Kaen", "addr:subdistrict": "\u0e01\u0e38\u0e14\u0e02\u0e2d\u0e19\u0e41\u0e01\u0e48\u0e19", "addr:subdistrict:en": "Kut Khon Kaen", "amenity": "school", "name": "\u0e42\u0e23\u0e07\u0e40\u0e23\u0e35\u0e22\u0e19 \u0e1a\u0e49\u0e32\u0e19\u0e01\u0e38\u0e14\u0e02\u0e2d\u0e19\u0e41\u0e01\u0e48\u0e19", "name:en": "Ban Kut Khon Kaen School", "source": "Bing; sign", "osm_id": 1545649006, "osm_type": "node"}, "geometry": {"type": "Point", "coordinates": [102.504626, 16.5735853]}}, {"type": "Feature", "properties": {"addr:district": "\u0e2b\u0e19\u0e2d\u0e07\u0e40\u0e23\u0e37\u0e2d", "addr:district:en": "Nong Ruea", "addr:postcode": "40240", "addr:province": "\u0e02\u0e2d\u0e19\u0e41\u0e01\u0e48\u0e19", "addr:province:en": "Khon Kaen", "addr:subdistrict": "\u0e08\u0e23\u0e30\u0e40\u0e02\u0e49", "addr:subdistrict:en": "Chorakhe", "amenity": "school", "name": "\u0e42\u0e23\u0e07\u0e40\u0e23\u0e35\u0e22\u0e19\u0e14\u0e2d\u0e19\u0e42\u0e21\u0e07 \u0e40\u0e17\u0e04\u0e42\u0e19\u0e42\u0e25\u0e22\u0e35\u0e1e\u0e13\u0e34\u0e0a\u0e22\u0e01\u0e32\u0e23", "name:en": "Don Mong Commercial Technology School", "source": "Bing; sign", "osm_id": 1545649008, "osm_type": "node"}, "geometry": {"type": "Point", "coordinates": [102.5361685, 16.4878987]}}, {"type": "Feature", "properties": {"addr:district": "\u0e20\u0e39\u0e40\u0e27\u0e35\u0e22\u0e07", "addr:district:en": "Phu Wiang", "addr:province": "\u0e02\u0e2d\u0e19\u0e41\u0e01\u0e48\u0e19", "addr:province:en": "Khon Kaen", "addr:subdistrict": "\u0e01\u0e38\u0e14\u0e02\u0e2d\u0e19\u0e41\u0e01\u0e48\u0e19", "addr:subdistrict:en": "Kut Khon Kaen", "amenity": "school", "name": "\u0e42\u0e23\u0e07\u0e40\u0e23\u0e35\u0e22\u0e19\u0e1a\u0e49\u0e32\u0e19\u0e04\u0e49\u0e2d", "name:en": "Ban Kho School", "source": "Bing; sign", "osm_id": 1545649011, "osm_type": "node"}, "geometry": {"type": "Point", "coordinates": [102.4846666, 16.5776768]}}, {"type": "Feature", "properties": {"is_in:country": "Thailand", "is_in:country_code": "TH", "is_in:iso_3166_2": "TH-40", "is_in:state": "Khon Kaen", "is_in:state_code": "40", "name": "\u0e1a\u0e49\u0e32\u0e19\u0e14\u0e2d\u0e19\u0e01\u0e2d\u0e01", "name:en": "Ban Don Kok", "place": "village", "source": "Bing; sign", "osm_id": 1554992715, "osm_type": "node"}, "geometry": {"type": "Point", "coordinates": [102.5654328, 16.5923957]}}, {"type": "Feature", "properties": {"is_in:country": "Thailand", "is_in:country_code": "TH", "is_in:iso_3166_2": "TH-40", "is_in:state": "Khon Kaen", "is_in:state_code": "40", "name": "\u0e1a\u0e49\u0e32\u0e19\u0e17\u0e48\u0e32\u0e40\u0e23\u0e37\u0e2d", "name:en": "Ban Tharuea", "place": "village", "source": "Bing; sign", "osm_id": 1554992727, "osm_type": "node"}, "geometry": {"type": "Point", "coordinates": [102.6304941, 16.74503]}}, {"type": "Feature", "properties": {"is_in:country": "Thailand", "is_in:country_code": "TH", "is_in:iso_3166_2": "TH-40", "is_in:state": "Khon Kaen", "is_in:state_code": "40", "name": "\u0e1a\u0e49\u0e32\u0e19\u0e20\u0e39\u0e04\u0e33\u0e40\u0e02\u0e49\u0e32", "name:en": "Ban Phu Kham Khao", "place": "village", "source": "Bing; sign", "osm_id": 1554992737, "osm_type": "node"}, "geometry": {"type": "Point", "coordinates": [102.6267202, 16.7265432]}}, {"type": "Feature", "properties": {"is_in:country": "Thailand", "is_in:country_code": "TH", "is_in:iso_3166_2": "TH-40", "is_in:state": "Khon Kaen", "is_in:state_code": "40", "name": "\u0e1a\u0e49\u0e32\u0e19\u0e2b\u0e34\u0e19\u0e40\u0e1e\u0e34\u0e07", "name:en": "Ban Hin Phoeng", "place": "village", "source": "Bing; sign", "osm_id": 1554992741, "osm_type": "node"}, "geometry": {"type": "Point", "coordinates": [102.6278702, 16.7399167]}}, {"type": "Feature", "properties": {"is_in:country": "Thailand", "is_in:country_code": "TH", "is_in:iso_3166_2": "TH-40", "is_in:state": "Khon Kaen", "is_in:state_code": "40", "name": "\u0e1a\u0e49\u0e32\u0e19\u0e41\u0e01\u0e48\u0e07\u0e28\u0e34\u0e25\u0e32", "name:en": "Ban Kaeng Sila", "place": "village", "source": "Bing; sign", "osm_id": 1554992751, "osm_type": "node"}, "geometry": {"type": "Point", "coordinates": [102.6008771, 16.6684259]}}, {"type": "Feature", "properties": {"is_in:country": "Thailand", "is_in:country_code": "TH", "is_in:iso_3166_2": "TH-40", "is_in:state": "Khon Kaen", "is_in:state_code": "40", "name": "\u0e1a\u0e49\u0e32\u0e19\u0e42\u0e19\u0e19\u0e2a\u0e27\u0e23\u0e23\u0e04\u0e4c", "name:en": "Ban Non Sawan", "place": "village", "source": "Bing; sign", "osm_id": 1554992758, "osm_type": "node"}, "geometry": {"type": "Point", "coordinates": [102.6124376, 16.6939832]}}, {"type": "Feature", "properties": {"is_in:country": "Thailand", "is_in:country_code": "TH", "is_in:iso_3166_2": "TH-40", "is_in:state": "Khon Kaen", "is_in:state_code": "40", "name": "\u0e1a\u0e49\u0e32\u0e19\u0e1a\u0e48\u0e2d\u0e19\u0e01\u0e40\u0e02\u0e32", "name:en": "Ban Bo Nokkhao", "place": "village", "source": "Bing; sign", "osm_id": 1558044690, "osm_type": "node"}, "geometry": {"type": "Point", "coordinates": [102.6316504, 16.7669354]}}, {"type": "Feature", "properties": {"is_in:country": "Thailand", "is_in:country_code": "TH", "is_in:iso_3166_2": "TH-40", "is_in:state": "Khon Kaen", "is_in:state_code": "40", "name": "\u0e1a\u0e49\u0e32\u0e19\u0e2b\u0e49\u0e27\u0e22\u0e17\u0e23\u0e32\u0e22\u0e40\u0e2b\u0e19\u0e37\u0e2d", "name:en": "Ban Huai Sai Nuea", "place": "village", "source": "Bing; sign", "osm_id": 1558044691, "osm_type": "node"}, "geometry": {"type": "Point", "coordinates": [102.6268261, 16.7792608]}}, {"type": "Feature", "properties": {"addr:district": "\u0e2d\u0e38\u0e1a\u0e25\u0e23\u0e31\u0e15\u0e19\u0e4c", "addr:district:en": "Ubonrat", "addr:hamlet": "\u0e2b\u0e21\u0e39\u0e48\u0e17\u0e35\u0e48 2", "addr:province": "\u0e02\u0e2d\u0e19\u0e41\u0e01\u0e48\u0e19", "addr:province:en": "Khon Kaen", "addr:subdistrict": "\u0e40\u0e02\u0e37\u0e48\u0e2d\u0e19\u0e2d\u0e38\u0e1a\u0e25\u0e23\u0e31\u0e15\u0e19\u0e4c", "addr:subdistrict:en": "Khuean Ubonrat", "amenity": "school", "name": "\u0e28\u0e39\u0e19\u0e22\u0e4c\u0e01\u0e32\u0e23\u0e28\u0e36\u0e01\u0e29\u0e32\u0e19\u0e2d\u0e01\u0e23\u0e30\u0e1a\u0e1a\u0e41\u0e25\u0e30\u0e01\u0e32\u0e23\u0e28\u0e36\u0e01\u0e29\u0e32\u0e15\u0e32\u0e21\u0e2d\u0e31\u0e18\u0e22\u0e32\u0e28\u0e31\u0e22", "name:en": "Ubonrat District Non-formal and Informal Education Centre", "source": "Bing; GPS; sign", "osm_id": 1558044720, "osm_type": "node"}, "geometry": {"type": "Point", "coordinates": [102.6358894, 16.7530069]}}, {"type": "Feature", "properties": {"addr:district": "\u0e2d\u0e38\u0e1a\u0e25\u0e23\u0e31\u0e15\u0e19\u0e4c", "addr:district:en": "Ubonrat", "addr:hamlet": "\u0e2b\u0e21\u0e39\u0e48\u0e17\u0e35\u0e48 2", "addr:province": "\u0e02\u0e2d\u0e19\u0e41\u0e01\u0e48\u0e19", "addr:province:en": "Khon Kaen", "addr:subdistrict": "\u0e40\u0e02\u0e37\u0e48\u0e2d\u0e19\u0e2d\u0e38\u0e1a\u0e25\u0e23\u0e31\u0e15\u0e19\u0e4c", "addr:subdistrict:en": "Khuean Ubonrat", "amenity": "school", "name": "\u0e42\u0e23\u0e07\u0e40\u0e23\u0e35\u0e22\u0e19\u0e1a\u0e49\u0e32\u0e19\u0e1e\u0e23\u0e30\u0e1a\u0e32\u0e17\u0e17\u0e48\u0e32\u0e40\u0e23\u0e37\u0e2d", "name:en": "Ban Phrabat Tharuea School", "source": "Bing; sign", "osm_id": 1558044798, "osm_type": "node"}, "geometry": {"type": "Point", "coordinates": [102.6303728, 16.7522605]}}, {"type": "Feature", "properties": {"addr:district": "\u0e2d\u0e38\u0e1a\u0e25\u0e23\u0e31\u0e15\u0e19\u0e4c", "addr:district:en": "Ubonrat", "addr:hamlet": "\u0e2b\u0e21\u0e39\u0e48\u0e17\u0e35\u0e48 7", "addr:province": "\u0e02\u0e2d\u0e19\u0e41\u0e01\u0e48\u0e19", "addr:province:en": "Khon Kaen", "addr:subdistrict": "\u0e1a\u0e49\u0e32\u0e19\u0e14\u0e07", "addr:subdistrict:en": "Ban Dong", "amenity": "school", "name": "\u0e42\u0e23\u0e07\u0e40\u0e23\u0e35\u0e22\u0e19\u0e1a\u0e49\u0e32\u0e19\u0e2b\u0e49\u0e27\u0e22\u0e17\u0e23\u0e32\u0e22\u0e28\u0e35\u0e01\u0e29\u0e32", "name:en": "Ban Huai Sai Sik Sa School", "source": "Bing; sign", "osm_id": 1558044803, "osm_type": "node"}, "geometry": {"type": "Point", "coordinates": [102.6249643, 16.7770118]}}, {"type": "Feature", "properties": {"addr:district": "\u0e2d\u0e38\u0e1a\u0e25\u0e23\u0e31\u0e15\u0e19\u0e4c", "addr:district:en": "Ubonrat", "addr:hamlet": "\u0e2b\u0e21\u0e39\u0e48\u0e17\u0e35\u0e48 6", "addr:province": "\u0e02\u0e2d\u0e19\u0e41\u0e01\u0e48\u0e19", "addr:province:en": "Khon Kaen", "addr:subdistrict": "\u0e40\u0e02\u0e37\u0e48\u0e2d\u0e19\u0e2d\u0e38\u0e1a\u0e25\u0e23\u0e31\u0e15\u0e19\u0e4c", "addr:subdistrict:en": "Khuean Ubonrat", "amenity": "school", "name": "\u0e42\u0e23\u0e07\u0e40\u0e23\u0e35\u0e22\u0e19\u0e1a\u0e49\u0e32\u0e19\u0e42\u0e19\u0e19\u0e08\u0e34\u0e01", "name:en": "Ban Non Chik School", "source": "Bing; sign", "osm_id": 1558044806, "osm_type": "node"}, "geometry": {"type": "Point", "coordinates": [102.6525725, 16.7578476]}}, {"type": "Feature", "properties": {"is_in:country": "Thailand", "is_in:country_code": "TH", "is_in:iso_3166_2": "TH-40", "is_in:state": "Khon Kaen", "is_in:state_code": "40", "name": "\u0e1a\u0e49\u0e32\u0e19\u0e22\u0e32\u0e07\u0e04\u0e33", "name:en": "Ban Yang Kham", "place": "village", "osm_id": 1564828755, "osm_type": "node"}, "geometry": {"type": "Point", "coordinates": [102.5365632, 16.4126096]}}, {"type": "Feature", "properties": {"is_in:country": "Thailand", "is_in:country_code": "TH", "is_in:iso_3166_2": "TH-40", "is_in:state": "Khon Kaen", "is_in:state_code": "40", "name": "\u0e1a\u0e49\u0e32\u0e19\u0e2b\u0e19\u0e2d\u0e07\u0e01\u0e38\u0e07", "name:en": "Ban Nong Kung", "place": "village", "source": "Bing; sign", "osm_id": 1564828775, "osm_type": "node"}, "geometry": {"type": "Point", "coordinates": [102.4410648, 16.4647378]}}, {"type": "Feature", "properties": {"is_in:country": "Thailand", "is_in:country_code": "TH", "is_in:iso_3166_2": "TH-40", "is_in:state": "Khon Kaen", "is_in:state_code": "40", "name": "\u0e1a\u0e49\u0e32\u0e19\u0e2b\u0e19\u0e2d\u0e07\u0e2b\u0e2d\u0e22", "name:en": "Ban Nong Hoi", "place": "village", "source": "Bing; sign", "osm_id": 1564828784, "osm_type": "node"}, "geometry": {"type": "Point", "coordinates": [102.5286195, 16.4434057]}}, {"type": "Feature", "properties": {"is_in:country": "Thailand", "is_in:country_code": "TH", "is_in:iso_3166_2": "TH-40", "is_in:state": "Khon Kaen", "is_in:state_code": "40", "name": "\u0e1a\u0e49\u0e32\u0e19\u0e2b\u0e19\u0e2d\u0e07\u0e41\u0e27\u0e07", "name:en": "Ban Nong Waeng", "place": "village", "source": "Bing; sign", "osm_id": 1564828792, "osm_type": "node"}, "geometry": {"type": "Point", "coordinates": [102.5097345, 16.4209697]}}, {"type": "Feature", "properties": {"capital_level": "8", "is_in:country": "Thailand", "is_in:country_code": "TH", "is_in:iso_3166_2": "TH-40", "is_in:state": "Khon Kaen", "is_in:state_code": "40", "name": "\u0e1a\u0e49\u0e32\u0e19\u0e40\u0e21\u0e47\u0e07", "name:en": "Ban Meng", "place": "village", "source": "Bing; sign", "osm_id": 1564828795, "osm_type": "node"}, "geometry": {"type": "Point", "coordinates": [102.4422221, 16.4497972]}}, {"type": "Feature", "properties": {"is_in:country": "Thailand", "is_in:country_code": "TH", "is_in:iso_3166_2": "TH-40", "is_in:state": "Khon Kaen", "is_in:state_code": "40", "name": "\u0e1a\u0e49\u0e32\u0e19\u0e40\u0e2b\u0e21\u0e37\u0e2d\u0e14\u0e41\u0e2d\u0e48", "name:en": "Ban Mueat Ae", "place": "village", "source": "Bing; sign", "osm_id": 1564828806, "osm_type": "node"}, "geometry": {"type": "Point", "coordinates": [102.4880463, 16.4468608]}}, {"type": "Feature", "properties": {"is_in:country": "Thailand", "is_in:country_code": "TH", "is_in:iso_3166_2": "TH-40", "is_in:state": "Khon Kaen", "is_in:state_code": "40", "name": "\u0e1a\u0e49\u0e32\u0e19\u0e1f\u0e49\u0e32\u0e40\u0e2b\u0e25\u0e37\u0e48\u0e2d\u0e21", "name:en": "Ban Fa Lueam", "place": "village", "source": "Bing; sign", "osm_id": 1564837721, "osm_type": "node"}, "geometry": {"type": "Point", "coordinates": [102.4752371, 16.5210154]}}, {"type": "Feature", "properties": {"name": "\u0e1a\u0e49\u0e32\u0e19\u0e01\u0e38\u0e14\u0e01\u0e27\u0e49\u0e32\u0e07", "name:en": "Ban Kut Kwang", "name:th": "\u0e1a\u0e49\u0e32\u0e19\u0e01\u0e38\u0e14\u0e01\u0e27\u0e49\u0e32\u0e07", "place": "village", "source": "Bing; sign", "osm_id": 1572572534, "osm_type": "node"}, "geometry": {"type": "Point", "coordinates": [102.8266241, 16.7127992]}}, {"type": "Feature", "properties": {"is_in:country": "Thailand", "is_in:country_code": "TH", "is_in:iso_3166_2": "TH-40", "is_in:state": "Khon Kaen", "is_in:state_code": "40", "name": "\u0e1a\u0e49\u0e32\u0e19\u0e04\u0e33\u0e1a\u0e2d\u0e19", "name:en": "Ban Kham Bon", "place": "village", "source": "Bing; sign", "osm_id": 1572572535, "osm_type": "node"}, "geometry": {"type": "Point", "coordinates": [102.7221998, 16.7235259]}}, {"type": "Feature", "properties": {"is_in:country": "Thailand", "is_in:country_code": "TH", "is_in:iso_3166_2": "TH-40", "is_in:state": "Khon Kaen", "is_in:state_code": "40", "name": "\u0e1a\u0e49\u0e32\u0e19\u0e08\u0e23\u0e30\u0e40\u0e02\u0e49\u0e2f", "name:en": "Ban Chorakhe", "place": "village", "source": "Bing; sign", "osm_id": 1572572536, "osm_type": "node"}, "geometry": {"type": "Point", "coordinates": [102.6995351, 16.7342309]}}, {"type": "Feature", "properties": {"capital_level": "8", "is_in:country": "Thailand", "is_in:country_code": "TH", "is_in:iso_3166_2": "TH-40", "is_in:state": "Khon Kaen", "is_in:state_code": "40", "name": "\u0e1a\u0e49\u0e32\u0e19\u0e17\u0e38\u0e48\u0e07\u0e42\u0e1b\u0e48\u0e07", "name:en": "Ban Thung Pong", "place": "village", "source": "Bing; sign", "osm_id": 1572572537, "osm_type": "node"}, "geometry": {"type": "Point", "coordinates": [102.6591545, 16.7397874]}}, {"type": "Feature", "properties": {"name": "\u0e1a\u0e49\u0e32\u0e19\u0e1f\u0e32\u0e01\u0e1e\u0e2d\u0e07", "name:en": "Ban Fak Phong", "name:th": "\u0e1a\u0e49\u0e32\u0e19\u0e1f\u0e32\u0e01\u0e1e\u0e2d\u0e07", "place": "village", "source": "Bing; sign", "osm_id": 1572572538, "osm_type": "node"}, "geometry": {"type": "Point", "coordinates": [102.8025526, 16.7085542]}}, {"type": "Feature", "properties": {"name": "\u0e1a\u0e49\u0e32\u0e19\u0e2b\u0e19\u0e2d\u0e07\u0e1a\u0e31\u0e27\u0e19\u0e49\u0e2d\u0e22", "name:en": "Ban Nong Bua Noi", "name:th": "\u0e1a\u0e49\u0e32\u0e19\u0e2b\u0e19\u0e2d\u0e07\u0e1a\u0e31\u0e27\u0e19\u0e49\u0e2d\u0e22", "place": "village", "source": "Bing; sign", "osm_id": 1572572539, "osm_type": "node"}, "geometry": {"type": "Point", "coordinates": [102.7673901, 16.7176763]}}, {"type": "Feature", "properties": {"is_in:country": "Thailand", "is_in:country_code": "TH", "is_in:iso_3166_2": "TH-40", "is_in:state": "Khon Kaen", "is_in:state_code": "40", "name": "\u0e1a\u0e49\u0e32\u0e19\u0e2b\u0e19\u0e2d\u0e07\u0e1c\u0e37\u0e2d", "name:en": "Ban Nong Phue", "place": "village", "source": "Bing; sign", "osm_id": 1572572540, "osm_type": "node"}, "geometry": {"type": "Point", "coordinates": [102.693766, 16.743635]}}, {"type": "Feature", "properties": {"is_in:country": "Thailand", "is_in:country_code": "TH", "is_in:iso_3166_2": "TH-40", "is_in:state": "Khon Kaen", "is_in:state_code": "40", "name": "\u0e1a\u0e49\u0e32\u0e19\u0e2b\u0e49\u0e27\u0e22\u0e42\u0e08\u0e14", "name:en": "Ban Huai Chot", "place": "village", "source": "Bing; sign", "osm_id": 1572572541, "osm_type": "node"}, "geometry": {"type": "Point", "coordinates": [102.7539025, 16.717716]}}, {"type": "Feature", "properties": {"is_in:country": "Thailand", "is_in:country_code": "TH", "is_in:iso_3166_2": "TH-40", "is_in:state": "Khon Kaen", "is_in:state_code": "40", "name": "\u0e1a\u0e49\u0e32\u0e19\u0e2d\u0e38\u0e14\u0e21\u0e28\u0e34\u0e25\u0e1b\u0e4c\u0e1c\u0e31\u0e07 2", "name:en": "Ban Udom Sin Phang 2", "place": "hamlet", "source": "Bing; sign", "osm_id": 1572572542, "osm_type": "node"}, "geometry": {"type": "Point", "coordinates": [102.7219821, 16.7068602]}}, {"type": "Feature", "properties": {"is_in:country": "Thailand", "is_in:country_code": "TH", "is_in:iso_3166_2": "TH-40", "is_in:state": "Khon Kaen", "is_in:state_code": "40", "name": "\u0e1a\u0e49\u0e32\u0e19\u0e2d\u0e38\u0e14\u0e21\u0e28\u0e34\u0e25\u0e1b\u0e4c\u0e1c\u0e31\u0e07 6", "name:en": "Ban Udom Sin Phang 6", "place": "hamlet", "source": "Bing; sign", "osm_id": 1572572543, "osm_type": "node"}, "geometry": {"type": "Point", "coordinates": [102.7316554, 16.6990107]}}, {"type": "Feature", "properties": {"is_in:country": "Thailand", "is_in:country_code": "TH", "is_in:iso_3166_2": "TH-40", "is_in:state": "Khon Kaen", "is_in:state_code": "40", "name": "\u0e1a\u0e49\u0e32\u0e19\u0e2d\u0e38\u0e14\u0e21\u0e28\u0e34\u0e25\u0e1b\u0e4c\u0e1c\u0e31\u0e07", "name:en": "Ban Udom Sin Phang", "place": "hamlet", "source": "Bing; sign", "osm_id": 1572572544, "osm_type": "node"}, "geometry": {"type": "Point", "coordinates": [102.7238547, 16.7159065]}}, {"type": "Feature", "properties": {"name": "\u0e1a\u0e49\u0e32\u0e19\u0e41\u0e2a\u0e07\u0e08\u0e31\u0e19\u0e17\u0e23\u0e4c", "name:en": "Ban Saengchan", "name:th": "\u0e1a\u0e49\u0e32\u0e19\u0e41\u0e2a\u0e07\u0e08\u0e31\u0e19\u0e17\u0e23\u0e4c", "place": "village", "source": "Bing; sign", "osm_id": 1572572545, "osm_type": "node"}, "geometry": {"type": "Point", "coordinates": [102.8066966, 16.7083559]}}, {"type": "Feature", "properties": {"is_in:country": "Thailand", "is_in:country_code": "TH", "is_in:iso_3166_2": "TH-40", "is_in:state": "Khon Kaen", "is_in:state_code": "40", "name": "\u0e1a\u0e49\u0e32\u0e19\u0e42\u0e19\u0e19\u0e02\u0e32\u0e21\u0e41\u0e1b", "name:en": "Ban Non Kham Pae", "place": "village", "source": "Bing; sign", "osm_id": 1572572546, "osm_type": "node"}, "geometry": {"type": "Point", "coordinates": [102.7652238, 16.7267517]}}, {"type": "Feature", "properties": {"is_in:country": "Thailand", "is_in:country_code": "TH", "is_in:iso_3166_2": "TH-40", "is_in:state": "Khon Kaen", "is_in:state_code": "40", "name": "\u0e1a\u0e49\u0e32\u0e19\u0e42\u0e19\u0e19\u0e2a\u0e27\u0e23\u0e23\u0e04\u0e4c", "name:en": "Ban Non Sawan", "place": "village", "source": "Bing; sign", "osm_id": 1572572547, "osm_type": "node"}, "geometry": {"type": "Point", "coordinates": [102.7109444, 16.7194625]}}, {"type": "Feature", "properties": {"is_in:country": "Thailand", "is_in:country_code": "TH", "is_in:iso_3166_2": "TH-40", "is_in:state": "Khon Kaen", "is_in:state_code": "40", "name": "\u0e1a\u0e49\u0e32\u0e19\u0e42\u0e19\u0e19\u0e2a\u0e30\u0e27\u0e32\u0e14", "name:en": "Ban Non Sa Wat", "place": "village", "source": "Bing; sign", "osm_id": 1572572548, "osm_type": "node"}, "geometry": {"type": "Point", "coordinates": [102.6955007, 16.7272944]}}, {"type": "Feature", "properties": {"is_in:country": "Thailand", "is_in:country_code": "TH", "is_in:iso_3166_2": "TH-40", "is_in:state": "Khon Kaen", "is_in:state_code": "40", "name": "\u0e1a\u0e49\u0e32\u0e19\u0e42\u0e19\u0e19\u0e2d\u0e38\u0e14\u0e21", "name:en": "Ban Non Udom", "place": "village", "source": "Bing; sign", "osm_id": 1572572549, "osm_type": "node"}, "geometry": {"type": "Point", "coordinates": [102.7581438, 16.7033747]}}, {"type": "Feature", "properties": {"addr:district": "\u0e19\u0e49\u0e33\u0e1e\u0e2d\u0e07", "addr:district:en": "Nam Phong", "addr:hamlet": "\u0e2b\u0e21\u0e39\u0e48\u0e17\u0e35\u0e48 1", "addr:province": "\u0e02\u0e2d\u0e19\u0e41\u0e01\u0e48\u0e19", "addr:province:en": "Khon Kaen", "addr:subdistrict": "\u0e01\u0e38\u0e14\u0e19\u0e49\u0e33\u0e43\u0e2a", "addr:subdistrict:en": "Kut Nam Sai", "alt_name": "\u0e2a\u0e16\u0e32\u0e19\u0e35\u0e2d\u0e19\u0e32\u0e21\u0e31\u0e22\u0e01\u0e38\u0e14\u0e19\u0e49\u0e33\u0e43\u0e2a", "amenity": "clinic", "emergency": "no", "healthcare": "clinic", "name": "\u0e42\u0e23\u0e07\u0e1e\u0e22\u0e32\u0e1a\u0e32\u0e25\u0e2a\u0e48\u0e07\u0e40\u0e2a\u0e23\u0e34\u0e21\u0e2a\u0e38\u0e02\u0e20\u0e32\u0e1e\u0e15\u0e33\u0e1a\u0e25 \u0e01\u0e38\u0e14\u0e19\u0e49\u0e33\u0e43\u0e2a", "name:en": "Kut Nam Sai Subdistrict Health Promoting Hospital", "short_name": "\u0e23\u0e1e.\u0e2a\u0e15.\u0e01\u0e38\u0e14\u0e19\u0e49\u0e33\u0e43\u0e2a", "source": "Bing; sign", "osm_id": 1572572627, "osm_type": "node"}, "geometry": {"type": "Point", "coordinates": [102.7839134, 16.698592]}}, {"type": "Feature", "properties": {"addr:district": "\u0e2d\u0e38\u0e1a\u0e25\u0e23\u0e31\u0e15\u0e19\u0e4c", "addr:district:en": "Ubonrat", "addr:hamlet": "\u0e2b\u0e21\u0e39\u0e48\u0e17\u0e35\u0e48 4", "addr:province": "\u0e02\u0e2d\u0e19\u0e41\u0e01\u0e48\u0e19", "addr:province:en": "Khon Kaen", "addr:subdistrict": "\u0e17\u0e38\u0e48\u0e07\u0e42\u0e1b\u0e48\u0e07", "addr:subdistrict:en": "Thung Pong", "alt_name": "\u0e2a\u0e16\u0e32\u0e19\u0e35\u0e2d\u0e19\u0e32\u0e21\u0e31\u0e22\u0e17\u0e38\u0e48\u0e07\u0e42\u0e1b\u0e48\u0e07", "amenity": "clinic", "emergency": "no", "healthcare": "clinic", "name": "\u0e42\u0e23\u0e07\u0e1e\u0e22\u0e32\u0e1a\u0e32\u0e25\u0e2a\u0e48\u0e07\u0e40\u0e2a\u0e23\u0e34\u0e21\u0e2a\u0e38\u0e02\u0e20\u0e32\u0e1e\u0e15\u0e33\u0e1a\u0e25 \u0e17\u0e38\u0e48\u0e07\u0e42\u0e1b\u0e48\u0e07", "name:en": "Thung Pong Subdistrict Health Promoting Hospital", "short_name": "\u0e23\u0e1e.\u0e2a\u0e15.\u0e17\u0e38\u0e48\u0e07\u0e42\u0e1b\u0e48\u0e07", "source": "Bing; sign", "osm_id": 1572572629, "osm_type": "node"}, "geometry": {"type": "Point", "coordinates": [102.6753569, 16.7335678]}}, {"type": "Feature", "properties": {"addr:district": "\u0e2d\u0e38\u0e1a\u0e25\u0e23\u0e31\u0e15\u0e19\u0e4c", "addr:district:en": "Ubonrat", "addr:hamlet": "\u0e2b\u0e21\u0e39\u0e48\u0e17\u0e35\u0e48 7", "addr:province": "\u0e02\u0e2d\u0e19\u0e41\u0e01\u0e48\u0e19", "addr:province:en": "Khon Kaen", "addr:subdistrict": "\u0e42\u0e04\u0e01\u0e2a\u0e39\u0e07", "addr:subdistrict:en": "Khok Sung", "alt_name": "\u0e2a\u0e16\u0e32\u0e19\u0e35\u0e2d\u0e19\u0e32\u0e21\u0e31\u0e22\u0e1a\u0e49\u0e32\u0e19\u0e2d\u0e38\u0e14\u0e21\u0e28\u0e34\u0e25\u0e1b\u0e4c", "amenity": "clinic", "emergency": "no", "healthcare": "clinic", "name": "\u0e42\u0e23\u0e07\u0e1e\u0e22\u0e32\u0e1a\u0e32\u0e25\u0e2a\u0e48\u0e07\u0e40\u0e2a\u0e23\u0e34\u0e21\u0e2a\u0e38\u0e02\u0e20\u0e32\u0e1e\u0e15\u0e33\u0e1a\u0e25 \u0e1a\u0e49\u0e32\u0e19\u0e2d\u0e38\u0e14\u0e21\u0e28\u0e34\u0e25\u0e1b\u0e4c", "name:en": "Ban Udom Sin Subdistrict Health Promoting Hospital", "short_name": "\u0e23\u0e1e.\u0e2a\u0e15.\u0e1a\u0e49\u0e32\u0e19\u0e2d\u0e38\u0e14\u0e21\u0e28\u0e34\u0e25\u0e1b\u0e4c", "source": "Bing; sign", "osm_id": 1572572630, "osm_type": "node"}, "geometry": {"type": "Point", "coordinates": [102.7237636, 16.7152932]}}, {"type": "Feature", "properties": {"addr:district": "\u0e19\u0e49\u0e33\u0e1e\u0e2d\u0e07", "addr:district:en": "Nam Phong", "addr:hamlet": "\u0e2b\u0e21\u0e39\u0e48\u0e17\u0e35\u0e48 1", "addr:province": "\u0e02\u0e2d\u0e19\u0e41\u0e01\u0e48\u0e19", "addr:province:en": "Khon Kaen", "addr:subdistrict": "\u0e01\u0e38\u0e14\u0e19\u0e49\u0e33\u0e43\u0e2a", "addr:subdistrict:en": "Kut Nam Sai", "amenity": "school", "name": "\u0e42\u0e23\u0e07\u0e40\u0e23\u0e35\u0e22\u0e19\u0e1a\u0e49\u0e32\u0e19\u0e01\u0e38\u0e14\u0e19\u0e49\u0e33\u0e43\u0e2a", "name:en": "Ban Kut Nam Sai School", "name:th": "\u0e42\u0e23\u0e07\u0e40\u0e23\u0e35\u0e22\u0e19\u0e1a\u0e49\u0e32\u0e19\u0e01\u0e38\u0e14\u0e19\u0e49\u0e33\u0e43\u0e2a", "source": "Bing; sign", "osm_id": 1572572631, "osm_type": "node"}, "geometry": {"type": "Point", "coordinates": [102.7869677, 16.7013986]}}, {"type": "Feature", "properties": {"addr:district": "\u0e19\u0e49\u0e33\u0e1e\u0e2d\u0e07", "addr:district:en": "Nam Phong", "addr:province": "\u0e02\u0e2d\u0e19\u0e41\u0e01\u0e48\u0e19", "addr:province:en": "Khon Kaen", "addr:subdistrict": "\u0e01\u0e38\u0e14\u0e19\u0e49\u0e33\u0e43\u0e2a", "addr:subdistrict:en": "Kut Nam Sai", "amenity": "school", "name": "\u0e42\u0e23\u0e07\u0e40\u0e23\u0e35\u0e22\u0e19\u0e40\u0e17\u0e28\u0e1a\u0e32\u0e25\u0e01\u0e38\u0e14\u0e19\u0e49\u0e33\u0e43\u0e2a", "name:en": "Kut Nam Sai Municipality School", "source": "GPS; sign", "osm_id": 1572572632, "osm_type": "node"}, "geometry": {"type": "Point", "coordinates": [102.815079, 16.7109158]}}, {"type": "Feature", "properties": {"amenity": "school", "name": "\u0e42\u0e23\u0e07\u0e40\u0e23\u0e35\u0e22\u0e19\u0e1a\u0e49\u0e32\u0e19\u0e01\u0e39\u0e48\u0e17\u0e2d\u0e07", "name:en": "Ban Ku Thong School", "name:th": "\u0e42\u0e23\u0e07\u0e40\u0e23\u0e35\u0e22\u0e19\u0e1a\u0e49\u0e32\u0e19\u0e01\u0e39\u0e48\u0e17\u0e2d\u0e07", "source": "bing; sign", "osm_id": 1573609459, "osm_type": "node"}, "geometry": {"type": "Point", "coordinates": [102.9637674, 16.4455544]}}, {"type": "Feature", "properties": {"amenity": "school", "name": "\u0e42\u0e23\u0e07\u0e40\u0e23\u0e35\u0e22\u0e19\u0e1a\u0e49\u0e32\u0e19\u0e40\u0e25\u0e34\u0e07\u0e40\u0e1b\u0e37\u0e2d\u0e22", "name:en": "Ban Loengpuai School", "name:th": "\u0e42\u0e23\u0e07\u0e40\u0e23\u0e35\u0e22\u0e19\u0e1a\u0e49\u0e32\u0e19\u0e40\u0e25\u0e34\u0e07\u0e40\u0e1b\u0e37\u0e2d\u0e22", "source": "GPS; sign", "osm_id": 1573609460, "osm_type": "node"}, "geometry": {"type": "Point", "coordinates": [102.8931845, 16.4319184]}}, {"type": "Feature", "properties": {"addr:district": "\u0e40\u0e21\u0e37\u0e2d\u0e07\u0e02\u0e2d\u0e19\u0e41\u0e01\u0e19", "addr:district:en": "Mueang Khon Kaen", "addr:province": "\u0e02\u0e2d\u0e19\u0e41\u0e01\u0e48\u0e19", "addr:province:en": "Khon Kaen", "addr:subdistrict": "\u0e2a\u0e33\u0e23\u0e32\u0e0d", "addr:subdistrict:en": "Samran", "amenity": "school", "name": "\u0e42\u0e23\u0e07\u0e40\u0e23\u0e35\u0e22\u0e19\u0e44\u0e17\u0e22\u0e23\u0e31\u0e10\u0e27\u0e34\u0e17\u0e22\u0e32 \u0e58\u0e54", "name:en": "Thairath Witthaya 84 School", "name:th": "\u0e42\u0e23\u0e07\u0e40\u0e23\u0e35\u0e22\u0e19\u0e44\u0e17\u0e22\u0e23\u0e31\u0e10\u0e27\u0e34\u0e17\u0e22\u0e32 \u0e58\u0e54", "source": "Bing; sign", "osm_id": 1573663232, "osm_type": "node"}, "geometry": {"type": "Point", "coordinates": [102.8304387, 16.5401151]}}, {"type": "Feature", "properties": {"is_in:country": "Thailand", "is_in:country_code": "TH", "is_in:iso_3166_2": "TH-40", "is_in:state": "Khon Kaen", "is_in:state_code": "40", "name": "\u0e1a\u0e49\u0e32\u0e19\u0e01\u0e38\u0e14\u0e01\u0e23\u0e30\u0e2b\u0e19\u0e27\u0e19", "name:en": "Ban Kut Kranuan", "place": "village", "source": "Bing; sign", "osm_id": 1584219727, "osm_type": "node"}, "geometry": {"type": "Point", "coordinates": [102.6797027, 16.8306363]}}, {"type": "Feature", "properties": {"addr:district": "\u0e19\u0e49\u0e33\u0e1e\u0e2d\u0e07", "addr:district:en": "Nam Phong", "addr:hamlet": "\u0e2b\u0e21\u0e39\u0e48\u0e17\u0e35\u0e48 11", "addr:province": "\u0e08\u0e31\u0e07\u0e2b\u0e27\u0e31\u0e14\u0e02\u0e2d\u0e19\u0e41\u0e01\u0e48\u0e19", "addr:province:en": "Khon Kaen Province", "addr:subdistrict": "\u0e2a\u0e30\u0e2d\u0e32\u0e14", "addr:subdistrict:en": "Sa-at", "name": "\u0e1a\u0e49\u0e32\u0e19\u0e04\u0e33\u0e1a\u0e07 \u0e2b\u0e21\u0e39\u0e48 11", "name:en": "Ban Kham Bong Mu 11", "place": "hamlet", "source": "Bing; sign", "osm_id": 1584219728, "osm_type": "node"}, "geometry": {"type": "Point", "coordinates": [102.8121932, 16.7917618]}}, {"type": "Feature", "properties": {"addr:district": "\u0e19\u0e49\u0e33\u0e1e\u0e2d\u0e07", "addr:district:en": "Nam Phong", "addr:hamlet": "\u0e2b\u0e21\u0e39\u0e48\u0e17\u0e35\u0e48 13", "addr:province": "\u0e08\u0e31\u0e07\u0e2b\u0e27\u0e31\u0e14\u0e02\u0e2d\u0e19\u0e41\u0e01\u0e48\u0e19", "addr:province:en": "Khon Kaen Province", "addr:subdistrict": "\u0e2a\u0e30\u0e2d\u0e32\u0e14", "addr:subdistrict:en": "Sa-at", "name": "\u0e1a\u0e49\u0e32\u0e19\u0e04\u0e33\u0e1a\u0e07 \u0e2b\u0e21\u0e39\u0e48 13", "name:en": "Ban Kham Bong Mu 13", "place": "hamlet", "source": "Bing; sign", "osm_id": 1584219729, "osm_type": "node"}, "geometry": {"type": "Point", "coordinates": [102.8159003, 16.7924195]}}, {"type": "Feature", "properties": {"addr:district": "\u0e19\u0e49\u0e33\u0e1e\u0e2d\u0e07", "addr:district:en": "Nam Phong", "addr:hamlet": "\u0e2b\u0e21\u0e39\u0e48\u0e17\u0e35\u0e48 9", "addr:province": "\u0e08\u0e31\u0e07\u0e2b\u0e27\u0e31\u0e14\u0e02\u0e2d\u0e19\u0e41\u0e01\u0e48\u0e19", "addr:province:en": "Khon Kaen Province", "addr:subdistrict": "\u0e2a\u0e30\u0e2d\u0e32\u0e14", "addr:subdistrict:en": "Sa-at", "name": "\u0e1a\u0e49\u0e32\u0e19\u0e04\u0e33\u0e1a\u0e07 \u0e2b\u0e21\u0e39\u0e48 9", "name:en": "Ban Kham Bong Mu 9", "place": "hamlet", "source": "Bing; sign", "osm_id": 1584219730, "osm_type": "node"}, "geometry": {"type": "Point", "coordinates": [102.8194497, 16.7925694]}}, {"type": "Feature", "properties": {"name": "\u0e1a\u0e49\u0e32\u0e19\u0e04\u0e33\u0e1a\u0e07", "name:en": "Ban Kham Bong", "name:th": "\u0e1a\u0e49\u0e32\u0e19\u0e04\u0e33\u0e1a\u0e07", "place": "village", "source": "Bing; sign", "osm_id": 1584219731, "osm_type": "node"}, "geometry": {"type": "Point", "coordinates": [102.816467, 16.789007]}}, {"type": "Feature", "properties": {"is_in:country": "Thailand", "is_in:country_code": "TH", "is_in:iso_3166_2": "TH-40", "is_in:state": "Khon Kaen", "is_in:state_code": "40", "name": "\u0e1a\u0e49\u0e32\u0e19\u0e04\u0e33\u0e21\u0e37\u0e14\u0e40\u0e2b\u0e19\u0e37\u0e2d", "name:en": "Ban Kham Muet Nuea", "place": "village", "source": "Bing; sign", "osm_id": 1584219732, "osm_type": "node"}, "geometry": {"type": "Point", "coordinates": [102.8696174, 16.782822]}}, {"type": "Feature", "properties": {"is_in:country": "Thailand", "is_in:country_code": "TH", "is_in:iso_3166_2": "TH-40", "is_in:state": "Khon Kaen", "is_in:state_code": "40", "name": "\u0e1a\u0e49\u0e32\u0e19\u0e04\u0e33\u0e21\u0e37\u0e14\u0e43\u0e15\u0e49", "name:en": "Ban Kham Muet Tai", "place": "village", "source": "Bing; sign", "osm_id": 1584219733, "osm_type": "node"}, "geometry": {"type": "Point", "coordinates": [102.8657128, 16.76626]}}, {"type": "Feature", "properties": {"is_in:country": "Thailand", "is_in:country_code": "TH", "is_in:iso_3166_2": "TH-40", "is_in:state": "Khon Kaen", "is_in:state_code": "40", "name": "\u0e1a\u0e49\u0e32\u0e19\u0e04\u0e33\u0e21\u0e48\u0e27\u0e07", "name:en": "Ban Kham Muang", "place": "village", "source": "Bing; sign", "osm_id": 1584219734, "osm_type": "node"}, "geometry": {"type": "Point", "coordinates": [102.8474382, 16.8151064]}}, {"type": "Feature", "properties": {"is_in:country": "Thailand", "is_in:country_code": "TH", "is_in:iso_3166_2": "TH-40", "is_in:state": "Khon Kaen", "is_in:state_code": "40", "name": "\u0e1a\u0e49\u0e32\u0e19\u0e04\u0e33\u0e2a\u0e21\u0e1a\u0e31\u0e15\u0e34", "name:en": "Ban Kham Sombat", "place": "village", "source": "Bing; sign", "osm_id": 1584219735, "osm_type": "node"}, "geometry": {"type": "Point", "coordinates": [102.8408242, 16.8191177]}}, {"type": "Feature", "properties": {"is_in:country": "Thailand", "is_in:country_code": "TH", "is_in:iso_3166_2": "TH-40", "is_in:state": "Khon Kaen", "is_in:state_code": "40", "name": "\u0e1a\u0e49\u0e32\u0e19\u0e04\u0e49\u0e2d\u0e17\u0e48\u0e32\u0e42\u0e1e\u0e18\u0e34\u0e4c", "name:en": "Ban Kho Tha Pho", "place": "village", "source": "Bing; sign", "osm_id": 1584219736, "osm_type": "node"}, "geometry": {"type": "Point", "coordinates": [102.7959391, 16.8144734]}}, {"type": "Feature", "properties": {"capital_level": "8", "is_in:country": "Thailand", "is_in:country_code": "TH", "is_in:iso_3166_2": "TH-40", "is_in:state": "Khon Kaen", "is_in:state_code": "40", "name": "\u0e1a\u0e49\u0e32\u0e19\u0e14\u0e07", "name:en": "Ban Dong", "place": "village", "source": "Bing; sign", "osm_id": 1584219737, "osm_type": "node"}, "geometry": {"type": "Point", "coordinates": [102.6892303, 16.8073256]}}, {"type": "Feature", "properties": {"capital_level": "8", "is_in:country": "Thailand", "is_in:country_code": "TH", "is_in:iso_3166_2": "TH-40", "is_in:state": "Khon Kaen", "is_in:state_code": "40", "name": "\u0e1a\u0e49\u0e32\u0e19\u0e14\u0e07\u0e40\u0e21\u0e37\u0e2d\u0e07\u0e41\u0e2d\u0e21", "name:en": "Ban Dong Mueang Aem", "place": "village", "source": "Bing; sign", "osm_id": 1584219738, "osm_type": "node"}, "geometry": {"type": "Point", "coordinates": [102.8076287, 16.8186407]}}, {"type": "Feature", "properties": {"is_in:country": "Thailand", "is_in:country_code": "TH", "is_in:iso_3166_2": "TH-40", "is_in:state": "Khon Kaen", "is_in:state_code": "40", "name": "\u0e1a\u0e49\u0e32\u0e19\u0e14\u0e07\u0e40\u0e23\u0e37\u0e2d\u0e07", "name:en": "Ban Dong Rueang", "place": "village", "source": "Bing; sign", "osm_id": 1584219739, "osm_type": "node"}, "geometry": {"type": "Point", "coordinates": [102.8237012, 16.8279916]}}, {"type": "Feature", "properties": {"name": "\u0e1a\u0e49\u0e32\u0e19\u0e14\u0e49\u0e27\u0e07", "name:en": "Ban Duang", "name:th": "\u0e1a\u0e49\u0e32\u0e19\u0e14\u0e49\u0e27\u0e07", "place": "village", "source": "Bing; sign", "osm_id": 1584219740, "osm_type": "node"}, "geometry": {"type": "Point", "coordinates": [102.8193918, 16.7487345]}}, {"type": "Feature", "properties": {"is_in:country": "Thailand", "is_in:country_code": "TH", "is_in:iso_3166_2": "TH-40", "is_in:state": "Khon Kaen", "is_in:state_code": "40", "name": "\u0e1a\u0e49\u0e32\u0e19\u0e17\u0e23\u0e31\u0e1e\u0e22\u0e4c\u0e2a\u0e21\u0e1a\u0e39\u0e23\u0e13\u0e4c", "name:en": "Ban Sap Sombun", "place": "village", "source": "Bing; sign", "osm_id": 1584219741, "osm_type": "node"}, "geometry": {"type": "Point", "coordinates": [102.8517836, 16.8179421]}}, {"type": "Feature", "properties": {"is_in:country": "Thailand", "is_in:country_code": "TH", "is_in:iso_3166_2": "TH-40", "is_in:state": "Khon Kaen", "is_in:state_code": "40", "name": "\u0e1a\u0e49\u0e32\u0e19\u0e19\u0e32\u0e28\u0e23\u0e35", "name:en": "Ban Na Si", "place": "village", "source": "Bing; sign", "osm_id": 1584219742, "osm_type": "node"}, "geometry": {"type": "Point", "coordinates": [102.7524195, 16.7862104]}}, {"type": "Feature", "properties": {"addr:district": "\u0e19\u0e49\u0e33\u0e1e\u0e2d\u0e07", "addr:district:en": "Nam Phong", "addr:hamlet": "\u0e2b\u0e21\u0e39\u0e48\u0e17\u0e35\u0e48 5", "addr:province": "\u0e08\u0e31\u0e07\u0e2b\u0e27\u0e31\u0e14\u0e02\u0e2d\u0e19\u0e41\u0e01\u0e48\u0e19", "addr:province:en": "Khon Kaen Province", "addr:subdistrict": "\u0e2b\u0e19\u0e2d\u0e07\u0e01\u0e38\u0e07", "addr:subdistrict:en": "Nong Kung", "name": "\u0e1a\u0e49\u0e32\u0e19\u0e19\u0e32\u0e40\u0e23\u0e35\u0e22\u0e07 \u0e2b\u0e21\u0e39\u0e48 5", "name:en": "Ban Na Riang Mu 5", "place": "hamlet", "source": "Bing; sign", "osm_id": 1584219743, "osm_type": "node"}, "geometry": {"type": "Point", "coordinates": [102.8829363, 16.7544588]}}, {"type": "Feature", "properties": {"addr:district": "\u0e19\u0e49\u0e33\u0e1e\u0e2d\u0e07", "addr:district:en": "Nam Phong", "addr:hamlet": "\u0e2b\u0e21\u0e39\u0e48\u0e17\u0e35\u0e48 9", "addr:province": "\u0e08\u0e31\u0e07\u0e2b\u0e27\u0e31\u0e14\u0e02\u0e2d\u0e19\u0e41\u0e01\u0e48\u0e19", "addr:province:en": "Khon Kaen Province", "addr:subdistrict": "\u0e2b\u0e19\u0e2d\u0e07\u0e01\u0e38\u0e07", "addr:subdistrict:en": "Nong Kung", "name": "\u0e1a\u0e49\u0e32\u0e19\u0e19\u0e32\u0e40\u0e23\u0e35\u0e22\u0e07 \u0e2b\u0e21\u0e39\u0e48 9", "name:en": "Ban Na Riang Mu 9", "place": "hamlet", "source": "Bing; sign", "osm_id": 1584219744, "osm_type": "node"}, "geometry": {"type": "Point", "coordinates": [102.880689, 16.7584062]}}, {"type": "Feature", "properties": {"capital_level": "8", "is_in:country": "Thailand", "is_in:country_code": "TH", "is_in:iso_3166_2": "TH-40", "is_in:state": "Khon Kaen", "is_in:state_code": "40", "name": "\u0e1a\u0e49\u0e32\u0e19\u0e2a\u0e30\u0e2d\u0e32\u0e14", "name:en": "Ban Sa-at", "place": "village", "source": "Bing; sign", "osm_id": 1584219745, "osm_type": "node"}, "geometry": {"type": "Point", "coordinates": [102.7568701, 16.8271671]}}, {"type": "Feature", "properties": {"is_in:country": "Thailand", "is_in:country_code": "TH", "is_in:iso_3166_2": "TH-40", "is_in:state": "Khon Kaen", "is_in:state_code": "40", "name": "\u0e1a\u0e49\u0e32\u0e19\u0e2b\u0e19\u0e2d\u0e07\u0e02\u0e32\u0e21", "name:en": "Ban Nong Kham", "place": "village", "source": "Bing; sign", "osm_id": 1584219746, "osm_type": "node"}, "geometry": {"type": "Point", "coordinates": [102.7092226, 16.8320352]}}, {"type": "Feature", "properties": {"is_in:country": "Thailand", "is_in:country_code": "TH", "is_in:iso_3166_2": "TH-40", "is_in:state": "Khon Kaen", "is_in:state_code": "40", "name": "\u0e1a\u0e49\u0e32\u0e19\u0e2b\u0e19\u0e2d\u0e07\u0e04\u0e39", "name:en": "Ban Nong Khu", "place": "village", "source": "Bing; sign", "osm_id": 1584219747, "osm_type": "node"}, "geometry": {"type": "Point", "coordinates": [102.7419677, 16.82735]}}, {"type": "Feature", "properties": {"name": "\u0e1a\u0e49\u0e32\u0e19\u0e2b\u0e19\u0e2d\u0e07\u0e2b\u0e0d\u0e49\u0e32\u0e23\u0e31\u0e07\u0e01\u0e32", "name:en": "Ban Nong Ya Rangka", "name:th": "\u0e1a\u0e49\u0e32\u0e19\u0e2b\u0e19\u0e2d\u0e07\u0e2b\u0e0d\u0e49\u0e32\u0e23\u0e31\u0e07\u0e01\u0e32", "place": "village", "source": "Bing; sign", "osm_id": 1584219748, "osm_type": "node"}, "geometry": {"type": "Point", "coordinates": [102.8214709, 16.7553059]}}, {"type": "Feature", "properties": {"name": "\u0e1a\u0e49\u0e32\u0e19\u0e2b\u0e19\u0e2d\u0e07\u0e2b\u0e32\u0e19\u0e08\u0e32\u0e07", "name:en": "Ban Nong Han Chang", "name:th": "\u0e1a\u0e49\u0e32\u0e19\u0e2b\u0e19\u0e2d\u0e07\u0e2b\u0e32\u0e19\u0e08\u0e32\u0e07", "place": "village", "source": "Bing; sign", "osm_id": 1584219749, "osm_type": "node"}, "geometry": {"type": "Point", "coordinates": [102.7859161, 16.770303]}}, {"type": "Feature", "properties": {"is_in:country": "Thailand", "is_in:country_code": "TH", "is_in:iso_3166_2": "TH-40", "is_in:state": "Khon Kaen", "is_in:state_code": "40", "name": "\u0e1a\u0e49\u0e32\u0e19\u0e2b\u0e19\u0e2d\u0e07\u0e40\u0e23\u0e37\u0e2d\u0e19\u0e49\u0e2d\u0e22", "name:en": "Ban Nong Ruea Noi", "place": "village", "source": "Bing; sign", "osm_id": 1584219750, "osm_type": "node"}, "geometry": {"type": "Point", "coordinates": [102.7565973, 16.8135257]}}, {"type": "Feature", "properties": {"is_in:country": "Thailand", "is_in:country_code": "TH", "is_in:iso_3166_2": "TH-40", "is_in:state": "Khon Kaen", "is_in:state_code": "40", "name": "\u0e1a\u0e49\u0e32\u0e19\u0e2b\u0e19\u0e2d\u0e07\u0e41\u0e27\u0e07", "name:en": "Ban Nong Waeng", "place": "village", "source": "Bing; sign", "osm_id": 1584219751, "osm_type": "node"}, "geometry": {"type": "Point", "coordinates": [102.7139361, 16.8308462]}}, {"type": "Feature", "properties": {"name": "\u0e1a\u0e49\u0e32\u0e19\u0e2b\u0e19\u0e2d\u0e07\u0e42\u0e19", "name:en": "Ban Nong No", "name:th": "\u0e1a\u0e49\u0e32\u0e19\u0e2b\u0e19\u0e2d\u0e07\u0e42\u0e19", "place": "village", "source": "Bing; sign", "osm_id": 1584219752, "osm_type": "node"}, "geometry": {"type": "Point", "coordinates": [102.8408272, 16.7581769]}}, {"type": "Feature", "properties": {"name": "\u0e1a\u0e49\u0e32\u0e19\u0e2b\u0e49\u0e27\u0e22\u0e44\u0e1c\u0e48", "name:en": "Ban Huai Phai", "name:th": "\u0e1a\u0e49\u0e32\u0e19\u0e2b\u0e49\u0e27\u0e22\u0e44\u0e1c\u0e48", "place": "village", "source": "Bing; sign", "osm_id": 1584219753, "osm_type": "node"}, "geometry": {"type": "Point", "coordinates": [102.8395333, 16.754858]}}, {"type": "Feature", "properties": {"addr:postcode": "40250", "is_in:country": "Thailand", "is_in:country_code": "TH", "is_in:iso_3166_2": "TH-40", "is_in:state": "Khon Kaen", "is_in:state_code": "40", "name": "\u0e1a\u0e49\u0e32\u0e19\u0e40\u0e25\u0e49\u0e32", "name:en": "Ban Lao", "place": "village", "source": "Bing; sign", "osm_id": 1584219754, "osm_type": "node"}, "geometry": {"type": "Point", "coordinates": [102.6919666, 16.8321631]}}, {"type": "Feature", "properties": {"is_in:country": "Thailand", "is_in:country_code": "TH", "is_in:iso_3166_2": "TH-40", "is_in:state": "Khon Kaen", "is_in:state_code": "40", "name": "\u0e1a\u0e49\u0e32\u0e19\u0e42\u0e04\u0e01\u0e2a\u0e27\u0e48\u0e32\u0e07", "name:en": "Ban Khok Sawang", "place": "village", "source": "Bing; sign", "osm_id": 1584219755, "osm_type": "node"}, "geometry": {"type": "Point", "coordinates": [102.7439384, 16.7637008]}}, {"type": "Feature", "properties": {"is_in:country": "Thailand", "is_in:country_code": "TH", "is_in:iso_3166_2": "TH-40", "is_in:state": "Khon Kaen", "is_in:state_code": "40", "name": "\u0e1a\u0e49\u0e32\u0e19\u0e42\u0e19\u0e19\u0e14\u0e07\u0e21\u0e31\u0e19", "name:en": "Ban Non Dong Man", "place": "village", "source": "Bing; sign", "osm_id": 1584219757, "osm_type": "node"}, "geometry": {"type": "Point", "coordinates": [102.7708002, 16.7998455]}}, {"type": "Feature", "properties": {"is_in:country": "Thailand", "is_in:country_code": "TH", "is_in:iso_3166_2": "TH-40", "is_in:state": "Khon Kaen", "is_in:state_code": "40", "name": "\u0e1a\u0e49\u0e32\u0e19\u0e42\u0e19\u0e19\u0e19\u0e49\u0e33\u0e1c\u0e36\u0e49\u0e07", "name:en": "Ban Non Namphueng", "place": "village", "source": "Bing; sign", "osm_id": 1584219758, "osm_type": "node"}, "geometry": {"type": "Point", "coordinates": [102.7942547, 16.8286937]}}, {"type": "Feature", "properties": {"addr:district": "\u0e2d\u0e38\u0e1a\u0e25\u0e23\u0e31\u0e15\u0e19\u0e4c", "addr:district:en": "Ubonrat", "addr:province": "\u0e02\u0e2d\u0e19\u0e41\u0e01\u0e48\u0e19", "addr:province:en": "Khon Kaen", "addr:subdistrict": "\u0e1a\u0e49\u0e32\u0e19\u0e14\u0e07", "addr:subdistrict:en": "Ban Dong", "alt_name": "\u0e2a\u0e16\u0e32\u0e19\u0e35\u0e2d\u0e19\u0e32\u0e21\u0e31\u0e22\u0e1a\u0e49\u0e32\u0e19\u0e14\u0e07", "amenity": "clinic", "emergency": "no", "healthcare": "clinic", "name": "\u0e42\u0e23\u0e07\u0e1e\u0e22\u0e32\u0e1a\u0e32\u0e25\u0e2a\u0e48\u0e07\u0e40\u0e2a\u0e23\u0e34\u0e21\u0e2a\u0e38\u0e02\u0e20\u0e32\u0e1e\u0e15\u0e33\u0e1a\u0e25 \u0e1a\u0e49\u0e32\u0e19\u0e14\u0e07", "name:en": "Ban Dong Subdistrict Health Promoting Hospital", "short_name": "\u0e23\u0e1e.\u0e2a\u0e15.\u0e1a\u0e49\u0e32\u0e19\u0e14\u0e07", "source": "Bing; sign", "osm_id": 1584219773, "osm_type": "node"}, "geometry": {"type": "Point", "coordinates": [102.6871442, 16.8068409]}}, {"type": "Feature", "properties": {"addr:district": "\u0e19\u0e49\u0e33\u0e1e\u0e2d\u0e07", "addr:district:en": "Nam Phong", "addr:hamlet": "\u0e2b\u0e21\u0e39\u0e48\u0e17\u0e35\u0e48 12", "addr:province": "\u0e02\u0e2d\u0e19\u0e41\u0e01\u0e48\u0e19", "addr:province:en": "Khon Kaen", "addr:subdistrict": "\u0e2a\u0e30\u0e2d\u0e32\u0e14", "addr:subdistrict:en": "Sa-at", "alt_name": "\u0e2a\u0e16\u0e32\u0e19\u0e35\u0e2d\u0e19\u0e32\u0e21\u0e31\u0e22\u0e2a\u0e30\u0e2d\u0e32\u0e14", "amenity": "clinic", "emergency": "no", "healthcare": "clinic", "name": "\u0e42\u0e23\u0e07\u0e1e\u0e22\u0e32\u0e1a\u0e32\u0e25\u0e2a\u0e48\u0e07\u0e40\u0e2a\u0e23\u0e34\u0e21\u0e2a\u0e38\u0e02\u0e20\u0e32\u0e1e\u0e15\u0e33\u0e1a\u0e25 \u0e2a\u0e30\u0e2d\u0e32\u0e14", "name:en": "Sa-at Subdistrict Health Promoting Hospital", "short_name": "\u0e23\u0e1e.\u0e2a\u0e15.\u0e2a\u0e30\u0e2d\u0e32\u0e14", "source": "Bing; sign", "osm_id": 1584219774, "osm_type": "node"}, "geometry": {"type": "Point", "coordinates": [102.753366, 16.7875707]}}, {"type": "Feature", "properties": {"addr:district": "\u0e19\u0e49\u0e33\u0e1e\u0e2d\u0e07", "addr:district:en": "Nam Phong", "addr:province": "\u0e02\u0e2d\u0e19\u0e41\u0e01\u0e48\u0e19", "addr:province:en": "Khon Kaen", "addr:subdistrict": "\u0e2a\u0e30\u0e2d\u0e32\u0e14", "addr:subdistrict:en": "Sa-at", "alt_name": "\u0e2a\u0e16\u0e32\u0e19\u0e35\u0e2d\u0e19\u0e32\u0e21\u0e31\u0e22\u0e1a\u0e49\u0e32\u0e19\u0e04\u0e33\u0e1a\u0e07", "amenity": "clinic", "emergency": "no", "healthcare": "clinic", "name": "\u0e42\u0e23\u0e07\u0e1e\u0e22\u0e32\u0e1a\u0e32\u0e25\u0e2a\u0e48\u0e07\u0e40\u0e2a\u0e23\u0e34\u0e21\u0e2a\u0e38\u0e02\u0e20\u0e32\u0e1e\u0e15\u0e33\u0e1a\u0e25 \u0e1a\u0e49\u0e32\u0e19\u0e04\u0e33\u0e1a\u0e07", "name:en": "Ban Kham Bong Subdistrict Health Promoting Hospital", "name:th": "\u0e42\u0e23\u0e07\u0e1e\u0e22\u0e32\u0e1a\u0e32\u0e25\u0e2a\u0e48\u0e07\u0e40\u0e2a\u0e23\u0e34\u0e21\u0e2a\u0e38\u0e02\u0e20\u0e32\u0e1e\u0e15\u0e33\u0e1a\u0e25 \u0e1a\u0e49\u0e32\u0e19\u0e04\u0e33\u0e1a\u0e07", "short_name": "\u0e23\u0e1e.\u0e2a\u0e15.\u0e1a\u0e49\u0e32\u0e19\u0e04\u0e33\u0e1a\u0e07", "source": "Bing; sign", "osm_id": 1584219775, "osm_type": "node"}, "geometry": {"type": "Point", "coordinates": [102.824663, 16.7892971]}}, {"type": "Feature", "properties": {"addr:district": "\u0e19\u0e49\u0e33\u0e1e\u0e2d\u0e07", "addr:district:en": "Nam Phong", "addr:hamlet": "\u0e2b\u0e21\u0e39\u0e48\u0e17\u0e35\u0e48 9", "addr:province": "\u0e02\u0e2d\u0e19\u0e41\u0e01\u0e48\u0e19", "addr:province:en": "Khon Kaen", "addr:subdistrict": "\u0e2b\u0e19\u0e2d\u0e07\u0e01\u0e38\u0e07", "addr:subdistrict:en": "Nong Kung", "alt_name": "\u0e2a\u0e16\u0e32\u0e19\u0e35\u0e2d\u0e19\u0e32\u0e21\u0e31\u0e22\u0e1a\u0e49\u0e32\u0e19\u0e19\u0e32\u0e40\u0e23\u0e35\u0e22\u0e07", "amenity": "clinic", "emergency": "no", "healthcare": "clinic", "name": "\u0e42\u0e23\u0e07\u0e1e\u0e22\u0e32\u0e1a\u0e32\u0e25\u0e2a\u0e48\u0e07\u0e40\u0e2a\u0e23\u0e34\u0e21\u0e2a\u0e38\u0e02\u0e20\u0e32\u0e1e\u0e15\u0e33\u0e1a\u0e25 \u0e1a\u0e49\u0e32\u0e19\u0e19\u0e32\u0e40\u0e23\u0e35\u0e22\u0e07", "name:en": "Ban Na Riang Subdistrict Health Promoting Hospital", "short_name": "\u0e23\u0e1e.\u0e2a\u0e15.\u0e1a\u0e49\u0e32\u0e19\u0e19\u0e32\u0e40\u0e23\u0e35\u0e22\u0e07", "source": "Bing; sign", "osm_id": 1584219776, "osm_type": "node"}, "geometry": {"type": "Point", "coordinates": [102.8821851, 16.7578072]}}, {"type": "Feature", "properties": {"addr:district": "\u0e2d\u0e38\u0e1a\u0e25\u0e23\u0e31\u0e15\u0e19\u0e4c", "addr:district:en": "Ubonrat", "addr:province": "\u0e02\u0e2d\u0e19\u0e41\u0e01\u0e48\u0e19", "addr:province:en": "Khon Kaen", "addr:subdistrict": "\u0e1a\u0e49\u0e32\u0e19\u0e14\u0e07", "addr:subdistrict:en": "Ban Dong", "amenity": "school", "name": "\u0e42\u0e23\u0e07\u0e40\u0e23\u0e35\u0e22\u0e19\u0e1a\u0e36\u0e07\u0e44\u0e17\u0e23\u0e1e\u0e34\u0e17\u0e22\u0e32\u0e04\u0e21", "name:en": "Bueng Sai Phitthayakhom School", "source": "Bing; sign", "osm_id": 1584219777, "osm_type": "node"}, "geometry": {"type": "Point", "coordinates": [102.6991672, 16.8023888]}}, {"type": "Feature", "properties": {"addr:district": "\u0e2d\u0e38\u0e1a\u0e25\u0e23\u0e31\u0e15\u0e19\u0e4c", "addr:district:en": "Ubonrat", "addr:hamlet": "\u0e2b\u0e21\u0e39\u0e48\u0e17\u0e35\u0e48 3", "addr:province": "\u0e02\u0e2d\u0e19\u0e41\u0e01\u0e48\u0e19", "addr:province:en": "Khon Kaen", "addr:subdistrict": "\u0e19\u0e32\u0e04\u0e33", "addr:subdistrict:en": "Na Kham", "amenity": "school", "name": "\u0e42\u0e23\u0e07\u0e40\u0e23\u0e35\u0e22\u0e19\u0e1a\u0e49\u0e32\u0e19\u0e01\u0e38\u0e14\u0e01\u0e23\u0e30\u0e2b\u0e19\u0e27\u0e19", "name:en": "Ban Kut Kranuan School", "source": "Bing; sign", "osm_id": 1584219778, "osm_type": "node"}, "geometry": {"type": "Point", "coordinates": [102.6820458, 16.8284984]}}, {"type": "Feature", "properties": {"addr:district": "\u0e2d\u0e38\u0e1a\u0e25\u0e23\u0e31\u0e15\u0e19\u0e4c", "addr:district:en": "Ubonrat", "addr:hamlet": "\u0e2b\u0e21\u0e39\u0e48\u0e17\u0e35\u0e48 1", "addr:province": "\u0e02\u0e2d\u0e19\u0e41\u0e01\u0e48\u0e19", "addr:province:en": "Khon Kaen", "addr:subdistrict": "\u0e1a\u0e49\u0e32\u0e19\u0e14\u0e07", "addr:subdistrict:en": "Ban Dong", "amenity": "school", "name": "\u0e42\u0e23\u0e07\u0e40\u0e23\u0e35\u0e22\u0e19\u0e1a\u0e49\u0e32\u0e19\u0e02\u0e38\u0e19\u0e14\u0e48\u0e32\u0e19", "name:en": "Ban Khun Dan School", "source": "GPS; sign", "osm_id": 1584219779, "osm_type": "node"}, "geometry": {"type": "Point", "coordinates": [102.6770892, 16.809117]}}, {"type": "Feature", "properties": {"addr:district": "\u0e19\u0e49\u0e33\u0e1e\u0e2d\u0e07", "addr:district:en": "Nam Phong", "addr:province": "\u0e02\u0e2d\u0e19\u0e41\u0e01\u0e48\u0e19", "addr:province:en": "Khon Kaen", "addr:subdistrict": "\u0e19\u0e49\u0e33\u0e1e\u0e2d\u0e07", "addr:subdistrict:en": "Nam Phong", "amenity": "school", "name": "\u0e42\u0e23\u0e07\u0e40\u0e23\u0e35\u0e22\u0e19\u0e1a\u0e49\u0e32\u0e19\u0e04\u0e33\u0e21\u0e37\u0e14", "name:en": "Ban Kham Muet School", "source": "Bing; sign", "osm_id": 1584219780, "osm_type": "node"}, "geometry": {"type": "Point", "coordinates": [102.8696134, 16.773535]}}, {"type": "Feature", "properties": {"addr:district": "\u0e40\u0e02\u0e32\u0e2a\u0e27\u0e19\u0e01\u0e27\u0e32\u0e07", "addr:district:en": "Khao Suan Kwang", "addr:province": "\u0e02\u0e2d\u0e19\u0e41\u0e01\u0e48\u0e19", "addr:province:en": "Khon Kaen", "addr:subdistrict": "\u0e04\u0e33\u0e21\u0e48\u0e27\u0e07", "addr:subdistrict:en": "Kham Muang", "amenity": "school", "name": "\u0e42\u0e23\u0e07\u0e40\u0e23\u0e35\u0e22\u0e19\u0e1a\u0e49\u0e32\u0e19\u0e04\u0e33\u0e21\u0e48\u0e27\u0e07", "name:en": "Ban Kham Muang School", "source": "Bing; sign", "osm_id": 1584219781, "osm_type": "node"}, "geometry": {"type": "Point", "coordinates": [102.851228, 16.8168521]}}, {"type": "Feature", "properties": {"addr:district": "\u0e2d\u0e38\u0e1a\u0e25\u0e23\u0e31\u0e15\u0e19\u0e4c", "addr:district:en": "Ubonrat", "addr:province": "\u0e02\u0e2d\u0e19\u0e41\u0e01\u0e48\u0e19", "addr:province:en": "Khon Kaen", "addr:subdistrict": "\u0e1a\u0e49\u0e32\u0e19\u0e14\u0e07", "addr:subdistrict:en": "Ban Dong", "amenity": "school", "name": "\u0e42\u0e23\u0e07\u0e40\u0e23\u0e35\u0e22\u0e19\u0e1a\u0e49\u0e32\u0e19\u0e14\u0e07", "name:en": "Ban Dong School", "source": "Bing; sign", "osm_id": 1584219782, "osm_type": "node"}, "geometry": {"type": "Point", "coordinates": [102.6871586, 16.8074535]}}, {"type": "Feature", "properties": {"addr:district": "\u0e2d\u0e38\u0e1a\u0e25\u0e23\u0e31\u0e15\u0e19\u0e4c", "addr:district:en": "Ubonrat", "addr:province": "\u0e02\u0e2d\u0e19\u0e41\u0e01\u0e48\u0e19", "addr:province:en": "Khon Kaen", "addr:subdistrict": "\u0e1a\u0e49\u0e32\u0e19\u0e14\u0e07", "addr:subdistrict:en": "Ban Dong", "amenity": "school", "name": "\u0e42\u0e23\u0e07\u0e40\u0e23\u0e35\u0e22\u0e19\u0e1a\u0e49\u0e32\u0e19\u0e1a\u0e48\u0e2d", "name:en": "Ban Bo School", "source": "Bing; sign", "osm_id": 1584219783, "osm_type": "node"}, "geometry": {"type": "Point", "coordinates": [102.7092175, 16.7746246]}}, {"type": "Feature", "properties": {"addr:district": "\u0e19\u0e49\u0e33\u0e1e\u0e2d\u0e07", "addr:district:en": "Nam Phong", "addr:hamlet": "\u0e2b\u0e21\u0e39\u0e48\u0e17\u0e35\u0e48 8", "addr:province": "\u0e02\u0e2d\u0e19\u0e41\u0e01\u0e48\u0e19", "addr:province:en": "Khon Kaen", "addr:subdistrict": "\u0e19\u0e49\u0e33\u0e1e\u0e2d\u0e07", "addr:subdistrict:en": "Nam Phong", "amenity": "school", "name": "\u0e42\u0e23\u0e07\u0e40\u0e23\u0e35\u0e22\u0e19\u0e1a\u0e49\u0e32\u0e19\u0e2b\u0e19\u0e2d\u0e07\u0e2b\u0e32\u0e19\u0e08\u0e32\u0e07", "name:en": "Ban Nong Han Chang School", "name:th": "\u0e42\u0e23\u0e07\u0e40\u0e23\u0e35\u0e22\u0e19\u0e1a\u0e49\u0e32\u0e19\u0e2b\u0e19\u0e2d\u0e07\u0e2b\u0e32\u0e19\u0e08\u0e32\u0e07", "source": "Bing; sign", "osm_id": 1584219784, "osm_type": "node"}, "geometry": {"type": "Point", "coordinates": [102.7847048, 16.772229]}}, {"type": "Feature", "properties": {"addr:district": "\u0e19\u0e49\u0e33\u0e1e\u0e2d\u0e07", "addr:district:en": "Nam Phong", "addr:hamlet": "\u0e2b\u0e21\u0e39\u0e48\u0e17\u0e35\u0e48 6", "addr:province": "\u0e02\u0e2d\u0e19\u0e41\u0e01\u0e48\u0e19", "addr:province:en": "Khon Kaen", "addr:subdistrict": "\u0e2a\u0e30\u0e2d\u0e32\u0e14", "addr:subdistrict:en": "Sa-at", "amenity": "school", "name": "\u0e42\u0e23\u0e07\u0e40\u0e23\u0e35\u0e22\u0e19\u0e1a\u0e49\u0e32\u0e19\u0e42\u0e19\u0e19\u0e14\u0e07\u0e21\u0e31\u0e19", "name:en": "Ban Non Dong Man School", "source": "Bing; sign", "osm_id": 1584219785, "osm_type": "node"}, "geometry": {"type": "Point", "coordinates": [102.768431, 16.799687]}}, {"type": "Feature", "properties": {"addr:district": "\u0e19\u0e49\u0e33\u0e1e\u0e2d\u0e07", "addr:district:en": "Nam Phong", "addr:province": "\u0e02\u0e2d\u0e19\u0e41\u0e01\u0e48\u0e19", "addr:province:en": "Khon Kaen", "addr:subdistrict": "\u0e19\u0e49\u0e33\u0e1e\u0e2d\u0e07", "addr:subdistrict:en": "Nam Phong", "amenity": "school", "name": "\u0e42\u0e23\u0e07\u0e40\u0e23\u0e35\u0e22\u0e19\u0e42\u0e04\u0e01\u0e2a\u0e39\u0e07\u0e1b\u0e23\u0e30\u0e0a\u0e32\u0e2a\u0e23\u0e23\u0e1e\u0e4c", "name:en": "Khok Sung Pracha San School", "name:th": "\u0e42\u0e23\u0e07\u0e40\u0e23\u0e35\u0e22\u0e19\u0e42\u0e04\u0e01\u0e2a\u0e39\u0e07\u0e1b\u0e23\u0e30\u0e0a\u0e32\u0e2a\u0e23\u0e23\u0e1e\u0e4c", "source": "Bing; sign", "osm_id": 1584219786, "osm_type": "node"}, "geometry": {"type": "Point", "coordinates": [102.8532193, 16.7554994]}}, {"type": "Feature", "properties": {"is_in:country": "Thailand", "is_in:country_code": "TH", "is_in:iso_3166_2": "TH-40", "is_in:state": "Khon Kaen", "is_in:state_code": "40", "name": "\u0e1a\u0e49\u0e32\u0e19\u0e14\u0e07\u0e1a\u0e31\u0e07", "name:en": "Ban Dong Bang", "place": "village", "source": "Bing; sign", "osm_id": 1600517469, "osm_type": "node"}, "geometry": {"type": "Point", "coordinates": [102.7835796, 16.8505227]}}, {"type": "Feature", "properties": {"addr:district": "\u0e40\u0e02\u0e32\u0e2a\u0e27\u0e19\u0e01\u0e27\u0e32\u0e07", "addr:district:en": "Khao Suan Kwang", "addr:hamlet": "\u0e2b\u0e21\u0e39\u0e48\u0e17\u0e35\u0e48 14", "addr:province": "\u0e08\u0e31\u0e07\u0e2b\u0e27\u0e31\u0e14\u0e02\u0e2d\u0e19\u0e41\u0e01\u0e48\u0e19", "addr:province:en": "Khon Kaen Province", "addr:subdistrict": "\u0e14\u0e07\u0e40\u0e21\u0e37\u0e2d\u0e07\u0e41\u0e2d\u0e21", "addr:subdistrict:en": "Dong Mueang Aem", "name": "\u0e1a\u0e49\u0e32\u0e19\u0e17\u0e38\u0e48\u0e07\u0e1a\u0e48\u0e2d \u0e2b\u0e21\u0e39\u0e48 14", "name:en": "Ban Thung Bo Mu 14", "place": "hamlet", "source": "Bing; sign", "osm_id": 1600517471, "osm_type": "node"}, "geometry": {"type": "Point", "coordinates": [102.7646098, 16.8309797]}}, {"type": "Feature", "properties": {"addr:district": "\u0e40\u0e02\u0e32\u0e2a\u0e27\u0e19\u0e01\u0e27\u0e32\u0e07", "addr:district:en": "Khao Suan Kwang", "addr:hamlet": "\u0e2b\u0e21\u0e39\u0e48\u0e17\u0e35\u0e48 14", "addr:province": "\u0e08\u0e31\u0e07\u0e2b\u0e27\u0e31\u0e14\u0e02\u0e2d\u0e19\u0e41\u0e01\u0e48\u0e19", "addr:province:en": "Khon Kaen", "addr:subdistrict": "\u0e14\u0e07\u0e40\u0e21\u0e37\u0e2d\u0e07\u0e41\u0e2d\u0e21", "addr:subdistrict:en": "Dong Mueang Aem", "name": "\u0e1a\u0e49\u0e32\u0e19\u0e17\u0e38\u0e48\u0e07\u0e1a\u0e48\u0e2d \u0e2b\u0e21\u0e39\u0e48 3", "name:en": "Ban Thung Bo Mu 3", "place": "hamlet", "source": "Bing; sign", "osm_id": 1600517472, "osm_type": "node"}, "geometry": {"type": "Point", "coordinates": [102.7617084, 16.8296671]}}, {"type": "Feature", "properties": {"is_in:country": "Thailand", "is_in:country_code": "TH", "is_in:iso_3166_2": "TH-40", "is_in:state": "Khon Kaen", "is_in:state_code": "40", "name": "\u0e1a\u0e49\u0e32\u0e19\u0e17\u0e38\u0e48\u0e07\u0e1a\u0e48\u0e2d", "name:en": "Ban Thung Bo", "place": "village", "source": "Bing; sign", "osm_id": 1600517479, "osm_type": "node"}, "geometry": {"type": "Point", "coordinates": [102.7632111, 16.8303475]}}, {"type": "Feature", "properties": {"is_in:country": "Thailand", "is_in:country_code": "TH", "is_in:iso_3166_2": "TH-40", "is_in:state": "Khon Kaen", "is_in:state_code": "40", "name": "\u0e1a\u0e49\u0e32\u0e19\u0e19\u0e32\u0e04\u0e49\u0e2d", "name:en": "Ban Na Kho", "place": "village", "source": "Bing; sign", "osm_id": 1600517503, "osm_type": "node"}, "geometry": {"type": "Point", "coordinates": [102.8412494, 16.8664547]}}, {"type": "Feature", "properties": {"is_in:country": "Thailand", "is_in:country_code": "TH", "is_in:iso_3166_2": "TH-40", "is_in:state": "Khon Kaen", "is_in:state_code": "40", "name": "\u0e1a\u0e49\u0e32\u0e19\u0e1b\u0e48\u0e32\u0e2b\u0e27\u0e32\u0e22\u0e19\u0e31\u0e48\u0e07", "name:en": "Ban Pa Wai Nang", "place": "village", "source": "Bing; sign", "osm_id": 1600517515, "osm_type": "node"}, "geometry": {"type": "Point", "coordinates": [102.8071162, 16.8415546]}}, {"type": "Feature", "properties": {"is_in:country": "Thailand", "is_in:country_code": "TH", "is_in:iso_3166_2": "TH-40", "is_in:state": "Khon Kaen", "is_in:state_code": "40", "name": "\u0e1a\u0e49\u0e32\u0e19\u0e2b\u0e19\u0e2d\u0e07\u0e2a\u0e2d\u0e07\u0e2b\u0e49\u0e2d\u0e07", "name:en": "Ban Nong Song Hong", "place": "village", "source": "Bing; sign", "osm_id": 1600517557, "osm_type": "node"}, "geometry": {"type": "Point", "coordinates": [102.8170049, 16.8736872]}}, {"type": "Feature", "properties": {"is_in:country": "Thailand", "is_in:country_code": "TH", "is_in:iso_3166_2": "TH-40", "is_in:state": "Khon Kaen", "is_in:state_code": "40", "name": "\u0e1a\u0e49\u0e32\u0e19\u0e2b\u0e19\u0e2d\u0e07\u0e41\u0e27\u0e07\u0e40\u0e23\u0e37\u0e2d", "name:en": "Ban Nong Waeng Ruea", "place": "village", "source": "Bing; sign", "osm_id": 1600517560, "osm_type": "node"}, "geometry": {"type": "Point", "coordinates": [102.7417018, 16.8442311]}}, {"type": "Feature", "properties": {"is_in:country": "Thailand", "is_in:country_code": "TH", "is_in:iso_3166_2": "TH-41", "is_in:state": "Udon Thani", "is_in:state_code": "41", "name": "\u0e1a\u0e49\u0e32\u0e19\u0e2b\u0e19\u0e2d\u0e07\u0e41\u0e2a\u0e07", "name:en": "Ban Nong Saeng", "place": "village", "source": "Bing; sign", "osm_id": 1600517564, "osm_type": "node"}, "geometry": {"type": "Point", "coordinates": [102.8265632, 16.8773267]}}, {"type": "Feature", "properties": {"is_in:country": "Thailand", "is_in:country_code": "TH", "is_in:iso_3166_2": "TH-40", "is_in:state": "Khon Kaen", "is_in:state_code": "40", "name": "\u0e1a\u0e49\u0e32\u0e19\u0e2b\u0e19\u0e2d\u0e07\u0e42\u0e19", "name:en": "Ban Nong No", "place": "village", "source": "Bing; sign", "osm_id": 1600517571, "osm_type": "node"}, "geometry": {"type": "Point", "coordinates": [102.7554039, 16.8389331]}}, {"type": "Feature", "properties": {"is_in:country": "Thailand", "is_in:country_code": "TH", "is_in:iso_3166_2": "TH-40", "is_in:state": "Khon Kaen", "is_in:state_code": "40", "name": "\u0e1a\u0e49\u0e32\u0e19\u0e2b\u0e49\u0e27\u0e22\u0e22\u0e32\u0e07\u0e28\u0e23\u0e35\u0e27\u0e34\u0e44\u0e25", "name:en": "Ban Huai Yang Si Wilai", "place": "village", "source": "Bing; sign", "osm_id": 1600517580, "osm_type": "node"}, "geometry": {"type": "Point", "coordinates": [102.7556929, 16.8790809]}}, {"type": "Feature", "properties": {"is_in:country": "Thailand", "is_in:country_code": "TH", "is_in:iso_3166_2": "TH-40", "is_in:state": "Khon Kaen", "is_in:state_code": "40", "name": "\u0e1a\u0e49\u0e32\u0e19\u0e2b\u0e49\u0e27\u0e22\u0e40\u0e15\u0e22", "name:en": "Ban Huai Toei", "place": "village", "source": "Bing; sign", "osm_id": 1600517581, "osm_type": "node"}, "geometry": {"type": "Point", "coordinates": [102.7261456, 16.8853849]}}, {"type": "Feature", "properties": {"is_in:country": "Thailand", "is_in:country_code": "TH", "is_in:iso_3166_2": "TH-40", "is_in:state": "Khon Kaen", "is_in:state_code": "40", "name": "\u0e1a\u0e49\u0e32\u0e19\u0e42\u0e04\u0e01\u0e2a\u0e39\u0e07", "name:en": "Ban Khok Sung", "place": "village", "source": "Bing; sign", "osm_id": 1600517592, "osm_type": "node"}, "geometry": {"type": "Point", "coordinates": [102.7372562, 16.8682662]}}, {"type": "Feature", "properties": {"addr:district": "\u0e40\u0e02\u0e32\u0e2a\u0e27\u0e19\u0e01\u0e27\u0e32\u0e07", "addr:district:en": "Khao Suan Kwang", "addr:hamlet": "\u0e2b\u0e21\u0e39\u0e48\u0e17\u0e35\u0e48 4", "addr:province": "\u0e02\u0e2d\u0e19\u0e41\u0e01\u0e48\u0e19", "addr:province:en": "Khon Kaen", "addr:subdistrict": "\u0e14\u0e07\u0e40\u0e21\u0e37\u0e2d\u0e07\u0e41\u0e2d\u0e21", "addr:subdistrict:en": "Dong Mueang Aem", "alt_name": "\u0e2a\u0e16\u0e32\u0e19\u0e35\u0e2d\u0e19\u0e32\u0e21\u0e31\u0e22\u0e1a\u0e49\u0e32\u0e19\u0e14\u0e07\u0e1a\u0e31\u0e07", "amenity": "clinic", "emergency": "no", "healthcare": "clinic", "name": "\u0e42\u0e23\u0e07\u0e1e\u0e22\u0e32\u0e1a\u0e32\u0e25\u0e2a\u0e48\u0e07\u0e40\u0e2a\u0e23\u0e34\u0e21\u0e2a\u0e38\u0e02\u0e20\u0e32\u0e1e\u0e15\u0e33\u0e1a\u0e25 \u0e1a\u0e49\u0e32\u0e19\u0e14\u0e07\u0e1a\u0e31\u0e07", "name:en": "Ban Dong Bang Subdistrict Health Promoting Hospital", "short_name": "\u0e23\u0e1e.\u0e2a\u0e15.\u0e1a\u0e49\u0e32\u0e19\u0e14\u0e07\u0e1a\u0e31\u0e07", "source": "Bing; sign", "osm_id": 1600517662, "osm_type": "node"}, "geometry": {"type": "Point", "coordinates": [102.7827724, 16.850827]}}, {"type": "Feature", "properties": {"addr:district": "\u0e40\u0e02\u0e32\u0e2a\u0e27\u0e19\u0e01\u0e27\u0e32\u0e07", "addr:district:en": "Khao Suan Kwang", "addr:hamlet": "\u0e2b\u0e21\u0e39\u0e48\u0e17\u0e35\u0e48 7", "addr:province": "\u0e02\u0e2d\u0e19\u0e41\u0e01\u0e48\u0e19", "addr:province:en": "Khon Kaen", "addr:subdistrict": "\u0e14\u0e07\u0e40\u0e21\u0e37\u0e2d\u0e07\u0e41\u0e2d\u0e21", "addr:subdistrict:en": "Dong Mueang Aem", "alt_name": "\u0e2a\u0e16\u0e32\u0e19\u0e35\u0e2d\u0e19\u0e32\u0e21\u0e31\u0e22\u0e1a\u0e49\u0e32\u0e19\u0e2b\u0e19\u0e2d\u0e07\u0e41\u0e27\u0e07\u0e40\u0e23\u0e37\u0e2d", "amenity": "clinic", "emergency": "no", "healthcare": "clinic", "name": "\u0e42\u0e23\u0e07\u0e1e\u0e22\u0e32\u0e1a\u0e32\u0e25\u0e2a\u0e48\u0e07\u0e40\u0e2a\u0e23\u0e34\u0e21\u0e2a\u0e38\u0e02\u0e20\u0e32\u0e1e\u0e15\u0e33\u0e1a\u0e25 \u0e1a\u0e49\u0e32\u0e19\u0e2b\u0e19\u0e2d\u0e07\u0e41\u0e27\u0e07\u0e40\u0e23\u0e37\u0e2d", "name:en": "Ban Nong Waeng Ruea Subdistrict Health Promoting Hospital", "short_name": "\u0e23\u0e1e.\u0e2a\u0e15.\u0e1a\u0e49\u0e32\u0e19\u0e2b\u0e19\u0e2d\u0e07\u0e41\u0e27\u0e07\u0e40\u0e23\u0e37\u0e2d", "source": "Bing; sign", "osm_id": 1600517673, "osm_type": "node"}, "geometry": {"type": "Point", "coordinates": [102.7426644, 16.8414243]}}, {"type": "Feature", "properties": {"addr:district": "\u0e42\u0e19\u0e19\u0e2a\u0e30\u0e2d\u0e32\u0e14", "addr:district:en": "Non Sa-at", "addr:hamlet": "\u0e2b\u0e21\u0e39\u0e48\u0e17\u0e35\u0e48 8", "addr:province": "\u0e2d\u0e38\u0e14\u0e23\u0e18\u0e32\u0e19\u0e35", "addr:province:en": "Udon Thani", "addr:subdistrict": "\u0e42\u0e04\u0e01\u0e01\u0e25\u0e32\u0e07", "addr:subdistrict:en": "Khok Klang", "alt_name": "\u0e2a\u0e16\u0e32\u0e19\u0e35\u0e2d\u0e19\u0e32\u0e21\u0e31\u0e22\u0e1a\u0e49\u0e32\u0e19\u0e2b\u0e19\u0e2d\u0e07\u0e41\u0e2a\u0e07", "amenity": "clinic", "emergency": "no", "healthcare": "clinic", "name": "\u0e42\u0e23\u0e07\u0e1e\u0e22\u0e32\u0e1a\u0e32\u0e25\u0e2a\u0e48\u0e07\u0e40\u0e2a\u0e23\u0e34\u0e21\u0e2a\u0e38\u0e02\u0e20\u0e32\u0e1e\u0e15\u0e33\u0e1a\u0e25 \u0e1a\u0e49\u0e32\u0e19\u0e2b\u0e19\u0e2d\u0e07\u0e41\u0e2a\u0e07", "name:en": "Ban Nong Saeng Subdistrict Health Promoting Hospital", "short_name": "\u0e23\u0e1e.\u0e2a\u0e15.\u0e1a\u0e49\u0e32\u0e19\u0e2b\u0e19\u0e2d\u0e07\u0e41\u0e2a\u0e07", "source": "Bing; sign", "osm_id": 1600517685, "osm_type": "node"}, "geometry": {"type": "Point", "coordinates": [102.8293865, 16.8768053]}}, {"type": "Feature", "properties": {"addr:district": "\u0e40\u0e02\u0e32\u0e2a\u0e27\u0e19\u0e01\u0e27\u0e32\u0e07", "addr:district:en": "Khao Suan Kwang", "addr:hamlet": "\u0e2b\u0e21\u0e39\u0e48\u0e17\u0e35\u0e48 4", "addr:province": "\u0e02\u0e2d\u0e19\u0e41\u0e01\u0e48\u0e19", "addr:province:en": "Khon Kaen", "addr:subdistrict": "\u0e14\u0e07\u0e40\u0e21\u0e37\u0e2d\u0e07\u0e41\u0e2d\u0e21", "addr:subdistrict:en": "Dong Mueang Aem", "amenity": "school", "name": "\u0e42\u0e23\u0e07\u0e40\u0e23\u0e35\u0e22\u0e19\u0e14\u0e07\u0e1a\u0e31\u0e07\u0e27\u0e34\u0e17\u0e22\u0e32\u0e22\u0e19", "name:en": "Dong Bang Witthaya Yon School", "source": "Bing; sign", "wikidata": "Q18337955", "osm_id": 1600517687, "osm_type": "node"}, "geometry": {"type": "Point", "coordinates": [102.7922568, 16.8445024]}}, {"type": "Feature", "properties": {"addr:district": "\u0e40\u0e02\u0e32\u0e2a\u0e27\u0e19\u0e01\u0e27\u0e32\u0e07", "addr:district:en": "Khao Suan Kwang", "addr:hamlet": "\u0e2b\u0e21\u0e39\u0e48\u0e17\u0e35\u0e48 4", "addr:province": "\u0e02\u0e2d\u0e19\u0e41\u0e01\u0e48\u0e19", "addr:province:en": "Khon Kaen", "addr:subdistrict": "\u0e14\u0e07\u0e40\u0e21\u0e37\u0e2d\u0e07\u0e41\u0e2d\u0e21", "addr:subdistrict:en": "Dong Mueang Aem", "amenity": "school", "name": "\u0e42\u0e23\u0e07\u0e40\u0e23\u0e35\u0e22\u0e19\u0e1a\u0e49\u0e32\u0e19\u0e14\u0e07\u0e1a\u0e31\u0e07\u0e04\u0e38\u0e23\u0e38\u0e23\u0e32\u0e29\u0e0e\u0e23\u0e4c\u0e1a\u0e33\u0e23\u0e38\u0e07", "name:en": "Ban Dong Bang Khuru Rat Bamrung School", "source": "Bing; sign", "osm_id": 1600517702, "osm_type": "node"}, "geometry": {"type": "Point", "coordinates": [102.7848271, 16.8496382]}}, {"type": "Feature", "properties": {"addr:postcode": "40280", "is_in:country": "Thailand", "is_in:country_code": "TH", "is_in:iso_3166_2": "TH-40", "is_in:state": "Khon Kaen", "is_in:state_code": "40", "name": "\u0e1a\u0e49\u0e32\u0e19\u0e2b\u0e19\u0e2d\u0e07\u0e15\u0e30\u0e19\u0e32", "name:en": "Ban Nong Ta Na", "place": "village", "source": "Bing; sign", "osm_id": 1600794924, "osm_type": "node"}, "geometry": {"type": "Point", "coordinates": [102.8892504, 16.8607577]}}, {"type": "Feature", "properties": {"addr:postcode": "40280", "is_in:country": "Thailand", "is_in:country_code": "TH", "is_in:iso_3166_2": "TH-40", "is_in:state": "Khon Kaen", "is_in:state_code": "40", "name": "\u0e1a\u0e49\u0e32\u0e19\u0e42\u0e19\u0e19\u0e2a\u0e27\u0e48\u0e32\u0e07", "name:en": "Ban Non Sawang", "place": "village", "source": "Bing; sign", "osm_id": 1600794948, "osm_type": "node"}, "geometry": {"type": "Point", "coordinates": [102.8828285, 16.850656]}}, {"type": "Feature", "properties": {"addr:district": "\u0e40\u0e02\u0e32\u0e2a\u0e27\u0e19\u0e01\u0e27\u0e32\u0e07", "addr:district:en": "Khao Suan Kwang", "addr:postcode": "40280", "addr:province": "\u0e02\u0e2d\u0e19\u0e41\u0e01\u0e48\u0e19", "addr:province:en": "Khon Kaen", "addr:subdistrict": "\u0e40\u0e02\u0e32\u0e2a\u0e27\u0e19\u0e01\u0e27\u0e32\u0e07", "addr:subdistrict:en": "Khao Suan Kwang", "alt_name": "\u0e2a\u0e16\u0e32\u0e19\u0e35\u0e2d\u0e19\u0e32\u0e21\u0e31\u0e22\u0e1a\u0e49\u0e32\u0e19\u0e01\u0e01\u0e1b\u0e25\u0e32\u0e0b\u0e34\u0e27", "amenity": "clinic", "emergency": "no", "healthcare": "clinic", "name": "\u0e42\u0e23\u0e07\u0e1e\u0e22\u0e32\u0e1a\u0e32\u0e25\u0e2a\u0e48\u0e07\u0e40\u0e2a\u0e23\u0e34\u0e21\u0e2a\u0e38\u0e02\u0e20\u0e32\u0e1e\u0e15\u0e33\u0e1a\u0e25 \u0e1a\u0e49\u0e32\u0e19\u0e01\u0e01\u0e1b\u0e25\u0e32\u0e0b\u0e34\u0e27", "name:en": "Khao Suan Kwang Subdistrict Health Promoting Hospital", "short_name": "\u0e23\u0e1e.\u0e2a\u0e15.\u0e1a\u0e49\u0e32\u0e19\u0e01\u0e01\u0e1b\u0e25\u0e32\u0e0b\u0e34\u0e27", "source": "Bing; sign", "osm_id": 1600794998, "osm_type": "node"}, "geometry": {"type": "Point", "coordinates": [102.8749727, 16.8495265]}}, {"type": "Feature", "properties": {"is_in:country": "Thailand", "is_in:country_code": "TH", "is_in:iso_3166_2": "TH-40", "is_in:state": "Khon Kaen", "is_in:state_code": "40", "name": "\u0e1a\u0e49\u0e32\u0e19\u0e19\u0e32\u0e2d\u0e48\u0e32\u0e07\u0e17\u0e2d\u0e07", "name:en": "Ban Na Ang Thong", "place": "village", "source": "Bing; sign", "osm_id": 1603358035, "osm_type": "node"}, "geometry": {"type": "Point", "coordinates": [102.9064735, 16.8100215]}}, {"type": "Feature", "properties": {"is_in:country": "Thailand", "is_in:country_code": "TH", "is_in:iso_3166_2": "TH-40", "is_in:state": "Khon Kaen", "is_in:state_code": "40", "name": "\u0e1a\u0e49\u0e32\u0e19\u0e2b\u0e34\u0e19\u0e25\u0e32\u0e14", "name:en": "Ban Hin Lat", "place": "village", "source": "Bing; sign", "osm_id": 1603358083, "osm_type": "node"}, "geometry": {"type": "Point", "coordinates": [102.9166236, 16.7798482]}}, {"type": "Feature", "properties": {"is_in:country": "Thailand", "is_in:country_code": "TH", "is_in:iso_3166_2": "TH-40", "is_in:state": "Khon Kaen", "is_in:state_code": "40", "name": "\u0e1a\u0e49\u0e32\u0e19\u0e2b\u0e49\u0e27\u0e22\u0e1a\u0e32\u0e01", "name:en": "Ban Huai Bak", "place": "village", "source": "Bing; sign", "osm_id": 1603358095, "osm_type": "node"}, "geometry": {"type": "Point", "coordinates": [102.8711102, 16.8376436]}}, {"type": "Feature", "properties": {"is_in:country": "Thailand", "is_in:country_code": "TH", "is_in:iso_3166_2": "TH-40", "is_in:state": "Khon Kaen", "is_in:state_code": "40", "name": "\u0e1a\u0e49\u0e32\u0e19\u0e42\u0e19\u0e19\u0e17\u0e2d\u0e07", "name:en": "Ban Non Thong", "place": "village", "source": "Bing; sign", "osm_id": 1603358103, "osm_type": "node"}, "geometry": {"type": "Point", "coordinates": [102.8755963, 16.8286815]}}, {"type": "Feature", "properties": {"is_in:country": "Thailand", "is_in:country_code": "TH", "is_in:iso_3166_2": "TH-40", "is_in:state": "Khon Kaen", "is_in:state_code": "40", "name": "\u0e1a\u0e49\u0e32\u0e19\u0e42\u0e19\u0e19\u0e2a\u0e07\u0e48\u0e32", "name:en": "Ban Non Sa-nga", "place": "village", "source": "Bing; sign", "osm_id": 1603358121, "osm_type": "node"}, "geometry": {"type": "Point", "coordinates": [102.8690889, 16.8423926]}}, {"type": "Feature", "properties": {"is_in:country": "Thailand", "is_in:country_code": "TH", "is_in:iso_3166_2": "TH-40", "is_in:state": "Khon Kaen", "is_in:state_code": "40", "name": "\u0e1a\u0e49\u0e32\u0e19\u0e14\u0e07\u0e40\u0e23\u0e37\u0e2d\u0e07", "name:en": "Ban Dong Rueang", "place": "village", "source": "Bing; sign", "osm_id": 1603359852, "osm_type": "node"}, "geometry": {"type": "Point", "coordinates": [102.9463361, 16.7694383]}}, {"type": "Feature", "properties": {"addr:district": "\u0e19\u0e49\u0e33\u0e1e\u0e2d\u0e07", "addr:district:en": "Nam Phong", "addr:hamlet": "\u0e2b\u0e21\u0e39\u0e48\u0e17\u0e35\u0e48 1", "addr:province": "\u0e02\u0e2d\u0e19\u0e41\u0e01\u0e48\u0e19", "addr:province:en": "Khon Kaen", "addr:subdistrict": "\u0e1e\u0e31\u0e07\u0e17\u0e38\u0e22", "addr:subdistrict:en": "Phang Thui", "alt_name": "\u0e2a\u0e16\u0e32\u0e19\u0e35\u0e2d\u0e19\u0e32\u0e21\u0e31\u0e22\u0e1e\u0e31\u0e07\u0e17\u0e38\u0e22", "amenity": "clinic", "emergency": "no", "healthcare": "clinic", "name": "\u0e42\u0e23\u0e07\u0e1e\u0e22\u0e32\u0e1a\u0e32\u0e25\u0e2a\u0e48\u0e07\u0e40\u0e2a\u0e23\u0e34\u0e21\u0e2a\u0e38\u0e02\u0e20\u0e32\u0e1e\u0e15\u0e33\u0e1a\u0e25 \u0e1e\u0e31\u0e07\u0e17\u0e38\u0e22", "name:en": "Phang Thui Subdistrict Health Promoting Hospital", "short_name": "\u0e23\u0e1e.\u0e2a\u0e15.\u0e1e\u0e31\u0e07\u0e17\u0e38\u0e22", "source": "Bing; sign", "osm_id": 1603359964, "osm_type": "node"}, "geometry": {"type": "Point", "coordinates": [102.9266907, 16.7534316]}}, {"type": "Feature", "properties": {"is_in:country": "Thailand", "is_in:country_code": "TH", "is_in:iso_3166_2": "TH-40", "is_in:state": "Khon Kaen", "is_in:state_code": "40", "name": "\u0e1a\u0e49\u0e32\u0e19\u0e19\u0e32\u0e02\u0e32\u0e21", "name:en": "Ban Na Kham", "place": "village", "source": "Bing; sign", "osm_id": 1603361471, "osm_type": "node"}, "geometry": {"type": "Point", "coordinates": [102.944358, 16.7802861]}}, {"type": "Feature", "properties": {"is_in:country": "Thailand", "is_in:country_code": "TH", "is_in:iso_3166_2": "TH-40", "is_in:state": "Khon Kaen", "is_in:state_code": "40", "name": "\u0e1a\u0e49\u0e32\u0e19\u0e19\u0e32\u0e40\u0e23\u0e35\u0e22\u0e07", "name:en": "Ban Na Riang", "place": "village", "source": "Bing; sign", "osm_id": 1603361494, "osm_type": "node"}, "geometry": {"type": "Point", "coordinates": [102.8807283, 16.7568158]}}, {"type": "Feature", "properties": {"is_in:country": "Thailand", "is_in:country_code": "TH", "is_in:iso_3166_2": "TH-40", "is_in:state": "Khon Kaen", "is_in:state_code": "40", "name": "\u0e1a\u0e49\u0e32\u0e19\u0e42\u0e2a\u0e01\u0e21\u0e48\u0e27\u0e07", "name:en": "Ban Sok Muang", "place": "village", "source": "Bing; sign", "osm_id": 1603362143, "osm_type": "node"}, "geometry": {"type": "Point", "coordinates": [102.933485, 16.7578349]}}, {"type": "Feature", "properties": {"is_in:country": "Thailand", "is_in:country_code": "TH", "is_in:iso_3166_2": "TH-40", "is_in:state": "Khon Kaen", "is_in:state_code": "40", "name": "\u0e1a\u0e49\u0e32\u0e19\u0e01\u0e38\u0e14\u0e1e\u0e31\u0e07\u0e17\u0e38\u0e22", "name:en": "Ban Kut Phang Thui", "place": "village", "source": "Bing; sign", "osm_id": 1603362886, "osm_type": "node"}, "geometry": {"type": "Point", "coordinates": [102.9246285, 16.7538692]}}, {"type": "Feature", "properties": {"is_in:country": "Thailand", "is_in:country_code": "TH", "is_in:iso_3166_2": "TH-40", "is_in:state": "Khon Kaen", "is_in:state_code": "40", "name": "\u0e1a\u0e49\u0e32\u0e19\u0e2b\u0e19\u0e2d\u0e07\u0e41\u0e27\u0e07\u0e14\u0e07", "name:en": "Ban Nong Waeng Dong", "place": "village", "source": "Bing; sign", "osm_id": 1603364342, "osm_type": "node"}, "geometry": {"type": "Point", "coordinates": [102.9629814, 16.7579496]}}, {"type": "Feature", "properties": {"addr:district": "\u0e19\u0e49\u0e33\u0e1e\u0e2d\u0e07", "addr:district:en": "Nam Phong", "addr:hamlet": "\u0e2b\u0e21\u0e39\u0e48\u0e17\u0e35\u0e48 5", "addr:province": "\u0e02\u0e2d\u0e19\u0e41\u0e01\u0e48\u0e19", "addr:province:en": "Khon Kaen", "addr:subdistrict": "\u0e1e\u0e31\u0e07\u0e17\u0e38\u0e22", "addr:subdistrict:en": "Phang Thui", "amenity": "school", "name": "\u0e42\u0e23\u0e07\u0e40\u0e23\u0e35\u0e22\u0e19\u0e1e\u0e31\u0e07\u0e17\u0e38\u0e22\u0e1e\u0e31\u0e12\u0e19\u0e28\u0e36\u0e01\u0e29\u0e32", "name:en": "Phang Thui Phatthana Sueksa School", "source": "Bing; sign", "osm_id": 1603364366, "osm_type": "node"}, "geometry": {"type": "Point", "coordinates": [102.9406954, 16.770803]}}, {"type": "Feature", "properties": {"is_in:country": "Thailand", "is_in:country_code": "TH", "is_in:iso_3166_2": "TH-40", "is_in:state": "Khon Kaen", "is_in:state_code": "40", "name": "\u0e1a\u0e49\u0e32\u0e19\u0e0a\u0e33\u0e08\u0e32\u0e19", "name:en": "Ban Sam Jan", "name:th": "\u0e1a\u0e49\u0e32\u0e19\u0e0a\u0e33\u0e08\u0e32\u0e19", "place": "village", "source": "Bing; sign", "osm_id": 1604213330, "osm_type": "node"}, "geometry": {"type": "Point", "coordinates": [102.8169108, 16.5945907]}}, {"type": "Feature", "properties": {"is_in:country": "Thailand", "is_in:country_code": "TH", "is_in:iso_3166_2": "TH-40", "is_in:state": "Khon Kaen", "is_in:state_code": "40", "name": "\u0e1a\u0e49\u0e32\u0e19\u0e19\u0e32\u0e04\u0e39", "name:en": "Ban Na Khu", "place": "village", "source": "Bing; sign", "osm_id": 1604559341, "osm_type": "node"}, "geometry": {"type": "Point", "coordinates": [102.9110799, 16.717878]}}, {"type": "Feature", "properties": {"is_in:country": "Thailand", "is_in:country_code": "TH", "is_in:iso_3166_2": "TH-40", "is_in:state": "Khon Kaen", "is_in:state_code": "40", "name": "\u0e1a\u0e49\u0e32\u0e19\u0e19\u0e32\u0e07\u0e32\u0e21", "name:en": "Ban Na Ngam", "place": "village", "source": "Bing; sign", "osm_id": 1604559345, "osm_type": "node"}, "geometry": {"type": "Point", "coordinates": [102.9198071, 16.6944941]}}, {"type": "Feature", "properties": {"is_in:country": "Thailand", "is_in:country_code": "TH", "is_in:iso_3166_2": "TH-40", "is_in:state": "Khon Kaen", "is_in:state_code": "40", "name": "\u0e1a\u0e49\u0e32\u0e19\u0e1e\u0e31\u0e01 \u0e01\u0e2d\u0e07\u0e1e\u0e31\u0e19\u0e17\u0e2b\u0e32\u0e23\u0e21\u0e49\u0e32\u0e17\u0e35\u0e4814", "name:en": "14th Cavalry Regiment Village", "place": "village", "source": "Bing; sign", "osm_id": 1604559355, "osm_type": "node"}, "geometry": {"type": "Point", "coordinates": [102.9642957, 16.6847356]}}, {"type": "Feature", "properties": {"is_in:country": "Thailand", "is_in:country_code": "TH", "is_in:iso_3166_2": "TH-40", "is_in:state": "Khon Kaen", "is_in:state_code": "40", "name": "\u0e1a\u0e49\u0e32\u0e19\u0e2a\u0e38\u0e02\u0e43\u0e08", "name:en": "Ban Sukchai", "place": "village", "source": "Bing; sign", "osm_id": 1604559356, "osm_type": "node"}, "geometry": {"type": "Point", "coordinates": [102.9145425, 16.6946511]}}, {"type": "Feature", "properties": {"is_in:country": "Thailand", "is_in:country_code": "TH", "is_in:iso_3166_2": "TH-40", "is_in:state": "Khon Kaen", "is_in:state_code": "40", "name": "\u0e1a\u0e49\u0e32\u0e19\u0e2b\u0e19\u0e2d\u0e07\u0e1a\u0e31\u0e27\u0e1a\u0e32\u0e19", "name:en": "Ban Nong Bua Ban", "place": "village", "source": "Bing; sign", "osm_id": 1604559362, "osm_type": "node"}, "geometry": {"type": "Point", "coordinates": [102.9177769, 16.6766189]}}, {"type": "Feature", "properties": {"is_in:country": "Thailand", "is_in:country_code": "TH", "is_in:iso_3166_2": "TH-40", "is_in:state": "Khon Kaen", "is_in:state_code": "40", "name": "\u0e1a\u0e49\u0e32\u0e19\u0e2b\u0e19\u0e2d\u0e07\u0e1a\u0e31\u0e27\u0e40\u0e07\u0e34\u0e19", "name:en": "Ban Nong Bua Ngoen", "place": "village", "source": "Bing; sign", "osm_id": 1604559368, "osm_type": "node"}, "geometry": {"type": "Point", "coordinates": [102.9444292, 16.7346702]}}, {"type": "Feature", "properties": {"addr:district": "\u0e19\u0e49\u0e33\u0e1e\u0e2d\u0e07", "addr:district:en": "Nam Phong", "addr:hamlet": "\u0e2b\u0e21\u0e39\u0e48\u0e17\u0e35\u0e48 17", "addr:province": "\u0e08\u0e31\u0e07\u0e2b\u0e27\u0e31\u0e14\u0e02\u0e2d\u0e19\u0e41\u0e01\u0e48\u0e19", "addr:province:en": "Khon Kaen Province", "addr:subdistrict": "\u0e1a\u0e31\u0e27\u0e40\u0e07\u0e34\u0e19", "addr:subdistrict:en": "Bua Ngoen", "name": "\u0e1a\u0e49\u0e32\u0e19\u0e2b\u0e19\u0e2d\u0e07\u0e41\u0e27\u0e07 \u0e2b\u0e21\u0e39\u0e48 17", "name:en": "Ban Nong Waeng Mu 17", "place": "hamlet", "source": "Bing; sign", "osm_id": 1604559376, "osm_type": "node"}, "geometry": {"type": "Point", "coordinates": [102.9749721, 16.7136306]}}, {"type": "Feature", "properties": {"addr:district": "\u0e19\u0e49\u0e33\u0e1e\u0e2d\u0e07", "addr:district:en": "Nam Phong", "addr:hamlet": "\u0e2b\u0e21\u0e39\u0e48\u0e17\u0e35\u0e48 4", "addr:province": "\u0e08\u0e31\u0e07\u0e2b\u0e27\u0e31\u0e14\u0e02\u0e2d\u0e19\u0e41\u0e01\u0e48\u0e19", "addr:province:en": "Khon Kaen Province", "addr:subdistrict": "\u0e1a\u0e31\u0e27\u0e40\u0e07\u0e34\u0e19", "addr:subdistrict:en": "Bua Ngoen", "name": "\u0e1a\u0e49\u0e32\u0e19\u0e2b\u0e19\u0e2d\u0e07\u0e41\u0e27\u0e07 \u0e2b\u0e21\u0e39\u0e48 4", "name:en": "Ban Nong Waeng Mu 4", "place": "hamlet", "source": "Bing; sign", "osm_id": 1604559382, "osm_type": "node"}, "geometry": {"type": "Point", "coordinates": [102.974495, 16.7167979]}}, {"type": "Feature", "properties": {"addr:district": "\u0e19\u0e49\u0e33\u0e1e\u0e2d\u0e07", "addr:district:en": "Nam Phong", "addr:hamlet": "\u0e2b\u0e21\u0e39\u0e48\u0e17\u0e35\u0e48 11", "addr:province": "\u0e08\u0e31\u0e07\u0e2b\u0e27\u0e31\u0e14\u0e02\u0e2d\u0e19\u0e41\u0e01\u0e48\u0e19", "addr:province:en": "Khon Kaen Province", "addr:subdistrict": "\u0e1e\u0e31\u0e07\u0e17\u0e38\u0e22", "addr:subdistrict:en": "Phang Thui", "name": "\u0e1a\u0e49\u0e32\u0e19\u0e2b\u0e31\u0e27\u0e1a\u0e36\u0e07 \u0e2b\u0e21\u0e39\u0e48 11", "name:en": "Ban Hua Bueng Mu 11", "place": "hamlet", "source": "Bing; sign", "osm_id": 1604559389, "osm_type": "node"}, "geometry": {"type": "Point", "coordinates": [102.9188623, 16.7488612]}}, {"type": "Feature", "properties": {"addr:district": "\u0e19\u0e49\u0e33\u0e1e\u0e2d\u0e07", "addr:district:en": "Nam Phong", "addr:hamlet": "\u0e2b\u0e21\u0e39\u0e48\u0e17\u0e35\u0e48 3", "addr:province": "\u0e08\u0e31\u0e07\u0e2b\u0e27\u0e31\u0e14\u0e02\u0e2d\u0e19\u0e41\u0e01\u0e48\u0e19", "addr:province:en": "Khon Kaen Province", "addr:subdistrict": "\u0e1e\u0e31\u0e07\u0e17\u0e38\u0e22", "addr:subdistrict:en": "Phang Thui", "name": "\u0e1a\u0e49\u0e32\u0e19\u0e2b\u0e31\u0e27\u0e1a\u0e36\u0e07 \u0e2b\u0e21\u0e39\u0e48 3", "name:en": "Ban Hua Bueng Mu 3", "place": "hamlet", "source": "Bing; sign", "osm_id": 1604559390, "osm_type": "node"}, "geometry": {"type": "Point", "coordinates": [102.9137842, 16.74722]}}, {"type": "Feature", "properties": {"is_in:country": "Thailand", "is_in:country_code": "TH", "is_in:iso_3166_2": "TH-40", "is_in:state": "Khon Kaen", "is_in:state_code": "40", "name": "\u0e1a\u0e49\u0e32\u0e19\u0e2b\u0e31\u0e27\u0e1a\u0e36\u0e07", "name:en": "Ban Hua Bueng", "place": "village", "source": "Bing; sign", "osm_id": 1604559399, "osm_type": "node"}, "geometry": {"type": "Point", "coordinates": [102.91642, 16.7468332]}}, {"type": "Feature", "properties": {"is_in:country": "Thailand", "is_in:country_code": "TH", "is_in:iso_3166_2": "TH-40", "is_in:state": "Khon Kaen", "is_in:state_code": "40", "name": "\u0e1a\u0e49\u0e32\u0e19\u0e42\u0e04\u0e01\u0e40\u0e25\u0e49\u0e32", "name:en": "Ban Khok Lao", "place": "village", "source": "Bing; sign", "osm_id": 1604559400, "osm_type": "node"}, "geometry": {"type": "Point", "coordinates": [102.9604846, 16.7354174]}}, {"type": "Feature", "properties": {"is_in:country": "Thailand", "is_in:country_code": "TH", "is_in:iso_3166_2": "TH-40", "is_in:state": "Khon Kaen", "is_in:state_code": "40", "name": "\u0e1a\u0e49\u0e32\u0e19\u0e42\u0e19\u0e19\u0e41\u0e14\u0e07", "name:en": "Ban Non Daeng", "place": "village", "source": "Bing; sign", "osm_id": 1604559406, "osm_type": "node"}, "geometry": {"type": "Point", "coordinates": [102.9754618, 16.7261002]}}, {"type": "Feature", "properties": {"addr:district": "\u0e19\u0e49\u0e33\u0e1e\u0e2d\u0e07", "addr:district:en": "Nam Phong", "addr:hamlet": "\u0e2b\u0e21\u0e39\u0e48\u0e17\u0e35\u0e48 11", "addr:province": "\u0e08\u0e31\u0e07\u0e2b\u0e27\u0e31\u0e14\u0e02\u0e2d\u0e19\u0e41\u0e01\u0e48\u0e19", "addr:province:en": "Khon Kaen Province", "addr:subdistrict": "\u0e2b\u0e17\u0e2d\u0e07\u0e01\u0e38\u0e07", "addr:subdistrict:en": "Nong Kung", "name": "\u0e1a\u0e49\u0e32\u0e19\u0e42\u0e2a\u0e01\u0e41\u0e2a\u0e07 \u0e2b\u0e21\u0e39\u0e48 11", "name:en": "Ban Sok Saeng Mu 11", "place": "hamlet", "source": "Bing; sign", "osm_id": 1604559411, "osm_type": "node"}, "geometry": {"type": "Point", "coordinates": [102.8980451, 16.715227]}}, {"type": "Feature", "properties": {"addr:district": "\u0e19\u0e49\u0e33\u0e1e\u0e2d\u0e07", "addr:district:en": "Nam Phong", "addr:hamlet": "\u0e2b\u0e21\u0e39\u0e48\u0e17\u0e35\u0e48 4", "addr:province": "\u0e08\u0e31\u0e07\u0e2b\u0e27\u0e31\u0e14\u0e02\u0e2d\u0e19\u0e41\u0e01\u0e48\u0e19", "addr:province:en": "Khon Kaen Province", "addr:subdistrict": "\u0e2b\u0e17\u0e2d\u0e07\u0e01\u0e38\u0e07", "addr:subdistrict:en": "Nong Kung", "name": "\u0e1a\u0e49\u0e32\u0e19\u0e42\u0e2a\u0e01\u0e41\u0e2a\u0e07 \u0e2b\u0e21\u0e39\u0e48 4", "name:en": "Ban Sok Saeng Mu 4", "place": "hamlet", "source": "Bing; sign", "osm_id": 1604559414, "osm_type": "node"}, "geometry": {"type": "Point", "coordinates": [102.8961625, 16.7154774]}}, {"type": "Feature", "properties": {"is_in:country": "Thailand", "is_in:country_code": "TH", "is_in:iso_3166_2": "TH-40", "is_in:state": "Khon Kaen", "is_in:state_code": "40", "name": "\u0e1a\u0e49\u0e32\u0e19\u0e42\u0e2a\u0e01\u0e41\u0e2a\u0e07", "name:en": "Ban Sok Saeng", "place": "village", "source": "Bing; sign", "osm_id": 1604559927, "osm_type": "node"}, "geometry": {"type": "Point", "coordinates": [102.8972429, 16.7147426]}}, {"type": "Feature", "properties": {"addr:district": "\u0e19\u0e49\u0e33\u0e1e\u0e2d\u0e07", "addr:district:en": "Nam Phong", "addr:province": "\u0e02\u0e2d\u0e19\u0e41\u0e01\u0e48\u0e19", "addr:province:en": "Khon Kaen", "addr:subdistrict": "\u0e17\u0e23\u0e32\u0e22\u0e21\u0e39\u0e25", "addr:subdistrict:en": "Sai Mun", "alt_name": "\u0e2a\u0e16\u0e32\u0e19\u0e35\u0e2d\u0e19\u0e32\u0e21\u0e31\u0e22\u0e1a\u0e49\u0e32\u0e19\u0e2b\u0e19\u0e2d\u0e07\u0e2b\u0e27\u0e49\u0e32", "amenity": "clinic", "emergency": "no", "healthcare": "clinic", "name": "\u0e42\u0e23\u0e07\u0e1e\u0e22\u0e32\u0e1a\u0e32\u0e25\u0e2a\u0e48\u0e07\u0e40\u0e2a\u0e23\u0e34\u0e21\u0e2a\u0e38\u0e02\u0e20\u0e32\u0e1e\u0e15\u0e33\u0e1a\u0e25 \u0e1a\u0e49\u0e32\u0e19\u0e2b\u0e19\u0e2d\u0e07\u0e2b\u0e27\u0e49\u0e32", "name:en": "Ban Nong Wa Subdistrict Health Promoting Hospital", "short_name": "\u0e23\u0e1e.\u0e2a\u0e15.\u0e1a\u0e49\u0e32\u0e19\u0e2b\u0e19\u0e2d\u0e07\u0e2b\u0e27\u0e49\u0e32", "source": "Bing; sign", "osm_id": 1604559951, "osm_type": "node"}, "geometry": {"type": "Point", "coordinates": [102.9112719, 16.686293]}}, {"type": "Feature", "properties": {"is_in:country": "Thailand", "is_in:country_code": "TH", "is_in:iso_3166_2": "TH-40", "is_in:state": "Khon Kaen", "is_in:state_code": "40", "name": "\u0e1a\u0e49\u0e32\u0e19\u0e27\u0e31\u0e07\u0e16\u0e31\u0e48\u0e27", "name:en": "Ban Wang Thua", "place": "village", "source": "Bing; sign", "osm_id": 1606286648, "osm_type": "node"}, "geometry": {"type": "Point", "coordinates": [102.8286421, 16.6838078]}}, {"type": "Feature", "properties": {"is_in:country": "Thailand", "is_in:country_code": "TH", "is_in:iso_3166_2": "TH-40", "is_in:state": "Khon Kaen", "is_in:state_code": "40", "name": "\u0e1a\u0e49\u0e32\u0e19\u0e2a\u0e23\u0e49\u0e32\u0e07\u0e41\u0e0b\u0e48\u0e07", "name:en": "Ban Sang Saeng", "place": "village", "source": "Bing; sign", "osm_id": 1606286649, "osm_type": "node"}, "geometry": {"type": "Point", "coordinates": [102.8344382, 16.6878392]}}, {"type": "Feature", "properties": {"addr:district": "\u0e40\u0e21\u0e37\u0e2d\u0e07\u0e02\u0e2d\u0e19\u0e41\u0e01\u0e19", "addr:district:en": "Mueang Khon Kaen", "addr:hamlet": "\u0e2b\u0e21\u0e39\u0e48\u0e17\u0e35\u0e48 13", "addr:province": "\u0e02\u0e2d\u0e19\u0e41\u0e01\u0e48\u0e19", "addr:province:en": "Khon Kaen", "addr:subdistrict": "\u0e2a\u0e33\u0e23\u0e32\u0e0d", "addr:subdistrict:en": "Samran", "alt_name": "\u0e2a\u0e16\u0e32\u0e19\u0e35\u0e2d\u0e19\u0e32\u0e21\u0e31\u0e22\u0e2a\u0e33\u0e23\u0e32\u0e0d", "amenity": "clinic", "emergency": "no", "healthcare": "clinic", "name": "\u0e42\u0e23\u0e07\u0e1e\u0e22\u0e32\u0e1a\u0e32\u0e25\u0e2a\u0e48\u0e07\u0e40\u0e2a\u0e23\u0e34\u0e21\u0e2a\u0e38\u0e02\u0e20\u0e32\u0e1e\u0e15\u0e33\u0e1a\u0e25 \u0e2a\u0e33\u0e23\u0e32\u0e0d", "name:en": "Samran Subdistrict Health Promoting Hospital", "name:th": "\u0e42\u0e23\u0e07\u0e1e\u0e22\u0e32\u0e1a\u0e32\u0e25\u0e2a\u0e48\u0e07\u0e40\u0e2a\u0e23\u0e34\u0e21\u0e2a\u0e38\u0e02\u0e20\u0e32\u0e1e\u0e15\u0e33\u0e1a\u0e25 \u0e2a\u0e33\u0e23\u0e32\u0e0d", "operator": "\u0e42\u0e23\u0e07\u0e1e\u0e22\u0e32\u0e1a\u0e32\u0e25\u0e2a\u0e48\u0e07\u0e40\u0e2a\u0e23\u0e34\u0e21\u0e2a\u0e38\u0e02\u0e20\u0e32\u0e1e\u0e15\u0e33\u0e1a\u0e25", "operator:th": "\u0e42\u0e23\u0e07\u0e1e\u0e22\u0e32\u0e1a\u0e32\u0e25\u0e2a\u0e48\u0e07\u0e40\u0e2a\u0e23\u0e34\u0e21\u0e2a\u0e38\u0e02\u0e20\u0e32\u0e1e\u0e15\u0e33\u0e1a\u0e25", "operator:type": "private", "operator:wikidata": "Q16306413", "short_name": "\u0e23\u0e1e.\u0e2a\u0e15.\u0e2a\u0e33\u0e23\u0e32\u0e0d", "source": "Bing; sign", "osm_id": 1609183298, "osm_type": "node"}, "geometry": {"type": "Point", "coordinates": [102.8297654, 16.536856]}}, {"type": "Feature", "properties": {"is_in:country": "Thailand", "is_in:country_code": "TH", "is_in:iso_3166_2": "TH-40", "is_in:state": "Khon Kaen", "is_in:state_code": "40", "name": "\u0e1a\u0e49\u0e32\u0e19\u0e01\u0e38\u0e14\u0e42\u0e07\u0e49\u0e07", "name:en": "Ban Kut Ngong", "place": "village", "source": "Bing; sign", "osm_id": 1610184354, "osm_type": "node"}, "geometry": {"type": "Point", "coordinates": [103.0246437, 16.7425816]}}, {"type": "Feature", "properties": {"is_in:country": "Thailand", "is_in:country_code": "TH", "is_in:iso_3166_2": "TH-40", "is_in:state": "Khon Kaen", "is_in:state_code": "40", "name": "\u0e1a\u0e49\u0e32\u0e19\u0e04\u0e33\u0e21\u0e37\u0e14", "name:en": "Ban Kham Muet", "place": "village", "source": "Bing; sign", "osm_id": 1610184403, "osm_type": "node"}, "geometry": {"type": "Point", "coordinates": [103.0386162, 16.7557644]}}, {"type": "Feature", "properties": {"is_in:country": "Thailand", "is_in:country_code": "TH", "is_in:iso_3166_2": "TH-40", "is_in:state": "Khon Kaen", "is_in:state_code": "40", "name": "\u0e1a\u0e49\u0e32\u0e19\u0e19\u0e32\u0e1d\u0e32\u0e22\u0e40\u0e2b\u0e19\u0e37\u0e2d", "name:en": "Ban Na Fai Nuea", "place": "village", "source": "Bing; sign", "osm_id": 1610184439, "osm_type": "node"}, "geometry": {"type": "Point", "coordinates": [102.997776, 16.7319172]}}, {"type": "Feature", "properties": {"is_in:country": "Thailand", "is_in:country_code": "TH", "is_in:iso_3166_2": "TH-40", "is_in:state": "Khon Kaen", "is_in:state_code": "40", "name": "\u0e1a\u0e49\u0e32\u0e19\u0e19\u0e32\u0e40\u0e25\u0e32\u0e30", "name:en": "Ban Na Lo", "place": "village", "source": "Bing; sign", "osm_id": 1610184486, "osm_type": "node"}, "geometry": {"type": "Point", "coordinates": [103.0470395, 16.7338524]}}, {"type": "Feature", "properties": {"is_in:country": "Thailand", "is_in:country_code": "TH", "is_in:iso_3166_2": "TH-40", "is_in:state": "Khon Kaen", "is_in:state_code": "40", "name": "\u0e1a\u0e49\u0e32\u0e19\u0e1b\u0e48\u0e32\u0e15\u0e34\u0e49\u0e27", "name:en": "Ban Pa Tio", "place": "village", "source": "Bing; sign", "osm_id": 1610184534, "osm_type": "node"}, "geometry": {"type": "Point", "coordinates": [103.0220659, 16.7341133]}}, {"type": "Feature", "properties": {"is_in:country": "Thailand", "is_in:country_code": "TH", "is_in:iso_3166_2": "TH-40", "is_in:state": "Khon Kaen", "is_in:state_code": "40", "name": "\u0e1a\u0e49\u0e32\u0e19\u0e42\u0e04\u0e01\u0e01\u0e25\u0e32\u0e07", "name:en": "Ban Khok Klang", "place": "village", "source": "Bing; sign", "osm_id": 1610184572, "osm_type": "node"}, "geometry": {"type": "Point", "coordinates": [103.0594516, 16.7381638]}}, {"type": "Feature", "properties": {"is_in:country": "Thailand", "is_in:country_code": "TH", "is_in:iso_3166_2": "TH-40", "is_in:state": "Khon Kaen", "is_in:state_code": "40", "name": "\u0e1a\u0e49\u0e32\u0e19\u0e42\u0e19\u0e19\u0e23\u0e32\u0e28\u0e23\u0e35", "name:en": "Ban Non Ra Si", "place": "village", "source": "Bing; sign", "osm_id": 1610184629, "osm_type": "node"}, "geometry": {"type": "Point", "coordinates": [103.0690797, 16.7206129]}}, {"type": "Feature", "properties": {"amenity": "hospital", "source": "Bing", "osm_id": 1611570040, "osm_type": "node"}, "geometry": {"type": "Point", "coordinates": [103.0219578, 16.7718501]}}, {"type": "Feature", "properties": {"is_in:country": "Thailand", "is_in:country_code": "TH", "is_in:iso_3166_2": "TH-40", "is_in:state": "Khon Kaen", "is_in:state_code": "40", "name": "\u0e1a\u0e49\u0e32\u0e19\u0e04\u0e33\u0e04\u0e23\u0e36\u0e48\u0e07", "name:en": "Ban Kham Khrueng", "place": "village", "source": "Bing; sign", "osm_id": 1611581587, "osm_type": "node"}, "geometry": {"type": "Point", "coordinates": [103.093951, 16.7972505]}}, {"type": "Feature", "properties": {"is_in:country": "Thailand", "is_in:country_code": "TH", "is_in:iso_3166_2": "TH-40", "is_in:state": "Khon Kaen", "is_in:state_code": "40", "name": "\u0e1a\u0e49\u0e32\u0e19\u0e19\u0e32\u0e42\u0e1b\u0e48\u0e07", "name:en": "Ban Na Pong", "place": "village", "source": "Bing; sign", "osm_id": 1611581603, "osm_type": "node"}, "geometry": {"type": "Point", "coordinates": [103.0613616, 16.8278687]}}, {"type": "Feature", "properties": {"is_in:country": "Thailand", "is_in:country_code": "TH", "is_in:iso_3166_2": "TH-40", "is_in:state": "Khon Kaen", "is_in:state_code": "40", "name": "\u0e1a\u0e49\u0e32\u0e19\u0e19\u0e49\u0e33\u0e2a\u0e27\u0e48\u0e32\u0e07", "name:en": "Ban Nam Sawang", "place": "village", "source": "Bing; sign", "osm_id": 1611581611, "osm_type": "node"}, "geometry": {"type": "Point", "coordinates": [103.080833, 16.8225164]}}, {"type": "Feature", "properties": {"is_in:country": "Thailand", "is_in:country_code": "TH", "is_in:iso_3166_2": "TH-40", "is_in:state": "Khon Kaen", "is_in:state_code": "40", "name": "\u0e1a\u0e49\u0e32\u0e19\u0e1b\u0e48\u0e32\u0e0a\u0e32\u0e15\u0e34", "name:en": "Ban Pa Chat", "place": "village", "source": "Bing; sign", "osm_id": 1611581626, "osm_type": "node"}, "geometry": {"type": "Point", "coordinates": [103.0517863, 16.7848879]}}, {"type": "Feature", "properties": {"addr:district": "\u0e01\u0e23\u0e30\u0e19\u0e27\u0e19", "addr:district:en": "Kranuan", "addr:hamlet": "\u0e2b\u0e21\u0e39\u0e48\u0e17\u0e35\u0e48 1", "addr:province": "\u0e08\u0e31\u0e07\u0e2b\u0e27\u0e31\u0e14\u0e02\u0e2d\u0e19\u0e41\u0e01\u0e48\u0e19", "addr:province:en": "Khon Kaen Province", "addr:subdistrict": "\u0e1a\u0e49\u0e32\u0e19\u0e1d\u0e32\u0e07", "addr:subdistrict:en": "Ban Fang", "name": "\u0e1a\u0e49\u0e32\u0e19\u0e1d\u0e32\u0e07 \u0e2b\u0e21\u0e39\u0e48 1", "name:en": "Ban Fang Mu 1", "place": "hamlet", "source": "Bing; sign", "osm_id": 1611581632, "osm_type": "node"}, "geometry": {"type": "Point", "coordinates": [103.0230518, 16.7703983]}}, {"type": "Feature", "properties": {"addr:district": "\u0e01\u0e23\u0e30\u0e19\u0e27\u0e19", "addr:district:en": "Kranuan", "addr:hamlet": "\u0e2b\u0e21\u0e39\u0e48\u0e17\u0e35\u0e48 10", "addr:province": "\u0e08\u0e31\u0e07\u0e2b\u0e27\u0e31\u0e14\u0e02\u0e2d\u0e19\u0e41\u0e01\u0e48\u0e19", "addr:province:en": "Khon Kaen Province", "addr:subdistrict": "\u0e1a\u0e49\u0e32\u0e19\u0e1d\u0e32\u0e07", "addr:subdistrict:en": "Ban Fang", "name": "\u0e1a\u0e49\u0e32\u0e19\u0e1d\u0e32\u0e07 \u0e2b\u0e21\u0e39\u0e48 10", "name:en": "Ban Fang Mu 10", "place": "hamlet", "source": "Bing; sign", "osm_id": 1611581641, "osm_type": "node"}, "geometry": {"type": "Point", "coordinates": [103.0259124, 16.7690426]}}, {"type": "Feature", "properties": {"addr:district": "\u0e01\u0e23\u0e30\u0e19\u0e27\u0e19", "addr:district:en": "Kranuan", "addr:hamlet": "\u0e2b\u0e21\u0e39\u0e48\u0e17\u0e35\u0e48 7", "addr:province": "\u0e08\u0e31\u0e07\u0e2b\u0e27\u0e31\u0e14\u0e02\u0e2d\u0e19\u0e41\u0e01\u0e48\u0e19", "addr:province:en": "Khon Kaen Province", "addr:subdistrict": "\u0e1a\u0e49\u0e32\u0e19\u0e1d\u0e32\u0e07", "addr:subdistrict:en": "Ban Fang", "name": "\u0e1a\u0e49\u0e32\u0e19\u0e1d\u0e32\u0e07 \u0e2b\u0e21\u0e39\u0e48 7", "name:en": "Ban Fang Mu 7", "place": "hamlet", "source": "Bing; sign", "osm_id": 1611581648, "osm_type": "node"}, "geometry": {"type": "Point", "coordinates": [103.0206504, 16.7704258]}}, {"type": "Feature", "properties": {"capital_level": "8", "is_in:country": "Thailand", "is_in:country_code": "TH", "is_in:iso_3166_2": "TH-40", "is_in:state": "Khon Kaen", "is_in:state_code": "40", "name": "\u0e1a\u0e49\u0e32\u0e19\u0e1d\u0e32\u0e07", "name:en": "Ban Fang", "place": "village", "source": "Bing; sign", "osm_id": 1611581667, "osm_type": "node"}, "geometry": {"type": "Point", "coordinates": [103.0232719, 16.772551]}}, {"type": "Feature", "properties": {"is_in:country": "Thailand", "is_in:country_code": "TH", "is_in:iso_3166_2": "TH-40", "is_in:state": "Khon Kaen", "is_in:state_code": "40", "name": "\u0e1a\u0e49\u0e32\u0e19\u0e2b\u0e19\u0e2d\u0e07\u0e41\u0e27\u0e07\u0e04\u0e39", "name:en": "Ban Nong Waeng Khu", "place": "village", "source": "Bing; sign", "osm_id": 1611581679, "osm_type": "node"}, "geometry": {"type": "Point", "coordinates": [103.0466024, 16.7817997]}}, {"type": "Feature", "properties": {"is_in:country": "Thailand", "is_in:country_code": "TH", "is_in:iso_3166_2": "TH-40", "is_in:state": "Khon Kaen", "is_in:state_code": "40", "name": "\u0e1a\u0e49\u0e32\u0e19\u0e2b\u0e31\u0e27\u0e2b\u0e19\u0e2d\u0e07", "name:en": "Ban Hua Nong", "place": "village", "source": "Bing; sign", "osm_id": 1611581699, "osm_type": "node"}, "geometry": {"type": "Point", "coordinates": [103.0191962, 16.7743464]}}, {"type": "Feature", "properties": {"is_in:country": "Thailand", "is_in:country_code": "TH", "is_in:iso_3166_2": "TH-40", "is_in:state": "Khon Kaen", "is_in:state_code": "40", "name": "\u0e1a\u0e49\u0e32\u0e19\u0e42\u0e04\u0e01\u0e2a\u0e27\u0e48\u0e32\u0e07", "name:en": "Ban Khok Sawang", "place": "village", "source": "Bing; sign", "osm_id": 1611581711, "osm_type": "node"}, "geometry": {"type": "Point", "coordinates": [103.076662, 16.8293917]}}, {"type": "Feature", "properties": {"amenity": "hospital", "source": "Bing", "osm_id": 1613079931, "osm_type": "node"}, "geometry": {"type": "Point", "coordinates": [103.0398708, 16.8061289]}}, {"type": "Feature", "properties": {"addr:district": "\u0e01\u0e23\u0e30\u0e19\u0e27\u0e19", "addr:district:en": "Kranuan", "addr:hamlet": "\u0e2b\u0e21\u0e39\u0e48\u0e17\u0e35\u0e48 8", "addr:province": "\u0e08\u0e31\u0e07\u0e2b\u0e27\u0e31\u0e14\u0e02\u0e2d\u0e19\u0e41\u0e01\u0e48\u0e19", "addr:province:en": "Khon Kaen Province", "addr:subdistrict": "\u0e2b\u0e31\u0e27\u0e19\u0e32\u0e04\u0e33", "addr:subdistrict:en": "Hua Na Kham", "name": "\u0e1a\u0e49\u0e32\u0e19\u0e08\u0e2d\u0e21\u0e1a\u0e36\u0e07", "name:en": "Ban Chom Bueng", "place": "hamlet", "source": "Bing; sign", "osm_id": 1613082980, "osm_type": "node"}, "geometry": {"type": "Point", "coordinates": [103.0411584, 16.8379018]}}, {"type": "Feature", "properties": {"is_in:country": "Thailand", "is_in:country_code": "TH", "is_in:iso_3166_2": "TH-40", "is_in:state": "Khon Kaen", "is_in:state_code": "40", "name": "\u0e1a\u0e49\u0e32\u0e19\u0e17\u0e48\u0e32\u0e25\u0e32\u0e14", "name:en": "Ban Tha Lat", "place": "village", "source": "Bing; sign", "osm_id": 1613082990, "osm_type": "node"}, "geometry": {"type": "Point", "coordinates": [103.0361311, 16.806732]}}, {"type": "Feature", "properties": {"is_in:country": "Thailand", "is_in:country_code": "TH", "is_in:iso_3166_2": "TH-40", "is_in:state": "Khon Kaen", "is_in:state_code": "40", "name": "\u0e1a\u0e49\u0e32\u0e19\u0e2a\u0e19\u0e32\u0e21\u0e0a\u0e31\u0e22", "name:en": "Ban Sanam Chai", "place": "village", "source": "Bing; sign", "osm_id": 1613083007, "osm_type": "node"}, "geometry": {"type": "Point", "coordinates": [103.0454203, 16.8510266]}}, {"type": "Feature", "properties": {"addr:district": "\u0e01\u0e23\u0e30\u0e19\u0e27\u0e19", "addr:district:en": "Kranuan", "addr:hamlet": "\u0e2b\u0e21\u0e39\u0e48\u0e17\u0e35\u0e48 2", "addr:province": "\u0e08\u0e31\u0e07\u0e2b\u0e27\u0e31\u0e14\u0e02\u0e2d\u0e19\u0e41\u0e01\u0e48\u0e19", "addr:province:en": "Khon Kaen Province", "addr:subdistrict": "\u0e2b\u0e31\u0e27\u0e19\u0e32\u0e04\u0e33", "addr:subdistrict:en": "Hua Na Kham", "name": "\u0e1a\u0e49\u0e32\u0e19\u0e2b\u0e31\u0e27\u0e19\u0e32\u0e04\u0e33 \u0e2b\u0e21\u0e39\u0e48 2", "name:en": "Ban Hua Na Kham Mu 2", "place": "hamlet", "source": "Bing; sign", "osm_id": 1613083018, "osm_type": "node"}, "geometry": {"type": "Point", "coordinates": [103.0444373, 16.8451422]}}, {"type": "Feature", "properties": {"addr:district": "\u0e01\u0e23\u0e30\u0e19\u0e27\u0e19", "addr:district:en": "Kranuan", "addr:hamlet": "\u0e2b\u0e21\u0e39\u0e48\u0e17\u0e35\u0e48 9", "addr:province": "\u0e08\u0e31\u0e07\u0e2b\u0e27\u0e31\u0e14\u0e02\u0e2d\u0e19\u0e41\u0e01\u0e48\u0e19", "addr:province:en": "Khon Kaen Province", "addr:subdistrict": "\u0e2b\u0e31\u0e27\u0e19\u0e32\u0e04\u0e33", "addr:subdistrict:en": "Hua Na Kham", "name": "\u0e1a\u0e49\u0e32\u0e19\u0e2b\u0e31\u0e27\u0e19\u0e32\u0e04\u0e33 \u0e2b\u0e21\u0e39\u0e48 9", "name:en": "Ban Hua Na Kham Mu 9", "place": "hamlet", "source": "Bing; sign", "osm_id": 1613083027, "osm_type": "node"}, "geometry": {"type": "Point", "coordinates": [103.0469473, 16.8392663]}}, {"type": "Feature", "properties": {"is_in:country": "Thailand", "is_in:country_code": "TH", "is_in:iso_3166_2": "TH-40", "is_in:state": "Khon Kaen", "is_in:state_code": "40", "name": "\u0e1a\u0e49\u0e32\u0e19\u0e2b\u0e31\u0e27\u0e19\u0e32\u0e04\u0e33", "name:en": "Ban Hua Na Kham", "place": "village", "source": "Bing; sign", "osm_id": 1613083037, "osm_type": "node"}, "geometry": {"type": "Point", "coordinates": [103.044696, 16.8417568]}}, {"type": "Feature", "properties": {"is_in:country": "Thailand", "is_in:country_code": "TH", "is_in:iso_3166_2": "TH-40", "is_in:state": "Khon Kaen", "is_in:state_code": "40", "name": "\u0e1a\u0e49\u0e32\u0e19\u0e2b\u0e49\u0e27\u0e22\u0e22\u0e32\u0e07", "name:en": "Ban Huai Yang", "place": "village", "osm_id": 1613083046, "osm_type": "node"}, "geometry": {"type": "Point", "coordinates": [103.0750314, 16.8573969]}}, {"type": "Feature", "properties": {"is_in:country": "Thailand", "is_in:country_code": "TH", "is_in:iso_3166_2": "TH-46", "is_in:state": "Kalasin", "is_in:state_code": "46", "name": "\u0e1a\u0e49\u0e32\u0e19\u0e41\u0e2a\u0e19\u0e2a\u0e38\u0e02", "name:en": "Ban Saen Suk", "place": "village", "source": "Bing; sign", "osm_id": 1613083056, "osm_type": "node"}, "geometry": {"type": "Point", "coordinates": [103.1172642, 16.8307295]}}, {"type": "Feature", "properties": {"addr:postcode": "40170", "is_in:country": "Thailand", "is_in:country_code": "TH", "is_in:iso_3166_2": "TH-40", "is_in:state": "Khon Kaen", "is_in:state_code": "40", "name": "\u0e1a\u0e49\u0e32\u0e19\u0e42\u0e04\u0e01\u0e01\u0e25\u0e32\u0e07", "name:en": "Ban Khok Klang", "place": "village", "source": "Bing; sign", "osm_id": 1613083066, "osm_type": "node"}, "geometry": {"type": "Point", "coordinates": [103.0808443, 16.8456576]}}, {"type": "Feature", "properties": {"is_in:country": "Thailand", "is_in:country_code": "TH", "is_in:iso_3166_2": "TH-40", "is_in:state": "Khon Kaen", "is_in:state_code": "40", "name": "\u0e1a\u0e49\u0e32\u0e19\u0e42\u0e04\u0e01\u0e25\u0e48\u0e32\u0e21", "name:en": "Ban Khok Lam", "place": "village", "source": "Bing; sign", "osm_id": 1613083075, "osm_type": "node"}, "geometry": {"type": "Point", "coordinates": [103.0866989, 16.863979]}}, {"type": "Feature", "properties": {"is_in:country": "Thailand", "is_in:country_code": "TH", "is_in:iso_3166_2": "TH-40", "is_in:state": "Khon Kaen", "is_in:state_code": "40", "name": "\u0e1a\u0e49\u0e32\u0e19\u0e42\u0e04\u0e01\u0e2a\u0e39\u0e07", "name:en": "Ban Khok Sung", "place": "village", "source": "Bing; sign", "osm_id": 1613083082, "osm_type": "node"}, "geometry": {"type": "Point", "coordinates": [103.0803714, 16.8571502]}}, {"type": "Feature", "properties": {"is_in:country": "Thailand", "is_in:country_code": "TH", "is_in:iso_3166_2": "TH-40", "is_in:state": "Khon Kaen", "is_in:state_code": "40", "name": "\u0e1a\u0e49\u0e32\u0e19\u0e42\u0e04\u0e01\u0e43\u0e2b\u0e0d\u0e48", "name:en": "Ban Khok Yai", "place": "village", "source": "Bing; sign", "osm_id": 1613083093, "osm_type": "node"}, "geometry": {"type": "Point", "coordinates": [103.1094746, 16.8732423]}}, {"type": "Feature", "properties": {"is_in:country": "Thailand", "is_in:country_code": "TH", "is_in:iso_3166_2": "TH-40", "is_in:state": "Khon Kaen", "is_in:state_code": "40", "name": "\u0e1a\u0e49\u0e32\u0e19\u0e42\u0e19\u0e19\u0e2a\u0e21\u0e1a\u0e39\u0e23\u0e13\u0e4c", "name:en": "Ban Non Sombun", "place": "village", "source": "Bing; sign", "osm_id": 1613083101, "osm_type": "node"}, "geometry": {"type": "Point", "coordinates": [103.1085572, 16.8664032]}}, {"type": "Feature", "properties": {"addr:district": "\u0e17\u0e48\u0e32\u0e04\u0e31\u0e19\u0e42\u0e17", "addr:district:en": "Tha Khantho", "addr:hamlet": "\u0e2b\u0e21\u0e39\u0e48\u0e17\u0e35\u0e48 7", "addr:province": "\u0e01\u0e32\u0e2c\u0e2a\u0e34\u0e19\u0e18\u0e38\u0e4c", "addr:province:en": "Kalasin", "addr:subdistrict": "\u0e01\u0e38\u0e14\u0e08\u0e34\u0e01", "addr:subdistrict:en": "Kut Chik", "alt_name": "\u0e2a\u0e16\u0e32\u0e19\u0e35\u0e2d\u0e19\u0e32\u0e21\u0e31\u0e22\u0e1a\u0e49\u0e32\u0e19\u0e41\u0e2a\u0e19\u0e2a\u0e38\u0e02", "amenity": "clinic", "emergency": "no", "healthcare": "clinic", "name": "\u0e42\u0e23\u0e07\u0e1e\u0e22\u0e32\u0e1a\u0e32\u0e25\u0e2a\u0e48\u0e07\u0e40\u0e2a\u0e23\u0e34\u0e21\u0e2a\u0e38\u0e02\u0e20\u0e32\u0e1e\u0e15\u0e33\u0e1a\u0e25 \u0e1a\u0e49\u0e32\u0e19\u0e41\u0e2a\u0e19\u0e2a\u0e38\u0e02", "name:en": "Ban Saen Suk Subdistrict Health Promoting Hospital", "short_name": "\u0e23\u0e1e.\u0e2a\u0e15.\u0e1a\u0e49\u0e32\u0e19\u0e41\u0e2a\u0e19\u0e2a\u0e38\u0e02", "source": "Bing; sign", "osm_id": 1613083126, "osm_type": "node"}, "geometry": {"type": "Point", "coordinates": [103.117935, 16.8301563]}}, {"type": "Feature", "properties": {"is_in:country": "Thailand", "is_in:country_code": "TH", "is_in:iso_3166_2": "TH-40", "is_in:state": "Khon Kaen", "is_in:state_code": "40", "name": "\u0e1a\u0e49\u0e32\u0e19\u0e04\u0e33\u0e15\u0e32\u0e19\u0e32", "name:en": "Ban Kham Ta Na", "place": "village", "source": "Bing; sign", "osm_id": 1614182787, "osm_type": "node"}, "geometry": {"type": "Point", "coordinates": [103.0189755, 16.8143168]}}, {"type": "Feature", "properties": {"is_in:country": "Thailand", "is_in:country_code": "TH", "is_in:iso_3166_2": "TH-40", "is_in:state": "Khon Kaen", "is_in:state_code": "40", "name": "\u0e1a\u0e49\u0e32\u0e19\u0e04\u0e33\u0e1a\u0e2d\u0e19", "name:en": "Ban Kham Bon", "place": "village", "source": "Bing; sign", "osm_id": 1614182804, "osm_type": "node"}, "geometry": {"type": "Point", "coordinates": [102.9804819, 16.7924345]}}, {"type": "Feature", "properties": {"is_in:country": "Thailand", "is_in:country_code": "TH", "is_in:iso_3166_2": "TH-40", "is_in:state": "Khon Kaen", "is_in:state_code": "40", "name": "\u0e1a\u0e49\u0e32\u0e19\u0e14\u0e07\u0e40\u0e22\u0e47\u0e19", "name:en": "Ban Dong Yen", "place": "village", "source": "Bing; sign", "osm_id": 1614182811, "osm_type": "node"}, "geometry": {"type": "Point", "coordinates": [102.9703361, 16.8187457]}}, {"type": "Feature", "properties": {"addr:district": "\u0e19\u0e49\u0e33\u0e1e\u0e2d\u0e07", "addr:district:en": "Nam Phong", "addr:hamlet": "\u0e2b\u0e21\u0e39\u0e48\u0e17\u0e35\u0e48 13", "addr:province": "\u0e08\u0e31\u0e07\u0e2b\u0e27\u0e31\u0e14\u0e02\u0e2d\u0e19\u0e41\u0e01\u0e48\u0e19", "addr:province:en": "Khon Kaen Province", "addr:subdistrict": "\u0e1a\u0e31\u0e27\u0e40\u0e07\u0e34\u0e19", "addr:subdistrict:en": "Bua Ngoen", "name": "\u0e1a\u0e49\u0e32\u0e19\u0e42\u0e04\u0e01\u0e43\u0e2b\u0e0d\u0e48 \u0e2b\u0e21\u0e39\u0e48\u0e17\u0e35\u0e48 13", "name:en": "Ban Khok Yai Mu 13", "place": "hamlet", "source": "Bing; sign", "osm_id": 1614182818, "osm_type": "node"}, "geometry": {"type": "Point", "coordinates": [103.0029178, 16.8006964]}}, {"type": "Feature", "properties": {"addr:district": "\u0e19\u0e49\u0e33\u0e1e\u0e2d\u0e07", "addr:district:en": "Nam Phong", "addr:hamlet": "\u0e2b\u0e21\u0e39\u0e48\u0e17\u0e35\u0e48 9", "addr:province": "\u0e08\u0e31\u0e07\u0e2b\u0e27\u0e31\u0e14\u0e02\u0e2d\u0e19\u0e41\u0e01\u0e48\u0e19", "addr:province:en": "Khon Kaen Province", "addr:subdistrict": "\u0e1a\u0e31\u0e27\u0e40\u0e07\u0e34\u0e19", "addr:subdistrict:en": "Bua Ngoen", "name": "\u0e1a\u0e49\u0e32\u0e19\u0e42\u0e04\u0e01\u0e43\u0e2b\u0e0d\u0e48 \u0e2b\u0e21\u0e39\u0e48\u0e17\u0e35\u0e48 9", "name:en": "Ban Khok Yai Mu 9", "place": "hamlet", "source": "Bing; sign", "osm_id": 1614182822, "osm_type": "node"}, "geometry": {"type": "Point", "coordinates": [103.0066142, 16.8007892]}}, {"type": "Feature", "properties": {"is_in:country": "Thailand", "is_in:country_code": "TH", "is_in:iso_3166_2": "TH-40", "is_in:state": "Khon Kaen", "is_in:state_code": "40", "name": "\u0e1a\u0e49\u0e32\u0e19\u0e42\u0e04\u0e01\u0e43\u0e2b\u0e0d\u0e48", "name:en": "Ban Khok Yai", "place": "village", "source": "Bing; sign", "osm_id": 1614182828, "osm_type": "node"}, "geometry": {"type": "Point", "coordinates": [103.0041111, 16.8037568]}}, {"type": "Feature", "properties": {"is_in:country": "Thailand", "is_in:country_code": "TH", "is_in:iso_3166_2": "TH-44", "is_in:state": "Maha Sarakham", "is_in:state_code": "44", "name": "\u0e1a\u0e49\u0e32\u0e19\u0e2a\u0e21\u0e2a\u0e19\u0e38\u0e01", "name:en": "Ban Som Sanuk", "place": "village", "source": "Bing; sign", "osm_id": 1667177608, "osm_type": "node"}, "geometry": {"type": "Point", "coordinates": [103.0952351, 16.0067684]}}, {"type": "Feature", "properties": {"is_in:country": "Thailand", "is_in:country_code": "TH", "is_in:iso_3166_2": "TH-44", "is_in:state": "Maha Sarakham", "is_in:state_code": "44", "name": "\u0e1a\u0e49\u0e32\u0e19\u0e2b\u0e19\u0e2d\u0e07\u0e01\u0e38\u0e07\u0e2a\u0e27\u0e48\u0e32\u0e07", "name:en": "Ban Nong Kung Sawang", "place": "village", "source": "Bing; sign", "osm_id": 1667177610, "osm_type": "node"}, "geometry": {"type": "Point", "coordinates": [103.0695069, 16.0035046]}}, {"type": "Feature", "properties": {"is_in:state_code": "44", "name": "\u0e1a\u0e49\u0e32\u0e19\u0e2b\u0e31\u0e27\u0e2b\u0e19\u0e2d\u0e07", "name:en": "Ban Hua Nong", "place": "village", "source": "Bing; sign", "osm_id": 1667177629, "osm_type": "node"}, "geometry": {"type": "Point", "coordinates": [103.0657247, 15.9979689]}}, {"type": "Feature", "properties": {"is_in:country": "Thailand", "is_in:country_code": "TH", "is_in:iso_3166_2": "TH-44", "is_in:state": "Maha Sarakham", "is_in:state_code": "44", "name": "\u0e1a\u0e49\u0e32\u0e19\u0e42\u0e04\u0e01\u0e01\u0e48\u0e2d\u0e07", "name:en": "Ban Khok Kong", "place": "village", "source": "Bing; sign", "osm_id": 1667177646, "osm_type": "node"}, "geometry": {"type": "Point", "coordinates": [103.0777746, 15.9948386]}}, {"type": "Feature", "properties": {"is_in:country_code": "TH", "is_in:iso_3166_2": "TH-44", "is_in:state": "Maha Sarakham", "is_in:state_code": "44", "name": "\u0e1a\u0e49\u0e32\u0e19\u0e42\u0e19\u0e19\u0e21\u0e48\u0e27\u0e07", "name:en": "Ban Non Muang", "place": "village", "source": "Bing; sign", "osm_id": 1667177647, "osm_type": "node"}, "geometry": {"type": "Point", "coordinates": [103.0475346, 16.0032979]}}, {"type": "Feature", "properties": {"is_in:country": "Thailand", "is_in:country_code": "TH", "is_in:iso_3166_2": "TH-39", "is_in:state": "Nong Bua Lam Phu", "is_in:state_code": "39", "name": "\u0e1a\u0e49\u0e32\u0e19\u0e01\u0e38\u0e14\u0e09\u0e34\u0e21", "name:en": "Ban Kut Chim", "place": "village", "source": "Bing; sign", "osm_id": 1671046929, "osm_type": "node"}, "geometry": {"type": "Point", "coordinates": [102.5885823, 16.8657246]}}, {"type": "Feature", "properties": {"is_in:country": "Thailand", "is_in:country_code": "TH", "is_in:iso_3166_2": "TH-39", "is_in:state": "Nong Bua Lam Phu", "is_in:state_code": "39", "name": "\u0e1a\u0e49\u0e32\u0e19\u0e17\u0e48\u0e32\u0e40\u0e23\u0e37\u0e2d", "name:en": "Ban Tharuea", "place": "village", "source": "Bing; sign", "osm_id": 1671046983, "osm_type": "node"}, "geometry": {"type": "Point", "coordinates": [102.5739576, 16.8242226]}}, {"type": "Feature", "properties": {"is_in:country": "Thailand", "is_in:country_code": "TH", "is_in:iso_3166_2": "TH-39", "is_in:state": "Nong Bua Lam Phu", "is_in:state_code": "39", "name": "\u0e1a\u0e49\u0e32\u0e19\u0e19\u0e32\u0e25\u0e49\u0e2d\u0e21", "name:en": "Ban Na Lom", "place": "village", "source": "Bing; sign", "osm_id": 1671047036, "osm_type": "node"}, "geometry": {"type": "Point", "coordinates": [102.5425724, 16.8428288]}}, {"type": "Feature", "properties": {"addr:district": "\u0e42\u0e19\u0e19\u0e2a\u0e31\u0e07", "addr:district:en": "Non Sang", "addr:hamlet": "\u0e2b\u0e21\u0e39\u0e48\u0e17\u0e35\u0e48 2", "addr:province": "\u0e08\u0e31\u0e07\u0e2b\u0e27\u0e31\u0e14\u0e2b\u0e19\u0e2d\u0e07\u0e1a\u0e31\u0e27\u0e25\u0e33\u0e20\u0e39", "addr:province:en": "Nong Bua Lam Phu Province", "addr:subdistrict": "\u0e42\u0e19\u0e19\u0e2a\u0e31\u0e07", "addr:subdistrict:en": "Non Sang", "name": "\u0e1a\u0e49\u0e32\u0e19\u0e2a\u0e32\u0e21\u0e31\u0e04\u0e04\u0e35\u0e1e\u0e31\u0e12\u0e19\u0e32", "name:en": "Ban Samakkhi Phatthana", "place": "village", "source": "Bing; sign", "osm_id": 1671047053, "osm_type": "node"}, "geometry": {"type": "Point", "coordinates": [102.5749953, 16.8730954]}}, {"type": "Feature", "properties": {"is_in:country": "Thailand", "is_in:country_code": "TH", "is_in:iso_3166_2": "TH-39", "is_in:state": "Nong Bua Lam Phu", "is_in:state_code": "39", "name": "\u0e1a\u0e49\u0e32\u0e19\u0e2b\u0e19\u0e2d\u0e07\u0e15\u0e32\u0e19\u0e32", "name:en": "Ban Nong Ta Na", "place": "village", "source": "Bing; sign", "osm_id": 1671047134, "osm_type": "node"}, "geometry": {"type": "Point", "coordinates": [102.5661356, 16.8218588]}}, {"type": "Feature", "properties": {"is_in:country": "Thailand", "is_in:country_code": "TH", "is_in:iso_3166_2": "TH-39", "is_in:state": "Nong Bua Lam Phu", "is_in:state_code": "39", "name": "\u0e1a\u0e49\u0e32\u0e19\u0e2b\u0e19\u0e2d\u0e07\u0e17\u0e38\u0e48\u0e21", "name:en": "Ban Nong Thum", "place": "village", "source": "Bing; sign", "osm_id": 1671047201, "osm_type": "node"}, "geometry": {"type": "Point", "coordinates": [102.6039623, 16.8603098]}}, {"type": "Feature", "properties": {"is_in:country": "Thailand", "is_in:country_code": "TH", "is_in:iso_3166_2": "TH-39", "is_in:state": "Nong Bua Lam Phu", "is_in:state_code": "39", "name": "\u0e1a\u0e49\u0e32\u0e19\u0e2b\u0e19\u0e2d\u0e07\u0e2a\u0e30\u0e41\u0e1a\u0e07", "name:en": "Ban Nong Sabaeng", "place": "village", "source": "Bing; sign", "osm_id": 1671047260, "osm_type": "node"}, "geometry": {"type": "Point", "coordinates": [102.5560004, 16.8247802]}}, {"type": "Feature", "properties": {"is_in:country": "Thailand", "is_in:country_code": "TH", "is_in:iso_3166_2": "TH-39", "is_in:state": "Nong Bua Lam Phu", "is_in:state_code": "39", "name": "\u0e1a\u0e49\u0e32\u0e19\u0e2b\u0e19\u0e2d\u0e07\u0e41\u0e27\u0e07\u0e07\u0e34\u0e49\u0e27\u0e15\u0e32\u0e01", "name:en": "Ban Nong Waeng Ngio Tak", "place": "village", "source": "Bing; sign", "osm_id": 1671047306, "osm_type": "node"}, "geometry": {"type": "Point", "coordinates": [102.5369801, 16.8807776]}}, {"type": "Feature", "properties": {"is_in:country": "Thailand", "is_in:country_code": "TH", "is_in:iso_3166_2": "TH-39", "is_in:state": "Nong Bua Lam Phu", "is_in:state_code": "39", "name": "\u0e1a\u0e49\u0e32\u0e19\u0e2b\u0e19\u0e2d\u0e07\u0e42\u0e19", "name:en": "Ban Nong No", "place": "village", "source": "Bing; sign", "osm_id": 1671047367, "osm_type": "node"}, "geometry": {"type": "Point", "coordinates": [102.5472626, 16.838926]}}, {"type": "Feature", "properties": {"is_in:country": "Thailand", "is_in:country_code": "TH", "is_in:iso_3166_2": "TH-39", "is_in:state": "Nong Bua Lam Phu", "is_in:state_code": "39", "name": "\u0e1a\u0e49\u0e32\u0e19\u0e42\u0e04\u0e01\u0e01\u0e25\u0e32\u0e07", "name:en": "Ban Khok Klang", "place": "village", "source": "GPS; sign", "osm_id": 1671047417, "osm_type": "node"}, "geometry": {"type": "Point", "coordinates": [102.5693712, 16.8549943]}}, {"type": "Feature", "properties": {"is_in:country": "Thailand", "is_in:country_code": "TH", "is_in:iso_3166_2": "TH-39", "is_in:state": "Nong Bua Lam Phu", "is_in:state_code": "39", "name": "\u0e1a\u0e49\u0e32\u0e19\u0e42\u0e04\u0e01\u0e19\u0e49\u0e2d\u0e22", "name:en": "Ban Khok Noi", "place": "village", "source": "Bing; sign", "osm_id": 1671047492, "osm_type": "node"}, "geometry": {"type": "Point", "coordinates": [102.5734081, 16.8128738]}}, {"type": "Feature", "properties": {"is_in:country": "Thailand", "is_in:country_code": "TH", "is_in:iso_3166_2": "TH-39", "is_in:state": "Nong Bua Lam Phu", "is_in:state_code": "39", "name": "\u0e1a\u0e49\u0e32\u0e19\u0e42\u0e04\u0e01\u0e1b\u0e48\u0e32\u0e01\u0e38\u0e07", "name:en": "Ban Khok Pa Kung", "place": "village", "source": "Bing; sign", "osm_id": 1671047541, "osm_type": "node"}, "geometry": {"type": "Point", "coordinates": [102.5421187, 16.8468784]}}, {"type": "Feature", "properties": {"capital_level": "8", "is_in:country": "Thailand", "is_in:country_code": "TH", "is_in:iso_3166_2": "TH-39", "is_in:state": "Nong Bua Lam Phu", "is_in:state_code": "39", "name": "\u0e1a\u0e49\u0e32\u0e19\u0e42\u0e04\u0e01\u0e43\u0e2b\u0e0d\u0e48", "name:en": "Ban Khok Yai", "place": "village", "source": "Bing; sign", "osm_id": 1671047634, "osm_type": "node"}, "geometry": {"type": "Point", "coordinates": [102.5562047, 16.8032855]}}, {"type": "Feature", "properties": {"is_in:country": "Thailand", "is_in:country_code": "TH", "is_in:iso_3166_2": "TH-39", "is_in:state": "Nong Bua Lam Phu", "is_in:state_code": "39", "name": "\u0e1a\u0e49\u0e32\u0e19\u0e42\u0e19\u0e19\u0e1b\u0e2d\u0e41\u0e14\u0e07", "name:en": "Ban Non Po Daeng", "place": "village", "source": "Bing; sign", "osm_id": 1671047715, "osm_type": "node"}, "geometry": {"type": "Point", "coordinates": [102.5653867, 16.8328359]}}, {"type": "Feature", "properties": {"is_in:country": "Thailand", "is_in:country_code": "TH", "is_in:iso_3166_2": "TH-39", "is_in:state": "Nong Bua Lam Phu", "is_in:state_code": "39", "name": "\u0e1a\u0e49\u0e32\u0e19\u0e42\u0e19\u0e19\u0e20\u0e39\u0e17\u0e2d\u0e07", "name:en": "Ban Non Phu Thong", "place": "village", "source": "Bing; sign", "osm_id": 1671047783, "osm_type": "node"}, "geometry": {"type": "Point", "coordinates": [102.5635379, 16.8392364]}}, {"type": "Feature", "properties": {"is_in:country": "Thailand", "is_in:country_code": "TH", "is_in:iso_3166_2": "TH-39", "is_in:state": "Nong Bua Lam Phu", "is_in:state_code": "39", "name": "\u0e1a\u0e49\u0e32\u0e19\u0e42\u0e19\u0e19\u0e22\u0e32\u0e27", "name:en": "Ban Non Yao", "place": "village", "source": "Bing; sign", "osm_id": 1671047844, "osm_type": "node"}, "geometry": {"type": "Point", "coordinates": [102.5745275, 16.7919141]}}, {"type": "Feature", "properties": {"admin_level": "7", "capital": "6", "is_in:country": "Thailand", "is_in:country_code": "TH", "is_in:iso_3166_2": "TH-39", "is_in:state": "Nong Bua Lam Phu", "is_in:state_code": "39", "name": "\u0e42\u0e19\u0e19\u0e2a\u0e31\u0e07", "name:en": "Non Sang", "official_name": "\u0e40\u0e17\u0e28\u0e1a\u0e32\u0e25\u0e15\u0e33\u0e1a\u0e25\u0e42\u0e19\u0e19\u0e2a\u0e31\u0e07", "place": "town", "osm_id": 1671047880, "osm_type": "node"}, "geometry": {"type": "Point", "coordinates": [102.5691417, 16.8686402]}}, {"type": "Feature", "properties": {"addr:district": "\u0e42\u0e19\u0e19\u0e2a\u0e31\u0e07", "addr:district:en": "Non Sang", "addr:hamlet": "\u0e2b\u0e21\u0e39\u0e48\u0e17\u0e35\u0e48 3", "addr:province": "\u0e2b\u0e19\u0e2d\u0e07\u0e1a\u0e31\u0e27\u0e25\u0e33\u0e20\u0e39", "addr:province:en": "Nong Bua Lam Phu", "addr:subdistrict": "\u0e42\u0e04\u0e01\u0e43\u0e2b\u0e0d\u0e48", "addr:subdistrict:en": "Khok Yai", "alt_name": "\u0e2a\u0e16\u0e32\u0e19\u0e35\u0e2d\u0e19\u0e32\u0e21\u0e31\u0e22\u0e1a\u0e49\u0e32\u0e19\u0e2b\u0e19\u0e2d\u0e07\u0e15\u0e32\u0e19\u0e32", "amenity": "clinic", "emergency": "no", "healthcare": "clinic", "name": "\u0e42\u0e23\u0e07\u0e1e\u0e22\u0e32\u0e1a\u0e32\u0e25\u0e2a\u0e48\u0e07\u0e40\u0e2a\u0e23\u0e34\u0e21\u0e2a\u0e38\u0e02\u0e20\u0e32\u0e1e\u0e15\u0e33\u0e1a\u0e25 \u0e1a\u0e49\u0e32\u0e19\u0e2b\u0e19\u0e2d\u0e07\u0e15\u0e32\u0e19\u0e32", "name:en": "Ban Nong Ta Na Subdistrict Health Promoting Hospital", "short_name": "\u0e23\u0e1e.\u0e2a\u0e15.\u0e1a\u0e49\u0e32\u0e19\u0e2b\u0e19\u0e2d\u0e07\u0e15\u0e32\u0e19\u0e32", "source": "Bing; sign", "osm_id": 1671048388, "osm_type": "node"}, "geometry": {"type": "Point", "coordinates": [102.5666204, 16.8223872]}}, {"type": "Feature", "properties": {"addr:district": "\u0e42\u0e19\u0e19\u0e2a\u0e31\u0e07", "addr:district:en": "Non Sang", "addr:hamlet": "\u0e2b\u0e21\u0e39\u0e48\u0e17\u0e35\u0e48 5", "addr:province": "\u0e2b\u0e19\u0e2d\u0e07\u0e1a\u0e31\u0e27\u0e25\u0e33\u0e20\u0e39", "addr:province:en": "Nong Bua Lam Phu", "addr:subdistrict": "\u0e1a\u0e49\u0e32\u0e19\u0e04\u0e49\u0e2d", "addr:subdistrict:en": "Ban Kho", "alt_name": "\u0e2a\u0e16\u0e32\u0e19\u0e35\u0e2d\u0e19\u0e32\u0e21\u0e31\u0e22\u0e1a\u0e49\u0e32\u0e19\u0e2b\u0e19\u0e2d\u0e07\u0e17\u0e38\u0e48\u0e21", "amenity": "clinic", "emergency": "no", "healthcare": "clinic", "name": "\u0e42\u0e23\u0e07\u0e1e\u0e22\u0e32\u0e1a\u0e32\u0e25\u0e2a\u0e48\u0e07\u0e40\u0e2a\u0e23\u0e34\u0e21\u0e2a\u0e38\u0e02\u0e20\u0e32\u0e1e\u0e15\u0e33\u0e1a\u0e25 \u0e1a\u0e49\u0e32\u0e19\u0e2b\u0e19\u0e2d\u0e07\u0e17\u0e38\u0e48\u0e21", "name:en": "Ban Nong Thum Subdistrict Health Promoting Hospital", "short_name": "\u0e23\u0e1e.\u0e2a\u0e15.\u0e1a\u0e49\u0e32\u0e19\u0e2b\u0e19\u0e2d\u0e07\u0e17\u0e38\u0e48\u0e21", "source": "Bing; sign", "osm_id": 1671048452, "osm_type": "node"}, "geometry": {"type": "Point", "coordinates": [102.6013639, 16.8610635]}}, {"type": "Feature", "properties": {"addr:district": "\u0e42\u0e19\u0e19\u0e2a\u0e31\u0e07", "addr:district:en": "Non Sang", "addr:hamlet": "\u0e2b\u0e21\u0e39\u0e48\u0e17\u0e35\u0e48 1", "addr:province": "\u0e2b\u0e19\u0e2d\u0e07\u0e1a\u0e31\u0e27\u0e25\u0e33\u0e20\u0e39", "addr:province:en": "Nong Bua Lam Phu", "addr:subdistrict": "\u0e42\u0e19\u0e19\u0e2a\u0e31\u0e07", "addr:subdistrict:en": "Non Sang", "amenity": "school", "name": "\u0e42\u0e23\u0e07\u0e40\u0e23\u0e35\u0e22\u0e19\u0e42\u0e19\u0e19\u0e2a\u0e31\u0e07\u0e27\u0e34\u0e17\u0e22\u0e32\u0e2a\u0e23\u0e23\u0e04\u0e4c", "name:en": "Non Sang Witthaya San School", "source": "Bing; sign", "osm_id": 1671048499, "osm_type": "node"}, "geometry": {"type": "Point", "coordinates": [102.5730387, 16.8682101]}}, {"type": "Feature", "properties": {"is_in:country": "Thailand", "is_in:country_code": "TH", "is_in:iso_3166_2": "TH-40", "is_in:state": "Khon Kaen", "is_in:state_code": "40", "name": "\u0e1a\u0e49\u0e32\u0e19\u0e2b\u0e49\u0e27\u0e22\u0e40\u0e0a\u0e37\u0e2d\u0e01", "name:en": "Ban Huai Chueak", "place": "village", "source": "Bing; sign", "osm_id": 1674497624, "osm_type": "node"}, "geometry": {"type": "Point", "coordinates": [103.1036698, 16.7096088]}}, {"type": "Feature", "properties": {"is_in:country": "Thailand", "is_in:country_code": "TH", "is_in:iso_3166_2": "TH-40", "is_in:state": "Khon Kaen", "is_in:state_code": "40", "name": "\u0e1a\u0e49\u0e32\u0e19\u0e2b\u0e49\u0e27\u0e22\u0e41\u0e2a\u0e07", "name:en": "Ban Huai Saeng", "place": "village", "source": "Bing; sign", "osm_id": 1674497645, "osm_type": "node"}, "geometry": {"type": "Point", "coordinates": [103.1035516, 16.7123634]}}, {"type": "Feature", "properties": {"is_in:country": "Thailand", "is_in:country_code": "TH", "is_in:iso_3166_2": "TH-40", "is_in:state": "Khon Kaen", "is_in:state_code": "40", "name": "\u0e1a\u0e49\u0e32\u0e19\u0e04\u0e23\u0e2d\u0e07\u0e0a\u0e31\u0e22", "name:en": "Ban Khrong Chai", "place": "village", "source": "Bing; sign", "osm_id": 1675742504, "osm_type": "node"}, "geometry": {"type": "Point", "coordinates": [103.1401859, 16.797454]}}, {"type": "Feature", "properties": {"is_in:country": "Thailand", "is_in:country_code": "TH", "is_in:iso_3166_2": "TH-40", "is_in:state": "Khon Kaen", "is_in:state_code": "40", "name": "\u0e1a\u0e49\u0e32\u0e19\u0e04\u0e25\u0e2d\u0e07\u0e0a\u0e31\u0e22", "name:en": "Ban Khlong Chai", "place": "village", "source": "Bing; sign", "osm_id": 1675742514, "osm_type": "node"}, "geometry": {"type": "Point", "coordinates": [103.1383149, 16.7981052]}}, {"type": "Feature", "properties": {"is_in:country": "Thailand", "is_in:country_code": "TH", "is_in:iso_3166_2": "TH-40", "is_in:state": "Khon Kaen", "is_in:state_code": "40", "name": "\u0e1a\u0e49\u0e32\u0e19\u0e04\u0e33\u0e44\u0e2e", "name:en": "Ban Kham Hai", "place": "village", "source": "Bing; sign", "osm_id": 1675742515, "osm_type": "node"}, "geometry": {"type": "Point", "coordinates": [103.107691, 16.739049]}}, {"type": "Feature", "properties": {"is_in:country": "Thailand", "is_in:country_code": "TH", "is_in:iso_3166_2": "TH-40", "is_in:state": "Khon Kaen", "is_in:state_code": "40", "name": "\u0e1a\u0e49\u0e32\u0e19\u0e0a\u0e31\u0e22\u0e40\u0e08\u0e23\u0e34\u0e0d", "name:en": "Ban Chai Charoen", "place": "village", "source": "Bing; sign", "osm_id": 1675742531, "osm_type": "node"}, "geometry": {"type": "Point", "coordinates": [103.0949165, 16.7833255]}}, {"type": "Feature", "properties": {"is_in:country": "Thailand", "is_in:country_code": "TH", "is_in:iso_3166_2": "TH-40", "is_in:state": "Khon Kaen", "is_in:state_code": "40", "name": "\u0e1a\u0e49\u0e32\u0e19\u0e14\u0e39\u0e19\u0e2a\u0e32\u0e14", "name:en": "Ban Dun Sat", "place": "village", "source": "Bing; sign", "osm_id": 1675742532, "osm_type": "node"}, "geometry": {"type": "Point", "coordinates": [103.1577555, 16.7840209]}}, {"type": "Feature", "properties": {"is_in:country": "Thailand", "is_in:country_code": "TH", "is_in:iso_3166_2": "TH-40", "is_in:state": "Khon Kaen", "is_in:state_code": "40", "name": "\u0e1a\u0e49\u0e32\u0e19\u0e17\u0e23\u0e31\u0e1e\u0e22\u0e4c\u0e04\u0e33\u0e44\u0e2e", "name:en": "Ban Sap Kham Hai", "place": "village", "source": "Bing; sign", "osm_id": 1675742541, "osm_type": "node"}, "geometry": {"type": "Point", "coordinates": [103.1096247, 16.7379296]}}, {"type": "Feature", "properties": {"is_in:country": "Thailand", "is_in:country_code": "TH", "is_in:iso_3166_2": "TH-40", "is_in:state": "Khon Kaen", "is_in:state_code": "40", "name": "\u0e1a\u0e49\u0e32\u0e19\u0e17\u0e23\u0e31\u0e1e\u0e22\u0e4c\u0e2a\u0e21\u0e1a\u0e39\u0e23\u0e13\u0e4c", "name:en": "Ban Sap Sombun", "place": "village", "source": "Bing; sign", "osm_id": 1675742548, "osm_type": "node"}, "geometry": {"type": "Point", "coordinates": [103.146745, 16.7804684]}}, {"type": "Feature", "properties": {"is_in:country": "Thailand", "is_in:country_code": "TH", "is_in:iso_3166_2": "TH-40", "is_in:state": "Khon Kaen", "is_in:state_code": "40", "name": "\u0e1a\u0e49\u0e32\u0e19\u0e17\u0e38\u0e48\u0e07\u0e43\u0e2b\u0e0d\u0e48", "name:en": "Ban Thung Yai", "place": "village", "source": "Bing; sign", "osm_id": 1675742554, "osm_type": "node"}, "geometry": {"type": "Point", "coordinates": [103.0950153, 16.7773837]}}, {"type": "Feature", "properties": {"is_in:country": "Thailand", "is_in:country_code": "TH", "is_in:iso_3166_2": "TH-40", "is_in:state": "Khon Kaen", "is_in:state_code": "40", "name": "\u0e1a\u0e49\u0e32\u0e19\u0e19\u0e32\u0e21\u0e39\u0e25 \u0e2b\u0e21\u0e39\u0e48\u0e48 4", "name:en": "Ban Na Mun Mu 4", "place": "hamlet", "source": "Bing; sign", "osm_id": 1675742565, "osm_type": "node"}, "geometry": {"type": "Point", "coordinates": [103.1628716, 16.7950109]}}, {"type": "Feature", "properties": {"is_in:country": "Thailand", "is_in:country_code": "TH", "is_in:iso_3166_2": "TH-40", "is_in:state": "Khon Kaen", "is_in:state_code": "40", "name": "\u0e1a\u0e49\u0e32\u0e19\u0e19\u0e32\u0e21\u0e39\u0e25 \u0e2b\u0e21\u0e39\u0e48\u0e48 7", "name:en": "Ban Na Mun Mu 7", "place": "hamlet", "source": "Bing; sign", "osm_id": 1675742569, "osm_type": "node"}, "geometry": {"type": "Point", "coordinates": [103.1729294, 16.7920348]}}, {"type": "Feature", "properties": {"is_in:country": "Thailand", "is_in:country_code": "TH", "is_in:iso_3166_2": "TH-40", "is_in:state": "Khon Kaen", "is_in:state_code": "40", "name": "\u0e1a\u0e49\u0e32\u0e19\u0e19\u0e32\u0e21\u0e39\u0e25", "name:en": "Ban Na Mun", "place": "village", "source": "Bing; sign", "osm_id": 1675742575, "osm_type": "node"}, "geometry": {"type": "Point", "coordinates": [103.1606935, 16.7990924]}}, {"type": "Feature", "properties": {"is_in:country": "Thailand", "is_in:country_code": "TH", "is_in:iso_3166_2": "TH-40", "is_in:state": "Khon Kaen", "is_in:state_code": "40", "name": "\u0e1a\u0e49\u0e32\u0e19\u0e1c\u0e31\u0e01\u0e41\u0e27\u0e48\u0e19", "name:en": "Ban Phakwaen", "place": "village", "source": "Bing; sign", "osm_id": 1675742581, "osm_type": "node"}, "geometry": {"type": "Point", "coordinates": [103.1017148, 16.7400823]}}, {"type": "Feature", "properties": {"is_in:country": "Thailand", "is_in:country_code": "TH", "is_in:iso_3166_2": "TH-40", "is_in:state": "Khon Kaen", "is_in:state_code": "40", "name": "\u0e1a\u0e49\u0e32\u0e19\u0e2b\u0e19\u0e2d\u0e07\u0e41\u0e27\u0e07\u0e40\u0e1b\u0e48\u0e07", "name:en": "Ban Nong Waeng Peng", "place": "village", "source": "Bing; sign", "osm_id": 1675742588, "osm_type": "node"}, "geometry": {"type": "Point", "coordinates": [103.0888044, 16.7591789]}}, {"type": "Feature", "properties": {"addr:district": "\u0e01\u0e23\u0e30\u0e19\u0e27\u0e19", "addr:district:en": "Kranuan", "addr:province": "\u0e02\u0e2d\u0e19\u0e41\u0e01\u0e48\u0e19", "addr:province:en": "Khon Kaen", "addr:subdistrict": "\u0e14\u0e39\u0e19\u0e2a\u0e32\u0e14", "addr:subdistrict:en": "Dun Sat", "alt_name": "\u0e2a\u0e16\u0e32\u0e19\u0e35\u0e2d\u0e19\u0e32\u0e21\u0e31\u0e22\u0e14\u0e39\u0e19\u0e2a\u0e32\u0e14", "amenity": "clinic", "emergency": "no", "healthcare": "clinic", "name": "\u0e42\u0e23\u0e07\u0e1e\u0e22\u0e32\u0e1a\u0e32\u0e25\u0e2a\u0e48\u0e07\u0e40\u0e2a\u0e23\u0e34\u0e21\u0e2a\u0e38\u0e02\u0e20\u0e32\u0e1e\u0e15\u0e33\u0e1a\u0e25 \u0e14\u0e39\u0e19\u0e2a\u0e32\u0e14", "name:en": "Dun Sat Subdistrict Health Promoting Hospital", "short_name": "\u0e23\u0e1e.\u0e2a\u0e15.\u0e14\u0e39\u0e19\u0e2a\u0e32\u0e14", "source": "Bing; sign", "osm_id": 1675742622, "osm_type": "node"}, "geometry": {"type": "Point", "coordinates": [103.1672173, 16.7951349]}}, {"type": "Feature", "properties": {"capital_level": "8", "is_in:country": "Thailand", "is_in:country_code": "TH", "is_in:iso_3166_2": "TH-46", "is_in:state": "Kalasin", "is_in:state_code": "46", "name": "\u0e1a\u0e49\u0e32\u0e19\u0e17\u0e23\u0e32\u0e22\u0e17\u0e2d\u0e07", "name:en": "Ban Sai Thong", "place": "village", "source": "Bing; sign", "osm_id": 1676734943, "osm_type": "node"}, "geometry": {"type": "Point", "coordinates": [103.1790674, 16.7492316]}}, {"type": "Feature", "properties": {"is_in:country": "Thailand", "is_in:country_code": "TH", "is_in:iso_3166_2": "TH-46", "is_in:state": "Kalasin", "is_in:state_code": "46", "name": "\u0e1a\u0e49\u0e32\u0e19\u0e19\u0e32\u0e04\u0e33\u0e19\u0e49\u0e2d\u0e22", "name:en": "Ban Na Kham Noi", "place": "village", "source": "Bing; sign", "osm_id": 1676734944, "osm_type": "node"}, "geometry": {"type": "Point", "coordinates": [103.2052302, 16.7705592]}}, {"type": "Feature", "properties": {"is_in:country": "Thailand", "is_in:country_code": "TH", "is_in:iso_3166_2": "TH-46", "is_in:state": "Kalasin", "is_in:state_code": "46", "name": "\u0e1a\u0e49\u0e32\u0e19\u0e40\u0e2d\u0e23\u0e32\u0e27\u0e31\u0e13", "name:en": "Ban Erawan", "place": "village", "source": "Bing; sign", "osm_id": 1676734945, "osm_type": "node"}, "geometry": {"type": "Point", "coordinates": [103.1961829, 16.7592731]}}, {"type": "Feature", "properties": {"is_in:country": "Thailand", "is_in:country_code": "TH", "is_in:iso_3166_2": "TH-46", "is_in:state": "Kalasin", "is_in:state_code": "46", "name": "\u0e1a\u0e49\u0e32\u0e19\u0e42\u0e19\u0e19\u0e40\u0e15\u0e48\u0e32\u0e44\u0e2b", "name:en": "Ban Non Tao Hai", "place": "village", "source": "Bing; sign", "osm_id": 1676734946, "osm_type": "node"}, "geometry": {"type": "Point", "coordinates": [103.1593496, 16.7214245]}}, {"type": "Feature", "properties": {"addr:district": "\u0e2b\u0e49\u0e27\u0e22\u0e40\u0e21\u0e47\u0e01", "addr:district:en": "Huai Mek", "addr:hamlet": "\u0e2b\u0e21\u0e39\u0e48\u0e17\u0e35\u0e48 5", "addr:province": "\u0e01\u0e32\u0e2c\u0e2a\u0e34\u0e19\u0e18\u0e38\u0e4c", "addr:province:en": "Kalasin", "addr:subdistrict": "\u0e17\u0e23\u0e32\u0e22\u0e17\u0e2d\u0e07", "addr:subdistrict:en": "Sai Thong", "alt_name": "\u0e2a\u0e16\u0e32\u0e19\u0e35\u0e2d\u0e19\u0e32\u0e21\u0e31\u0e22\u0e17\u0e23\u0e32\u0e22\u0e17\u0e2d\u0e07", "amenity": "clinic", "emergency": "no", "healthcare": "clinic", "name": "\u0e42\u0e23\u0e07\u0e1e\u0e22\u0e32\u0e1a\u0e32\u0e25\u0e2a\u0e48\u0e07\u0e40\u0e2a\u0e23\u0e34\u0e21\u0e2a\u0e38\u0e02\u0e20\u0e32\u0e1e\u0e15\u0e33\u0e1a\u0e25 \u0e17\u0e23\u0e32\u0e22\u0e17\u0e2d\u0e07", "name:en": "Sai Thong Subdistrict Health Promoting Hospital", "short_name": "\u0e23\u0e1e.\u0e2a\u0e15.\u0e17\u0e23\u0e32\u0e22\u0e17\u0e2d\u0e07", "source": "Bing; sign", "osm_id": 1676734947, "osm_type": "node"}, "geometry": {"type": "Point", "coordinates": [103.181078, 16.7486697]}}, {"type": "Feature", "properties": {"is_in:country": "Thailand", "is_in:country_code": "TH", "is_in:iso_3166_2": "TH-40", "is_in:state": "Khon Kaen", "is_in:state_code": "40", "name": "\u0e1a\u0e49\u0e32\u0e19\u0e01\u0e38\u0e14\u0e08\u0e32\u0e19", "name:en": "Ban Kut Chan", "place": "village", "source": "Bing; sign", "osm_id": 1678295771, "osm_type": "node"}, "geometry": {"type": "Point", "coordinates": [103.1308441, 16.6781506]}}, {"type": "Feature", "properties": {"is_in:country": "Thailand", "is_in:country_code": "TH", "is_in:iso_3166_2": "TH-46", "is_in:state": "Kalasin", "is_in:state_code": "46", "name": "\u0e1a\u0e49\u0e32\u0e19\u0e0a\u0e31\u0e22\u0e28\u0e23\u0e35", "name:en": "Ban Chaisi", "place": "village", "source": "Bing; sign", "osm_id": 1678295772, "osm_type": "node"}, "geometry": {"type": "Point", "coordinates": [103.1633402, 16.6696397]}}, {"type": "Feature", "properties": {"is_in:country": "Thailand", "is_in:country_code": "TH", "is_in:iso_3166_2": "TH-40", "is_in:state": "Khon Kaen", "is_in:state_code": "40", "name": "\u0e1a\u0e49\u0e32\u0e19\u0e15\u0e2d\u0e01\u0e40\u0e01\u0e35\u0e49\u0e22", "name:en": "Ban Tok Kia", "place": "village", "source": "Bing; sign", "osm_id": 1678295781, "osm_type": "node"}, "geometry": {"type": "Point", "coordinates": [103.1505, 16.6687556]}}, {"type": "Feature", "properties": {"is_in:country": "Thailand", "is_in:country_code": "TH", "is_in:iso_3166_2": "TH-40", "is_in:state": "Khon Kaen", "is_in:state_code": "40", "name": "\u0e1a\u0e49\u0e32\u0e19\u0e19\u0e49\u0e33\u0e2d\u0e49\u0e2d\u0e21", "name:en": "Ban Nam Om", "place": "village", "osm_id": 1678295789, "osm_type": "node"}, "geometry": {"type": "Point", "coordinates": [103.1523369, 16.6757158]}}, {"type": "Feature", "properties": {"is_in:country": "Thailand", "is_in:country_code": "TH", "is_in:iso_3166_2": "TH-40", "is_in:state": "Khon Kaen", "is_in:state_code": "40", "name": "\u0e1a\u0e49\u0e32\u0e19\u0e1a\u0e30\u0e41\u0e15\u0e49", "name:en": "Ban Ba Tae", "place": "village", "source": "Bing; sign", "osm_id": 1678295791, "osm_type": "node"}, "geometry": {"type": "Point", "coordinates": [103.1415972, 16.6966266]}}, {"type": "Feature", "properties": {"capital_level": "8", "is_in:country": "Thailand", "is_in:country_code": "TH", "is_in:iso_3166_2": "TH-46", "is_in:state": "Kalasin", "is_in:state_code": "46", "name": "\u0e1a\u0e49\u0e32\u0e19\u0e1e\u0e34\u0e21\u0e39\u0e25", "name:en": "Ban Phi Mun", "place": "village", "source": "Bing; sign", "osm_id": 1678295801, "osm_type": "node"}, "geometry": {"type": "Point", "coordinates": [103.1531742, 16.689128]}}, {"type": "Feature", "properties": {"is_in:country": "Thailand", "is_in:country_code": "TH", "is_in:iso_3166_2": "TH-40", "is_in:state": "Khon Kaen", "is_in:state_code": "40", "name": "\u0e1a\u0e49\u0e32\u0e19\u0e28\u0e23\u0e35\u0e2a\u0e16\u0e34\u0e15\u0e22\u0e4c", "name:en": "Ban Si Sathit", "place": "village", "source": "Bing; sign", "osm_id": 1678295808, "osm_type": "node"}, "geometry": {"type": "Point", "coordinates": [103.1524987, 16.7282458]}}, {"type": "Feature", "properties": {"is_in:country": "Thailand", "is_in:country_code": "TH", "is_in:iso_3166_2": "TH-40", "is_in:state": "Khon Kaen", "is_in:state_code": "40", "name": "\u0e1a\u0e49\u0e32\u0e19\u0e28\u0e23\u0e35\u0e2a\u0e21\u0e1a\u0e39\u0e23\u0e13\u0e4c", "name:en": "Ban Si Sombun", "place": "village", "source": "Bing; sign", "osm_id": 1678295811, "osm_type": "node"}, "geometry": {"type": "Point", "coordinates": [103.151669, 16.7240786]}}, {"type": "Feature", "properties": {"is_in:country": "Thailand", "is_in:country_code": "TH", "is_in:iso_3166_2": "TH-40", "is_in:state": "Khon Kaen", "is_in:state_code": "40", "name": "\u0e1a\u0e49\u0e32\u0e19\u0e2b\u0e19\u0e2d\u0e07\u0e0b\u0e48\u0e32", "name:en": "Ban Nong Sa", "place": "village", "source": "Bing; sign", "osm_id": 1678295820, "osm_type": "node"}, "geometry": {"type": "Point", "coordinates": [103.1070766, 16.67423]}}, {"type": "Feature", "properties": {"is_in:country": "Thailand", "is_in:country_code": "TH", "is_in:iso_3166_2": "TH-40", "is_in:state": "Khon Kaen", "is_in:state_code": "40", "name": "\u0e1a\u0e49\u0e32\u0e19\u0e40\u0e27\u0e35\u0e22\u0e07\u0e2d\u0e34\u0e19\u0e17\u0e23\u0e4c", "name:en": "Ban Wiang In", "place": "village", "source": "Bing; sign", "osm_id": 1678295822, "osm_type": "node"}, "geometry": {"type": "Point", "coordinates": [103.141892, 16.6754406]}}, {"type": "Feature", "properties": {"is_in:country": "Thailand", "is_in:country_code": "TH", "is_in:iso_3166_2": "TH-40", "is_in:state": "Khon Kaen", "is_in:state_code": "40", "name": "\u0e1a\u0e49\u0e32\u0e19\u0e41\u0e2a\u0e19\u0e2a\u0e38\u0e02", "name:en": "Ban Saen Suk", "place": "village", "source": "Bing; sign", "osm_id": 1678295834, "osm_type": "node"}, "geometry": {"type": "Point", "coordinates": [103.0385185, 16.6860683]}}, {"type": "Feature", "properties": {"is_in:country": "Thailand", "is_in:country_code": "TH", "is_in:iso_3166_2": "TH-40", "is_in:state": "Khon Kaen", "is_in:state_code": "40", "name": "\u0e1a\u0e49\u0e32\u0e19\u0e42\u0e2a\u0e01\u0e40\u0e2a\u0e35\u0e49\u0e22\u0e27", "name:en": "Ban Sok Siao", "place": "village", "source": "Bing; sign", "osm_id": 1678295845, "osm_type": "node"}, "geometry": {"type": "Point", "coordinates": [103.0376433, 16.6772422]}}, {"type": "Feature", "properties": {"addr:district": "\u0e01\u0e23\u0e30\u0e19\u0e27\u0e19", "addr:district:en": "Kranuan", "addr:province": "\u0e02\u0e2d\u0e19\u0e41\u0e01\u0e48\u0e19", "addr:province:en": "Khon Kaen", "addr:subdistrict": "\u0e19\u0e49\u0e33\u0e2d\u0e49\u0e2d\u0e21", "addr:subdistrict:en": "Nam Om", "alt_name": "\u0e2a\u0e16\u0e32\u0e19\u0e35\u0e2d\u0e19\u0e32\u0e21\u0e31\u0e22\u0e19\u0e49\u0e33\u0e2d\u0e49\u0e2d\u0e21", "amenity": "clinic", "emergency": "no", "healthcare": "clinic", "name": "\u0e42\u0e23\u0e07\u0e1e\u0e22\u0e32\u0e1a\u0e32\u0e25\u0e2a\u0e48\u0e07\u0e40\u0e2a\u0e23\u0e34\u0e21\u0e2a\u0e38\u0e02\u0e20\u0e32\u0e1e\u0e15\u0e33\u0e1a\u0e25 \u0e19\u0e49\u0e33\u0e2d\u0e49\u0e2d\u0e21", "name:en": "Nam Om Subdistrict Health Promoting Hospital", "short_name": "\u0e23\u0e1e.\u0e2a\u0e15.\u0e19\u0e49\u0e33\u0e2d\u0e49\u0e2d\u0e21", "source": "Bing; sign", "osm_id": 1678295868, "osm_type": "node"}, "geometry": {"type": "Point", "coordinates": [103.1430987, 16.6768141]}}, {"type": "Feature", "properties": {"addr:district": "\u0e2b\u0e49\u0e27\u0e22\u0e40\u0e21\u0e47\u0e01", "addr:district:en": "Huai Mek", "addr:hamlet": "\u0e2b\u0e21\u0e39\u0e48\u0e17\u0e35\u0e48 7", "addr:province": "\u0e01\u0e32\u0e2c\u0e2a\u0e34\u0e19\u0e18\u0e38\u0e4c", "addr:province:en": "Kalasin", "addr:subdistrict": "\u0e1e\u0e34\u0e21\u0e39\u0e25", "addr:subdistrict:en": "Phi Mun", "alt_name": "\u0e2a\u0e16\u0e32\u0e19\u0e35\u0e2d\u0e19\u0e32\u0e21\u0e31\u0e22\u0e1e\u0e34\u0e21\u0e39\u0e25", "amenity": "clinic", "emergency": "no", "healthcare": "clinic", "name": "\u0e42\u0e23\u0e07\u0e1e\u0e22\u0e32\u0e1a\u0e32\u0e25\u0e2a\u0e48\u0e07\u0e40\u0e2a\u0e23\u0e34\u0e21\u0e2a\u0e38\u0e02\u0e20\u0e32\u0e1e\u0e15\u0e33\u0e1a\u0e25 \u0e1e\u0e34\u0e21\u0e39\u0e25", "name:en": "Phi Mun Subdistrict Health Promoting Hospital", "short_name": "\u0e23\u0e1e.\u0e2a\u0e15.\u0e1e\u0e34\u0e21\u0e39\u0e25", "source": "Bing; sign", "osm_id": 1678295875, "osm_type": "node"}, "geometry": {"type": "Point", "coordinates": [103.1537255, 16.6873675]}}, {"type": "Feature", "properties": {"is_in:country": "Thailand", "is_in:country_code": "TH", "is_in:iso_3166_2": "TH-40", "is_in:state": "Khon Kaen", "is_in:state_code": "40", "name": "\u0e1a\u0e49\u0e32\u0e19\u0e2b\u0e19\u0e2d\u0e07\u0e04\u0e49\u0e2d", "name:en": "Ban Nong Kho", "place": "village", "source": "Bing; sign", "osm_id": 1700620199, "osm_type": "node"}, "geometry": {"type": "Point", "coordinates": [102.8306418, 15.9927046]}}, {"type": "Feature", "properties": {"addr:district": "\u0e42\u0e19\u0e19\u0e2a\u0e31\u0e07", "addr:district:en": "Non Sang", "addr:province": "\u0e2b\u0e19\u0e2d\u0e07\u0e1a\u0e31\u0e27\u0e25\u0e33\u0e20\u0e39", "addr:province:en": "Nong Bua Lam Phu", "addr:subdistrict": "\u0e1a\u0e49\u0e32\u0e19\u0e04\u0e49\u0e2d", "addr:subdistrict:en": "Ban Kho", "alt_name": "\u0e2a\u0e16\u0e32\u0e19\u0e35\u0e2d\u0e19\u0e32\u0e21\u0e31\u0e22\u0e1a\u0e49\u0e32\u0e19\u0e04\u0e49\u0e2d", "amenity": "clinic", "emergency": "no", "healthcare": "clinic", "name": "\u0e42\u0e23\u0e07\u0e1e\u0e22\u0e32\u0e1a\u0e32\u0e25\u0e2a\u0e48\u0e07\u0e40\u0e2a\u0e23\u0e34\u0e21\u0e2a\u0e38\u0e02\u0e20\u0e32\u0e1e\u0e15\u0e33\u0e1a\u0e25 \u0e1a\u0e49\u0e32\u0e19\u0e04\u0e49\u0e2d", "name:en": "Ban Kho Subdistrict Health Promoting Hospital", "short_name": "\u0e23\u0e1e.\u0e2a\u0e15.\u0e1a\u0e49\u0e32\u0e19\u0e04\u0e49\u0e2d", "source": "Bing; sign", "osm_id": 1731575728, "osm_type": "node"}, "geometry": {"type": "Point", "coordinates": [102.6058771, 16.888213]}}, {"type": "Feature", "properties": {"is_in:country": "Thailand", "is_in:country_code": "TH", "is_in:iso_3166_2": "TH-39", "is_in:state": "Nong Bua Lam Phu", "is_in:state_code": "39", "name": "\u0e1a\u0e49\u0e32\u0e19\u0e42\u0e2a\u0e01\u0e21\u0e48\u0e27\u0e07", "name:en": "Ban Sok Muang", "place": "village", "source": "Bing; sign", "osm_id": 1733791550, "osm_type": "node"}, "geometry": {"type": "Point", "coordinates": [102.5332341, 16.8896335]}}, {"type": "Feature", "properties": {"is_in:country": "Thailand", "is_in:country_code": "TH", "is_in:iso_3166_2": "TH-39", "is_in:state": "Nong Bua Lam Phu", "is_in:state_code": "39", "name": "\u0e1a\u0e49\u0e32\u0e19\u0e42\u0e2a\u0e01\u0e41\u0e14\u0e07", "name:en": "Ban Sok Daeng", "place": "village", "source": "Bing; sign", "osm_id": 1733791551, "osm_type": "node"}, "geometry": {"type": "Point", "coordinates": [102.5122908, 16.8893364]}}, {"type": "Feature", "properties": {"is_in:country": "Thailand", "is_in:country_code": "TH", "is_in:iso_3166_2": "TH-39", "is_in:state": "Nong Bua Lam Phu", "is_in:state_code": "39", "name": "\u0e1a\u0e49\u0e32\u0e19\u0e17\u0e48\u0e32\u0e25\u0e32\u0e14", "name:en": "Ban Tha Lat", "place": "village", "source": "Bing; sign", "osm_id": 1734113434, "osm_type": "node"}, "geometry": {"type": "Point", "coordinates": [102.4687382, 16.8101929]}}, {"type": "Feature", "properties": {"is_in:country": "Thailand", "is_in:country_code": "TH", "is_in:iso_3166_2": "TH-39", "is_in:state": "Nong Bua Lam Phu", "is_in:state_code": "39", "name": "\u0e1a\u0e49\u0e32\u0e19\u0e2b\u0e19\u0e2d\u0e07\u0e25\u0e38\u0e21\u0e1e\u0e38\u0e01", "name:en": "Ban Nong Lum Phuk", "place": "village", "source": "Bing; GPS; sign", "osm_id": 1734113439, "osm_type": "node"}, "geometry": {"type": "Point", "coordinates": [102.5173871, 16.8419993]}}, {"type": "Feature", "properties": {"capital_level": "8", "is_in:country": "Thailand", "is_in:country_code": "TH", "is_in:iso_3166_2": "TH-39", "is_in:state": "Nong Bua Lam Phu", "is_in:state_code": "39", "name": "\u0e1a\u0e49\u0e32\u0e19\u0e2b\u0e19\u0e2d\u0e07\u0e40\u0e23\u0e37\u0e2d", "name:en": "Ban Nong Ruea", "place": "village", "source": "Bing; sign", "osm_id": 1734113449, "osm_type": "node"}, "geometry": {"type": "Point", "coordinates": [102.4957288, 16.8442273]}}, {"type": "Feature", "properties": {"addr:postcode": "39140", "is_in:country": "Thailand", "is_in:country_code": "TH", "is_in:iso_3166_2": "TH-39", "is_in:state": "Nong Bua Lam Phu", "is_in:state_code": "39", "name": "\u0e1a\u0e49\u0e32\u0e19\u0e42\u0e04\u0e01\u0e21\u0e48\u0e27\u0e07\u0e0a\u0e38\u0e21", "name:en": "Ban Khok Muang Chum", "place": "village", "source": "Bing; sign", "osm_id": 1734113459, "osm_type": "node"}, "geometry": {"type": "Point", "coordinates": [102.418168, 16.8369178]}}, {"type": "Feature", "properties": {"is_in:country": "Thailand", "is_in:country_code": "TH", "is_in:iso_3166_2": "TH-39", "is_in:state": "Nong Bua Lam Phu", "is_in:state_code": "39", "name": "\u0e1a\u0e49\u0e32\u0e19\u0e42\u0e19\u0e19\u0e2a\u0e27\u0e48\u0e32\u0e07", "name:en": "Ban Non Sawang", "place": "village", "source": "Bing; sign", "osm_id": 1734113476, "osm_type": "node"}, "geometry": {"type": "Point", "coordinates": [102.4295744, 16.8188046]}}, {"type": "Feature", "properties": {"is_in:country": "Thailand", "is_in:country_code": "TH", "is_in:iso_3166_2": "TH-39", "is_in:state": "Nong Bua Lam Phu", "is_in:state_code": "39", "name": "\u0e1a\u0e49\u0e32\u0e19\u0e42\u0e19\u0e19\u0e2a\u0e30\u0e2d\u0e32\u0e14", "name:en": "Ban Non Sa-at", "place": "village", "source": "Bing; sign", "osm_id": 1734113486, "osm_type": "node"}, "geometry": {"type": "Point", "coordinates": [102.4780233, 16.8236404]}}, {"type": "Feature", "properties": {"capital_level": "8", "is_in:country": "Thailand", "is_in:country_code": "TH", "is_in:iso_3166_2": "TH-39", "is_in:state": "Nong Bua Lam Phu", "is_in:state_code": "39", "name": "\u0e1a\u0e49\u0e32\u0e19\u0e42\u0e19\u0e19\u0e40\u0e21\u0e37\u0e2d\u0e07", "name:en": "Ban Non Mueang", "place": "village", "source": "Bing; sign", "osm_id": 1734113490, "osm_type": "node"}, "geometry": {"type": "Point", "coordinates": [102.459858, 16.8417689]}}, {"type": "Feature", "properties": {"addr:district": "Non Sang", "addr:district:en": "Non Sang", "addr:hamlet": "\u0e2b\u0e21\u0e39\u0e48\u0e17\u0e35\u0e48 14", "addr:province": "\u0e2b\u0e19\u0e2d\u0e07\u0e1a\u0e31\u0e27\u0e25\u0e33\u0e20\u0e39", "addr:province:en": "Nong Bua Lam Phu", "addr:subdistrict": "\u0e2b\u0e19\u0e2d\u0e07\u0e40\u0e23\u0e37\u0e2d", "addr:subdistrict:en": "Nong Ruea", "alt_name": "\u0e2a\u0e16\u0e32\u0e19\u0e35\u0e2d\u0e19\u0e32\u0e21\u0e31\u0e22\u0e2b\u0e19\u0e2d\u0e07\u0e40\u0e23\u0e37\u0e2d", "amenity": "clinic", "emergency": "no", "healthcare": "clinic", "name": "\u0e42\u0e23\u0e07\u0e1e\u0e22\u0e32\u0e1a\u0e32\u0e25\u0e2a\u0e48\u0e07\u0e40\u0e2a\u0e23\u0e34\u0e21\u0e2a\u0e38\u0e02\u0e20\u0e32\u0e1e\u0e15\u0e33\u0e1a\u0e25 \u0e2b\u0e19\u0e2d\u0e07\u0e40\u0e23\u0e37\u0e2d", "name:en": "Nong Ruea Subdistrict Health Promoting Hospital", "short_name": "\u0e23\u0e1e.\u0e2a\u0e15.\u0e2b\u0e19\u0e2d\u0e07\u0e40\u0e23\u0e37\u0e2d", "source": "Bing; sign", "osm_id": 1734113501, "osm_type": "node"}, "geometry": {"type": "Point", "coordinates": [102.4972021, 16.8405458]}}, {"type": "Feature", "properties": {"addr:district": "\u0e42\u0e19\u0e19\u0e2a\u0e31\u0e07", "addr:district:en": "Non Sang", "addr:hamlet": "\u0e2b\u0e21\u0e39\u0e48\u0e17\u0e35\u0e48 6", "addr:province": "\u0e2b\u0e19\u0e2d\u0e07\u0e1a\u0e31\u0e27\u0e25\u0e33\u0e20\u0e39", "addr:province:en": "Nong Bua Lam Phu", "addr:subdistrict": "\u0e42\u0e19\u0e19\u0e40\u0e21\u0e37\u0e2d\u0e07", "addr:subdistrict:en": "Non Mueang", "alt_name": "\u0e2a\u0e16\u0e32\u0e19\u0e35\u0e2d\u0e19\u0e32\u0e21\u0e31\u0e22\u0e42\u0e19\u0e19\u0e40\u0e21\u0e37\u0e2d\u0e07", "amenity": "clinic", "emergency": "no", "healthcare": "clinic", "name": "\u0e42\u0e23\u0e07\u0e1e\u0e22\u0e32\u0e1a\u0e32\u0e25\u0e2a\u0e48\u0e07\u0e40\u0e2a\u0e23\u0e34\u0e21\u0e2a\u0e38\u0e02\u0e20\u0e32\u0e1e\u0e15\u0e33\u0e1a\u0e25 \u0e42\u0e19\u0e19\u0e40\u0e21\u0e37\u0e2d\u0e07", "name:en": "Non Mueang Subdistrict Health Promoting Hospital", "short_name": "\u0e23\u0e1e.\u0e2a\u0e15.\u0e42\u0e19\u0e19\u0e40\u0e21\u0e37\u0e2d\u0e07", "source": "Bing; sign", "osm_id": 1734113503, "osm_type": "node"}, "geometry": {"type": "Point", "coordinates": [102.4535631, 16.8415023]}}, {"type": "Feature", "properties": {"addr:district": "Non Sang", "addr:district:en": "Non Sang", "addr:hamlet": "\u0e2b\u0e21\u0e39\u0e48\u0e17\u0e35\u0e48 4", "addr:province": "\u0e2b\u0e19\u0e2d\u0e07\u0e1a\u0e31\u0e27\u0e25\u0e33\u0e20\u0e39", "addr:province:en": "Nong Bua Lam Phu", "addr:subdistrict": "\u0e2b\u0e19\u0e2d\u0e07\u0e40\u0e23\u0e37\u0e2d", "addr:subdistrict:en": "Nong Ruea", "alt_name": "\u0e2a\u0e16\u0e32\u0e19\u0e35\u0e2d\u0e19\u0e32\u0e21\u0e31\u0e22\u0e1a\u0e49\u0e32\u0e19\u0e17\u0e48\u0e32\u0e25\u0e32\u0e14", "amenity": "clinic", "emergency": "no", "healthcare": "clinic", "name": "\u0e42\u0e23\u0e07\u0e1e\u0e22\u0e32\u0e1a\u0e32\u0e25\u0e2a\u0e48\u0e07\u0e40\u0e2a\u0e23\u0e34\u0e21\u0e2a\u0e38\u0e02\u0e20\u0e32\u0e1e\u0e15\u0e33\u0e1a\u0e25 \u0e1a\u0e49\u0e32\u0e19\u0e17\u0e48\u0e32\u0e25\u0e32\u0e14", "name:en": "Ban Tha Lat Subdistrict Health Promoting Hospital", "short_name": "\u0e23\u0e1e.\u0e2a\u0e15.\u0e1a\u0e49\u0e32\u0e19\u0e17\u0e48\u0e32\u0e25\u0e32\u0e14", "source": "Bing; sign", "osm_id": 1734113512, "osm_type": "node"}, "geometry": {"type": "Point", "coordinates": [102.4683757, 16.8089915]}}, {"type": "Feature", "properties": {"is_in:country": "Thailand", "is_in:country_code": "TH", "is_in:iso_3166_2": "TH-40", "is_in:state": "Khon Kaen", "is_in:state_code": "40", "name": "\u0e1a\u0e49\u0e32\u0e19\u0e2b\u0e19\u0e2d\u0e07\u0e01\u0e38\u0e07\u0e19\u0e49\u0e2d\u0e22", "name:en": "Ban Nong Kung Noi", "place": "village", "source": "Bing; sign", "osm_id": 1742834199, "osm_type": "node"}, "geometry": {"type": "Point", "coordinates": [102.7067537, 16.6183634]}}, {"type": "Feature", "properties": {"addr:district": "\u0e40\u0e21\u0e37\u0e2d\u0e07\u0e02\u0e2d\u0e19\u0e41\u0e01\u0e19", "addr:district:en": "Mueang Khon Kaen", "addr:hamlet": "\u0e2b\u0e21\u0e39\u0e48\u0e17\u0e35\u0e48 10", "addr:province": "\u0e08\u0e31\u0e07\u0e2b\u0e27\u0e31\u0e14\u0e02\u0e2d\u0e19\u0e41\u0e01\u0e48\u0e19", "addr:province:en": "Khon Kaen Province", "addr:subdistrict": "\u0e1a\u0e49\u0e32\u0e19\u0e04\u0e49\u0e2d", "addr:subdistrict:en": "Ban Kho", "name": "\u0e1a\u0e49\u0e32\u0e19\u0e2b\u0e27\u0e31\u0e07\u0e15\u0e2d \u0e2b\u0e21\u0e39\u0e48 10", "name:en": "Ban Wang To Mu 10", "place": "hamlet", "source": "Bing; sign", "osm_id": 1742834203, "osm_type": "node"}, "geometry": {"type": "Point", "coordinates": [102.7317566, 16.5788552]}}, {"type": "Feature", "properties": {"addr:district": "\u0e40\u0e21\u0e37\u0e2d\u0e07\u0e02\u0e2d\u0e19\u0e41\u0e01\u0e19", "addr:district:en": "Mueang Khon Kaen", "addr:hamlet": "\u0e2b\u0e21\u0e39\u0e48\u0e17\u0e35\u0e48 14", "addr:province": "\u0e08\u0e31\u0e07\u0e2b\u0e27\u0e31\u0e14\u0e02\u0e2d\u0e19\u0e41\u0e01\u0e48\u0e19", "addr:province:en": "Khon Kaen Province", "addr:subdistrict": "\u0e1a\u0e49\u0e32\u0e19\u0e04\u0e49\u0e2d", "addr:subdistrict:en": "Ban Kho", "name": "\u0e1a\u0e49\u0e32\u0e19\u0e2b\u0e27\u0e31\u0e07\u0e15\u0e2d \u0e2b\u0e21\u0e39\u0e48 14", "name:en": "Ban Wang To Mu 14", "place": "hamlet", "source": "Bing; sign", "osm_id": 1742834209, "osm_type": "node"}, "geometry": {"type": "Point", "coordinates": [102.7343312, 16.5771526]}}, {"type": "Feature", "properties": {"addr:district": "\u0e40\u0e21\u0e37\u0e2d\u0e07\u0e02\u0e2d\u0e19\u0e41\u0e01\u0e19", "addr:district:en": "Mueang Khon Kaen", "addr:hamlet": "\u0e2b\u0e21\u0e39\u0e48\u0e17\u0e35\u0e48 11", "addr:province": "\u0e08\u0e31\u0e07\u0e2b\u0e27\u0e31\u0e14\u0e02\u0e2d\u0e19\u0e41\u0e01\u0e48\u0e19", "addr:province:en": "Khon Kaen Province", "addr:subdistrict": "\u0e1a\u0e49\u0e32\u0e19\u0e04\u0e49\u0e2d", "addr:subdistrict:en": "Ban Kho", "name": "\u0e1a\u0e49\u0e32\u0e19\u0e2b\u0e34\u0e19\u0e25\u0e32\u0e14 \u0e2b\u0e21\u0e39\u0e48 11", "name:en": "Ban Hin Lat Mu 11", "place": "hamlet", "source": "Bing; sign", "osm_id": 1742834216, "osm_type": "node"}, "geometry": {"type": "Point", "coordinates": [102.7269938, 16.5816162]}}, {"type": "Feature", "properties": {"addr:district": "\u0e40\u0e21\u0e37\u0e2d\u0e07\u0e02\u0e2d\u0e19\u0e41\u0e01\u0e19", "addr:district:en": "Mueang Khon Kaen", "addr:hamlet": "\u0e2b\u0e21\u0e39\u0e48\u0e17\u0e35\u0e48 17", "addr:province": "\u0e08\u0e31\u0e07\u0e2b\u0e27\u0e31\u0e14\u0e02\u0e2d\u0e19\u0e41\u0e01\u0e48\u0e19", "addr:province:en": "Khon Kaen Province", "addr:subdistrict": "\u0e1a\u0e49\u0e32\u0e19\u0e04\u0e49\u0e2d", "addr:subdistrict:en": "Ban Kho", "name": "\u0e1a\u0e49\u0e32\u0e19\u0e2b\u0e34\u0e19\u0e25\u0e32\u0e14 \u0e2b\u0e21\u0e39\u0e48 17", "name:en": "Ban Hin Lat Mu 17", "place": "hamlet", "source": "Bing; sign", "osm_id": 1742834226, "osm_type": "node"}, "geometry": {"type": "Point", "coordinates": [102.7247207, 16.5834363]}}, {"type": "Feature", "properties": {"addr:district": "\u0e2d\u0e38\u0e1a\u0e25\u0e23\u0e31\u0e15\u0e19\u0e4c", "addr:district:en": "Ubonrat", "addr:hamlet": "\u0e2b\u0e21\u0e39\u0e48\u0e17\u0e35\u0e48 10", "addr:province": "\u0e08\u0e31\u0e07\u0e2b\u0e27\u0e31\u0e14\u0e02\u0e2d\u0e19\u0e41\u0e01\u0e48\u0e19", "addr:province:en": "Khon Kaen Province", "addr:subdistrict": "\u0e42\u0e04\u0e01\u0e2a\u0e39\u0e07", "addr:subdistrict:en": "Khok Sung", "name": "\u0e1a\u0e49\u0e32\u0e19\u0e42\u0e04\u0e01\u0e2a\u0e27\u0e48\u0e32\u0e07 \u0e2b\u0e21\u0e39\u0e48 10", "name:en": "Ban Khok Sawang Mu 10", "place": "hamlet", "source": "Bing; sign", "osm_id": 1742834227, "osm_type": "node"}, "geometry": {"type": "Point", "coordinates": [102.7052703, 16.6676146]}}, {"type": "Feature", "properties": {"addr:district": "\u0e2d\u0e38\u0e1a\u0e25\u0e23\u0e31\u0e15\u0e19\u0e4c", "addr:district:en": "Ubonrat", "addr:hamlet": "\u0e2b\u0e21\u0e39\u0e48\u0e17\u0e35\u0e48 3", "addr:province": "\u0e08\u0e31\u0e07\u0e2b\u0e27\u0e31\u0e14\u0e02\u0e2d\u0e19\u0e41\u0e01\u0e48\u0e19", "addr:province:en": "Khon Kaen Province", "addr:subdistrict": "\u0e42\u0e04\u0e01\u0e2a\u0e39\u0e07", "addr:subdistrict:en": "Khok Sung", "name": "\u0e1a\u0e49\u0e32\u0e19\u0e42\u0e04\u0e01\u0e2a\u0e27\u0e48\u0e32\u0e07 \u0e2b\u0e21\u0e39\u0e48 3", "name:en": "Ban Khok Sawang Mu 3", "place": "hamlet", "source": "Bing; sign", "osm_id": 1742834233, "osm_type": "node"}, "geometry": {"type": "Point", "coordinates": [102.7049792, 16.6702189]}}, {"type": "Feature", "properties": {"is_in:country": "Thailand", "is_in:country_code": "TH", "is_in:iso_3166_2": "TH-40", "is_in:state": "Khon Kaen", "is_in:state_code": "40", "name": "\u0e1a\u0e49\u0e32\u0e19\u0e42\u0e04\u0e01\u0e2a\u0e27\u0e48\u0e32\u0e07", "name:en": "Ban Khok Sawang", "place": "village", "source": "Bing; sign", "osm_id": 1742834249, "osm_type": "node"}, "geometry": {"type": "Point", "coordinates": [102.7062748, 16.6687067]}}, {"type": "Feature", "properties": {"is_in:country_code": "TH", "is_in:iso_3166_2": "TH-40", "is_in:state": "Khon Kaen", "is_in:state_code": "40", "name": "\u0e1a\u0e49\u0e32\u0e19\u0e01\u0e38\u0e14\u0e01\u0e31\u0e49\u0e07", "name:en": "Ban Kut Kang", "place": "village", "source": "Bing; sign", "osm_id": 1747422066, "osm_type": "node"}, "geometry": {"type": "Point", "coordinates": [102.3904008, 16.7945344]}}, {"type": "Feature", "properties": {"addr:district": "\u0e20\u0e39\u0e40\u0e27\u0e35\u0e22\u0e07", "addr:district:en": "Phu Wiang", "addr:hamlet": "\u0e2b\u0e21\u0e39\u0e48\u0e17\u0e35\u0e48 3", "addr:province": "\u0e08\u0e31\u0e07\u0e2b\u0e27\u0e31\u0e14\u0e02\u0e2d\u0e19\u0e41\u0e01\u0e48\u0e19", "addr:province:en": "Khon Kaen Province", "addr:subdistrict": "\u0e14\u0e34\u0e19\u0e14\u0e33", "addr:subdistrict:en": "Dindam", "name": "\u0e1a\u0e49\u0e32\u0e19\u0e01\u0e38\u0e14\u0e14\u0e38\u0e01 \u0e2b\u0e21\u0e39\u0e48 3", "name:en": "Ban Kut Duk Mu 3", "place": "hamlet", "source": "Bing; sign", "osm_id": 1747422068, "osm_type": "node"}, "geometry": {"type": "Point", "coordinates": [102.4302921, 16.7632021]}}, {"type": "Feature", "properties": {"addr:district": "\u0e20\u0e39\u0e40\u0e27\u0e35\u0e22\u0e07", "addr:district:en": "Phu Wiang", "addr:hamlet": "\u0e2b\u0e21\u0e39\u0e48\u0e17\u0e35\u0e48 4", "addr:province": "\u0e08\u0e31\u0e07\u0e2b\u0e27\u0e31\u0e14\u0e02\u0e2d\u0e19\u0e41\u0e01\u0e48\u0e19", "addr:province:en": "Khon Kaen Province", "addr:subdistrict": "\u0e14\u0e34\u0e19\u0e14\u0e33", "addr:subdistrict:en": "Dindam", "name": "\u0e1a\u0e49\u0e32\u0e19\u0e01\u0e38\u0e14\u0e14\u0e38\u0e01 \u0e2b\u0e21\u0e39\u0e48 4", "name:en": "Ban Kut Duk Mu 4", "place": "hamlet", "source": "Bing; sign", "osm_id": 1747422086, "osm_type": "node"}, "geometry": {"type": "Point", "coordinates": [102.4351562, 16.7658026]}}, {"type": "Feature", "properties": {"is_in:country_code": "TH", "is_in:iso_3166_2": "TH-40", "is_in:state": "Khon Kaen", "is_in:state_code": "40", "name": "\u0e1a\u0e49\u0e32\u0e19\u0e01\u0e38\u0e14\u0e14\u0e38\u0e01", "name:en": "Ban Kut Duk", "place": "village", "source": "Bing; sign", "osm_id": 1747422089, "osm_type": "node"}, "geometry": {"type": "Point", "coordinates": [102.4320795, 16.7653226]}}, {"type": "Feature", "properties": {"is_in:country": "Thailand", "is_in:country_code": "TH", "is_in:iso_3166_2": "TH-40", "is_in:state": "Khon Kaen", "is_in:state_code": "40", "name": "\u0e1a\u0e49\u0e32\u0e19\u0e27\u0e31\u0e07\u0e0a\u0e31\u0e22", "name:en": "Ban Wang Chai", "place": "village", "source": "Bing; sign", "osm_id": 1747422090, "osm_type": "node"}, "geometry": {"type": "Point", "coordinates": [102.4290008, 16.7314948]}}, {"type": "Feature", "properties": {"is_in:country": "Thailand", "is_in:country_code": "TH", "is_in:iso_3166_2": "TH-40", "is_in:state": "Khon Kaen", "is_in:state_code": "40", "name": "\u0e1a\u0e49\u0e32\u0e19\u0e28\u0e32\u0e25\u0e32\u0e14\u0e34\u0e19", "name:en": "Ban Sala Din", "place": "village", "source": "Bing; sign", "osm_id": 1747422097, "osm_type": "node"}, "geometry": {"type": "Point", "coordinates": [102.3951226, 16.7499608]}}, {"type": "Feature", "properties": {"is_in:country": "Thailand", "is_in:country_code": "TH", "is_in:iso_3166_2": "TH-40", "is_in:state": "Khon Kaen", "is_in:state_code": "40", "name": "\u0e1a\u0e49\u0e32\u0e19\u0e2a\u0e27\u0e19\u0e01\u0e25\u0e49\u0e27\u0e22", "name:en": "Ban Suan Kluai", "place": "village", "source": "Bing; sign", "osm_id": 1747422098, "osm_type": "node"}, "geometry": {"type": "Point", "coordinates": [102.3969955, 16.7040517]}}, {"type": "Feature", "properties": {"is_in:country_code": "TH", "is_in:iso_3166_2": "TH-40", "is_in:state": "Khon Kaen", "is_in:state_code": "40", "name": "\u0e1a\u0e49\u0e32\u0e19\u0e2b\u0e19\u0e2d\u0e07\u0e1e\u0e39\u0e48\u0e27\u0e31\u0e07\u0e2b\u0e34\u0e19\u0e0b\u0e32", "name:en": "Ban Nong Phu Wang Hin Sa", "place": "village", "source": "Bing; sign", "osm_id": 1747422099, "osm_type": "node"}, "geometry": {"type": "Point", "coordinates": [102.396722, 16.7905568]}}, {"type": "Feature", "properties": {"is_in:country": "Thailand", "is_in:country_code": "TH", "is_in:iso_3166_2": "TH-40", "is_in:state": "Khon Kaen", "is_in:state_code": "40", "name": "\u0e1a\u0e49\u0e32\u0e19\u0e42\u0e04\u0e01\u0e2a\u0e07\u0e48\u0e32", "name:en": "Ban Khok Sa-nga", "place": "village", "source": "Bing; sign", "osm_id": 1747422100, "osm_type": "node"}, "geometry": {"type": "Point", "coordinates": [102.3821968, 16.7183038]}}, {"type": "Feature", "properties": {"is_in:country": "Thailand", "is_in:country_code": "TH", "is_in:iso_3166_2": "TH-40", "is_in:state": "Khon Kaen", "is_in:state_code": "40", "name": "\u0e1a\u0e49\u0e32\u0e19\u0e42\u0e19\u0e19\u0e2a\u0e27\u0e23\u0e23\u0e04\u0e4c", "name:en": "Ban Non Sawan", "place": "village", "source": "Bing; sign", "osm_id": 1747422101, "osm_type": "node"}, "geometry": {"type": "Point", "coordinates": [102.3993346, 16.7097252]}}, {"type": "Feature", "properties": {"addr:district": "\u0e2b\u0e19\u0e2d\u0e07\u0e19\u0e32\u0e04\u0e33", "addr:district:en": "Nong Na Kham", "addr:hamlet": "\u0e2b\u0e21\u0e39\u0e48\u0e17\u0e35\u0e48 1", "addr:province": "\u0e02\u0e2d\u0e19\u0e41\u0e01\u0e48\u0e19", "addr:province:en": "Khon Kaen", "addr:subdistrict": "\u0e02\u0e19\u0e27\u0e19", "addr:subdistrict:en": "Khon Won", "alt_name": "\u0e2a\u0e16\u0e32\u0e19\u0e35\u0e2d\u0e19\u0e32\u0e21\u0e31\u0e22\u0e02\u0e19\u0e27\u0e19", "amenity": "clinic", "emergency": "no", "healthcare": "clinic", "name": "\u0e42\u0e23\u0e07\u0e1e\u0e22\u0e32\u0e1a\u0e32\u0e25\u0e2a\u0e48\u0e07\u0e40\u0e2a\u0e23\u0e34\u0e21\u0e2a\u0e38\u0e02\u0e20\u0e32\u0e1e\u0e15\u0e33\u0e1a\u0e25 \u0e02\u0e19\u0e27\u0e19", "name:en": "Khon Won Subdistrict Health Promoting Hospital", "short_name": "\u0e23\u0e1e.\u0e2a\u0e15.\u0e02\u0e19\u0e27\u0e19", "source": "GPS; sign", "osm_id": 1747422155, "osm_type": "node"}, "geometry": {"type": "Point", "coordinates": [102.3820983, 16.7848523]}}, {"type": "Feature", "properties": {"addr:district": "\u0e20\u0e39\u0e40\u0e27\u0e35\u0e22\u0e07", "addr:district:en": "Phu Wiang", "addr:province": "\u0e02\u0e2d\u0e19\u0e41\u0e01\u0e48\u0e19", "addr:province:en": "Khon Kaen", "addr:subdistrict": "\u0e14\u0e34\u0e19\u0e14\u0e33", "addr:subdistrict:en": "Dindam", "alt_name": "\u0e2a\u0e16\u0e32\u0e19\u0e35\u0e2d\u0e19\u0e32\u0e21\u0e31\u0e22\u0e14\u0e34\u0e19\u0e14\u0e33", "amenity": "clinic", "emergency": "no", "healthcare": "clinic", "name": "\u0e42\u0e23\u0e07\u0e1e\u0e22\u0e32\u0e1a\u0e32\u0e25\u0e2a\u0e48\u0e07\u0e40\u0e2a\u0e23\u0e34\u0e21\u0e2a\u0e38\u0e02\u0e20\u0e32\u0e1e\u0e15\u0e33\u0e1a\u0e25 \u0e14\u0e34\u0e19\u0e14\u0e33", "name:en": "Dindam Subdistrict Health Promoting Hospital", "short_name": "\u0e23\u0e1e.\u0e2a\u0e15.\u0e14\u0e34\u0e19\u0e14\u0e33", "source": "Bing; sign", "osm_id": 1747422165, "osm_type": "node"}, "geometry": {"type": "Point", "coordinates": [102.4205655, 16.7243335]}}, {"type": "Feature", "properties": {"addr:district": "\u0e20\u0e39\u0e40\u0e27\u0e35\u0e22\u0e07", "addr:district:en": "Phu Wiang", "addr:province": "\u0e02\u0e2d\u0e19\u0e41\u0e01\u0e48\u0e19", "addr:province:en": "Khon Kaen", "addr:subdistrict": "\u0e14\u0e34\u0e19\u0e14\u0e33", "addr:subdistrict:en": "Dindam", "alt_name": "\u0e2a\u0e16\u0e32\u0e19\u0e35\u0e2d\u0e19\u0e32\u0e21\u0e31\u0e22\u0e1a\u0e49\u0e32\u0e19\u0e01\u0e38\u0e14\u0e14\u0e38\u0e01", "amenity": "clinic", "emergency": "no", "healthcare": "clinic", "name": "\u0e42\u0e23\u0e07\u0e1e\u0e22\u0e32\u0e1a\u0e32\u0e25\u0e2a\u0e48\u0e07\u0e40\u0e2a\u0e23\u0e34\u0e21\u0e2a\u0e38\u0e02\u0e20\u0e32\u0e1e\u0e15\u0e33\u0e1a\u0e25 \u0e1a\u0e49\u0e32\u0e19\u0e01\u0e38\u0e14\u0e14\u0e38\u0e01", "name:en": "Ban Kut Duk Subdistrict Health Promoting Hospital", "short_name": "\u0e23\u0e1e.\u0e2a\u0e15.\u0e1a\u0e49\u0e32\u0e19\u0e01\u0e38\u0e14\u0e14\u0e38\u0e01", "source": "Bing; sign", "osm_id": 1747422180, "osm_type": "node"}, "geometry": {"type": "Point", "coordinates": [102.4346279, 16.764733]}}, {"type": "Feature", "properties": {"addr:district": "\u0e1a\u0e49\u0e32\u0e19\u0e41\u0e2e\u0e14", "addr:district:en": "Ban Haet", "addr:hamlet": "\u0e2b\u0e21\u0e39\u0e48\u0e17\u0e35\u0e48 1", "addr:province": "\u0e08\u0e31\u0e07\u0e2b\u0e27\u0e31\u0e14\u0e02\u0e2d\u0e19\u0e41\u0e01\u0e48\u0e19", "addr:province:en": "Khon Kaen Province", "addr:subdistrict": "\u0e1a\u0e49\u0e32\u0e19\u0e41\u0e2e\u0e14", "addr:subdistrict:en": "Ban Haet", "name": "\u0e1a\u0e49\u0e32\u0e19\u0e41\u0e2e\u0e14 \u0e2b\u0e21\u0e39\u0e48 1", "name:en": "Ban Haet Mu 1", "place": "hamlet", "source": "Bing; sign", "osm_id": 1752121476, "osm_type": "node"}, "geometry": {"type": "Point", "coordinates": [102.7614795, 16.1962748]}}, {"type": "Feature", "properties": {"addr:district": "\u0e1a\u0e49\u0e32\u0e19\u0e41\u0e2e\u0e14", "addr:district:en": "Ban Haet", "addr:hamlet": "\u0e2b\u0e21\u0e39\u0e48\u0e17\u0e35\u0e48 2", "addr:province": "\u0e08\u0e31\u0e07\u0e2b\u0e27\u0e31\u0e14\u0e02\u0e2d\u0e19\u0e41\u0e01\u0e48\u0e19", "addr:province:en": "Khon Kaen Province", "addr:subdistrict": "\u0e1a\u0e49\u0e32\u0e19\u0e41\u0e2e\u0e14", "addr:subdistrict:en": "Ban Haet", "name": "\u0e1a\u0e49\u0e32\u0e19\u0e41\u0e2e\u0e14 \u0e2b\u0e21\u0e39\u0e48 2", "name:en": "Ban Haet Mu 2", "place": "hamlet", "source": "Bing; sign", "osm_id": 1752121477, "osm_type": "node"}, "geometry": {"type": "Point", "coordinates": [102.7484502, 16.1959362]}}, {"type": "Feature", "properties": {"is_in:country": "Thailand", "is_in:country_code": "TH", "is_in:iso_3166_2": "TH-40", "is_in:state": "Khon Kaen", "is_in:state_code": "40", "name": "\u0e1a\u0e49\u0e32\u0e19\u0e42\u0e19\u0e19\u0e2a\u0e27\u0e23\u0e23\u0e04\u0e4c", "name:en": "Ban Non Sawan", "place": "village", "source": "Bing; sign", "osm_id": 1752121479, "osm_type": "node"}, "geometry": {"type": "Point", "coordinates": [102.7671547, 16.2095382]}}, {"type": "Feature", "properties": {"addr:district": "\u0e1a\u0e49\u0e32\u0e19\u0e41\u0e2e\u0e14", "addr:district:en": "Ban Haet", "addr:hamlet": "\u0e2b\u0e21\u0e39\u0e48\u0e17\u0e35\u0e48 1", "addr:province": "\u0e02\u0e2d\u0e19\u0e41\u0e01\u0e48\u0e19", "addr:province:en": "Khon Kaen", "addr:subdistrict": "\u0e1a\u0e49\u0e32\u0e19\u0e41\u0e2e\u0e14", "addr:subdistrict:en": "Ban Haet", "alt_name": "\u0e2a\u0e16\u0e32\u0e19\u0e35\u0e2d\u0e19\u0e32\u0e21\u0e31\u0e22\u0e1a\u0e49\u0e32\u0e19\u0e41\u0e2e\u0e14", "amenity": "clinic", "emergency": "no", "healthcare": "clinic", "name": "\u0e42\u0e23\u0e07\u0e1e\u0e22\u0e32\u0e1a\u0e32\u0e25\u0e2a\u0e48\u0e07\u0e40\u0e2a\u0e23\u0e34\u0e21\u0e2a\u0e38\u0e02\u0e20\u0e32\u0e1e\u0e15\u0e33\u0e1a\u0e25 \u0e1a\u0e49\u0e32\u0e19\u0e41\u0e2e\u0e14", "name:en": "Ban Haet Subdistrict Health Promoting Hospital", "short_name": "\u0e23\u0e1e.\u0e2a\u0e15.\u0e1a\u0e49\u0e32\u0e19\u0e41\u0e2e\u0e14", "source": "Bing; sign", "osm_id": 1752121481, "osm_type": "node"}, "geometry": {"type": "Point", "coordinates": [102.7631222, 16.1981551]}}, {"type": "Feature", "properties": {"is_in:country": "Thailand", "is_in:country_code": "TH", "is_in:iso_3166_2": "TH-40", "is_in:state": "Khon Kaen", "is_in:state_code": "40", "name": "\u0e1a\u0e49\u0e32\u0e19\u0e20\u0e39\u0e40\u0e07\u0e34\u0e19 \u0e2b\u0e21\u0e39\u0e48 6", "name:en": "Ban Phu Ngoen Mu 6", "place": "village", "source": "Bing; sign", "osm_id": 1752400761, "osm_type": "node"}, "geometry": {"type": "Point", "coordinates": [102.8358574, 16.1150365]}}, {"type": "Feature", "properties": {"is_in:country": "Thailand", "is_in:country_code": "TH", "is_in:iso_3166_2": "TH-40", "is_in:state": "Khon Kaen", "is_in:state_code": "40", "name": "\u0e1a\u0e49\u0e32\u0e19\u0e20\u0e39\u0e40\u0e07\u0e34\u0e19 \u0e2b\u0e21\u0e39\u0e48 7", "name:en": "Ban Phu Ngoen Mu 7", "place": "village", "source": "Bing; sign", "osm_id": 1752400777, "osm_type": "node"}, "geometry": {"type": "Point", "coordinates": [102.8336928, 16.1178959]}}, {"type": "Feature", "properties": {"is_in:country": "Thailand", "is_in:country_code": "TH", "is_in:iso_3166_2": "TH-40", "is_in:state": "Khon Kaen", "is_in:state_code": "40", "name": "\u0e1a\u0e49\u0e32\u0e19\u0e20\u0e39\u0e40\u0e2b\u0e25\u0e47\u0e01", "name:en": "Ban Phu Lek", "place": "village", "source": "Bing; sign", "osm_id": 1752400783, "osm_type": "node"}, "geometry": {"type": "Point", "coordinates": [102.8382532, 16.1132235]}}, {"type": "Feature", "properties": {"is_in:country": "Thailand", "is_in:country_code": "TH", "is_in:iso_3166_2": "TH-40", "is_in:state": "Khon Kaen", "is_in:state_code": "40", "name": "\u0e1a\u0e49\u0e32\u0e19\u0e20\u0e39\u0e40\u0e2b\u0e25\u0e47\u0e01\u0e19\u0e49\u0e2d\u0e22", "name:en": "Ban Phu Lek Noi", "place": "village", "source": "Bing; sign", "osm_id": 1752400787, "osm_type": "node"}, "geometry": {"type": "Point", "coordinates": [102.8335997, 16.0994565]}}, {"type": "Feature", "properties": {"is_in:country": "Thailand", "is_in:country_code": "TH", "is_in:iso_3166_2": "TH-40", "is_in:state": "Khon Kaen", "is_in:state_code": "40", "name": "\u0e1a\u0e49\u0e32\u0e19\u0e2b\u0e19\u0e2d\u0e07\u0e23\u0e39\u0e41\u0e02\u0e49", "name:en": "Ban Nong Ru Khae", "place": "village", "source": "Bing; sign", "osm_id": 1752400791, "osm_type": "node"}, "geometry": {"type": "Point", "coordinates": [102.8031076, 16.1346877]}}, {"type": "Feature", "properties": {"is_in:country": "Thailand", "is_in:country_code": "TH", "is_in:iso_3166_2": "TH-40", "is_in:state": "Khon Kaen", "is_in:state_code": "40", "name": "\u0e1a\u0e49\u0e32\u0e19\u0e2b\u0e19\u0e2d\u0e07\u0e2b\u0e0d\u0e49\u0e32\u0e1b\u0e25\u0e49\u0e2d\u0e07", "name:en": "Ban Nong Ya Plong", "place": "village", "source": "Bing; sign", "osm_id": 1752400795, "osm_type": "node"}, "geometry": {"type": "Point", "coordinates": [102.8029521, 16.0777976]}}, {"type": "Feature", "properties": {"is_in:country": "Thailand", "is_in:country_code": "TH", "is_in:iso_3166_2": "TH-40", "is_in:state": "Khon Kaen", "is_in:state_code": "40", "name": "\u0e1a\u0e49\u0e32\u0e19\u0e2b\u0e19\u0e2d\u0e07\u0e41\u0e27\u0e07\u0e42\u0e2d\u0e07", "name:en": "Ban Nong Waeng Ong", "place": "village", "source": "Bing; sign", "osm_id": 1752400805, "osm_type": "node"}, "geometry": {"type": "Point", "coordinates": [102.7562225, 16.1342635]}}, {"type": "Feature", "properties": {"is_in:country": "Thailand", "is_in:country_code": "TH", "is_in:iso_3166_2": "TH-40", "is_in:state": "Khon Kaen", "is_in:state_code": "40", "name": "\u0e1a\u0e49\u0e32\u0e19\u0e42\u0e19\u0e19\u0e2a\u0e27\u0e23\u0e23\u0e04\u0e4c", "name:en": "Ban Non Sawan", "place": "village", "source": "Bing; sign", "osm_id": 1752400812, "osm_type": "node"}, "geometry": {"type": "Point", "coordinates": [102.8371751, 16.1120099]}}, {"type": "Feature", "properties": {"addr:district": "\u0e1a\u0e49\u0e32\u0e19\u0e44\u0e1c\u0e48", "addr:district:en": "Ban Phai", "addr:hamlet": "\u0e2b\u0e21\u0e39\u0e48\u0e17\u0e35\u0e48 2", "addr:province": "\u0e02\u0e2d\u0e19\u0e41\u0e01\u0e48\u0e19", "addr:province:en": "Khon Kaen", "addr:subdistrict": "\u0e20\u0e39\u0e40\u0e2b\u0e25\u0e47\u0e01", "addr:subdistrict:en": "Phu Lek", "alt_name": "\u0e2a\u0e16\u0e32\u0e19\u0e35\u0e2d\u0e19\u0e32\u0e21\u0e31\u0e22\u0e20\u0e39\u0e40\u0e2b\u0e25\u0e47\u0e01", "amenity": "clinic", "emergency": "no", "healthcare": "clinic", "name": "\u0e42\u0e23\u0e07\u0e1e\u0e22\u0e32\u0e1a\u0e32\u0e25\u0e2a\u0e48\u0e07\u0e40\u0e2a\u0e23\u0e34\u0e21\u0e2a\u0e38\u0e02\u0e20\u0e32\u0e1e\u0e15\u0e33\u0e1a\u0e25 \u0e20\u0e39\u0e40\u0e2b\u0e25\u0e47\u0e01", "name:en": "Phu Lek Subdistrict Health Promoting Hospital", "short_name": "\u0e23\u0e1e.\u0e2a\u0e15.\u0e20\u0e39\u0e40\u0e2b\u0e25\u0e47\u0e01", "source": "Bing; sign", "osm_id": 1752400815, "osm_type": "node"}, "geometry": {"type": "Point", "coordinates": [102.8362712, 16.1113597]}}, {"type": "Feature", "properties": {"is_in:country": "Thailand", "is_in:country_code": "TH", "is_in:iso_3166_2": "TH-40", "is_in:state": "Khon Kaen", "is_in:state_code": "40", "name": "\u0e1a\u0e49\u0e32\u0e19\u0e14\u0e2d\u0e19\u0e19\u0e32\u0e41\u0e1e\u0e07", "name:en": "Ban Don Na Phaeng", "place": "village", "source": "Bing; sign", "osm_id": 1754514216, "osm_type": "node"}, "geometry": {"type": "Point", "coordinates": [102.7829929, 16.015447]}}, {"type": "Feature", "properties": {"is_in:country": "Thailand", "is_in:country_code": "TH", "is_in:iso_3166_2": "TH-40", "is_in:state": "Khon Kaen", "is_in:state_code": "40", "name": "\u0e1a\u0e49\u0e32\u0e19\u0e14\u0e2d\u0e19\u0e2b\u0e21\u0e32\u0e01\u0e1e\u0e23\u0e34\u0e01", "name:en": "Ban Don Mak Phrik", "place": "village", "source": "Bing; sign", "osm_id": 1754514217, "osm_type": "node"}, "geometry": {"type": "Point", "coordinates": [102.7589368, 16.0184976]}}, {"type": "Feature", "properties": {"is_in:country": "Thailand", "is_in:country_code": "TH", "is_in:iso_3166_2": "TH-40", "is_in:state": "Khon Kaen", "is_in:state_code": "40", "name": "\u0e1a\u0e49\u0e32\u0e19\u0e1b\u0e48\u0e32\u0e07\u0e34\u0e49\u0e27", "name:en": "Ban Pa Ngio", "place": "village", "source": "Bing; sign", "osm_id": 1754514218, "osm_type": "node"}, "geometry": {"type": "Point", "coordinates": [102.8105224, 16.0405931]}}, {"type": "Feature", "properties": {"is_in:country": "Thailand", "is_in:country_code": "TH", "is_in:iso_3166_2": "TH-40", "is_in:state": "Khon Kaen", "is_in:state_code": "40", "name": "\u0e1a\u0e49\u0e32\u0e19\u0e1c\u0e31\u0e01\u0e2b\u0e27\u0e32\u0e19", "name:en": "Ban Phakwan", "place": "village", "source": "Bing; sign", "osm_id": 1754514219, "osm_type": "node"}, "geometry": {"type": "Point", "coordinates": [102.7967667, 16.0196115]}}, {"type": "Feature", "properties": {"is_in:country": "Thailand", "is_in:country_code": "TH", "is_in:iso_3166_2": "TH-40", "is_in:state": "Khon Kaen", "is_in:state_code": "40", "name": "\u0e1a\u0e49\u0e32\u0e19\u0e25\u0e34\u0e49\u0e19\u0e1f\u0e49\u0e32", "name:en": "Ban Lin Fa", "place": "village", "source": "Bing; sign", "osm_id": 1754514220, "osm_type": "node"}, "geometry": {"type": "Point", "coordinates": [102.7631464, 16.0208946]}}, {"type": "Feature", "properties": {"addr:district": "\u0e1a\u0e49\u0e32\u0e19\u0e44\u0e1c\u0e48", "addr:district:en": "Ban Phai", "addr:hamlet": "\u0e2b\u0e21\u0e39\u0e48\u0e17\u0e35\u0e48 1", "addr:province": "\u0e08\u0e31\u0e07\u0e2b\u0e27\u0e31\u0e14\u0e02\u0e2d\u0e19\u0e41\u0e01\u0e48\u0e19", "addr:province:en": "Khon Kaen Province", "addr:subdistrict": "\u0e1a\u0e49\u0e32\u0e19\u0e25\u0e32\u0e19", "addr:subdistrict:en": "Ban Lan", "name": "\u0e1a\u0e49\u0e32\u0e19\u0e2a\u0e23\u0e49\u0e32\u0e07\u0e41\u0e1b\u0e49\u0e19 \u0e2b\u0e21\u0e39\u0e48 1", "name:en": "Ban Sang Paen Mu 1", "place": "hamlet", "source": "Bing; sign", "osm_id": 1754514221, "osm_type": "node"}, "geometry": {"type": "Point", "coordinates": [102.7899798, 16.01291]}}, {"type": "Feature", "properties": {"addr:district": "\u0e1a\u0e49\u0e32\u0e19\u0e44\u0e1c\u0e48", "addr:district:en": "Ban Phai", "addr:hamlet": "\u0e2b\u0e21\u0e39\u0e48\u0e17\u0e35\u0e48 12", "addr:province": "\u0e08\u0e31\u0e07\u0e2b\u0e27\u0e31\u0e14\u0e02\u0e2d\u0e19\u0e41\u0e01\u0e48\u0e19", "addr:province:en": "Khon Kaen Province", "addr:subdistrict": "\u0e1a\u0e49\u0e32\u0e19\u0e25\u0e32\u0e19", "addr:subdistrict:en": "Ban Lan", "name": "\u0e1a\u0e49\u0e32\u0e19\u0e2a\u0e23\u0e49\u0e32\u0e07\u0e41\u0e1b\u0e49\u0e19 \u0e2b\u0e21\u0e39\u0e48 12", "name:en": "Ban Sang Paen Mu 12", "place": "hamlet", "source": "Bing; sign", "osm_id": 1754514222, "osm_type": "node"}, "geometry": {"type": "Point", "coordinates": [102.7889048, 16.0145011]}}, {"type": "Feature", "properties": {"is_in:country": "Thailand", "is_in:country_code": "TH", "is_in:iso_3166_2": "TH-40", "is_in:state": "Khon Kaen", "is_in:state_code": "40", "name": "\u0e1a\u0e49\u0e32\u0e19\u0e2a\u0e23\u0e49\u0e32\u0e07\u0e41\u0e1b\u0e49\u0e19", "name:en": "Ban Sang Paen", "place": "village", "source": "Bing; sign", "osm_id": 1754514223, "osm_type": "node"}, "geometry": {"type": "Point", "coordinates": [102.789654, 16.0136164]}}, {"type": "Feature", "properties": {"is_in:country": "Thailand", "is_in:country_code": "TH", "is_in:iso_3166_2": "TH-40", "is_in:state": "Khon Kaen", "is_in:state_code": "40", "name": "\u0e1a\u0e49\u0e32\u0e19\u0e2b\u0e19\u0e2d\u0e07\u0e04\u0e39\u0e13", "name:en": "Ban Nong Khun", "place": "village", "source": "Bing; sign", "osm_id": 1754514224, "osm_type": "node"}, "geometry": {"type": "Point", "coordinates": [102.7635637, 15.9991586]}}, {"type": "Feature", "properties": {"capital_level": "8", "is_in:country": "Thailand", "is_in:country_code": "TH", "is_in:iso_3166_2": "TH-40", "is_in:state": "Khon Kaen", "is_in:state_code": "40", "name": "\u0e1a\u0e49\u0e32\u0e19\u0e2b\u0e19\u0e2d\u0e07\u0e19\u0e49\u0e33\u0e43\u0e2a", "name:en": "Ban Nong Nam Sai", "place": "village", "source": "Bing; sign", "osm_id": 1754514225, "osm_type": "node"}, "geometry": {"type": "Point", "coordinates": [102.7408126, 16.0420881]}}, {"type": "Feature", "properties": {"is_in:country": "Thailand", "is_in:country_code": "TH", "is_in:iso_3166_2": "TH-40", "is_in:state": "Khon Kaen", "is_in:state_code": "40", "name": "\u0e1a\u0e49\u0e32\u0e19\u0e2b\u0e49\u0e27\u0e22\u0e0a\u0e31\u0e19", "name:en": "Ban Huai Chan", "place": "village", "source": "Bing; sign", "osm_id": 1754514227, "osm_type": "node"}, "geometry": {"type": "Point", "coordinates": [102.764321, 15.9904589]}}, {"type": "Feature", "properties": {"is_in:country": "Thailand", "is_in:country_code": "TH", "is_in:iso_3166_2": "TH-40", "is_in:state": "Khon Kaen", "is_in:state_code": "40", "name": "\u0e1a\u0e49\u0e32\u0e19\u0e40\u0e2b\u0e25\u0e48\u0e32\u0e2b\u0e25\u0e27\u0e07", "name:en": "Ban Lao Luang", "place": "village", "source": "Bing; sign", "osm_id": 1754514228, "osm_type": "node"}, "geometry": {"type": "Point", "coordinates": [102.7733195, 15.9945428]}}, {"type": "Feature", "properties": {"capital_level": "8", "is_in:country": "Thailand", "is_in:country_code": "TH", "is_in:iso_3166_2": "TH-40", "is_in:state": "Khon Kaen", "is_in:state_code": "40", "name": "\u0e1a\u0e49\u0e32\u0e19\u0e41\u0e04\u0e19\u0e40\u0e2b\u0e19\u0e37\u0e2d", "name:en": "Ban Khaen Nuea", "place": "village", "source": "Bing; sign", "osm_id": 1754514229, "osm_type": "node"}, "geometry": {"type": "Point", "coordinates": [102.7524099, 16.0112236]}}, {"type": "Feature", "properties": {"is_in:country": "Thailand", "is_in:country_code": "TH", "is_in:iso_3166_2": "TH-40", "is_in:state": "Khon Kaen", "is_in:state_code": "40", "name": "\u0e1a\u0e49\u0e32\u0e19\u0e42\u0e19\u0e19\u0e2a\u0e30\u0e2d\u0e32\u0e14", "name:en": "Ban Non Sa-at", "place": "village", "source": "Bing; sign", "osm_id": 1754514232, "osm_type": "node"}, "geometry": {"type": "Point", "coordinates": [102.7624987, 16.0423634]}}, {"type": "Feature", "properties": {"addr:district": "\u0e1a\u0e49\u0e32\u0e19\u0e44\u0e1c\u0e48", "addr:district:en": "Ban Phai", "addr:hamlet": "\u0e2b\u0e21\u0e39\u0e48\u0e17\u0e35\u0e48 3", "addr:province": "\u0e02\u0e2d\u0e19\u0e41\u0e01\u0e48\u0e19", "addr:province:en": "Khon Kaen", "addr:subdistrict": "\u0e41\u0e04\u0e19\u0e40\u0e2b\u0e19\u0e37\u0e2d", "addr:subdistrict:en": "Khaen Nuea", "alt_name": "\u0e2a\u0e16\u0e32\u0e19\u0e35\u0e2d\u0e19\u0e32\u0e21\u0e31\u0e22\u0e41\u0e04\u0e19\u0e40\u0e2b\u0e19\u0e37\u0e2d", "amenity": "clinic", "emergency": "no", "healthcare": "clinic", "name": "\u0e42\u0e23\u0e07\u0e1e\u0e22\u0e32\u0e1a\u0e32\u0e25\u0e2a\u0e48\u0e07\u0e40\u0e2a\u0e23\u0e34\u0e21\u0e2a\u0e38\u0e02\u0e20\u0e32\u0e1e\u0e15\u0e33\u0e1a\u0e25 \u0e41\u0e04\u0e19\u0e40\u0e2b\u0e19\u0e37\u0e2d", "name:en": "Khaen Nuea Subdistrict Health Promoting Hospital", "short_name": "\u0e23\u0e1e.\u0e2a\u0e15.\u0e41\u0e04\u0e19\u0e40\u0e2b\u0e19\u0e37\u0e2d", "source": "Bing; sign", "osm_id": 1754514236, "osm_type": "node"}, "geometry": {"type": "Point", "coordinates": [102.7619512, 15.9979418]}}, {"type": "Feature", "properties": {"addr:district": "\u0e1a\u0e49\u0e32\u0e19\u0e44\u0e1c\u0e48", "addr:district:en": "Ban Phai", "addr:hamlet": "\u0e2b\u0e21\u0e39\u0e48\u0e17\u0e35\u0e48 1", "addr:province": "\u0e02\u0e2d\u0e19\u0e41\u0e01\u0e48\u0e19", "addr:province:en": "Khon Kaen", "addr:subdistrict": "\u0e1a\u0e49\u0e32\u0e19\u0e25\u0e32\u0e19", "addr:subdistrict:en": "Ban Lan", "alt_name": "\u0e2a\u0e16\u0e32\u0e19\u0e35\u0e2d\u0e19\u0e32\u0e21\u0e31\u0e22\u0e1a\u0e49\u0e32\u0e19\u0e2a\u0e23\u0e49\u0e32\u0e07\u0e41\u0e1b\u0e49\u0e19", "amenity": "clinic", "emergency": "no", "healthcare": "clinic", "name": "\u0e42\u0e23\u0e07\u0e1e\u0e22\u0e32\u0e1a\u0e32\u0e25\u0e2a\u0e48\u0e07\u0e40\u0e2a\u0e23\u0e34\u0e21\u0e2a\u0e38\u0e02\u0e20\u0e32\u0e1e\u0e15\u0e33\u0e1a\u0e25 \u0e1a\u0e49\u0e32\u0e19\u0e2a\u0e23\u0e49\u0e32\u0e07\u0e41\u0e1b\u0e49\u0e19", "name:en": "Ban Sang Paen Subdistrict Health Promoting Hospital", "short_name": "\u0e23\u0e1e.\u0e2a\u0e15.\u0e1a\u0e49\u0e32\u0e19\u0e2a\u0e23\u0e49\u0e32\u0e07\u0e41\u0e1b\u0e49\u0e19", "source": "Bing; sign", "osm_id": 1754514237, "osm_type": "node"}, "geometry": {"type": "Point", "coordinates": [102.7909109, 16.0141403]}}, {"type": "Feature", "properties": {"is_in:country": "Thailand", "is_in:country_code": "TH", "is_in:iso_3166_2": "TH-40", "is_in:state": "Khon Kaen", "is_in:state_code": "40", "name": "\u0e1a\u0e49\u0e32\u0e19\u0e19\u0e32\u0e42\u0e19", "name:en": "Ban Nano", "place": "village", "source": "Bing; sign", "osm_id": 1755796616, "osm_type": "node"}, "geometry": {"type": "Point", "coordinates": [102.7134428, 16.0174113]}}, {"type": "Feature", "properties": {"is_in:country": "Thailand", "is_in:country_code": "TH", "is_in:iso_3166_2": "TH-40", "is_in:state": "Khon Kaen", "is_in:state_code": "40", "name": "\u0e1a\u0e49\u0e32\u0e19\u0e2a\u0e32\u0e42\u0e23\u0e07", "name:en": "Ban Sa Rong", "place": "village", "source": "Bing; sign", "osm_id": 1755796617, "osm_type": "node"}, "geometry": {"type": "Point", "coordinates": [102.7376282, 16.0256163]}}, {"type": "Feature", "properties": {"is_in:country": "Thailand", "is_in:country_code": "TH", "is_in:iso_3166_2": "TH-40", "is_in:state": "Khon Kaen", "is_in:state_code": "40", "name": "\u0e1a\u0e49\u0e32\u0e19\u0e2b\u0e19\u0e2d\u0e07\u0e15\u0e2d\u0e01\u0e40\u0e01\u0e35\u0e49\u0e22", "name:en": "Ban Nong Tok Kia", "place": "village", "source": "Bing; sign", "osm_id": 1755796618, "osm_type": "node"}, "geometry": {"type": "Point", "coordinates": [102.7275385, 16.0006356]}}, {"type": "Feature", "properties": {"is_in:country": "Thailand", "is_in:country_code": "TH", "is_in:iso_3166_2": "TH-40", "is_in:state": "Khon Kaen", "is_in:state_code": "40", "name": "\u0e1a\u0e49\u0e32\u0e19\u0e2b\u0e31\u0e27\u0e19\u0e32", "name:en": "Ban Hua Na", "place": "village", "source": "Bing; sign", "osm_id": 1755796619, "osm_type": "node"}, "geometry": {"type": "Point", "coordinates": [102.7238604, 16.0106866]}}, {"type": "Feature", "properties": {"is_in:country": "Thailand", "is_in:country_code": "TH", "is_in:iso_3166_2": "TH-40", "is_in:state": "Khon Kaen", "is_in:state_code": "40", "name": "\u0e1a\u0e49\u0e32\u0e19\u0e40\u0e01\u0e48\u0e32\u0e19\u0e49\u0e2d\u0e22", "name:en": "Ban Kao Noi", "place": "village", "source": "Bing; sign", "osm_id": 1755796620, "osm_type": "node"}, "geometry": {"type": "Point", "coordinates": [102.720796, 16.036119]}}, {"type": "Feature", "properties": {"is_in:country": "Thailand", "is_in:country_code": "TH", "is_in:iso_3166_2": "TH-40", "is_in:state": "Khon Kaen", "is_in:state_code": "40", "name": "\u0e1a\u0e49\u0e32\u0e19\u0e40\u0e01\u0e48\u0e32\u0e2b\u0e31\u0e27\u0e19\u0e32", "name:en": "Ban Kao Hua Na", "place": "village", "source": "Bing; sign", "osm_id": 1755796621, "osm_type": "node"}, "geometry": {"type": "Point", "coordinates": [102.7244978, 16.016997]}}, {"type": "Feature", "properties": {"is_in:country": "Thailand", "is_in:country_code": "TH", "is_in:iso_3166_2": "TH-40", "is_in:state": "Khon Kaen", "is_in:state_code": "40", "name": "\u0e1a\u0e49\u0e32\u0e19\u0e40\u0e2b\u0e21\u0e37\u0e2d\u0e14\u0e41\u0e2d\u0e48", "name:en": "Ban Mueat Ae", "place": "village", "source": "Bing; sign", "osm_id": 1755796622, "osm_type": "node"}, "geometry": {"type": "Point", "coordinates": [102.7330188, 16.0196907]}}, {"type": "Feature", "properties": {"is_in:country": "Thailand", "is_in:country_code": "TH", "is_in:iso_3166_2": "TH-40", "is_in:state": "Khon Kaen", "is_in:state_code": "40", "name": "\u0e1a\u0e49\u0e32\u0e19\u0e41\u0e04\u0e19\u0e43\u0e15\u0e49", "name:en": "Ban Khaen Tai", "place": "village", "source": "Bing; sign", "osm_id": 1755796623, "osm_type": "node"}, "geometry": {"type": "Point", "coordinates": [102.738202, 16.0208316]}}, {"type": "Feature", "properties": {"addr:district": "\u0e1a\u0e49\u0e32\u0e19\u0e44\u0e1c\u0e48", "addr:district:en": "Ban Phai", "addr:hamlet": "\u0e2b\u0e21\u0e39\u0e48\u0e17\u0e35\u0e48 3", "addr:province": "\u0e02\u0e2d\u0e19\u0e41\u0e01\u0e48\u0e19", "addr:province:en": "Khon Kaen", "addr:subdistrict": "\u0e2b\u0e19\u0e2d\u0e07\u0e19\u0e49\u0e33\u0e43\u0e2a", "addr:subdistrict:en": "Nong Nam Sai", "alt_name": "\u0e2a\u0e16\u0e32\u0e19\u0e35\u0e2d\u0e19\u0e32\u0e21\u0e31\u0e22\u0e2b\u0e19\u0e2d\u0e07\u0e19\u0e49\u0e33\u0e43\u0e2a", "amenity": "clinic", "emergency": "no", "healthcare": "clinic", "name": "\u0e42\u0e23\u0e07\u0e1e\u0e22\u0e32\u0e1a\u0e32\u0e25\u0e2a\u0e48\u0e07\u0e40\u0e2a\u0e23\u0e34\u0e21\u0e2a\u0e38\u0e02\u0e20\u0e32\u0e1e\u0e15\u0e33\u0e1a\u0e25 \u0e2b\u0e19\u0e2d\u0e07\u0e19\u0e49\u0e33\u0e43\u0e2a", "name:en": "Nong Nam Sai Subdistrict Health Promoting Hospital", "short_name": "\u0e23\u0e1e.\u0e2a\u0e15.\u0e2b\u0e19\u0e2d\u0e07\u0e19\u0e49\u0e33\u0e43\u0e2a", "source": "Bing; sign", "osm_id": 1755796626, "osm_type": "node"}, "geometry": {"type": "Point", "coordinates": [102.7371939, 16.0203792]}}, {"type": "Feature", "properties": {"addr:district": "\u0e1a\u0e49\u0e32\u0e19\u0e44\u0e1c\u0e48", "addr:district:en": "Ban Phai", "addr:hamlet": "\u0e2b\u0e21\u0e39\u0e48\u0e17\u0e35\u0e48 7", "addr:province": "\u0e02\u0e2d\u0e19\u0e41\u0e01\u0e48\u0e19", "addr:province:en": "Khon Kaen", "addr:subdistrict": "\u0e2b\u0e19\u0e2d\u0e07\u0e19\u0e49\u0e33\u0e43\u0e2a", "addr:subdistrict:en": "Nong Nam Sai", "alt_name": "\u0e2a\u0e16\u0e32\u0e19\u0e35\u0e2d\u0e19\u0e32\u0e21\u0e31\u0e22\u0e1a\u0e49\u0e32\u0e19\u0e19\u0e32\u0e42\u0e19", "amenity": "clinic", "emergency": "no", "healthcare": "clinic", "name": "\u0e42\u0e23\u0e07\u0e1e\u0e22\u0e32\u0e1a\u0e32\u0e25\u0e2a\u0e48\u0e07\u0e40\u0e2a\u0e23\u0e34\u0e21\u0e2a\u0e38\u0e02\u0e20\u0e32\u0e1e\u0e15\u0e33\u0e1a\u0e25 \u0e1a\u0e49\u0e32\u0e19\u0e19\u0e32\u0e42\u0e19", "name:en": "Ban Nano Subdistrict Health Promoting Hospital", "short_name": "\u0e23\u0e1e.\u0e2a\u0e15.\u0e1a\u0e49\u0e32\u0e19\u0e19\u0e32\u0e42\u0e19", "source": "Bing; sign", "osm_id": 1755796627, "osm_type": "node"}, "geometry": {"type": "Point", "coordinates": [102.7130604, 16.0161457]}}, {"type": "Feature", "properties": {"addr:district": "\u0e2d\u0e38\u0e1a\u0e25\u0e23\u0e31\u0e15\u0e19\u0e4c", "addr:district:en": "Ubonrat", "addr:hamlet": "\u0e2b\u0e21\u0e39\u0e48\u0e17\u0e35\u0e48 12", "addr:province": "\u0e02\u0e2d\u0e19\u0e41\u0e01\u0e48\u0e19", "addr:province:en": "Khon Kaen", "addr:subdistrict": "\u0e19\u0e32\u0e04\u0e33", "addr:subdistrict:en": "Na Kham", "alt_name": "\u0e2a\u0e16\u0e32\u0e19\u0e35\u0e2d\u0e19\u0e32\u0e21\u0e31\u0e22\u0e19\u0e32\u0e04\u0e33", "amenity": "clinic", "emergency": "no", "healthcare": "clinic", "name": "\u0e42\u0e23\u0e07\u0e1e\u0e22\u0e32\u0e1a\u0e32\u0e25\u0e2a\u0e48\u0e07\u0e40\u0e2a\u0e23\u0e34\u0e21\u0e2a\u0e38\u0e02\u0e20\u0e32\u0e1e\u0e15\u0e33\u0e1a\u0e25 \u0e19\u0e32\u0e04\u0e33", "name:en": "Na Kham Subdistrict Health Promoting Hospital", "short_name": "\u0e23\u0e1e.\u0e2a\u0e15.\u0e19\u0e32\u0e04\u0e33", "source": "Bing; sign", "osm_id": 1763919165, "osm_type": "node"}, "geometry": {"type": "Point", "coordinates": [102.6817412, 16.8607588]}}, {"type": "Feature", "properties": {"is_in:country": "Thailand", "is_in:country_code": "TH", "is_in:iso_3166_2": "TH-40", "is_in:state": "Khon Kaen", "is_in:state_code": "40", "name": "\u0e1a\u0e49\u0e32\u0e19\u0e14\u0e39\u0e48\u0e19\u0e49\u0e2d\u0e22", "name:en": "Ban Du Noi", "place": "village", "source": "Bing; sign", "osm_id": 1773381559, "osm_type": "node"}, "geometry": {"type": "Point", "coordinates": [102.6724008, 16.0168631]}}, {"type": "Feature", "properties": {"is_in:country": "Thailand", "is_in:country_code": "TH", "is_in:iso_3166_2": "TH-40", "is_in:state": "Khon Kaen", "is_in:state_code": "40", "name": "\u0e1a\u0e49\u0e32\u0e19\u0e2a\u0e23\u0e30\u0e1a\u0e31\u0e27", "name:en": "Ban Sa Bua", "place": "village", "source": "Bing; sign", "osm_id": 1773381594, "osm_type": "node"}, "geometry": {"type": "Point", "coordinates": [102.6705299, 16.0106871]}}, {"type": "Feature", "properties": {"is_in:country": "Thailand", "is_in:country_code": "TH", "is_in:iso_3166_2": "TH-40", "is_in:state": "Khon Kaen", "is_in:state_code": "40", "name": "\u0e1a\u0e49\u0e32\u0e19\u0e2a\u0e27\u0e48\u0e32\u0e07", "name:en": "Ban Sawang", "place": "village", "source": "Bing; sign", "osm_id": 1773381604, "osm_type": "node"}, "geometry": {"type": "Point", "coordinates": [102.6608495, 16.0081237]}}, {"type": "Feature", "properties": {"is_in:country": "Thailand", "is_in:country_code": "TH", "is_in:iso_3166_2": "TH-40", "is_in:state": "Khon Kaen", "is_in:state_code": "40", "name": "\u0e1a\u0e49\u0e32\u0e19\u0e2b\u0e19\u0e2d\u0e07\u0e17\u0e38\u0e48\u0e21", "name:en": "Ban Nong Thum", "place": "village", "source": "Bing; sign", "osm_id": 1773381614, "osm_type": "node"}, "geometry": {"type": "Point", "coordinates": [102.6871144, 16.0028334]}}, {"type": "Feature", "properties": {"is_in:country": "Thailand", "is_in:country_code": "TH", "is_in:iso_3166_2": "TH-40", "is_in:state": "Khon Kaen", "is_in:state_code": "40", "name": "\u0e1a\u0e49\u0e32\u0e19\u0e2b\u0e19\u0e2d\u0e07\u0e2b\u0e27\u0e49\u0e32", "name:en": "Ban Nong Wa", "place": "village", "source": "Bing; sign", "osm_id": 1773381626, "osm_type": "node"}, "geometry": {"type": "Point", "coordinates": [102.6990278, 15.9999733]}}, {"type": "Feature", "properties": {"is_in:country": "Thailand", "is_in:country_code": "TH", "is_in:iso_3166_2": "TH-40", "is_in:state": "Khon Kaen", "is_in:state_code": "40", "name": "\u0e1a\u0e49\u0e32\u0e19\u0e40\u0e01\u0e48\u0e32\u0e19\u0e49\u0e2d\u0e22", "name:en": "Ban Kao Noi", "place": "village", "source": "Bing; sign", "osm_id": 1773381664, "osm_type": "node"}, "geometry": {"type": "Point", "coordinates": [102.6539507, 16.020357]}}, {"type": "Feature", "properties": {"is_in:country": "Thailand", "is_in:country_code": "TH", "is_in:iso_3166_2": "TH-40", "is_in:state": "Khon Kaen", "is_in:state_code": "40", "name": "\u0e1a\u0e49\u0e32\u0e19\u0e42\u0e19\u0e19\u0e41\u0e14\u0e07\u0e19\u0e49\u0e2d\u0e22", "name:en": "Ban Non Daeng Noi", "place": "village", "source": "Bing; sign", "osm_id": 1773381696, "osm_type": "node"}, "geometry": {"type": "Point", "coordinates": [102.673609, 15.9963485]}}, {"type": "Feature", "properties": {"capital_level": "8", "is_in:country": "Thailand", "is_in:country_code": "TH", "is_in:iso_3166_2": "TH-40", "is_in:state": "Khon Kaen", "is_in:state_code": "40", "name": "\u0e1a\u0e49\u0e32\u0e19\u0e42\u0e19\u0e19\u0e41\u0e14\u0e07\u0e43\u0e2b\u0e0d\u0e48", "name:en": "Ban Non Daeng Yai", "place": "village", "source": "Bing; sign", "osm_id": 1773381715, "osm_type": "node"}, "geometry": {"type": "Point", "coordinates": [102.6726226, 16.0006187]}}, {"type": "Feature", "properties": {"addr:district": "\u0e42\u0e19\u0e19\u0e28\u0e34\u0e25\u0e32", "addr:district:en": "Non Sila", "addr:hamlet": "\u0e2b\u0e21\u0e39\u0e48\u0e17\u0e35\u0e48 1", "addr:province": "\u0e02\u0e2d\u0e19\u0e41\u0e01\u0e48\u0e19", "addr:province:en": "Khon Kaen", "addr:subdistrict": "\u0e42\u0e19\u0e19\u0e41\u0e14\u0e07", "addr:subdistrict:en": "Non Daeng", "alt_name": "\u0e2a\u0e16\u0e32\u0e19\u0e35\u0e2d\u0e19\u0e32\u0e21\u0e31\u0e22\u0e42\u0e19\u0e19\u0e41\u0e14\u0e07", "amenity": "clinic", "emergency": "no", "healthcare": "clinic", "name": "\u0e42\u0e23\u0e07\u0e1e\u0e22\u0e32\u0e1a\u0e32\u0e25\u0e2a\u0e48\u0e07\u0e40\u0e2a\u0e23\u0e34\u0e21\u0e2a\u0e38\u0e02\u0e20\u0e32\u0e1e\u0e15\u0e33\u0e1a\u0e25 \u0e42\u0e19\u0e19\u0e41\u0e14\u0e07", "name:en": "Non Daeng Subdistrict Health Promoting Hospital", "short_name": "\u0e23\u0e1e.\u0e2a\u0e15.\u0e42\u0e19\u0e19\u0e41\u0e14\u0e07", "source": "Bing; sign", "osm_id": 1773381798, "osm_type": "node"}, "geometry": {"type": "Point", "coordinates": [102.6736351, 15.9977646]}}, {"type": "Feature", "properties": {"is_in:country": "Thailand", "is_in:country_code": "TH", "is_in:iso_3166_2": "TH-40", "is_in:state": "Khon Kaen", "is_in:state_code": "40", "name": "\u0e1a\u0e49\u0e32\u0e19\u0e27\u0e31\u0e07\u0e41\u0e2a\u0e07", "name:en": "Ban Wang Saeng", "place": "village", "source": "Bing; sign", "osm_id": 1785940075, "osm_type": "node"}, "geometry": {"type": "Point", "coordinates": [102.4867799, 16.0439682]}}, {"type": "Feature", "properties": {"is_in:country": "Thailand", "is_in:country_code": "TH", "is_in:iso_3166_2": "TH-40", "is_in:state": "Khon Kaen", "is_in:state_code": "40", "name": "\u0e1a\u0e49\u0e32\u0e19\u0e27\u0e31\u0e07\u0e41\u0e2a\u0e07\u0e43\u0e15\u0e49", "name:en": "Ban Wang Saeng Tai", "place": "village", "source": "Bing; sign", "osm_id": 1785940076, "osm_type": "node"}, "geometry": {"type": "Point", "coordinates": [102.4854646, 16.0429356]}}, {"type": "Feature", "properties": {"is_in:country": "Thailand", "is_in:country_code": "TH", "is_in:iso_3166_2": "TH-40", "is_in:state": "Khon Kaen", "is_in:state_code": "40", "name": "\u0e1a\u0e49\u0e32\u0e19\u0e2b\u0e19\u0e2d\u0e07\u0e22\u0e32\u0e22\u0e40\u0e01\u0e25\u0e35\u0e49\u0e22\u0e07", "name:en": "Ban Nong Yai Kliang", "place": "village", "source": "Bing; sign", "osm_id": 1785940078, "osm_type": "node"}, "geometry": {"type": "Point", "coordinates": [102.4373903, 15.9925449]}}, {"type": "Feature", "properties": {"is_in:country": "Thailand", "is_in:country_code": "TH", "is_in:iso_3166_2": "TH-40", "is_in:state": "Khon Kaen", "is_in:state_code": "40", "name": "\u0e1a\u0e49\u0e32\u0e19\u0e2b\u0e39\u0e25\u0e34\u0e07", "name:en": "Ban Hu Ling", "place": "village", "source": "Bing; sign", "osm_id": 1785940085, "osm_type": "node"}, "geometry": {"type": "Point", "coordinates": [102.4793248, 16.0312083]}}, {"type": "Feature", "properties": {"is_in:country": "Thailand", "is_in:country_code": "TH", "is_in:iso_3166_2": "TH-40", "is_in:state": "Khon Kaen", "is_in:state_code": "40", "name": "\u0e1a\u0e49\u0e32\u0e19\u0e2b\u0e49\u0e27\u0e22\u0e44\u0e1c\u0e48", "name:en": "Ban Huai Phai", "place": "village", "source": "Bing; sign", "osm_id": 1785940096, "osm_type": "node"}, "geometry": {"type": "Point", "coordinates": [102.4498299, 16.0114197]}}, {"type": "Feature", "properties": {"is_in:country": "Thailand", "is_in:country_code": "TH", "is_in:iso_3166_2": "TH-40", "is_in:state": "Khon Kaen", "is_in:state_code": "40", "name": "\u0e1a\u0e49\u0e32\u0e19\u0e42\u0e04\u0e01\u0e1e\u0e23\u0e30", "name:en": "Ban Khok Phra", "place": "village", "source": "Bing; sign", "osm_id": 1785940107, "osm_type": "node"}, "geometry": {"type": "Point", "coordinates": [102.4468068, 16.0040028]}}, {"type": "Feature", "properties": {"is_in:country": "Thailand", "is_in:country_code": "TH", "is_in:iso_3166_2": "TH-40", "is_in:state": "Khon Kaen", "is_in:state_code": "40", "name": "\u0e1a\u0e49\u0e32\u0e19\u0e42\u0e19\u0e19\u0e02\u0e48\u0e32", "name:en": "Ban Non Kha", "place": "village", "source": "Bing; sign", "osm_id": 1785940117, "osm_type": "node"}, "geometry": {"type": "Point", "coordinates": [102.4611455, 16.0291868]}}, {"type": "Feature", "properties": {"is_in:country": "Thailand", "is_in:country_code": "TH", "is_in:iso_3166_2": "TH-40", "is_in:state": "Khon Kaen", "is_in:state_code": "40", "name": "\u0e1a\u0e49\u0e32\u0e19\u0e42\u0e19\u0e19\u0e04\u0e33\u0e21\u0e35", "name:en": "Ban Non Kham Mi", "place": "village", "source": "Bing; sign", "osm_id": 1785940120, "osm_type": "node"}, "geometry": {"type": "Point", "coordinates": [102.4547972, 16.0097453]}}, {"type": "Feature", "properties": {"is_in:country": "Thailand", "is_in:country_code": "TH", "is_in:iso_3166_2": "TH-40", "is_in:state": "Khon Kaen", "is_in:state_code": "40", "name": "\u0e1a\u0e49\u0e32\u0e19\u0e42\u0e19\u0e19\u0e28\u0e34\u0e25\u0e32", "name:en": "Ban Non Sila", "place": "village", "source": "Bing; sign", "osm_id": 1785940121, "osm_type": "node"}, "geometry": {"type": "Point", "coordinates": [102.4824869, 16.0256079]}}, {"type": "Feature", "properties": {"addr:district": "\u0e0a\u0e19\u0e1a\u0e17", "addr:district:en": "Chonnabot", "addr:hamlet": "\u0e2b\u0e21\u0e39\u0e48\u0e17\u0e35\u0e48 1", "addr:province": "\u0e02\u0e2d\u0e19\u0e41\u0e01\u0e48\u0e19", "addr:province:en": "Khon Kaen", "addr:subdistrict": "\u0e27\u0e31\u0e07\u0e41\u0e2a\u0e07", "addr:subdistrict:en": "Wang Saeng", "alt_name": "\u0e2a\u0e16\u0e32\u0e19\u0e35\u0e2d\u0e19\u0e32\u0e21\u0e31\u0e22\u0e27\u0e31\u0e07\u0e41\u0e2a\u0e07", "amenity": "clinic", "emergency": "no", "healthcare": "clinic", "name": "\u0e42\u0e23\u0e07\u0e1e\u0e22\u0e32\u0e1a\u0e32\u0e25\u0e2a\u0e48\u0e07\u0e40\u0e2a\u0e23\u0e34\u0e21\u0e2a\u0e38\u0e02\u0e20\u0e32\u0e1e\u0e15\u0e33\u0e1a\u0e25 \u0e27\u0e31\u0e07\u0e41\u0e2a\u0e07", "name:en": "Wang Saeng Subdistrict Health Promoting Hospital", "short_name": "\u0e23\u0e1e.\u0e2a\u0e15.\u0e27\u0e31\u0e07\u0e41\u0e2a\u0e07", "source": "Bing; sign", "osm_id": 1785940142, "osm_type": "node"}, "geometry": {"type": "Point", "coordinates": [102.4882736, 16.044501]}}, {"type": "Feature", "properties": {"addr:district": "\u0e0a\u0e19\u0e1a\u0e17", "addr:district:en": "Chonnabot", "addr:hamlet": "\u0e2b\u0e21\u0e39\u0e48\u0e17\u0e35\u0e48 6", "addr:province": "\u0e02\u0e2d\u0e19\u0e41\u0e01\u0e48\u0e19", "addr:province:en": "Khon Kaen", "addr:subdistrict": "\u0e27\u0e31\u0e07\u0e41\u0e2a\u0e07", "addr:subdistrict:en": "Wang Saeng", "alt_name": "\u0e2a\u0e16\u0e32\u0e19\u0e35\u0e2d\u0e19\u0e32\u0e21\u0e31\u0e22\u0e1a\u0e49\u0e32\u0e19\u0e42\u0e19\u0e19\u0e02\u0e48\u0e32", "amenity": "clinic", "emergency": "no", "healthcare": "clinic", "name": "\u0e42\u0e23\u0e07\u0e1e\u0e22\u0e32\u0e1a\u0e32\u0e25\u0e2a\u0e48\u0e07\u0e40\u0e2a\u0e23\u0e34\u0e21\u0e2a\u0e38\u0e02\u0e20\u0e32\u0e1e\u0e15\u0e33\u0e1a\u0e25 \u0e1a\u0e49\u0e32\u0e19\u0e42\u0e19\u0e19\u0e02\u0e48\u0e32", "name:en": "Ban Non Kha Subdistrict Health Promoting Hospital", "short_name": "\u0e23\u0e1e.\u0e2a\u0e15.\u0e1a\u0e49\u0e32\u0e19\u0e42\u0e19\u0e19\u0e02\u0e48\u0e32", "source": "Bing; sign", "osm_id": 1785940152, "osm_type": "node"}, "geometry": {"type": "Point", "coordinates": [102.4585832, 16.0284378]}}, {"type": "Feature", "properties": {"is_in:country": "Thailand", "is_in:country_code": "TH", "is_in:iso_3166_2": "TH-44", "is_in:state": "Maha Sarakham", "is_in:state_code": "44", "name": "\u0e1a\u0e49\u0e32\u0e19\u0e01\u0e25\u0e32\u0e07\u0e43\u0e2b\u0e0d\u0e48", "name:en": "Ban Klang Yai", "place": "village", "source": "Bing; sign", "osm_id": 1802406228, "osm_type": "node"}, "geometry": {"type": "Point", "coordinates": [103.1208076, 16.3501215]}}, {"type": "Feature", "properties": {"name": "\u0e1a\u0e49\u0e32\u0e19\u0e02\u0e35", "name:en": "Ban Khi", "place": "village", "source": "Bing; sign", "osm_id": 1802406230, "osm_type": "node"}, "geometry": {"type": "Point", "coordinates": [103.1063181, 16.3676277]}}, {"type": "Feature", "properties": {"is_in:country": "Thailand", "is_in:country_code": "TH", "is_in:iso_3166_2": "TH-44", "is_in:state": "Maha Sarakham", "is_in:state_code": "44", "name": "\u0e1a\u0e49\u0e32\u0e19\u0e17\u0e31\u0e19", "name:en": "Ban Than", "place": "village", "source": "Bing; sign", "osm_id": 1802406231, "osm_type": "node"}, "geometry": {"type": "Point", "coordinates": [103.2270099, 16.3361975]}}, {"type": "Feature", "properties": {"is_in:country": "Thailand", "is_in:country_code": "TH", "is_in:iso_3166_2": "TH-44", "is_in:state": "Maha Sarakham", "is_in:state_code": "44", "name": "\u0e1a\u0e49\u0e32\u0e19\u0e19\u0e32\u0e14\u0e35", "name:en": "Ban Na Di", "place": "village", "source": "Bing; sign", "osm_id": 1802406232, "osm_type": "node"}, "geometry": {"type": "Point", "coordinates": [103.2543168, 16.3364883]}}, {"type": "Feature", "properties": {"capital_level": "8", "is_in:country": "Thailand", "is_in:country_code": "TH", "is_in:iso_3166_2": "TH-44", "is_in:state": "Maha Sarakham", "is_in:state_code": "44", "name": "\u0e1a\u0e49\u0e32\u0e19\u0e19\u0e32\u0e2a\u0e35\u0e19\u0e27\u0e25", "name:en": "Ban Na Si Nuan", "place": "village", "source": "Bing; sign", "osm_id": 1802406233, "osm_type": "node"}, "geometry": {"type": "Point", "coordinates": [103.1890207, 16.337527]}}, {"type": "Feature", "properties": {"is_in:country": "Thailand", "is_in:country_code": "TH", "is_in:iso_3166_2": "TH-44", "is_in:state": "Maha Sarakham", "is_in:state_code": "44", "name": "\u0e1a\u0e49\u0e32\u0e19\u0e19\u0e49\u0e33\u0e40\u0e17\u0e35\u0e48\u0e22\u0e07", "name:en": "Ban Nam Thiang", "place": "village", "source": "Bing; sign", "osm_id": 1802406234, "osm_type": "node"}, "geometry": {"type": "Point", "coordinates": [103.2750761, 16.3307228]}}, {"type": "Feature", "properties": {"is_in:country": "Thailand", "is_in:country_code": "TH", "is_in:iso_3166_2": "TH-44", "is_in:state": "Maha Sarakham", "is_in:state_code": "44", "name": "\u0e1a\u0e49\u0e32\u0e19\u0e21\u0e30\u0e42\u0e21", "name:en": "Ban Ma Mo", "place": "village", "source": "Bing; sign", "osm_id": 1802406235, "osm_type": "node"}, "geometry": {"type": "Point", "coordinates": [103.1478392, 16.3438311]}}, {"type": "Feature", "properties": {"is_in:country": "Thailand", "is_in:country_code": "TH", "is_in:iso_3166_2": "TH-44", "is_in:state": "Maha Sarakham", "is_in:state_code": "44", "name": "\u0e1a\u0e49\u0e32\u0e19\u0e25\u0e32\u0e14", "name:en": "Ban Lat", "place": "village", "source": "Bing; sign", "osm_id": 1802406236, "osm_type": "node"}, "geometry": {"type": "Point", "coordinates": [103.256669, 16.3199477]}}, {"type": "Feature", "properties": {"capital_level": "8", "is_in:country": "Thailand", "is_in:country_code": "TH", "is_in:iso_3166_2": "TH-44", "is_in:state": "Maha Sarakham", "is_in:state_code": "44", "name": "\u0e1a\u0e49\u0e32\u0e19\u0e28\u0e23\u0e35\u0e2a\u0e38\u0e02", "name:en": "Ban Si Suk", "place": "village", "source": "Bing; sign", "osm_id": 1802406237, "osm_type": "node"}, "geometry": {"type": "Point", "coordinates": [103.2456108, 16.3421459]}}, {"type": "Feature", "properties": {"capital_level": "8", "is_in:country": "Thailand", "is_in:country_code": "TH", "is_in:iso_3166_2": "TH-44", "is_in:state": "Maha Sarakham", "is_in:state_code": "44", "name": "\u0e1a\u0e49\u0e32\u0e19\u0e2b\u0e19\u0e2d\u0e07\u0e0b\u0e2d\u0e19", "name:en": "Ban Nong Son", "place": "village", "source": "Bing; sign", "osm_id": 1802406238, "osm_type": "node"}, "geometry": {"type": "Point", "coordinates": [103.1236262, 16.344772]}}, {"type": "Feature", "properties": {"name": "\u0e1a\u0e49\u0e32\u0e19\u0e42\u0e1e\u0e19", "name:en": "Ban Phon", "name:th": "\u0e1a\u0e49\u0e32\u0e19\u0e42\u0e1e\u0e19", "place": "village", "source": "Bing; sign", "osm_id": 1802406239, "osm_type": "node"}, "geometry": {"type": "Point", "coordinates": [103.1525382, 16.3622118]}}, {"type": "Feature", "properties": {"addr:district": "\u0e01\u0e31\u0e19\u0e17\u0e23\u0e27\u0e34\u0e0a\u0e31\u0e22", "addr:district:en": "Kantharawichai", "addr:province": "\u0e21\u0e2b\u0e32\u0e2a\u0e32\u0e23\u0e04\u0e32\u0e21", "addr:province:en": "Maha Sarakham", "addr:subdistrict": "\u0e19\u0e32\u0e2a\u0e35\u0e19\u0e27\u0e25", "addr:subdistrict:en": "Na Si Nuan", "alt_name": "\u0e2a\u0e16\u0e32\u0e19\u0e35\u0e2d\u0e19\u0e32\u0e21\u0e31\u0e22\u0e19\u0e32\u0e2a\u0e35\u0e19\u0e27\u0e19", "amenity": "clinic", "emergency": "no", "healthcare": "clinic", "name": "\u0e42\u0e23\u0e07\u0e1e\u0e22\u0e32\u0e1a\u0e32\u0e25\u0e2a\u0e48\u0e07\u0e40\u0e2a\u0e23\u0e34\u0e21\u0e2a\u0e38\u0e02\u0e20\u0e32\u0e1e\u0e15\u0e33\u0e1a\u0e25 \u0e19\u0e32\u0e2a\u0e35\u0e19\u0e27\u0e19", "name:en": "Na Si Nuan Subdistrict Health Promoting Hospital", "short_name": "\u0e23\u0e1e.\u0e2a\u0e15.\u0e19\u0e32\u0e2a\u0e35\u0e19\u0e27\u0e19", "source": "Bing; sign", "osm_id": 1802406244, "osm_type": "node"}, "geometry": {"type": "Point", "coordinates": [103.1921676, 16.3369809]}}, {"type": "Feature", "properties": {"addr:district": "\u0e01\u0e31\u0e19\u0e17\u0e23\u0e27\u0e34\u0e0a\u0e31\u0e22", "addr:district:en": "Kantharawichai", "addr:province": "\u0e21\u0e2b\u0e32\u0e2a\u0e32\u0e23\u0e04\u0e32\u0e21", "addr:province:en": "Maha Sarakham", "addr:subdistrict": "\u0e28\u0e23\u0e35\u0e2a\u0e38\u0e02", "addr:subdistrict:en": "Si Suk", "alt_name": "\u0e2a\u0e16\u0e32\u0e19\u0e35\u0e2d\u0e19\u0e32\u0e21\u0e31\u0e22\u0e28\u0e23\u0e35\u0e2a\u0e38\u0e02", "amenity": "clinic", "emergency": "no", "healthcare": "clinic", "name": "\u0e42\u0e23\u0e07\u0e1e\u0e22\u0e32\u0e1a\u0e32\u0e25\u0e2a\u0e48\u0e07\u0e40\u0e2a\u0e23\u0e34\u0e21\u0e2a\u0e38\u0e02\u0e20\u0e32\u0e1e\u0e15\u0e33\u0e1a\u0e25 \u0e28\u0e23\u0e35\u0e2a\u0e38\u0e02", "name:en": "Si Suk Subdistrict Health Promoting Hospital", "short_name": "\u0e23\u0e1e.\u0e2a\u0e15.\u0e28\u0e23\u0e35\u0e2a\u0e38\u0e02", "source": "Bing; sign", "osm_id": 1802406245, "osm_type": "node"}, "geometry": {"type": "Point", "coordinates": [103.244758, 16.3396219]}}, {"type": "Feature", "properties": {"addr:district": "\u0e40\u0e0a\u0e35\u0e22\u0e07\u0e22\u0e37\u0e19", "addr:district:en": "Chiang Yuen", "addr:province": "\u0e21\u0e2b\u0e32\u0e2a\u0e32\u0e23\u0e04\u0e32\u0e21", "addr:province:en": "Maha Sarakham", "addr:subdistrict": "\u0e2b\u0e19\u0e2d\u0e07\u0e0b\u0e2d\u0e19", "addr:subdistrict:en": "Nong Son", "alt_name": "\u0e2a\u0e16\u0e32\u0e19\u0e35\u0e2d\u0e19\u0e32\u0e21\u0e31\u0e22\u0e2b\u0e19\u0e2d\u0e07\u0e0b\u0e2d\u0e19", "amenity": "clinic", "emergency": "no", "healthcare": "clinic", "name": "\u0e42\u0e23\u0e07\u0e1e\u0e22\u0e32\u0e1a\u0e32\u0e25\u0e2a\u0e48\u0e07\u0e40\u0e2a\u0e23\u0e34\u0e21\u0e2a\u0e38\u0e02\u0e20\u0e32\u0e1e\u0e15\u0e33\u0e1a\u0e25 \u0e2b\u0e19\u0e2d\u0e07\u0e0b\u0e2d\u0e19", "name:en": "Nong Son Subdistrict Health Promoting Hospital", "short_name": "\u0e23\u0e1e.\u0e2a\u0e15.\u0e2b\u0e19\u0e2d\u0e07\u0e0b\u0e2d\u0e19", "source": "Bing", "osm_id": 1802406246, "osm_type": "node"}, "geometry": {"type": "Point", "coordinates": [103.125379, 16.3447684]}}, {"type": "Feature", "properties": {"addr:district": "\u0e40\u0e0a\u0e35\u0e22\u0e07\u0e22\u0e37\u0e19", "addr:district:en": "Chiang Yuen", "addr:province": "\u0e21\u0e2b\u0e32\u0e2a\u0e32\u0e23\u0e04\u0e32\u0e21", "addr:province:en": "Maha Sarakham", "addr:subdistrict": "\u0e40\u0e0a\u0e35\u0e22\u0e07\u0e22\u0e37\u0e19", "addr:subdistrict:en": "Chiang Yuen", "amenity": "hospital", "name": "\u0e42\u0e23\u0e07\u0e1e\u0e22\u0e32\u0e1a\u0e32\u0e25 \u0e2d\u0e33\u0e40\u0e20\u0e2d\u0e40\u0e0a\u0e35\u0e22\u0e07\u0e22\u0e37\u0e19", "name:en": "Chiang Yuen District Hospital", "name:th": "\u0e42\u0e23\u0e07\u0e1e\u0e22\u0e32\u0e1a\u0e32\u0e25 \u0e2d\u0e33\u0e40\u0e20\u0e2d\u0e40\u0e0a\u0e35\u0e22\u0e07\u0e22\u0e37\u0e19", "source": "Bing; sign", "osm_id": 1802406247, "osm_type": "node"}, "geometry": {"type": "Point", "coordinates": [103.0987143, 16.4034324]}}, {"type": "Feature", "properties": {"is_in:country": "Thailand", "is_in:country_code": "TH", "is_in:iso_3166_2": "TH-40", "is_in:state": "Khon Kaen", "is_in:state_code": "40", "name": "\u0e1a\u0e49\u0e32\u0e19\u0e0a\u0e35\u0e01\u0e01\u0e04\u0e49\u0e2d", "name:en": "Ban Chi Kok Kho", "place": "village", "source": "Bing; sign", "osm_id": 1824952883, "osm_type": "node"}, "geometry": {"type": "Point", "coordinates": [102.6621688, 16.162577]}}, {"type": "Feature", "properties": {"is_in:country": "Thailand", "is_in:country_code": "TH", "is_in:iso_3166_2": "TH-40", "is_in:state": "Khon Kaen", "is_in:state_code": "40", "name": "\u0e1a\u0e49\u0e32\u0e19\u0e14\u0e38\u0e07", "name:en": "Ban Dung", "place": "village", "source": "Bing; sign", "osm_id": 1824952895, "osm_type": "node"}, "geometry": {"type": "Point", "coordinates": [102.7270115, 16.1756627]}}, {"type": "Feature", "properties": {"is_in:country": "Thailand", "is_in:country_code": "TH", "is_in:iso_3166_2": "TH-40", "is_in:state": "Khon Kaen", "is_in:state_code": "40", "name": "\u0e1a\u0e49\u0e32\u0e19\u0e1b\u0e48\u0e32\u0e21\u0e48\u0e27\u0e07", "name:en": "Ban Pa Muang", "place": "village", "source": "Bing; sign", "osm_id": 1824952897, "osm_type": "node"}, "geometry": {"type": "Point", "coordinates": [102.6913803, 16.2348124]}}, {"type": "Feature", "properties": {"is_in:country": "Thailand", "is_in:country_code": "TH", "is_in:iso_3166_2": "TH-40", "is_in:state": "Khon Kaen", "is_in:state_code": "40", "name": "\u0e1a\u0e49\u0e32\u0e19\u0e1b\u0e48\u0e32\u0e41\u0e14\u0e07", "name:en": "Ban Pa Daeng", "place": "village", "source": "Bing; sign", "osm_id": 1824952915, "osm_type": "node"}, "geometry": {"type": "Point", "coordinates": [102.6733782, 16.2086016]}}, {"type": "Feature", "properties": {"is_in:country": "Thailand", "is_in:country_code": "TH", "is_in:iso_3166_2": "TH-40", "is_in:state": "Khon Kaen", "is_in:state_code": "40", "name": "\u0e1a\u0e49\u0e32\u0e19\u0e2b\u0e19\u0e2d\u0e07\u0e21\u0e30\u0e40\u0e02\u0e37\u0e2d", "name:en": "Ban Nong Makhuea", "place": "village", "source": "Bing; sign", "osm_id": 1824952918, "osm_type": "node"}, "geometry": {"type": "Point", "coordinates": [102.7164764, 16.1949985]}}, {"type": "Feature", "properties": {"is_in:country": "Thailand", "is_in:country_code": "TH", "is_in:iso_3166_2": "TH-40", "is_in:state": "Khon Kaen", "is_in:state_code": "40", "name": "\u0e1a\u0e49\u0e32\u0e19\u0e40\u0e25\u0e47\u0e1a\u0e40\u0e07\u0e37\u0e2d\u0e01", "name:en": "Ban Lep Ngueak", "place": "village", "source": "Bing; sign", "osm_id": 1824952920, "osm_type": "node"}, "geometry": {"type": "Point", "coordinates": [102.7023709, 16.2068367]}}, {"type": "Feature", "properties": {"is_in:country": "Thailand", "is_in:country_code": "TH", "is_in:iso_3166_2": "TH-40", "is_in:state": "Khon Kaen", "is_in:state_code": "40", "name": "\u0e1a\u0e49\u0e32\u0e19\u0e42\u0e19\u0e19\u0e1e\u0e31\u0e19\u0e0a\u0e32\u0e15\u0e34", "name:en": "Ban Non Phan Chat", "place": "village", "source": "Bing; sign", "osm_id": 1824952939, "osm_type": "node"}, "geometry": {"type": "Point", "coordinates": [102.7141112, 16.2220884]}}, {"type": "Feature", "properties": {"addr:district": "\u0e1a\u0e49\u0e32\u0e19\u0e41\u0e2e\u0e14", "addr:district:en": "Ban Haet", "addr:province": "\u0e02\u0e2d\u0e19\u0e41\u0e01\u0e48\u0e19", "addr:province:en": "Khon Kaen", "addr:subdistrict": "\u0e42\u0e04\u0e01\u0e2a\u0e33\u0e23\u0e32\u0e0d", "addr:subdistrict:en": "Khok Samran", "alt_name": "\u0e2a\u0e16\u0e32\u0e19\u0e35\u0e2d\u0e19\u0e32\u0e21\u0e31\u0e22\u0e42\u0e04\u0e01\u0e2a\u0e33\u0e23\u0e32\u0e0d", "amenity": "clinic", "emergency": "no", "healthcare": "clinic", "name": "\u0e42\u0e23\u0e07\u0e1e\u0e22\u0e32\u0e1a\u0e32\u0e25\u0e2a\u0e48\u0e07\u0e40\u0e2a\u0e23\u0e34\u0e21\u0e2a\u0e38\u0e02\u0e20\u0e32\u0e1e\u0e15\u0e33\u0e1a\u0e25 \u0e42\u0e04\u0e01\u0e2a\u0e33\u0e23\u0e32\u0e0d", "name:en": "Khok Samran Subdistrict Health Promoting Hospital", "short_name": "\u0e23\u0e1e.\u0e2a\u0e15.\u0e42\u0e04\u0e01\u0e2a\u0e33\u0e23\u0e32\u0e0d", "source": "Bing; sign", "osm_id": 1824952960, "osm_type": "node"}, "geometry": {"type": "Point", "coordinates": [102.7007575, 16.1766195]}}, {"type": "Feature", "properties": {"addr:district": "\u0e1a\u0e49\u0e32\u0e19\u0e44\u0e1c\u0e48", "addr:district:en": "Ban Phai", "addr:hamlet": "\u0e2b\u0e21\u0e39\u0e48\u0e17\u0e35\u0e48 10", "addr:province": "\u0e02\u0e2d\u0e19\u0e41\u0e01\u0e48\u0e19", "addr:province:en": "Khon Kaen", "addr:subdistrict": "\u0e40\u0e21\u0e37\u0e2d\u0e07\u0e40\u0e1e\u0e35\u0e22", "addr:subdistrict:en": "Mueang Phia", "alt_name": "\u0e2a\u0e16\u0e32\u0e19\u0e35\u0e2d\u0e19\u0e32\u0e21\u0e31\u0e22\u0e1a\u0e49\u0e32\u0e19\u0e25\u0e30\u0e27\u0e49\u0e32", "amenity": "clinic", "emergency": "no", "healthcare": "clinic", "name": "\u0e42\u0e23\u0e07\u0e1e\u0e22\u0e32\u0e1a\u0e32\u0e25\u0e2a\u0e48\u0e07\u0e40\u0e2a\u0e23\u0e34\u0e21\u0e2a\u0e38\u0e02\u0e20\u0e32\u0e1e\u0e15\u0e33\u0e1a\u0e25 \u0e1a\u0e49\u0e32\u0e19\u0e25\u0e30\u0e27\u0e49\u0e32", "name:en": "Ban Lawa Subdistrict Health Promoting Hospital", "short_name": "\u0e23\u0e1e.\u0e2a\u0e15.\u0e1a\u0e49\u0e32\u0e19\u0e25\u0e30\u0e27\u0e49\u0e32", "source": "Bing; sign", "osm_id": 1824952963, "osm_type": "node"}, "geometry": {"type": "Point", "coordinates": [102.6505368, 16.130547]}}, {"type": "Feature", "properties": {"addr:district": "\u0e1a\u0e49\u0e32\u0e19\u0e41\u0e2e\u0e14", "addr:district:en": "Ban Haet", "addr:hamlet": "\u0e2b\u0e21\u0e39\u0e48\u0e17\u0e35\u0e48 4", "addr:province": "\u0e02\u0e2d\u0e19\u0e41\u0e01\u0e48\u0e19", "addr:province:en": "Khon Kaen", "addr:subdistrict": "\u0e42\u0e04\u0e01\u0e2a\u0e33\u0e23\u0e32\u0e0d", "addr:subdistrict:en": "Khok Samran", "alt_name": "\u0e2a\u0e16\u0e32\u0e19\u0e35\u0e2d\u0e19\u0e32\u0e21\u0e31\u0e22\u0e1a\u0e49\u0e32\u0e19\u0e40\u0e25\u0e47\u0e1a\u0e40\u0e07\u0e37\u0e2d\u0e01", "amenity": "clinic", "emergency": "no", "healthcare": "clinic", "name": "\u0e42\u0e23\u0e07\u0e1e\u0e22\u0e32\u0e1a\u0e32\u0e25\u0e2a\u0e48\u0e07\u0e40\u0e2a\u0e23\u0e34\u0e21\u0e2a\u0e38\u0e02\u0e20\u0e32\u0e1e\u0e15\u0e33\u0e1a\u0e25 \u0e1a\u0e49\u0e32\u0e19\u0e40\u0e25\u0e47\u0e1a\u0e40\u0e07\u0e37\u0e2d\u0e01", "name:en": "Ban Lep Ngueak Subdistrict Health Promoting Hospital", "short_name": "\u0e23\u0e1e.\u0e2a\u0e15.\u0e1a\u0e49\u0e32\u0e19\u0e40\u0e25\u0e47\u0e1a\u0e40\u0e07\u0e37\u0e2d\u0e01", "source": "Bing; sign", "osm_id": 1824952964, "osm_type": "node"}, "geometry": {"type": "Point", "coordinates": [102.6972504, 16.2077593]}}, {"type": "Feature", "properties": {"is_in:country": "Thailand", "is_in:country_code": "TH", "is_in:iso_3166_2": "TH-40", "is_in:state": "Khon Kaen", "is_in:state_code": "40", "name": "\u0e1a\u0e49\u0e32\u0e19\u0e01\u0e38\u0e14\u0e2b\u0e25\u0e48\u0e21", "name:en": "Ban Kut Lom", "place": "village", "source": "Bing; sign", "osm_id": 1825172632, "osm_type": "node"}, "geometry": {"type": "Point", "coordinates": [102.6268006, 16.1304068]}}, {"type": "Feature", "properties": {"is_in:country": "Thailand", "is_in:country_code": "TH", "is_in:iso_3166_2": "TH-40", "is_in:state": "Khon Kaen", "is_in:state_code": "40", "name": "\u0e1a\u0e49\u0e32\u0e19\u0e14\u0e2d\u0e19\u0e14\u0e39\u0e48", "name:en": "Ban Don Du", "place": "village", "source": "GPS; sign", "osm_id": 1825172636, "osm_type": "node"}, "geometry": {"type": "Point", "coordinates": [102.6373156, 16.10109]}}, {"type": "Feature", "properties": {"is_in:country": "Thailand", "is_in:country_code": "TH", "is_in:iso_3166_2": "TH-40", "is_in:state": "Khon Kaen", "is_in:state_code": "40", "name": "\u0e1a\u0e49\u0e32\u0e19\u0e17\u0e48\u0e32\u0e02\u0e48\u0e2d\u0e22", "name:en": "Ban Tha Khoi", "place": "village", "source": "Bing; sign", "osm_id": 1825172641, "osm_type": "node"}, "geometry": {"type": "Point", "coordinates": [102.5827232, 16.1114813]}}, {"type": "Feature", "properties": {"is_in:country": "Thailand", "is_in:country_code": "TH", "is_in:iso_3166_2": "TH-40", "is_in:state": "Khon Kaen", "is_in:state_code": "40", "name": "\u0e1a\u0e49\u0e32\u0e19\u0e17\u0e48\u0e32\u0e21\u0e48\u0e27\u0e07", "name:en": "Ban Tha Muang", "place": "village", "source": "Bing; sign", "osm_id": 1825172651, "osm_type": "node"}, "geometry": {"type": "Point", "coordinates": [102.6018289, 16.1201066]}}, {"type": "Feature", "properties": {"name": "\u0e1a\u0e49\u0e32\u0e19\u0e2b\u0e19\u0e2d\u0e07\u0e23\u0e49\u0e32\u0e19\u0e2b\u0e0d\u0e49\u0e32", "name:en": "Ban Nong Ran Ya", "name:th": "\u0e1a\u0e49\u0e32\u0e19\u0e2b\u0e19\u0e2d\u0e07\u0e23\u0e49\u0e32\u0e19\u0e2b\u0e0d\u0e49\u0e32", "place": "village", "source": "Bing; sign", "osm_id": 1825172752, "osm_type": "node"}, "geometry": {"type": "Point", "coordinates": [102.6935464, 16.0676688]}}, {"type": "Feature", "properties": {"is_in:country": "Thailand", "is_in:country_code": "TH", "is_in:iso_3166_2": "TH-40", "is_in:state": "Khon Kaen", "is_in:state_code": "40", "name": "\u0e1a\u0e49\u0e49\u0e32\u0e19\u0e2b\u0e19\u0e2d\u0e07\u0e2b\u0e27\u0e32\u0e22", "name:en": "Ban Nong Lai", "place": "village", "source": "Bing; sign", "osm_id": 1825172754, "osm_type": "node"}, "geometry": {"type": "Point", "coordinates": [102.615162, 16.1277986]}}, {"type": "Feature", "properties": {"capital_level": "8", "is_in:country": "Thailand", "is_in:country_code": "TH", "is_in:iso_3166_2": "TH-40", "is_in:state": "Khon Kaen", "is_in:state_code": "40", "name": "\u0e1a\u0e49\u0e32\u0e19\u0e2b\u0e31\u0e27\u0e2b\u0e19\u0e2d\u0e07", "name:en": "Ban Hua Nong", "place": "village", "source": "Bing; sign", "osm_id": 1825172762, "osm_type": "node"}, "geometry": {"type": "Point", "coordinates": [102.7029178, 16.0418731]}}, {"type": "Feature", "properties": {"addr:district": "\u0e0a\u0e19\u0e1a\u0e17", "addr:district:en": "Chonnabot", "addr:hamlet": "\u0e2b\u0e21\u0e39\u0e48\u0e17\u0e35\u0e48 11", "addr:province": "\u0e02\u0e2d\u0e19\u0e41\u0e01\u0e48\u0e19", "addr:province:en": "Khon Kaen", "addr:subdistrict": "\u0e28\u0e23\u0e35\u0e1a\u0e38\u0e0d\u0e40\u0e23\u0e37\u0e2d\u0e07", "addr:subdistrict:en": "Si Bun Rueang", "alt_name": "\u0e2a\u0e16\u0e32\u0e19\u0e35\u0e2d\u0e19\u0e32\u0e21\u0e31\u0e22\u0e28\u0e23\u0e35\u0e1a\u0e38\u0e0d\u0e40\u0e23\u0e37\u0e2d\u0e07", "amenity": "clinic", "emergency": "no", "healthcare": "clinic", "name": "\u0e42\u0e23\u0e07\u0e1e\u0e22\u0e32\u0e1a\u0e32\u0e25\u0e2a\u0e48\u0e07\u0e40\u0e2a\u0e23\u0e34\u0e21\u0e2a\u0e38\u0e02\u0e20\u0e32\u0e1e\u0e15\u0e33\u0e1a\u0e25 \u0e28\u0e23\u0e35\u0e1a\u0e38\u0e0d\u0e40\u0e23\u0e37\u0e2d\u0e07", "name:en": "Si Bun Rueang Subdistrict Health Promoting Hospital", "short_name": "\u0e23\u0e1e.\u0e2a\u0e15.\u0e28\u0e23\u0e35\u0e1a\u0e38\u0e0d\u0e40\u0e23\u0e37\u0e2d\u0e07", "source": "Bing; sign", "osm_id": 1825172778, "osm_type": "node"}, "geometry": {"type": "Point", "coordinates": [102.6062459, 16.1204874]}}, {"type": "Feature", "properties": {"addr:district": "\u0e1a\u0e49\u0e32\u0e19\u0e44\u0e1c\u0e48", "addr:district:en": "Ban Phai", "addr:hamlet": "\u0e2b\u0e21\u0e39\u0e48\u0e17\u0e35\u0e48 1", "addr:province": "\u0e02\u0e2d\u0e19\u0e41\u0e01\u0e48\u0e19", "addr:province:en": "Khon Kaen", "addr:subdistrict": "\u0e2b\u0e31\u0e27\u0e2b\u0e19\u0e2d\u0e07", "addr:subdistrict:en": "Hua Nong", "alt_name": "\u0e2a\u0e16\u0e32\u0e19\u0e35\u0e2d\u0e19\u0e32\u0e21\u0e31\u0e22\u0e2b\u0e31\u0e27\u0e2b\u0e19\u0e2d\u0e07", "amenity": "clinic", "emergency": "no", "healthcare": "clinic", "name": "\u0e42\u0e23\u0e07\u0e1e\u0e22\u0e32\u0e1a\u0e32\u0e25\u0e2a\u0e48\u0e07\u0e40\u0e2a\u0e23\u0e34\u0e21\u0e2a\u0e38\u0e02\u0e20\u0e32\u0e1e\u0e15\u0e33\u0e1a\u0e25 \u0e2b\u0e31\u0e27\u0e2b\u0e19\u0e2d\u0e07", "name:en": "Hua Nong Subdistrict Health Promoting Hospital", "short_name": "\u0e23\u0e1e.\u0e2a\u0e15.\u0e2b\u0e31\u0e27\u0e2b\u0e19\u0e2d\u0e07", "source": "Bing; sign", "osm_id": 1825172780, "osm_type": "node"}, "geometry": {"type": "Point", "coordinates": [102.703303, 16.0435606]}}, {"type": "Feature", "properties": {"addr:district": "\u0e0a\u0e19\u0e1a\u0e17", "addr:district:en": "Chonnabot", "addr:hamlet": "\u0e2b\u0e21\u0e39\u0e48\u0e17\u0e35\u0e48 10", "addr:province": "\u0e02\u0e2d\u0e19\u0e41\u0e01\u0e48\u0e19", "addr:province:en": "Khon Kaen", "addr:subdistrict": "\u0e28\u0e23\u0e35\u0e1a\u0e38\u0e0d\u0e40\u0e23\u0e37\u0e2d\u0e07", "addr:subdistrict:en": "Si Bun Rueang", "alt_name": "\u0e2a\u0e16\u0e32\u0e19\u0e35\u0e2d\u0e19\u0e32\u0e21\u0e31\u0e22\u0e1a\u0e49\u0e32\u0e19\u0e14\u0e2d\u0e19\u0e14\u0e39\u0e48", "amenity": "clinic", "emergency": "no", "healthcare": "clinic", "name": "\u0e42\u0e23\u0e07\u0e1e\u0e22\u0e32\u0e1a\u0e32\u0e25\u0e2a\u0e48\u0e07\u0e40\u0e2a\u0e23\u0e34\u0e21\u0e2a\u0e38\u0e02\u0e20\u0e32\u0e1e\u0e15\u0e33\u0e1a\u0e25 \u0e1a\u0e49\u0e32\u0e19\u0e14\u0e2d\u0e19\u0e14\u0e39\u0e48", "name:en": "Ban Don Du Subdistrict Health Promoting Hospital", "short_name": "\u0e23\u0e1e.\u0e2a\u0e15.\u0e1a\u0e49\u0e32\u0e19\u0e14\u0e2d\u0e19\u0e14\u0e39\u0e48", "source": "GPS; sign", "osm_id": 1825172786, "osm_type": "node"}, "geometry": {"type": "Point", "coordinates": [102.6351601, 16.0995768]}}, {"type": "Feature", "properties": {"addr:district": "\u0e1a\u0e49\u0e32\u0e19\u0e44\u0e1c\u0e48", "addr:district:en": "Ban Phai", "addr:province": "\u0e02\u0e2d\u0e19\u0e41\u0e01\u0e48\u0e19", "addr:province:en": "Khon Kaen", "addr:subdistrict": "\u0e43\u0e19\u0e40\u0e21\u0e37\u0e2d\u0e07", "addr:subdistrict:en": "Nai Mueang", "amenity": "hospital", "name": "\u0e42\u0e23\u0e07\u0e1e\u0e22\u0e32\u0e1a\u0e32\u0e25\u0e1a\u0e49\u0e32\u0e19\u0e40\u0e01\u0e34\u0e49\u0e07", "name:en": "Ban Koeng Hospital", "source": "Bing; sign", "osm_id": 1825172788, "osm_type": "node"}, "geometry": {"type": "Point", "coordinates": [102.7152971, 16.0782595]}}, {"type": "Feature", "properties": {"addr:district": "\u0e0a\u0e19\u0e1a\u0e17", "addr:district:en": "Chonnabot", "addr:hamlet": "\u0e2b\u0e21\u0e39\u0e48\u0e17\u0e35\u0e48 10", "addr:province": "\u0e02\u0e2d\u0e19\u0e41\u0e01\u0e48\u0e19", "addr:province:en": "Khon Kaen", "addr:subdistrict": "\u0e28\u0e23\u0e35\u0e1a\u0e38\u0e0d\u0e40\u0e23\u0e37\u0e2d\u0e07", "addr:subdistrict:en": "Si Bun Rueang", "amenity": "school", "name": "\u0e42\u0e23\u0e07\u0e40\u0e23\u0e35\u0e22\u0e19\u0e1a\u0e49\u0e32\u0e19\u0e14\u0e2d\u0e19\u0e14\u0e39\u0e48\u0e04\u0e38\u0e23\u0e38\u0e23\u0e32\u0e29\u0e0e\u0e23\u0e4c\u0e1a\u0e33\u0e23\u0e38\u0e07", "name:en": "Ban Don Du Khuru Rat Bamrung School", "source": "GPS; sign", "osm_id": 1825172792, "osm_type": "node"}, "geometry": {"type": "Point", "coordinates": [102.6360192, 16.1004376]}}, {"type": "Feature", "properties": {"is_in:country": "Thailand", "is_in:country_code": "TH", "is_in:iso_3166_2": "TH-40", "is_in:state": "Khon Kaen", "is_in:state_code": "40", "name": "\u0e1a\u0e49\u0e32\u0e19\u0e01\u0e2d\u0e1a\u0e07", "name:en": "Ban Ko Bong", "place": "village", "source": "Bing; sign", "osm_id": 1826020510, "osm_type": "node"}, "geometry": {"type": "Point", "coordinates": [102.7166086, 16.106071]}}, {"type": "Feature", "properties": {"name": "\u0e1a\u0e49\u0e32\u0e19\u0e01\u0e38\u0e14\u0e40\u0e1b\u0e48\u0e07", "name:en": "Ban Kut Peng", "name:th": "\u0e1a\u0e49\u0e32\u0e19\u0e01\u0e38\u0e14\u0e40\u0e1b\u0e48\u0e07", "place": "village", "source": "Bing; sign", "osm_id": 1826020525, "osm_type": "node"}, "geometry": {"type": "Point", "coordinates": [102.7022209, 16.112899]}}, {"type": "Feature", "properties": {"is_in:country": "Thailand", "is_in:country_code": "TH", "is_in:iso_3166_2": "TH-40", "is_in:state": "Khon Kaen", "is_in:state_code": "40", "name": "\u0e1a\u0e49\u0e32\u0e19\u0e14\u0e2d\u0e19\u0e19\u0e32\u0e14\u0e35", "name:en": "Ban Don Na Di", "place": "village", "source": "Bing; sign", "osm_id": 1826020549, "osm_type": "node"}, "geometry": {"type": "Point", "coordinates": [102.7271227, 16.1363777]}}, {"type": "Feature", "properties": {"addr:postcode": "40110", "is_in:country": "Thailand", "is_in:country_code": "TH", "is_in:iso_3166_2": "TH-40", "is_in:state": "Khon Kaen", "is_in:state_code": "40", "name": "\u0e1a\u0e49\u0e32\u0e19\u0e17\u0e32\u0e07\u0e1e\u0e32\u0e14\u0e1b\u0e2d\u0e41\u0e14\u0e07", "name:en": "Ban Thang Phat Po Daeng", "place": "village", "source": "Bing; sign", "osm_id": 1826020565, "osm_type": "node"}, "geometry": {"type": "Point", "coordinates": [102.7485548, 16.1474009]}}, {"type": "Feature", "properties": {"is_in:country": "Thailand", "is_in:country_code": "TH", "is_in:iso_3166_2": "TH-40", "is_in:state": "Khon Kaen", "is_in:state_code": "40", "name": "\u0e1a\u0e49\u0e32\u0e19\u0e18\u0e32\u0e15\u0e38", "name:en": "Ban That", "place": "village", "source": "Bing; sign", "osm_id": 1826020597, "osm_type": "node"}, "geometry": {"type": "Point", "coordinates": [102.701837, 16.1237778]}}, {"type": "Feature", "properties": {"is_in:country": "Thailand", "is_in:country_code": "TH", "is_in:iso_3166_2": "TH-40", "is_in:state": "Khon Kaen", "is_in:state_code": "40", "name": "\u0e1a\u0e49\u0e32\u0e19\u0e1b\u0e48\u0e32\u0e41\u0e14\u0e07", "name:en": "Ban Pa Daeng", "place": "village", "source": "Bing; sign", "osm_id": 1826020607, "osm_type": "node"}, "geometry": {"type": "Point", "coordinates": [102.7012303, 16.1294225]}}, {"type": "Feature", "properties": {"is_in:country": "Thailand", "is_in:country_code": "TH", "is_in:iso_3166_2": "TH-40", "is_in:state": "Khon Kaen", "is_in:state_code": "40", "name": "\u0e1a\u0e49\u0e32\u0e19\u0e2b\u0e19\u0e2d\u0e07\u0e1c\u0e31\u0e01\u0e15\u0e1a", "name:en": "Ban Nong Phak Top", "place": "village", "source": "Bing; sign", "osm_id": 1826020619, "osm_type": "node"}, "geometry": {"type": "Point", "coordinates": [102.7443379, 16.2355614]}}, {"type": "Feature", "properties": {"is_in:country": "Thailand", "is_in:country_code": "TH", "is_in:iso_3166_2": "TH-40", "is_in:state": "Khon Kaen", "is_in:state_code": "40", "name": "\u0e1a\u0e49\u0e32\u0e19\u0e2b\u0e19\u0e2d\u0e07\u0e1c\u0e37\u0e2d", "name:en": "Ban Nong Phue", "place": "village", "source": "Bing; sign", "osm_id": 1826020647, "osm_type": "node"}, "geometry": {"type": "Point", "coordinates": [102.7148516, 16.1008461]}}, {"type": "Feature", "properties": {"name": "\u0e1a\u0e49\u0e32\u0e19\u0e40\u0e1b\u0e49\u0e32", "name:en": "Ban Pao", "name:th": "\u0e1a\u0e49\u0e32\u0e19\u0e40\u0e1b\u0e49\u0e32", "place": "village", "source": "Bing; sign", "osm_id": 1826020655, "osm_type": "node"}, "geometry": {"type": "Point", "coordinates": [102.6955773, 16.1121017]}}, {"type": "Feature", "properties": {"is_in:country": "Thailand", "is_in:country_code": "TH", "is_in:iso_3166_2": "TH-40", "is_in:state": "Khon Kaen", "is_in:state_code": "40", "name": "\u0e1a\u0e49\u0e32\u0e19\u0e42\u0e04\u0e01\u0e2a\u0e39\u0e07", "name:en": "Ban Khok Sung", "place": "village", "source": "Bing; sign", "osm_id": 1826020687, "osm_type": "node"}, "geometry": {"type": "Point", "coordinates": [102.7089286, 16.1236737]}}, {"type": "Feature", "properties": {"is_in:country": "Thailand", "is_in:country_code": "TH", "is_in:iso_3166_2": "TH-40", "is_in:state": "Khon Kaen", "is_in:state_code": "40", "name": "\u0e1a\u0e49\u0e32\u0e19\u0e42\u0e19\u0e19\u0e25\u0e30\u0e21\u0e48\u0e2d\u0e21", "name:en": "Ban Non Lamom", "place": "village", "source": "Bing; sign", "osm_id": 1826020694, "osm_type": "node"}, "geometry": {"type": "Point", "coordinates": [102.6937951, 16.1176612]}}, {"type": "Feature", "properties": {"capital_level": "8", "is_in:country": "Thailand", "is_in:country_code": "TH", "is_in:iso_3166_2": "TH-40", "is_in:state": "Khon Kaen", "is_in:state_code": "40", "name": "\u0e1a\u0e49\u0e32\u0e19\u0e42\u0e19\u0e19\u0e2a\u0e21\u0e1a\u0e39\u0e23\u0e13\u0e4c", "name:en": "Ban Non Sombun", "place": "village", "source": "Bing; sign", "osm_id": 1826020699, "osm_type": "node"}, "geometry": {"type": "Point", "coordinates": [102.7593816, 16.2507224]}}, {"type": "Feature", "properties": {"addr:district": "\u0e1a\u0e49\u0e32\u0e19\u0e44\u0e1c\u0e48", "addr:district:en": "Ban Phai", "addr:hamlet": "\u0e2b\u0e21\u0e39\u0e48\u0e17\u0e35\u0e48 5", "addr:province": "\u0e02\u0e2d\u0e19\u0e41\u0e01\u0e48\u0e19", "addr:province:en": "Khon Kaen", "addr:subdistrict": "\u0e1a\u0e49\u0e32\u0e19\u0e44\u0e1c\u0e48", "addr:subdistrict:en": "Ban Phai", "alt_name": "\u0e2a\u0e16\u0e32\u0e19\u0e35\u0e2d\u0e19\u0e32\u0e21\u0e31\u0e22\u0e1a\u0e49\u0e32\u0e19\u0e18\u0e32\u0e15\u0e38", "amenity": "clinic", "emergency": "no", "healthcare": "clinic", "name": "\u0e42\u0e23\u0e07\u0e1e\u0e22\u0e32\u0e1a\u0e32\u0e25\u0e2a\u0e48\u0e07\u0e40\u0e2a\u0e23\u0e34\u0e21\u0e2a\u0e38\u0e02\u0e20\u0e32\u0e1e\u0e15\u0e33\u0e1a\u0e25 \u0e1a\u0e49\u0e32\u0e19\u0e18\u0e32\u0e15\u0e38", "name:en": "Ban That Subdistrict Health Promoting Hospital", "short_name": "\u0e23\u0e1e.\u0e2a\u0e15.\u0e1a\u0e49\u0e32\u0e19\u0e18\u0e32\u0e15\u0e38", "source": "Bing; sign", "osm_id": 1826020736, "osm_type": "node"}, "geometry": {"type": "Point", "coordinates": [102.7011601, 16.1231777]}}, {"type": "Feature", "properties": {"is_in:country_code": "TH", "is_in:iso_3166_2": "TH-44", "is_in:state": "Maha Sarakham", "is_in:state_code": "44", "name": "\u0e1a\u0e49\u0e32\u0e19\u0e14\u0e2d\u0e19\u0e15\u0e39\u0e21", "name:en": "Ban Don Tum", "place": "village", "source": "Bing; sign", "osm_id": 1829354297, "osm_type": "node"}, "geometry": {"type": "Point", "coordinates": [103.0741052, 16.2159949]}}, {"type": "Feature", "properties": {"is_in:country": "Thailand", "is_in:country_code": "TH", "is_in:iso_3166_2": "TH-40", "is_in:state": "Khon Kaen", "is_in:state_code": "40", "name": "\u0e1a\u0e49\u0e32\u0e19\u0e14\u0e07\u0e01\u0e25\u0e32\u0e07", "name:en": "Ban Dong Klang", "place": "village", "source": "Bing; sign", "osm_id": 1830464088, "osm_type": "node"}, "geometry": {"type": "Point", "coordinates": [102.74276, 16.2865713]}}, {"type": "Feature", "properties": {"is_in:country": "Thailand", "is_in:country_code": "TH", "is_in:iso_3166_2": "TH-40", "is_in:state": "Khon Kaen", "is_in:state_code": "40", "name": "\u0e1a\u0e49\u0e32\u0e19\u0e14\u0e07\u0e40\u0e01\u0e48\u0e32", "name:en": "Ban Dong Kao", "place": "village", "source": "Bing; sign", "osm_id": 1830464089, "osm_type": "node"}, "geometry": {"type": "Point", "coordinates": [102.7484398, 16.2887138]}}, {"type": "Feature", "properties": {"addr:district": "\u0e1e\u0e23\u0e30\u0e22\u0e37\u0e19", "addr:district:en": "Phra Yuen", "addr:hamlet": "\u0e2b\u0e21\u0e39\u0e48\u0e17\u0e35\u0e48 1", "addr:province": "\u0e08\u0e31\u0e07\u0e2b\u0e27\u0e31\u0e14\u0e02\u0e2d\u0e19\u0e41\u0e01\u0e48\u0e19", "addr:province:en": "Khon Kaen Province", "addr:subdistrict": "\u0e1e\u0e23\u0e30\u0e1a\u0e38", "addr:subdistrict:en": "Phra Bu", "name": "\u0e1a\u0e49\u0e32\u0e19\u0e1e\u0e23\u0e30\u0e1a\u0e38 \u0e2b\u0e21\u0e39\u0e48\u0e48 1", "name:en": "Ban Phra Bu Mu 1", "place": "hamlet", "source": "Bing; sign", "osm_id": 1830464093, "osm_type": "node"}, "geometry": {"type": "Point", "coordinates": [102.6912943, 16.2725337]}}, {"type": "Feature", "properties": {"addr:district": "\u0e1e\u0e23\u0e30\u0e22\u0e37\u0e19", "addr:district:en": "Phra Yuen", "addr:hamlet": "\u0e2b\u0e21\u0e39\u0e48\u0e17\u0e35\u0e48 2", "addr:province": "\u0e08\u0e31\u0e07\u0e2b\u0e27\u0e31\u0e14\u0e02\u0e2d\u0e19\u0e41\u0e01\u0e48\u0e19", "addr:province:en": "Khon Kaen Province", "addr:subdistrict": "\u0e1e\u0e23\u0e30\u0e1a\u0e38", "addr:subdistrict:en": "Phra Bu", "name": "\u0e1a\u0e49\u0e32\u0e19\u0e1e\u0e23\u0e30\u0e1a\u0e38 \u0e2b\u0e21\u0e39\u0e48\u0e48 2", "name:en": "Ban Phra Bu Mu 2", "place": "hamlet", "source": "Bing; sign", "osm_id": 1830464096, "osm_type": "node"}, "geometry": {"type": "Point", "coordinates": [102.6872099, 16.2721422]}}, {"type": "Feature", "properties": {"is_in:country": "Thailand", "is_in:country_code": "TH", "is_in:iso_3166_2": "TH-40", "is_in:state": "Khon Kaen", "is_in:state_code": "40", "name": "\u0e1a\u0e49\u0e32\u0e19\u0e2b\u0e31\u0e19", "name:en": "Ban Han", "place": "village", "source": "Bing; sign", "osm_id": 1830464097, "osm_type": "node"}, "geometry": {"type": "Point", "coordinates": [102.6841546, 16.2665119]}}, {"type": "Feature", "properties": {"addr:district": "\u0e1e\u0e23\u0e30\u0e22\u0e37\u0e19", "addr:district:en": "Phra Yuen", "addr:hamlet": "\u0e2b\u0e21\u0e39\u0e48\u0e17\u0e35\u0e48 8", "addr:postcode": "40320", "addr:province": "\u0e02\u0e2d\u0e19\u0e41\u0e01\u0e48\u0e19", "addr:province:en": "Khon Kaen", "addr:subdistrict": "\u0e1a\u0e49\u0e32\u0e19\u0e42\u0e15\u0e49\u0e19", "addr:subdistrict:en": "Ban Ton", "alt_name": "\u0e2a\u0e16\u0e32\u0e19\u0e35\u0e2d\u0e19\u0e32\u0e21\u0e31\u0e22\u0e1a\u0e49\u0e32\u0e19\u0e42\u0e15\u0e49\u0e19", "amenity": "clinic", "emergency": "no", "healthcare": "clinic", "name": "\u0e42\u0e23\u0e07\u0e1e\u0e22\u0e32\u0e1a\u0e32\u0e25\u0e2a\u0e48\u0e07\u0e40\u0e2a\u0e23\u0e34\u0e21\u0e2a\u0e38\u0e02\u0e20\u0e32\u0e1e\u0e15\u0e33\u0e1a\u0e25 \u0e1a\u0e49\u0e32\u0e19\u0e42\u0e15\u0e49\u0e19", "name:en": "Ban Ton Subdistrict Health Promoting Hospital", "short_name": "\u0e23\u0e1e.\u0e2a\u0e15.\u0e1a\u0e49\u0e32\u0e19\u0e42\u0e15\u0e49\u0e19", "source": "Bing; sign", "osm_id": 1830464109, "osm_type": "node"}, "geometry": {"type": "Point", "coordinates": [102.735771, 16.2797923]}}, {"type": "Feature", "properties": {"addr:district": "\u0e1e\u0e23\u0e30\u0e22\u0e37\u0e19", "addr:district:en": "Phra Yuen", "addr:hamlet": "\u0e2b\u0e21\u0e39\u0e48\u0e17\u0e35\u0e48 1", "addr:province": "\u0e02\u0e2d\u0e19\u0e41\u0e01\u0e48\u0e19", "addr:province:en": "Khon Kaen", "addr:subdistrict": "\u0e1e\u0e23\u0e30\u0e1a\u0e38", "addr:subdistrict:en": "Phra Bu", "alt_name": "\u0e2a\u0e16\u0e32\u0e19\u0e35\u0e2d\u0e19\u0e32\u0e21\u0e31\u0e22\u0e1e\u0e23\u0e30\u0e1a\u0e38", "amenity": "clinic", "emergency": "no", "healthcare": "clinic", "name": "\u0e42\u0e23\u0e07\u0e1e\u0e22\u0e32\u0e1a\u0e32\u0e25\u0e2a\u0e48\u0e07\u0e40\u0e2a\u0e23\u0e34\u0e21\u0e2a\u0e38\u0e02\u0e20\u0e32\u0e1e\u0e15\u0e33\u0e1a\u0e25 \u0e1e\u0e23\u0e30\u0e1a\u0e38", "name:en": "Phra Bu Subdistrict Health Promoting Hospital", "short_name": "\u0e23\u0e1e.\u0e2a\u0e15.\u0e1e\u0e23\u0e30\u0e1a\u0e38", "source": "Bing; sign", "osm_id": 1830464111, "osm_type": "node"}, "geometry": {"type": "Point", "coordinates": [102.6945839, 16.2693174]}}, {"type": "Feature", "properties": {"addr:district": "\u0e1a\u0e49\u0e32\u0e19\u0e41\u0e2e\u0e14", "addr:district:en": "Ban Haet", "addr:hamlet": "\u0e2b\u0e21\u0e39\u0e48\u0e17\u0e35\u0e48 1", "addr:province": "\u0e02\u0e2d\u0e19\u0e41\u0e01\u0e48\u0e19", "addr:province:en": "Khon Kaen", "addr:subdistrict": "\u0e42\u0e19\u0e19\u0e2a\u0e21\u0e1a\u0e39\u0e23\u0e13\u0e4c", "addr:subdistrict:en": "Non Sombun", "alt_name": "\u0e2a\u0e16\u0e32\u0e19\u0e35\u0e2d\u0e19\u0e32\u0e21\u0e31\u0e22\u0e42\u0e19\u0e19\u0e2a\u0e21\u0e1a\u0e39\u0e23\u0e13\u0e4c", "amenity": "clinic", "emergency": "no", "healthcare": "clinic", "name": "\u0e42\u0e23\u0e07\u0e1e\u0e22\u0e32\u0e1a\u0e32\u0e25\u0e2a\u0e48\u0e07\u0e40\u0e2a\u0e23\u0e34\u0e21\u0e2a\u0e38\u0e02\u0e20\u0e32\u0e1e\u0e15\u0e33\u0e1a\u0e25 \u0e42\u0e19\u0e19\u0e2a\u0e21\u0e1a\u0e39\u0e23\u0e13\u0e4c", "name:en": "Non Sombun Subdistrict Health Promoting Hospital", "short_name": "\u0e23\u0e1e.\u0e2a\u0e15.\u0e42\u0e19\u0e19\u0e2a\u0e21\u0e1a\u0e39\u0e23\u0e13\u0e4c", "source": "Bing; sign", "osm_id": 1830464114, "osm_type": "node"}, "geometry": {"type": "Point", "coordinates": [102.7777065, 16.2735718]}}, {"type": "Feature", "properties": {"is_in:country": "Thailand", "is_in:country_code": "TH", "is_in:iso_3166_2": "TH-40", "is_in:state": "Khon Kaen", "is_in:state_code": "40", "name": "\u0e1a\u0e49\u0e32\u0e19\u0e01\u0e38\u0e14\u0e02\u0e2d\u0e19\u0e41\u0e01\u0e48\u0e19", "name:en": "Ban Kut Khon Kaen", "place": "village", "source": "Bing; sign", "osm_id": 1831975808, "osm_type": "node"}, "geometry": {"type": "Point", "coordinates": [102.5060946, 16.2636496]}}, {"type": "Feature", "properties": {"addr:district": "\u0e21\u0e31\u0e0d\u0e08\u0e32\u0e04\u0e35\u0e23\u0e35", "addr:district:en": "Mancha Khiri", "addr:hamlet": "\u0e2b\u0e21\u0e39\u0e48\u0e17\u0e35\u0e48 10", "addr:province": "\u0e08\u0e31\u0e07\u0e2b\u0e27\u0e31\u0e14\u0e02\u0e2d\u0e19\u0e41\u0e01\u0e48\u0e19", "addr:province:en": "Khon Kaen Province", "addr:subdistrict": "\u0e42\u0e1e\u0e19\u0e40\u0e1e\u0e47\u0e01", "addr:subdistrict:en": "Phon Phek", "name": "\u0e1a\u0e49\u0e32\u0e19\u0e02\u0e32\u0e21\u0e1b\u0e49\u0e2d\u0e21 \u0e2b\u0e21\u0e39\u0e48 10", "name:en": "Ban Kham Pom Mu 10", "place": "hamlet", "source": "Bing; sign", "osm_id": 1831975809, "osm_type": "node"}, "geometry": {"type": "Point", "coordinates": [102.5528597, 16.2673147]}}, {"type": "Feature", "properties": {"addr:district": "\u0e21\u0e31\u0e0d\u0e08\u0e32\u0e04\u0e35\u0e23\u0e35", "addr:district:en": "Mancha Khiri", "addr:hamlet": "\u0e2b\u0e21\u0e39\u0e48\u0e17\u0e35\u0e48 15", "addr:province": "\u0e08\u0e31\u0e07\u0e2b\u0e27\u0e31\u0e14\u0e02\u0e2d\u0e19\u0e41\u0e01\u0e48\u0e19", "addr:province:en": "Khon Kaen Province", "addr:subdistrict": "\u0e42\u0e1e\u0e19\u0e40\u0e1e\u0e47\u0e01", "addr:subdistrict:en": "Phon Phek", "name": "\u0e1a\u0e49\u0e32\u0e19\u0e02\u0e32\u0e21\u0e1b\u0e49\u0e2d\u0e21 \u0e2b\u0e21\u0e39\u0e48 15", "name:en": "Ban Kham Pom Mu 15", "place": "hamlet", "source": "Bing; sign", "osm_id": 1831975810, "osm_type": "node"}, "geometry": {"type": "Point", "coordinates": [102.5526498, 16.264659]}}, {"type": "Feature", "properties": {"is_in:country": "Thailand", "is_in:country_code": "TH", "is_in:iso_3166_2": "TH-40", "is_in:state": "Khon Kaen", "is_in:state_code": "40", "name": "\u0e1a\u0e49\u0e32\u0e19\u0e1a\u0e39\u0e23\u0e13\u0e30", "name:en": "Ban Burana", "place": "village", "source": "Bing; sign", "osm_id": 1831975811, "osm_type": "node"}, "geometry": {"type": "Point", "coordinates": [102.5185163, 16.2374991]}}, {"type": "Feature", "properties": {"is_in:country": "Thailand", "is_in:country_code": "TH", "is_in:iso_3166_2": "TH-40", "is_in:state": "Khon Kaen", "is_in:state_code": "40", "name": "\u0e1a\u0e49\u0e32\u0e19\u0e1b\u0e48\u0e32\u0e14\u0e39\u0e48", "name:en": "Ban Pa Du", "place": "village", "source": "Bing; sign", "osm_id": 1831975812, "osm_type": "node"}, "geometry": {"type": "Point", "coordinates": [102.4873998, 16.2685689]}}, {"type": "Feature", "properties": {"is_in:country": "Thailand", "is_in:country_code": "TH", "is_in:iso_3166_2": "TH-40", "is_in:state": "Khon Kaen", "is_in:state_code": "40", "name": "\u0e1a\u0e49\u0e32\u0e19\u0e1b\u0e48\u0e32\u0e14\u0e39\u0e48", "name:en": "Ban Pa Du", "place": "village", "source": "Bing; sign", "osm_id": 1831975813, "osm_type": "node"}, "geometry": {"type": "Point", "coordinates": [102.5002224, 16.2705412]}}, {"type": "Feature", "properties": {"addr:district": "\u0e1e\u0e23\u0e30\u0e22\u0e37\u0e19", "addr:district:en": "Phra Yuen", "addr:hamlet": "\u0e2b\u0e21\u0e39\u0e48\u0e17\u0e35\u0e48 10", "addr:province": "\u0e08\u0e31\u0e07\u0e2b\u0e27\u0e31\u0e14\u0e02\u0e2d\u0e19\u0e41\u0e01\u0e48\u0e19", "addr:province:en": "Khon Kaen Province", "addr:subdistrict": "\u0e1e\u0e23\u0e30\u0e22\u0e37\u0e19", "addr:subdistrict:en": "Phra Yuen", "name": "\u0e1a\u0e49\u0e32\u0e19\u0e1b\u0e48\u0e32\u0e2a\u0e48\u0e32\u0e19 \u0e2b\u0e21\u0e39\u0e48 10", "name:en": "Ban Pa San Mu 10", "place": "hamlet", "source": "Bing; sign", "osm_id": 1831975814, "osm_type": "node"}, "geometry": {"type": "Point", "coordinates": [102.617451, 16.3006368]}}, {"type": "Feature", "properties": {"addr:district": "\u0e1e\u0e23\u0e30\u0e22\u0e37\u0e19", "addr:district:en": "Phra Yuen", "addr:hamlet": "\u0e2b\u0e21\u0e39\u0e48\u0e17\u0e35\u0e48 9", "addr:province": "\u0e08\u0e31\u0e07\u0e2b\u0e27\u0e31\u0e14\u0e02\u0e2d\u0e19\u0e41\u0e01\u0e48\u0e19", "addr:province:en": "Khon Kaen Province", "addr:subdistrict": "\u0e1e\u0e23\u0e30\u0e22\u0e37\u0e19", "addr:subdistrict:en": "Phra Yuen", "name": "\u0e1a\u0e49\u0e32\u0e19\u0e1b\u0e48\u0e32\u0e2a\u0e48\u0e32\u0e19 \u0e2b\u0e21\u0e39\u0e48 9", "name:en": "Ban Pa San Mu 9", "place": "hamlet", "source": "Bing; sign", "osm_id": 1831975815, "osm_type": "node"}, "geometry": {"type": "Point", "coordinates": [102.616624, 16.2951319]}}, {"type": "Feature", "properties": {"is_in:country": "Thailand", "is_in:country_code": "TH", "is_in:iso_3166_2": "TH-40", "is_in:state": "Khon Kaen", "is_in:state_code": "40", "name": "\u0e1a\u0e49\u0e32\u0e19\u0e2b\u0e19\u0e2d\u0e07\u0e02\u0e32\u0e21", "name:en": "Ban Nong Kham", "place": "village", "source": "Bing; sign", "osm_id": 1831975816, "osm_type": "node"}, "geometry": {"type": "Point", "coordinates": [102.5014398, 16.2484296]}}, {"type": "Feature", "properties": {"is_in:country": "Thailand", "is_in:country_code": "TH", "is_in:iso_3166_2": "TH-40", "is_in:state": "Khon Kaen", "is_in:state_code": "40", "name": "\u0e1a\u0e49\u0e32\u0e19\u0e2b\u0e19\u0e2d\u0e07\u0e2b\u0e0d\u0e49\u0e32\u0e1b\u0e25\u0e49\u0e2d\u0e07", "name:en": "Ban Nong Ya Plong", "place": "village", "source": "Bing; sign", "osm_id": 1831975817, "osm_type": "node"}, "geometry": {"type": "Point", "coordinates": [102.5402781, 16.2710477]}}, {"type": "Feature", "properties": {"addr:district": "\u0e21\u0e31\u0e0d\u0e08\u0e32\u0e04\u0e35\u0e23\u0e35", "addr:district:en": "Mancha Khiri", "addr:hamlet": "\u0e2b\u0e21\u0e39\u0e48\u0e17\u0e35\u0e48 12", "addr:province": "\u0e08\u0e31\u0e07\u0e2b\u0e27\u0e31\u0e14\u0e02\u0e2d\u0e19\u0e41\u0e01\u0e48\u0e19", "addr:province:en": "Khon Kaen Province", "addr:subdistrict": "\u0e42\u0e1e\u0e19\u0e40\u0e1e\u0e47\u0e01", "addr:subdistrict:en": "Phon Phek", "name": "\u0e1a\u0e49\u0e32\u0e19\u0e2b\u0e19\u0e2d\u0e07\u0e44\u0e2e \u0e2b\u0e21\u0e39\u0e48 12", "name:en": "Ban Nong Hai Mu 12", "place": "hamlet", "source": "Bing; sign", "osm_id": 1831975819, "osm_type": "node"}, "geometry": {"type": "Point", "coordinates": [102.5353429, 16.2380409]}}, {"type": "Feature", "properties": {"addr:district": "\u0e21\u0e31\u0e0d\u0e08\u0e32\u0e04\u0e35\u0e23\u0e35", "addr:district:en": "Mancha Khiri", "addr:hamlet": "\u0e2b\u0e21\u0e39\u0e48\u0e17\u0e35\u0e48 5", "addr:province": "\u0e08\u0e31\u0e07\u0e2b\u0e27\u0e31\u0e14\u0e02\u0e2d\u0e19\u0e41\u0e01\u0e48\u0e19", "addr:province:en": "Khon Kaen Province", "addr:subdistrict": "\u0e42\u0e1e\u0e19\u0e40\u0e1e\u0e47\u0e01", "addr:subdistrict:en": "Phon Phek", "name": "\u0e1a\u0e49\u0e32\u0e19\u0e2b\u0e19\u0e2d\u0e07\u0e44\u0e2e \u0e2b\u0e21\u0e39\u0e48 5", "name:en": "Ban Nong Hai Mu 5", "place": "hamlet", "source": "Bing; sign", "osm_id": 1831975825, "osm_type": "node"}, "geometry": {"type": "Point", "coordinates": [102.5345272, 16.2328394]}}, {"type": "Feature", "properties": {"is_in:country": "Thailand", "is_in:country_code": "TH", "is_in:iso_3166_2": "TH-40", "is_in:state": "Khon Kaen", "is_in:state_code": "40", "name": "\u0e1a\u0e49\u0e32\u0e19\u0e2b\u0e19\u0e2d\u0e07\u0e44\u0e2e", "name:en": "Ban Nong Hai", "place": "village", "source": "Bing; sign", "osm_id": 1831975831, "osm_type": "node"}, "geometry": {"type": "Point", "coordinates": [102.5350864, 16.2356569]}}, {"type": "Feature", "properties": {"is_in:country": "Thailand", "is_in:country_code": "TH", "is_in:iso_3166_2": "TH-40", "is_in:state": "Khon Kaen", "is_in:state_code": "40", "name": "\u0e1a\u0e49\u0e32\u0e19\u0e2b\u0e31\u0e27\u0e19\u0e32\u0e25\u0e32\u0e07", "name:en": "Ban Hua Na Lang", "place": "village", "source": "Bing; sign", "osm_id": 1831975832, "osm_type": "node"}, "geometry": {"type": "Point", "coordinates": [102.6413406, 16.2724851]}}, {"type": "Feature", "properties": {"is_in:country": "Thailand", "is_in:country_code": "TH", "is_in:iso_3166_2": "TH-40", "is_in:state": "Khon Kaen", "is_in:state_code": "40", "name": "\u0e1a\u0e49\u0e32\u0e19\u0e2b\u0e31\u0e27\u0e19\u0e32\u0e40\u0e2b\u0e19\u0e37\u0e2d", "name:en": "Ban Hua Na Nuea", "place": "village", "source": "Bing; sign", "osm_id": 1831975833, "osm_type": "node"}, "geometry": {"type": "Point", "coordinates": [102.6311106, 16.2752104]}}, {"type": "Feature", "properties": {"is_in:country": "Thailand", "is_in:country_code": "TH", "is_in:iso_3166_2": "TH-40", "is_in:state": "Khon Kaen", "is_in:state_code": "40", "name": "\u0e1a\u0e49\u0e32\u0e19\u0e2b\u0e49\u0e27\u0e22\u0e2e\u0e27\u0e01", "name:en": "Ban Huai Huak", "place": "village", "source": "Bing; sign", "osm_id": 1831975834, "osm_type": "node"}, "geometry": {"type": "Point", "coordinates": [102.5234111, 16.2281186]}}, {"type": "Feature", "properties": {"addr:postcode": "40320", "is_in:country": "Thailand", "is_in:country_code": "TH", "is_in:iso_3166_2": "TH-40", "is_in:state": "Khon Kaen", "is_in:state_code": "40", "name": "\u0e1a\u0e49\u0e32\u0e19\u0e41\u0e01\u0e48\u0e19\u0e1b\u0e23\u0e30\u0e14\u0e39\u0e48", "name:en": "Ban Kaen Pradu", "place": "village", "source": "Bing; sign", "osm_id": 1831975839, "osm_type": "node"}, "geometry": {"type": "Point", "coordinates": [102.5905615, 16.2982063]}}, {"type": "Feature", "properties": {"is_in:country": "Thailand", "is_in:country_code": "TH", "is_in:iso_3166_2": "TH-40", "is_in:state": "Khon Kaen", "is_in:state_code": "40", "name": "\u0e1a\u0e49\u0e32\u0e19\u0e41\u0e08\u0e49\u0e07", "name:en": "Ban Chaeng", "place": "village", "source": "Bing; sign", "osm_id": 1831975840, "osm_type": "node"}, "geometry": {"type": "Point", "coordinates": [102.5324451, 16.2229333]}}, {"type": "Feature", "properties": {"is_in:country": "Thailand", "is_in:country_code": "TH", "is_in:iso_3166_2": "TH-40", "is_in:state": "Khon Kaen", "is_in:state_code": "40", "name": "\u0e1a\u0e49\u0e32\u0e19\u0e42\u0e19\u0e19\u0e04\u0e39\u0e13", "name:en": "Ban Non Khun", "place": "village", "source": "Bing; sign", "osm_id": 1831975841, "osm_type": "node"}, "geometry": {"type": "Point", "coordinates": [102.5650393, 16.3078712]}}, {"type": "Feature", "properties": {"is_in:country": "Thailand", "is_in:country_code": "TH", "is_in:iso_3166_2": "TH-40", "is_in:state": "Khon Kaen", "is_in:state_code": "40", "name": "\u0e1a\u0e49\u0e32\u0e19\u0e42\u0e19\u0e19\u0e15\u0e38\u0e48\u0e19", "name:en": "Ban Non Tun", "place": "village", "source": "Bing; sign", "osm_id": 1831975842, "osm_type": "node"}, "geometry": {"type": "Point", "coordinates": [102.5800138, 16.3014024]}}, {"type": "Feature", "properties": {"addr:district": "\u0e21\u0e31\u0e0d\u0e08\u0e32\u0e04\u0e35\u0e23\u0e35", "addr:district:en": "Mancha Khiri", "addr:hamlet": "\u0e2b\u0e21\u0e39\u0e48\u0e17\u0e35\u0e48 2", "addr:province": "\u0e02\u0e2d\u0e19\u0e41\u0e01\u0e48\u0e19", "addr:province:en": "Khon Kaen", "addr:subdistrict": "\u0e17\u0e48\u0e32\u0e28\u0e32\u0e25\u0e32", "addr:subdistrict:en": "Tha Sala", "alt_name": "\u0e2a\u0e16\u0e32\u0e19\u0e35\u0e2d\u0e19\u0e32\u0e21\u0e31\u0e22\u0e17\u0e48\u0e32\u0e28\u0e32\u0e25\u0e32", "amenity": "clinic", "emergency": "no", "healthcare": "clinic", "name": "\u0e42\u0e23\u0e07\u0e1e\u0e22\u0e32\u0e1a\u0e32\u0e25\u0e2a\u0e48\u0e07\u0e40\u0e2a\u0e23\u0e34\u0e21\u0e2a\u0e38\u0e02\u0e20\u0e32\u0e1e\u0e15\u0e33\u0e1a\u0e25 \u0e17\u0e48\u0e32\u0e28\u0e32\u0e25\u0e32", "name:en": "Tha Sala Subdistrict Health Promoting Hospital", "short_name": "\u0e23\u0e1e.\u0e2a\u0e15.\u0e17\u0e48\u0e32\u0e28\u0e32\u0e25\u0e32", "source": "Bing; sign", "osm_id": 1831975844, "osm_type": "node"}, "geometry": {"type": "Point", "coordinates": [102.6059071, 16.2835521]}}, {"type": "Feature", "properties": {"addr:district": "\u0e21\u0e31\u0e0d\u0e08\u0e32\u0e04\u0e35\u0e23\u0e35", "addr:district:en": "Mancha Khiri", "addr:hamlet": "\u0e2b\u0e21\u0e39\u0e48\u0e17\u0e35\u0e48 12", "addr:province": "\u0e02\u0e2d\u0e19\u0e41\u0e01\u0e48\u0e19", "addr:province:en": "Khon Kaen", "addr:subdistrict": "\u0e42\u0e1e\u0e19\u0e40\u0e1e\u0e47\u0e01", "addr:subdistrict:en": "Phon Phek", "alt_name": "\u0e2a\u0e16\u0e32\u0e19\u0e35\u0e2d\u0e19\u0e32\u0e21\u0e31\u0e22\u0e42\u0e1e\u0e19\u0e40\u0e1e\u0e47\u0e01", "amenity": "clinic", "emergency": "no", "healthcare": "clinic", "name": "\u0e42\u0e23\u0e07\u0e1e\u0e22\u0e32\u0e1a\u0e32\u0e25\u0e2a\u0e48\u0e07\u0e40\u0e2a\u0e23\u0e34\u0e21\u0e2a\u0e38\u0e02\u0e20\u0e32\u0e1e\u0e15\u0e33\u0e1a\u0e25 \u0e42\u0e1e\u0e19\u0e40\u0e1e\u0e47\u0e01", "name:en": "Phon Phek Subdistrict Health Promoting Hospital", "short_name": "\u0e23\u0e1e.\u0e2a\u0e15.\u0e42\u0e1e\u0e19\u0e40\u0e1e\u0e47\u0e01", "source": "Bing; sign", "osm_id": 1831975845, "osm_type": "node"}, "geometry": {"type": "Point", "coordinates": [102.5348963, 16.236665]}}, {"type": "Feature", "properties": {"addr:district": "\u0e21\u0e31\u0e0d\u0e08\u0e32\u0e04\u0e35\u0e23\u0e35", "addr:district:en": "Mancha Khiri", "addr:hamlet": "\u0e2b\u0e21\u0e39\u0e48\u0e17\u0e35\u0e48 10", "addr:province": "\u0e02\u0e2d\u0e19\u0e41\u0e01\u0e48\u0e19", "addr:province:en": "Khon Kaen", "addr:subdistrict": "\u0e04\u0e33\u0e41\u0e04\u0e19", "addr:subdistrict:en": "Kham Khaen", "alt_name": "\u0e2a\u0e16\u0e32\u0e19\u0e35\u0e2d\u0e19\u0e32\u0e21\u0e31\u0e22\u0e1a\u0e49\u0e32\u0e19\u0e2b\u0e19\u0e2d\u0e07\u0e02\u0e32\u0e21", "amenity": "clinic", "emergency": "no", "healthcare": "clinic", "name": "\u0e42\u0e23\u0e07\u0e1e\u0e22\u0e32\u0e1a\u0e32\u0e25\u0e2a\u0e48\u0e07\u0e40\u0e2a\u0e23\u0e34\u0e21\u0e2a\u0e38\u0e02\u0e20\u0e32\u0e1e\u0e15\u0e33\u0e1a\u0e25 \u0e1a\u0e49\u0e32\u0e19\u0e2b\u0e19\u0e2d\u0e07\u0e02\u0e32\u0e21", "name:en": "Ban Nong Kham Subdistrict Health Promoting Hospital", "short_name": "\u0e23\u0e1e.\u0e2a\u0e15.\u0e1a\u0e49\u0e32\u0e19\u0e2b\u0e19\u0e2d\u0e07\u0e02\u0e32\u0e21", "source": "Bing; sign", "osm_id": 1831975846, "osm_type": "node"}, "geometry": {"type": "Point", "coordinates": [102.5014387, 16.246193]}}, {"type": "Feature", "properties": {"is_in:country": "Thailand", "is_in:country_code": "TH", "is_in:iso_3166_2": "TH-40", "is_in:state": "Khon Kaen", "is_in:state_code": "40", "name": "\u0e1a\u0e32\u0e19\u0e14\u0e2d\u0e19\u0e22\u0e39\u0e07", "name:en": "Ban Don Yung", "place": "village", "source": "Bing; sign", "osm_id": 1833082782, "osm_type": "node"}, "geometry": {"type": "Point", "coordinates": [102.4990243, 16.1476322]}}, {"type": "Feature", "properties": {"addr:district": "\u0e21\u0e31\u0e0d\u0e08\u0e32\u0e04\u0e35\u0e23\u0e35", "addr:district:en": "Mancha Khiri", "addr:hamlet": "\u0e2b\u0e21\u0e39\u0e48\u0e17\u0e35\u0e48 14", "addr:province": "\u0e08\u0e31\u0e07\u0e2b\u0e27\u0e31\u0e14\u0e02\u0e2d\u0e19\u0e41\u0e01\u0e48\u0e19", "addr:province:en": "Khon Kaen Province", "addr:subdistrict": "\u0e2a\u0e27\u0e19\u0e2b\u0e21\u0e48\u0e2d\u0e19", "addr:subdistrict:en": "Suan Mon", "name": "\u0e1a\u0e49\u0e32\u0e19\u0e01\u0e2d\u0e01 \u0e2b\u0e21\u0e39\u0e48 14", "name:en": "Ban Kok Mu 14", "place": "hamlet", "source": "Bing; sign", "osm_id": 1833082795, "osm_type": "node"}, "geometry": {"type": "Point", "coordinates": [102.5558046, 16.154202]}}, {"type": "Feature", "properties": {"addr:district": "\u0e21\u0e31\u0e0d\u0e08\u0e32\u0e04\u0e35\u0e23\u0e35", "addr:district:en": "Mancha Khiri", "addr:hamlet": "\u0e2b\u0e21\u0e39\u0e48\u0e17\u0e35\u0e48 3", "addr:province": "\u0e08\u0e31\u0e07\u0e2b\u0e27\u0e31\u0e14\u0e02\u0e2d\u0e19\u0e41\u0e01\u0e48\u0e19", "addr:province:en": "Khon Kaen Province", "addr:subdistrict": "\u0e2a\u0e27\u0e19\u0e2b\u0e21\u0e48\u0e2d\u0e19", "addr:subdistrict:en": "Suan Mon", "alt_name": "\u0e2b\u0e21\u0e39\u0e48 3", "alt_name:en": "Mu 3", "name": "\u0e1a\u0e49\u0e32\u0e19\u0e01\u0e2d\u0e01", "name:en": "Ban Kok", "place": "hamlet", "source": "Bing;sign", "osm_id": 1833082796, "osm_type": "node"}, "geometry": {"type": "Point", "coordinates": [102.5540412, 16.1570249]}}, {"type": "Feature", "properties": {"is_in:country": "Thailand", "is_in:country_code": "TH", "is_in:iso_3166_2": "TH-40", "is_in:state": "Khon Kaen", "is_in:state_code": "40", "name": "\u0e1a\u0e49\u0e32\u0e19\u0e02\u0e32\u0e21", "name:en": "Ban Kham", "place": "village", "source": "Bing; sign", "osm_id": 1833082803, "osm_type": "node"}, "geometry": {"type": "Point", "coordinates": [102.5354778, 16.1689797]}}, {"type": "Feature", "properties": {"is_in:country": "Thailand", "is_in:country_code": "TH", "is_in:iso_3166_2": "TH-40", "is_in:state": "Khon Kaen", "is_in:state_code": "40", "name": "\u0e1a\u0e49\u0e32\u0e19\u0e02\u0e32\u0e21\u0e1b\u0e49\u0e2d\u0e21", "name:en": "Ban Kham Pom", "place": "village", "source": "Bing; sign", "osm_id": 1833082818, "osm_type": "node"}, "geometry": {"type": "Point", "coordinates": [102.5660101, 16.1523076]}}, {"type": "Feature", "properties": {"is_in:country": "Thailand", "is_in:country_code": "TH", "is_in:iso_3166_2": "TH-40", "is_in:state": "Khon Kaen", "is_in:state_code": "40", "name": "\u0e1a\u0e49\u0e32\u0e19\u0e02\u0e32\u0e21\u0e1b\u0e49\u0e2d\u0e21", "name:en": "Ban Kham Pom", "place": "village", "source": "Bing; sign", "osm_id": 1833082819, "osm_type": "node"}, "geometry": {"type": "Point", "coordinates": [102.4943337, 16.1544821]}}, {"type": "Feature", "properties": {"is_in:country": "Thailand", "is_in:country_code": "TH", "is_in:iso_3166_2": "TH-40", "is_in:state": "Khon Kaen", "is_in:state_code": "40", "name": "\u0e1a\u0e49\u0e32\u0e19\u0e14\u0e2d\u0e19\u0e1e\u0e31\u0e19\u0e0a\u0e32\u0e14", "name:en": "Ban Don Phan Chat", "place": "village", "source": "Bing; sign", "osm_id": 1833082825, "osm_type": "node"}, "geometry": {"type": "Point", "coordinates": [102.6139266, 16.1559809]}}, {"type": "Feature", "properties": {"addr:district": "\u0e21\u0e31\u0e0d\u0e08\u0e32\u0e04\u0e35\u0e23\u0e35", "addr:district:en": "Mancha Khiri", "addr:hamlet": "\u0e2b\u0e21\u0e39\u0e48\u0e17\u0e35\u0e48 13", "addr:province": "\u0e08\u0e31\u0e07\u0e2b\u0e27\u0e31\u0e14\u0e02\u0e2d\u0e19\u0e41\u0e01\u0e48\u0e19", "addr:province:en": "Khon Kaen Province", "addr:subdistrict": "\u0e19\u0e32\u0e02\u0e48\u0e32", "addr:subdistrict:en": "Na Kha", "name": "\u0e1a\u0e49\u0e32\u0e19\u0e19\u0e32\u0e02\u0e48\u0e32 \u0e2b\u0e21\u0e39\u0e48 13", "name:en": "Ban Na Kha Mu 13", "place": "hamlet", "source": "Bing; sign", "osm_id": 1833082902, "osm_type": "node"}, "geometry": {"type": "Point", "coordinates": [102.5058613, 16.1663625]}}, {"type": "Feature", "properties": {"addr:district": "\u0e21\u0e31\u0e0d\u0e08\u0e32\u0e04\u0e35\u0e23\u0e35", "addr:district:en": "Mancha Khiri", "addr:hamlet": "\u0e2b\u0e21\u0e39\u0e48\u0e17\u0e35\u0e48 7", "addr:province": "\u0e08\u0e31\u0e07\u0e2b\u0e27\u0e31\u0e14\u0e02\u0e2d\u0e19\u0e41\u0e01\u0e48\u0e19", "addr:province:en": "Khon Kaen Province", "addr:subdistrict": "\u0e19\u0e32\u0e02\u0e48\u0e32", "addr:subdistrict:en": "Na Kha", "name": "\u0e1a\u0e49\u0e32\u0e19\u0e19\u0e32\u0e02\u0e48\u0e32 \u0e2b\u0e21\u0e39\u0e48 7", "name:en": "Ban Na Kha Mu 7", "place": "hamlet", "source": "Bing; sign", "osm_id": 1833082909, "osm_type": "node"}, "geometry": {"type": "Point", "coordinates": [102.5058894, 16.1647546]}}, {"type": "Feature", "properties": {"is_in:country": "Thailand", "is_in:country_code": "TH", "is_in:iso_3166_2": "TH-40", "is_in:state": "Khon Kaen", "is_in:state_code": "40", "name": "\u0e1a\u0e49\u0e32\u0e19\u0e2b\u0e19\u0e2d\u0e07\u0e01\u0e49\u0e32\u0e19\u0e40\u0e2b\u0e25\u0e37\u0e2d\u0e07", "name:en": "Ban Nong Kanlueang", "place": "village", "source": "Bing; sign", "osm_id": 1833082916, "osm_type": "node"}, "geometry": {"type": "Point", "coordinates": [102.4601976, 16.1497212]}}, {"type": "Feature", "properties": {"is_in:country": "Thailand", "is_in:country_code": "TH", "is_in:iso_3166_2": "TH-40", "is_in:state": "Khon Kaen", "is_in:state_code": "40", "name": "\u0e1a\u0e49\u0e32\u0e19\u0e2b\u0e19\u0e2d\u0e07\u0e15\u0e48\u0e2d", "name:en": "Ban Nong To", "place": "village", "source": "Bing; sign", "osm_id": 1833082924, "osm_type": "node"}, "geometry": {"type": "Point", "coordinates": [102.5193619, 16.1799608]}}, {"type": "Feature", "properties": {"is_in:country": "Thailand", "is_in:country_code": "TH", "is_in:iso_3166_2": "TH-40", "is_in:state": "Khon Kaen", "is_in:state_code": "40", "name": "\u0e1a\u0e49\u0e32\u0e19\u0e2b\u0e19\u0e2d\u0e07\u0e1a\u0e31\u0e27", "name:en": "Ban Nong Bua", "place": "village", "source": "Bing; sign", "osm_id": 1833082931, "osm_type": "node"}, "geometry": {"type": "Point", "coordinates": [102.4433319, 16.1546318]}}, {"type": "Feature", "properties": {"addr:district": "\u0e21\u0e31\u0e0d\u0e08\u0e32\u0e04\u0e35\u0e23\u0e35", "addr:district:en": "Mancha Khiri", "addr:hamlet": "\u0e2b\u0e21\u0e39\u0e48\u0e17\u0e35\u0e48 11", "addr:province": "\u0e08\u0e31\u0e07\u0e2b\u0e27\u0e31\u0e14\u0e02\u0e2d\u0e19\u0e41\u0e01\u0e48\u0e19", "addr:province:en": "Khon Kaen Province", "addr:subdistrict": "\u0e19\u0e32\u0e02\u0e48\u0e32", "addr:subdistrict:en": "Na Kha", "name": "\u0e1a\u0e49\u0e32\u0e19\u0e2b\u0e19\u0e2d\u0e07\u0e1a\u0e31\u0e27\u0e40\u0e22\u0e47\u0e19 \u0e2b\u0e21\u0e39\u0e48 11", "name:en": "Ban Nong Bua Yen Mu 11", "place": "hamlet", "source": "Bing; sign", "osm_id": 1833082942, "osm_type": "node"}, "geometry": {"type": "Point", "coordinates": [102.473634, 16.2335134]}}, {"type": "Feature", "properties": {"addr:district": "\u0e21\u0e31\u0e0d\u0e08\u0e32\u0e04\u0e35\u0e23\u0e35", "addr:district:en": "Mancha Khiri", "addr:hamlet": "\u0e2b\u0e21\u0e39\u0e48\u0e17\u0e35\u0e48 16", "addr:province": "\u0e08\u0e31\u0e07\u0e2b\u0e27\u0e31\u0e14\u0e02\u0e2d\u0e19\u0e41\u0e01\u0e48\u0e19", "addr:province:en": "Khon Kaen Province", "addr:subdistrict": "\u0e19\u0e32\u0e02\u0e48\u0e32", "addr:subdistrict:en": "Na Kha", "name": "\u0e1a\u0e49\u0e32\u0e19\u0e2b\u0e19\u0e2d\u0e07\u0e1a\u0e31\u0e27\u0e40\u0e22\u0e47\u0e19 \u0e2b\u0e21\u0e39\u0e48 16", "name:en": "Ban Nong Bua Yen Mu 16", "place": "hamlet", "source": "Bing; sign", "osm_id": 1833082943, "osm_type": "node"}, "geometry": {"type": "Point", "coordinates": [102.4716383, 16.2324083]}}, {"type": "Feature", "properties": {"is_in:country": "Thailand", "is_in:country_code": "TH", "is_in:iso_3166_2": "TH-40", "is_in:state": "Khon Kaen", "is_in:state_code": "40", "name": "\u0e1a\u0e49\u0e32\u0e19\u0e2b\u0e19\u0e2d\u0e07\u0e2b\u0e0d\u0e49\u0e32\u0e02\u0e49\u0e32\u0e27\u0e19\u0e01", "name:en": "Ban Nong Ya Khaonok", "place": "village", "source": "Bing; sign", "osm_id": 1833082950, "osm_type": "node"}, "geometry": {"type": "Point", "coordinates": [102.4808737, 16.1364385]}}, {"type": "Feature", "properties": {"is_in:country": "Thailand", "is_in:country_code": "TH", "is_in:iso_3166_2": "TH-40", "is_in:state": "Khon Kaen", "is_in:state_code": "40", "name": "\u0e1a\u0e49\u0e32\u0e19\u0e2b\u0e19\u0e2d\u0e07\u0e2b\u0e31\u0e27\u0e0a\u0e49\u0e32\u0e07", "name:en": "Ban Nong Hua Chang", "place": "village", "source": "Bing; sign", "osm_id": 1833082964, "osm_type": "node"}, "geometry": {"type": "Point", "coordinates": [102.6199194, 16.1466335]}}, {"type": "Feature", "properties": {"is_in:country": "Thailand", "is_in:country_code": "TH", "is_in:iso_3166_2": "TH-40", "is_in:state": "Khon Kaen", "is_in:state_code": "40", "name": "\u0e1a\u0e49\u0e32\u0e19\u0e2b\u0e19\u0e2d\u0e07\u0e42\u0e08\u0e14", "name:en": "Ban Nong Chot", "place": "village", "source": "Bing; sign", "osm_id": 1833082965, "osm_type": "node"}, "geometry": {"type": "Point", "coordinates": [102.5030428, 16.1854308]}}, {"type": "Feature", "properties": {"is_in:country": "Thailand", "is_in:country_code": "TH", "is_in:iso_3166_2": "TH-40", "is_in:state": "Khon Kaen", "is_in:state_code": "40", "name": "\u0e1a\u0e49\u0e32\u0e19\u0e2b\u0e27\u0e32\u0e2b\u0e25\u0e36\u0e21", "name:en": "Ban Wa Luem", "place": "village", "source": "Bing; sign", "osm_id": 1833082981, "osm_type": "node"}, "geometry": {"type": "Point", "coordinates": [102.4707866, 16.1807378]}}, {"type": "Feature", "properties": {"is_in:country": "Thailand", "is_in:country_code": "TH", "is_in:iso_3166_2": "TH-40", "is_in:state": "Khon Kaen", "is_in:state_code": "40", "name": "\u0e1a\u0e49\u0e32\u0e19\u0e2b\u0e31\u0e27\u0e1d\u0e32\u0e22", "name:en": "Ban Hua Fai", "place": "village", "source": "Bing; sign", "osm_id": 1833082986, "osm_type": "node"}, "geometry": {"type": "Point", "coordinates": [102.4711467, 16.1307804]}}, {"type": "Feature", "properties": {"is_in:country": "Thailand", "is_in:country_code": "TH", "is_in:iso_3166_2": "TH-40", "is_in:state": "Khon Kaen", "is_in:state_code": "40", "name": "\u0e1a\u0e49\u0e32\u0e19\u0e2b\u0e31\u0e27\u0e2b\u0e49\u0e27\u0e22", "name:en": "Ban Hua Huai", "place": "village", "source": "Bing; sign", "osm_id": 1833082987, "osm_type": "node"}, "geometry": {"type": "Point", "coordinates": [102.4480275, 16.12645]}}, {"type": "Feature", "properties": {"is_in:country": "Thailand", "is_in:country_code": "TH", "is_in:iso_3166_2": "TH-40", "is_in:state": "Khon Kaen", "is_in:state_code": "40", "name": "\u0e1a\u0e49\u0e32\u0e19\u0e2b\u0e34\u0e19\u0e41\u0e15\u0e01", "name:en": "Ban Hin Taek", "place": "village", "source": "Bing; sign", "osm_id": 1833083003, "osm_type": "node"}, "geometry": {"type": "Point", "coordinates": [102.4277228, 16.1710316]}}, {"type": "Feature", "properties": {"is_in:country": "Thailand", "is_in:country_code": "TH", "is_in:iso_3166_2": "TH-40", "is_in:state": "Khon Kaen", "is_in:state_code": "40", "name": "\u0e1a\u0e49\u0e32\u0e19\u0e40\u0e2a\u0e32\u0e40\u0e25\u0e49\u0e32", "name:en": "Ban Sao Lao", "place": "village", "source": "Bing; sign", "osm_id": 1833083009, "osm_type": "node"}, "geometry": {"type": "Point", "coordinates": [102.4510554, 16.1657134]}}, {"type": "Feature", "properties": {"is_in:country": "Thailand", "is_in:country_code": "TH", "is_in:iso_3166_2": "TH-40", "is_in:state": "Khon Kaen", "is_in:state_code": "40", "name": "\u0e1a\u0e49\u0e32\u0e19\u0e40\u0e2b\u0e25\u0e48\u0e32\u0e40\u0e2b\u0e19\u0e37\u0e2d", "name:en": "Ban Lao Nuea", "place": "village", "source": "Bing; sign", "osm_id": 1833083010, "osm_type": "node"}, "geometry": {"type": "Point", "coordinates": [102.4708248, 16.2056989]}}, {"type": "Feature", "properties": {"is_in:country": "Thailand", "is_in:country_code": "TH", "is_in:iso_3166_2": "TH-40", "is_in:state": "Khon Kaen", "is_in:state_code": "40", "name": "\u0e1a\u0e49\u0e32\u0e19\u0e40\u0e2b\u0e25\u0e48\u0e32\u0e43\u0e2b\u0e0d\u0e48", "name:en": "Ban Lao Yai", "place": "village", "source": "Bing; sign", "osm_id": 1833083026, "osm_type": "node"}, "geometry": {"type": "Point", "coordinates": [102.4869381, 16.1982692]}}, {"type": "Feature", "properties": {"is_in:country": "Thailand", "is_in:country_code": "TH", "is_in:iso_3166_2": "TH-40", "is_in:state": "Khon Kaen", "is_in:state_code": "40", "name": "\u0e1a\u0e49\u0e32\u0e19\u0e41\u0e08\u0e49\u0e07", "name:en": "Ban Chaeng", "place": "village", "source": "Bing; sign", "osm_id": 1833083031, "osm_type": "node"}, "geometry": {"type": "Point", "coordinates": [102.665325, 16.1882682]}}, {"type": "Feature", "properties": {"is_in:country": "Thailand", "is_in:country_code": "TH", "is_in:iso_3166_2": "TH-40", "is_in:state": "Khon Kaen", "is_in:state_code": "40", "name": "\u0e1a\u0e49\u0e32\u0e19\u0e42\u0e04\u0e01\u0e01\u0e25\u0e32\u0e07", "name:en": "Ban Khok Klang", "place": "village", "source": "Bing; sign", "osm_id": 1833083039, "osm_type": "node"}, "geometry": {"type": "Point", "coordinates": [102.5698953, 16.1541599]}}, {"type": "Feature", "properties": {"is_in:country": "Thailand", "is_in:country_code": "TH", "is_in:iso_3166_2": "TH-40", "is_in:state": "Khon Kaen", "is_in:state_code": "40", "name": "\u0e1a\u0e49\u0e32\u0e19\u0e42\u0e19\u0e19\u0e07\u0e32\u0e21", "name:en": "Ban Non Ngam", "place": "village", "source": "Bing; sign", "osm_id": 1833083047, "osm_type": "node"}, "geometry": {"type": "Point", "coordinates": [102.4710538, 16.2118674]}}, {"type": "Feature", "properties": {"is_in:country": "Thailand", "is_in:country_code": "TH", "is_in:iso_3166_2": "TH-40", "is_in:state": "Khon Kaen", "is_in:state_code": "40", "name": "\u0e1a\u0e49\u0e32\u0e19\u0e42\u0e19\u0e19\u0e1e\u0e22\u0e2d\u0e21", "name:en": "Ban Non Phayom", "place": "village", "source": "Bing; sign", "osm_id": 1833083054, "osm_type": "node"}, "geometry": {"type": "Point", "coordinates": [102.5717468, 16.1469546]}}, {"type": "Feature", "properties": {"is_in:country": "Thailand", "is_in:country_code": "TH", "is_in:iso_3166_2": "TH-40", "is_in:state": "Khon Kaen", "is_in:state_code": "40", "name": "\u0e1a\u0e49\u0e32\u0e19\u0e42\u0e19\u0e19\u0e1e\u0e31\u0e19\u0e0a\u0e32\u0e15\u0e34", "name:en": "Ban Non Phan Chat", "place": "village", "source": "Bing; sign", "osm_id": 1833083062, "osm_type": "node"}, "geometry": {"type": "Point", "coordinates": [102.4743941, 16.1711395]}}, {"type": "Feature", "properties": {"is_in:country": "Thailand", "is_in:country_code": "TH", "is_in:iso_3166_2": "TH-40", "is_in:state": "Khon Kaen", "is_in:state_code": "40", "name": "\u0e1a\u0e49\u0e32\u0e19\u0e42\u0e19\u0e19\u0e2a\u0e33\u0e19\u0e31\u0e01", "name:en": "Ban Non Samnak", "place": "village", "source": "Bing; sign", "osm_id": 1833083068, "osm_type": "node"}, "geometry": {"type": "Point", "coordinates": [102.5967078, 16.1476542]}}, {"type": "Feature", "properties": {"addr:district": "\u0e21\u0e31\u0e0d\u0e08\u0e32\u0e04\u0e35\u0e23\u0e35", "addr:district:en": "Mancha Khiri", "addr:province": "\u0e02\u0e2d\u0e19\u0e41\u0e01\u0e48\u0e19", "addr:province:en": "Khon Kaen", "addr:subdistrict": "\u0e2b\u0e19\u0e2d\u0e07\u0e41\u0e1b\u0e19", "addr:subdistrict:en": "Nong Paen", "alt_name": "\u0e2a\u0e16\u0e32\u0e19\u0e35\u0e2d\u0e19\u0e32\u0e21\u0e31\u0e22\u0e2b\u0e19\u0e2d\u0e07\u0e41\u0e1b\u0e19", "amenity": "clinic", "emergency": "no", "healthcare": "clinic", "name": "\u0e42\u0e23\u0e07\u0e1e\u0e22\u0e32\u0e1a\u0e32\u0e25\u0e2a\u0e48\u0e07\u0e40\u0e2a\u0e23\u0e34\u0e21\u0e2a\u0e38\u0e02\u0e20\u0e32\u0e1e\u0e15\u0e33\u0e1a\u0e25 \u0e2b\u0e19\u0e2d\u0e07\u0e41\u0e1b\u0e19", "name:en": "Nong Paen Subdistrict Health Promoting Hospital", "short_name": "\u0e23\u0e1e.\u0e2a\u0e15.\u0e2b\u0e19\u0e2d\u0e07\u0e41\u0e1b\u0e19", "source": "Bing; sign", "osm_id": 1833083099, "osm_type": "node"}, "geometry": {"type": "Point", "coordinates": [102.6515764, 16.1748122]}}, {"type": "Feature", "properties": {"addr:district": "\u0e21\u0e31\u0e0d\u0e08\u0e32\u0e04\u0e35\u0e23\u0e35", "addr:district:en": "Mancha Khiri", "addr:hamlet": "\u0e2b\u0e21\u0e39\u0e48\u0e17\u0e35\u0e48 14", "addr:province": "\u0e02\u0e2d\u0e19\u0e41\u0e01\u0e48\u0e19", "addr:province:en": "Khon Kaen", "addr:subdistrict": "\u0e2a\u0e27\u0e19\u0e2b\u0e21\u0e48\u0e2d\u0e19", "addr:subdistrict:en": "Suan Mon", "alt_name": "\u0e2a\u0e16\u0e32\u0e19\u0e35\u0e2d\u0e19\u0e32\u0e21\u0e31\u0e22\u0e1a\u0e49\u0e32\u0e19\u0e01\u0e2d\u0e01", "amenity": "clinic", "emergency": "no", "healthcare": "clinic", "name": "\u0e42\u0e23\u0e07\u0e1e\u0e22\u0e32\u0e1a\u0e32\u0e25\u0e2a\u0e48\u0e07\u0e40\u0e2a\u0e23\u0e34\u0e21\u0e2a\u0e38\u0e02\u0e20\u0e32\u0e1e\u0e15\u0e33\u0e1a\u0e25 \u0e1a\u0e49\u0e32\u0e19\u0e01\u0e2d\u0e01", "name:en": "Ban Kok Subdistrict Health Promoting Hospital", "short_name": "\u0e23\u0e1e.\u0e2a\u0e15.\u0e1a\u0e49\u0e32\u0e19\u0e01\u0e2d\u0e01", "source": "Bing; sign", "osm_id": 1833083101, "osm_type": "node"}, "geometry": {"type": "Point", "coordinates": [102.555555, 16.1529306]}}, {"type": "Feature", "properties": {"addr:district": "\u0e21\u0e31\u0e0d\u0e08\u0e32\u0e04\u0e35\u0e23\u0e35", "addr:district:en": "Mancha Khiri", "addr:province": "\u0e02\u0e2d\u0e19\u0e41\u0e01\u0e48\u0e19", "addr:province:en": "Khon Kaen", "addr:subdistrict": "\u0e2b\u0e19\u0e2d\u0e07\u0e41\u0e1b\u0e19", "addr:subdistrict:en": "Nong Paen", "alt_name": "\u0e2a\u0e16\u0e32\u0e19\u0e35\u0e2d\u0e19\u0e32\u0e21\u0e31\u0e22\u0e1a\u0e49\u0e32\u0e19\u0e19\u0e32\u0e08\u0e32\u0e19", "amenity": "clinic", "emergency": "no", "healthcare": "clinic", "name": "\u0e42\u0e23\u0e07\u0e1e\u0e22\u0e32\u0e1a\u0e32\u0e25\u0e2a\u0e48\u0e07\u0e40\u0e2a\u0e23\u0e34\u0e21\u0e2a\u0e38\u0e02\u0e20\u0e32\u0e1e\u0e15\u0e33\u0e1a\u0e25 \u0e1a\u0e49\u0e32\u0e19\u0e19\u0e32\u0e08\u0e32\u0e19", "name:en": "Ban Na Chan Subdistrict Health Promoting Hospital", "short_name": "\u0e23\u0e1e.\u0e2a\u0e15.\u0e1a\u0e49\u0e32\u0e19\u0e19\u0e32\u0e08\u0e32\u0e19", "source": "Bing; sign", "osm_id": 1833083108, "osm_type": "node"}, "geometry": {"type": "Point", "coordinates": [102.5952192, 16.1633283]}}, {"type": "Feature", "properties": {"name": "\u0e1a\u0e49\u0e32\u0e19\u0e1a\u0e36\u0e07\u0e41\u0e01", "name:en": "Ban Bueng Kae", "name:th": "\u0e1a\u0e49\u0e32\u0e19\u0e1a\u0e36\u0e07\u0e41\u0e01", "place": "village", "source": "Bing; sign", "osm_id": 1842306732, "osm_type": "node"}, "geometry": {"type": "Point", "coordinates": [102.8445062, 16.5992177]}}, {"type": "Feature", "properties": {"is_in:country": "Thailand", "is_in:country_code": "TH", "is_in:iso_3166_2": "TH-40", "is_in:state": "Khon Kaen", "is_in:state_code": "40", "name": "\u0e1a\u0e49\u0e32\u0e19\u0e27\u0e31\u0e07\u0e02\u0e2d\u0e19\u0e41\u0e14\u0e07", "name:en": "Ban Wang Khon Daeng", "place": "village", "source": "Bing; sign", "osm_id": 1868482034, "osm_type": "node"}, "geometry": {"type": "Point", "coordinates": [102.408647, 16.6444118]}}, {"type": "Feature", "properties": {"is_in:country": "Thailand", "is_in:country_code": "TH", "is_in:iso_3166_2": "TH-40", "is_in:state": "Khon Kaen", "is_in:state_code": "40", "name": "\u0e1a\u0e49\u0e32\u0e19\u0e2b\u0e19\u0e2d\u0e07\u0e01\u0e23\u0e30\u0e40\u0e14\u0e32", "name:en": "Ban Nong Kra Dao", "place": "village", "source": "Bing; sign", "osm_id": 1868482035, "osm_type": "node"}, "geometry": {"type": "Point", "coordinates": [102.4940754, 16.6323011]}}, {"type": "Feature", "properties": {"addr:district": "\u0e20\u0e39\u0e40\u0e27\u0e35\u0e22\u0e07", "addr:district:en": "Phu Wiang", "addr:hamlet": "\u0e2b\u0e21\u0e39\u0e48\u0e17\u0e35\u0e48 1", "addr:province": "\u0e08\u0e31\u0e07\u0e2b\u0e27\u0e31\u0e14\u0e02\u0e2d\u0e19\u0e41\u0e01\u0e48\u0e19", "addr:province:en": "Khon Kaen Province", "addr:subdistrict": "\u0e2b\u0e19\u0e2d\u0e07\u0e01\u0e38\u0e07\u0e18\u0e19\u0e2a\u0e32\u0e23", "addr:subdistrict:en": "Nong Kung Thanasan", "name": "\u0e1a\u0e49\u0e32\u0e19\u0e2b\u0e19\u0e2d\u0e07\u0e01\u0e38\u0e07\u0e18\u0e19\u0e2a\u0e32\u0e23 \u0e2b\u0e21\u0e39\u0e48 1", "name:en": "Ban Nong Kung Thanasan Mu 1", "place": "hamlet", "source": "Bing; sign", "osm_id": 1868482036, "osm_type": "node"}, "geometry": {"type": "Point", "coordinates": [102.4554421, 16.6447716]}}, {"type": "Feature", "properties": {"addr:district": "\u0e20\u0e39\u0e40\u0e27\u0e35\u0e22\u0e07", "addr:district:en": "Phu Wiang", "addr:hamlet": "\u0e2b\u0e21\u0e39\u0e48\u0e17\u0e35\u0e48 12", "addr:province": "\u0e08\u0e31\u0e07\u0e2b\u0e27\u0e31\u0e14\u0e02\u0e2d\u0e19\u0e41\u0e01\u0e48\u0e19", "addr:province:en": "Khon Kaen Province", "addr:subdistrict": "\u0e2b\u0e19\u0e2d\u0e07\u0e01\u0e38\u0e07\u0e18\u0e19\u0e2a\u0e32\u0e23", "addr:subdistrict:en": "Nong Kung Thanasan", "name": "\u0e1a\u0e49\u0e32\u0e19\u0e2b\u0e19\u0e2d\u0e07\u0e01\u0e38\u0e07\u0e18\u0e19\u0e2a\u0e32\u0e23 \u0e2b\u0e21\u0e39\u0e48 12", "name:en": "Ban Nong Kung Thanasan Mu 12", "place": "hamlet", "source": "Bing; sign", "osm_id": 1868482037, "osm_type": "node"}, "geometry": {"type": "Point", "coordinates": [102.4528467, 16.6460989]}}, {"type": "Feature", "properties": {"addr:district": "\u0e20\u0e39\u0e40\u0e27\u0e35\u0e22\u0e07", "addr:district:en": "Phu Wiang", "addr:hamlet": "\u0e2b\u0e21\u0e39\u0e48\u0e17\u0e35\u0e48 2", "addr:province": "\u0e08\u0e31\u0e07\u0e2b\u0e27\u0e31\u0e14\u0e02\u0e2d\u0e19\u0e41\u0e01\u0e48\u0e19", "addr:province:en": "Khon Kaen Province", "addr:subdistrict": "\u0e2b\u0e19\u0e2d\u0e07\u0e01\u0e38\u0e07\u0e18\u0e19\u0e2a\u0e32\u0e23", "addr:subdistrict:en": "Nong Kung Thanasan", "name": "\u0e1a\u0e49\u0e32\u0e19\u0e2b\u0e19\u0e2d\u0e07\u0e01\u0e38\u0e07\u0e18\u0e19\u0e2a\u0e32\u0e23 \u0e2b\u0e21\u0e39\u0e48 2", "name:en": "Ban Nong Kung Thanasan Mu 2", "place": "hamlet", "source": "Bing; sign", "osm_id": 1868482038, "osm_type": "node"}, "geometry": {"type": "Point", "coordinates": [102.4550415, 16.6417093]}}, {"type": "Feature", "properties": {"is_in:country": "Thailand", "is_in:country_code": "TH", "is_in:iso_3166_2": "TH-40", "is_in:state": "Khon Kaen", "is_in:state_code": "40", "name": "\u0e1a\u0e49\u0e32\u0e19\u0e2b\u0e19\u0e2d\u0e07\u0e01\u0e38\u0e07\u0e18\u0e19\u0e2a\u0e32\u0e23", "name:en": "Ban Nong Kung Thanasan", "place": "village", "source": "Bing; sign", "osm_id": 1868482039, "osm_type": "node"}, "geometry": {"type": "Point", "coordinates": [102.4553094, 16.6433963]}}, {"type": "Feature", "properties": {"addr:postcode": "40150", "is_in:country": "Thailand", "is_in:country_code": "TH", "is_in:iso_3166_2": "TH-40", "is_in:state": "Khon Kaen", "is_in:state_code": "40", "name": "\u0e1a\u0e49\u0e32\u0e19\u0e2b\u0e19\u0e2d\u0e07\u0e1a\u0e2d\u0e19", "name:en": "Ban Nong Bon", "place": "village", "source": "Bing; sign", "osm_id": 1868482040, "osm_type": "node"}, "geometry": {"type": "Point", "coordinates": [102.3968035, 16.6578019]}}, {"type": "Feature", "properties": {"is_in:country": "Thailand", "is_in:country_code": "TH", "is_in:iso_3166_2": "TH-40", "is_in:state": "Khon Kaen", "is_in:state_code": "40", "name": "\u0e1a\u0e49\u0e32\u0e19\u0e2b\u0e49\u0e27\u0e22\u0e41\u0e04\u0e19", "name:en": "Ban Huai Khaen", "place": "village", "source": "Bing; sign", "osm_id": 1868482041, "osm_type": "node"}, "geometry": {"type": "Point", "coordinates": [102.3904811, 16.6490594]}}, {"type": "Feature", "properties": {"is_in:country": "Thailand", "is_in:country_code": "TH", "is_in:iso_3166_2": "TH-40", "is_in:state": "Khon Kaen", "is_in:state_code": "40", "name": "\u0e1a\u0e49\u0e32\u0e19\u0e42\u0e04\u0e01\u0e44\u0e21\u0e49\u0e07\u0e32\u0e21", "name:en": "Ban Khok Mai Ngam", "place": "village", "source": "Bing; sign", "osm_id": 1868482042, "osm_type": "node"}, "geometry": {"type": "Point", "coordinates": [102.427426, 16.6225439]}}, {"type": "Feature", "properties": {"is_in:country": "Thailand", "is_in:country_code": "TH", "is_in:iso_3166_2": "TH-40", "is_in:state": "Khon Kaen", "is_in:state_code": "40", "name": "\u0e1a\u0e49\u0e32\u0e19\u0e42\u0e19\u0e19\u0e21\u0e48\u0e27\u0e07", "name:en": "Ban Non Muang", "place": "village", "source": "Bing; sign", "osm_id": 1868482043, "osm_type": "node"}, "geometry": {"type": "Point", "coordinates": [102.531476, 16.616819]}}, {"type": "Feature", "properties": {"addr:district": "\u0e20\u0e39\u0e40\u0e27\u0e35\u0e22\u0e07", "addr:district:en": "Phu Wiang", "addr:province": "\u0e02\u0e2d\u0e19\u0e41\u0e01\u0e48\u0e19", "addr:province:en": "Khon Kaen", "addr:subdistrict": "\u0e2b\u0e19\u0e2d\u0e07\u0e01\u0e38\u0e07\u0e18\u0e19\u0e2a\u0e32\u0e23", "addr:subdistrict:en": "Nong Kung Thanasan", "alt_name": "\u0e2a\u0e16\u0e32\u0e19\u0e35\u0e2d\u0e19\u0e32\u0e21\u0e31\u0e22\u0e2b\u0e19\u0e2d\u0e07\u0e01\u0e38\u0e07\u0e18\u0e19\u0e2a\u0e32\u0e23", "amenity": "clinic", "emergency": "no", "healthcare": "clinic", "name": "\u0e42\u0e23\u0e07\u0e1e\u0e22\u0e32\u0e1a\u0e32\u0e25\u0e2a\u0e48\u0e07\u0e40\u0e2a\u0e23\u0e34\u0e21\u0e2a\u0e38\u0e02\u0e20\u0e32\u0e1e\u0e15\u0e33\u0e1a\u0e25 \u0e2b\u0e19\u0e2d\u0e07\u0e01\u0e38\u0e07\u0e18\u0e19\u0e2a\u0e32\u0e23", "name:en": "Nong Kung Thanasan Subdistrict Health Promoting Hospital", "short_name": "\u0e23\u0e1e.\u0e2a\u0e15.\u0e2b\u0e19\u0e2d\u0e07\u0e01\u0e38\u0e07\u0e18\u0e19\u0e2a\u0e32\u0e23", "source": "Bing; sign", "osm_id": 1868482045, "osm_type": "node"}, "geometry": {"type": "Point", "coordinates": [102.459644, 16.6398033]}}, {"type": "Feature", "properties": {"is_in:country": "Thailand", "is_in:country_code": "TH", "is_in:iso_3166_2": "TH-40", "is_in:state": "Khon Kaen", "is_in:state_code": "40", "name": "\u0e1a\u0e49\u0e32\u0e19\u0e19\u0e32\u0e1e\u0e35\u0e22\u0e07", "name:en": "Ban Na Phi Yong", "place": "village", "source": "Bing; sign", "osm_id": 1871118455, "osm_type": "node"}, "geometry": {"type": "Point", "coordinates": [102.4082353, 16.6702882]}}, {"type": "Feature", "properties": {"is_in:country": "Thailand", "is_in:country_code": "TH", "is_in:iso_3166_2": "TH-40", "is_in:state": "Khon Kaen", "is_in:state_code": "40", "name": "\u0e1a\u0e49\u0e32\u0e19\u0e1e\u0e23\u0e30\u0e1a\u0e32\u0e17", "name:en": "Ban Phrabat", "place": "village", "source": "Bing; sign", "osm_id": 1871118460, "osm_type": "node"}, "geometry": {"type": "Point", "coordinates": [102.4420216, 16.7219946]}}, {"type": "Feature", "properties": {"is_in:country": "Thailand", "is_in:country_code": "TH", "is_in:iso_3166_2": "TH-40", "is_in:state": "Khon Kaen", "is_in:state_code": "40", "name": "\u0e1a\u0e49\u0e32\u0e19\u0e2b\u0e19\u0e2d\u0e07\u0e1c\u0e31\u0e01\u0e41\u0e27\u0e48\u0e19", "name:en": "Ban Nong Phakwaen", "place": "village", "source": "Bing; sign", "osm_id": 1871118480, "osm_type": "node"}, "geometry": {"type": "Point", "coordinates": [102.4585262, 16.7647621]}}, {"type": "Feature", "properties": {"is_in:country": "Thailand", "is_in:country_code": "TH", "is_in:iso_3166_2": "TH-40", "is_in:state": "Khon Kaen", "is_in:state_code": "40", "name": "\u0e1a\u0e49\u0e32\u0e19\u0e2b\u0e19\u0e2d\u0e07\u0e41\u0e2a\u0e07", "name:en": "Ban Nong Saeng", "place": "village", "source": "Bing; sign", "osm_id": 1871118481, "osm_type": "node"}, "geometry": {"type": "Point", "coordinates": [102.3985487, 16.669417]}}, {"type": "Feature", "properties": {"addr:district": "\u0e20\u0e39\u0e40\u0e27\u0e35\u0e22\u0e07", "addr:district:en": "Phu Wiang", "addr:hamlet": "\u0e2b\u0e21\u0e39\u0e48\u0e17\u0e35\u0e48 1", "addr:province": "\u0e08\u0e31\u0e07\u0e2b\u0e27\u0e31\u0e14\u0e02\u0e2d\u0e19\u0e41\u0e01\u0e48\u0e19", "addr:province:en": "Khon Kaen Province", "addr:subdistrict": "\u0e2b\u0e27\u0e49\u0e32\u0e17\u0e2d\u0e07", "addr:subdistrict:en": "Wa Thong", "name": "\u0e1a\u0e49\u0e32\u0e19\u0e2b\u0e27\u0e49\u0e32\u0e17\u0e2d\u0e07 \u0e2b\u0e21\u0e39\u0e48 1", "name:en": "Ban Wa Thong Mu 1", "place": "hamlet", "source": "Bing; sign", "osm_id": 1871118488, "osm_type": "node"}, "geometry": {"type": "Point", "coordinates": [102.4333221, 16.7036771]}}, {"type": "Feature", "properties": {"addr:district": "\u0e20\u0e39\u0e40\u0e27\u0e35\u0e22\u0e07", "addr:district:en": "Phu Wiang", "addr:hamlet": "\u0e2b\u0e21\u0e39\u0e48\u0e17\u0e35\u0e48 8", "addr:province": "\u0e08\u0e31\u0e07\u0e2b\u0e27\u0e31\u0e14\u0e02\u0e2d\u0e19\u0e41\u0e01\u0e48\u0e19", "addr:province:en": "Khon Kaen Province", "addr:subdistrict": "\u0e2b\u0e27\u0e49\u0e32\u0e17\u0e2d\u0e07", "addr:subdistrict:en": "Wa Thong", "name": "\u0e1a\u0e49\u0e32\u0e19\u0e2b\u0e27\u0e49\u0e32\u0e17\u0e2d\u0e07 \u0e2b\u0e21\u0e39\u0e48 8", "name:en": "Ban Wa Thong Mu 8", "place": "hamlet", "source": "Bing; sign", "osm_id": 1871118505, "osm_type": "node"}, "geometry": {"type": "Point", "coordinates": [102.4347043, 16.7008454]}}, {"type": "Feature", "properties": {"capital_level": "8", "is_in:country": "Thailand", "is_in:country_code": "TH", "is_in:iso_3166_2": "TH-40", "is_in:state": "Khon Kaen", "is_in:state_code": "40", "name": "\u0e1a\u0e49\u0e32\u0e19\u0e2b\u0e27\u0e49\u0e32\u0e17\u0e2d\u0e07", "name:en": "Ban Wa Thong", "place": "village", "source": "Bing; sign", "osm_id": 1871118507, "osm_type": "node"}, "geometry": {"type": "Point", "coordinates": [102.4344165, 16.7025506]}}, {"type": "Feature", "properties": {"addr:district": "\u0e20\u0e39\u0e40\u0e27\u0e35\u0e22\u0e07", "addr:district:en": "Phu Wiang", "addr:hamlet": "\u0e2b\u0e21\u0e39\u0e48\u0e17\u0e35\u0e48 14", "addr:province": "\u0e08\u0e31\u0e07\u0e2b\u0e27\u0e31\u0e14\u0e02\u0e2d\u0e19\u0e41\u0e01\u0e48\u0e19", "addr:province:en": "Khon Kaen Province", "addr:subdistrict": "\u0e2b\u0e19\u0e2d\u0e07\u0e01\u0e38\u0e07\u0e18\u0e19\u0e2a\u0e32\u0e23", "addr:subdistrict:en": "Nong Kung Thanasan", "name": "\u0e1a\u0e49\u0e32\u0e19\u0e2b\u0e31\u0e19 \u0e2b\u0e21\u0e39\u0e48 14", "name:en": "Ban Han Mu 14", "place": "hamlet", "source": "Bing; sign", "osm_id": 1871118515, "osm_type": "node"}, "geometry": {"type": "Point", "coordinates": [102.4257357, 16.6735852]}}, {"type": "Feature", "properties": {"addr:district": "\u0e20\u0e39\u0e40\u0e27\u0e35\u0e22\u0e07", "addr:district:en": "Phu Wiang", "addr:hamlet": "\u0e2b\u0e21\u0e39\u0e48\u0e17\u0e35\u0e48 4", "addr:province": "\u0e08\u0e31\u0e07\u0e2b\u0e27\u0e31\u0e14\u0e02\u0e2d\u0e19\u0e41\u0e01\u0e48\u0e19", "addr:province:en": "Khon Kaen Province", "addr:subdistrict": "\u0e2b\u0e19\u0e2d\u0e07\u0e01\u0e38\u0e07\u0e18\u0e19\u0e2a\u0e32\u0e23", "addr:subdistrict:en": "Nong Kung Thanasan", "name": "\u0e1a\u0e49\u0e32\u0e19\u0e2b\u0e31\u0e19 \u0e2b\u0e21\u0e39\u0e48 4", "name:en": "Ban Han Mu 4", "place": "hamlet", "source": "Bing; sign", "osm_id": 1871118529, "osm_type": "node"}, "geometry": {"type": "Point", "coordinates": [102.4227636, 16.6826528]}}, {"type": "Feature", "properties": {"is_in:country": "Thailand", "is_in:country_code": "TH", "is_in:iso_3166_2": "TH-40", "is_in:state": "Khon Kaen", "is_in:state_code": "40", "name": "\u0e1a\u0e49\u0e32\u0e19\u0e2b\u0e49\u0e27\u0e22\u0e1a\u0e07", "name:en": "Ban Huai Bong", "place": "village", "source": "Bing; sign", "osm_id": 1871118530, "osm_type": "node"}, "geometry": {"type": "Point", "coordinates": [102.4524853, 16.7407831]}}, {"type": "Feature", "properties": {"addr:district": "\u0e20\u0e39\u0e40\u0e27\u0e35\u0e22\u0e07", "addr:district:en": "Phu Wiang", "addr:hamlet": "\u0e2b\u0e21\u0e39\u0e48\u0e17\u0e35\u0e48 1", "addr:province": "\u0e08\u0e31\u0e07\u0e2b\u0e27\u0e31\u0e14\u0e02\u0e2d\u0e19\u0e41\u0e01\u0e48\u0e19", "addr:province:en": "Khon Kaen Province", "addr:subdistrict": "\u0e1a\u0e49\u0e32\u0e19\u0e40\u0e23\u0e37\u0e2d", "addr:subdistrict:en": "Ban Ruea", "name": "\u0e1a\u0e49\u0e32\u0e19\u0e40\u0e23\u0e37\u0e2d \u0e2b\u0e21\u0e39\u0e48 1", "name:en": "Ban Ruea Mu 1", "place": "hamlet", "source": "Bing; sign", "osm_id": 1871118552, "osm_type": "node"}, "geometry": {"type": "Point", "coordinates": [102.4062398, 16.6793665]}}, {"type": "Feature", "properties": {"addr:district": "\u0e20\u0e39\u0e40\u0e27\u0e35\u0e22\u0e07", "addr:district:en": "Phu Wiang", "addr:hamlet": "\u0e2b\u0e21\u0e39\u0e48\u0e17\u0e35\u0e48 2", "addr:province": "\u0e08\u0e31\u0e07\u0e2b\u0e27\u0e31\u0e14\u0e02\u0e2d\u0e19\u0e41\u0e01\u0e48\u0e19", "addr:province:en": "Khon Kaen Province", "addr:subdistrict": "\u0e1a\u0e49\u0e32\u0e19\u0e40\u0e23\u0e37\u0e2d", "addr:subdistrict:en": "Ban Ruea", "name": "\u0e1a\u0e49\u0e32\u0e19\u0e40\u0e23\u0e37\u0e2d \u0e2b\u0e21\u0e39\u0e48 2", "name:en": "Ban Ruea Mu 2", "place": "hamlet", "source": "Bing; sign", "osm_id": 1871118593, "osm_type": "node"}, "geometry": {"type": "Point", "coordinates": [102.4083746, 16.6831395]}}, {"type": "Feature", "properties": {"capital_level": "8", "is_in:country": "Thailand", "is_in:country_code": "TH", "is_in:iso_3166_2": "TH-40", "is_in:state": "Khon Kaen", "is_in:state_code": "40", "name": "\u0e1a\u0e49\u0e32\u0e19\u0e40\u0e23\u0e37\u0e2d", "name:en": "Ban Ruea", "place": "village", "source": "Bing; sign", "osm_id": 1871118598, "osm_type": "node"}, "geometry": {"type": "Point", "coordinates": [102.4073182, 16.6814896]}}, {"type": "Feature", "properties": {"is_in:country": "Thailand", "is_in:country_code": "TH", "is_in:iso_3166_2": "TH-40", "is_in:state": "Khon Kaen", "is_in:state_code": "40", "name": "\u0e1a\u0e49\u0e32\u0e19\u0e42\u0e04\u0e01\u0e01\u0e25\u0e32\u0e07", "name:en": "Ban Khok Klang", "place": "village", "source": "Bing; sign", "osm_id": 1871118600, "osm_type": "node"}, "geometry": {"type": "Point", "coordinates": [102.4565822, 16.7521324]}}, {"type": "Feature", "properties": {"is_in:country": "Thailand", "is_in:country_code": "TH", "is_in:iso_3166_2": "TH-40", "is_in:state": "Khon Kaen", "is_in:state_code": "40", "name": "\u0e1a\u0e49\u0e32\u0e19\u0e42\u0e04\u0e01\u0e42\u0e01\u0e48\u0e07", "name:en": "Ban Khok Kong", "place": "village", "source": "Bing; sign", "osm_id": 1871118622, "osm_type": "node"}, "geometry": {"type": "Point", "coordinates": [102.3923223, 16.6639402]}}, {"type": "Feature", "properties": {"is_in:country": "Thailand", "is_in:country_code": "TH", "is_in:iso_3166_2": "TH-40", "is_in:state": "Khon Kaen", "is_in:state_code": "40", "name": "\u0e1a\u0e49\u0e32\u0e19\u0e42\u0e19\u0e19\u0e2a\u0e27\u0e23\u0e23\u0e04\u0e4c", "name:en": "Ban Non Sawan", "place": "village", "source": "Bing; sign", "osm_id": 1871118624, "osm_type": "node"}, "geometry": {"type": "Point", "coordinates": [102.4268578, 16.6608063]}}, {"type": "Feature", "properties": {"is_in:country": "Thailand", "is_in:country_code": "TH", "is_in:iso_3166_2": "TH-40", "is_in:state": "Khon Kaen", "is_in:state_code": "40", "name": "\u0e1a\u0e49\u0e32\u0e19\u0e42\u0e1b\u0e48\u0e07\u0e2a\u0e31\u0e07\u0e02\u0e4c", "name:en": "Ban Pong Sang", "place": "village", "source": "Bing; sign", "osm_id": 1871118639, "osm_type": "node"}, "geometry": {"type": "Point", "coordinates": [102.4592078, 16.7785142]}}, {"type": "Feature", "properties": {"addr:district": "\u0e20\u0e39\u0e40\u0e27\u0e35\u0e22\u0e07", "addr:district:en": "Phu Wiang", "addr:hamlet": "\u0e2b\u0e21\u0e39\u0e48\u0e17\u0e35\u0e48 1", "addr:province": "\u0e02\u0e2d\u0e19\u0e41\u0e01\u0e48\u0e19", "addr:province:en": "Khon Kaen", "addr:subdistrict": "\u0e1a\u0e49\u0e32\u0e19\u0e40\u0e23\u0e37\u0e2d", "addr:subdistrict:en": "Ban Ruea", "alt_name": "\u0e2a\u0e16\u0e32\u0e19\u0e35\u0e2d\u0e19\u0e32\u0e21\u0e31\u0e22\u0e1a\u0e49\u0e32\u0e19\u0e40\u0e23\u0e37\u0e2d", "amenity": "clinic", "emergency": "no", "healthcare": "clinic", "name": "\u0e42\u0e23\u0e07\u0e1e\u0e22\u0e32\u0e1a\u0e32\u0e25\u0e2a\u0e48\u0e07\u0e40\u0e2a\u0e23\u0e34\u0e21\u0e2a\u0e38\u0e02\u0e20\u0e32\u0e1e\u0e15\u0e33\u0e1a\u0e25 \u0e1a\u0e49\u0e32\u0e19\u0e40\u0e23\u0e37\u0e2d", "name:en": "Ban Ruea Subdistrict Health Promoting Hospital", "short_name": "\u0e23\u0e1e.\u0e2a\u0e15.\u0e1a\u0e49\u0e32\u0e19\u0e40\u0e23\u0e37\u0e2d", "source": "Bing; sign", "osm_id": 1871118674, "osm_type": "node"}, "geometry": {"type": "Point", "coordinates": [102.4008462, 16.6785068]}}, {"type": "Feature", "properties": {"addr:district": "\u0e20\u0e39\u0e40\u0e27\u0e35\u0e22\u0e07", "addr:district:en": "Phu Wiang", "addr:province": "\u0e02\u0e2d\u0e19\u0e41\u0e01\u0e48\u0e19", "addr:province:en": "Khon Kaen", "addr:subdistrict": "\u0e2b\u0e27\u0e49\u0e32\u0e17\u0e2d\u0e07", "addr:subdistrict:en": "Wa Thong", "alt_name": "\u0e2a\u0e16\u0e32\u0e19\u0e35\u0e2d\u0e19\u0e32\u0e21\u0e31\u0e22\u0e2b\u0e27\u0e49\u0e32\u0e17\u0e2d\u0e07", "amenity": "clinic", "emergency": "no", "healthcare": "clinic", "name": "\u0e42\u0e23\u0e07\u0e1e\u0e22\u0e32\u0e1a\u0e32\u0e25\u0e2a\u0e48\u0e07\u0e40\u0e2a\u0e23\u0e34\u0e21\u0e2a\u0e38\u0e02\u0e20\u0e32\u0e1e\u0e15\u0e33\u0e1a\u0e25 \u0e2b\u0e27\u0e49\u0e32\u0e17\u0e2d\u0e07", "name:en": "Wa Thong Subdistrict Health Promoting Hospital", "short_name": "\u0e23\u0e1e.\u0e2a\u0e15.\u0e2b\u0e27\u0e49\u0e32\u0e17\u0e2d\u0e07", "source": "Bing; sign", "osm_id": 1871118676, "osm_type": "node"}, "geometry": {"type": "Point", "coordinates": [102.434165, 16.7048476]}}, {"type": "Feature", "properties": {"addr:district": "\u0e20\u0e39\u0e40\u0e27\u0e35\u0e22\u0e07", "addr:district:en": "Phu Wiang", "addr:province": "\u0e02\u0e2d\u0e19\u0e41\u0e01\u0e48\u0e19", "addr:province:en": "Khon Kaen", "addr:subdistrict": "\u0e20\u0e39\u0e40\u0e27\u0e35\u0e22\u0e07", "addr:subdistrict:en": "Phu Wiang", "amenity": "school", "name": "\u0e42\u0e23\u0e07\u0e40\u0e23\u0e35\u0e22\u0e19\u0e42\u0e23\u0e08\u0e19\u0e4c\u0e27\u0e34\u0e21\u0e25\u0e28\u0e36\u0e01\u0e29\u0e32", "name:en": "Rot Wimon Sueksa School", "source": "Bing; sign", "osm_id": 1871118689, "osm_type": "node"}, "geometry": {"type": "Point", "coordinates": [102.3852069, 16.6561437]}}, {"type": "Feature", "properties": {"is_in:country": "Thailand", "is_in:country_code": "TH", "is_in:iso_3166_2": "TH-40", "is_in:state": "Khon Kaen", "is_in:state_code": "40", "name": "\u0e1a\u0e49\u0e32\u0e19\u0e01\u0e38\u0e14\u0e41\u0e04\u0e19", "name:en": "Ban Kut Khaen", "place": "village", "source": "Bing; sign", "osm_id": 1872436055, "osm_type": "node"}, "geometry": {"type": "Point", "coordinates": [102.5215363, 16.7699602]}}, {"type": "Feature", "properties": {"is_in:country": "Thailand", "is_in:country_code": "TH", "is_in:iso_3166_2": "TH-40", "is_in:state": "Khon Kaen", "is_in:state_code": "40", "name": "\u0e1a\u0e49\u0e32\u0e19\u0e04\u0e33\u0e43\u0e2b\u0e0d\u0e48", "name:en": "Ban Kham Yai", "place": "village", "source": "Bing; sign", "osm_id": 1872436067, "osm_type": "node"}, "geometry": {"type": "Point", "coordinates": [102.4894461, 16.6923687]}}, {"type": "Feature", "properties": {"is_in:country": "Thailand", "is_in:country_code": "TH", "is_in:iso_3166_2": "TH-40", "is_in:state": "Khon Kaen", "is_in:state_code": "40", "name": "\u0e1a\u0e49\u0e32\u0e19\u0e14\u0e2d\u0e19\u0e14\u0e39\u0e48", "name:en": "Ban Don Du", "place": "village", "source": "Bing; sign", "osm_id": 1872436074, "osm_type": "node"}, "geometry": {"type": "Point", "coordinates": [102.5007936, 16.7570807]}}, {"type": "Feature", "properties": {"is_in:country": "Thailand", "is_in:country_code": "TH", "is_in:iso_3166_2": "TH-40", "is_in:state": "Khon Kaen", "is_in:state_code": "40", "name": "\u0e1a\u0e49\u0e32\u0e19\u0e14\u0e2d\u0e19\u0e40\u0e1e\u0e34\u0e48\u0e21", "name:en": "Ban Don Phoem", "place": "village", "source": "Bing; sign", "osm_id": 1872436089, "osm_type": "node"}, "geometry": {"type": "Point", "coordinates": [102.5094945, 16.74226]}}, {"type": "Feature", "properties": {"capital_level": "8", "is_in:country": "Thailand", "is_in:country_code": "TH", "is_in:iso_3166_2": "TH-40", "is_in:state": "Khon Kaen", "is_in:state_code": "40", "name": "\u0e1a\u0e49\u0e32\u0e19\u0e17\u0e38\u0e48\u0e07\u0e0a\u0e21\u0e1e\u0e39", "name:en": "Ban Thung Chomphu", "place": "village", "source": "Bing; sign", "osm_id": 1872436103, "osm_type": "node"}, "geometry": {"type": "Point", "coordinates": [102.4929308, 16.7263113]}}, {"type": "Feature", "properties": {"is_in:country": "Thailand", "is_in:country_code": "TH", "is_in:iso_3166_2": "TH-40", "is_in:state": "Khon Kaen", "is_in:state_code": "40", "name": "\u0e1a\u0e49\u0e32\u0e19\u0e1e\u0e23\u0e30\u0e1a\u0e32\u0e17\u0e42\u0e19\u0e19\u0e04\u0e39\u0e13", "name:en": "Ban Phrabat Non Khun", "place": "village", "source": "Bing; sign", "osm_id": 1872436118, "osm_type": "node"}, "geometry": {"type": "Point", "coordinates": [102.4677862, 16.6964428]}}, {"type": "Feature", "properties": {"is_in:country": "Thailand", "is_in:country_code": "TH", "is_in:iso_3166_2": "TH-40", "is_in:state": "Khon Kaen", "is_in:state_code": "40", "name": "\u0e1a\u0e49\u0e32\u0e19\u0e2b\u0e19\u0e2d\u0e07\u0e1e\u0e25\u0e27\u0e07", "name:en": "Ban Nong Phluang", "place": "village", "source": "Bing; sign", "osm_id": 1872436127, "osm_type": "node"}, "geometry": {"type": "Point", "coordinates": [102.4849307, 16.7790523]}}, {"type": "Feature", "properties": {"is_in:country": "Thailand", "is_in:country_code": "TH", "is_in:iso_3166_2": "TH-40", "is_in:state": "Khon Kaen", "is_in:state_code": "40", "name": "\u0e1a\u0e49\u0e32\u0e19\u0e2b\u0e19\u0e2d\u0e07\u0e42\u0e19", "name:en": "Ban Nong No", "place": "village", "source": "Bing; sign", "osm_id": 1872436144, "osm_type": "node"}, "geometry": {"type": "Point", "coordinates": [102.5104307, 16.7231874]}}, {"type": "Feature", "properties": {"is_in:country": "Thailand", "is_in:country_code": "TH", "is_in:iso_3166_2": "TH-40", "is_in:state": "Khon Kaen", "is_in:state_code": "40", "name": "\u0e1a\u0e49\u0e32\u0e19\u0e2b\u0e49\u0e27\u0e22\u0e02\u0e35\u0e49\u0e2b\u0e19\u0e39", "name:en": "Ban Huai Khinu", "place": "village", "source": "Bing; sign", "osm_id": 1872436159, "osm_type": "node"}, "geometry": {"type": "Point", "coordinates": [102.5215508, 16.7402688]}}, {"type": "Feature", "properties": {"is_in:country": "Thailand", "is_in:country_code": "TH", "is_in:iso_3166_2": "TH-40", "is_in:state": "Khon Kaen", "is_in:state_code": "40", "name": "\u0e1a\u0e49\u0e32\u0e19\u0e2b\u0e49\u0e27\u0e22\u0e0a\u0e31\u0e19", "name:en": "Ban Huai Chan", "place": "village", "source": "Bing; sign", "osm_id": 1872436167, "osm_type": "node"}, "geometry": {"type": "Point", "coordinates": [102.5009673, 16.6828447]}}, {"type": "Feature", "properties": {"is_in:country": "Thailand", "is_in:country_code": "TH", "is_in:iso_3166_2": "TH-40", "is_in:state": "Khon Kaen", "is_in:state_code": "40", "name": "\u0e1a\u0e49\u0e32\u0e19\u0e40\u0e17\u0e1e\u0e23\u0e31\u0e01\u0e29\u0e32", "name:en": "Ban Thep Raksa", "place": "village", "source": "Bing; sign", "osm_id": 1872436180, "osm_type": "node"}, "geometry": {"type": "Point", "coordinates": [102.4793127, 16.6697264]}}, {"type": "Feature", "properties": {"is_in:country": "Thailand", "is_in:country_code": "TH", "is_in:iso_3166_2": "TH-40", "is_in:state": "Khon Kaen", "is_in:state_code": "40", "name": "\u0e1a\u0e49\u0e32\u0e19\u0e42\u0e04\u0e01\u0e2a\u0e07\u0e40\u0e1b\u0e37\u0e2d\u0e22", "name:en": "Ban Khok Song Pueai", "place": "village", "source": "Bing; sign", "osm_id": 1872436195, "osm_type": "node"}, "geometry": {"type": "Point", "coordinates": [102.5009024, 16.7666361]}}, {"type": "Feature", "properties": {"is_in:country": "Thailand", "is_in:country_code": "TH", "is_in:iso_3166_2": "TH-40", "is_in:state": "Khon Kaen", "is_in:state_code": "40", "name": "\u0e1a\u0e49\u0e32\u0e19\u0e42\u0e04\u0e01\u0e2a\u0e2b\u0e01\u0e23\u0e13\u0e4c", "name:en": "Ban Khok Sahakon", "place": "village", "source": "Bing; sign", "osm_id": 1872436210, "osm_type": "node"}, "geometry": {"type": "Point", "coordinates": [102.4533699, 16.6713821]}}, {"type": "Feature", "properties": {"is_in:country": "Thailand", "is_in:country_code": "TH", "is_in:iso_3166_2": "TH-40", "is_in:state": "Khon Kaen", "is_in:state_code": "40", "name": "\u0e1a\u0e49\u0e32\u0e19\u0e42\u0e19\u0e19\u0e2a\u0e21\u0e1a\u0e39\u0e23\u0e13\u0e4c", "name:en": "Ban Non Sombun", "place": "village", "source": "Bing; sign", "osm_id": 1872436217, "osm_type": "node"}, "geometry": {"type": "Point", "coordinates": [102.5142014, 16.6707136]}}, {"type": "Feature", "properties": {"addr:district": "\u0e20\u0e39\u0e40\u0e27\u0e35\u0e22\u0e07", "addr:district:en": "Phu Wiang", "addr:hamlet": "\u0e2b\u0e21\u0e39\u0e48\u0e17\u0e35\u0e48 4", "addr:province": "\u0e02\u0e2d\u0e19\u0e41\u0e01\u0e48\u0e19", "addr:province:en": "Khon Kaen", "addr:subdistrict": "\u0e17\u0e38\u0e48\u0e07\u0e0a\u0e21\u0e1e\u0e39", "addr:subdistrict:en": "Thung Chomphu", "alt_name": "\u0e2a\u0e16\u0e32\u0e19\u0e35\u0e2d\u0e19\u0e32\u0e21\u0e31\u0e22\u0e17\u0e38\u0e48\u0e07\u0e0a\u0e21\u0e1e\u0e39", "amenity": "clinic", "emergency": "no", "healthcare": "clinic", "name": "\u0e42\u0e23\u0e07\u0e1e\u0e22\u0e32\u0e1a\u0e32\u0e25\u0e2a\u0e48\u0e07\u0e40\u0e2a\u0e23\u0e34\u0e21\u0e2a\u0e38\u0e02\u0e20\u0e32\u0e1e\u0e15\u0e33\u0e1a\u0e25 \u0e17\u0e38\u0e48\u0e07\u0e0a\u0e21\u0e1e\u0e39", "name:en": "Thung Chomphu Subdistrict Health Promoting Hospital", "short_name": "\u0e23\u0e1e.\u0e2a\u0e15.\u0e17\u0e38\u0e48\u0e07\u0e0a\u0e21\u0e1e\u0e39", "source": "Bing; sign", "osm_id": 1872436257, "osm_type": "node"}, "geometry": {"type": "Point", "coordinates": [102.5016164, 16.767996]}}, {"type": "Feature", "properties": {"is_in:country": "Thailand", "is_in:country_code": "TH", "is_in:iso_3166_2": "TH-40", "is_in:state": "Khon Kaen", "is_in:state_code": "40", "name": "\u0e1a\u0e49\u0e32\u0e19\u0e2b\u0e49\u0e27\u0e22\u0e0a\u0e31\u0e19", "name:en": "Ban Huai Chan", "place": "village", "source": "Bing; sign", "osm_id": 1882221941, "osm_type": "node"}, "geometry": {"type": "Point", "coordinates": [102.3891122, 16.7043307]}}, {"type": "Feature", "properties": {"is_in:country": "Thailand", "is_in:country_code": "TH", "is_in:iso_3166_2": "TH-40", "is_in:state": "Khon Kaen", "is_in:state_code": "40", "name": "\u0e1a\u0e49\u0e32\u0e19\u0e14\u0e2d\u0e19\u0e19\u0e49\u0e2d\u0e22", "name:en": "Ban Don Noi", "place": "village", "source": "Bing; sign", "osm_id": 1920080683, "osm_type": "node"}, "geometry": {"type": "Point", "coordinates": [102.858484, 16.3430429]}}, {"type": "Feature", "properties": {"addr:district": "\u0e40\u0e21\u0e37\u0e2d\u0e07\u0e02\u0e2d\u0e19\u0e41\u0e01\u0e48\u0e19", "addr:district:en": "Mueang Khon Kaen", "addr:hamlet": "\u0e2b\u0e21\u0e39\u0e48\u0e17\u0e35\u0e48 1", "addr:province": "\u0e08\u0e31\u0e07\u0e2b\u0e27\u0e31\u0e14\u0e02\u0e2d\u0e19\u0e41\u0e01\u0e48\u0e19", "addr:province:en": "Khon Kaen Province", "addr:subdistrict": "\u0e14\u0e2d\u0e19\u0e2b\u0e31\u0e19", "addr:subdistrict:en": "Don Han", "name": "\u0e1a\u0e49\u0e32\u0e19\u0e14\u0e2d\u0e19\u0e2b\u0e31\u0e19 \u0e2b\u0e21\u0e39\u0e48 1", "name:en": "Ban Don Han Mu 1", "place": "hamlet", "source": "Bing; sign", "osm_id": 1920080688, "osm_type": "node"}, "geometry": {"type": "Point", "coordinates": [102.851524, 16.3382844]}}, {"type": "Feature", "properties": {"addr:district": "\u0e40\u0e21\u0e37\u0e2d\u0e07\u0e02\u0e2d\u0e19\u0e41\u0e01\u0e48\u0e19", "addr:district:en": "Mueang Khon Kaen", "addr:hamlet": "\u0e2b\u0e21\u0e39\u0e48\u0e17\u0e35\u0e48 14", "addr:province": "\u0e08\u0e31\u0e07\u0e2b\u0e27\u0e31\u0e14\u0e02\u0e2d\u0e19\u0e41\u0e01\u0e48\u0e19", "addr:province:en": "Khon Kaen Province", "addr:subdistrict": "\u0e14\u0e2d\u0e19\u0e2b\u0e31\u0e19", "addr:subdistrict:en": "Don Han", "name": "\u0e1a\u0e49\u0e32\u0e19\u0e14\u0e2d\u0e19\u0e2b\u0e31\u0e19 \u0e2b\u0e21\u0e39\u0e48 14", "name:en": "Ban Don Han Mu 14", "place": "hamlet", "source": "Bing; sign", "osm_id": 1920080716, "osm_type": "node"}, "geometry": {"type": "Point", "coordinates": [102.8538757, 16.3391233]}}, {"type": "Feature", "properties": {"is_in:country": "Thailand", "is_in:country_code": "TH", "is_in:iso_3166_2": "TH-40", "is_in:state": "Khon Kaen", "is_in:state_code": "40", "name": "\u0e1a\u0e49\u0e32\u0e19\u0e14\u0e2d\u0e19\u0e2b\u0e31\u0e19", "name:en": "Ban Don Han", "place": "village", "osm_id": 1920080726, "osm_type": "node"}, "geometry": {"type": "Point", "coordinates": [102.8528494, 16.3388356]}}, {"type": "Feature", "properties": {"is_in:country": "Thailand", "is_in:country_code": "TH", "is_in:iso_3166_2": "TH-40", "is_in:state": "Khon Kaen", "is_in:state_code": "40", "name": "\u0e1a\u0e49\u0e32\u0e19\u0e17\u0e48\u0e32\u0e41\u0e23\u0e48", "name:en": "Ban Tha Rae", "place": "village", "source": "Bing; sign", "osm_id": 1920080732, "osm_type": "node"}, "geometry": {"type": "Point", "coordinates": [102.8707215, 16.3322456]}}, {"type": "Feature", "properties": {"is_in:country": "Thailand", "is_in:country_code": "TH", "is_in:iso_3166_2": "TH-40", "is_in:state": "Khon Kaen", "is_in:state_code": "40", "name": "\u0e1a\u0e49\u0e32\u0e19\u0e2a\u0e27\u0e48\u0e32\u0e07\u0e21\u0e23\u0e23\u0e04\u0e32", "name:en": "Ban Sawang Mankha", "place": "village", "source": "Bing; sign", "osm_id": 1920080761, "osm_type": "node"}, "geometry": {"type": "Point", "coordinates": [102.8489379, 16.3262282]}}, {"type": "Feature", "properties": {"is_in:country": "Thailand", "is_in:country_code": "TH", "is_in:iso_3166_2": "TH-40", "is_in:state": "Khon Kaen", "is_in:state_code": "40", "name": "\u0e1a\u0e49\u0e32\u0e19\u0e42\u0e19\u0e19\u0e15\u0e38\u0e48\u0e19", "name:en": "Ban Non Tun", "place": "village", "source": "Bing; sign", "osm_id": 1920080772, "osm_type": "node"}, "geometry": {"type": "Point", "coordinates": [102.8932308, 16.3231128]}}, {"type": "Feature", "properties": {"addr:district": "\u0e40\u0e21\u0e37\u0e2d\u0e07\u0e02\u0e2d\u0e19\u0e41\u0e01\u0e48\u0e19", "addr:district:en": "Mueang Khon Kaen", "addr:hamlet": "\u0e2b\u0e21\u0e39\u0e48\u0e17\u0e35\u0e48 11", "addr:province": "\u0e02\u0e2d\u0e19\u0e41\u0e01\u0e48\u0e19", "addr:province:en": "Khon Kaen", "addr:subdistrict": "\u0e14\u0e2d\u0e19\u0e2b\u0e31\u0e19", "addr:subdistrict:en": "Don Han", "alt_name": "\u0e2a\u0e16\u0e32\u0e19\u0e35\u0e2d\u0e19\u0e32\u0e21\u0e31\u0e22\u0e1a\u0e49\u0e32\u0e19\u0e2b\u0e19\u0e2d\u0e07\u0e2b\u0e0d\u0e49\u0e32\u0e41\u0e1e\u0e23\u0e01", "amenity": "clinic", "emergency": "no", "healthcare": "clinic", "name": "\u0e42\u0e23\u0e07\u0e1e\u0e22\u0e32\u0e1a\u0e32\u0e25\u0e2a\u0e48\u0e07\u0e40\u0e2a\u0e23\u0e34\u0e21\u0e2a\u0e38\u0e02\u0e20\u0e32\u0e1e\u0e15\u0e33\u0e1a\u0e25 \u0e1a\u0e49\u0e32\u0e19\u0e2b\u0e19\u0e2d\u0e07\u0e2b\u0e0d\u0e49\u0e32\u0e41\u0e1e\u0e23\u0e01", "name:en": "Ban Nong Ya Phraek Subdistrict Health Promoting Hospital", "short_name": "\u0e23\u0e1e.\u0e2a\u0e15.\u0e1a\u0e49\u0e32\u0e19\u0e2b\u0e19\u0e2d\u0e07\u0e2b\u0e0d\u0e49\u0e32\u0e41\u0e1e\u0e23\u0e01", "source": "Bing; sign", "osm_id": 1920080800, "osm_type": "node"}, "geometry": {"type": "Point", "coordinates": [102.8640456, 16.3208191]}}, {"type": "Feature", "properties": {"is_in:country": "Thailand", "is_in:country_code": "TH", "is_in:iso_3166_2": "TH-44", "is_in:state": "Maha Sarakham", "is_in:state_code": "44", "name": "\u0e1a\u0e49\u0e32\u0e19\u0e14\u0e2d\u0e19\u0e19\u0e49\u0e2d\u0e22", "name:en": "Ban Don Noi", "place": "village", "source": "Bing; sign", "osm_id": 1921776472, "osm_type": "node"}, "geometry": {"type": "Point", "coordinates": [102.9513303, 16.3298825]}}, {"type": "Feature", "properties": {"is_in:country": "Thailand", "is_in:country_code": "TH", "is_in:iso_3166_2": "TH-44", "is_in:state": "Maha Sarakham", "is_in:state_code": "44", "name": "\u0e1a\u0e49\u0e32\u0e19\u0e14\u0e2d\u0e19\u0e2a\u0e27\u0e23\u0e23\u0e04\u0e4c", "name:en": "Ban Don Sawan", "place": "village", "source": "Bing; sign", "osm_id": 1921776473, "osm_type": "node"}, "geometry": {"type": "Point", "coordinates": [102.9226811, 16.3558394]}}, {"type": "Feature", "properties": {"is_in:country": "Thailand", "is_in:country_code": "TH", "is_in:iso_3166_2": "TH-44", "is_in:state": "Maha Sarakham", "is_in:state_code": "44", "name": "\u0e1a\u0e49\u0e32\u0e19\u0e21\u0e48\u0e27\u0e07\u0e43\u0e2b\u0e0d\u0e48", "name:en": "Ban Muang Yai", "place": "village", "source": "Bing; sign", "osm_id": 1921776485, "osm_type": "node"}, "geometry": {"type": "Point", "coordinates": [102.9500555, 16.3452342]}}, {"type": "Feature", "properties": {"is_in:country": "Thailand", "is_in:country_code": "TH", "is_in:iso_3166_2": "TH-44", "is_in:state": "Maha Sarakham", "is_in:state_code": "44", "name": "\u0e1a\u0e49\u0e32\u0e19\u0e42\u0e04\u0e01\u0e01\u0e25\u0e32\u0e07\u0e43\u0e2b\u0e0d\u0e48", "name:en": "Ban Khok Klang Yai", "place": "village", "source": "Bing; sign", "osm_id": 1921776488, "osm_type": "node"}, "geometry": {"type": "Point", "coordinates": [102.9091013, 16.3416879]}}, {"type": "Feature", "properties": {"is_in:country": "Thailand", "is_in:country_code": "TH", "is_in:iso_3166_2": "TH-44", "is_in:state": "Maha Sarakham", "is_in:state_code": "44", "name": "\u0e1a\u0e49\u0e32\u0e19\u0e42\u0e19\u0e19\u0e2a\u0e31\u0e07", "name:en": "Ban Non Sang", "place": "village", "source": "Bing; sign", "osm_id": 1921776489, "osm_type": "node"}, "geometry": {"type": "Point", "coordinates": [102.9989417, 16.2922965]}}, {"type": "Feature", "properties": {"capital_level": "8", "is_in:country": "Thailand", "is_in:country_code": "TH", "is_in:iso_3166_2": "TH-44", "is_in:state": "Maha Sarakham", "is_in:state_code": "44", "name": "\u0e1a\u0e49\u0e32\u0e19\u0e42\u0e1e\u0e19\u0e07\u0e32\u0e21", "name:en": "Ban Phon Ngam", "place": "village", "source": "Bing; sign", "osm_id": 1921776490, "osm_type": "node"}, "geometry": {"type": "Point", "coordinates": [102.9590675, 16.3144393]}}, {"type": "Feature", "properties": {"is_in:country": "Thailand", "is_in:country_code": "TH", "is_in:iso_3166_2": "TH-44", "is_in:state": "Maha Sarakham", "is_in:state_code": "44", "name": "\u0e1a\u0e49\u0e32\u0e19\u0e42\u0e1e\u0e19\u0e2a\u0e27\u0e32\u0e07", "name:en": "Ban Phon Sawang", "place": "village", "source": "Bing; sign", "osm_id": 1921776491, "osm_type": "node"}, "geometry": {"type": "Point", "coordinates": [102.9685659, 16.3132594]}}, {"type": "Feature", "properties": {"addr:district": "\u0e42\u0e01\u0e2a\u0e38\u0e21\u0e1e\u0e34\u0e2a\u0e31\u0e22", "addr:district:en": "Kosum Phisai", "addr:province": "\u0e21\u0e2b\u0e32\u0e2a\u0e32\u0e23\u0e04\u0e32\u0e21", "addr:province:en": "Maha Sarakham", "addr:subdistrict": "\u0e42\u0e1e\u0e19\u0e07\u0e32\u0e21", "addr:subdistrict:en": "Phon Ngam", "alt_name": "\u0e2a\u0e16\u0e32\u0e19\u0e35\u0e2d\u0e19\u0e32\u0e21\u0e31\u0e22\u0e42\u0e1e\u0e19\u0e07\u0e32\u0e21", "amenity": "clinic", "emergency": "no", "healthcare": "clinic", "name": "\u0e42\u0e23\u0e07\u0e1e\u0e22\u0e32\u0e1a\u0e32\u0e25\u0e2a\u0e48\u0e07\u0e40\u0e2a\u0e23\u0e34\u0e21\u0e2a\u0e38\u0e02\u0e20\u0e32\u0e1e\u0e15\u0e33\u0e1a\u0e25 \u0e42\u0e1e\u0e19\u0e07\u0e32\u0e21", "name:en": "Phon Ngam Subdistrict Health Promoting Hospital", "short_name": "\u0e23\u0e1e.\u0e2a\u0e15.\u0e42\u0e1e\u0e19\u0e07\u0e32\u0e21", "source": "Bing; sign", "osm_id": 1921776493, "osm_type": "node"}, "geometry": {"type": "Point", "coordinates": [102.9632127, 16.3156543]}}, {"type": "Feature", "properties": {"addr:district": "\u0e42\u0e01\u0e2a\u0e38\u0e21\u0e1e\u0e34\u0e2a\u0e31\u0e22", "addr:district:en": "Kosum Phisai", "addr:hamlet": "\u0e2b\u0e21\u0e39\u0e48\u0e17\u0e35\u0e48 7", "addr:province": "\u0e21\u0e2b\u0e32\u0e2a\u0e32\u0e23\u0e04\u0e32\u0e21", "addr:province:en": "Maha Sarakham", "addr:subdistrict": "\u0e42\u0e1e\u0e19\u0e07\u0e32\u0e21", "addr:subdistrict:en": "Phon Ngam", "alt_name": "\u0e2a\u0e16\u0e32\u0e19\u0e35\u0e2d\u0e19\u0e32\u0e21\u0e31\u0e22\u0e1a\u0e49\u0e32\u0e19\u0e14\u0e2d\u0e19\u0e08\u0e33\u0e1b\u0e32", "amenity": "clinic", "emergency": "no", "healthcare": "clinic", "name": "\u0e42\u0e23\u0e07\u0e1e\u0e22\u0e32\u0e1a\u0e32\u0e25\u0e2a\u0e48\u0e07\u0e40\u0e2a\u0e23\u0e34\u0e21\u0e2a\u0e38\u0e02\u0e20\u0e32\u0e1e\u0e15\u0e33\u0e1a\u0e25 \u0e1a\u0e49\u0e32\u0e19\u0e14\u0e2d\u0e19\u0e08\u0e33\u0e1b\u0e32", "name:en": "Ban Don Champa Subdistrict Health Promoting Hospital", "short_name": "\u0e23\u0e1e.\u0e2a\u0e15.\u0e1a\u0e49\u0e32\u0e19\u0e14\u0e2d\u0e19\u0e08\u0e33\u0e1b\u0e32", "source": "Bing; sign", "osm_id": 1921776494, "osm_type": "node"}, "geometry": {"type": "Point", "coordinates": [102.9258332, 16.3479411]}}, {"type": "Feature", "properties": {"is_in:country": "Thailand", "is_in:country_code": "TH", "is_in:iso_3166_2": "TH-44", "is_in:state": "Maha Sarakham", "is_in:state_code": "44", "name": "\u0e1a\u0e49\u0e32\u0e19\u0e14\u0e2d\u0e19\u0e2a\u0e38\u0e23\u0e34\u0e40\u0e22\u0e28", "name:en": "Ban Don Suriyet", "place": "village", "source": "Bing; sign", "osm_id": 1923575872, "osm_type": "node"}, "geometry": {"type": "Point", "coordinates": [103.0964306, 16.3055531]}}, {"type": "Feature", "properties": {"is_in:country": "Thailand", "is_in:country_code": "TH", "is_in:iso_3166_2": "TH-44", "is_in:state": "Maha Sarakham", "is_in:state_code": "44", "name": "\u0e1a\u0e49\u0e32\u0e19\u0e17\u0e48\u0e32\u0e40\u0e14\u0e37\u0e48\u0e2d", "name:en": "Ban Tha Duea", "place": "village", "source": "Bing; sign", "osm_id": 1923575873, "osm_type": "node"}, "geometry": {"type": "Point", "coordinates": [103.0237857, 16.3000035]}}, {"type": "Feature", "properties": {"capital_level": "8", "is_in:country": "Thailand", "is_in:country_code": "TH", "is_in:iso_3166_2": "TH-44", "is_in:state": "Maha Sarakham", "is_in:state_code": "44", "name": "\u0e1a\u0e49\u0e32\u0e19\u0e22\u0e32\u0e07\u0e19\u0e49\u0e2d\u0e22", "name:en": "Ban Yang Noi", "place": "village", "source": "Bing; sign", "osm_id": 1923575874, "osm_type": "node"}, "geometry": {"type": "Point", "coordinates": [103.1006202, 16.2938227]}}, {"type": "Feature", "properties": {"is_in:country": "Thailand", "is_in:country_code": "TH", "is_in:iso_3166_2": "TH-44", "is_in:state": "Maha Sarakham", "is_in:state_code": "44", "name": "\u0e1a\u0e49\u0e32\u0e19\u0e22\u0e32\u0e07\u0e43\u0e2b\u0e0d\u0e48", "name:en": "Ban Yang Yai", "place": "village", "source": "Bing; sign", "osm_id": 1923575875, "osm_type": "node"}, "geometry": {"type": "Point", "coordinates": [103.0935263, 16.2785143]}}, {"type": "Feature", "properties": {"is_in:country": "Thailand", "is_in:country_code": "TH", "is_in:iso_3166_2": "TH-44", "is_in:state": "Maha Sarakham", "is_in:state_code": "44", "name": "\u0e1a\u0e49\u0e32\u0e19\u0e28\u0e23\u0e35\u0e2a\u0e38\u0e02", "name:en": "Ban Si Suk", "place": "village", "source": "Bing; sign", "osm_id": 1923575876, "osm_type": "node"}, "geometry": {"type": "Point", "coordinates": [103.0637961, 16.2709872]}}, {"type": "Feature", "properties": {"is_in:country": "Thailand", "is_in:country_code": "TH", "is_in:iso_3166_2": "TH-44", "is_in:state": "Maha Sarakham", "is_in:state_code": "44", "name": "\u0e1a\u0e49\u0e32\u0e19\u0e2a\u0e27\u0e48\u0e32\u0e07", "name:en": "Ban Sawang", "place": "village", "source": "Bing; sign", "osm_id": 1923575883, "osm_type": "node"}, "geometry": {"type": "Point", "coordinates": [103.0458356, 16.3138183]}}, {"type": "Feature", "properties": {"is_in:country": "Thailand", "is_in:country_code": "TH", "is_in:iso_3166_2": "TH-44", "is_in:state": "Maha Sarakham", "is_in:state_code": "44", "name": "\u0e1a\u0e49\u0e32\u0e19\u0e42\u0e19\u0e19\u0e19\u0e01\u0e2b\u0e2d", "name:en": "Ban Non Nok Ho", "place": "village", "source": "Bing; sign", "osm_id": 1923575887, "osm_type": "node"}, "geometry": {"type": "Point", "coordinates": [103.0778697, 16.307922]}}, {"type": "Feature", "properties": {"is_in:country": "Thailand", "is_in:country_code": "TH", "is_in:iso_3166_2": "TH-44", "is_in:state": "Maha Sarakham", "is_in:state_code": "44", "name": "\u0e1a\u0e49\u0e32\u0e19\u0e42\u0e19\u0e19\u0e40\u0e21\u0e37\u0e2d\u0e07", "name:en": "Ban Non Mueang", "place": "village", "source": "Bing; sign", "osm_id": 1923575888, "osm_type": "node"}, "geometry": {"type": "Point", "coordinates": [103.0652745, 16.3176778]}}, {"type": "Feature", "properties": {"addr:district": "\u0e42\u0e01\u0e2a\u0e38\u0e21\u0e1e\u0e34\u0e2a\u0e31\u0e22", "addr:district:en": "Kosum Phisai", "addr:province": "\u0e21\u0e2b\u0e32\u0e2a\u0e32\u0e23\u0e04\u0e32\u0e21", "addr:province:en": "Maha Sarakham", "addr:subdistrict": "\u0e22\u0e32\u0e07\u0e19\u0e49\u0e2d\u0e22", "addr:subdistrict:en": "Yang Noi", "alt_name": "\u0e2a\u0e16\u0e32\u0e19\u0e35\u0e2d\u0e19\u0e32\u0e21\u0e31\u0e22\u0e1a\u0e49\u0e32\u0e19\u0e22\u0e32\u0e07\u0e43\u0e2b\u0e0d\u0e48", "amenity": "clinic", "emergency": "no", "healthcare": "clinic", "name": "\u0e42\u0e23\u0e07\u0e1e\u0e22\u0e32\u0e1a\u0e32\u0e25\u0e2a\u0e48\u0e07\u0e40\u0e2a\u0e23\u0e34\u0e21\u0e2a\u0e38\u0e02\u0e20\u0e32\u0e1e\u0e15\u0e33\u0e1a\u0e25 \u0e1a\u0e49\u0e32\u0e19\u0e22\u0e32\u0e07\u0e43\u0e2b\u0e0d\u0e48", "name:en": "Ban Yang Yai Subdistrict Health Promoting Hospital", "short_name": "\u0e23\u0e1e.\u0e2a\u0e15.\u0e1a\u0e49\u0e32\u0e19\u0e22\u0e32\u0e07\u0e43\u0e2b\u0e0d\u0e48", "source": "Bing; sign", "osm_id": 1923575932, "osm_type": "node"}, "geometry": {"type": "Point", "coordinates": [103.0909563, 16.2769725]}}, {"type": "Feature", "properties": {"is_in:country": "Thailand", "is_in:country_code": "TH", "is_in:iso_3166_2": "TH-44", "is_in:state": "Maha Sarakham", "is_in:state_code": "44", "name": "\u0e1a\u0e49\u0e32\u0e19\u0e1c\u0e31\u0e01\u0e2b\u0e19\u0e2d\u0e01", "name:en": "Ban Phaknok", "place": "village", "source": "Bing; sign", "osm_id": 1925220755, "osm_type": "node"}, "geometry": {"type": "Point", "coordinates": [103.1067052, 16.3264473]}}, {"type": "Feature", "properties": {"capital_level": "8", "is_in:country": "Thailand", "is_in:country_code": "TH", "is_in:iso_3166_2": "TH-44", "is_in:state": "Maha Sarakham", "is_in:state_code": "44", "name": "\u0e1a\u0e49\u0e32\u0e19\u0e22\u0e32\u0e07\u0e17\u0e48\u0e32\u0e41\u0e08\u0e49\u0e07", "name:en": "Ban Yang Tha Chaeng", "place": "village", "source": "Bing; sign", "osm_id": 1925220756, "osm_type": "node"}, "geometry": {"type": "Point", "coordinates": [103.041, 16.3130458]}}, {"type": "Feature", "properties": {"capital_level": "8", "is_in:country": "Thailand", "is_in:country_code": "TH", "is_in:iso_3166_2": "TH-44", "is_in:state": "Maha Sarakham", "is_in:state_code": "44", "name": "\u0e1a\u0e49\u0e32\u0e19\u0e40\u0e02\u0e37\u0e48\u0e2d\u0e19", "name:en": "Ban Khuean", "place": "village", "source": "Bing; sign", "osm_id": 1925220757, "osm_type": "node"}, "geometry": {"type": "Point", "coordinates": [103.0902135, 16.3398762]}}, {"type": "Feature", "properties": {"is_in:country": "Thailand", "is_in:country_code": "TH", "is_in:iso_3166_2": "TH-44", "is_in:state": "Maha Sarakham", "is_in:state_code": "44", "name": "\u0e1a\u0e49\u0e32\u0e19\u0e42\u0e19\u0e19\u0e15\u0e38\u0e48\u0e21", "name:en": "Ban Non Tum", "place": "village", "source": "Bing; sign", "osm_id": 1925220758, "osm_type": "node"}, "geometry": {"type": "Point", "coordinates": [103.0680913, 16.331409]}}, {"type": "Feature", "properties": {"is_in:country": "Thailand", "is_in:country_code": "TH", "is_in:iso_3166_2": "TH-44", "is_in:state": "Maha Sarakham", "is_in:state_code": "44", "name": "\u0e1a\u0e49\u0e32\u0e19\u0e42\u0e19\u0e19\u0e40\u0e19\u0e32\u0e27\u0e4c", "name:en": "Ban Non Nao", "place": "village", "source": "Bing; sign", "osm_id": 1925220759, "osm_type": "node"}, "geometry": {"type": "Point", "coordinates": [103.0713338, 16.3326697]}}, {"type": "Feature", "properties": {"addr:district": "\u0e42\u0e01\u0e2a\u0e38\u0e21\u0e1e\u0e34\u0e2a\u0e31\u0e22", "addr:district:en": "Kosum Phisai", "addr:province": "\u0e21\u0e2b\u0e32\u0e2a\u0e32\u0e23\u0e04\u0e32\u0e21", "addr:province:en": "Maha Sarakham", "addr:subdistrict": "\u0e22\u0e32\u0e07\u0e17\u0e48\u0e32\u0e41\u0e08\u0e49\u0e07", "addr:subdistrict:en": "Yang Tha Chaeng", "alt_name": "\u0e2a\u0e16\u0e32\u0e19\u0e35\u0e2d\u0e19\u0e32\u0e21\u0e31\u0e22\u0e22\u0e32\u0e07\u0e17\u0e48\u0e32\u0e41\u0e08\u0e49\u0e07", "amenity": "clinic", "emergency": "no", "healthcare": "clinic", "name": "\u0e42\u0e23\u0e07\u0e1e\u0e22\u0e32\u0e1a\u0e32\u0e25\u0e2a\u0e48\u0e07\u0e40\u0e2a\u0e23\u0e34\u0e21\u0e2a\u0e38\u0e02\u0e20\u0e32\u0e1e\u0e15\u0e33\u0e1a\u0e25 \u0e22\u0e32\u0e07\u0e17\u0e48\u0e32\u0e41\u0e08\u0e49\u0e07", "name:en": "Yang Tha Chaeng Subdistrict Health Promoting Hospital", "short_name": "\u0e23\u0e1e.\u0e2a\u0e15.\u0e22\u0e32\u0e07\u0e17\u0e48\u0e32\u0e41\u0e08\u0e49\u0e07", "source": "Bing; sign", "osm_id": 1925220784, "osm_type": "node"}, "geometry": {"type": "Point", "coordinates": [103.0414632, 16.3145088]}}, {"type": "Feature", "properties": {"addr:district": "\u0e42\u0e01\u0e2a\u0e38\u0e21\u0e1e\u0e34\u0e2a\u0e31\u0e22", "addr:district:en": "Kosum Phisai", "addr:hamlet": "\u0e2b\u0e21\u0e39\u0e48\u0e17\u0e35\u0e48 1", "addr:province": "\u0e21\u0e2b\u0e32\u0e2a\u0e32\u0e23\u0e04\u0e32\u0e21", "addr:province:en": "Maha Sarakham", "addr:subdistrict": "\u0e40\u0e02\u0e37\u0e48\u0e2d\u0e19", "addr:subdistrict:en": "Khuean", "alt_name": "\u0e2a\u0e16\u0e32\u0e19\u0e35\u0e2d\u0e19\u0e32\u0e21\u0e31\u0e22\u0e40\u0e02\u0e37\u0e48\u0e2d\u0e19", "amenity": "clinic", "emergency": "no", "healthcare": "clinic", "name": "\u0e42\u0e23\u0e07\u0e1e\u0e22\u0e32\u0e1a\u0e32\u0e25\u0e2a\u0e48\u0e07\u0e40\u0e2a\u0e23\u0e34\u0e21\u0e2a\u0e38\u0e02\u0e20\u0e32\u0e1e\u0e15\u0e33\u0e1a\u0e25 \u0e40\u0e02\u0e37\u0e48\u0e2d\u0e19", "name:en": "Khuean Subdistrict Health Promoting Hospital", "short_name": "\u0e23\u0e1e.\u0e2a\u0e15.\u0e40\u0e02\u0e37\u0e48\u0e2d\u0e19", "source": "Bing; sign", "osm_id": 1925220790, "osm_type": "node"}, "geometry": {"type": "Point", "coordinates": [103.0895717, 16.3405425]}}, {"type": "Feature", "properties": {"is_in:country": "Thailand", "is_in:country_code": "TH", "is_in:iso_3166_2": "TH-44", "is_in:state": "Maha Sarakham", "is_in:state_code": "44", "name": "\u0e1a\u0e49\u0e32\u0e19\u0e04\u0e31\u0e19\u0e08\u0e49\u0e2d\u0e07", "name:en": "Ban Khan Chong", "place": "village", "source": "Bing; sign", "osm_id": 1926959009, "osm_type": "node"}, "geometry": {"type": "Point", "coordinates": [103.1202392, 16.2877384]}}, {"type": "Feature", "properties": {"is_in:country": "Thailand", "is_in:country_code": "TH", "is_in:iso_3166_2": "TH-44", "is_in:state": "Maha Sarakham", "is_in:state_code": "44", "name": "\u0e1a\u0e49\u0e32\u0e19\u0e14\u0e2d\u0e19\u0e21\u0e31\u0e19", "name:en": "Ban Don Man", "place": "village", "source": "Bing; sign", "osm_id": 1926959038, "osm_type": "node"}, "geometry": {"type": "Point", "coordinates": [103.215566, 16.2709426]}}, {"type": "Feature", "properties": {"is_in:country": "Thailand", "is_in:country_code": "TH", "is_in:iso_3166_2": "TH-44", "is_in:state": "Maha Sarakham", "is_in:state_code": "44", "name": "\u0e1a\u0e49\u0e32\u0e19\u0e14\u0e2d\u0e19\u0e2b\u0e19\u0e48\u0e2d\u0e07", "name:en": "Ban Don Nong", "place": "village", "source": "Bing; sign", "osm_id": 1926959046, "osm_type": "node"}, "geometry": {"type": "Point", "coordinates": [103.2497529, 16.2739938]}}, {"type": "Feature", "properties": {"is_in:country": "Thailand", "is_in:country_code": "TH", "is_in:iso_3166_2": "TH-44", "is_in:state": "Maha Sarakham", "is_in:state_code": "44", "name": "\u0e1a\u0e49\u0e32\u0e19\u0e14\u0e2d\u0e19\u0e2d\u0e35\u0e40\u0e2d\u0e19", "name:en": "Ban Don I En", "place": "village", "source": "Bing; sign", "osm_id": 1926959057, "osm_type": "node"}, "geometry": {"type": "Point", "coordinates": [103.1465821, 16.3121071]}}, {"type": "Feature", "properties": {"is_in:country": "Thailand", "is_in:country_code": "TH", "is_in:iso_3166_2": "TH-44", "is_in:state": "Maha Sarakham", "is_in:state_code": "44", "name": "\u0e1a\u0e49\u0e32\u0e19\u0e15\u0e33\u0e41\u0e22", "name:en": "Ban Tamyae", "place": "village", "source": "Bing; sign", "osm_id": 1926959077, "osm_type": "node"}, "geometry": {"type": "Point", "coordinates": [103.2023155, 16.3192926]}}, {"type": "Feature", "properties": {"is_in:country": "Thailand", "is_in:country_code": "TH", "is_in:iso_3166_2": "TH-44", "is_in:state": "Maha Sarakham", "is_in:state_code": "44", "name": "\u0e1a\u0e49\u0e32\u0e19\u0e2a\u0e31\u0e19\u0e15\u0e34\u0e2a\u0e38\u0e02", "name:en": "Ban Santi Suk", "place": "village", "source": "Bing; sign", "osm_id": 1926959090, "osm_type": "node"}, "geometry": {"type": "Point", "coordinates": [103.152344, 16.3133317]}}, {"type": "Feature", "properties": {"is_in:country": "Thailand", "is_in:country_code": "TH", "is_in:iso_3166_2": "TH-44", "is_in:state": "Maha Sarakham", "is_in:state_code": "44", "name": "\u0e1a\u0e49\u0e32\u0e19\u0e2b\u0e19\u0e2d\u0e07\u0e02\u0e32\u0e21", "name:en": "Ban Nong Kham", "place": "village", "source": "Bing; sign", "osm_id": 1926959119, "osm_type": "node"}, "geometry": {"type": "Point", "coordinates": [103.2494723, 16.2882956]}}, {"type": "Feature", "properties": {"is_in:country": "Thailand", "is_in:country_code": "TH", "is_in:iso_3166_2": "TH-44", "is_in:state": "Maha Sarakham", "is_in:state_code": "44", "name": "\u0e1a\u0e49\u0e32\u0e19\u0e2b\u0e19\u0e2d\u0e07\u0e2d\u0e38\u0e48\u0e21", "name:en": "Ban Nong Um", "place": "village", "source": "Bing; sign", "osm_id": 1926959126, "osm_type": "node"}, "geometry": {"type": "Point", "coordinates": [103.2030586, 16.2956064]}}, {"type": "Feature", "properties": {"is_in:country": "Thailand", "is_in:country_code": "TH", "is_in:iso_3166_2": "TH-44", "is_in:state": "Maha Sarakham", "is_in:state_code": "44", "name": "\u0e1a\u0e49\u0e32\u0e19\u0e2b\u0e27\u0e32\u0e22", "name:en": "Ban Wai", "place": "village", "source": "Bing; sign", "osm_id": 1926959138, "osm_type": "node"}, "geometry": {"type": "Point", "coordinates": [103.1857594, 16.3025495]}}, {"type": "Feature", "properties": {"is_in:country": "Thailand", "is_in:country_code": "TH", "is_in:iso_3166_2": "TH-44", "is_in:state": "Maha Sarakham", "is_in:state_code": "44", "name": "\u0e1a\u0e49\u0e32\u0e19\u0e2b\u0e31\u0e27\u0e0a\u0e49\u0e32\u0e07", "name:en": "Ban Hua Chang", "place": "village", "source": "Bing; sign", "osm_id": 1926959165, "osm_type": "node"}, "geometry": {"type": "Point", "coordinates": [103.1134409, 16.2974762]}}, {"type": "Feature", "properties": {"is_in:country": "Thailand", "is_in:country_code": "TH", "is_in:iso_3166_2": "TH-44", "is_in:state": "Maha Sarakham", "is_in:state_code": "44", "name": "\u0e1a\u0e49\u0e32\u0e19\u0e2b\u0e31\u0e27\u0e2b\u0e19\u0e2d\u0e07", "name:en": "Ban Hua Nong", "place": "village", "source": "Bing; sign", "osm_id": 1926959168, "osm_type": "node"}, "geometry": {"type": "Point", "coordinates": [103.2418955, 16.291088]}}, {"type": "Feature", "properties": {"is_in:country": "Thailand", "is_in:country_code": "TH", "is_in:iso_3166_2": "TH-44", "is_in:state": "Maha Sarakham", "is_in:state_code": "44", "name": "\u0e1a\u0e49\u0e32\u0e19\u0e2b\u0e49\u0e27\u0e22\u0e21\u0e48\u0e27\u0e07", "name:en": "Ban Huai Muang", "place": "village", "source": "Bing; sign", "osm_id": 1926959179, "osm_type": "node"}, "geometry": {"type": "Point", "coordinates": [103.1684493, 16.3127549]}}, {"type": "Feature", "properties": {"capital_level": "8", "is_in:country": "Thailand", "is_in:country_code": "TH", "is_in:iso_3166_2": "TH-44", "is_in:state": "Maha Sarakham", "is_in:state_code": "44", "name": "\u0e1a\u0e49\u0e32\u0e19\u0e41\u0e2b\u0e48\u0e43\u0e15\u0e49", "name:en": "Ban Hae Tai", "place": "village", "source": "Bing; sign", "osm_id": 1926959218, "osm_type": "node"}, "geometry": {"type": "Point", "coordinates": [103.1206382, 16.2946214]}}, {"type": "Feature", "properties": {"is_in:country": "Thailand", "is_in:country_code": "TH", "is_in:iso_3166_2": "TH-44", "is_in:state": "Maha Sarakham", "is_in:state_code": "44", "name": "\u0e1a\u0e49\u0e32\u0e19\u0e42\u0e19\u0e19\u0e41\u0e2a\u0e1a\u0e07", "name:en": "Ban Non Sae Bong", "place": "village", "source": "Bing; sign", "osm_id": 1926959222, "osm_type": "node"}, "geometry": {"type": "Point", "coordinates": [103.2277012, 16.2608714]}}, {"type": "Feature", "properties": {"is_in:country": "Thailand", "is_in:country_code": "TH", "is_in:iso_3166_2": "TH-44", "is_in:state": "Maha Sarakham", "is_in:state_code": "44", "name": "\u0e1a\u0e49\u0e32\u0e19\u0e42\u0e1e\u0e19\u0e07\u0e32\u0e21", "name:en": "Ban Phon Ngam", "place": "village", "source": "Bing; sign", "osm_id": 1926959259, "osm_type": "node"}, "geometry": {"type": "Point", "coordinates": [103.2650475, 16.30376]}}, {"type": "Feature", "properties": {"is_in:country": "Thailand", "is_in:country_code": "TH", "is_in:iso_3166_2": "TH-44", "is_in:state": "Maha Sarakham", "is_in:state_code": "44", "name": "\u0e1a\u0e49\u0e32\u0e19\u0e42\u0e1e\u0e19\u0e17\u0e2d\u0e07", "name:en": "Ban Phon Thong", "place": "village", "source": "Bing; sign", "osm_id": 1926959268, "osm_type": "node"}, "geometry": {"type": "Point", "coordinates": [103.1306696, 16.2691462]}}, {"type": "Feature", "properties": {"addr:district": "\u0e42\u0e01\u0e2a\u0e38\u0e21\u0e1e\u0e34\u0e2a\u0e31\u0e22", "addr:district:en": "Kosum Phisai", "addr:province": "\u0e21\u0e2b\u0e32\u0e2a\u0e32\u0e23\u0e04\u0e32\u0e21", "addr:province:en": "Maha Sarakham", "addr:subdistrict": "\u0e41\u0e2b\u0e48\u0e43\u0e15\u0e49", "addr:subdistrict:en": "Hae Tai", "alt_name": "\u0e2a\u0e16\u0e32\u0e19\u0e35\u0e2d\u0e19\u0e32\u0e21\u0e31\u0e22\u0e41\u0e2b\u0e48\u0e43\u0e15\u0e49", "amenity": "clinic", "emergency": "no", "healthcare": "clinic", "name": "\u0e42\u0e23\u0e07\u0e1e\u0e22\u0e32\u0e1a\u0e32\u0e25\u0e2a\u0e48\u0e07\u0e40\u0e2a\u0e23\u0e34\u0e21\u0e2a\u0e38\u0e02\u0e20\u0e32\u0e1e\u0e15\u0e33\u0e1a\u0e25 \u0e41\u0e2b\u0e48\u0e43\u0e15\u0e49", "name:en": "Hae Tai Subdistrict Health Promoting Hospital", "short_name": "\u0e23\u0e1e.\u0e2a\u0e15.\u0e41\u0e2b\u0e48\u0e43\u0e15\u0e49", "source": "Bing; sign", "osm_id": 1926959357, "osm_type": "node"}, "geometry": {"type": "Point", "coordinates": [103.1197493, 16.2953292]}}, {"type": "Feature", "properties": {"amenity": "hospital", "source": "Bing", "osm_id": 1928865162, "osm_type": "node"}, "geometry": {"type": "Point", "coordinates": [103.1973039, 16.1123902]}}, {"type": "Feature", "properties": {"is_in:country": "Thailand", "is_in:country_code": "TH", "is_in:iso_3166_2": "TH-44", "is_in:state": "Maha Sarakham", "is_in:state_code": "44", "name": "\u0e1a\u0e49\u0e32\u0e19\u0e14\u0e2d\u0e19\u0e40\u0e27\u0e35\u0e22\u0e07\u0e08\u0e31\u0e19\u0e17\u0e19\u0e4c", "name:en": "Ban Don Wiang Chan", "place": "village", "source": "Bing; sign", "osm_id": 1928869140, "osm_type": "node"}, "geometry": {"type": "Point", "coordinates": [103.2739617, 16.2519683]}}, {"type": "Feature", "properties": {"is_in:country": "Thailand", "is_in:country_code": "TH", "is_in:iso_3166_2": "TH-44", "is_in:state": "Maha Sarakham", "is_in:state_code": "44", "name": "\u0e1a\u0e49\u0e32\u0e19\u0e14\u0e34\u0e19\u0e14\u0e33", "name:en": "Ban Dindam", "place": "village", "source": "Bing; sign", "osm_id": 1928869141, "osm_type": "node"}, "geometry": {"type": "Point", "coordinates": [103.2704207, 16.2246449]}}, {"type": "Feature", "properties": {"is_in:country_code": "TH", "is_in:iso_3166_2": "TH-44", "is_in:state": "Maha Sarakham", "is_in:state_code": "44", "name": "\u0e1a\u0e49\u0e32\u0e19\u0e17\u0e38\u0e48\u0e07\u0e19\u0e32\u0e40\u0e23\u0e32", "name:en": "Ban Thung Na Rao", "place": "village", "source": "Bing; sign", "osm_id": 1928869142, "osm_type": "node"}, "geometry": {"type": "Point", "coordinates": [103.2623872, 16.2054666]}}, {"type": "Feature", "properties": {"is_in:country": "Thailand", "is_in:state": "Maha Sarakham", "name": "\u0e1a\u0e49\u0e32\u0e19\u0e17\u0e48\u0e32\u0e41\u0e23\u0e48", "name:en": "Ban Tha Rae", "place": "village", "source": "Bing; sign", "osm_id": 1928869143, "osm_type": "node"}, "geometry": {"type": "Point", "coordinates": [103.2720733, 16.1553319]}}, {"type": "Feature", "properties": {"is_in:country": "Thailand", "is_in:country_code": "TH", "is_in:iso_3166_2": "TH-44", "is_in:state": "Maha Sarakham", "is_in:state_code": "44", "name": "\u0e1a\u0e49\u0e32\u0e19\u0e2b\u0e19\u0e2d\u0e07\u0e08\u0e34\u0e01", "name:en": "Ban Nong Chik", "place": "village", "source": "Bing; sign", "osm_id": 1928869144, "osm_type": "node"}, "geometry": {"type": "Point", "coordinates": [103.2606367, 16.1469291]}}, {"type": "Feature", "properties": {"addr:district": "\u0e40\u0e21\u0e37\u0e2d\u0e07\u0e21\u0e2b\u0e32\u0e2a\u0e32\u0e23\u0e04\u0e32\u0e21", "addr:district:en": "Mueang Maha Sarakham", "addr:province": "\u0e21\u0e2b\u0e32\u0e2a\u0e32\u0e23\u0e04\u0e32\u0e21", "addr:province:en": "Maha Sarakham", "addr:subdistrict": "\u0e41\u0e01\u0e48\u0e07\u0e40\u0e25\u0e34\u0e07\u0e08\u0e32\u0e19", "addr:subdistrict:en": "Kaeng Loeng Chan", "alt_name": "\u0e2a\u0e16\u0e32\u0e19\u0e35\u0e2d\u0e19\u0e32\u0e21\u0e31\u0e22\u0e41\u0e01\u0e48\u0e07\u0e40\u0e25\u0e34\u0e07\u0e08\u0e32\u0e19", "amenity": "clinic", "emergency": "no", "healthcare": "clinic", "name": "\u0e42\u0e23\u0e07\u0e1e\u0e22\u0e32\u0e1a\u0e32\u0e25\u0e2a\u0e48\u0e07\u0e40\u0e2a\u0e23\u0e34\u0e21\u0e2a\u0e38\u0e02\u0e20\u0e32\u0e1e\u0e15\u0e33\u0e1a\u0e25 \u0e41\u0e01\u0e48\u0e07\u0e40\u0e25\u0e34\u0e07\u0e08\u0e32\u0e19", "name:en": "Kaeng Loeng Chan Subdistrict Health Promoting Hospital", "short_name": "\u0e23\u0e1e.\u0e2a\u0e15.\u0e41\u0e01\u0e48\u0e07\u0e40\u0e25\u0e34\u0e07\u0e08\u0e32\u0e19", "source": "Bing; sign", "osm_id": 1928869186, "osm_type": "node"}, "geometry": {"type": "Point", "coordinates": [103.2655291, 16.1490797]}}, {"type": "Feature", "properties": {"is_in:country": "Thailand", "is_in:country_code": "TH", "is_in:iso_3166_2": "TH-44", "is_in:state": "Maha Sarakham", "is_in:state_code": "44", "name": "\u0e1a\u0e49\u0e32\u0e19\u0e02\u0e34\u0e07\u0e41\u0e04\u0e07", "name:en": "Ban Khing Khaeng", "place": "village", "source": "Bing; sign", "osm_id": 1930360905, "osm_type": "node"}, "geometry": {"type": "Point", "coordinates": [103.1054221, 16.212972]}}, {"type": "Feature", "properties": {"is_in:country": "Thailand", "is_in:country_code": "TH", "is_in:iso_3166_2": "TH-44", "is_in:state": "Maha Sarakham", "is_in:state_code": "44", "name": "\u0e1a\u0e49\u0e32\u0e19\u0e14\u0e07\u0e40\u0e04\u0e47\u0e07", "name:en": "Ban Dong Kheng", "place": "village", "source": "Bing; sign", "osm_id": 1930360906, "osm_type": "node"}, "geometry": {"type": "Point", "coordinates": [103.22289, 16.1543897]}}, {"type": "Feature", "properties": {"addr:district": "\u0e40\u0e21\u0e37\u0e2d\u0e07\u0e21\u0e2b\u0e32\u0e2a\u0e32\u0e23\u0e04\u0e32\u0e21", "addr:district:en": "Mueang Maha Sarakham", "addr:hamlet": "\u0e2b\u0e21\u0e39\u0e48\u0e17\u0e35\u0e48 21", "addr:province": "\u0e08\u0e31\u0e07\u0e2b\u0e27\u0e31\u0e14\u0e21\u0e2b\u0e32\u0e2a\u0e32\u0e23\u0e04\u0e32\u0e21", "addr:province:en": "Maha Sarakham Province", "addr:subdistrict": "\u0e17\u0e48\u0e32\u0e2a\u0e2d\u0e07\u0e04\u0e2d\u0e19", "addr:subdistrict:en": "Tha Song Khon", "name": "\u0e1a\u0e49\u0e32\u0e19\u0e14\u0e2d\u0e19\u0e2b\u0e31\u0e19\u0e1e\u0e31\u0e12\u0e19\u0e32 \u0e2b\u0e21\u0e39\u0e48 21", "name:en": "Ban Don Han Phatthana Mu 21", "place": "hamlet", "source": "Bing; sign", "osm_id": 1930360907, "osm_type": "node"}, "geometry": {"type": "Point", "coordinates": [103.2146098, 16.1545055]}}, {"type": "Feature", "properties": {"addr:district": "\u0e40\u0e21\u0e37\u0e2d\u0e07\u0e21\u0e2b\u0e32\u0e2a\u0e32\u0e23\u0e04\u0e32\u0e21", "addr:district:en": "Mueang Maha Sarakham", "addr:hamlet": "\u0e2b\u0e21\u0e39\u0e48\u0e17\u0e35\u0e48 9", "addr:province": "\u0e08\u0e31\u0e07\u0e2b\u0e27\u0e31\u0e14\u0e21\u0e2b\u0e32\u0e2a\u0e32\u0e23\u0e04\u0e32\u0e21", "addr:province:en": "Maha Sarakham Province", "addr:subdistrict": "\u0e17\u0e48\u0e32\u0e2a\u0e2d\u0e07\u0e04\u0e2d\u0e19", "addr:subdistrict:en": "Tha Song Khon", "name": "\u0e1a\u0e49\u0e32\u0e19\u0e14\u0e2d\u0e19\u0e2b\u0e31\u0e19\u0e1e\u0e31\u0e12\u0e19\u0e32 \u0e2b\u0e21\u0e39\u0e48 9", "name:en": "Ban Don Han Phatthana Mu 9", "place": "hamlet", "source": "Bing; sign", "osm_id": 1930360908, "osm_type": "node"}, "geometry": {"type": "Point", "coordinates": [103.212067, 16.1548662]}}, {"type": "Feature", "properties": {"is_in:country": "Thailand", "is_in:country_code": "TH", "is_in:iso_3166_2": "TH-44", "is_in:state": "Maha Sarakham", "is_in:state_code": "44", "name": "\u0e1a\u0e49\u0e32\u0e19\u0e14\u0e2d\u0e19\u0e2b\u0e31\u0e19\u0e1e\u0e31\u0e12\u0e19\u0e32", "name:en": "Ban Don Han Phatthana", "place": "village", "source": "Bing; sign", "osm_id": 1930360909, "osm_type": "node"}, "geometry": {"type": "Point", "coordinates": [103.2128904, 16.1539739]}}, {"type": "Feature", "properties": {"is_in:country": "Thailand", "is_in:country_code": "TH", "is_in:iso_3166_2": "TH-44", "is_in:state": "Maha Sarakham", "is_in:state_code": "44", "name": "\u0e1a\u0e49\u0e32\u0e19\u0e2a\u0e33\u0e42\u0e23\u0e07", "name:en": "Ban Samrong", "place": "village", "source": "Bing; sign", "osm_id": 1930360910, "osm_type": "node"}, "geometry": {"type": "Point", "coordinates": [103.0463499, 16.1620213]}}, {"type": "Feature", "properties": {"is_in:country": "Thailand", "is_in:country_code": "TH", "is_in:iso_3166_2": "TH-44", "is_in:state": "Maha Sarakham", "is_in:state_code": "44", "name": "\u0e1a\u0e49\u0e32\u0e19\u0e2a\u0e38\u0e02\u0e2a\u0e27\u0e31\u0e2a\u0e14\u0e34\u0e4c", "name:en": "Ban Suk Sawat", "place": "village", "source": "Bing; sign", "osm_id": 1930360911, "osm_type": "node"}, "geometry": {"type": "Point", "coordinates": [103.1051339, 16.2149243]}}, {"type": "Feature", "properties": {"is_in:country": "Thailand", "is_in:country_code": "TH", "is_in:iso_3166_2": "TH-44", "is_in:state": "Maha Sarakham", "is_in:state_code": "44", "name": "\u0e1a\u0e49\u0e32\u0e19\u0e2b\u0e19\u0e2d\u0e07\u0e01\u0e38\u0e07", "name:en": "Ban Nong Kung", "place": "village", "source": "Bing; sign", "osm_id": 1930360912, "osm_type": "node"}, "geometry": {"type": "Point", "coordinates": [103.1158622, 16.1706388]}}, {"type": "Feature", "properties": {"is_in:country": "Thailand", "is_in:country_code": "TH", "is_in:iso_3166_2": "TH-44", "is_in:state": "Maha Sarakham", "is_in:state_code": "44", "name": "\u0e1a\u0e49\u0e32\u0e19\u0e2b\u0e19\u0e2d\u0e07\u0e01\u0e38\u0e07\u0e40\u0e15\u0e48\u0e32", "name:en": "Ban Nong Kung Tao", "place": "village", "source": "Bing; sign", "osm_id": 1930360913, "osm_type": "node"}, "geometry": {"type": "Point", "coordinates": [103.1244473, 16.1760205]}}, {"type": "Feature", "properties": {"capital_level": "8", "is_in:country": "Thailand", "is_in:country_code": "TH", "is_in:iso_3166_2": "TH-44", "is_in:state": "Maha Sarakham", "is_in:state_code": "44", "name": "\u0e1a\u0e49\u0e32\u0e19\u0e2b\u0e19\u0e2d\u0e07\u0e42\u0e19", "name:en": "Ban Nong No", "place": "village", "source": "Bing; sign", "osm_id": 1930360914, "osm_type": "node"}, "geometry": {"type": "Point", "coordinates": [103.2449074, 16.1075783]}}, {"type": "Feature", "properties": {"is_in:country": "Thailand", "is_in:country_code": "TH", "is_in:iso_3166_2": "TH-44", "is_in:state": "Maha Sarakham", "is_in:state_code": "44", "name": "\u0e1a\u0e49\u0e32\u0e19\u0e2b\u0e19\u0e2d\u0e07\u0e43\u0e2b\u0e0d\u0e48", "name:en": "Ban Nong Yai", "place": "village", "source": "Bing; sign", "osm_id": 1930360915, "osm_type": "node"}, "geometry": {"type": "Point", "coordinates": [103.2308303, 16.1466223]}}, {"type": "Feature", "properties": {"is_in:country": "Thailand", "is_in:country_code": "TH", "is_in:iso_3166_2": "TH-44", "is_in:state": "Maha Sarakham", "is_in:state_code": "44", "name": "\u0e1a\u0e49\u0e32\u0e19\u0e40\u0e02\u0e27\u0e32", "name:en": "Ban Khwao", "place": "village", "source": "Bing; sign", "osm_id": 1930360916, "osm_type": "node"}, "geometry": {"type": "Point", "coordinates": [103.0680731, 16.2003289]}}, {"type": "Feature", "properties": {"is_in:country": "Thailand", "is_in:country_code": "TH", "is_in:iso_3166_2": "TH-44", "is_in:state": "Maha Sarakham", "is_in:state_code": "44", "name": "\u0e1a\u0e49\u0e32\u0e19\u0e41\u0e01\u0e49\u0e07\u0e19\u0e49\u0e2d\u0e22", "name:en": "Ban Kaeng Noi", "place": "village", "source": "Bing; sign", "osm_id": 1930360917, "osm_type": "node"}, "geometry": {"type": "Point", "coordinates": [103.1134155, 16.2060705]}}, {"type": "Feature", "properties": {"capital_level": "8", "is_in:country": "Thailand", "is_in:country_code": "TH", "is_in:iso_3166_2": "TH-44", "is_in:state": "Maha Sarakham", "is_in:state_code": "44", "name": "\u0e1a\u0e49\u0e32\u0e19\u0e41\u0e01\u0e49\u0e07\u0e41\u0e01", "name:en": "Ban Kaeng Kae", "place": "village", "source": "Bing; sign", "osm_id": 1930360918, "osm_type": "node"}, "geometry": {"type": "Point", "coordinates": [103.0956384, 16.1994733]}}, {"type": "Feature", "properties": {"is_in:country": "Thailand", "is_in:country_code": "TH", "is_in:iso_3166_2": "TH-44", "is_in:state": "Maha Sarakham", "is_in:state_code": "44", "name": "\u0e1a\u0e49\u0e32\u0e19\u0e41\u0e17\u0e48\u0e19", "name:en": "Ban Thaen", "place": "village", "source": "Bing; sign", "osm_id": 1930360919, "osm_type": "node"}, "geometry": {"type": "Point", "coordinates": [103.0539715, 16.1814464]}}, {"type": "Feature", "properties": {"is_in:country": "Thailand", "is_in:country_code": "TH", "is_in:iso_3166_2": "TH-44", "is_in:state": "Maha Sarakham", "is_in:state_code": "44", "name": "\u0e1a\u0e49\u0e32\u0e19\u0e42\u0e04\u0e01\u0e25\u0e48\u0e32\u0e21", "name:en": "Ban Khok Lam", "place": "village", "source": "Bing; sign", "osm_id": 1930360920, "osm_type": "node"}, "geometry": {"type": "Point", "coordinates": [103.104015, 16.1255502]}}, {"type": "Feature", "properties": {"is_in:country": "Thailand", "is_in:country_code": "TH", "is_in:iso_3166_2": "TH-44", "is_in:state": "Maha Sarakham", "is_in:state_code": "44", "name": "\u0e1a\u0e49\u0e32\u0e19\u0e42\u0e19\u0e19\u0e2b\u0e19\u0e2d\u0e07\u0e04\u0e39", "name:en": "Ban Non Nong Khu", "place": "village", "source": "Bing; sign", "osm_id": 1930360921, "osm_type": "node"}, "geometry": {"type": "Point", "coordinates": [103.0539225, 16.1772262]}}, {"type": "Feature", "properties": {"is_in:country": "Thailand", "is_in:country_code": "TH", "is_in:iso_3166_2": "TH-44", "is_in:state": "Maha Sarakham", "is_in:state_code": "44", "name": "\u0e1a\u0e49\u0e32\u0e19\u0e19\u0e49\u0e33\u0e40\u0e17\u0e35\u0e49\u0e22\u0e07", "name:en": "Ban Nam Thiang", "place": "village", "source": "Bing; sign", "osm_id": 1931802927, "osm_type": "node"}, "geometry": {"type": "Point", "coordinates": [102.9758832, 16.195318]}}, {"type": "Feature", "properties": {"is_in:country": "Thailand", "is_in:country_code": "TH", "is_in:iso_3166_2": "TH-44", "is_in:state": "Maha Sarakham", "is_in:state_code": "44", "name": "\u0e1a\u0e49\u0e32\u0e19\u0e22\u0e32\u0e07\u0e2a\u0e34\u0e19\u0e44\u0e0a\u0e22", "name:en": "Ban Yang Sin Chai", "place": "village", "source": "Bing; sign", "osm_id": 1931802928, "osm_type": "node"}, "geometry": {"type": "Point", "coordinates": [103.0515484, 16.1952463]}}, {"type": "Feature", "properties": {"is_in:country": "Thailand", "is_in:country_code": "TH", "is_in:iso_3166_2": "TH-44", "is_in:state": "Maha Sarakham", "is_in:state_code": "44", "name": "\u0e1a\u0e49\u0e32\u0e19\u0e2a\u0e27\u0e19\u0e01\u0e25\u0e49\u0e27\u0e22", "name:en": "Ban Suan Kluai", "place": "village", "source": "Bing; sign", "osm_id": 1931802944, "osm_type": "node"}, "geometry": {"type": "Point", "coordinates": [103.0277159, 16.1686539]}}, {"type": "Feature", "properties": {"is_in:country": "Thailand", "is_in:country_code": "TH", "is_in:iso_3166_2": "TH-44", "is_in:state": "Maha Sarakham", "is_in:state_code": "44", "name": "\u0e1a\u0e49\u0e32\u0e19\u0e2b\u0e0d\u0e49\u0e32\u0e02\u0e32\u0e27", "name:en": "Ban Ya Khao", "place": "village", "source": "Bing; sign", "osm_id": 1931802950, "osm_type": "node"}, "geometry": {"type": "Point", "coordinates": [103.0113467, 16.1834675]}}, {"type": "Feature", "properties": {"is_in:country": "Thailand", "is_in:country_code": "TH", "is_in:iso_3166_2": "TH-44", "is_in:state": "Maha Sarakham", "is_in:state_code": "44", "name": "\u0e1a\u0e49\u0e32\u0e19\u0e2b\u0e0d\u0e49\u0e32\u0e02\u0e32\u0e27\u0e1e\u0e31\u0e12\u0e19\u0e32", "name:en": "Ban Ya Khao Phatthana", "place": "village", "source": "Bing; sign", "osm_id": 1931802951, "osm_type": "node"}, "geometry": {"type": "Point", "coordinates": [103.0244055, 16.183865]}}, {"type": "Feature", "properties": {"is_in:country": "Thailand", "is_in:country_code": "TH", "is_in:iso_3166_2": "TH-44", "is_in:state": "Maha Sarakham", "is_in:state_code": "44", "name": "\u0e1a\u0e49\u0e32\u0e19\u0e2b\u0e19\u0e2d\u0e07\u0e2b\u0e32\u0e14", "name:en": "Ban Nong Hat", "place": "village", "source": "Bing; sign", "osm_id": 1931802967, "osm_type": "node"}, "geometry": {"type": "Point", "coordinates": [103.0470793, 16.1968692]}}, {"type": "Feature", "properties": {"is_in:country": "Thailand", "is_in:country_code": "TH", "is_in:iso_3166_2": "TH-44", "is_in:state": "Maha Sarakham", "is_in:state_code": "44", "name": "\u0e1a\u0e49\u0e32\u0e19\u0e40\u0e2b\u0e25\u0e48\u0e32", "name:en": "Ban Lao", "place": "village", "source": "Bing; sign", "osm_id": 1931802972, "osm_type": "node"}, "geometry": {"type": "Point", "coordinates": [103.0405887, 16.1787473]}}, {"type": "Feature", "properties": {"addr:district": "\u0e42\u0e01\u0e2a\u0e38\u0e21\u0e1e\u0e34\u0e2a\u0e31\u0e22", "addr:district:en": "Kosum Phisai", "addr:hamlet": "\u0e2b\u0e21\u0e39\u0e48\u0e17\u0e35\u0e48 6", "addr:province": "\u0e21\u0e2b\u0e32\u0e2a\u0e32\u0e23\u0e04\u0e32\u0e21", "addr:province:en": "Maha Sarakham", "addr:subdistrict": "\u0e40\u0e2b\u0e25\u0e48\u0e32", "addr:subdistrict:en": "Lao", "alt_name": "\u0e2a\u0e16\u0e32\u0e19\u0e35\u0e2d\u0e19\u0e32\u0e21\u0e31\u0e22\u0e40\u0e2b\u0e25\u0e48\u0e32", "amenity": "clinic", "emergency": "no", "healthcare": "clinic", "name": "\u0e42\u0e23\u0e07\u0e1e\u0e22\u0e32\u0e1a\u0e32\u0e25\u0e2a\u0e48\u0e07\u0e40\u0e2a\u0e23\u0e34\u0e21\u0e2a\u0e38\u0e02\u0e20\u0e32\u0e1e\u0e15\u0e33\u0e1a\u0e25 \u0e40\u0e2b\u0e25\u0e48\u0e32", "name:en": "Lao Subdistrict Health Promoting Hospital", "short_name": "\u0e23\u0e1e.\u0e2a\u0e15.\u0e40\u0e2b\u0e25\u0e48\u0e32", "source": "Bing; sign", "osm_id": 1931802992, "osm_type": "node"}, "geometry": {"type": "Point", "coordinates": [103.0494004, 16.1962955]}}, {"type": "Feature", "properties": {"is_in:country": "Thailand", "is_in:country_code": "TH", "is_in:iso_3166_2": "TH-44", "is_in:state": "Maha Sarakham", "is_in:state_code": "44", "name": "\u0e1a\u0e49\u0e32\u0e19\u0e27\u0e31\u0e07\u0e08\u0e32\u0e19", "name:en": "Ban Wang Chan", "place": "village", "source": "Bing; sign", "osm_id": 1933641773, "osm_type": "node"}, "geometry": {"type": "Point", "coordinates": [102.9241357, 16.1811067]}}, {"type": "Feature", "properties": {"is_in:country": "Thailand", "is_in:country_code": "TH", "is_in:iso_3166_2": "TH-44", "is_in:state": "Maha Sarakham", "is_in:state_code": "44", "name": "\u0e1a\u0e49\u0e32\u0e19\u0e27\u0e31\u0e07\u0e41\u0e14\u0e19", "name:en": "Ban Wang Daen", "place": "village", "source": "Bing; sign", "osm_id": 1933641774, "osm_type": "node"}, "geometry": {"type": "Point", "coordinates": [102.9056953, 16.189877]}}, {"type": "Feature", "properties": {"is_in:country": "Thailand", "is_in:country_code": "TH", "is_in:iso_3166_2": "TH-44", "is_in:state": "Maha Sarakham", "is_in:state_code": "44", "name": "\u0e1a\u0e49\u0e32\u0e19\u0e28\u0e32\u0e25\u0e32", "name:en": "Ban Sala", "place": "village", "source": "Bing; sign", "osm_id": 1933641775, "osm_type": "node"}, "geometry": {"type": "Point", "coordinates": [102.9731971, 16.2105268]}}, {"type": "Feature", "properties": {"is_in:country": "Thailand", "is_in:country_code": "TH", "is_in:iso_3166_2": "TH-44", "is_in:state": "Maha Sarakham", "is_in:state_code": "44", "name": "\u0e1a\u0e49\u0e32\u0e19\u0e2b\u0e19\u0e2d\u0e07\u0e01\u0e38\u0e07", "name:en": "Ban Nong Kung", "place": "village", "source": "Bing; sign", "osm_id": 1933641776, "osm_type": "node"}, "geometry": {"type": "Point", "coordinates": [102.9644982, 16.1955441]}}, {"type": "Feature", "properties": {"is_in:country": "Thailand", "is_in:country_code": "TH", "is_in:iso_3166_2": "TH-44", "is_in:state": "Maha Sarakham", "is_in:state_code": "44", "name": "\u0e1a\u0e49\u0e32\u0e19\u0e2b\u0e19\u0e2d\u0e07\u0e01\u0e38\u0e07\u0e43\u0e15\u0e49", "name:en": "Ban Nong Kung Tai", "place": "village", "source": "Bing; sign", "osm_id": 1933641777, "osm_type": "node"}, "geometry": {"type": "Point", "coordinates": [102.9612248, 16.1913625]}}, {"type": "Feature", "properties": {"is_in:country": "Thailand", "is_in:country_code": "TH", "is_in:iso_3166_2": "TH-44", "is_in:state": "Maha Sarakham", "is_in:state_code": "44", "name": "\u0e1a\u0e49\u0e32\u0e19\u0e2b\u0e19\u0e2d\u0e07\u0e2a\u0e34\u0e21", "name:en": "Ban Nong Sim", "place": "village", "source": "Bing; sign", "osm_id": 1933641778, "osm_type": "node"}, "geometry": {"type": "Point", "coordinates": [102.8754581, 16.2621302]}}, {"type": "Feature", "properties": {"is_in:country": "Thailand", "is_in:country_code": "TH", "is_in:iso_3166_2": "TH-44", "is_in:state": "Maha Sarakham", "is_in:state_code": "44", "name": "\u0e1a\u0e49\u0e32\u0e19\u0e2b\u0e19\u0e2d\u0e07\u0e40\u0e2b\u0e19\u0e37\u0e2d", "name:en": "Ban Nong Nuea", "place": "village", "source": "Bing; sign", "osm_id": 1933641779, "osm_type": "node"}, "geometry": {"type": "Point", "coordinates": [102.97585, 16.2617311]}}, {"type": "Feature", "properties": {"addr:district": "\u0e42\u0e01\u0e2a\u0e38\u0e21\u0e1e\u0e34\u0e2a\u0e31\u0e22", "addr:district:en": "Kosum Phisai", "addr:hamlet": "\u0e2b\u0e21\u0e39\u0e48\u0e17\u0e35\u0e48 12", "addr:province": "\u0e08\u0e31\u0e07\u0e2b\u0e27\u0e31\u0e14\u0e21\u0e2b\u0e32\u0e2a\u0e32\u0e23\u0e04\u0e32\u0e21", "addr:province:en": "Maha Sarakham Province", "addr:subdistrict": "\u0e2b\u0e19\u0e2d\u0e07\u0e40\u0e2b\u0e25\u0e47\u0e01", "addr:subdistrict:en": "Nong Lek", "name": "\u0e1a\u0e49\u0e32\u0e19\u0e2b\u0e19\u0e2d\u0e07\u0e40\u0e2b\u0e25\u0e47\u0e01 \u0e2b\u0e21\u0e39\u0e48 12", "name:en": "Ban Nong Lek Mu 12", "place": "hamlet", "source": "Bing; sign", "osm_id": 1933641780, "osm_type": "node"}, "geometry": {"type": "Point", "coordinates": [102.9841951, 16.1447199]}}, {"type": "Feature", "properties": {"addr:district": "\u0e42\u0e01\u0e2a\u0e38\u0e21\u0e1e\u0e34\u0e2a\u0e31\u0e22", "addr:district:en": "Kosum Phisai", "addr:hamlet": "\u0e2b\u0e21\u0e39\u0e48\u0e17\u0e35\u0e48 14", "addr:province": "\u0e08\u0e31\u0e07\u0e2b\u0e27\u0e31\u0e14\u0e21\u0e2b\u0e32\u0e2a\u0e32\u0e23\u0e04\u0e32\u0e21", "addr:province:en": "Maha Sarakham Province", "addr:subdistrict": "\u0e2b\u0e19\u0e2d\u0e07\u0e40\u0e2b\u0e25\u0e47\u0e01", "addr:subdistrict:en": "Nong Lek", "name": "\u0e1a\u0e49\u0e32\u0e19\u0e2b\u0e19\u0e2d\u0e07\u0e40\u0e2b\u0e25\u0e47\u0e01 \u0e2b\u0e21\u0e39\u0e48 14", "name:en": "Ban Nong Lek Mu 14", "place": "hamlet", "source": "Bing; sign", "osm_id": 1933641781, "osm_type": "node"}, "geometry": {"type": "Point", "coordinates": [102.9833302, 16.1426868]}}, {"type": "Feature", "properties": {"capital_level": "8", "is_in:country": "Thailand", "is_in:country_code": "TH", "is_in:iso_3166_2": "TH-44", "is_in:state": "Maha Sarakham", "is_in:state_code": "44", "name": "\u0e1a\u0e49\u0e32\u0e19\u0e2b\u0e19\u0e2d\u0e07\u0e40\u0e2b\u0e25\u0e47\u0e01", "name:en": "Ban Nong Lek", "place": "village", "source": "Bing; sign", "osm_id": 1933641782, "osm_type": "node"}, "geometry": {"type": "Point", "coordinates": [102.9838047, 16.143635]}}, {"type": "Feature", "properties": {"is_in:country": "Thailand", "is_in:country_code": "TH", "is_in:iso_3166_2": "TH-44", "is_in:state": "Maha Sarakham", "is_in:state_code": "44", "name": "\u0e1a\u0e49\u0e32\u0e19\u0e2b\u0e19\u0e2d\u0e07\u0e41\u0e2a\u0e07", "name:en": "Ban Nong Saeng", "place": "village", "source": "Bing; sign", "osm_id": 1933641783, "osm_type": "node"}, "geometry": {"type": "Point", "coordinates": [102.9798335, 16.2463379]}}, {"type": "Feature", "properties": {"is_in:country": "Thailand", "is_in:country_code": "TH", "is_in:iso_3166_2": "TH-44", "is_in:state": "Maha Sarakham", "is_in:state_code": "44", "name": "\u0e1a\u0e49\u0e32\u0e19\u0e2b\u0e19\u0e2d\u0e07\u0e42\u0e01", "name:en": "Ban Nong Ko", "place": "village", "source": "Bing; sign", "osm_id": 1933641784, "osm_type": "node"}, "geometry": {"type": "Point", "coordinates": [102.9811254, 16.2358543]}}, {"type": "Feature", "properties": {"addr:postcode": "44140", "is_in:country": "Thailand", "is_in:country_code": "TH", "is_in:iso_3166_2": "TH-44", "is_in:state": "Maha Sarakham", "is_in:state_code": "44", "name": "\u0e1a\u0e49\u0e32\u0e19\u0e2b\u0e19\u0e2d\u0e07\u0e44\u0e23\u0e48", "name:en": "Ban Nong Rai", "place": "village", "source": "Bing; sign", "osm_id": 1933641785, "osm_type": "node"}, "geometry": {"type": "Point", "coordinates": [102.9145418, 16.2166786]}}, {"type": "Feature", "properties": {"addr:district": "\u0e42\u0e01\u0e2a\u0e38\u0e21\u0e1e\u0e34\u0e2a\u0e31\u0e22", "addr:district:en": "Kosum Phisai", "addr:hamlet": "\u0e2b\u0e21\u0e39\u0e48\u0e17\u0e35\u0e48 11", "addr:province": "\u0e08\u0e31\u0e07\u0e2b\u0e27\u0e31\u0e14\u0e21\u0e2b\u0e32\u0e2a\u0e32\u0e23\u0e04\u0e32\u0e21", "addr:province:en": "Maha Sarakham Province", "addr:subdistrict": "\u0e2b\u0e19\u0e2d\u0e07\u0e40\u0e2b\u0e25\u0e47\u0e01", "addr:subdistrict:en": "Nong Lek", "name": "\u0e1a\u0e49\u0e32\u0e19\u0e2b\u0e31\u0e19 \u0e2b\u0e21\u0e39\u0e48 11", "name:en": "Ban Han Mu 11", "place": "hamlet", "source": "Bing; sign", "osm_id": 1933641786, "osm_type": "node"}, "geometry": {"type": "Point", "coordinates": [103.0053852, 16.1186822]}}, {"type": "Feature", "properties": {"addr:district": "\u0e42\u0e01\u0e2a\u0e38\u0e21\u0e1e\u0e34\u0e2a\u0e31\u0e22", "addr:district:en": "Kosum Phisai", "addr:hamlet": "\u0e2b\u0e21\u0e39\u0e48\u0e17\u0e35\u0e48 16", "addr:province": "\u0e08\u0e31\u0e07\u0e2b\u0e27\u0e31\u0e14\u0e21\u0e2b\u0e32\u0e2a\u0e32\u0e23\u0e04\u0e32\u0e21", "addr:province:en": "Maha Sarakham Province", "addr:subdistrict": "\u0e2b\u0e19\u0e2d\u0e07\u0e40\u0e2b\u0e25\u0e47\u0e01", "addr:subdistrict:en": "Nong Lek", "name": "\u0e1a\u0e49\u0e32\u0e19\u0e2b\u0e31\u0e19 \u0e2b\u0e21\u0e39\u0e48 16", "name:en": "Ban Han Mu 16", "place": "hamlet", "source": "Bing; sign", "osm_id": 1933641787, "osm_type": "node"}, "geometry": {"type": "Point", "coordinates": [103.0073468, 16.1178491]}}, {"type": "Feature", "properties": {"is_in:country": "Thailand", "is_in:country_code": "TH", "is_in:iso_3166_2": "TH-44", "is_in:state": "Maha Sarakham", "is_in:state_code": "44", "name": "\u0e1a\u0e49\u0e32\u0e19\u0e2b\u0e31\u0e19", "name:en": "Ban Han", "place": "village", "source": "Bing; sign", "osm_id": 1933641788, "osm_type": "node"}, "geometry": {"type": "Point", "coordinates": [103.0067638, 16.1193395]}}, {"type": "Feature", "properties": {"is_in:country": "Thailand", "is_in:country_code": "TH", "is_in:iso_3166_2": "TH-44", "is_in:state": "Maha Sarakham", "is_in:state_code": "44", "name": "\u0e1a\u0e49\u0e32\u0e19\u0e2b\u0e31\u0e27\u0e19\u0e32\u0e04\u0e33", "name:en": "Ban Hua Na Kham", "place": "village", "source": "Bing; sign", "osm_id": 1933641789, "osm_type": "node"}, "geometry": {"type": "Point", "coordinates": [102.97421, 16.2246479]}}, {"type": "Feature", "properties": {"is_in:country": "Thailand", "is_in:country_code": "TH", "is_in:iso_3166_2": "TH-44", "is_in:state": "Maha Sarakham", "is_in:state_code": "44", "name": "\u0e1a\u0e49\u0e32\u0e19\u0e40\u0e2b\u0e25\u0e48\u0e32\u0e42\u0e1e\u0e18\u0e34\u0e4c", "name:en": "Ban Lao Pho", "place": "village", "source": "Bing; sign", "osm_id": 1933641790, "osm_type": "node"}, "geometry": {"type": "Point", "coordinates": [102.990714, 16.2271458]}}, {"type": "Feature", "properties": {"is_in:country": "Thailand", "is_in:country_code": "TH", "is_in:iso_3166_2": "TH-44", "is_in:state": "Maha Sarakham", "is_in:state_code": "44", "name": "\u0e1a\u0e49\u0e32\u0e19\u0e42\u0e19\u0e19\u0e07\u0e32\u0e21", "name:en": "Ban Non Ngam", "place": "village", "source": "Bing; sign", "osm_id": 1933641791, "osm_type": "node"}, "geometry": {"type": "Point", "coordinates": [102.871432, 16.2529126]}}, {"type": "Feature", "properties": {"addr:district": "\u0e42\u0e01\u0e2a\u0e38\u0e21\u0e1e\u0e34\u0e2a\u0e31\u0e22", "addr:district:en": "Kosum Phisai", "addr:hamlet": "\u0e2b\u0e21\u0e39\u0e48\u0e17\u0e35\u0e48 9", "addr:province": "\u0e21\u0e2b\u0e32\u0e2a\u0e32\u0e23\u0e04\u0e32\u0e21", "addr:province:en": "Maha Sarakham", "addr:subdistrict": "\u0e2b\u0e19\u0e2d\u0e07\u0e01\u0e38\u0e07\u0e2a\u0e27\u0e23\u0e23\u0e04\u0e4c", "addr:subdistrict:en": "Nong Kung Sawan", "alt_name": "\u0e2a\u0e16\u0e32\u0e19\u0e35\u0e2d\u0e19\u0e32\u0e21\u0e31\u0e22\u0e1a\u0e49\u0e32\u0e19\u0e2b\u0e19\u0e2d\u0e07\u0e01\u0e38\u0e07", "amenity": "clinic", "emergency": "no", "healthcare": "clinic", "name": "\u0e42\u0e23\u0e07\u0e1e\u0e22\u0e32\u0e1a\u0e32\u0e25\u0e2a\u0e48\u0e07\u0e40\u0e2a\u0e23\u0e34\u0e21\u0e2a\u0e38\u0e02\u0e20\u0e32\u0e1e\u0e15\u0e33\u0e1a\u0e25 \u0e1a\u0e49\u0e32\u0e19\u0e2b\u0e19\u0e2d\u0e07\u0e01\u0e38\u0e07", "name:en": "Ban Nong Kung Subdistrict Health Promoting Hospital", "short_name": "\u0e23\u0e1e.\u0e2a\u0e15.\u0e1a\u0e49\u0e32\u0e19\u0e2b\u0e19\u0e2d\u0e07\u0e01\u0e38\u0e07", "source": "Bing; sign", "osm_id": 1933641795, "osm_type": "node"}, "geometry": {"type": "Point", "coordinates": [102.9661961, 16.1971192]}}, {"type": "Feature", "properties": {"addr:district": "\u0e42\u0e01\u0e2a\u0e38\u0e21\u0e1e\u0e34\u0e2a\u0e31\u0e22", "addr:district:en": "Kosum Phisai", "addr:hamlet": "\u0e2b\u0e21\u0e39\u0e48\u0e17\u0e35\u0e48 11", "addr:province": "\u0e21\u0e2b\u0e32\u0e2a\u0e32\u0e23\u0e04\u0e32\u0e21", "addr:province:en": "Maha Sarakham", "addr:subdistrict": "\u0e40\u0e02\u0e27\u0e32\u0e44\u0e23\u0e48", "addr:subdistrict:en": "Khwao Rai", "alt_name": "\u0e2a\u0e16\u0e32\u0e19\u0e35\u0e2d\u0e19\u0e32\u0e21\u0e31\u0e22\u0e1a\u0e49\u0e32\u0e19\u0e42\u0e19\u0e19\u0e1e\u0e22\u0e2d\u0e21", "amenity": "clinic", "emergency": "no", "healthcare": "clinic", "name": "\u0e42\u0e23\u0e07\u0e1e\u0e22\u0e32\u0e1a\u0e32\u0e25\u0e2a\u0e48\u0e07\u0e40\u0e2a\u0e23\u0e34\u0e21\u0e2a\u0e38\u0e02\u0e20\u0e32\u0e1e\u0e15\u0e33\u0e1a\u0e25 \u0e1a\u0e49\u0e32\u0e19\u0e42\u0e19\u0e19\u0e1e\u0e22\u0e2d\u0e21", "name:en": "Ban Non Phayom Subdistrict Health Promoting Hospital", "short_name": "\u0e23\u0e1e.\u0e2a\u0e15.\u0e1a\u0e49\u0e32\u0e19\u0e42\u0e19\u0e19\u0e1e\u0e22\u0e2d\u0e21", "source": "Bing; sign", "osm_id": 1933641796, "osm_type": "node"}, "geometry": {"type": "Point", "coordinates": [102.8742114, 16.2564219]}}, {"type": "Feature", "properties": {"place": "village", "osm_id": 2525682383, "osm_type": "node"}, "geometry": {"type": "Point", "coordinates": [103.2437853, 16.1820628]}}, {"type": "Feature", "properties": {"name": "\u0e1a\u0e49\u0e32\u0e19\u0e42\u0e19\u0e19\u0e2b\u0e31\u0e27\u0e1d\u0e32\u0e22", "name:en": "Ban Non Hua Fai", "place": "village", "source": "geonames", "osm_id": 2525686451, "osm_type": "node"}, "geometry": {"type": "Point", "coordinates": [103.2643079, 16.1852755]}}, {"type": "Feature", "properties": {"name": "\u0e1a\u0e49\u0e32\u0e19\u0e17\u0e31\u0e1a\u0e21\u0e49\u0e32", "name:en": "Ban Thap Ma", "place": "village", "source": "Geonames", "osm_id": 2591416791, "osm_type": "node"}, "geometry": {"type": "Point", "coordinates": [103.0565102, 16.3789398]}}, {"type": "Feature", "properties": {"name": "\u0e1a\u0e49\u0e32\u0e19\u0e14\u0e2d\u0e19\u0e2e\u0e31\u0e19", "name:en": "Ban Don Han", "place": "village", "source": "Geonames", "osm_id": 2591416792, "osm_type": "node"}, "geometry": {"type": "Point", "coordinates": [103.0673197, 16.3766389]}}, {"type": "Feature", "properties": {"place": "village", "osm_id": 2591441408, "osm_type": "node"}, "geometry": {"type": "Point", "coordinates": [103.0422224, 16.4037412]}}, {"type": "Feature", "properties": {"name": "\u0e1a\u0e49\u0e32\u0e19 \u0e2a\u0e23\u0e49\u0e32\u0e07\u0e41\u0e01\u0e49\u0e27", "name:en": "Ban Sang Kaeo", "name:th": "\u0e1a\u0e49\u0e32\u0e19 \u0e2a\u0e23\u0e49\u0e32\u0e07\u0e41\u0e01\u0e49\u0e27", "place": "village", "osm_id": 2591441409, "osm_type": "node"}, "geometry": {"type": "Point", "coordinates": [103.0750527, 16.4190552]}}, {"type": "Feature", "properties": {"place": "village", "osm_id": 2591441411, "osm_type": "node"}, "geometry": {"type": "Point", "coordinates": [103.0581011, 16.4055937]}}, {"type": "Feature", "properties": {"name": "\u0e1a\u0e49\u0e32\u0e19 \u0e2b\u0e19\u0e2d\u0e07\u0e42\u0e1b\u0e48\u0e07", "name:en": "Ban Nong Pong", "name:th": "\u0e1a\u0e49\u0e32\u0e19 \u0e2b\u0e19\u0e2d\u0e07\u0e42\u0e1b\u0e48\u0e07", "place": "village", "osm_id": 2591444955, "osm_type": "node"}, "geometry": {"type": "Point", "coordinates": [103.0609979, 16.4244684]}}, {"type": "Feature", "properties": {"place": "village", "osm_id": 2591452091, "osm_type": "node"}, "geometry": {"type": "Point", "coordinates": [103.1190409, 16.3901139]}}, {"type": "Feature", "properties": {"name": "\u0e1a\u0e49\u0e32\u0e19 \u0e2b\u0e19\u0e2d\u0e07\u0e44\u0e2b", "name:en": "Ban Nong Hai", "name:th": "\u0e1a\u0e49\u0e32\u0e19 \u0e2b\u0e19\u0e2d\u0e07\u0e44\u0e2b", "place": "village", "osm_id": 2591452092, "osm_type": "node"}, "geometry": {"type": "Point", "coordinates": [103.1440606, 16.3765886]}}, {"type": "Feature", "properties": {"place": "village", "osm_id": 2591455600, "osm_type": "node"}, "geometry": {"type": "Point", "coordinates": [102.983128, 16.2810205]}}, {"type": "Feature", "properties": {"place": "village", "osm_id": 2591455603, "osm_type": "node"}, "geometry": {"type": "Point", "coordinates": [102.9759136, 16.2746969]}}, {"type": "Feature", "properties": {"place": "village", "osm_id": 2591456484, "osm_type": "node"}, "geometry": {"type": "Point", "coordinates": [102.9436459, 16.2854282]}}, {"type": "Feature", "properties": {"place": "village", "osm_id": 2595984013, "osm_type": "node"}, "geometry": {"type": "Point", "coordinates": [103.2723252, 16.6151176]}}, {"type": "Feature", "properties": {"place": "village", "osm_id": 2595984026, "osm_type": "node"}, "geometry": {"type": "Point", "coordinates": [103.2580247, 16.5981368]}}, {"type": "Feature", "properties": {"name:en": "Ban Nong Ruea", "place": "village", "osm_id": 2636164526, "osm_type": "node"}, "geometry": {"type": "Point", "coordinates": [102.3929175, 16.311286]}}, {"type": "Feature", "properties": {"amenity": "school", "check_date": "2025-12-28", "name": "\u0e42\u0e23\u0e07\u0e40\u0e23\u0e35\u0e22\u0e19\u0e40\u0e17\u0e28\u0e1a\u0e32\u0e25\u0e1a\u0e49\u0e32\u0e19\u0e15\u0e39\u0e21", "name:en": "Ban Tum Municipal School", "name:th": "\u0e42\u0e23\u0e07\u0e40\u0e23\u0e35\u0e22\u0e19\u0e40\u0e17\u0e28\u0e1a\u0e32\u0e25\u0e1a\u0e49\u0e32\u0e19\u0e15\u0e39\u0e21", "source": "Bing; sign", "osm_id": 2651249937, "osm_type": "node"}, "geometry": {"type": "Point", "coordinates": [102.8385975, 16.4017257]}}, {"type": "Feature", "properties": {"addr:country": "TH", "addr:district": "\u0e40\u0e21\u0e37\u0e2d\u0e07\u0e02\u0e2d\u0e19\u0e41\u0e01\u0e48\u0e19", "addr:district:en": "Mueang Khon Kaen", "addr:housenumber": "2/9-11", "addr:postcode": "40000", "addr:province": "\u0e02\u0e2d\u0e19\u0e41\u0e01\u0e48\u0e19", "addr:province:en": "Khon Kaen", "addr:street": "\u0e16\u0e19\u0e19\u0e01\u0e25\u0e32\u0e07\u0e40\u0e21\u0e37\u0e2d\u0e07", "addr:street:en": "Klang Mueang Road", "addr:subdistrict": "\u0e43\u0e19\u0e40\u0e21\u0e37\u0e2d\u0e07", "addr:subdistrict:en": "Nai Mueang", "amenity": "clinic", "contact:facebook": "https://www.facebook.com/Theeraya-Clinic-916509528438039/", "healthcare": "clinic", "name": "\u0e18\u0e35\u0e23\u0e22\u0e32\u0e04\u0e25\u0e34\u0e19\u0e34\u0e01", "name:en": "Theeraya Clinic", "name:th": "\u0e18\u0e35\u0e23\u0e22\u0e32\u0e04\u0e25\u0e34\u0e19\u0e34\u0e01", "source": "Bing; sign", "osm_id": 2653206537, "osm_type": "node"}, "geometry": {"type": "Point", "coordinates": [102.8362591, 16.437809]}}, {"type": "Feature", "properties": {"amenity": "doctors", "healthcare": "doctor", "name": "\u0e04\u0e25\u0e34\u0e19\u0e34\u0e01\u0e40\u0e14\u0e47\u0e01 \u0e19\u0e1e. \u0e2a\u0e38\u0e23\u0e28\u0e31\u0e01\u0e14\u0e34\u0e4c \u0e15\u0e31\u0e49\u0e07\u0e28\u0e23\u0e35\u0e40\u0e2a\u0e23\u0e35", "name:en": "Doctor Surasak Tangsriseri Clinic", "name:th": "\u0e04\u0e25\u0e34\u0e19\u0e34\u0e01\u0e40\u0e14\u0e47\u0e01 \u0e19\u0e1e. \u0e2a\u0e38\u0e23\u0e28\u0e31\u0e01\u0e14\u0e34\u0e4c \u0e15\u0e31\u0e49\u0e07\u0e28\u0e23\u0e35\u0e40\u0e2a\u0e23\u0e35", "source": "Bing; sign", "osm_id": 2664807879, "osm_type": "node"}, "geometry": {"type": "Point", "coordinates": [102.8344874, 16.4375037]}}, {"type": "Feature", "properties": {"amenity": "school", "name": "\u0e42\u0e23\u0e07\u0e40\u0e23\u0e35\u0e22\u0e19\u0e01\u0e32\u0e23\u0e01\u0e38\u0e28\u0e25\u0e27\u0e31\u0e14\u0e2b\u0e19\u0e2d\u0e07\u0e41\u0e27\u0e07", "name:en": "Wat Nong Waeng Sckool", "name:th": "\u0e42\u0e23\u0e07\u0e40\u0e23\u0e35\u0e22\u0e19\u0e01\u0e32\u0e23\u0e01\u0e38\u0e28\u0e25\u0e27\u0e31\u0e14\u0e2b\u0e19\u0e2d\u0e07\u0e41\u0e27\u0e07", "source": "Bing;sign", "osm_id": 2672430065, "osm_type": "node"}, "geometry": {"type": "Point", "coordinates": [102.834724, 16.4073529]}}, {"type": "Feature", "properties": {"addr:country": "TH", "addr:district": "Mueang Khon Kaen", "addr:postcode": "40000", "addr:province": "Khon Kaen", "addr:street": "Ammart Road", "addr:subdistrict": "Nai Mueang", "amenity": "clinic", "healthcare": "clinic", "name": "\u0e04\u0e25\u0e34\u0e19\u0e34\u0e01\u0e40\u0e17\u0e04\u0e19\u0e34\u0e04\u0e01\u0e32\u0e23\u0e41\u0e1e\u0e17\u0e22\u0e4c\u0e41\u0e25\u0e30\u0e01\u0e32\u0e22\u0e20\u0e32\u0e1e\u0e1a\u0e33\u0e1a\u0e31\u0e14", "name:en": "KKU Medical Technology and Physical Therapy Clinic", "name:th": "\u0e04\u0e25\u0e34\u0e19\u0e34\u0e01\u0e40\u0e17\u0e04\u0e19\u0e34\u0e04\u0e01\u0e32\u0e23\u0e41\u0e1e\u0e17\u0e22\u0e4c\u0e41\u0e25\u0e30\u0e01\u0e32\u0e22\u0e20\u0e32\u0e1e\u0e1a\u0e33\u0e1a\u0e31\u0e14", "source": "Bing; sign", "osm_id": 2680413057, "osm_type": "node"}, "geometry": {"type": "Point", "coordinates": [102.8365155, 16.434083]}}, {"type": "Feature", "properties": {"name": "\u0e1a\u0e49\u0e32\u0e19\u0e2b\u0e19\u0e2d\u0e07\u0e21\u0e30\u0e40\u0e21\u0e32", "name:en": "Ban Nong Mamao", "place": "village", "osm_id": 2857798592, "osm_type": "node"}, "geometry": {"type": "Point", "coordinates": [103.0945389, 16.4723606]}}, {"type": "Feature", "properties": {"name": "\u0e1a\u0e49\u0e32\u0e19\u0e2b\u0e19\u0e2d\u0e07\u0e08\u0e34\u0e01", "name:en": "Ban Nong Chik", "place": "village", "source": "Geonames", "osm_id": 2865881687, "osm_type": "node"}, "geometry": {"type": "Point", "coordinates": [103.0953005, 16.365419]}}, {"type": "Feature", "properties": {"amenity": "school", "name": "\u0e42\u0e23\u0e07\u0e40\u0e23\u0e35\u0e22\u0e19\u0e19\u0e04\u0e23\u0e02\u0e2d\u0e19\u0e41\u0e01\u0e48\u0e19", "name:en": "Nakhon Khon Kaen School", "name:th": "\u0e42\u0e23\u0e07\u0e40\u0e23\u0e35\u0e22\u0e19\u0e19\u0e04\u0e23\u0e02\u0e2d\u0e19\u0e41\u0e01\u0e48\u0e19", "source": "Bing; sign", "wikidata": "Q13026994", "osm_id": 2917053642, "osm_type": "node"}, "geometry": {"type": "Point", "coordinates": [102.7266028, 16.4510992]}}, {"type": "Feature", "properties": {"amenity": "school", "name": "\u0e42\u0e23\u0e07\u0e40\u0e23\u0e35\u0e22\u0e19\u0e1a\u0e49\u0e32\u0e19\u0e2b\u0e19\u0e2d\u0e07\u0e40\u0e02\u0e37\u0e48\u0e2d\u0e19", "name:en": "Ban Nong Khuean School", "name:th": "\u0e42\u0e23\u0e07\u0e40\u0e23\u0e35\u0e22\u0e19\u0e1a\u0e49\u0e32\u0e19\u0e2b\u0e19\u0e2d\u0e07\u0e40\u0e02\u0e37\u0e48\u0e2d\u0e19", "source": "Bing; GPS; sign", "osm_id": 2984012823, "osm_type": "node"}, "geometry": {"type": "Point", "coordinates": [102.9198968, 16.2952142]}}, {"type": "Feature", "properties": {"amenity": "school", "name": "\u0e42\u0e23\u0e07\u0e40\u0e23\u0e35\u0e22\u0e19\u0e1a\u0e49\u0e32\u0e19\u0e2b\u0e19\u0e2d\u0e07\u0e2a\u0e23\u0e30\u0e1e\u0e31\u0e07\u0e42\u0e19\u0e19\u0e2a\u0e30\u0e2d\u0e32\u0e14", "name:en": "Ban Nong Sa Phang Non Sa-ad School", "name:th": "\u0e42\u0e23\u0e07\u0e40\u0e23\u0e35\u0e22\u0e19\u0e1a\u0e49\u0e32\u0e19\u0e2b\u0e19\u0e2d\u0e07\u0e2a\u0e23\u0e30\u0e1e\u0e31\u0e07\u0e42\u0e19\u0e19\u0e2a\u0e30\u0e2d\u0e32\u0e14", "source": "Bing; GPS; sign", "osm_id": 2984012824, "osm_type": "node"}, "geometry": {"type": "Point", "coordinates": [102.901016, 16.3034878]}}, {"type": "Feature", "properties": {"amenity": "school", "name": "\u0e42\u0e23\u0e07\u0e40\u0e23\u0e35\u0e22\u0e19\u0e1a\u0e49\u0e32\u0e19\u0e41\u0e1e\u0e07\u0e40\u0e2b\u0e19\u0e37\u0e2d", "name:en": "Ban Phaeng Nuea School", "source": "Bing; GPS; sign", "osm_id": 2984012825, "osm_type": "node"}, "geometry": {"type": "Point", "coordinates": [102.9779339, 16.270355]}}, {"type": "Feature", "properties": {"amenity": "school", "name": "\u0e42\u0e23\u0e07\u0e40\u0e23\u0e35\u0e22\u0e19\u0e42\u0e01\u0e2a\u0e38\u0e21\u0e27\u0e34\u0e17\u0e22\u0e32\u0e2a\u0e23\u0e23\u0e04\u0e4c", "name:en": "Kosumwittayasan School", "name:th": "\u0e42\u0e23\u0e07\u0e40\u0e23\u0e35\u0e22\u0e19\u0e42\u0e01\u0e2a\u0e38\u0e21\u0e27\u0e34\u0e17\u0e22\u0e32\u0e2a\u0e23\u0e23\u0e04\u0e4c", "phone": "0-4376-1654", "source": "Bing; sign", "website": "http://www.kosumwittayasan.ac.th", "osm_id": 2984017125, "osm_type": "node"}, "geometry": {"type": "Point", "coordinates": [103.068334, 16.2365698]}}, {"type": "Feature", "properties": {"is_in:country": "Thailand", "is_in:country_code": "TH", "name": "\u0e1a\u0e49\u0e32\u0e19\u0e21\u0e34\u0e15\u0e23\u0e2a\u0e31\u0e21\u0e1e\u0e31\u0e19\u0e18\u0e4c 1", "name:en": "Ban Mitsamphan 1", "name:th": "\u0e1a\u0e49\u0e32\u0e19\u0e21\u0e34\u0e15\u0e23\u0e2a\u0e31\u0e21\u0e1e\u0e31\u0e19\u0e18\u0e4c 1", "place": "village", "source": "Bing; sign", "osm_id": 3145746690, "osm_type": "node"}, "geometry": {"type": "Point", "coordinates": [102.871149, 16.4309353]}}, {"type": "Feature", "properties": {"name": "\u0e1a\u0e49\u0e32\u0e19\u0e14\u0e48\u0e32\u0e19\u0e0a\u0e49\u0e32\u0e07", "name:en": "Ban Don Chang", "name:th": "\u0e1a\u0e49\u0e32\u0e19\u0e14\u0e48\u0e32\u0e19\u0e0a\u0e49\u0e32\u0e07", "note": "Actual geographical location approximate. Estimated from highway road signs.", "place": "hamlet", "source": "survey", "source:name": "physical road sign", "osm_id": 3168298120, "osm_type": "node"}, "geometry": {"type": "Point", "coordinates": [103.2739859, 16.8368244]}}, {"type": "Feature", "properties": {"amenity": "school", "name": "\u0e42\u0e23\u0e07\u0e40\u0e23\u0e35\u0e22\u0e19\u0e1a\u0e49\u0e32\u0e19\u0e17\u0e48\u0e32\u0e28\u0e32\u0e25\u0e32", "name:en": "Ban Tha Sala School", "name:th": "\u0e42\u0e23\u0e07\u0e40\u0e23\u0e35\u0e22\u0e19\u0e1a\u0e49\u0e32\u0e19\u0e17\u0e48\u0e32\u0e28\u0e32\u0e25\u0e32", "source": "Bing; sign", "osm_id": 3175067362, "osm_type": "node"}, "geometry": {"type": "Point", "coordinates": [102.4906855, 16.4829389]}}, {"type": "Feature", "properties": {"name": "\u0e27\u0e31\u0e07\u0e22\u0e32\u0e27", "name:en": "Wang Yao", "place": "village", "osm_id": 3200342166, "osm_type": "node"}, "geometry": {"type": "Point", "coordinates": [102.9226796, 16.2361564]}}, {"type": "Feature", "properties": {"addr:city": "Khon Kaen", "addr:country": "TH", "addr:district": "Muang Khon Kaen", "addr:housenumber": "402", "addr:postcode": "40000", "addr:street": "Si Chan Road", "amenity": "doctors", "contact:phone": "+66-43225562", "healthcare": "doctor", "name": "\u0e04\u0e25\u0e34\u0e19\u0e34\u0e01\u0e2b\u0e21\u0e2d\u0e2a\u0e38\u0e01\u0e34\u0e08", "name:en": "Doctor Sukij", "name:th": "\u0e04\u0e25\u0e34\u0e19\u0e34\u0e01\u0e2b\u0e21\u0e2d\u0e2a\u0e38\u0e01\u0e34\u0e08", "source": "Bing; sign", "osm_id": 3270010110, "osm_type": "node"}, "geometry": {"type": "Point", "coordinates": [102.837271, 16.4300935]}}, {"type": "Feature", "properties": {"addr:country": "TH", "addr:district": "Muang Khon Kaen", "addr:postcode": "40000", "addr:province": "Khon Kaen", "addr:street": "Lang Muang Road", "addr:subdistrict": "Nai Mueang", "amenity": "doctors", "healthcare": "doctor", "name": "\u0e02\u0e2d\u0e19\u0e41\u0e01\u0e48\u0e19\u0e23\u0e27\u0e21\u0e41\u0e1e\u0e17\u0e22\u0e4c", "name:th": "\u0e02\u0e2d\u0e19\u0e41\u0e01\u0e48\u0e19\u0e23\u0e27\u0e21\u0e41\u0e1e\u0e17\u0e22\u0e4c", "source": "Bing; sign", "osm_id": 3270010115, "osm_type": "node"}, "geometry": {"type": "Point", "coordinates": [102.8375782, 16.4306273]}}, {"type": "Feature", "properties": {"amenity": "school", "osm_id": 3329532704, "osm_type": "node"}, "geometry": {"type": "Point", "coordinates": [103.1045466, 16.7092866]}}, {"type": "Feature", "properties": {"amenity": "school", "osm_id": 3329613147, "osm_type": "node"}, "geometry": {"type": "Point", "coordinates": [103.0952662, 16.6604908]}}, {"type": "Feature", "properties": {"addr:city": "Khon Kaen", "addr:country": "TH", "addr:district": "Muang Khon Kaen", "addr:housenumber": "410-418", "addr:postcode": "40000", "addr:street": "Si Chan Road", "amenity": "doctors", "contact:phone": "+66-43223841, +66-43224321", "healthcare": "doctor", "name": "\u0e18\u0e35\u0e23\u0e30\u0e27\u0e31\u0e12\u0e19\u0e4c \u0e44\u0e21\u0e42\u0e04\u0e23\u0e04\u0e25\u0e35\u0e19\u0e34\u0e04", "name:en": "Theerawat Microclinic", "name:th": "\u0e18\u0e35\u0e23\u0e30\u0e27\u0e31\u0e12\u0e19\u0e4c \u0e44\u0e21\u0e42\u0e04\u0e23\u0e04\u0e25\u0e35\u0e19\u0e34\u0e04", "source": "Bing; sign", "osm_id": 3393348727, "osm_type": "node"}, "geometry": {"type": "Point", "coordinates": [102.8374902, 16.4300476]}}, {"type": "Feature", "properties": {"place": "village", "osm_id": 3396791013, "osm_type": "node"}, "geometry": {"type": "Point", "coordinates": [103.2076287, 16.688977]}}, {"type": "Feature", "properties": {"place": "village", "osm_id": 3396791014, "osm_type": "node"}, "geometry": {"type": "Point", "coordinates": [103.224183, 16.6926575]}}, {"type": "Feature", "properties": {"place": "village", "osm_id": 3396791015, "osm_type": "node"}, "geometry": {"type": "Point", "coordinates": [103.2481726, 16.7037149]}}, {"type": "Feature", "properties": {"place": "village", "osm_id": 3396794361, "osm_type": "node"}, "geometry": {"type": "Point", "coordinates": [103.2563077, 16.7621873]}}, {"type": "Feature", "properties": {"place": "village", "osm_id": 3396850581, "osm_type": "node"}, "geometry": {"type": "Point", "coordinates": [103.1671914, 16.615361]}}, {"type": "Feature", "properties": {"place": "village", "osm_id": 3396850585, "osm_type": "node"}, "geometry": {"type": "Point", "coordinates": [103.1129294, 16.5571231]}}, {"type": "Feature", "properties": {"place": "village", "osm_id": 3396851601, "osm_type": "node"}, "geometry": {"type": "Point", "coordinates": [103.1265076, 16.5124426]}}, {"type": "Feature", "properties": {"place": "village", "osm_id": 3396851608, "osm_type": "node"}, "geometry": {"type": "Point", "coordinates": [103.1195124, 16.513965]}}, {"type": "Feature", "properties": {"place": "village", "osm_id": 3396851644, "osm_type": "node"}, "geometry": {"type": "Point", "coordinates": [103.0793336, 16.5054224]}}, {"type": "Feature", "properties": {"place": "village", "osm_id": 3396851646, "osm_type": "node"}, "geometry": {"type": "Point", "coordinates": [103.1081828, 16.5002632]}}, {"type": "Feature", "properties": {"place": "village", "osm_id": 3396852624, "osm_type": "node"}, "geometry": {"type": "Point", "coordinates": [103.1313142, 16.6436107]}}, {"type": "Feature", "properties": {"place": "village", "osm_id": 3396852625, "osm_type": "node"}, "geometry": {"type": "Point", "coordinates": [103.0573281, 16.6478458]}}, {"type": "Feature", "properties": {"amenity": "doctors", "healthcare": "doctor", "name": "\u0e04\u0e25\u0e34\u0e19\u0e34\u0e01\u0e2b\u0e21\u0e2d\u0e40\u0e01\u0e23\u0e35\u0e22\u0e07\u0e28\u0e31\u0e01\u0e14\u0e34\u0e4c", "name:en": "Doctor Kriangsak Clinic", "name:th": "\u0e04\u0e25\u0e34\u0e19\u0e34\u0e01\u0e2b\u0e21\u0e2d\u0e40\u0e01\u0e23\u0e35\u0e22\u0e07\u0e28\u0e31\u0e01\u0e14\u0e34\u0e4c", "source": "Bing; sign", "osm_id": 3404955532, "osm_type": "node"}, "geometry": {"type": "Point", "coordinates": [102.8401153, 16.4380058]}}, {"type": "Feature", "properties": {"amenity": "school", "osm_id": 3419303807, "osm_type": "node"}, "geometry": {"type": "Point", "coordinates": [102.606637, 16.8872781]}}, {"type": "Feature", "properties": {"place": "village", "osm_id": 3448513386, "osm_type": "node"}, "geometry": {"type": "Point", "coordinates": [103.2226835, 16.5998099]}}, {"type": "Feature", "properties": {"place": "village", "osm_id": 3448513388, "osm_type": "node"}, "geometry": {"type": "Point", "coordinates": [103.2394488, 16.5749293]}}, {"type": "Feature", "properties": {"place": "village", "osm_id": 3448513391, "osm_type": "node"}, "geometry": {"type": "Point", "coordinates": [103.266489, 16.5631675]}}, {"type": "Feature", "properties": {"place": "village", "osm_id": 3448513500, "osm_type": "node"}, "geometry": {"type": "Point", "coordinates": [103.243716, 16.5353441]}}, {"type": "Feature", "properties": {"place": "village", "osm_id": 3448513503, "osm_type": "node"}, "geometry": {"type": "Point", "coordinates": [103.2451711, 16.5238337]}}, {"type": "Feature", "properties": {"place": "village", "osm_id": 3448527741, "osm_type": "node"}, "geometry": {"type": "Point", "coordinates": [103.2125035, 16.5354424]}}, {"type": "Feature", "properties": {"place": "village", "osm_id": 3448527742, "osm_type": "node"}, "geometry": {"type": "Point", "coordinates": [103.2253013, 16.5307045]}}, {"type": "Feature", "properties": {"place": "village", "osm_id": 3448527743, "osm_type": "node"}, "geometry": {"type": "Point", "coordinates": [103.2053736, 16.5356589]}}, {"type": "Feature", "properties": {"place": "village", "osm_id": 3448531416, "osm_type": "node"}, "geometry": {"type": "Point", "coordinates": [103.2233924, 16.4785157]}}, {"type": "Feature", "properties": {"amenity": "doctors", "name": "\u0e04\u0e25\u0e34\u0e19\u0e34\u0e01\u0e2b\u0e21\u0e2d\u0e2a\u0e38\u0e23\u0e32\u0e07\u0e23\u0e31\u0e15\u0e19\u0e4c", "name:en": "Doctor Surangrat Clinic", "name:th": "\u0e04\u0e25\u0e34\u0e19\u0e34\u0e01\u0e2b\u0e21\u0e2d\u0e2a\u0e38\u0e23\u0e32\u0e07\u0e23\u0e31\u0e15\u0e19\u0e4c", "source": "Bing; sign", "osm_id": 3490088805, "osm_type": "node"}, "geometry": {"type": "Point", "coordinates": [102.8396392, 16.4258577]}}, {"type": "Feature", "properties": {"place": "hamlet", "osm_id": 3501054703, "osm_type": "node"}, "geometry": {"type": "Point", "coordinates": [103.2348215, 16.328582]}}, {"type": "Feature", "properties": {"place": "village", "osm_id": 3501055687, "osm_type": "node"}, "geometry": {"type": "Point", "coordinates": [103.2057463, 16.3299205]}}, {"type": "Feature", "properties": {"place": "village", "osm_id": 3501059109, "osm_type": "node"}, "geometry": {"type": "Point", "coordinates": [103.2136427, 16.3581296]}}, {"type": "Feature", "properties": {"place": "village", "osm_id": 3501059110, "osm_type": "node"}, "geometry": {"type": "Point", "coordinates": [103.2649695, 16.3499349]}}, {"type": "Feature", "properties": {"place": "village", "osm_id": 3501059111, "osm_type": "node"}, "geometry": {"type": "Point", "coordinates": [103.2582599, 16.3606395]}}, {"type": "Feature", "properties": {"place": "hamlet", "osm_id": 3501059112, "osm_type": "node"}, "geometry": {"type": "Point", "coordinates": [103.2250153, 16.3521381]}}, {"type": "Feature", "properties": {"place": "hamlet", "osm_id": 3501059113, "osm_type": "node"}, "geometry": {"type": "Point", "coordinates": [103.2752048, 16.3381983]}}, {"type": "Feature", "properties": {"place": "village", "osm_id": 3501059114, "osm_type": "node"}, "geometry": {"type": "Point", "coordinates": [103.2647978, 16.3676415]}}, {"type": "Feature", "properties": {"place": "village", "osm_id": 3501078389, "osm_type": "node"}, "geometry": {"type": "Point", "coordinates": [103.2341649, 16.6297372]}}, {"type": "Feature", "properties": {"place": "village", "osm_id": 3501078390, "osm_type": "node"}, "geometry": {"type": "Point", "coordinates": [103.2509362, 16.4895258]}}, {"type": "Feature", "properties": {"place": "village", "osm_id": 3501078391, "osm_type": "node"}, "geometry": {"type": "Point", "coordinates": [103.2181059, 16.6068508]}}, {"type": "Feature", "properties": {"place": "village", "osm_id": 3501078392, "osm_type": "node"}, "geometry": {"type": "Point", "coordinates": [103.2033001, 16.6468204]}}, {"type": "Feature", "properties": {"place": "village", "osm_id": 3501082893, "osm_type": "node"}, "geometry": {"type": "Point", "coordinates": [103.2229125, 16.647725]}}, {"type": "Feature", "properties": {"place": "village", "osm_id": 3501082895, "osm_type": "node"}, "geometry": {"type": "Point", "coordinates": [103.2780158, 16.4517461]}}, {"type": "Feature", "properties": {"place": "village", "osm_id": 3514701425, "osm_type": "node"}, "geometry": {"type": "Point", "coordinates": [103.2681997, 16.0249322]}}, {"type": "Feature", "properties": {"place": "village", "osm_id": 3514719602, "osm_type": "node"}, "geometry": {"type": "Point", "coordinates": [103.2613809, 15.9915811]}}, {"type": "Feature", "properties": {"place": "village", "osm_id": 3522167336, "osm_type": "node"}, "geometry": {"type": "Point", "coordinates": [103.2690462, 16.0385376]}}, {"type": "Feature", "properties": {"place": "village", "osm_id": 3522180036, "osm_type": "node"}, "geometry": {"type": "Point", "coordinates": [103.2616326, 16.0489826]}}, {"type": "Feature", "properties": {"place": "hamlet", "osm_id": 3527012002, "osm_type": "node"}, "geometry": {"type": "Point", "coordinates": [102.8859608, 16.6855842]}}, {"type": "Feature", "properties": {"amenity": "school", "osm_id": 3527012327, "osm_type": "node"}, "geometry": {"type": "Point", "coordinates": [102.9116617, 16.6957942]}}, {"type": "Feature", "properties": {"place": "hamlet", "osm_id": 3559326614, "osm_type": "node"}, "geometry": {"type": "Point", "coordinates": [103.2753326, 16.6692039]}}, {"type": "Feature", "properties": {"place": "village", "osm_id": 3559328663, "osm_type": "node"}, "geometry": {"type": "Point", "coordinates": [103.2603659, 16.679461]}}, {"type": "Feature", "properties": {"place": "hamlet", "osm_id": 3559332193, "osm_type": "node"}, "geometry": {"type": "Point", "coordinates": [103.2387365, 16.6661616]}}, {"type": "Feature", "properties": {"name": "\u0e1a\u0e49\u0e32\u0e19\u0e14\u0e2d\u0e19\u0e19\u0e04\u0e23\u0e2a\u0e27\u0e23\u0e23\u0e04\u0e4c", "name:en": "Ban Don Sawan", "place": "village", "osm_id": 3889930936, "osm_type": "node"}, "geometry": {"type": "Point", "coordinates": [103.226046, 16.4314566]}}, {"type": "Feature", "properties": {"amenity": "school", "osm_id": 3993183573, "osm_type": "node"}, "geometry": {"type": "Point", "coordinates": [103.2729803, 16.6952492]}}, {"type": "Feature", "properties": {"amenity": "school", "name": "\u0e42\u0e23\u0e07\u0e40\u0e23\u0e35\u0e22\u0e19\u0e1a\u0e49\u0e32\u0e19\u0e42\u0e19\u0e19\u0e2d\u0e33\u0e19\u0e27\u0e22", "name:en": "Ban Non Amnuai School", "name:th": "\u0e42\u0e23\u0e07\u0e40\u0e23\u0e35\u0e22\u0e19\u0e1a\u0e49\u0e32\u0e19\u0e42\u0e19\u0e19\u0e2d\u0e33\u0e19\u0e27\u0e22", "osm_id": 4029323033, "osm_type": "node"}, "geometry": {"type": "Point", "coordinates": [103.2769593, 16.8214155]}}, {"type": "Feature", "properties": {"amenity": "school", "name": "\u0e42\u0e23\u0e07\u0e40\u0e23\u0e35\u0e22\u0e19\u0e1a\u0e49\u0e32\u0e19\u0e2b\u0e19\u0e2d\u0e07\u0e41\u0e0b\u0e07", "name:en": "Ban Nongsaeng School", "name:th": "\u0e42\u0e23\u0e07\u0e40\u0e23\u0e35\u0e22\u0e19\u0e1a\u0e49\u0e32\u0e19\u0e2b\u0e19\u0e2d\u0e07\u0e41\u0e0b\u0e07", "osm_id": 4030947879, "osm_type": "node"}, "geometry": {"type": "Point", "coordinates": [103.2631081, 16.8645466]}}, {"type": "Feature", "properties": {"addr:country": "TH", "addr:district": "Mueang Khon Kaen", "addr:housenumber": "52/9-10", "addr:postcode": "40000", "addr:province": "Khon Kaen", "addr:street": "Ammart Road", "addr:subdistrict": "Nai Mueang", "amenity": "clinic", "contact:email": "pedallergyclinic@gmail.com", "contact:facebook": "https://www.facebook.com/allergypedclinic", "contact:phone": "+66-43-006969, +66-86-6392244", "description": "\u0e15\u0e23\u0e27\u0e08\u0e23\u0e31\u0e01\u0e29\u0e32\u0e40\u0e14\u0e47\u0e01 \u0e09\u0e35\u0e14\u0e27\u0e31\u0e04\u0e0b\u0e35\u0e19 \u0e42\u0e23\u0e04\u0e20\u0e39\u0e21\u0e34\u0e41\u0e1e\u0e49 \u0e2b\u0e2d\u0e1a\u0e2b\u0e37\u0e14 \u0e41\u0e25\u0e30\u0e42\u0e23\u0e04\u0e17\u0e31\u0e48\u0e27\u0e44\u0e1b", "healthcare": "clinic", "name": "\u0e04\u0e25\u0e34\u0e19\u0e34\u0e01\u0e40\u0e14\u0e47\u0e01\u0e41\u0e25\u0e30\u0e20\u0e39\u0e21\u0e34\u0e41\u0e1e\u0e49\u0e02\u0e2d\u0e19\u0e41\u0e01\u0e48\u0e19", "name:en": "Pediatric and Allergy Clinic", "name:th": "\u0e04\u0e25\u0e34\u0e19\u0e34\u0e01\u0e40\u0e14\u0e47\u0e01\u0e41\u0e25\u0e30\u0e20\u0e39\u0e21\u0e34\u0e41\u0e1e\u0e49\u0e02\u0e2d\u0e19\u0e41\u0e01\u0e48\u0e19", "opening_hours": "Mo-Th 17:30-19:30; Sa 10:00-15:00", "source": "Bing; sign; Facebook", "osm_id": 4143704089, "osm_type": "node"}, "geometry": {"type": "Point", "coordinates": [102.837356, 16.4338628]}}, {"type": "Feature", "properties": {"amenity": "doctors", "healthcare": "doctor", "name": "\u0e04\u0e25\u0e34\u0e19\u0e34\u0e01\u0e40\u0e14\u0e47\u0e01 \u0e2b\u0e21\u0e2d\u0e2d\u0e33\u0e19\u0e27\u0e22\u0e1e\u0e23", "name:en": "Dr. Amnuayporn Pediatric Clinic", "name:th": "\u0e04\u0e25\u0e34\u0e19\u0e34\u0e01\u0e40\u0e14\u0e47\u0e01 \u0e2b\u0e21\u0e2d\u0e2d\u0e33\u0e19\u0e27\u0e22\u0e1e\u0e23", "opening_hours": "Mo-Fr 07:00-08:00, 17:00-20:00; Sa 09:00-20:00; Su 14:00-19:00", "source": "Bing; sign", "osm_id": 4218460015, "osm_type": "node"}, "geometry": {"type": "Point", "coordinates": [102.8357494, 16.4306936]}}, {"type": "Feature", "properties": {"amenity": "clinic", "healthcare": "clinic", "name": "\u0e02\u0e2d\u0e19\u0e41\u0e01\u0e48\u0e19\u0e08\u0e31\u0e01\u0e29\u0e38\u0e04\u0e25\u0e34\u0e19\u0e34\u0e01", "name:en": "Khon Kaen Eye Clinic", "name:th": "\u0e02\u0e2d\u0e19\u0e41\u0e01\u0e48\u0e19\u0e08\u0e31\u0e01\u0e29\u0e38\u0e04\u0e25\u0e34\u0e19\u0e34\u0e01", "opening_hours": "Su-Fr 18:00-21:00, Sa 09:00-12:00", "source": "Bing; sign", "osm_id": 4218460016, "osm_type": "node"}, "geometry": {"type": "Point", "coordinates": [102.835789, 16.4304807]}}, {"type": "Feature", "properties": {"amenity": "doctors", "contact:email": "eyecare.thuss@gmail.com", "contact:facebook": "https://www.facebook.com/EyecareByThuss", "contact:phone": "+66 43 225559", "healthcare": "doctor", "name": "\u0e04\u0e25\u0e34\u0e19\u0e34\u0e01\u0e15\u0e32\u0e2b\u0e21\u0e2d\u0e18\u0e23\u0e23\u0e28", "name:en": "Thuss Eye Doctor", "name:th": "\u0e04\u0e25\u0e34\u0e19\u0e34\u0e01\u0e15\u0e32\u0e2b\u0e21\u0e2d\u0e18\u0e23\u0e23\u0e28", "opening_hours": "Mo 17:00-20:00, Th 17:00-20:00, Sa 10:00-16:30, Su 10:00-14:00", "source": "Bing; sign", "osm_id": 4218519189, "osm_type": "node"}, "geometry": {"type": "Point", "coordinates": [102.8370295, 16.4237234]}}, {"type": "Feature", "properties": {"amenity": "school", "osm_id": 4253049539, "osm_type": "node"}, "geometry": {"type": "Point", "coordinates": [102.8482353, 16.3761451]}}, {"type": "Feature", "properties": {"amenity": "school", "osm_id": 4253332007, "osm_type": "node"}, "geometry": {"type": "Point", "coordinates": [102.8067915, 16.3709026]}}, {"type": "Feature", "properties": {"amenity": "school", "osm_id": 4253344222, "osm_type": "node"}, "geometry": {"type": "Point", "coordinates": [102.7217847, 16.422498]}}, {"type": "Feature", "properties": {"amenity": "school", "osm_id": 4253409304, "osm_type": "node"}, "geometry": {"type": "Point", "coordinates": [102.7237182, 16.4515007]}}, {"type": "Feature", "properties": {"amenity": "school", "osm_id": 4253423827, "osm_type": "node"}, "geometry": {"type": "Point", "coordinates": [102.7525996, 16.4360027]}}, {"type": "Feature", "properties": {"amenity": "school", "osm_id": 4253438150, "osm_type": "node"}, "geometry": {"type": "Point", "coordinates": [102.7176211, 16.3713478]}}, {"type": "Feature", "properties": {"amenity": "school", "osm_id": 4253454693, "osm_type": "node"}, "geometry": {"type": "Point", "coordinates": [102.7503787, 16.3770506]}}, {"type": "Feature", "properties": {"amenity": "school", "name": "\u0e42\u0e23\u0e07\u0e40\u0e23\u0e35\u0e22\u0e19\u0e1a\u0e49\u0e32\u0e19\u0e42\u0e19\u0e19\u0e21\u0e48\u0e27\u0e07", "osm_id": 4254675396, "osm_type": "node"}, "geometry": {"type": "Point", "coordinates": [102.8136628, 16.4896596]}}, {"type": "Feature", "properties": {"amenity": "school", "name": "\u0e42\u0e23\u0e07\u0e40\u0e23\u0e35\u0e22\u0e19\u0e1a\u0e49\u0e32\u0e19\u0e17\u0e48\u0e32\u0e01\u0e23\u0e30\u0e40\u0e2a\u0e23\u0e34\u0e21", "osm_id": 4255217078, "osm_type": "node"}, "geometry": {"type": "Point", "coordinates": [102.8573981, 16.6160115]}}, {"type": "Feature", "properties": {"amenity": "school", "osm_id": 4255249971, "osm_type": "node"}, "geometry": {"type": "Point", "coordinates": [102.8689611, 16.6473865]}}, {"type": "Feature", "properties": {"amenity": "school", "osm_id": 4255740998, "osm_type": "node"}, "geometry": {"type": "Point", "coordinates": [102.8723774, 16.6605814]}}, {"type": "Feature", "properties": {"amenity": "school", "osm_id": 4256087618, "osm_type": "node"}, "geometry": {"type": "Point", "coordinates": [102.8267394, 16.851286]}}, {"type": "Feature", "properties": {"amenity": "school", "osm_id": 4256088119, "osm_type": "node"}, "geometry": {"type": "Point", "coordinates": [102.8101151, 16.8447912]}}, {"type": "Feature", "properties": {"amenity": "school", "osm_id": 4256088701, "osm_type": "node"}, "geometry": {"type": "Point", "coordinates": [102.8092353, 16.8176343]}}, {"type": "Feature", "properties": {"amenity": "school", "osm_id": 4256106820, "osm_type": "node"}, "geometry": {"type": "Point", "coordinates": [102.7430062, 16.7596822]}}, {"type": "Feature", "properties": {"amenity": "school", "name": "Ban Donyanang School", "osm_id": 4256117483, "osm_type": "node"}, "geometry": {"type": "Point", "coordinates": [102.7343668, 16.3609183]}}, {"type": "Feature", "properties": {"amenity": "school", "osm_id": 4256125885, "osm_type": "node"}, "geometry": {"type": "Point", "coordinates": [102.7220501, 16.3266324]}}, {"type": "Feature", "properties": {"amenity": "clinic", "emergency": "no", "fixme": "name missing", "healthcare": "clinic", "name": "\u0e42\u0e23\u0e07\u0e1e\u0e22\u0e32\u0e1a\u0e32\u0e25\u0e2a\u0e48\u0e07\u0e40\u0e2a\u0e23\u0e34\u0e21\u0e2a\u0e38\u0e02\u0e20\u0e32\u0e1e\u0e15\u0e33\u0e1a\u0e25", "name:en": "Subdistrict Health Promoting Hospital", "osm_id": 4256130506, "osm_type": "node"}, "geometry": {"type": "Point", "coordinates": [102.7187054, 16.3249979]}}, {"type": "Feature", "properties": {"amenity": "school", "name": "Choomchonbanton Sripimolwittaya School", "osm_id": 4258226224, "osm_type": "node"}, "geometry": {"type": "Point", "coordinates": [102.7351795, 16.2813986]}}, {"type": "Feature", "properties": {"amenity": "school", "osm_id": 4258494752, "osm_type": "node"}, "geometry": {"type": "Point", "coordinates": [102.7495991, 16.2874128]}}, {"type": "Feature", "properties": {"amenity": "school", "osm_id": 4258538481, "osm_type": "node"}, "geometry": {"type": "Point", "coordinates": [102.7318402, 16.2783579]}}, {"type": "Feature", "properties": {"place": "hamlet", "osm_id": 4258557064, "osm_type": "node"}, "geometry": {"type": "Point", "coordinates": [102.7428721, 16.2498824]}}, {"type": "Feature", "properties": {"amenity": "school", "osm_id": 4258580092, "osm_type": "node"}, "geometry": {"type": "Point", "coordinates": [102.7138265, 16.2203572]}}, {"type": "Feature", "properties": {"amenity": "school", "osm_id": 4263546065, "osm_type": "node"}, "geometry": {"type": "Point", "coordinates": [102.8635646, 16.7054092]}}, {"type": "Feature", "properties": {"amenity": "school", "osm_id": 4263553330, "osm_type": "node"}, "geometry": {"type": "Point", "coordinates": [102.8594605, 16.7028882]}}, {"type": "Feature", "properties": {"amenity": "school", "osm_id": 4265725494, "osm_type": "node"}, "geometry": {"type": "Point", "coordinates": [103.191468, 16.6528191]}}, {"type": "Feature", "properties": {"name": "Ban Detudom", "place": "village", "osm_id": 4266181105, "osm_type": "node"}, "geometry": {"type": "Point", "coordinates": [103.1781006, 16.7090738]}}, {"type": "Feature", "properties": {"amenity": "school", "osm_id": 4266184378, "osm_type": "node"}, "geometry": {"type": "Point", "coordinates": [103.1951747, 16.6949337]}}, {"type": "Feature", "properties": {"amenity": "school", "osm_id": 4266206269, "osm_type": "node"}, "geometry": {"type": "Point", "coordinates": [103.1549115, 16.7136582]}}, {"type": "Feature", "properties": {"place": "hamlet", "osm_id": 4267799915, "osm_type": "node"}, "geometry": {"type": "Point", "coordinates": [103.1612889, 16.6930988]}}, {"type": "Feature", "properties": {"amenity": "school", "name": "Abandoned school", "osm_id": 4267860373, "osm_type": "node"}, "geometry": {"type": "Point", "coordinates": [103.1720982, 16.7100854]}}, {"type": "Feature", "properties": {"amenity": "school", "osm_id": 4267869781, "osm_type": "node"}, "geometry": {"type": "Point", "coordinates": [103.1552003, 16.687981]}}, {"type": "Feature", "properties": {"amenity": "school", "osm_id": 4267885789, "osm_type": "node"}, "geometry": {"type": "Point", "coordinates": [103.1452278, 16.6763522]}}, {"type": "Feature", "properties": {"place": "village", "osm_id": 4271180116, "osm_type": "node"}, "geometry": {"type": "Point", "coordinates": [103.2391588, 16.6241298]}}, {"type": "Feature", "properties": {"amenity": "school", "osm_id": 4271194346, "osm_type": "node"}, "geometry": {"type": "Point", "coordinates": [103.2319007, 16.6323077]}}, {"type": "Feature", "properties": {"amenity": "school", "osm_id": 4274571846, "osm_type": "node"}, "geometry": {"type": "Point", "coordinates": [103.2076072, 16.684138]}}, {"type": "Feature", "properties": {"amenity": "school", "osm_id": 4281504531, "osm_type": "node"}, "geometry": {"type": "Point", "coordinates": [103.2493757, 16.7011208]}}, {"type": "Feature", "properties": {"place": "village", "osm_id": 4281994951, "osm_type": "node"}, "geometry": {"type": "Point", "coordinates": [103.249673, 16.5560615]}}, {"type": "Feature", "properties": {"place": "village", "osm_id": 4282001270, "osm_type": "node"}, "geometry": {"type": "Point", "coordinates": [103.2350603, 16.4792245]}}, {"type": "Feature", "properties": {"place": "village", "osm_id": 4282001271, "osm_type": "node"}, "geometry": {"type": "Point", "coordinates": [103.2386652, 16.4884424]}}, {"type": "Feature", "properties": {"place": "village", "osm_id": 4282001278, "osm_type": "node"}, "geometry": {"type": "Point", "coordinates": [103.2597796, 16.4530909]}}, {"type": "Feature", "properties": {"place": "village", "osm_id": 4282001982, "osm_type": "node"}, "geometry": {"type": "Point", "coordinates": [103.2485796, 16.4319021]}}, {"type": "Feature", "properties": {"name": "\u0e1a\u0e49\u0e32\u0e19\u0e42\u0e1e\u0e19\u0e2a\u0e34\u0e21", "name:en": "Ban Phon Sim", "name:th": "\u0e1a\u0e49\u0e32\u0e19\u0e42\u0e1e\u0e19\u0e2a\u0e34\u0e21", "place": "village", "osm_id": 4282002112, "osm_type": "node"}, "geometry": {"type": "Point", "coordinates": [103.2687841, 16.407183]}}, {"type": "Feature", "properties": {"place": "village", "osm_id": 4282002113, "osm_type": "node"}, "geometry": {"type": "Point", "coordinates": [103.2436863, 16.4066179]}}, {"type": "Feature", "properties": {"place": "village", "osm_id": 4282019369, "osm_type": "node"}, "geometry": {"type": "Point", "coordinates": [103.1958001, 16.4841207]}}, {"type": "Feature", "properties": {"amenity": "school", "osm_id": 4291070726, "osm_type": "node"}, "geometry": {"type": "Point", "coordinates": [103.2449765, 16.5821066]}}, {"type": "Feature", "properties": {"alt_name": "\u0e2a\u0e16\u0e32\u0e19\u0e35\u0e2d\u0e19\u0e32\u0e21\u0e31\u0e22\u0e1a\u0e49\u0e32\u0e19\u0e2b\u0e19\u0e2d\u0e07\u0e41\u0e0b\u0e07", "amenity": "clinic", "emergency": "no", "healthcare": "clinic", "name": "\u0e42\u0e23\u0e07\u0e1e\u0e22\u0e32\u0e1a\u0e32\u0e25\u0e2a\u0e48\u0e07\u0e40\u0e2a\u0e23\u0e34\u0e21\u0e2a\u0e38\u0e02\u0e20\u0e32\u0e1e\u0e15\u0e33\u0e1a\u0e25 \u0e1a\u0e49\u0e32\u0e19\u0e2b\u0e19\u0e2d\u0e07\u0e41\u0e0b\u0e07", "name:en": "Ban Nong Saeng Subdistrict Health Promoting Hospital", "short_name": "\u0e23\u0e1e.\u0e2a\u0e15.\u0e1a\u0e49\u0e32\u0e19\u0e2b\u0e19\u0e2d\u0e07\u0e41\u0e0b\u0e07", "osm_id": 4306541588, "osm_type": "node"}, "geometry": {"type": "Point", "coordinates": [103.2654833, 16.8656915]}}, {"type": "Feature", "properties": {"amenity": "school", "osm_id": 4317320287, "osm_type": "node"}, "geometry": {"type": "Point", "coordinates": [103.2770935, 16.6124344]}}, {"type": "Feature", "properties": {"addr:country": "TH", "addr:district": "Mueang Khon Kaen", "addr:postcode": "40000", "addr:province": "Khon Kaen", "addr:street": "Si Chan", "addr:subdistrict": "Nai Mueang", "amenity": "doctors", "description": "\u0e2a\u0e39\u0e15\u0e34-\u0e19\u0e23\u0e35\u0e40\u0e27\u0e0a (obstetrics & gynecology clinic)", "description:en": "Obstetrics and gynecology clinic", "description:th": "\u0e2a\u0e39\u0e15\u0e34-\u0e19\u0e23\u0e35\u0e40\u0e27\u0e0a", "healthcare": "doctor", "name": "\u0e04\u0e25\u0e34\u0e19\u0e34\u0e01\u0e2b\u0e21\u0e2d\u0e0a\u0e19\u0e31\u0e15\u0e16\u0e4c", "name:en": "Doctor Chanat", "name:th": "\u0e04\u0e25\u0e34\u0e19\u0e34\u0e01\u0e2b\u0e21\u0e2d\u0e0a\u0e19\u0e31\u0e15\u0e16\u0e4c", "source": "Bing; sign", "osm_id": 4326366598, "osm_type": "node"}, "geometry": {"type": "Point", "coordinates": [102.8434628, 16.4291275]}}, {"type": "Feature", "properties": {"addr:country": "TH", "addr:district": "Mueang Khon Kaen", "addr:housenumber": "110/25", "addr:postcode": "40000", "addr:province": "Khon Kaen", "addr:street": "Soi Sri Chant 11/2 (Boonterm 4)", "addr:subdistrict": "Nai Mueang", "amenity": "doctors", "healthcare": "doctor", "name": "\u0e2a\u0e38\u0e0a\u0e32\u0e15\u0e34\u0e01\u0e32\u0e23\u0e41\u0e1e\u0e17\u0e22\u0e4c", "name:en": "Suchart Clinic", "name:th": "\u0e2a\u0e38\u0e0a\u0e32\u0e15\u0e34\u0e01\u0e32\u0e23\u0e41\u0e1e\u0e17\u0e22\u0e4c", "source": "Bing; sign", "osm_id": 4326366599, "osm_type": "node"}, "geometry": {"type": "Point", "coordinates": [102.8425321, 16.4292728]}}, {"type": "Feature", "properties": {"addr:country": "TH", "addr:district": "Mueang Khon Kaen", "addr:housenumber": "572", "addr:postcode": "40000", "addr:province": "Khon Kaen", "addr:street": "Si Chan Road", "addr:subdistrict": "Nai Mueang", "amenity": "doctors", "description": "\u0e2a\u0e39\u0e15\u0e34-\u0e19\u0e23\u0e35\u0e40\u0e27\u0e0a (obstetrics & gynecology clinic)", "description:en": "Obstetrics and gynecology clinic", "description:th": "\u0e2a\u0e39\u0e15\u0e34-\u0e19\u0e23\u0e35\u0e40\u0e27\u0e0a", "healthcare": "doctor", "name": "\u0e04\u0e25\u0e34\u0e19\u0e34\u0e01\u0e19\u0e32\u0e22\u0e41\u0e1e\u0e17\u0e22\u0e4c\u0e0a\u0e34\u0e19\u0e27\u0e31\u0e12\u0e19\u0e4c", "name:en": "Shinnawat Clinic", "name:th": "\u0e04\u0e25\u0e34\u0e19\u0e34\u0e01\u0e19\u0e32\u0e22\u0e41\u0e1e\u0e17\u0e22\u0e4c\u0e0a\u0e34\u0e19\u0e27\u0e31\u0e12\u0e19\u0e4c", "source": "Bing; sign", "osm_id": 4326380048, "osm_type": "node"}, "geometry": {"type": "Point", "coordinates": [102.8389379, 16.429862]}}, {"type": "Feature", "properties": {"name": "\u0e1a\u0e49\u0e32\u0e19\u0e40\u0e21\u0e48\u0e19\u0e43\u0e2b\u0e0d\u0e48", "name:en": "Ban Men Yai ", "place": "village", "source": "geonames", "osm_id": 4330619787, "osm_type": "node"}, "geometry": {"type": "Point", "coordinates": [103.2461663, 16.1568523]}}, {"type": "Feature", "properties": {"name": "\u0e1a\u0e49\u0e32\u0e19\u0e01\u0e25\u0e32\u0e07", "name:en": "Ban Klang", "place": "hamlet", "source": "geonames", "osm_id": 4330693723, "osm_type": "node"}, "geometry": {"type": "Point", "coordinates": [103.2485448, 16.1522757]}}, {"type": "Feature", "properties": {"name": "\u0e1a\u0e49\u0e32\u0e19\u0e14\u0e2d\u0e19\u0e19\u0e32", "name:en": "Ban Don Na", "place": "village", "source": "geonames", "osm_id": 4333448576, "osm_type": "node"}, "geometry": {"type": "Point", "coordinates": [103.2505514, 16.2320544]}}, {"type": "Feature", "properties": {"name": "\u0e1a\u0e49\u0e32\u0e19\u0e2b\u0e19\u0e2d\u0e07\u0e41\u0e02\u0e49", "name:en": "Ban Nong Khae", "place": "village", "source": "geonames", "osm_id": 4333452083, "osm_type": "node"}, "geometry": {"type": "Point", "coordinates": [103.2324766, 16.2277824]}}, {"type": "Feature", "properties": {"name": "\u0e1a\u0e49\u0e32\u0e19\u0e2a\u0e49\u0e21\u0e42\u0e2e\u0e07", "name:en": "Ban Som Hong", "place": "village", "source": "geonames", "osm_id": 4333452494, "osm_type": "node"}, "geometry": {"type": "Point", "coordinates": [103.2054399, 16.2127398]}}, {"type": "Feature", "properties": {"name": "\u0e1a\u0e49\u0e32\u0e19\u0e21\u0e30\u0e01\u0e2d\u0e01", "name:en": "Ban Makok", "place": "village", "source": "geonames", "osm_id": 4333452522, "osm_type": "node"}, "geometry": {"type": "Point", "coordinates": [103.2279275, 16.2219703]}}, {"type": "Feature", "properties": {"addr:country": "TH", "addr:district": "Muang Khon Kaen", "addr:housenumber": "74/8", "addr:postcode": "40000", "addr:province": "Khon Kaen", "addr:street": "Lang Muang Road", "addr:subdistrict": "Nai Mueang", "amenity": "doctors", "description": "\u0e15\u0e23\u0e27\u0e08 \u0e23\u0e31\u0e01\u0e29\u0e32 \u0e1c\u0e48\u0e32\u0e15\u0e31\u0e14 \u0e42\u0e23\u0e04\u0e15\u0e32 \u0e27\u0e31\u0e14\u0e2a\u0e32\u0e22\u0e15\u0e32 \u0e1b\u0e23\u0e30\u0e01\u0e2d\u0e1a\u0e41\u0e27\u0e48\u0e19 \u0e04\u0e2d\u0e19\u0e41\u0e17\u0e04\u0e40\u0e25\u0e19\u0e2a\u0e4c", "healthcare": "doctor", "name": "\u0e04\u0e25\u0e34\u0e19\u0e34\u0e01\u0e15\u0e32 \u0e2b\u0e21\u0e2d\u0e27\u0e35\u0e23\u0e30\u0e28\u0e31\u0e01\u0e14\u0e34\u0e4c", "name:en": "Doctor Veerasak Eye Clinic", "name:th": "\u0e04\u0e25\u0e34\u0e19\u0e34\u0e01\u0e15\u0e32 \u0e2b\u0e21\u0e2d\u0e27\u0e35\u0e23\u0e30\u0e28\u0e31\u0e01\u0e14\u0e34\u0e4c", "source": "Bing; sign", "osm_id": 4336592337, "osm_type": "node"}, "geometry": {"type": "Point", "coordinates": [102.837802, 16.4330083]}}, {"type": "Feature", "properties": {"addr:district": "\u0e40\u0e21\u0e37\u0e2d\u0e07\u0e02\u0e2d\u0e19\u0e41\u0e01\u0e48\u0e19", "addr:district:en": "Mueang Khon Kaen", "addr:province": "\u0e02\u0e2d\u0e19\u0e41\u0e01\u0e48\u0e19", "addr:province:en": "Khon Kaen", "addr:subdistrict": "\u0e40\u0e21\u0e37\u0e2d\u0e07\u0e40\u0e01\u0e48\u0e32", "amenity": "school", "check_date": "2026-01-20", "name": "\u0e28\u0e39\u0e19\u0e22\u0e4c\u0e01\u0e32\u0e23\u0e40\u0e23\u0e35\u0e22\u0e19\u0e14\u0e38\u0e25\u0e22\u0e1e\u0e31\u0e12\u0e19\u0e4c", "name:en": "Dulyapat Waldorf School", "osm_id": 4359513645, "osm_type": "node"}, "geometry": {"type": "Point", "coordinates": [102.8172013, 16.3922637]}}, {"type": "Feature", "properties": {"amenity": "school", "osm_id": 4375508779, "osm_type": "node"}, "geometry": {"type": "Point", "coordinates": [103.2342053, 16.4815425]}}, {"type": "Feature", "properties": {"amenity": "school", "osm_id": 4375511494, "osm_type": "node"}, "geometry": {"type": "Point", "coordinates": [103.2330465, 16.4768048]}}, {"type": "Feature", "properties": {"place": "village", "osm_id": 4375534586, "osm_type": "node"}, "geometry": {"type": "Point", "coordinates": [103.2043081, 16.4634549]}}, {"type": "Feature", "properties": {"amenity": "school", "osm_id": 4375637355, "osm_type": "node"}, "geometry": {"type": "Point", "coordinates": [103.2043764, 16.4608753]}}, {"type": "Feature", "properties": {"amenity": "school", "name": "Don Khee Wittaya School", "osm_id": 4375753204, "osm_type": "node"}, "geometry": {"type": "Point", "coordinates": [103.2292378, 16.4333475]}}, {"type": "Feature", "properties": {"amenity": "school", "osm_id": 4375755497, "osm_type": "node"}, "geometry": {"type": "Point", "coordinates": [103.2490406, 16.4337848]}}, {"type": "Feature", "properties": {"amenity": "school", "osm_id": 4375756522, "osm_type": "node"}, "geometry": {"type": "Point", "coordinates": [103.2596621, 16.4535828]}}, {"type": "Feature", "properties": {"amenity": "school", "osm_id": 4375756848, "osm_type": "node"}, "geometry": {"type": "Point", "coordinates": [103.2751814, 16.4492149]}}, {"type": "Feature", "properties": {"addr:country": "TH", "addr:district": "\u0e21\u0e31\u0e0d\u0e08\u0e32\u0e04\u0e35\u0e23\u0e35", "addr:district:en": "Mancha Khiri", "addr:hamlet": "\u0e2b\u0e21\u0e39\u0e48\u0e17\u0e35\u0e48 3", "addr:postcode": "40160", "addr:province": "\u0e02\u0e2d\u0e19\u0e41\u0e01\u0e48\u0e19", "addr:province:en": "Khon Kaen", "addr:subdistrict": "\u0e2a\u0e27\u0e19\u0e2b\u0e21\u0e48\u0e2d\u0e19", "addr:subdistrict:en": "Suan Mon", "addr:suburb": "\u0e1a\u0e49\u0e32\u0e19\u0e01\u0e2d\u0e01", "addr:suburb:en": "Bankok", "amenity": "school", "contact:phone": "+66-43-381055", "contact:website": "http://data.bopp-obec.info/web/?School_ID=1040050698", "name": "\u0e42\u0e23\u0e07\u0e40\u0e23\u0e35\u0e22\u0e19\u0e1a\u0e49\u0e32\u0e19\u0e01\u0e2d\u0e01\u0e1b\u0e48\u0e32\u0e1c\u0e38\u0e27\u0e34\u0e17\u0e22\u0e32", "name:en": "Ban Kokpaphu Vittaya School", "name:th": "\u0e42\u0e23\u0e07\u0e40\u0e23\u0e35\u0e22\u0e19\u0e1a\u0e49\u0e32\u0e19\u0e01\u0e2d\u0e01\u0e1b\u0e48\u0e32\u0e1c\u0e38\u0e27\u0e34\u0e17\u0e22\u0e32", "name:th-Latn": "Rongrian Ban Kok Pa Phu Wittaya", "religion": "buddhist", "source": "GPS;sign", "osm_id": 4384742219, "osm_type": "node"}, "geometry": {"type": "Point", "coordinates": [102.5520547, 16.1589768]}}, {"type": "Feature", "properties": {"addr:country": "TH", "addr:district": "\u0e21\u0e31\u0e0d\u0e08\u0e32\u0e04\u0e35\u0e23\u0e35", "addr:district:en": "Mancha Khiri", "addr:hamlet": "\u0e2b\u0e21\u0e39\u0e48\u0e17\u0e35\u0e48 6", "addr:postcode": "40160", "addr:province": "\u0e02\u0e2d\u0e19\u0e41\u0e01\u0e48\u0e19", "addr:province:en": "Khon Kaen", "addr:subdistrict": "\u0e2a\u0e27\u0e19\u0e2b\u0e21\u0e48\u0e2d\u0e19", "addr:subdistrict:en": "Suan Mon", "addr:suburb": "\u0e1a\u0e49\u0e32\u0e19\u0e42\u0e19\u0e19\u0e40\u0e02\u0e27\u0e32", "addr:suburb:en": "Ban Non Khwao", "amenity": "school", "contact:phone": "+66-43-260117", "contact:website": "http://data.bopp-obec.info/web/?School_ID=1040050701", "name": "\u0e42\u0e23\u0e07\u0e40\u0e23\u0e35\u0e22\u0e19\u0e42\u0e19\u0e19\u0e40\u0e02\u0e27\u0e32\u0e1b\u0e23\u0e30\u0e0a\u0e32\u0e23\u0e31\u0e01\u0e29\u0e4c", "name:en": "Nonkhwao Pracharak School", "name:th": "\u0e42\u0e23\u0e07\u0e40\u0e23\u0e35\u0e22\u0e19\u0e42\u0e19\u0e19\u0e40\u0e02\u0e27\u0e32\u0e1b\u0e23\u0e30\u0e0a\u0e32\u0e23\u0e31\u0e01\u0e29\u0e4c", "source": "GPS; sign", "osm_id": 4384754594, "osm_type": "node"}, "geometry": {"type": "Point", "coordinates": [102.5587527, 16.1846861]}}, {"type": "Feature", "properties": {"addr:country": "TH", "addr:district": "\u0e1e\u0e23\u0e30\u0e22\u0e37\u0e19", "addr:district:en": "Phra Yuen", "addr:hamlet": "\u0e2b\u0e21\u0e39\u0e48\u0e17\u0e35\u0e48 4", "addr:postcode": "40320", "addr:province": "\u0e02\u0e2d\u0e19\u0e41\u0e01\u0e48\u0e19", "addr:province:en": "Khon Kaen", "addr:subdistrict": "\u0e02\u0e32\u0e21\u0e1b\u0e49\u0e2d\u0e21", "addr:subdistrict:en": "Kham Pom", "addr:suburb": "\u0e1a\u0e49\u0e32\u0e19\u0e1a\u0e48\u0e2d\u0e41\u0e01", "addr:suburb:en": "Ban Bo Kae", "amenity": "school", "contact:email": "borkaeschool@gmail.com", "contact:phone": "+66-43-266371", "contact:website": "http://data.bopp-obec.info/web/?School_ID=1040050494", "name": "\u0e42\u0e23\u0e07\u0e40\u0e23\u0e35\u0e22\u0e19\u0e1a\u0e49\u0e32\u0e19\u0e1a\u0e48\u0e2d\u0e41\u0e01", "name:en": "Ban Bo Kae School", "name:th": "\u0e42\u0e23\u0e07\u0e40\u0e23\u0e35\u0e22\u0e19\u0e1a\u0e49\u0e32\u0e19\u0e1a\u0e48\u0e2d\u0e41\u0e01", "source": "GPS; sign", "osm_id": 4384789254, "osm_type": "node"}, "geometry": {"type": "Point", "coordinates": [102.6415203, 16.3099024]}}, {"type": "Feature", "properties": {"addr:country": "TH", "addr:district": "\u0e1e\u0e23\u0e30\u0e22\u0e37\u0e19", "addr:district:en": "Phra Yuen", "addr:hamlet": "\u0e2b\u0e21\u0e39\u0e48\u0e17\u0e35\u0e48 1", "addr:postcode": "40320", "addr:province": "\u0e02\u0e2d\u0e19\u0e41\u0e01\u0e48\u0e19", "addr:province:en": "Khon Kaen", "addr:subdistrict": "\u0e1e\u0e23\u0e30\u0e22\u0e37\u0e19", "addr:subdistrict:en": "Phra Yuen", "addr:suburb": "\u0e1a\u0e49\u0e32\u0e19\u0e1e\u0e23\u0e30\u0e22\u0e37\u0e19", "addr:suburb:en": "Ban Phra Yuen", "amenity": "school", "contact:email": "banphrayuen.kk1@gmail.com", "contact:phone": "+66-43-266034", "contact:website": "http://data.bopp-obec.info/web/?School_ID=1040050498", "name": "\u0e42\u0e23\u0e07\u0e40\u0e23\u0e35\u0e22\u0e19\u0e0a\u0e38\u0e21\u0e0a\u0e19\u0e1a\u0e49\u0e32\u0e19\u0e1e\u0e23\u0e30\u0e22\u0e37\u0e19", "name:en": "Chumchon Ban Phra Yuen School", "name:th": "\u0e42\u0e23\u0e07\u0e40\u0e23\u0e35\u0e22\u0e19\u0e0a\u0e38\u0e21\u0e0a\u0e19\u0e1a\u0e49\u0e32\u0e19\u0e1e\u0e23\u0e30\u0e22\u0e37\u0e19", "source": "GPS; sign", "osm_id": 4384808170, "osm_type": "node"}, "geometry": {"type": "Point", "coordinates": [102.6569323, 16.3319729]}}, {"type": "Feature", "properties": {"addr:country": "TH", "addr:district": "\u0e1e\u0e23\u0e30\u0e22\u0e37\u0e19", "addr:district:en": "Phra Yuen", "addr:hamlet": "\u0e2b\u0e21\u0e39\u0e48\u0e17\u0e35\u0e48 3", "addr:postcode": "40320", "addr:province": "\u0e02\u0e2d\u0e19\u0e41\u0e01\u0e48\u0e19", "addr:province:en": "Khon Kaen", "addr:subdistrict": "\u0e1e\u0e23\u0e30\u0e22\u0e37\u0e19", "addr:subdistrict:en": "Phra Yuen", "addr:suburb": "\u0e1a\u0e49\u0e32\u0e19\u0e19\u0e32\u0e25\u0e49\u0e2d\u0e21", "addr:suburb:en": "Ban Na Lom", "amenity": "school", "contact:email": "chaiwonwa2506@gmail.com", "contact:phone": "+66-43-266372", "contact:website": "http://data.bopp-obec.info/web/?School_ID=1040050500", "name": "\u0e42\u0e23\u0e07\u0e40\u0e23\u0e35\u0e22\u0e19\u0e1a\u0e49\u0e32\u0e19\u0e19\u0e32\u0e25\u0e49\u0e2d\u0e21", "name:en": "Ban Na Lom School", "name:th": "\u0e42\u0e23\u0e07\u0e40\u0e23\u0e35\u0e22\u0e19\u0e1a\u0e49\u0e32\u0e19\u0e19\u0e32\u0e25\u0e49\u0e2d\u0e21", "source": "GPS; sign", "osm_id": 4384864720, "osm_type": "node"}, "geometry": {"type": "Point", "coordinates": [102.6799536, 16.3535499]}}, {"type": "Feature", "properties": {"addr:country": "TH", "addr:district": "\u0e40\u0e21\u0e37\u0e2d\u0e07\u0e02\u0e2d\u0e19\u0e41\u0e01\u0e48\u0e19", "addr:district:en": "Mueang Khon Kaen", "addr:hamlet": "\u0e2b\u0e21\u0e39\u0e48\u0e17\u0e35\u0e48 4", "addr:postcode": "40000", "addr:province": "\u0e02\u0e2d\u0e19\u0e41\u0e01\u0e48\u0e19", "addr:province:en": "Khon Kaen", "addr:subdistrict": "\u0e1a\u0e49\u0e32\u0e19\u0e2b\u0e27\u0e49\u0e32", "addr:subdistrict:en": "Ban Wa", "addr:suburb": "\u0e1a\u0e49\u0e32\u0e19\u0e42\u0e04\u0e01\u0e2a\u0e39\u0e07", "addr:suburb:en": "Ban Khok Sung", "amenity": "school", "contact:phone": "+66-43-258590", "contact:website": "http://data.bopp-obec.info/web/?School_ID=1040050059", "name": "\u0e42\u0e23\u0e07\u0e40\u0e23\u0e35\u0e22\u0e19\u0e1a\u0e49\u0e32\u0e19\u0e42\u0e04\u0e01\u0e2a\u0e39\u0e07\u0e27\u0e34\u0e17\u0e22\u0e32\u0e04\u0e21", "name:en": "Ban Khok Sung Wittayakom School", "name:th": "\u0e42\u0e23\u0e07\u0e40\u0e23\u0e35\u0e22\u0e19\u0e1a\u0e49\u0e32\u0e19\u0e42\u0e04\u0e01\u0e2a\u0e39\u0e07\u0e27\u0e34\u0e17\u0e22\u0e32\u0e04\u0e21", "source": "GPS; sign", "osm_id": 4384930852, "osm_type": "node"}, "geometry": {"type": "Point", "coordinates": [102.7240719, 16.402956]}}, {"type": "Feature", "properties": {"addr:country": "TH", "addr:district": "\u0e40\u0e21\u0e37\u0e2d\u0e07\u0e02\u0e2d\u0e19\u0e41\u0e01\u0e48\u0e19", "addr:district:en": "Mueang Khon Kaen", "addr:hamlet": "\u0e2b\u0e21\u0e39\u0e48\u0e17\u0e35\u0e48 21", "addr:housenumber": "186", "addr:postcode": "40000", "addr:province": "\u0e02\u0e2d\u0e19\u0e41\u0e01\u0e48\u0e19", "addr:province:en": "Khon Kaen", "addr:street": "\u0e40\u0e25\u0e35\u0e48\u0e22\u0e07\u0e40\u0e21\u0e37\u0e2d\u0e07", "addr:street:en": "Liang Mueang", "addr:subdistrict": "\u0e1a\u0e49\u0e32\u0e19\u0e40\u0e1b\u0e47\u0e14", "addr:subdistrict:en": "Ban Pet", "amenity": "school", "contact:email": "penburyschool@hotmail.com", "contact:facebook": "https://www.facebook.com/penburyschool", "contact:phone": "+66-43-423690, +66-95-672-8357, +66-84-515-5653", "contact:website": "http://penbury.ac.th/", "description": "\u0e23\u0e30\u0e14\u0e31\u0e1a\u0e0a\u0e31\u0e49\u0e19\u0e40\u0e15\u0e23\u0e35\u0e22\u0e21\u0e2d\u0e19\u0e38\u0e1a\u0e32\u0e25 (2 \u0e1b\u0e35\u0e02\u0e36\u0e49\u0e19\u0e44\u0e1b) - \u0e1b.6 \u0e2a\u0e19\u0e31\u0e1a\u0e2a\u0e19\u0e38\u0e19\u0e27\u0e34\u0e0a\u0e32\u0e01\u0e32\u0e23\u0e08\u0e32\u0e01\u0e40\u0e0b\u0e19\u0e15\u0e4c\u0e08\u0e2d\u0e2b\u0e4c\u0e19 \u0e01\u0e23\u0e38\u0e07\u0e40\u0e17\u0e1e\u0e2f \u0e20\u0e32\u0e29\u0e32\u0e2d\u0e31\u0e07\u0e01\u0e24\u0e29\u0e08\u0e32\u0e01\u0e21\u0e2b\u0e32\u0e27\u0e34\u0e17\u0e22\u0e32\u0e25\u0e31\u0e22\u0e40\u0e04\u0e21\u0e1a\u0e23\u0e34\u0e14\u0e08\u0e4c", "name": "\u0e42\u0e23\u0e07\u0e40\u0e23\u0e35\u0e22\u0e19\u0e40\u0e1e\u0e47\u0e0d\u0e1a\u0e38\u0e23\u0e35", "name:en": "Penbury School", "name:th": "\u0e42\u0e23\u0e07\u0e40\u0e23\u0e35\u0e22\u0e19\u0e40\u0e1e\u0e47\u0e0d\u0e1a\u0e38\u0e23\u0e35", "osm_id": 4384997214, "osm_type": "node"}, "geometry": {"type": "Point", "coordinates": [102.7674144, 16.4436573]}}, {"type": "Feature", "properties": {"amenity": "school", "osm_id": 4391847624, "osm_type": "node"}, "geometry": {"type": "Point", "coordinates": [103.252943, 16.1860308]}}, {"type": "Feature", "properties": {"amenity": "school", "osm_id": 4392226807, "osm_type": "node"}, "geometry": {"type": "Point", "coordinates": [103.2205741, 16.1860565]}}, {"type": "Feature", "properties": {"amenity": "school", "osm_id": 4393054361, "osm_type": "node"}, "geometry": {"type": "Point", "coordinates": [103.210669, 16.1825778]}}, {"type": "Feature", "properties": {"place": "village", "osm_id": 4394975169, "osm_type": "node"}, "geometry": {"type": "Point", "coordinates": [103.1991251, 16.2395822]}}, {"type": "Feature", "properties": {"place": "village", "osm_id": 4394975170, "osm_type": "node"}, "geometry": {"type": "Point", "coordinates": [103.2015426, 16.2361264]}}, {"type": "Feature", "properties": {"amenity": "school", "osm_id": 4395769363, "osm_type": "node"}, "geometry": {"type": "Point", "coordinates": [103.2069702, 16.2123997]}}, {"type": "Feature", "properties": {"amenity": "school", "osm_id": 4395773276, "osm_type": "node"}, "geometry": {"type": "Point", "coordinates": [103.230633, 16.2192817]}}, {"type": "Feature", "properties": {"amenity": "school", "osm_id": 4396094974, "osm_type": "node"}, "geometry": {"type": "Point", "coordinates": [103.2286258, 16.2523484]}}, {"type": "Feature", "properties": {"amenity": "school", "osm_id": 4397020240, "osm_type": "node"}, "geometry": {"type": "Point", "coordinates": [103.2028754, 16.238782]}}, {"type": "Feature", "properties": {"amenity": "school", "osm_id": 4399093883, "osm_type": "node"}, "geometry": {"type": "Point", "coordinates": [103.2650284, 16.2335787]}}, {"type": "Feature", "properties": {"amenity": "school", "osm_id": 4399135382, "osm_type": "node"}, "geometry": {"type": "Point", "coordinates": [103.2007922, 16.2969948]}}, {"type": "Feature", "properties": {"amenity": "school", "osm_id": 4400707644, "osm_type": "node"}, "geometry": {"type": "Point", "coordinates": [103.2025061, 16.3234139]}}, {"type": "Feature", "properties": {"amenity": "school", "osm_id": 4401196610, "osm_type": "node"}, "geometry": {"type": "Point", "coordinates": [103.2585905, 16.3202996]}}, {"type": "Feature", "properties": {"amenity": "school", "osm_id": 4401217741, "osm_type": "node"}, "geometry": {"type": "Point", "coordinates": [103.2526628, 16.3321454]}}, {"type": "Feature", "properties": {"amenity": "school", "name": "Namtiangdonijun School", "osm_id": 4401225819, "osm_type": "node"}, "geometry": {"type": "Point", "coordinates": [103.2750271, 16.3328172]}}, {"type": "Feature", "properties": {"amenity": "school", "osm_id": 4402101839, "osm_type": "node"}, "geometry": {"type": "Point", "coordinates": [103.2263412, 16.3377189]}}, {"type": "Feature", "properties": {"amenity": "school", "osm_id": 4402104844, "osm_type": "node"}, "geometry": {"type": "Point", "coordinates": [103.2661714, 16.3443783]}}, {"type": "Feature", "properties": {"amenity": "school", "name": "\u0e42\u0e23\u0e07\u0e40\u0e23\u0e35\u0e22\u0e19 \u0e1a\u0e49\u0e32\u0e19\u0e14\u0e07\u0e1a\u0e31\u0e07", "name:en": "Ban Dong Bang School", "name:th": "\u0e42\u0e23\u0e07\u0e40\u0e23\u0e35\u0e22\u0e19 \u0e1a\u0e49\u0e32\u0e19\u0e14\u0e07\u0e1a\u0e31\u0e07", "osm_id": 4403792555, "osm_type": "node"}, "geometry": {"type": "Point", "coordinates": [103.2470149, 16.3878477]}}, {"type": "Feature", "properties": {"amenity": "school", "osm_id": 4406816285, "osm_type": "node"}, "geometry": {"type": "Point", "coordinates": [103.2657381, 16.3838728]}}, {"type": "Feature", "properties": {"amenity": "school", "osm_id": 4406894417, "osm_type": "node"}, "geometry": {"type": "Point", "coordinates": [103.2674889, 16.4085672]}}, {"type": "Feature", "properties": {"amenity": "school", "osm_id": 4416159133, "osm_type": "node"}, "geometry": {"type": "Point", "coordinates": [103.2643466, 16.5643152]}}, {"type": "Feature", "properties": {"amenity": "school", "osm_id": 4416582228, "osm_type": "node"}, "geometry": {"type": "Point", "coordinates": [103.240979, 16.57347]}}, {"type": "Feature", "properties": {"amenity": "school", "osm_id": 4424575448, "osm_type": "node"}, "geometry": {"type": "Point", "coordinates": [103.2325323, 16.5854596]}}, {"type": "Feature", "properties": {"amenity": "school", "osm_id": 4427049376, "osm_type": "node"}, "geometry": {"type": "Point", "coordinates": [103.2255825, 16.5990023]}}, {"type": "Feature", "properties": {"amenity": "school", "osm_id": 4427049385, "osm_type": "node"}, "geometry": {"type": "Point", "coordinates": [103.2254442, 16.5984152]}}, {"type": "Feature", "properties": {"addr:country": "TH", "addr:district": "\u0e40\u0e21\u0e37\u0e2d\u0e07\u0e02\u0e2d\u0e19\u0e41\u0e01\u0e48\u0e19", "addr:district:en": "Mueang Khon Kaen", "addr:housenumber": "21/6", "addr:postcode": "40000", "addr:province": "\u0e02\u0e2d\u0e19\u0e41\u0e01\u0e48\u0e19", "addr:province:en": "Khon Kaen", "addr:street": "\u0e16\u0e19\u0e19\u0e1b\u0e23\u0e30\u0e0a\u0e32\u0e2a\u0e42\u0e21\u0e2a\u0e23", "addr:street:en": "Pracha Samoson Road", "addr:subdistrict": "\u0e43\u0e19\u0e40\u0e21\u0e37\u0e2d\u0e07", "addr:subdistrict:en": "Nai Mueang", "amenity": "doctors", "contact:phone": "+66-43-242430", "description": "\u0e04\u0e25\u0e34\u0e19\u0e34\u0e01\u0e2a\u0e39\u0e15\u0e34-\u0e19\u0e23\u0e35\u0e40\u0e27\u0e0a\u0e41\u0e25\u0e30\u0e42\u0e23\u0e04\u0e2b\u0e21\u0e31\u0e19", "healthcare": "doctor", "name": "\u0e19\u0e32\u0e22\u0e41\u0e1e\u0e17\u0e22\u0e4c \u0e01\u0e19\u0e01", "name:en": "Doctor Kanok", "name:th": "\u0e19\u0e32\u0e22\u0e41\u0e1e\u0e17\u0e22\u0e4c \u0e01\u0e19\u0e01", "source": "Bing; sign", "osm_id": 4428456043, "osm_type": "node"}, "geometry": {"type": "Point", "coordinates": [102.8355194, 16.4384812]}}, {"type": "Feature", "properties": {"addr:country": "TH", "addr:district": "\u0e40\u0e21\u0e37\u0e2d\u0e07\u0e02\u0e2d\u0e19\u0e41\u0e01\u0e48\u0e19", "addr:district:en": "Mueang Khon Kaen", "addr:housenumber": "27/2", "addr:postcode": "40000", "addr:province": "\u0e02\u0e2d\u0e19\u0e41\u0e01\u0e48\u0e19", "addr:province:en": "Khon Kaen", "addr:street": "\u0e16\u0e19\u0e19\u0e1b\u0e23\u0e30\u0e0a\u0e32\u0e2a\u0e42\u0e21\u0e2a\u0e23", "addr:street:en": "Pracha Samoson Road", "addr:subdistrict": "\u0e43\u0e19\u0e40\u0e21\u0e37\u0e2d\u0e07", "addr:subdistrict:en": "Nai Mueang", "amenity": "clinic", "contact:facebook": "https://www.facebook.com/Amorn.Clinic", "contact:phone": "+66-43-238988, +66-89-6170065", "description": "\u0e01\u0e32\u0e23\u0e41\u0e1e\u0e17\u0e22\u0e4c\u0e17\u0e32\u0e07\u0e40\u0e25\u0e37\u0e2d\u0e01 \u0e40\u0e19\u0e49\u0e19\u0e18\u0e23\u0e23\u0e21\u0e0a\u0e32\u0e15\u0e34\u0e1a\u0e33\u0e1a\u0e31\u0e14 \u0e2a\u0e21\u0e38\u0e19\u0e44\u0e1e\u0e23 \u0e42\u0e2e\u0e21\u0e35\u0e42\u0e2d\u0e1e\u0e32\u0e18\u0e35\u0e22\u0e4c \u0e23\u0e31\u0e01\u0e29\u0e32\u0e42\u0e23\u0e04\u0e20\u0e39\u0e21\u0e34\u0e41\u0e1e\u0e49 \u0e44\u0e21\u0e40\u0e01\u0e23\u0e19 \u0e01\u0e23\u0e14\u0e44\u0e2b\u0e25\u0e22\u0e49\u0e2d\u0e19 \u0e2d\u0e35\u0e2a\u0e32\u0e19\u0e23\u0e27\u0e21\u0e21\u0e34\u0e15\u0e23 \u0e1b\u0e27\u0e14\u0e02\u0e49\u0e2d \u0e1b\u0e27\u0e14\u0e40\u0e23\u0e37\u0e49\u0e2d\u0e23\u0e31\u0e07 \u0e19\u0e34\u0e48\u0e27\u0e44\u0e15 \u0e44\u0e15\u0e40\u0e2a\u0e37\u0e48\u0e2d\u0e21 \u0e40\u0e14\u0e47\u0e01\u0e2a\u0e21\u0e32\u0e18\u0e34\u0e2a\u0e31\u0e49\u0e19 \u0e15\u0e23\u0e27\u0e08\u0e40\u0e25\u0e37\u0e2d\u0e14 \u0e1b\u0e31\u0e2a\u0e2a\u0e32\u0e27\u0e30 \u0e2d\u0e31\u0e25\u0e15\u0e23\u0e32\u0e0b\u0e32\u0e27\u0e19\u0e14\u0e4c", "healthcare": "alternative", "name": "\u0e2d\u0e21\u0e23\u0e04\u0e25\u0e34\u0e19\u0e34\u0e01\u0e40\u0e27\u0e0a\u0e01\u0e23\u0e23\u0e21", "name:en": "Amon Medical Clinic", "name:th": "\u0e2d\u0e21\u0e23\u0e04\u0e25\u0e34\u0e19\u0e34\u0e01\u0e40\u0e27\u0e0a\u0e01\u0e23\u0e23\u0e21", "source": "Bing; sign", "osm_id": 4428483126, "osm_type": "node"}, "geometry": {"type": "Point", "coordinates": [102.8352163, 16.4385429]}}, {"type": "Feature", "properties": {"amenity": "school", "osm_id": 4467334207, "osm_type": "node"}, "geometry": {"type": "Point", "coordinates": [103.244285, 16.5249231]}}, {"type": "Feature", "properties": {"amenity": "school", "osm_id": 4470527267, "osm_type": "node"}, "geometry": {"type": "Point", "coordinates": [103.2455095, 16.5367518]}}, {"type": "Feature", "properties": {"amenity": "school", "osm_id": 4470533426, "osm_type": "node"}, "geometry": {"type": "Point", "coordinates": [103.2513719, 16.5583249]}}, {"type": "Feature", "properties": {"amenity": "clinic", "emergency": "no", "fixme": "name missing", "healthcare": "clinic", "name": "\u0e42\u0e23\u0e07\u0e1e\u0e22\u0e32\u0e1a\u0e32\u0e25\u0e2a\u0e48\u0e07\u0e40\u0e2a\u0e23\u0e34\u0e21\u0e2a\u0e38\u0e02\u0e20\u0e32\u0e1e\u0e15\u0e33\u0e1a\u0e25", "name:en": "Subdistrict Health Promoting Hospital", "osm_id": 4477979593, "osm_type": "node"}, "geometry": {"type": "Point", "coordinates": [103.2612585, 16.5669028]}}, {"type": "Feature", "properties": {"amenity": "school", "osm_id": 4477984516, "osm_type": "node"}, "geometry": {"type": "Point", "coordinates": [103.2543732, 16.5989223]}}, {"type": "Feature", "properties": {"amenity": "school", "osm_id": 4483657985, "osm_type": "node"}, "geometry": {"type": "Point", "coordinates": [103.2217123, 16.6095799]}}, {"type": "Feature", "properties": {"addr:district": "Nam Phong", "addr:postcode": "40140", "addr:province": "Khon Kaen", "addr:subdistrict": "Ban Kham", "amenity": "school", "name": "\u0e42\u0e23\u0e07\u0e40\u0e23\u0e35\u0e22\u0e19\u0e1e\u0e23\u0e30\u0e18\u0e32\u0e15\u0e38\u0e02\u0e32\u0e21\u0e40\u0e40\u0e01\u0e48\u0e19", "name:en": "Phrathat Kham Kaen School", "osm_id": 4496335589, "osm_type": "node"}, "geometry": {"type": "Point", "coordinates": [102.9530444, 16.5631412]}}, {"type": "Feature", "properties": {"amenity": "school", "osm_id": 4500566493, "osm_type": "node"}, "geometry": {"type": "Point", "coordinates": [103.2114625, 16.5322319]}}, {"type": "Feature", "properties": {"amenity": "school", "osm_id": 4502379932, "osm_type": "node"}, "geometry": {"type": "Point", "coordinates": [103.2405585, 16.6641729]}}, {"type": "Feature", "properties": {"amenity": "school", "osm_id": 4502413977, "osm_type": "node"}, "geometry": {"type": "Point", "coordinates": [103.2275669, 16.6522703]}}, {"type": "Feature", "properties": {"amenity": "school", "osm_id": 4502519043, "osm_type": "node"}, "geometry": {"type": "Point", "coordinates": [103.253418, 16.6404417]}}, {"type": "Feature", "properties": {"place": "village", "osm_id": 4526713073, "osm_type": "node"}, "geometry": {"type": "Point", "coordinates": [102.8242102, 16.1870917]}}, {"type": "Feature", "properties": {"amenity": "school", "osm_id": 4582942650, "osm_type": "node"}, "geometry": {"type": "Point", "coordinates": [103.2619614, 15.9902728]}}, {"type": "Feature", "properties": {"amenity": "school", "osm_id": 4585411941, "osm_type": "node"}, "geometry": {"type": "Point", "coordinates": [103.2323309, 16.0242469]}}, {"type": "Feature", "properties": {"amenity": "school", "osm_id": 4585480571, "osm_type": "node"}, "geometry": {"type": "Point", "coordinates": [103.2726141, 16.0622951]}}, {"type": "Feature", "properties": {"amenity": "school", "osm_id": 4585480584, "osm_type": "node"}, "geometry": {"type": "Point", "coordinates": [103.2617438, 16.0509546]}}, {"type": "Feature", "properties": {"amenity": "school", "osm_id": 4585484032, "osm_type": "node"}, "geometry": {"type": "Point", "coordinates": [103.2626895, 16.0369841]}}, {"type": "Feature", "properties": {"place": "village", "osm_id": 4585485312, "osm_type": "node"}, "geometry": {"type": "Point", "coordinates": [103.261284, 16.0685032]}}, {"type": "Feature", "properties": {"place": "village", "osm_id": 4585485313, "osm_type": "node"}, "geometry": {"type": "Point", "coordinates": [103.2560431, 16.0785133]}}, {"type": "Feature", "properties": {"amenity": "school", "osm_id": 4585490629, "osm_type": "node"}, "geometry": {"type": "Point", "coordinates": [103.266354, 16.0990811]}}, {"type": "Feature", "properties": {"place": "village", "osm_id": 4585490641, "osm_type": "node"}, "geometry": {"type": "Point", "coordinates": [103.2463492, 16.1003048]}}, {"type": "Feature", "properties": {"amenity": "school", "osm_id": 4585491939, "osm_type": "node"}, "geometry": {"type": "Point", "coordinates": [103.279754, 16.0961802]}}, {"type": "Feature", "properties": {"amenity": "school", "osm_id": 4594579478, "osm_type": "node"}, "geometry": {"type": "Point", "coordinates": [103.2710375, 16.022586]}}, {"type": "Feature", "properties": {"place": "village", "osm_id": 4594596589, "osm_type": "node"}, "geometry": {"type": "Point", "coordinates": [103.2531791, 16.0691992]}}, {"type": "Feature", "properties": {"place": "village", "osm_id": 4594596601, "osm_type": "node"}, "geometry": {"type": "Point", "coordinates": [103.2387114, 16.0710085]}}, {"type": "Feature", "properties": {"amenity": "school", "osm_id": 4594618267, "osm_type": "node"}, "geometry": {"type": "Point", "coordinates": [103.2205263, 16.068488]}}, {"type": "Feature", "properties": {"place": "hamlet", "osm_id": 4594623090, "osm_type": "node"}, "geometry": {"type": "Point", "coordinates": [103.2696733, 16.0708902]}}, {"type": "Feature", "properties": {"amenity": "school", "osm_id": 4595088155, "osm_type": "node"}, "geometry": {"type": "Point", "coordinates": [103.2622118, 16.0664641]}}, {"type": "Feature", "properties": {"amenity": "school", "osm_id": 4595239228, "osm_type": "node"}, "geometry": {"type": "Point", "coordinates": [103.247538, 16.1106924]}}, {"type": "Feature", "properties": {"amenity": "school", "osm_id": 4595245780, "osm_type": "node"}, "geometry": {"type": "Point", "coordinates": [103.2239619, 16.078673]}}, {"type": "Feature", "properties": {"amenity": "clinic", "emergency": "no", "fixme": "name missing", "healthcare": "clinic", "name": "\u0e42\u0e23\u0e07\u0e1e\u0e22\u0e32\u0e1a\u0e32\u0e25\u0e2a\u0e48\u0e07\u0e40\u0e2a\u0e23\u0e34\u0e21\u0e2a\u0e38\u0e02\u0e20\u0e32\u0e1e\u0e15\u0e33\u0e1a\u0e25", "name:en": "Subdistrict Health Promoting Hospital", "osm_id": 4596001851, "osm_type": "node"}, "geometry": {"type": "Point", "coordinates": [103.2472392, 16.1056248]}}, {"type": "Feature", "properties": {"addr:housenumber": "431/5", "addr:postcode": "40000", "addr:street": "\u0e16\u0e19\u0e19\u0e2b\u0e19\u0e49\u0e32\u0e40\u0e21\u0e37\u0e2d\u0e07", "amenity": "doctors", "healthcare": "doctor", "name": "\u0e04\u0e25\u0e34\u0e19\u0e34\u0e01\u0e2b\u0e21\u0e2d\u0e27\u0e34\u0e2a\u0e39\u0e15\u0e23 \u0e27\u0e34\u0e20\u0e32", "name:en": "Dr.Wisoot-Wipa clinic", "phone": "043322077", "osm_id": 4614294890, "osm_type": "node"}, "geometry": {"type": "Point", "coordinates": [102.8333455, 16.4244533]}}, {"type": "Feature", "properties": {"amenity": "school", "osm_id": 4614446834, "osm_type": "node"}, "geometry": {"type": "Point", "coordinates": [102.7309963, 16.473356]}}, {"type": "Feature", "properties": {"amenity": "school", "osm_id": 4616555718, "osm_type": "node"}, "geometry": {"type": "Point", "coordinates": [102.7381927, 16.5001992]}}, {"type": "Feature", "properties": {"amenity": "school", "osm_id": 4618305530, "osm_type": "node"}, "geometry": {"type": "Point", "coordinates": [102.8027615, 16.3389734]}}, {"type": "Feature", "properties": {"amenity": "school", "osm_id": 4618534648, "osm_type": "node"}, "geometry": {"type": "Point", "coordinates": [102.8372783, 16.339642]}}, {"type": "Feature", "properties": {"amenity": "school", "osm_id": 4618549204, "osm_type": "node"}, "geometry": {"type": "Point", "coordinates": [102.849949, 16.3288958]}}, {"type": "Feature", "properties": {"amenity": "school", "osm_id": 4618567040, "osm_type": "node"}, "geometry": {"type": "Point", "coordinates": [102.8665841, 16.3272175]}}, {"type": "Feature", "properties": {"amenity": "school", "osm_id": 4618586855, "osm_type": "node"}, "geometry": {"type": "Point", "coordinates": [102.8271556, 16.3532136]}}, {"type": "Feature", "properties": {"amenity": "school", "osm_id": 4618635055, "osm_type": "node"}, "geometry": {"type": "Point", "coordinates": [102.7652502, 16.3357632]}}, {"type": "Feature", "properties": {"amenity": "school", "osm_id": 4620518866, "osm_type": "node"}, "geometry": {"type": "Point", "coordinates": [102.8195081, 16.2714092]}}, {"type": "Feature", "properties": {"amenity": "school", "osm_id": 4620537939, "osm_type": "node"}, "geometry": {"type": "Point", "coordinates": [102.8214474, 16.2573221]}}, {"type": "Feature", "properties": {"amenity": "school", "osm_id": 4620540435, "osm_type": "node"}, "geometry": {"type": "Point", "coordinates": [102.8033854, 16.2193636]}}, {"type": "Feature", "properties": {"amenity": "school", "osm_id": 4620559052, "osm_type": "node"}, "geometry": {"type": "Point", "coordinates": [102.8836505, 16.0186312]}}, {"type": "Feature", "properties": {"place": "village", "osm_id": 4620576480, "osm_type": "node"}, "geometry": {"type": "Point", "coordinates": [102.8848763, 16.0028451]}}, {"type": "Feature", "properties": {"amenity": "school", "osm_id": 4620585299, "osm_type": "node"}, "geometry": {"type": "Point", "coordinates": [102.8458072, 16.0062458]}}, {"type": "Feature", "properties": {"name": "Ban Non Sawang", "place": "village", "osm_id": 4923555779, "osm_type": "node"}, "geometry": {"type": "Point", "coordinates": [102.5574177, 16.7045162]}}, {"type": "Feature", "properties": {"addr:city": "\u0e02\u0e2d\u0e19\u0e41\u0e01\u0e48\u0e19", "addr:housenumber": "121", "addr:postcode": "40170", "addr:street": "\u0e2a\u0e37\u0e1a\u0e2a\u0e32\u0e23\u0e04\u0e32\u0e21", "amenity": "hospital", "description": "\u0e42\u0e23\u0e07\u0e1e\u0e22\u0e32\u0e1a\u0e32\u0e25\u0e2a\u0e21\u0e40\u0e14\u0e47\u0e08\u0e1e\u0e23\u0e30\u0e22\u0e38\u0e1e\u0e23\u0e32\u0e0a\u0e01\u0e23\u0e30\u0e19\u0e27\u0e19", "emergency": "yes", "healthcare:speciality": "doctor;dentist", "name": "\u0e42\u0e23\u0e07\u0e1e\u0e22\u0e32\u0e1a\u0e32\u0e25\u0e2a\u0e21\u0e40\u0e14\u0e47\u0e08\u0e1e\u0e23\u0e30\u0e22\u0e38\u0e1e\u0e23\u0e32\u0e0a\u0e01\u0e23\u0e30\u0e19\u0e27\u0e19", "name:th": "\u0e42\u0e23\u0e07\u0e1e\u0e22\u0e32\u0e1a\u0e32\u0e25\u0e1e\u0e22\u0e38\u0e1e\u0e23\u0e30\u0e23\u0e32\u0e0a\u0e01\u0e23\u0e30\u0e19\u0e27\u0e19", "osm_id": 4991645626, "osm_type": "node"}, "geometry": {"type": "Point", "coordinates": [103.0852125, 16.7062656]}}, {"type": "Feature", "properties": {"addr:country": "TH", "addr:district": "\u0e40\u0e21\u0e37\u0e2d\u0e07\u0e02\u0e2d\u0e19\u0e41\u0e01\u0e48\u0e19", "addr:district:en": "Mueang Khon Kaen", "addr:housenumber": "191/6-7", "addr:postcode": "40000", "addr:province": "\u0e02\u0e2d\u0e19\u0e41\u0e01\u0e48\u0e19", "addr:province:en": "Khon Kaen", "addr:street": "\u0e16\u0e19\u0e19\u0e23\u0e2d\u0e1a\u0e40\u0e21\u0e37\u0e2d\u0e07", "addr:street:en": "Robmuang Road", "addr:subdistrict": "\u0e43\u0e19\u0e40\u0e21\u0e37\u0e2d\u0e07", "addr:subdistrict:en": "Nai Mueang", "amenity": "doctors", "contact:email": "robmuangclinic@gmail.com", "contact:facebook": "https://www.facebook.com/Clinicrobmuang/", "contact:phone": "+66-95-6648998", "healthcare": "clinic", "name": "\u0e23\u0e2d\u0e1a\u0e40\u0e21\u0e37\u0e2d\u0e07\u0e23\u0e27\u0e21\u0e41\u0e1e\u0e17\u0e22\u0e4c", "name:en": "Robmuang Ruam Phaet", "name:th": "\u0e23\u0e2d\u0e1a\u0e40\u0e21\u0e37\u0e2d\u0e07\u0e23\u0e27\u0e21\u0e41\u0e1e\u0e17\u0e22\u0e4c", "opening_hours": "Mo-Fr 17:00-20:00; Sa 10:00-14:00, 17:00-20:00; Su 10:00-14:00", "source": "digitalglobe; sign", "osm_id": 5072579145, "osm_type": "node"}, "geometry": {"type": "Point", "coordinates": [102.8395253, 16.4252774]}}, {"type": "Feature", "properties": {"place": "hamlet", "osm_id": 5161873735, "osm_type": "node"}, "geometry": {"type": "Point", "coordinates": [102.6094003, 16.001198]}}, {"type": "Feature", "properties": {"place": "hamlet", "osm_id": 5161873762, "osm_type": "node"}, "geometry": {"type": "Point", "coordinates": [102.6367843, 16.0246294]}}, {"type": "Feature", "properties": {"place": "hamlet", "osm_id": 5161873766, "osm_type": "node"}, "geometry": {"type": "Point", "coordinates": [102.6434871, 16.0298755]}}, {"type": "Feature", "properties": {"amenity": "school", "name": "\u0e42\u0e23\u0e07\u0e40\u0e23\u0e35\u0e22\u0e19\u0e40\u0e02\u0e32\u0e2a\u0e27\u0e19\u0e01\u0e27\u0e32\u0e07\u0e27\u0e34\u0e17\u0e22\u0e32\u0e19\u0e38\u0e01\u0e39\u0e25", "name:en": "Khao Suan Kwang Witthaya Nu Kun School", "name:th": "\u0e42\u0e23\u0e07\u0e40\u0e23\u0e35\u0e22\u0e19\u0e40\u0e02\u0e32\u0e2a\u0e27\u0e19\u0e01\u0e27\u0e32\u0e07\u0e27\u0e34\u0e17\u0e22\u0e32\u0e19\u0e38\u0e01\u0e39\u0e25", "osm_id": 5229456121, "osm_type": "node"}, "geometry": {"type": "Point", "coordinates": [102.8643438, 16.8638121]}}, {"type": "Feature", "properties": {"place": "village", "osm_id": 5261898306, "osm_type": "node"}, "geometry": {"type": "Point", "coordinates": [103.1641413, 16.0877425]}}, {"type": "Feature", "properties": {"place": "village", "osm_id": 5261898310, "osm_type": "node"}, "geometry": {"type": "Point", "coordinates": [103.1576209, 16.0897862]}}, {"type": "Feature", "properties": {"place": "village", "osm_id": 5261898332, "osm_type": "node"}, "geometry": {"type": "Point", "coordinates": [103.1421472, 16.1062302]}}, {"type": "Feature", "properties": {"place": "village", "osm_id": 5262091764, "osm_type": "node"}, "geometry": {"type": "Point", "coordinates": [103.1572196, 16.0378681]}}, {"type": "Feature", "properties": {"place": "hamlet", "osm_id": 5262091765, "osm_type": "node"}, "geometry": {"type": "Point", "coordinates": [103.1535182, 16.0381826]}}, {"type": "Feature", "properties": {"place": "hamlet", "osm_id": 5262091783, "osm_type": "node"}, "geometry": {"type": "Point", "coordinates": [103.1739049, 16.0455521]}}, {"type": "Feature", "properties": {"place": "village", "osm_id": 5262091796, "osm_type": "node"}, "geometry": {"type": "Point", "coordinates": [103.1725504, 16.0501791]}}, {"type": "Feature", "properties": {"place": "village", "osm_id": 5262094772, "osm_type": "node"}, "geometry": {"type": "Point", "coordinates": [103.1324735, 16.0557522]}}, {"type": "Feature", "properties": {"place": "village", "osm_id": 5336897415, "osm_type": "node"}, "geometry": {"type": "Point", "coordinates": [103.2337902, 16.826291]}}, {"type": "Feature", "properties": {"amenity": "school", "name:en": "Patanadek School (Child Development Centre)", "osm_id": 5871748485, "osm_type": "node"}, "geometry": {"type": "Point", "coordinates": [102.8640917, 16.4276167]}}, {"type": "Feature", "properties": {"amenity": "school", "osm_id": 6053603535, "osm_type": "node"}, "geometry": {"type": "Point", "coordinates": [102.8154448, 16.4023424]}}, {"type": "Feature", "properties": {"amenity": "doctors", "healthcare": "doctor", "osm_id": 6053603537, "osm_type": "node"}, "geometry": {"type": "Point", "coordinates": [102.8187908, 16.4144997]}}, {"type": "Feature", "properties": {"amenity": "school", "osm_id": 6053603539, "osm_type": "node"}, "geometry": {"type": "Point", "coordinates": [102.8241599, 16.4158209]}}, {"type": "Feature", "properties": {"name": "\u0e1a\u0e49\u0e32\u0e19\u0e14\u0e2d\u0e19\u0e15\u0e39\u0e21", "name:en": "Ban Don Tum", "place": "village", "source": "geonames", "osm_id": 6149979209, "osm_type": "node"}, "geometry": {"type": "Point", "coordinates": [103.2537964, 16.1882406]}}, {"type": "Feature", "properties": {"is_in:country": "Thailand", "is_in:state": "Maha Sarakham", "name": "\u0e1a\u0e49\u0e32\u0e19\u0e42\u0e19\u0e19\u0e21\u0e48\u0e27\u0e07", "name:en": "Ban Non Muang", "place": "village", "source": "Bing; sign", "osm_id": 6153044333, "osm_type": "node"}, "geometry": {"type": "Point", "coordinates": [103.2744987, 16.1624493]}}, {"type": "Feature", "properties": {"amenity": "clinic", "healthcare": "clinic", "osm_id": 6359766390, "osm_type": "node"}, "geometry": {"type": "Point", "coordinates": [102.8298016, 16.4313417]}}, {"type": "Feature", "properties": {"amenity": "clinic", "healthcare": "clinic", "osm_id": 6359766586, "osm_type": "node"}, "geometry": {"type": "Point", "coordinates": [102.8302955, 16.4308458]}}, {"type": "Feature", "properties": {"amenity": "clinic", "healthcare": "clinic", "osm_id": 6359766588, "osm_type": "node"}, "geometry": {"type": "Point", "coordinates": [102.8299443, 16.4313154]}}, {"type": "Feature", "properties": {"addr:country": "TH", "addr:district": "\u0e40\u0e21\u0e37\u0e2d\u0e07\u0e02\u0e2d\u0e19\u0e41\u0e01\u0e48\u0e19", "addr:district:en": "Mueang Khon Kaen", "addr:housenumber": "33/8-9", "addr:postcode": "40000", "addr:province": "\u0e02\u0e2d\u0e19\u0e41\u0e01\u0e48\u0e19", "addr:province:en": "Khon Kaen", "addr:street": "\u0e16\u0e19\u0e19\u0e23\u0e2d\u0e1a\u0e1a\u0e36\u0e07", "addr:street:en": "Rob Bueng Road", "addr:subdistrict": "\u0e43\u0e19\u0e40\u0e21\u0e37\u0e2d\u0e07", "addr:subdistrict:en": "Nai Mueang", "amenity": "doctors", "contact:phone": "+66-43-913131", "healthcare": "doctor", "healthcare:speciality": "orthopaedics", "name": "\u0e04\u0e25\u0e34\u0e19\u0e34\u0e01\u0e19\u0e32\u0e22\u0e41\u0e1e\u0e17\u0e22\u0e4c\u0e40\u0e2a\u0e23\u0e34\u0e21\u0e28\u0e31\u0e01\u0e14\u0e34\u0e4c", "name:en": "Doctor Sermsak", "name:th": "\u0e04\u0e25\u0e34\u0e19\u0e34\u0e01\u0e2b\u0e21\u0e2d\u0e40\u0e2a\u0e23\u0e34\u0e21\u0e28\u0e31\u0e01\u0e14\u0e34\u0e4c", "opening_hours": "Sa-Th 18:00-20:30", "source": "GPS; sign", "osm_id": 6433781288, "osm_type": "node"}, "geometry": {"type": "Point", "coordinates": [102.8375672, 16.420587]}}, {"type": "Feature", "properties": {"addr:postcode": "44150", "addr:street": "\u0e2b\u0e19\u0e49\u0e32 HS - \u0e28\u0e32\u0e25\u0e2b\u0e25\u0e31\u0e01\u0e40\u0e21\u0e37\u0e2d\u0e07", "amenity": "school", "name": "\u0e42\u0e23\u0e07\u0e40\u0e23\u0e35\u0e22\u0e19\u0e2a\u0e32\u0e18\u0e34\u0e15\u0e21\u0e2b\u0e32\u0e27\u0e34\u0e17\u0e22\u0e32\u0e25\u0e31\u0e22\u0e21\u0e2b\u0e32\u0e2a\u0e32\u0e23\u0e04\u0e32\u0e21 (\u0e1d\u0e48\u0e32\u0e22\u0e21\u0e31\u0e18\u0e22\u0e21)", "name:en": "Mahasarakham University Demonstration School (Secondary)", "osm_id": 6468098085, "osm_type": "node"}, "geometry": {"type": "Point", "coordinates": [103.2462311, 16.2450046]}}, {"type": "Feature", "properties": {"amenity": "school", "name:en": "St Mary School (handicap people)", "osm_id": 6484906885, "osm_type": "node"}, "geometry": {"type": "Point", "coordinates": [102.8220629, 16.4559692]}}, {"type": "Feature", "properties": {"amenity": "clinic", "name:en": "Saved Souls Fundation", "osm_id": 6496509686, "osm_type": "node"}, "geometry": {"type": "Point", "coordinates": [102.6075143, 16.5663705]}}, {"type": "Feature", "properties": {"alt_name": "\u0e2a\u0e16\u0e32\u0e19\u0e35\u0e2d\u0e19\u0e32\u0e21\u0e31\u0e22\u0e1a\u0e49\u0e32\u0e19\u0e40\u0e1b\u0e47\u0e14", "amenity": "clinic", "emergency": "no", "healthcare": "clinic", "name": "\u0e42\u0e23\u0e07\u0e1e\u0e22\u0e32\u0e1a\u0e32\u0e25\u0e2a\u0e48\u0e07\u0e40\u0e2a\u0e23\u0e34\u0e21\u0e2a\u0e38\u0e02\u0e20\u0e32\u0e1e\u0e15\u0e33\u0e1a\u0e25 \u0e1a\u0e49\u0e32\u0e19\u0e40\u0e1b\u0e47\u0e14", "name:en": "Ban Pet Subdistrict Health Promoting Hospital", "short_name": "\u0e23\u0e1e.\u0e2a\u0e15.\u0e1a\u0e49\u0e32\u0e19\u0e40\u0e1b\u0e47\u0e14", "osm_id": 6642805185, "osm_type": "node"}, "geometry": {"type": "Point", "coordinates": [102.7550625, 16.4318367]}}, {"type": "Feature", "properties": {"addr:housenumber": "48/73", "addr:street": "\u0e16\u0e19\u0e19\u0e21\u0e34\u0e15\u0e23\u0e20\u0e32\u0e1e", "amenity": "doctors", "healthcare": "doctor", "name": "\u0e04\u0e25\u0e34\u0e19\u0e34\u0e01\u0e42\u0e23\u0e04\u0e01\u0e23\u0e30\u0e14\u0e39\u0e01\u0e41\u0e25\u0e30\u0e02\u0e49\u0e2d \u0e2b\u0e21\u0e2d\u0e2a\u0e38\u0e23\u0e0a\u0e31\u0e22", "name:en": "Doctor Surachai Orthopedics", "opening_hours": "Mo, Th 17:00-20:00; Su 09:00-12:00", "phone": "+66-89-4217733", "osm_id": 7039688285, "osm_type": "node"}, "geometry": {"type": "Point", "coordinates": [102.8314179, 16.4585443]}}, {"type": "Feature", "properties": {"admin_level": "7", "capital": "6", "name": "\u0e01\u0e23\u0e30\u0e19\u0e27\u0e19", "name:en": "Kranuan", "official_name": "\u0e40\u0e17\u0e28\u0e1a\u0e32\u0e25\u0e40\u0e21\u0e37\u0e2d\u0e07\u0e01\u0e23\u0e30\u0e19\u0e27\u0e19", "place": "town", "wikidata": "Q21408231", "osm_id": 7359270026, "osm_type": "node"}, "geometry": {"type": "Point", "coordinates": [103.0814316, 16.7072988]}}, {"type": "Feature", "properties": {"name": "\u0e2b\u0e21\u0e39\u0e48\u0e1a\u0e49\u0e32\u0e19\u0e2a\u0e34\u0e19\u0e2a\u0e38\u0e02\u0e41\u0e25\u0e19\u0e14\u0e4c", "place": "village", "osm_id": 7389969650, "osm_type": "node"}, "geometry": {"type": "Point", "coordinates": [102.8089218, 16.4981973]}}, {"type": "Feature", "properties": {"addr:postcode": "40000", "addr:street": "\u0e16\u0e19\u0e19\u0e1b\u0e23\u0e30\u0e0a\u0e32\u0e2a\u0e42\u0e21\u0e2a\u0e23", "amenity": "clinic", "healthcare": "clinic", "name": "\u0e1a\u0e34\u0e4a\u0e01\u0e2a\u0e44\u0e21\u0e25", "osm_id": 7478162985, "osm_type": "node"}, "geometry": {"type": "Point", "coordinates": [102.8299084, 16.4387957]}}, {"type": "Feature", "properties": {"name:en": "Ban Nong Yaplong", "place": "village", "osm_id": 7542324947, "osm_type": "node"}, "geometry": {"type": "Point", "coordinates": [102.3979385, 16.2864472]}}, {"type": "Feature", "properties": {"name:en": "Ban Thanon Klang", "place": "hamlet", "osm_id": 7542349237, "osm_type": "node"}, "geometry": {"type": "Point", "coordinates": [102.4072286, 16.4202845]}}, {"type": "Feature", "properties": {"name:en": "Ban Sadao", "place": "village", "osm_id": 7542366146, "osm_type": "node"}, "geometry": {"type": "Point", "coordinates": [102.4114027, 16.3723415]}}, {"type": "Feature", "properties": {"name:en": "Ban Nong Phai", "place": "village", "osm_id": 7542366171, "osm_type": "node"}, "geometry": {"type": "Point", "coordinates": [102.4162669, 16.3940336]}}, {"type": "Feature", "properties": {"name:en": "Ban Don Khing Kaeng", "place": "village", "osm_id": 7542372997, "osm_type": "node"}, "geometry": {"type": "Point", "coordinates": [102.4143751, 16.356561]}}, {"type": "Feature", "properties": {"name:en": "Ban Nong Mek", "place": "village", "osm_id": 7542373000, "osm_type": "node"}, "geometry": {"type": "Point", "coordinates": [102.393765, 16.3497664]}}, {"type": "Feature", "properties": {"amenity": "school", "name": "\u0e42\u0e23\u0e07\u0e40\u0e23\u0e35\u0e22\u0e19\u0e1a\u0e49\u0e32\u0e19\u0e1c\u0e31\u0e01\u0e2b\u0e27\u0e32\u0e19", "osm_id": 7599693986, "osm_type": "node"}, "geometry": {"type": "Point", "coordinates": [102.6479714, 15.9940482]}}, {"type": "Feature", "properties": {"amenity": "school", "name": "\u0e23\u0e23.\u0e44\u0e15\u0e23\u0e23\u0e32\u0e29\u0e0e\u0e23\u0e4c\u0e2a\u0e32\u0e21\u0e31\u0e04\u0e04\u0e35", "osm_id": 7599694785, "osm_type": "node"}, "geometry": {"type": "Point", "coordinates": [102.6534346, 16.0067522]}}, {"type": "Feature", "properties": {"amenity": "doctors", "healthcare": "doctor", "name": "\u0e04\u0e25\u0e34\u0e19\u0e34\u0e01\u0e2b\u0e21\u0e2d\u0e08\u0e38\u0e2c\u0e32\u0e25\u0e31\u0e01\u0e29\u0e13\u0e4c", "osm_id": 7637705228, "osm_type": "node"}, "geometry": {"type": "Point", "coordinates": [102.8619671, 16.8544575]}}, {"type": "Feature", "properties": {"name": "\u0e1a\u0e49\u0e32\u0e19\u0e42\u0e19\u0e19\u0e2d\u0e33\u0e19\u0e27\u0e22", "name:en": "Ban Non Amnuai", "name:th": "\u0e1a\u0e49\u0e32\u0e19\u0e42\u0e19\u0e19\u0e2d\u0e33\u0e19\u0e27\u0e22", "place": "village", "osm_id": 7639594263, "osm_type": "node"}, "geometry": {"type": "Point", "coordinates": [103.2783455, 16.8237309]}}, {"type": "Feature", "properties": {"place": "village", "osm_id": 7639594265, "osm_type": "node"}, "geometry": {"type": "Point", "coordinates": [103.266753, 16.8635985]}}, {"type": "Feature", "properties": {"place": "village", "osm_id": 7639863180, "osm_type": "node"}, "geometry": {"type": "Point", "coordinates": [103.2657391, 16.8574944]}}, {"type": "Feature", "properties": {"place": "hamlet", "osm_id": 7640736108, "osm_type": "node"}, "geometry": {"type": "Point", "coordinates": [103.2570004, 16.7503042]}}, {"type": "Feature", "properties": {"addr:city": "\u0e02\u0e2d\u0e19\u0e41\u0e01\u0e48\u0e19", "addr:postcode": "40002", "addr:street": "\u0e16\u0e19\u0e19\u0e21\u0e34\u0e15\u0e23\u0e20\u0e32\u0e1e", "amenity": "school", "internet_access": "yes", "internet_access:fee": "customers", "name": "\u0e42\u0e23\u0e07\u0e40\u0e23\u0e35\u0e22\u0e19\u0e2a\u0e32\u0e18\u0e34\u0e15\u0e21\u0e2b\u0e32\u0e27\u0e34\u0e17\u0e22\u0e32\u0e25\u0e31\u0e22\u0e02\u0e2d\u0e19\u0e41\u0e01\u0e48\u0e19 \u0e1d\u0e48\u0e32\u0e22\u0e1b\u0e23\u0e30\u0e16\u0e21\u0e28\u0e36\u0e01\u0e29\u0e32 (\u0e21\u0e2d\u0e14\u0e34\u0e19\u0e41\u0e14\u0e07)", "operator": "Khon Kaen University", "operator:type": "public", "website": "https://satitmo.kku.ac.th", "osm_id": 7706461015, "osm_type": "node"}, "geometry": {"type": "Point", "coordinates": [102.8309112, 16.4814106]}}, {"type": "Feature", "properties": {"amenity": "school", "name": "\u0e42\u0e23\u0e07\u0e40\u0e23\u0e35\u0e22\u0e19 \u0e1a\u0e49\u0e32\u0e19\u0e2a\u0e35\u0e14\u0e32\u0e2a\u0e23\u0e30\u0e41\u0e01\u0e49\u0e27", "name:en": "Ban Sida Sa Kaeo School", "name:th": "\u0e42\u0e23\u0e07\u0e40\u0e23\u0e35\u0e22\u0e19 \u0e1a\u0e49\u0e32\u0e19\u0e2a\u0e35\u0e14\u0e32\u0e2a\u0e23\u0e30\u0e41\u0e01\u0e49\u0e27", "osm_id": 7851409965, "osm_type": "node"}, "geometry": {"type": "Point", "coordinates": [103.1563693, 16.3737719]}}, {"type": "Feature", "properties": {"amenity": "hospital", "name": "\u0e42\u0e23\u0e07\u0e1e\u0e22\u0e32\u0e1a\u0e32\u0e25\u0e1a\u0e23\u0e1a\u0e37\u0e2d", "name:en": "Borabue Hospital", "osm_id": 7856667554, "osm_type": "node"}, "geometry": {"type": "Point", "coordinates": [103.1135559, 16.0419984]}}, {"type": "Feature", "properties": {"amenity": "hospital", "emergency": "yes", "healthcare": "hospital", "name": "\u0e42\u0e23\u0e07\u0e1e\u0e22\u0e32\u0e1a\u0e32\u0e25\u0e42\u0e01\u0e2a\u0e38\u0e21\u0e1e\u0e34\u0e2a\u0e31\u0e22", "name:en": "Kosum Phisai Hospital", "name:th": "\u0e42\u0e23\u0e07\u0e1e\u0e22\u0e32\u0e1a\u0e32\u0e25\u0e42\u0e01\u0e2a\u0e38\u0e21\u0e1e\u0e34\u0e2a\u0e31\u0e22", "osm_id": 7856667555, "osm_type": "node"}, "geometry": {"type": "Point", "coordinates": [103.0672931, 16.2411697]}}, {"type": "Feature", "properties": {"amenity": "hospital", "name": "\u0e42\u0e23\u0e07\u0e1e\u0e22\u0e32\u0e1a\u0e32\u0e25\u0e2b\u0e49\u0e27\u0e22\u0e40\u0e21\u0e47\u0e01", "name:en": "Huai Mek Hospital", "osm_id": 7856667566, "osm_type": "node"}, "geometry": {"type": "Point", "coordinates": [103.2292664, 16.5960041]}}, {"type": "Feature", "properties": {"amenity": "clinic", "emergency": "no", "healthcare": "clinic", "name": "\u0e42\u0e23\u0e07\u0e1e\u0e22\u0e32\u0e1a\u0e32\u0e25\u0e2a\u0e48\u0e07\u0e40\u0e2a\u0e23\u0e34\u0e21\u0e2a\u0e38\u0e02\u0e20\u0e32\u0e1e\u0e15\u0e33\u0e1a\u0e25 \u0e1a\u0e49\u0e32\u0e19\u0e14\u0e07\u0e1a\u0e31\u0e07", "name:en": "Ban Dong Bang Subdistrict Health Promoting Hospital", "name:th": "\u0e42\u0e23\u0e07\u0e1e\u0e22\u0e32\u0e1a\u0e32\u0e25\u0e2a\u0e48\u0e07\u0e40\u0e2a\u0e23\u0e34\u0e21\u0e2a\u0e38\u0e02\u0e20\u0e32\u0e1e\u0e15\u0e33\u0e1a\u0e25 \u0e1a\u0e49\u0e32\u0e19\u0e14\u0e07\u0e1a\u0e31\u0e07", "osm_id": 8060402758, "osm_type": "node"}, "geometry": {"type": "Point", "coordinates": [103.2580867, 16.3889854]}}, {"type": "Feature", "properties": {"amenity": "school", "name": "\u0e42\u0e23\u0e07\u0e40\u0e23\u0e35\u0e22\u0e19 \u0e2b\u0e31\u0e27\u0e19\u0e32\u0e04\u0e33\u0e08\u0e23\u0e39\u0e0d\u0e28\u0e34\u0e25\u0e1b\u0e4c", "name:en": "Hua Na Kham Charun Sin School", "name:th": "\u0e42\u0e23\u0e07\u0e40\u0e23\u0e35\u0e22\u0e19 \u0e2b\u0e31\u0e27\u0e19\u0e32\u0e04\u0e33\u0e08\u0e23\u0e39\u0e0d\u0e28\u0e34\u0e25\u0e1b\u0e4c", "osm_id": 8060470245, "osm_type": "node"}, "geometry": {"type": "Point", "coordinates": [103.189795, 16.3781776]}}, {"type": "Feature", "properties": {"amenity": "school", "name": "\u0e42\u0e23\u0e07\u0e40\u0e23\u0e35\u0e22\u0e19 \u0e08\u0e23\u0e0a\u0e19\u0e30\u0e28\u0e36\u0e01\u0e29\u0e32", "name:en": "Chon Chana Sueksa School", "name:th": "\u0e42\u0e23\u0e07\u0e40\u0e23\u0e35\u0e22\u0e19 \u0e08\u0e23\u0e0a\u0e19\u0e30\u0e28\u0e36\u0e01\u0e29\u0e32", "osm_id": 8060491492, "osm_type": "node"}, "geometry": {"type": "Point", "coordinates": [103.1762123, 16.3776037]}}, {"type": "Feature", "properties": {"amenity": "school", "name": "\u0e42\u0e23\u0e07\u0e40\u0e23\u0e35\u0e22\u0e19 \u0e1a\u0e49\u0e32\u0e19\u0e2b\u0e19\u0e2d\u0e07\u0e44\u0e2b", "name:en": "Ban Nong Hai School", "name:th": "\u0e42\u0e23\u0e07\u0e40\u0e23\u0e35\u0e22\u0e19 \u0e1a\u0e49\u0e32\u0e19\u0e2b\u0e19\u0e2d\u0e07\u0e44\u0e2b", "osm_id": 8060491495, "osm_type": "node"}, "geometry": {"type": "Point", "coordinates": [103.1402385, 16.3734708]}}, {"type": "Feature", "properties": {"amenity": "school", "name": "\u0e42\u0e23\u0e07\u0e40\u0e23\u0e35\u0e22\u0e19 \u0e1a\u0e49\u0e32\u0e19\u0e40\u0e0a\u0e35\u0e22\u0e07\u0e22\u0e37\u0e19", "name:en": "Ban Chiang Yuen School", "name:th": "\u0e42\u0e23\u0e07\u0e40\u0e23\u0e35\u0e22\u0e19 \u0e1a\u0e49\u0e32\u0e19\u0e40\u0e0a\u0e35\u0e22\u0e07\u0e22\u0e37\u0e19", "osm_id": 8063788550, "osm_type": "node"}, "geometry": {"type": "Point", "coordinates": [103.0951506, 16.4117931]}}, {"type": "Feature", "properties": {"amenity": "school", "name": "\u0e42\u0e23\u0e07\u0e40\u0e23\u0e35\u0e22\u0e19 \u0e1e\u0e07\u0e28\u0e4c\u0e1e\u0e31\u0e0a\u0e23\u0e27\u0e34\u0e17\u0e22\u0e4c", "name:en": "Pongpatcharawit School", "name:th": "\u0e42\u0e23\u0e07\u0e40\u0e23\u0e35\u0e22\u0e19 \u0e1e\u0e07\u0e28\u0e4c\u0e1e\u0e31\u0e0a\u0e23\u0e27\u0e34\u0e17\u0e22\u0e4c", "osm_id": 8063805704, "osm_type": "node"}, "geometry": {"type": "Point", "coordinates": [103.1245396, 16.3878197]}}, {"type": "Feature", "properties": {"amenity": "school", "name": "\u0e42\u0e23\u0e07\u0e40\u0e23\u0e35\u0e22\u0e19 \u0e1a\u0e49\u0e32\u0e19\u0e2b\u0e19\u0e2d\u0e07\u0e04\u0e39", "name:en": "Ban Nong Khu School", "name:th": "\u0e42\u0e23\u0e07\u0e40\u0e23\u0e35\u0e22\u0e19 \u0e1a\u0e49\u0e32\u0e19\u0e2b\u0e19\u0e2d\u0e07\u0e04\u0e39", "osm_id": 8063833928, "osm_type": "node"}, "geometry": {"type": "Point", "coordinates": [103.1191403, 16.3933032]}}, {"type": "Feature", "properties": {"amenity": "school", "name": "\u0e42\u0e23\u0e07\u0e40\u0e23\u0e35\u0e22\u0e19 \u0e40\u0e0a\u0e35\u0e22\u0e07\u0e22\u0e37\u0e19\u0e1e\u0e34\u0e17\u0e22\u0e32\u0e04\u0e21", "name:en": "Chiang Yuen Phitthayakhom School", "name:th": "\u0e42\u0e23\u0e07\u0e40\u0e23\u0e35\u0e22\u0e19 \u0e40\u0e0a\u0e35\u0e22\u0e07\u0e22\u0e37\u0e19\u0e1e\u0e34\u0e17\u0e22\u0e32\u0e04\u0e21", "osm_id": 8079068330, "osm_type": "node"}, "geometry": {"type": "Point", "coordinates": [103.0635703, 16.4305386]}}, {"type": "Feature", "properties": {"amenity": "school", "name": "\u0e42\u0e23\u0e07\u0e40\u0e23\u0e35\u0e22\u0e19 \u0e1a\u0e49\u0e32\u0e19\u0e2a\u0e23\u0e49\u0e32\u0e07\u0e41\u0e01\u0e49\u0e27", "name:en": "Ban Sang Kaeo School", "name:th": "\u0e42\u0e23\u0e07\u0e40\u0e23\u0e35\u0e22\u0e19 \u0e1a\u0e49\u0e32\u0e19\u0e2a\u0e23\u0e49\u0e32\u0e07\u0e41\u0e01\u0e49\u0e27", "osm_id": 8079077111, "osm_type": "node"}, "geometry": {"type": "Point", "coordinates": [103.0783546, 16.4177211]}}, {"type": "Feature", "properties": {"name": "\u0e1a\u0e49\u0e32\u0e19 \u0e2b\u0e19\u0e2d\u0e07\u0e2a\u0e23\u0e30\u0e1e\u0e31\u0e07", "name:en": "Ban Nong Sa Phang", "name:th": "\u0e1a\u0e49\u0e32\u0e19 \u0e2b\u0e19\u0e2d\u0e07\u0e2a\u0e23\u0e30\u0e1e\u0e31\u0e07", "place": "village", "osm_id": 8093046882, "osm_type": "node"}, "geometry": {"type": "Point", "coordinates": [103.0435368, 16.4406181]}}, {"type": "Feature", "properties": {"amenity": "school", "name": "\u0e42\u0e23\u0e07\u0e40\u0e23\u0e35\u0e22\u0e19 \u0e1a\u0e49\u0e32\u0e19\u0e1a\u0e36\u0e07\u0e40\u0e19\u0e35\u0e22\u0e21\u0e1a\u0e36\u0e07\u0e43\u0e04\u0e23\u0e48\u0e19\u0e38\u0e48\u0e19", "name:en": "Ban Bueng Niam Bueng Khrai Nun School", "name:th": "\u0e42\u0e23\u0e07\u0e40\u0e23\u0e35\u0e22\u0e19 \u0e1a\u0e49\u0e32\u0e19\u0e1a\u0e36\u0e07\u0e40\u0e19\u0e35\u0e22\u0e21\u0e1a\u0e36\u0e07\u0e43\u0e04\u0e23\u0e48\u0e19\u0e38\u0e48\u0e19", "osm_id": 8093166527, "osm_type": "node"}, "geometry": {"type": "Point", "coordinates": [102.9447913, 16.4372814]}}, {"type": "Feature", "properties": {"amenity": "school", "name": "\u0e42\u0e23\u0e07\u0e40\u0e23\u0e35\u0e22\u0e19 \u0e1a\u0e49\u0e32\u0e19\u0e40\u0e02\u0e47\u0e07\u0e21\u0e34\u0e15\u0e23\u0e20\u0e32\u0e1e\u0e17\u0e35\u0e48 139", "name:en": "Ban Kheng Mittraphap Thi 139 School", "name:th": "\u0e42\u0e23\u0e07\u0e40\u0e23\u0e35\u0e22\u0e19 \u0e1a\u0e49\u0e32\u0e19\u0e40\u0e02\u0e47\u0e07\u0e21\u0e34\u0e15\u0e23\u0e20\u0e32\u0e1e\u0e17\u0e35\u0e48 139", "osm_id": 8093166540, "osm_type": "node"}, "geometry": {"type": "Point", "coordinates": [103.0341545, 16.4468075]}}, {"type": "Feature", "properties": {"alt_name:en": "Ban Don Du Khuru Rat Witthaya School", "amenity": "school", "name": "\u0e42\u0e23\u0e07\u0e40\u0e23\u0e35\u0e22\u0e19 \u0e1a\u0e49\u0e32\u0e19\u0e14\u0e2d\u0e19\u0e14\u0e39\u0e48 \u0e04\u0e38\u0e23\u0e38\u0e23\u0e32\u0e29\u0e0e\u0e23\u0e4c\u0e27\u0e34\u0e17\u0e22\u0e32", "name:en": "Bandondookhururatwittaya School", "name:th": "\u0e42\u0e23\u0e07\u0e40\u0e23\u0e35\u0e22\u0e19 \u0e1a\u0e49\u0e32\u0e19\u0e14\u0e2d\u0e19\u0e14\u0e39\u0e48 \u0e04\u0e38\u0e23\u0e38\u0e23\u0e32\u0e29\u0e0e\u0e23\u0e4c\u0e27\u0e34\u0e17\u0e22\u0e32", "osm_id": 8122023944, "osm_type": "node"}, "geometry": {"type": "Point", "coordinates": [102.9126048, 16.4384828]}}, {"type": "Feature", "properties": {"alt_name:en": "Khon Kaen Witthaya Yon 2 School", "amenity": "school", "name": "\u0e42\u0e23\u0e07\u0e40\u0e23\u0e35\u0e22\u0e19 \u0e02\u0e2d\u0e19\u0e41\u0e01\u0e48\u0e19\u0e27\u0e34\u0e17\u0e22\u0e32\u0e22\u0e19 2", "name:en": "Khonkaen Wittayayon 2 School", "name:th": "\u0e42\u0e23\u0e07\u0e40\u0e23\u0e35\u0e22\u0e19 \u0e02\u0e2d\u0e19\u0e41\u0e01\u0e48\u0e19\u0e27\u0e34\u0e17\u0e22\u0e32\u0e22\u0e19 2", "osm_id": 8122102072, "osm_type": "node"}, "geometry": {"type": "Point", "coordinates": [102.8949666, 16.4382513]}}, {"type": "Feature", "properties": {"amenity": "clinic", "emergency": "no", "healthcare": "clinic", "name": "\u0e42\u0e23\u0e07\u0e1e\u0e22\u0e32\u0e1a\u0e32\u0e25\u0e2a\u0e48\u0e07\u0e40\u0e2a\u0e23\u0e34\u0e21\u0e2a\u0e38\u0e02\u0e20\u0e32\u0e1e\u0e15\u0e33\u0e1a\u0e25 \u0e1e\u0e23\u0e30\u0e25\u0e31\u0e1a", "name:en": "Phra Lap Subdistrict Health Promoting Hospital", "name:th": "\u0e42\u0e23\u0e07\u0e1e\u0e22\u0e32\u0e1a\u0e32\u0e25\u0e2a\u0e48\u0e07\u0e40\u0e2a\u0e23\u0e34\u0e21\u0e2a\u0e38\u0e02\u0e20\u0e32\u0e1e\u0e15\u0e33\u0e1a\u0e25 \u0e1e\u0e23\u0e30\u0e25\u0e31\u0e1a", "osm_id": 8122127400, "osm_type": "node"}, "geometry": {"type": "Point", "coordinates": [102.8885105, 16.4306003]}}, {"type": "Feature", "properties": {"amenity": "school", "osm_id": 8126693024, "osm_type": "node"}, "geometry": {"type": "Point", "coordinates": [102.9008031, 16.4070538]}}, {"type": "Feature", "properties": {"amenity": "doctors", "osm_id": 8126754343, "osm_type": "node"}, "geometry": {"type": "Point", "coordinates": [102.8706832, 16.4292767]}}, {"type": "Feature", "properties": {"amenity": "doctors", "name": "\u0e04\u0e25\u0e34\u0e19\u0e34\u0e01\u0e1f\u0e2d\u0e01\u0e44\u0e15 \u0e1b\u0e23\u0e30\u0e0a\u0e32\u0e2a\u0e42\u0e21\u0e2a\u0e23", "name:en": "Pracha Samoson Clinic", "name:th": "\u0e04\u0e25\u0e34\u0e19\u0e34\u0e01\u0e1f\u0e2d\u0e01\u0e44\u0e15 \u0e1b\u0e23\u0e30\u0e0a\u0e32\u0e2a\u0e42\u0e21\u0e2a\u0e23", "phone": "+6643242772", "osm_id": 8126838211, "osm_type": "node"}, "geometry": {"type": "Point", "coordinates": [102.8496748, 16.4360029]}}, {"type": "Feature", "properties": {"name": "\u0e1a\u0e49\u0e32\u0e19\u0e2a\u0e33\u0e23\u0e32\u0e0d", "name:en": "Ban Samran", "name:th": "\u0e1a\u0e49\u0e32\u0e19\u0e2a\u0e33\u0e23\u0e32\u0e0d", "place": "village", "osm_id": 8146982913, "osm_type": "node"}, "geometry": {"type": "Point", "coordinates": [102.8275178, 16.5360494]}}, {"type": "Feature", "properties": {"amenity": "hospital", "healthcare": "hospital", "name": "\u0e42\u0e23\u0e07\u0e1e\u0e22\u0e32\u0e1a\u0e32\u0e25\u0e23\u0e32\u0e0a\u0e1e\u0e24\u0e01\u0e29\u0e4c", "name:en": "Ratchaphruek Hospital", "name:th": "\u0e42\u0e23\u0e07\u0e1e\u0e22\u0e32\u0e1a\u0e32\u0e25\u0e23\u0e32\u0e0a\u0e1e\u0e24\u0e01\u0e29\u0e4c", "osm_id": 8151535229, "osm_type": "node"}, "geometry": {"type": "Point", "coordinates": [102.8303815, 16.4489347]}}, {"type": "Feature", "properties": {"amenity": "clinic", "name": "\u0e20\u0e32\u0e04\u0e1a\u0e23\u0e34\u0e01\u0e32\u0e23\u0e42\u0e25\u0e2b\u0e34\u0e15\u0e41\u0e2b\u0e48\u0e07\u0e0a\u0e32\u0e15\u0e34\u0e17\u0e35\u0e48 6 \u0e08\u0e31\u0e07\u0e2b\u0e27\u0e31\u0e14\u0e02\u0e2d\u0e19\u0e41\u0e01\u0e48\u0e19", "name:en": "Regional Blood Centre VI Khonkaen", "name:th": "\u0e20\u0e32\u0e04\u0e1a\u0e23\u0e34\u0e01\u0e32\u0e23\u0e42\u0e25\u0e2b\u0e34\u0e15\u0e41\u0e2b\u0e48\u0e07\u0e0a\u0e32\u0e15\u0e34\u0e17\u0e35\u0e48 6 \u0e08\u0e31\u0e07\u0e2b\u0e27\u0e31\u0e14\u0e02\u0e2d\u0e19\u0e41\u0e01\u0e48\u0e19", "osm_id": 8180726444, "osm_type": "node"}, "geometry": {"type": "Point", "coordinates": [102.8271309, 16.5493418]}}, {"type": "Feature", "properties": {"amenity": "school", "name": "\u0e42\u0e23\u0e07\u0e40\u0e23\u0e35\u0e22\u0e19 \u0e02\u0e2d\u0e19\u0e41\u0e01\u0e48\u0e19\u0e27\u0e34\u0e17\u0e22\u0e32\u0e22\u0e19 3", "name:en": "Khon Kaen Witthaya Yon 3 School", "name:th": "\u0e42\u0e23\u0e07\u0e40\u0e23\u0e35\u0e22\u0e19 \u0e02\u0e2d\u0e19\u0e41\u0e01\u0e48\u0e19\u0e27\u0e34\u0e17\u0e22\u0e32\u0e22\u0e19 3", "osm_id": 8180780894, "osm_type": "node"}, "geometry": {"type": "Point", "coordinates": [102.8097099, 16.6047333]}}, {"type": "Feature", "properties": {"admin_level": "7", "alt_name": "\u0e1a\u0e49\u0e32\u0e19\u0e42\u0e04\u0e01", "alt_name:en": "Ban Khok", "capital": "6", "name": "\u0e42\u0e04\u0e01\u0e42\u0e1e\u0e18\u0e34\u0e4c\u0e44\u0e0a\u0e22", "name:en": "Khok Pho Chai", "official_name": "\u0e40\u0e17\u0e28\u0e1a\u0e32\u0e25\u0e15\u0e33\u0e1a\u0e25\u0e1a\u0e49\u0e32\u0e19\u0e42\u0e04\u0e01", "place": "town", "osm_id": 8205183336, "osm_type": "node"}, "geometry": {"type": "Point", "coordinates": [102.406013, 16.0742256]}}, {"type": "Feature", "properties": {"admin_level": "7", "capital": "6", "name": "\u0e0b\u0e33\u0e2a\u0e39\u0e07", "name:en": "Sam Sung", "official_name": "\u0e40\u0e17\u0e28\u0e1a\u0e32\u0e25\u0e15\u0e33\u0e1a\u0e25\u0e0b\u0e33\u0e2a\u0e39\u0e07", "place": "town", "osm_id": 8205183344, "osm_type": "node"}, "geometry": {"type": "Point", "coordinates": [103.0631105, 16.5305004]}}, {"type": "Feature", "properties": {"admin_level": "7", "name": "\u0e19\u0e49\u0e33\u0e1e\u0e2d\u0e07", "name:en": "Nam Phong", "name:th": "\u0e19\u0e49\u0e33\u0e1e\u0e2d\u0e07", "official_name": "\u0e40\u0e17\u0e28\u0e1a\u0e32\u0e25\u0e15\u0e33\u0e1a\u0e25\u0e19\u0e49\u0e33\u0e1e\u0e2d\u0e07", "place": "town", "osm_id": 8205183345, "osm_type": "node"}, "geometry": {"type": "Point", "coordinates": [102.8027756, 16.7195764]}}, {"type": "Feature", "properties": {"addr:district": "\u0e1a\u0e49\u0e32\u0e19\u0e44\u0e1c\u0e48", "addr:district:en": "Ban Phai", "addr:hamlet": "\u0e2b\u0e21\u0e39\u0e48\u0e17\u0e35\u0e48 2", "addr:province": "\u0e02\u0e2d\u0e19\u0e41\u0e01\u0e48\u0e19", "addr:province:en": "Khon Kaen", "addr:subdistrict": "\u0e40\u0e21\u0e37\u0e2d\u0e07\u0e40\u0e1e\u0e35\u0e22", "addr:subdistrict:en": "Mueang Phia", "amenity": "school", "name": "\u0e42\u0e23\u0e07\u0e40\u0e23\u0e35\u0e22\u0e19\u0e1a\u0e49\u0e32\u0e19\u0e40\u0e21\u0e37\u0e2d\u0e07\u0e40\u0e1e\u0e35\u0e22", "name:en": "Ban Mueang Phia School", "name:th": "\u0e42\u0e23\u0e07\u0e40\u0e23\u0e35\u0e22\u0e19\u0e1a\u0e49\u0e32\u0e19\u0e40\u0e21\u0e37\u0e2d\u0e07\u0e40\u0e1e\u0e35\u0e22", "source": "Bing; sign", "osm_id": 8208902003, "osm_type": "node"}, "geometry": {"type": "Point", "coordinates": [102.6620999, 16.0767745]}}, {"type": "Feature", "properties": {"addr:housenumber": "200/18", "addr:postcode": "40000", "addr:street": "\u0e1a\u0e49\u0e32\u0e19\u0e2a\u0e38\u0e1e\u0e31\u0e0a\u0e23\u0e4a", "amenity": "school", "name:en": "Peace Music Academy", "phone": "0850005411", "osm_id": 8242841517, "osm_type": "node"}, "geometry": {"type": "Point", "coordinates": [102.8004611, 16.4254314]}}, {"type": "Feature", "properties": {"amenity": "school", "osm_id": 8412813804, "osm_type": "node"}, "geometry": {"type": "Point", "coordinates": [103.1414911, 16.0018406]}}, {"type": "Feature", "properties": {"amenity": "doctors", "healthcare": "doctor", "name": "\u0e40\u0e2d\u0e2a\u0e40\u0e04 \u0e04\u0e25\u0e34\u0e19\u0e34\u0e01\u0e40\u0e27\u0e0a\u0e01\u0e23\u0e23\u0e21", "name:en": "SK Clinic", "name:th": "\u0e40\u0e2d\u0e2a\u0e40\u0e04 \u0e04\u0e25\u0e34\u0e19\u0e34\u0e01\u0e40\u0e27\u0e0a\u0e01\u0e23\u0e23\u0e21", "opening_hours": "Mo-Fr 17:00-20:00, Sa-Su 11:00-20:00", "osm_id": 8566555112, "osm_type": "node"}, "geometry": {"type": "Point", "coordinates": [102.830501, 16.4363141]}}, {"type": "Feature", "properties": {"name": "\u0e1a\u0e49\u0e32\u0e19\u0e2b\u0e31\u0e27\u0e1a\u0e36\u0e07", "name:en": "Ban Hua Bueng", "place": "village", "osm_id": 9230621506, "osm_type": "node"}, "geometry": {"type": "Point", "coordinates": [102.6548338, 16.3357072]}}, {"type": "Feature", "properties": {"name": "\u0e1a\u0e49\u0e32\u0e19\u0e1e\u0e23\u0e30\u0e22\u0e37\u0e19", "name:en": "Ban Phra Yuen", "place": "village", "osm_id": 9230621507, "osm_type": "node"}, "geometry": {"type": "Point", "coordinates": [102.6537394, 16.3316301]}}, {"type": "Feature", "properties": {"admin_level": "7", "capital": "6", "name": "\u0e42\u0e01\u0e2a\u0e38\u0e21\u0e1e\u0e34\u0e2a\u0e31\u0e22", "name:en": "Kosum Phisai", "name:th": "\u0e42\u0e01\u0e2a\u0e38\u0e21\u0e1e\u0e34\u0e2a\u0e31\u0e22", "official_name": "\u0e40\u0e17\u0e28\u0e1a\u0e32\u0e25\u0e15\u0e33\u0e1a\u0e25\u0e42\u0e01\u0e2a\u0e38\u0e21\u0e1e\u0e34\u0e2a\u0e31\u0e22", "place": "town", "osm_id": 9560217483, "osm_type": "node"}, "geometry": {"type": "Point", "coordinates": [103.0663756, 16.2495247]}}, {"type": "Feature", "properties": {"amenity": "school", "osm_id": 9795414213, "osm_type": "node"}, "geometry": {"type": "Point", "coordinates": [103.1756131, 16.5526891]}}, {"type": "Feature", "properties": {"place": "village", "osm_id": 9795456145, "osm_type": "node"}, "geometry": {"type": "Point", "coordinates": [103.1876005, 16.5825203]}}, {"type": "Feature", "properties": {"place": "village", "osm_id": 9795509570, "osm_type": "node"}, "geometry": {"type": "Point", "coordinates": [103.172915, 16.5038792]}}, {"type": "Feature", "properties": {"amenity": "school", "osm_id": 9795509572, "osm_type": "node"}, "geometry": {"type": "Point", "coordinates": [103.1740515, 16.5036239]}}, {"type": "Feature", "properties": {"amenity": "school", "osm_id": 9795510177, "osm_type": "node"}, "geometry": {"type": "Point", "coordinates": [103.1464136, 16.5046722]}}, {"type": "Feature", "properties": {"amenity": "school", "osm_id": 9796202566, "osm_type": "node"}, "geometry": {"type": "Point", "coordinates": [103.1623201, 16.4723312]}}, {"type": "Feature", "properties": {"place": "village", "osm_id": 9796223347, "osm_type": "node"}, "geometry": {"type": "Point", "coordinates": [103.167549, 16.4627399]}}, {"type": "Feature", "properties": {"place": "village", "osm_id": 9796223355, "osm_type": "node"}, "geometry": {"type": "Point", "coordinates": [103.1610188, 16.4677996]}}, {"type": "Feature", "properties": {"amenity": "school", "osm_id": 9796237404, "osm_type": "node"}, "geometry": {"type": "Point", "coordinates": [103.1471208, 16.4065323]}}, {"type": "Feature", "properties": {"amenity": "school", "osm_id": 9796259581, "osm_type": "node"}, "geometry": {"type": "Point", "coordinates": [103.1607503, 16.406896]}}, {"type": "Feature", "properties": {"place": "village", "osm_id": 9796259595, "osm_type": "node"}, "geometry": {"type": "Point", "coordinates": [103.1635432, 16.4037947]}}, {"type": "Feature", "properties": {"place": "village", "osm_id": 9796265519, "osm_type": "node"}, "geometry": {"type": "Point", "coordinates": [103.1591812, 16.4336766]}}, {"type": "Feature", "properties": {"amenity": "school", "osm_id": 9796294192, "osm_type": "node"}, "geometry": {"type": "Point", "coordinates": [103.1569562, 16.431958]}}, {"type": "Feature", "properties": {"place": "village", "osm_id": 9796294193, "osm_type": "node"}, "geometry": {"type": "Point", "coordinates": [103.1485593, 16.4218786]}}, {"type": "Feature", "properties": {"place": "village", "osm_id": 9796300275, "osm_type": "node"}, "geometry": {"type": "Point", "coordinates": [103.1613988, 16.4137416]}}, {"type": "Feature", "properties": {"place": "village", "osm_id": 9796320630, "osm_type": "node"}, "geometry": {"type": "Point", "coordinates": [103.1773215, 16.4351369]}}, {"type": "Feature", "properties": {"amenity": "school", "osm_id": 9796320633, "osm_type": "node"}, "geometry": {"type": "Point", "coordinates": [103.1761408, 16.4340028]}}, {"type": "Feature", "properties": {"place": "village", "osm_id": 9796788369, "osm_type": "node"}, "geometry": {"type": "Point", "coordinates": [103.2095083, 16.4355802]}}, {"type": "Feature", "properties": {"place": "village", "osm_id": 9796867456, "osm_type": "node"}, "geometry": {"type": "Point", "coordinates": [103.1926656, 16.4988614]}}, {"type": "Feature", "properties": {"place": "village", "osm_id": 9796867457, "osm_type": "node"}, "geometry": {"type": "Point", "coordinates": [103.1869858, 16.4833523]}}, {"type": "Feature", "properties": {"amenity": "school", "osm_id": 9796870601, "osm_type": "node"}, "geometry": {"type": "Point", "coordinates": [103.1942917, 16.4881278]}}, {"type": "Feature", "properties": {"amenity": "school", "osm_id": 9796904598, "osm_type": "node"}, "geometry": {"type": "Point", "coordinates": [103.195475, 16.5140362]}}, {"type": "Feature", "properties": {"amenity": "school", "osm_id": 9796906629, "osm_type": "node"}, "geometry": {"type": "Point", "coordinates": [103.1931619, 16.5003195]}}, {"type": "Feature", "properties": {"amenity": "school", "osm_id": 9796986695, "osm_type": "node"}, "geometry": {"type": "Point", "coordinates": [103.1858531, 16.539056]}}, {"type": "Feature", "properties": {"amenity": "school", "osm_id": 9797027292, "osm_type": "node"}, "geometry": {"type": "Point", "coordinates": [103.1383792, 16.5814698]}}, {"type": "Feature", "properties": {"place": "village", "osm_id": 9797252010, "osm_type": "node"}, "geometry": {"type": "Point", "coordinates": [103.139585, 16.579348]}}, {"type": "Feature", "properties": {"place": "village", "osm_id": 9797252014, "osm_type": "node"}, "geometry": {"type": "Point", "coordinates": [103.1277207, 16.5938537]}}, {"type": "Feature", "properties": {"amenity": "school", "osm_id": 9797378521, "osm_type": "node"}, "geometry": {"type": "Point", "coordinates": [103.1312155, 16.5958125]}}, {"type": "Feature", "properties": {"amenity": "school", "osm_id": 9797383915, "osm_type": "node"}, "geometry": {"type": "Point", "coordinates": [103.0942785, 16.5979339]}}, {"type": "Feature", "properties": {"amenity": "school", "osm_id": 9797404441, "osm_type": "node"}, "geometry": {"type": "Point", "coordinates": [103.0885292, 16.6695245]}}, {"type": "Feature", "properties": {"amenity": "school", "osm_id": 9797917376, "osm_type": "node"}, "geometry": {"type": "Point", "coordinates": [103.0836566, 16.6934004]}}, {"type": "Feature", "properties": {"addr:city": "\u0e15.\u0e28\u0e34\u0e25\u0e32", "addr:housenumber": "469 \u0e21.17", "addr:postcode": "40000", "addr:street": "\u0e1a\u0e49\u0e32\u0e19\u0e2b\u0e19\u0e2d\u0e07\u0e01\u0e38\u0e07", "amenity": "hospital", "healthcare": "hospital", "healthcare:speciality": "\u0e2a\u0e38\u0e31\u0e15\u0e27\u0e4c\u0e41\u0e1e\u0e17\u0e22\u0e4c", "name": "\u0e42\u0e23\u0e07\u0e1e\u0e22\u0e32\u0e1a\u0e32\u0e25\u0e2a\u0e31\u0e15\u0e27\u0e4c\u0e02\u0e27\u0e31\u0e0d\u0e04\u0e33 \u0e02\u0e2d\u0e19\u0e41\u0e01\u0e48\u0e19", "osm_id": 11048936396, "osm_type": "node"}, "geometry": {"type": "Point", "coordinates": [102.842573, 16.500134]}}, {"type": "Feature", "properties": {"addr:city": "Mueang Khon Kaen", "addr:housenumber": "11", "addr:postcode": "40000", "addr:street": "\u0e2b\u0e21\u0e39\u0e48\u0e17\u0e35\u0e48 16 Thanon Mittraphap, Nai Mueang", "amenity": "clinic", "healthcare": "clinic", "healthcare:speciality": "anaesthetics;plastic_surgery;dermatology", "image": "https://lh3.ggpht.com/p/AF1QipNb5aAjXmu9S4dgPuxdS35LFIziLoy_R4rZvz_k=s1024", "name": "Sera Clinic \u0e02\u0e2d\u0e19\u0e41\u0e01\u0e48\u0e19", "operator": "Sera Clinic", "operator:type": "business", "osm_id": 11206794529, "osm_type": "node"}, "geometry": {"type": "Point", "coordinates": [102.8299326, 16.4451142]}}, {"type": "Feature", "properties": {"place": "village", "osm_id": 11925092618, "osm_type": "node"}, "geometry": {"type": "Point", "coordinates": [102.90959, 16.3414332]}}, {"type": "Feature", "properties": {"place": "village", "population": "3", "osm_id": 11925093179, "osm_type": "node"}, "geometry": {"type": "Point", "coordinates": [102.9443219, 16.2862]}}, {"type": "Feature", "properties": {"place": "village", "osm_id": 11925123326, "osm_type": "node"}, "geometry": {"type": "Point", "coordinates": [103.0101004, 16.2642479]}}, {"type": "Feature", "properties": {"place": "village", "osm_id": 11925128714, "osm_type": "node"}, "geometry": {"type": "Point", "coordinates": [102.8945357, 16.3042066]}}, {"type": "Feature", "properties": {"place": "village", "osm_id": 11925134259, "osm_type": "node"}, "geometry": {"type": "Point", "coordinates": [102.9096398, 16.3421553]}}, {"type": "Feature", "properties": {"place": "village", "osm_id": 11925146702, "osm_type": "node"}, "geometry": {"type": "Point", "coordinates": [102.9108587, 16.342558]}}, {"type": "Feature", "properties": {"place": "village", "osm_id": 11925211873, "osm_type": "node"}, "geometry": {"type": "Point", "coordinates": [102.8938025, 16.3003657]}}, {"type": "Feature", "properties": {"place": "village", "osm_id": 11925222050, "osm_type": "node"}, "geometry": {"type": "Point", "coordinates": [103.0080646, 16.2628738]}}, {"type": "Feature", "properties": {"place": "village", "osm_id": 11925244831, "osm_type": "node"}, "geometry": {"type": "Point", "coordinates": [102.9443693, 16.2848569]}}, {"type": "Feature", "properties": {"place": "village", "osm_id": 11925396132, "osm_type": "node"}, "geometry": {"type": "Point", "coordinates": [103.0089945, 16.2640831]}}, {"type": "Feature", "properties": {"place": "village", "osm_id": 11925421907, "osm_type": "node"}, "geometry": {"type": "Point", "coordinates": [102.9318407, 16.247726]}}, {"type": "Feature", "properties": {"place": "village", "osm_id": 11925425246, "osm_type": "node"}, "geometry": {"type": "Point", "coordinates": [103.0099747, 16.2627995]}}, {"type": "Feature", "properties": {"place": "village", "osm_id": 11925429198, "osm_type": "node"}, "geometry": {"type": "Point", "coordinates": [102.9251191, 16.3513775]}}, {"type": "Feature", "properties": {"place": "hamlet", "osm_id": 11925438651, "osm_type": "node"}, "geometry": {"type": "Point", "coordinates": [103.0011901, 16.4438809]}}, {"type": "Feature", "properties": {"place": "village", "osm_id": 11925480185, "osm_type": "node"}, "geometry": {"type": "Point", "coordinates": [103.0056418, 16.2729089]}}, {"type": "Feature", "properties": {"amenity": "school", "osm_id": 12242103523, "osm_type": "node"}, "geometry": {"type": "Point", "coordinates": [103.0702588, 16.7057548]}}, {"type": "Feature", "properties": {"amenity": "school", "osm_id": 12242139342, "osm_type": "node"}, "geometry": {"type": "Point", "coordinates": [103.0844111, 16.704385]}}, {"type": "Feature", "properties": {"amenity": "school", "osm_id": 12242170204, "osm_type": "node"}, "geometry": {"type": "Point", "coordinates": [103.0871587, 16.7085591]}}, {"type": "Feature", "properties": {"addr:city": "\u0e02\u0e2d\u0e19\u0e41\u0e01\u0e48\u0e19", "addr:postcode": "40002", "addr:street": "\u0e16\u0e19\u0e19\u0e21\u0e34\u0e15\u0e23\u0e20\u0e32\u0e1e", "amenity": "school", "internet_access": "yes", "internet_access:fee": "customers", "name": "\u0e42\u0e23\u0e07\u0e40\u0e23\u0e35\u0e22\u0e19\u0e2a\u0e32\u0e18\u0e34\u0e15\u0e21\u0e2b\u0e32\u0e27\u0e34\u0e17\u0e22\u0e32\u0e25\u0e31\u0e22\u0e02\u0e2d\u0e19\u0e41\u0e01\u0e48\u0e19 \u0e1d\u0e48\u0e32\u0e22\u0e21\u0e31\u0e18\u0e22\u0e21\u0e28\u0e36\u0e01\u0e29\u0e32 (\u0e21\u0e2d\u0e14\u0e34\u0e19\u0e41\u0e14\u0e07)", "operator": "Khon Kaen University", "operator:type": "public", "website": "https://smd.satit.kku.ac.th/", "osm_id": 12272535152, "osm_type": "node"}, "geometry": {"type": "Point", "coordinates": [102.8310228, 16.4807634]}}, {"type": "Feature", "properties": {"amenity": "school", "osm_id": 12452245353, "osm_type": "node"}, "geometry": {"type": "Point", "coordinates": [103.167589, 16.0861803]}}, {"type": "Feature", "properties": {"amenity": "school", "osm_id": 12452762755, "osm_type": "node"}, "geometry": {"type": "Point", "coordinates": [103.1347414, 16.0536544]}}, {"type": "Feature", "properties": {"amenity": "school", "osm_id": 12452796975, "osm_type": "node"}, "geometry": {"type": "Point", "coordinates": [103.1087845, 16.0410168]}}, {"type": "Feature", "properties": {"amenity": "school", "osm_id": 12452878176, "osm_type": "node"}, "geometry": {"type": "Point", "coordinates": [103.071674, 16.0569889]}}, {"type": "Feature", "properties": {"place": "hamlet", "osm_id": 12452878197, "osm_type": "node"}, "geometry": {"type": "Point", "coordinates": [103.0751213, 16.0580826]}}, {"type": "Feature", "properties": {"place": "village", "osm_id": 12452894706, "osm_type": "node"}, "geometry": {"type": "Point", "coordinates": [103.070047, 16.0317976]}}, {"type": "Feature", "properties": {"amenity": "school", "osm_id": 12452916287, "osm_type": "node"}, "geometry": {"type": "Point", "coordinates": [103.0216136, 16.0535475]}}, {"type": "Feature", "properties": {"place": "hamlet", "osm_id": 12452977932, "osm_type": "node"}, "geometry": {"type": "Point", "coordinates": [103.0195228, 16.0247454]}}, {"type": "Feature", "properties": {"amenity": "school", "osm_id": 12453158151, "osm_type": "node"}, "geometry": {"type": "Point", "coordinates": [103.0589374, 16.0373483]}}, {"type": "Feature", "properties": {"amenity": "school", "osm_id": 12453211501, "osm_type": "node"}, "geometry": {"type": "Point", "coordinates": [103.0413398, 16.0210514]}}, {"type": "Feature", "properties": {"amenity": "school", "osm_id": 12453217562, "osm_type": "node"}, "geometry": {"type": "Point", "coordinates": [103.0202821, 16.0054572]}}, {"type": "Feature", "properties": {"amenity": "school", "osm_id": 12453219394, "osm_type": "node"}, "geometry": {"type": "Point", "coordinates": [102.9808197, 16.0125793]}}, {"type": "Feature", "properties": {"addr:district": "\u0e42\u0e01\u0e2a\u0e38\u0e38\u0e21\u0e1e\u0e34\u0e2a\u0e31\u0e22", "addr:housenumber": "72", "addr:place": "3", "addr:postcode": "44140", "addr:province": "\u0e21\u0e2b\u0e32\u0e2a\u0e32\u0e23\u0e04\u0e32\u0e21", "addr:subdistrict": "\u0e2b\u0e31\u0e27\u0e02\u0e27\u0e32\u0e07", "amenity": "hospital", "healthcare": "hospital", "healthcare:speciality": "general", "name": "\u0e2d\u0e31\u0e0a\u0e23\u0e32\u0e20\u0e23\u0e13\u0e4c\u0e04\u0e25\u0e34\u0e19\u0e34\u0e01\u0e01\u0e32\u0e23\u0e1e\u0e22\u0e32\u0e1a\u0e32\u0e25\u0e41\u0e25\u0e30\u0e01\u0e32\u0e23\u0e1c\u0e14\u0e38\u0e07\u0e04\u0e23\u0e23\u0e20\u0e4c", "opening_hours": "Mo-Su 10:00-20:00", "operator": "\u0e2d\u0e31\u0e0a\u0e23\u0e32\u0e20\u0e23\u0e13\u0e4c\u0e04\u0e25\u0e34\u0e19\u0e34\u0e01\u0e01\u0e32\u0e23\u0e1e\u0e22\u0e32\u0e1a\u0e32\u0e25\u0e41\u0e25\u0e30\u0e01\u0e32\u0e23\u0e1c\u0e14\u0e38\u0e07\u0e04\u0e23\u0e23\u0e20\u0e4c", "operator:type": "business", "osm_id": 12974919491, "osm_type": "node"}, "geometry": {"type": "Point", "coordinates": [103.0630187, 16.2529703]}}, {"type": "Feature", "properties": {"alt_name": "\u0e2b\u0e21\u0e39\u0e48 7", "alt_name:en": "Mu 7", "is_in:province": "Khon Khaen", "name": "\u0e1a\u0e49\u0e32\u0e19\u0e14\u0e07\u0e40\u0e22\u0e47\u0e19", "name:en": "Ban Dong Yen", "place": "hamlet", "osm_id": 13115779867, "osm_type": "node"}, "geometry": {"type": "Point", "coordinates": [102.5965413, 16.6166266]}}, {"type": "Feature", "properties": {"amenity": "school", "name": "School of Professional Carrier Extension & Thai Cultural Spa", "school": "massage_therapy", "website": "https://www.nuadthaiandspa.com/", "osm_id": 13275051996, "osm_type": "node"}, "geometry": {"type": "Point", "coordinates": [102.836903, 16.4321179]}}, {"type": "Feature", "properties": {"addr:district": "Mueang Khon Kaen", "addr:housenumber": "43/557", "addr:postcode": "40000", "addr:province": "Khon Kaen", "addr:street": "\u0e0b\u0e2d\u0e22\u0e2a\u0e38\u0e14\u0e2a\u0e07\u0e48\u0e32", "addr:subdistrict": "Nai Mueang", "amenity": "clinic", "contact:facebook": "https://www.facebook.com/profile.php?id=61580818977365", "healthcare": "clinic", "healthcare:speciality": "general", "name": "Sosoul Clinic", "opening_hours": "Mo-Su 10:00-19:00", "osm_id": 13373485206, "osm_type": "node"}, "geometry": {"type": "Point", "coordinates": [102.8242142, 16.4591707]}}, {"type": "Feature", "properties": {"amenity": "school", "education": "school", "osm_id": 13646104695, "osm_type": "node"}, "geometry": {"type": "Point", "coordinates": [103.2465352, 16.244395]}}, {"type": "Feature", "properties": {"amenity": "school", "education": "school", "osm_id": 13646104699, "osm_type": "node"}, "geometry": {"type": "Point", "coordinates": [103.2458847, 16.2455451]}}, {"type": "Feature", "properties": {"amenity": "school", "education": "school", "osm_id": 13646148501, "osm_type": "node"}, "geometry": {"type": "Point", "coordinates": [103.2458359, 16.2450403]}}, {"type": "Feature", "properties": {"amenity": "school", "education": "school", "osm_id": 13646148502, "osm_type": "node"}, "geometry": {"type": "Point", "coordinates": [103.2463346, 16.2455451]}}, {"type": "Feature", "properties": {"addr:district": "\u0e43\u0e19\u0e40\u0e21\u0e37\u0e2d\u0e07", "addr:housenumber": "89/9-10", "addr:postcode": "40000", "addr:province": "\u0e02\u0e2d\u0e19\u0e41\u0e01\u0e48\u0e19", "addr:street": "\u0e21\u0e34\u0e15\u0e23\u0e20\u0e32\u0e1e", "addr:subdistrict": "\u0e43\u0e19\u0e40\u0e21\u0e37\u0e2d\u0e07", "amenity": "clinic", "healthcare": "clinic", "name": "NP Prime Clinic - \u0e04\u0e25\u0e34\u0e19\u0e34\u0e01\u0e1b\u0e23\u0e31\u0e1a\u0e23\u0e39\u0e1b\u0e2b\u0e19\u0e49\u0e32 \u0e02\u0e2d\u0e19\u0e41\u0e01\u0e48\u0e19", "opening_hours": "24/7", "operator": "NP PRIME \u0e1c\u0e39\u0e49\u0e19\u0e33\u0e14\u0e49\u0e32\u0e19\u0e01\u0e32\u0e23\u0e1b\u0e23\u0e31\u0e1a\u0e23\u0e39\u0e1b\u0e2b\u0e19\u0e49\u0e32 \u0e1b\u0e23\u0e36\u0e01\u0e29\u0e32\u0e1f\u0e23\u0e35! \u0e41\u0e01\u0e49\u0e1b\u0e31\u0e0d\u0e2b\u0e32\u0e15\u0e23\u0e07\u0e08\u0e38\u0e14 \u0e40\u0e19\u0e49\u0e19\u0e1c\u0e25\u0e25\u0e31\u0e1e\u0e18\u0e4c", "osm_id": 13875505666, "osm_type": "node"}, "geometry": {"type": "Point", "coordinates": [102.831215, 16.456138]}}, {"type": "Feature", "properties": {"addr:country": "TH", "addr:district": "Mueang Khon Kaen", "addr:province": "Khon Kaen", "addr:subdistrict": "Ban Pet", "amenity": "school", "barrier": "wall", "name": "\u0e42\u0e23\u0e07\u0e40\u0e23\u0e35\u0e22\u0e19\u0e1a\u0e49\u0e32\u0e19\u0e04\u0e33\u0e44\u0e2e\u0e2b\u0e31\u0e27\u0e17\u0e38\u0e48\u0e07\u0e1b\u0e23\u0e30\u0e0a\u0e32\u0e1a\u0e33\u0e23\u0e38\u0e07", "name:en": "Ban Kham Hai Hua Thung Pracha Bamrung School", "name:th": "\u0e42\u0e23\u0e07\u0e40\u0e23\u0e35\u0e22\u0e19\u0e1a\u0e49\u0e32\u0e19\u0e04\u0e33\u0e44\u0e2e\u0e2b\u0e31\u0e27\u0e17\u0e38\u0e48\u0e07\u0e1b\u0e23\u0e30\u0e0a\u0e32\u0e1a\u0e33\u0e23\u0e38\u0e07", "source": "Bing; sign", "osm_id": 72944940, "osm_type": "way"}, "geometry": {"type": "Polygon", "coordinates": [[[102.8047402, 16.4349809], [102.8054184, 16.4360435], [102.8056364, 16.4363886], [102.8057206, 16.4363171], [102.8073006, 16.4349592], [102.8073223, 16.4349247], [102.8072484, 16.4347275], [102.8047402, 16.4349809]]]}}, {"type": "Feature", "properties": {"addr:district": "Mueang Khon Kaen", "addr:hamlet": "Mu 7", "addr:postcode": "40000", "addr:province": "Khon Kaen", "addr:subdistrict": "Ban Pet", "amenity": "school", "barrier": "wall", "elementary": "yes", "name": "\u0e42\u0e23\u0e07\u0e40\u0e23\u0e35\u0e22\u0e19\u0e1a\u0e49\u0e19\u0e01\u0e2d\u0e01", "name:en": "Ban Kok School", "name:th": "\u0e42\u0e23\u0e07\u0e40\u0e23\u0e35\u0e22\u0e19\u0e1a\u0e49\u0e19\u0e01\u0e2d\u0e01", "source": "GPS; sign", "osm_id": 75499453, "osm_type": "way"}, "geometry": {"type": "Polygon", "coordinates": [[[102.80112, 16.4244396], [102.8016123, 16.4248266], [102.8018329, 16.4249751], [102.8020001, 16.4247769], [102.802141, 16.4246287], [102.8023636, 16.424447], [102.8020196, 16.4238325], [102.8016438, 16.4240861], [102.80112, 16.4244396]]]}}, {"type": "Feature", "properties": {"addr:district": "Mueang Khon Kaen", "addr:province": "Khon Kaen", "addr:subdistrict": "Ban Pet", "amenity": "school", "barrier": "wall", "name": "\u0e42\u0e23\u0e07\u0e40\u0e23\u0e35\u0e22\u0e19\u0e41\u0e01\u0e48\u0e19\u0e19\u0e04\u0e23\u0e27\u0e34\u0e17\u0e22\u0e32\u0e25\u0e31\u0e22 \u0e52", "name:en": "Kaen Nakhon Witthayalai School 2", "name:th": "\u0e42\u0e23\u0e07\u0e40\u0e23\u0e35\u0e22\u0e19\u0e41\u0e01\u0e48\u0e19\u0e19\u0e04\u0e23\u0e27\u0e34\u0e17\u0e22\u0e32\u0e25\u0e31\u0e22 \u0e52", "source": "GPS; sign", "osm_id": 77314754, "osm_type": "way"}, "geometry": {"type": "Polygon", "coordinates": [[[102.8033351, 16.4151716], [102.8049619, 16.4147271], [102.804458, 16.4134307], [102.8044499, 16.4134154], [102.802895, 16.4138751], [102.8029766, 16.4141156], [102.8033351, 16.4151716]]]}}, {"type": "Feature", "properties": {"amenity": "school", "barrier": "fence", "name": "\u0e42\u0e23\u0e07\u0e40\u0e23\u0e35\u0e22\u0e19\u0e40\u0e17\u0e28\u0e1a\u0e32\u0e25\u0e2a\u0e27\u0e19\u0e2a\u0e19\u0e38\u0e01", "source": "bing; sign", "osm_id": 104138841, "osm_type": "way"}, "geometry": {"type": "Polygon", "coordinates": [[[102.834436, 16.420572], [102.8336397, 16.4205828], [102.8336533, 16.4209148], [102.833714, 16.4214715], [102.834516, 16.421388], [102.8344998, 16.4212228], [102.834452, 16.4207352], [102.834436, 16.420572]]]}}, {"type": "Feature", "properties": {"amenity": "school", "barrier": "wall", "name": "Srikranuan", "osm_id": 110656116, "osm_type": "way"}, "geometry": {"type": "Polygon", "coordinates": [[[103.0819407, 16.7203498], [103.0792793, 16.721022], [103.0792521, 16.7211095], [103.0793064, 16.7212373], [103.0793386, 16.7216089], [103.0795363, 16.7220443], [103.079729, 16.722307], [103.0798674, 16.72252], [103.080117, 16.7228017], [103.0821359, 16.7225768], [103.0821441, 16.7225275], [103.0820297, 16.7213344], [103.0819808, 16.7207936], [103.0819407, 16.7203498]]]}}, {"type": "Feature", "properties": {"amenity": "school", "barrier": "fence", "name": "\u0e42\u0e23\u0e07\u0e40\u0e23\u0e35\u0e22\u0e19\u0e40\u0e17\u0e28\u0e1a\u0e32\u0e25\u0e04\u0e38\u0e49\u0e21\u0e2b\u0e19\u0e2d\u0e07\u0e04\u0e39", "name:en": "Khum Nongkhu Municipal School", "name:th": "\u0e42\u0e23\u0e07\u0e40\u0e23\u0e35\u0e22\u0e19\u0e40\u0e17\u0e28\u0e1a\u0e32\u0e25\u0e04\u0e38\u0e49\u0e21\u0e2b\u0e19\u0e2d\u0e07\u0e04\u0e39", "source": "Bing; sign", "osm_id": 112331696, "osm_type": "way"}, "geometry": {"type": "Polygon", "coordinates": [[[102.8396962, 16.4347461], [102.8400567, 16.4347946], [102.8406895, 16.4348079], [102.8407934, 16.4347062], [102.8407898, 16.4346499], [102.8407702, 16.434643], [102.8407691, 16.434606], [102.8407524, 16.434071], [102.8407008, 16.4336681], [102.8405993, 16.43368], [102.8403288, 16.4340796], [102.8400991, 16.4343374], [102.8396962, 16.4347461]]]}}, {"type": "Feature", "properties": {"addr:district": "\u0e1e\u0e23\u0e30\u0e22\u0e37\u0e19", "addr:district:en": "Phra Yuen", "addr:hamlet": "\u0e2b\u0e21\u0e39\u0e48\u0e17\u0e35\u0e48 8", "addr:postcode": "40320", "addr:province": "\u0e02\u0e2d\u0e19\u0e41\u0e01\u0e48\u0e19", "addr:province:en": "Khon Kaen", "addr:subdistrict": "\u0e1e\u0e23\u0e30\u0e22\u0e37\u0e19", "addr:subdistrict:en": "Phra Yuen", "amenity": "school", "barrier": "fence", "name": "\u0e42\u0e23\u0e07\u0e40\u0e23\u0e35\u0e22\u0e19\u0e1a\u0e49\u0e32\u0e19\u0e41\u0e01\u0e48\u0e19\u0e1b\u0e23\u0e30\u0e14\u0e39\u0e48", "name:en": "Ban Kaen Pradu School", "source": "Bing; sign", "osm_id": 122757640, "osm_type": "way"}, "geometry": {"type": "Polygon", "coordinates": [[[102.5971837, 16.2985408], [102.5977009, 16.2984874], [102.597643, 16.2968914], [102.5971563, 16.2970162], [102.5970557, 16.2968991], [102.5961921, 16.2968424], [102.5960919, 16.298488], [102.5961323, 16.29849], [102.5971837, 16.2985408]]]}}, {"type": "Feature", "properties": {"addr:district": "\u0e40\u0e21\u0e37\u0e2d\u0e07\u0e02\u0e2d\u0e19\u0e41\u0e01\u0e19", "addr:district:en": "Mueang Khon Kaen", "addr:province": "\u0e02\u0e2d\u0e19\u0e41\u0e01\u0e48\u0e19", "addr:province:en": "Khon Kaen", "addr:subdistrict": "\u0e2a\u0e32\u0e27\u0e30\u0e16\u0e35", "addr:subdistrict:en": "Sa Wa Thi", "amenity": "school", "barrier": "fence", "name": "\u0e42\u0e23\u0e07\u0e40\u0e23\u0e35\u0e22\u0e19\u0e1a\u0e49\u0e32\u0e19\u0e42\u0e19\u0e19\u0e23\u0e31\u0e07\u0e27\u0e34\u0e17\u0e22\u0e32\u0e04\u0e32\u0e23", "name:en": "Ban Non Rang School", "source": "Bing; sign", "osm_id": 134756005, "osm_type": "way"}, "geometry": {"type": "Polygon", "coordinates": [[[102.6900423, 16.5439073], [102.6903948, 16.5448445], [102.6904142, 16.5448961], [102.6907675, 16.5458354], [102.6908291, 16.5461356], [102.6908612, 16.546533], [102.6917353, 16.5466487], [102.6917635, 16.5466302], [102.6916094, 16.5448752], [102.691603, 16.5448017], [102.6915299, 16.5439689], [102.6903691, 16.5439208], [102.6900423, 16.5439073]]]}}, {"type": "Feature", "properties": {"addr:country": "TH", "addr:district": "\u0e40\u0e21\u0e37\u0e2d\u0e07\u0e02\u0e2d\u0e19\u0e41\u0e01\u0e48\u0e19", "addr:district:en": "Mueang Khon Kaen", "addr:province": "\u0e02\u0e2d\u0e19\u0e41\u0e01\u0e48\u0e19", "addr:province:en": "Khon Kaen", "addr:subdistrict": "\u0e1a\u0e49\u0e32\u0e19\u0e40\u0e1b\u0e47\u0e14", "addr:subdistrict:en": "Ban Pet", "amenity": "school", "barrier": "wall", "name": "\u0e42\u0e23\u0e07\u0e40\u0e23\u0e35\u0e22\u0e19\u0e02\u0e2d\u0e19\u0e41\u0e01\u0e48\u0e19\u0e27\u0e34\u0e40\u0e17\u0e28\u0e28\u0e36\u0e01\u0e29\u0e32", "name:en": "Khon Kaen Vithes Suksa Bilingual School", "source": "Bing; sign", "osm_id": 136071525, "osm_type": "way"}, "geometry": {"type": "Polygon", "coordinates": [[[102.748393, 16.398507], [102.7479079, 16.3976252], [102.7460626, 16.3985905], [102.7459875, 16.3986298], [102.7464439, 16.3994713], [102.748393, 16.398507]]]}}, {"type": "Feature", "properties": {"addr:country": "TH", "addr:district": "\u0e1a\u0e49\u0e32\u0e19\u0e1d\u0e32\u0e07", "addr:district:en": "Ban Fang", "addr:hamlet": "\u0e2b\u0e21\u0e39\u0e48\u0e17\u0e35\u0e48 4", "addr:province": "\u0e02\u0e2d\u0e19\u0e41\u0e01\u0e48\u0e19", "addr:province:en": "Khon Kaen", "addr:subdistrict": "\u0e1a\u0e49\u0e32\u0e19\u0e1d\u0e32\u0e07", "addr:subdistrict:en": "Ban Fang", "amenity": "school", "barrier": "wall", "name": "\u0e42\u0e23\u0e07\u0e40\u0e23\u0e35\u0e22\u0e19\u0e2a\u0e23\u0e30\u0e41\u0e01\u0e49\u0e27\u0e23\u0e32\u0e29\u0e0e\u0e23\u0e4c\u0e1a\u0e33\u0e23\u0e38\u0e07", "name:en": "Sa Kaeo Rat Bamrung School", "source": "Bing; sign", "osm_id": 136171153, "osm_type": "way"}, "geometry": {"type": "Polygon", "coordinates": [[[102.6637084, 16.4330846], [102.6639283, 16.4332633], [102.6639852, 16.4332751], [102.6646515, 16.4330375], [102.6646761, 16.4326928], [102.6647085, 16.4321093], [102.6634718, 16.4326189], [102.6637084, 16.4330846]]]}}, {"type": "Feature", "properties": {"addr:district": "\u0e1a\u0e49\u0e32\u0e19\u0e1d\u0e32\u0e07", "addr:district:en": "Ban Fang", "addr:province": "\u0e02\u0e2d\u0e19\u0e41\u0e01\u0e48\u0e19", "addr:province:en": "Khon Kaen", "addr:subdistrict": "\u0e1a\u0e49\u0e32\u0e19\u0e40\u0e2b\u0e25\u0e48\u0e32", "addr:subdistrict:en": "Ban Lao", "amenity": "school", "barrier": "wall", "name": "\u0e42\u0e23\u0e07\u0e40\u0e23\u0e35\u0e22\u0e19\u0e1a\u0e49\u0e32\u0e19\u0e41\u0e14\u0e07\u0e23\u0e32\u0e29\u0e0e\u0e23\u0e4c\u0e2a\u0e32\u0e21\u0e31\u0e04\u0e04\u0e35", "name:en": "Ban Daeng Rat Samakkhi School", "source": "Bing; sign", "osm_id": 136398967, "osm_type": "way"}, "geometry": {"type": "Polygon", "coordinates": [[[102.639103, 16.3818386], [102.6402412, 16.3817906], [102.6404439, 16.3817821], [102.6404696, 16.3812029], [102.6392594, 16.3808968], [102.6391573, 16.3815114], [102.639103, 16.3818386]]]}}, {"type": "Feature", "properties": {"addr:district": "\u0e1a\u0e49\u0e32\u0e19\u0e1d\u0e32\u0e07", "addr:district:en": "Ban Fang", "addr:hamlet": "\u0e2b\u0e21\u0e39\u0e48\u0e17\u0e35\u0e48 4", "addr:province": "\u0e02\u0e2d\u0e19\u0e41\u0e01\u0e48\u0e19", "addr:province:en": "Khon Kaen", "addr:subdistrict": "\u0e42\u0e19\u0e19\u0e06\u0e49\u0e2d\u0e07", "addr:subdistrict:en": "Non Khong", "amenity": "school", "name": "\u0e42\u0e23\u0e07\u0e40\u0e23\u0e35\u0e22\u0e19\u0e2b\u0e34\u0e19\u0e2e\u0e32\u0e27\u0e04\u0e38\u0e23\u0e38\u0e1b\u0e23\u0e30\u0e0a\u0e32\u0e2a\u0e23\u0e23\u0e04\u0e4c", "name:en": "Hin Ha Wakhu Ru Pracha San School", "source": "Bing; sign", "osm_id": 136398972, "osm_type": "way"}, "geometry": {"type": "Polygon", "coordinates": [[[102.5630848, 16.4083927], [102.5640218, 16.4081739], [102.5639244, 16.4074311], [102.5629327, 16.40752], [102.5630848, 16.4083927]]]}}, {"type": "Feature", "properties": {"addr:district": "\u0e40\u0e21\u0e37\u0e2d\u0e07\u0e02\u0e2d\u0e19\u0e41\u0e01\u0e48\u0e19", "addr:district:en": "Mueang Khon Kaen", "addr:province": "\u0e02\u0e2d\u0e19\u0e41\u0e01\u0e48\u0e19", "addr:province:en": "Khon Kaen", "addr:subdistrict": "\u0e40\u0e21\u0e37\u0e2d\u0e07\u0e40\u0e01\u0e49\u0e32", "addr:subdistrict:en": "Mueang Kao", "amenity": "school", "barrier": "wall", "name": "\u0e42\u0e23\u0e07\u0e40\u0e23\u0e35\u0e22\u0e19\u0e1a\u0e49\u0e32\u0e19\u0e2a\u0e30\u0e2d\u0e32\u0e14", "name:en": "Ban Sa-at School", "source": "Bing; sign", "osm_id": 136491921, "osm_type": "way"}, "geometry": {"type": "Polygon", "coordinates": [[[102.7807976, 16.4067499], [102.7816037, 16.4066009], [102.7815856, 16.4064413], [102.7814935, 16.4057284], [102.7806181, 16.4056183], [102.7805198, 16.4056059], [102.7804214, 16.4055935], [102.7807521, 16.4066096], [102.7807976, 16.4067499]]]}}, {"type": "Feature", "properties": {"addr:country": "TH", "addr:district": "\u0e40\u0e21\u0e37\u0e2d\u0e07\u0e02\u0e2d\u0e19\u0e41\u0e01\u0e48\u0e19", "addr:district:en": "Mueang Khon Kaen", "addr:hamlet": "\u0e2b\u0e21\u0e39\u0e48\u0e17\u0e35\u0e48 11", "addr:postcode": "40000", "addr:province": "\u0e02\u0e2d\u0e19\u0e41\u0e01\u0e48\u0e19", "addr:province:en": "Khon Kaen", "addr:subdistrict": "\u0e1a\u0e49\u0e32\u0e19\u0e2b\u0e27\u0e49\u0e32", "addr:subdistrict:en": "Ban Wa", "addr:suburb": "\u0e1a\u0e49\u0e32\u0e19\u0e40\u0e2b\u0e25\u0e48\u0e32\u0e19\u0e32\u0e14\u0e35", "amenity": "school", "barrier": "wall", "contact:email": "laonadeeschool@gmail.com", "contact:phone": "+66-43-371226", "contact:website": "http://data.bopp-obec.info/web/?School_ID=1040050065", "name": "\u0e42\u0e23\u0e07\u0e40\u0e23\u0e35\u0e22\u0e19\u0e1a\u0e49\u0e32\u0e19\u0e40\u0e2b\u0e25\u0e48\u0e32\u0e19\u0e32\u0e14\u0e35", "name:en": "Ban Lao Na Di School", "source": "Bing; sign", "osm_id": 136491922, "osm_type": "way"}, "geometry": {"type": "Polygon", "coordinates": [[[102.7061328, 16.3858172], [102.7078569, 16.3855831], [102.7078355, 16.3855191], [102.7079072, 16.3854885], [102.7078302, 16.3853223], [102.7076134, 16.3850886], [102.7071254, 16.3846887], [102.7064837, 16.3841628], [102.7058163, 16.3842841], [102.7059346, 16.3848573], [102.7061328, 16.3858172]]]}}, {"type": "Feature", "properties": {"addr:district": "\u0e2b\u0e19\u0e2d\u0e07\u0e40\u0e23\u0e37\u0e2d", "addr:district:en": "Nong Ruea", "addr:hamlet": "\u0e2b\u0e21\u0e39\u0e48\u0e17\u0e35\u0e48 5", "addr:province": "\u0e02\u0e2d\u0e19\u0e41\u0e01\u0e48\u0e19", "addr:province:en": "Khon Kaen", "addr:subdistrict": "\u0e1a\u0e49\u0e32\u0e19\u0e40\u0e21\u0e47\u0e07", "addr:subdistrict:en": "Ban Meng", "amenity": "school", "barrier": "wall", "name": "\u0e42\u0e23\u0e07\u0e40\u0e23\u0e35\u0e22\u0e19\u0e1a\u0e49\u0e32\u0e19\u0e19\u0e32\u0e2b\u0e27\u0e49\u0e32", "name:en": "Ban Na Wa School", "source": "Bing; sign", "osm_id": 137210452, "osm_type": "way"}, "geometry": {"type": "Polygon", "coordinates": [[[102.4519839, 16.4692875], [102.4511615, 16.4693801], [102.4514532, 16.4705956], [102.4522065, 16.470625], [102.4522416, 16.4703968], [102.4523008, 16.4702097], [102.4519839, 16.4692875]]]}}, {"type": "Feature", "properties": {"addr:district": "\u0e2b\u0e19\u0e2d\u0e07\u0e40\u0e23\u0e37\u0e2d", "addr:district:en": "Nong Ruea", "addr:province": "\u0e02\u0e2d\u0e19\u0e41\u0e01\u0e48\u0e19", "addr:province:en": "Khon Kaen", "addr:subdistrict": "\u0e1a\u0e49\u0e32\u0e19\u0e40\u0e21\u0e47\u0e07", "addr:subdistrict:en": "Ban Meng", "amenity": "school", "barrier": "wall", "name": "\u0e42\u0e23\u0e07\u0e40\u0e23\u0e35\u0e22\u0e19\u0e1a\u0e49\u0e32\u0e19\u0e40\u0e21\u0e47\u0e07", "name:en": "Ban Meng School", "source": "Bing; sign", "osm_id": 137210454, "osm_type": "way"}, "geometry": {"type": "Polygon", "coordinates": [[[102.4460722, 16.4513353], [102.4461158, 16.4514882], [102.4463879, 16.4524439], [102.4481734, 16.4523539], [102.4480092, 16.4515179], [102.4479203, 16.4512704], [102.4478437, 16.451152], [102.446893, 16.4511846], [102.4460722, 16.4513353]]]}}, {"type": "Feature", "properties": {"addr:district": "\u0e2b\u0e19\u0e2d\u0e07\u0e40\u0e23\u0e37\u0e2d", "addr:district:en": "Nong Ruea", "addr:province": "\u0e02\u0e2d\u0e19\u0e41\u0e01\u0e48\u0e19", "addr:province:en": "Khon Kaen", "addr:subdistrict": "\u0e2b\u0e19\u0e2d\u0e07\u0e40\u0e23\u0e37\u0e2d", "addr:subdistrict:en": "Nong Ruea", "amenity": "school", "barrier": "wall", "name": "\u0e42\u0e23\u0e07\u0e40\u0e23\u0e35\u0e22\u0e19\u0e1a\u0e49\u0e32\u0e19\u0e40\u0e2b\u0e25\u0e48\u0e32\u0e1b\u0e23\u0e30\u0e0a\u0e32\u0e19\u0e40\u0e04\u0e23\u0e32\u0e30\u0e2b\u0e4c", "name:en": "Ban Lao Pra Chan Khro School", "source": "Bing; sign", "osm_id": 137391750, "osm_type": "way"}, "geometry": {"type": "Polygon", "coordinates": [[[102.4663882, 16.506468], [102.4661837, 16.50571], [102.4645214, 16.5061193], [102.4647238, 16.5066853], [102.4663882, 16.506468]]]}}, {"type": "Feature", "properties": {"addr:district": "\u0e2b\u0e19\u0e2d\u0e07\u0e40\u0e23\u0e37\u0e2d", "addr:district:en": "Nong Ruea", "addr:province": "\u0e02\u0e2d\u0e19\u0e41\u0e01\u0e48\u0e19", "addr:province:en": "Khon Kaen", "addr:subdistrict": "\u0e1a\u0e49\u0e32\u0e19\u0e1c\u0e37\u0e2d", "addr:subdistrict:en": "Ban Phue", "amenity": "school", "barrier": "wall", "name": "\u0e42\u0e23\u0e07\u0e40\u0e23\u0e35\u0e22\u0e19\u0e2b\u0e19\u0e2d\u0e07\u0e41\u0e2a\u0e07\u0e27\u0e34\u0e17\u0e22\u0e32\u0e2a\u0e23\u0e23\u0e04\u0e4c", "name:en": "Nong Saeng Witthaya San School", "source": "Bing; sign", "osm_id": 137391751, "osm_type": "way"}, "geometry": {"type": "Polygon", "coordinates": [[[102.5626532, 16.5189882], [102.5631278, 16.5187162], [102.5628763, 16.5175951], [102.5627985, 16.5176083], [102.5619027, 16.5177604], [102.5617216, 16.5177911], [102.5620719, 16.5186683], [102.5622305, 16.5190398], [102.5623244, 16.5190098], [102.5623912, 16.5190054], [102.5626532, 16.5189882]]]}}, {"type": "Feature", "properties": {"addr:district": "\u0e2b\u0e19\u0e2d\u0e07\u0e40\u0e23\u0e37\u0e2d", "addr:district:en": "Nong Ruea", "addr:province": "\u0e02\u0e2d\u0e19\u0e41\u0e01\u0e48\u0e19", "addr:province:en": "Khon Kaen", "addr:subdistrict": "\u0e42\u0e19\u0e19\u0e17\u0e2d\u0e07", "addr:subdistrict:en": "Non Thong", "amenity": "school", "name": "\u0e42\u0e23\u0e07\u0e40\u0e23\u0e35\u0e22\u0e19\u0e1a\u0e49\u0e32\u0e19\u0e01\u0e38\u0e14\u0e40\u0e25\u0e32", "name:en": "Ban Kut Lao School", "source": "Bing; sign", "osm_id": 138388371, "osm_type": "way"}, "geometry": {"type": "Polygon", "coordinates": [[[102.410778, 16.5629409], [102.4119612, 16.5629996], [102.4118631, 16.561414], [102.4106708, 16.5616392], [102.4106872, 16.5628819], [102.410778, 16.5629409]]]}}, {"type": "Feature", "properties": {"addr:district": "\u0e2b\u0e19\u0e2d\u0e07\u0e40\u0e23\u0e37\u0e2d", "addr:district:en": "Nong Ruea", "addr:province": "\u0e02\u0e2d\u0e19\u0e41\u0e01\u0e48\u0e19", "addr:province:en": "Khon Kaen", "addr:subdistrict": "\u0e2b\u0e19\u0e2d\u0e07\u0e40\u0e23\u0e37\u0e2d", "addr:subdistrict:en": "Nong Ruea", "amenity": "school", "barrier": "wall", "name": "\u0e42\u0e23\u0e07\u0e40\u0e23\u0e35\u0e22\u0e19\u0e1a\u0e49\u0e32\u0e19\u0e0a\u0e38\u0e21\u0e0a\u0e19\u0e2b\u0e19\u0e2d\u0e07\u0e40\u0e23\u0e37\u0e2d", "name:en": "Chumchon Nong Ruea School", "source": "Bing; sign", "osm_id": 138388373, "osm_type": "way"}, "geometry": {"type": "Polygon", "coordinates": [[[102.433642, 16.4919902], [102.4337813, 16.4919721], [102.4350248, 16.4918112], [102.4350645, 16.4926244], [102.4339093, 16.4927437], [102.4337802, 16.4927571], [102.433642, 16.4919902]]]}}, {"type": "Feature", "properties": {"addr:district": "\u0e2b\u0e19\u0e2d\u0e07\u0e40\u0e23\u0e37\u0e2d", "addr:district:en": "Nong Ruea", "addr:hamlet": "\u0e2b\u0e21\u0e39\u0e48\u0e17\u0e35\u0e48 9", "addr:province": "\u0e02\u0e2d\u0e19\u0e41\u0e01\u0e48\u0e19", "addr:province:en": "Khon Kaen", "addr:subdistrict": "\u0e42\u0e19\u0e19\u0e17\u0e2d\u0e07", "addr:subdistrict:en": "Non Thong", "amenity": "school", "barrier": "wall", "name": "\u0e42\u0e23\u0e07\u0e40\u0e23\u0e35\u0e22\u0e19\u0e1a\u0e49\u0e32\u0e19\u0e1d\u0e32\u0e07\u0e19\u0e49\u0e2d\u0e22", "name:en": "Ban Fang Noi School", "source": "Bing; sign", "osm_id": 138388375, "osm_type": "way"}, "geometry": {"type": "Polygon", "coordinates": [[[102.3829296, 16.5325107], [102.3830825, 16.5324832], [102.3833753, 16.5324307], [102.3833239, 16.5318053], [102.3833127, 16.5316689], [102.3828063, 16.5318234], [102.3829296, 16.5325107]]]}}, {"type": "Feature", "properties": {"addr:district": "\u0e2b\u0e19\u0e2d\u0e07\u0e40\u0e23\u0e37\u0e2d", "addr:district:en": "Nong Ruea", "addr:postcode": "40210", "addr:province": "\u0e02\u0e2d\u0e19\u0e41\u0e01\u0e48\u0e19", "addr:province:en": "Khon Kaen", "addr:subdistrict": "\u0e42\u0e19\u0e19\u0e17\u0e2d\u0e07", "addr:subdistrict:en": "Non Thong", "amenity": "school", "barrier": "wall", "name": "\u0e42\u0e23\u0e07\u0e40\u0e23\u0e35\u0e22\u0e19\u0e1a\u0e49\u0e32\u0e19\u0e42\u0e19\u0e19\u0e17\u0e2d\u0e07", "name:en": "Ban Non Thong School", "source": "Bing; sign", "osm_id": 138388377, "osm_type": "way"}, "geometry": {"type": "Polygon", "coordinates": [[[102.4093181, 16.5312697], [102.4099231, 16.5311243], [102.4105658, 16.5308879], [102.4105316, 16.5307328], [102.4103409, 16.5298693], [102.4092614, 16.5302987], [102.4093181, 16.5312697]]]}}, {"type": "Feature", "properties": {"addr:district": "\u0e20\u0e39\u0e40\u0e27\u0e35\u0e22\u0e07", "addr:district:en": "Phu Wiang", "addr:postcode": "40150", "addr:province": "\u0e02\u0e2d\u0e19\u0e41\u0e01\u0e48\u0e19", "addr:province:en": "Khon Kaen", "addr:subdistrict": "\u0e20\u0e39\u0e40\u0e27\u0e35\u0e22\u0e07", "addr:subdistrict:en": "Phu Wiang", "amenity": "school", "barrier": "wall", "name": "\u0e42\u0e23\u0e07\u0e40\u0e23\u0e35\u0e22\u0e19\u0e1a\u0e49\u0e32\u0e19\u0e19\u0e32\u0e01\u0e49\u0e32\u0e19\u0e40\u0e2b\u0e25\u0e37\u0e2d\u0e07", "name:en": "Ban Na Kanlueang School", "source": "Bing; sign", "osm_id": 138677466, "osm_type": "way"}, "geometry": {"type": "Polygon", "coordinates": [[[102.3790245, 16.6520137], [102.3780247, 16.6526721], [102.3785245, 16.6533754], [102.3791044, 16.6541913], [102.3801288, 16.653558], [102.3795369, 16.6527303], [102.3790245, 16.6520137]]]}}, {"type": "Feature", "properties": {"addr:district": "\u0e2b\u0e19\u0e2d\u0e07\u0e40\u0e23\u0e37\u0e2d", "addr:district:en": "Nong Ruea", "addr:province": "\u0e02\u0e2d\u0e19\u0e41\u0e01\u0e48\u0e19", "addr:province:en": "Khon Kaen", "addr:subdistrict": "\u0e01\u0e38\u0e14\u0e01\u0e27\u0e49\u0e32\u0e07", "addr:subdistrict:en": "Kut Kwang", "amenity": "school", "barrier": "wall", "name": "\u0e42\u0e23\u0e07\u0e40\u0e23\u0e35\u0e22\u0e19\u0e1a\u0e49\u0e32\u0e19\u0e02\u0e19\u0e27\u0e19\u0e19\u0e04\u0e23", "name:en": "Ban Khanuan Nakhon School", "source": "Bing; sign", "osm_id": 139513424, "osm_type": "way"}, "geometry": {"type": "Polygon", "coordinates": [[[102.385755, 16.451034], [102.3857774, 16.4512464], [102.3858922, 16.4523357], [102.3866876, 16.4521984], [102.3868452, 16.4521603], [102.3869361, 16.4521326], [102.387436, 16.4519803], [102.3874553, 16.4515787], [102.3871412, 16.4515383], [102.3870846, 16.4514425], [102.3871003, 16.4510836], [102.3865672, 16.4511228], [102.3864445, 16.4511159], [102.3857731, 16.4510109], [102.385755, 16.451034]]]}}, {"type": "Feature", "properties": {"addr:district": "\u0e2b\u0e19\u0e2d\u0e07\u0e40\u0e23\u0e37\u0e2d", "addr:district:en": "Nong Ruea", "addr:hamlet": "\u0e2b\u0e21\u0e39\u0e48\u0e17\u0e35\u0e48 13", "addr:province": "\u0e02\u0e2d\u0e19\u0e41\u0e01\u0e48\u0e19", "addr:province:en": "Khon Kaen", "addr:subdistrict": "\u0e42\u0e19\u0e19\u0e17\u0e2d\u0e07", "addr:subdistrict:en": "Non Thong", "amenity": "school", "name": "\u0e42\u0e23\u0e07\u0e40\u0e23\u0e35\u0e22\u0e19\u0e1a\u0e49\u0e32\u0e19\u0e2b\u0e49\u0e27\u0e22\u0e17\u0e23\u0e32\u0e22\u0e17\u0e2d\u0e07", "name:en": "Ban Huai Sai Thong School", "source": "Bing; sign", "osm_id": 140093279, "osm_type": "way"}, "geometry": {"type": "Polygon", "coordinates": [[[102.3800516, 16.558935], [102.3809815, 16.558681], [102.3807228, 16.5578131], [102.3797974, 16.558135], [102.3800516, 16.558935]]]}}, {"type": "Feature", "properties": {"addr:district": "\u0e2b\u0e19\u0e2d\u0e07\u0e40\u0e23\u0e37\u0e2d", "addr:district:en": "Nong Ruea", "addr:hamlet": "\u0e2b\u0e21\u0e39\u0e48\u0e17\u0e35\u0e48 5", "addr:province": "\u0e02\u0e2d\u0e19\u0e41\u0e01\u0e48\u0e19", "addr:province:en": "Khon Kaen", "addr:subdistrict": "\u0e42\u0e19\u0e19\u0e17\u0e31\u0e19", "addr:subdistrict:en": "Non Than", "amenity": "school", "barrier": "wall", "name": "\u0e42\u0e23\u0e07\u0e40\u0e23\u0e35\u0e22\u0e19\u0e1a\u0e49\u0e32\u0e19\u0e19\u0e32\u0e40\u0e1b\u0e37\u0e2d\u0e22", "name:en": "Ban Na Pueai School", "source": "Bing; sign", "osm_id": 140810307, "osm_type": "way"}, "geometry": {"type": "Polygon", "coordinates": [[[102.384515, 16.5057345], [102.3847454, 16.5057708], [102.3847673, 16.5056191], [102.3849626, 16.505593], [102.3850901, 16.5051927], [102.3850803, 16.5051667], [102.3850705, 16.5051408], [102.3851464, 16.5047827], [102.3851311, 16.5047231], [102.384553, 16.5046681], [102.384141, 16.504646], [102.3840376, 16.5047104], [102.3839899, 16.5047986], [102.3839657, 16.5048594], [102.3837742, 16.5053419], [102.384376, 16.5055244], [102.384515, 16.5057345]]]}}, {"type": "Feature", "properties": {"addr:district": "\u0e2b\u0e19\u0e2d\u0e07\u0e40\u0e23\u0e37\u0e2d", "addr:district:en": "Nong Ruea", "addr:hamlet": "\u0e2b\u0e21\u0e39\u0e48\u0e17\u0e35\u0e48 4", "addr:province": "\u0e02\u0e2d\u0e19\u0e41\u0e01\u0e48\u0e19", "addr:province:en": "Khon Kaen", "addr:subdistrict": "\u0e42\u0e19\u0e19\u0e17\u0e2d\u0e07", "addr:subdistrict:en": "Non Thong", "amenity": "school", "name": "\u0e42\u0e23\u0e07\u0e40\u0e23\u0e35\u0e22\u0e19\u0e1a\u0e49\u0e32\u0e19\u0e20\u0e39\u0e21\u0e39\u0e25\u0e40\u0e0a\u0e49\u0e32", "name:en": "Ban Phu Mun Chao School", "source": "Bing; sign", "osm_id": 141189248, "osm_type": "way"}, "geometry": {"type": "Polygon", "coordinates": [[[102.4267147, 16.550161], [102.4273042, 16.5500562], [102.4270773, 16.5488244], [102.4262113, 16.5489863], [102.4267147, 16.550161]]]}}, {"type": "Feature", "properties": {"addr:district": "\u0e2d\u0e38\u0e1a\u0e25\u0e23\u0e31\u0e15\u0e19\u0e4c", "addr:district:en": "Ubonrat", "addr:hamlet": "\u0e2b\u0e21\u0e39\u0e48\u0e17\u0e35\u0e48 4", "addr:province": "\u0e02\u0e2d\u0e19\u0e41\u0e01\u0e48\u0e19", "addr:province:en": "Khon Kaen", "addr:subdistrict": "\u0e17\u0e38\u0e48\u0e07\u0e42\u0e1b\u0e48\u0e07", "addr:subdistrict:en": "Thung Pong", "amenity": "school", "name": "\u0e42\u0e23\u0e07\u0e40\u0e23\u0e35\u0e22\u0e19\u0e17\u0e23\u0e31\u0e1e\u0e22\u0e4c\u0e2a\u0e21\u0e1a\u0e39\u0e23\u0e13\u0e4c\u0e42\u0e19\u0e19\u0e2d\u0e34\u0e19\u0e17\u0e23\u0e4c\u0e41\u0e1b\u0e25\u0e07", "name:en": "Sap Sombun Non In Plaeng School", "source": "Bing; sign", "osm_id": 143702253, "osm_type": "way"}, "geometry": {"type": "Polygon", "coordinates": [[[102.6719189, 16.7380327], [102.672983, 16.7370887], [102.6729992, 16.7370265], [102.672983, 16.7369625], [102.6729276, 16.7368839], [102.6723062, 16.7362397], [102.6720964, 16.7360222], [102.672022, 16.7360203], [102.6713874, 16.7365102], [102.6708845, 16.7369836], [102.6710662, 16.737205], [102.671396, 16.7376068], [102.6718455, 16.7380308], [102.6719189, 16.7380327]]]}}, {"type": "Feature", "properties": {"addr:district": "\u0e19\u0e49\u0e33\u0e1e\u0e2d\u0e07", "addr:district:en": "Nam Phong", "addr:hamlet": "\u0e2b\u0e21\u0e39\u0e48\u0e17\u0e35\u0e48 6", "addr:province": "\u0e02\u0e2d\u0e19\u0e41\u0e01\u0e48\u0e19", "addr:province:en": "Khon Kaen", "addr:subdistrict": "\u0e01\u0e38\u0e14\u0e19\u0e49\u0e33\u0e43\u0e2a", "addr:subdistrict:en": "Kut Nam Sai", "amenity": "school", "barrier": "wall", "name": "\u0e42\u0e23\u0e07\u0e40\u0e23\u0e35\u0e22\u0e19\u0e1a\u0e49\u0e32\u0e19\u0e1f\u0e32\u0e01\u0e1e\u0e2d\u0e07", "name:en": "Ban Fak Phong School", "source": "Bing; sign", "osm_id": 143702254, "osm_type": "way"}, "geometry": {"type": "Polygon", "coordinates": [[[102.8035613, 16.7072826], [102.8037842, 16.7067431], [102.8026035, 16.7065778], [102.8024052, 16.7070634], [102.8035613, 16.7072826]]]}}, {"type": "Feature", "properties": {"addr:district": "\u0e19\u0e49\u0e33\u0e1e\u0e2d\u0e07", "addr:district:en": "Nam Phong", "addr:hamlet": "\u0e2b\u0e21\u0e39\u0e48\u0e17\u0e35\u0e48 4", "addr:province": "\u0e02\u0e2d\u0e19\u0e41\u0e01\u0e48\u0e19", "addr:province:en": "Khon Kaen", "addr:subdistrict": "\u0e2a\u0e30\u0e2d\u0e32\u0e14", "addr:subdistrict:en": "Sa-at", "amenity": "school", "barrier": "wall", "name": "\u0e42\u0e23\u0e07\u0e40\u0e23\u0e35\u0e22\u0e19 \u0e1a\u0e49\u0e32\u0e19\u0e2b\u0e19\u0e2d\u0e07\u0e2d\u0e49\u0e2d\u0e42\u0e04\u0e01\u0e2a\u0e27\u0e48\u0e32\u0e07", "name:en": "Ban Nong O Khok Sawang School", "source": "Bing; sign", "osm_id": 144948378, "osm_type": "way"}, "geometry": {"type": "Polygon", "coordinates": [[[102.7423223, 16.7597707], [102.7424324, 16.7603346], [102.7425494, 16.7609066], [102.7439132, 16.7605308], [102.7436811, 16.7595401], [102.7423223, 16.7597707]]]}}, {"type": "Feature", "properties": {"addr:district": "\u0e19\u0e49\u0e33\u0e1e\u0e2d\u0e07", "addr:district:en": "Nam Phong", "addr:hamlet": "\u0e2b\u0e21\u0e39\u0e48\u0e17\u0e35\u0e48 9", "addr:province": "\u0e02\u0e2d\u0e19\u0e41\u0e01\u0e48\u0e19", "addr:province:en": "Khon Kaen", "addr:subdistrict": "\u0e2b\u0e19\u0e2d\u0e07\u0e01\u0e38\u0e07", "addr:subdistrict:en": "Nong Kung", "amenity": "school", "barrier": "wall", "name": "\u0e42\u0e23\u0e07\u0e40\u0e23\u0e35\u0e22\u0e19\u0e1a\u0e49\u0e32\u0e19\u0e19\u0e32\u0e40\u0e23\u0e35\u0e22\u0e07", "name:en": "Ban Na Riang School", "source": "Bing; sign", "osm_id": 144948379, "osm_type": "way"}, "geometry": {"type": "Polygon", "coordinates": [[[102.8801916, 16.7591128], [102.8802565, 16.760129], [102.8813261, 16.7600299], [102.881357, 16.7600021], [102.8813309, 16.7591031], [102.8813048, 16.759078], [102.8811795, 16.7590819], [102.8804012, 16.7591063], [102.8801916, 16.7591128]]]}}, {"type": "Feature", "properties": {"addr:district": "\u0e2d\u0e38\u0e1a\u0e25\u0e23\u0e31\u0e15\u0e19\u0e4c", "addr:district:en": "Ubonrat", "addr:hamlet": "\u0e2b\u0e21\u0e39\u0e48\u0e17\u0e35\u0e48 9", "addr:province": "\u0e02\u0e2d\u0e19\u0e41\u0e01\u0e48\u0e19", "addr:province:en": "Khon Kaen", "addr:subdistrict": "\u0e19\u0e32\u0e04\u0e33", "addr:subdistrict:en": "Na Kham", "amenity": "school", "barrier": "wall", "name": "\u0e42\u0e23\u0e07\u0e40\u0e23\u0e35\u0e22\u0e19\u0e1a\u0e49\u0e32\u0e19\u0e2b\u0e19\u0e2d\u0e07\u0e02\u0e32\u0e21\u0e1e\u0e34\u0e17\u0e22\u0e32\u0e04\u0e21", "name:en": "Ban Nong Kham Phitthayakhom School", "source": "Bing; sign", "osm_id": 144948380, "osm_type": "way"}, "geometry": {"type": "Polygon", "coordinates": [[[102.7077121, 16.8323278], [102.7077593, 16.8314363], [102.7077689, 16.8312542], [102.7054364, 16.8314213], [102.7054556, 16.8323337], [102.7060484, 16.8323389], [102.7075321, 16.8323305], [102.7077121, 16.8323278]]]}}, {"type": "Feature", "properties": {"addr:district": "\u0e40\u0e02\u0e32\u0e2a\u0e27\u0e19\u0e01\u0e27\u0e32\u0e07", "addr:district:en": "Khao Suan Kwang", "addr:hamlet": "\u0e2b\u0e21\u0e39\u0e48\u0e17\u0e35\u0e48 9", "addr:province": "\u0e02\u0e2d\u0e19\u0e41\u0e01\u0e48\u0e19", "addr:province:en": "Khon Kaen", "addr:subdistrict": "\u0e14\u0e07\u0e40\u0e21\u0e37\u0e2d\u0e07\u0e41\u0e2d\u0e21", "addr:subdistrict:en": "Dong Mueang Aem", "amenity": "school", "barrier": "wall", "name": "\u0e42\u0e23\u0e07\u0e40\u0e23\u0e35\u0e22\u0e19\u0e1a\u0e49\u0e32\u0e19\u0e2b\u0e19\u0e2d\u0e07\u0e04\u0e39", "name:en": "Ban Nong Khu School", "source": "Bing; sign", "osm_id": 144948381, "osm_type": "way"}, "geometry": {"type": "Polygon", "coordinates": [[[102.7389062, 16.8278636], [102.7389267, 16.8278612], [102.739846, 16.8277541], [102.7398508, 16.8276543], [102.7398417, 16.8275873], [102.73975, 16.8269104], [102.7393941, 16.8269067], [102.7389426, 16.8269644], [102.7388747, 16.8273939], [102.7388527, 16.8275523], [102.7388613, 16.8277125], [102.7389062, 16.8278636]]]}}, {"type": "Feature", "properties": {"addr:district": "\u0e19\u0e49\u0e33\u0e1e\u0e2d\u0e07", "addr:district:en": "Nam Phong", "addr:province": "\u0e02\u0e2d\u0e19\u0e41\u0e01\u0e48\u0e19", "addr:province:en": "Khon Kaen", "addr:subdistrict": "\u0e19\u0e49\u0e33\u0e1e\u0e2d\u0e07", "addr:subdistrict:en": "Nam Phong", "amenity": "school", "barrier": "fence", "name": "\u0e42\u0e23\u0e07\u0e40\u0e23\u0e35\u0e22\u0e19\u0e1a\u0e49\u0e32\u0e19\u0e2b\u0e49\u0e27\u0e22\u0e44\u0e1c\u0e48\u0e19\u0e2d\u0e07\u0e42\u0e19", "name:en": "Ban Huai Phai Nong No School", "source": "Bing; sign", "osm_id": 144948382, "osm_type": "way"}, "geometry": {"type": "Polygon", "coordinates": [[[102.8408567, 16.7573396], [102.8405439, 16.7563714], [102.8404422, 16.7560564], [102.8397659, 16.7563204], [102.8398921, 16.7566348], [102.8399785, 16.7568502], [102.8401945, 16.7575499], [102.8408567, 16.7573396]]]}}, {"type": "Feature", "properties": {"addr:district": "\u0e40\u0e02\u0e32\u0e2a\u0e27\u0e19\u0e01\u0e27\u0e32\u0e07", "addr:district:en": "Khao Suan Kwang", "addr:hamlet": "\u0e2b\u0e21\u0e39\u0e48\u0e17\u0e35\u0e48 1", "addr:province": "\u0e02\u0e2d\u0e19\u0e41\u0e01\u0e48\u0e19", "addr:province:en": "Khon Kaen", "addr:subdistrict": "\u0e14\u0e07\u0e40\u0e21\u0e37\u0e2d\u0e07\u0e41\u0e2d\u0e21", "addr:subdistrict:en": "Dong Mueang Aem", "amenity": "school", "barrier": "wall", "name": "\u0e42\u0e23\u0e07\u0e40\u0e23\u0e35\u0e22\u0e19\u0e28\u0e23\u0e35\u0e40\u0e21\u0e37\u0e2d\u0e07\u0e41\u0e2d\u0e21", "name:en": "Si Mueang Aem School", "source": "Bing; sign", "osm_id": 144948383, "osm_type": "way"}, "geometry": {"type": "Polygon", "coordinates": [[[102.8087545, 16.8176716], [102.8089205, 16.8179434], [102.8092132, 16.8186203], [102.8099574, 16.818371], [102.8095811, 16.8174606], [102.8087545, 16.8176716]]]}}, {"type": "Feature", "properties": {"addr:district": "\u0e40\u0e02\u0e32\u0e2a\u0e27\u0e19\u0e01\u0e27\u0e32\u0e07", "addr:district:en": "Khao Suan Kwang", "addr:postcode": "40280", "addr:province": "\u0e02\u0e2d\u0e19\u0e41\u0e01\u0e48\u0e19", "addr:province:en": "Khon Kaen", "addr:subdistrict": "\u0e40\u0e02\u0e32\u0e2a\u0e27\u0e19\u0e01\u0e27\u0e32\u0e07", "addr:subdistrict:en": "Khao Suan Kwang", "amenity": "school", "barrier": "wall", "name": "\u0e42\u0e23\u0e07\u0e40\u0e23\u0e35\u0e22\u0e19\u0e1a\u0e49\u0e32\u0e19\u0e42\u0e19\u0e19\u0e2a\u0e27\u0e48\u0e32\u0e07\u0e2b\u0e19\u0e2d\u0e07\u0e15\u0e30\u0e19\u0e32", "name:en": "Ban Non Sawang Nong Ta Na School", "phone": "+66 43 44 95 61", "source": "Bing; sign", "osm_id": 146847857, "osm_type": "way"}, "geometry": {"type": "Polygon", "coordinates": [[[102.8869922, 16.8561861], [102.8870358, 16.8561898], [102.8877325, 16.8562483], [102.8875266, 16.8548998], [102.8874879, 16.8548738], [102.8866548, 16.8549303], [102.8869922, 16.8561861]]]}}, {"type": "Feature", "properties": {"addr:district": "\u0e19\u0e49\u0e33\u0e1e\u0e2d\u0e07", "addr:district:en": "Nam Phong", "addr:hamlet": "\u0e2b\u0e21\u0e39\u0e48\u0e17\u0e35\u0e48 12", "addr:province": "\u0e02\u0e2d\u0e19\u0e41\u0e01\u0e48\u0e19", "addr:province:en": "Khon Kaen", "addr:subdistrict": "\u0e17\u0e23\u0e32\u0e22\u0e21\u0e39\u0e25", "addr:subdistrict:en": "Sai Mun", "amenity": "school", "barrier": "fence", "name": "\u0e42\u0e23\u0e07\u0e40\u0e23\u0e35\u0e22\u0e19\u0e1a\u0e49\u0e32\u0e19\u0e2b\u0e19\u0e2d\u0e07\u0e2b\u0e27\u0e49\u0e32\u0e2a\u0e38\u0e02\u0e43\u0e08", "name:en": "Ban Nong Wa Sukchai School", "source": "Bing; sign", "osm_id": 147231618, "osm_type": "way"}, "geometry": {"type": "Polygon", "coordinates": [[[102.9121044, 16.6965129], [102.9120997, 16.6959214], [102.9119007, 16.6952273], [102.9118712, 16.6951245], [102.9104942, 16.695525], [102.9105164, 16.6960703], [102.9105423, 16.696707], [102.9106076, 16.6967952], [102.9106863, 16.6968299], [102.9108029, 16.6968314], [102.9111622, 16.6967106], [102.9121044, 16.6965129]]]}}, {"type": "Feature", "properties": {"addr:district": "\u0e19\u0e49\u0e33\u0e1e\u0e2d\u0e07", "addr:district:en": "Nam Phong", "addr:province": "\u0e02\u0e2d\u0e19\u0e41\u0e01\u0e48\u0e19", "addr:province:en": "Khon Kaen", "addr:subdistrict": "\u0e27\u0e31\u0e07\u0e0a\u0e31\u0e22", "addr:subdistrict:en": "Wang Chai", "amenity": "school", "barrier": "wall", "name": "\u0e42\u0e23\u0e07\u0e40\u0e23\u0e35\u0e22\u0e19\u0e19\u0e49\u0e33\u0e1e\u0e2d\u0e07", "name:en": "Nam Phong School", "source": "Bing; sign", "osm_id": 147404790, "osm_type": "way"}, "geometry": {"type": "Polygon", "coordinates": [[[102.8589668, 16.7039403], [102.8598285, 16.7037272], [102.8601541, 16.703587], [102.8596717, 16.7026915], [102.8592954, 16.7020764], [102.8590803, 16.7021594], [102.8582469, 16.7022595], [102.8581529, 16.702291], [102.8583723, 16.7027357], [102.8588501, 16.7037037], [102.8589668, 16.7039403]]]}}, {"type": "Feature", "properties": {"addr:district": "\u0e19\u0e49\u0e33\u0e1e\u0e2d\u0e07", "addr:district:en": "Nam Phong", "addr:province": "\u0e02\u0e2d\u0e19\u0e41\u0e01\u0e48\u0e19", "addr:province:en": "Khon Kaen", "addr:subdistrict": "\u0e27\u0e31\u0e07\u0e0a\u0e31\u0e22", "addr:subdistrict:en": "Wang Chai", "amenity": "school", "barrier": "wall", "name": "\u0e42\u0e23\u0e07\u0e40\u0e23\u0e35\u0e22\u0e19\u0e19\u0e49\u0e33\u0e1e\u0e2d\u0e07\u0e28\u0e36\u0e01\u0e29\u0e32", "name:en": "Nam Phong Sueksa School", "source": "Bing; sign", "osm_id": 147404791, "osm_type": "way"}, "geometry": {"type": "Polygon", "coordinates": [[[102.8534822, 16.7042886], [102.8549039, 16.7038065], [102.8552303, 16.7036959], [102.8552422, 16.7036566], [102.854778, 16.7024954], [102.8547326, 16.702483], [102.8546821, 16.7024186], [102.8546532, 16.7023357], [102.8546826, 16.702297], [102.8541373, 16.7012223], [102.8526886, 16.7017087], [102.8534822, 16.7042886]]]}}, {"type": "Feature", "properties": {"addr:district": "\u0e19\u0e49\u0e33\u0e1e\u0e2d\u0e07", "addr:district:en": "Nam Phong", "addr:hamlet": "\u0e2b\u0e21\u0e39\u0e48\u0e17\u0e35\u0e48 2", "addr:province": "\u0e02\u0e2d\u0e19\u0e41\u0e01\u0e48\u0e19", "addr:province:en": "Khon Kaen", "addr:subdistrict": "\u0e27\u0e31\u0e07\u0e0a\u0e31\u0e22", "addr:subdistrict:en": "Wang Chai", "amenity": "school", "barrier": "wall", "name": "\u0e42\u0e23\u0e07\u0e40\u0e23\u0e35\u0e22\u0e19\u0e1a\u0e49\u0e32\u0e19\u0e27\u0e31\u0e07\u0e0a\u0e31\u0e22", "name:en": "Ban Wang Chai School", "source": "Bing; sign", "osm_id": 147404793, "osm_type": "way"}, "geometry": {"type": "Polygon", "coordinates": [[[102.8451711, 16.6813536], [102.845192, 16.6816305], [102.8454753, 16.6818785], [102.8463907, 16.6824086], [102.8467602, 16.6825012], [102.8474934, 16.6825497], [102.8466439, 16.6808429], [102.8459657, 16.6809498], [102.846042, 16.6812243], [102.845734, 16.6813241], [102.8451711, 16.6813536]]]}}, {"type": "Feature", "properties": {"addr:district": "\u0e01\u0e23\u0e30\u0e19\u0e27\u0e19", "addr:district:en": "Kranuan", "addr:hamlet": "\u0e2b\u0e21\u0e39\u0e48\u0e17\u0e35\u0e48 3", "addr:province": "\u0e02\u0e2d\u0e19\u0e41\u0e01\u0e48\u0e19", "addr:province:en": "Khon Kaen", "addr:subdistrict": "\u0e2b\u0e19\u0e2d\u0e07\u0e42\u0e19", "addr:subdistrict:en": "Nong No", "amenity": "hospital", "barrier": "wall", "name": "\u0e42\u0e23\u0e07\u0e1e\u0e22\u0e32\u0e1a\u0e32\u0e25\u0e1a\u0e49\u0e32\u0e19\u0e01\u0e38\u0e14\u0e42\u0e07\u0e49\u0e07", "name:en": "Ban Kut Ngong Hospital", "source": "Bing; sign", "osm_id": 147862116, "osm_type": "way"}, "geometry": {"type": "Polygon", "coordinates": [[[103.0259641, 16.7404837], [103.0261175, 16.7408697], [103.0262289, 16.7411518], [103.0264619, 16.7417451], [103.026828, 16.7406799], [103.0259641, 16.7404837]]]}}, {"type": "Feature", "properties": {"addr:district": "\u0e01\u0e23\u0e30\u0e19\u0e27\u0e19", "addr:district:en": "Kranuan", "addr:hamlet": "\u0e2b\u0e21\u0e39\u0e48\u0e17\u0e35\u0e48 4", "addr:province": "\u0e02\u0e2d\u0e19\u0e41\u0e01\u0e48\u0e19", "addr:province:en": "Khon Kaen", "addr:subdistrict": "\u0e2b\u0e19\u0e2d\u0e07\u0e42\u0e19", "addr:subdistrict:en": "Nong No", "amenity": "school", "barrier": "fence", "name": "\u0e42\u0e23\u0e07\u0e40\u0e23\u0e35\u0e22\u0e19\u0e1a\u0e49\u0e32\u0e19\u0e19\u0e32\u0e40\u0e25\u0e32\u0e30", "name:en": "Ban Na Lo School", "source": "Bing; sign", "osm_id": 147862122, "osm_type": "way"}, "geometry": {"type": "Polygon", "coordinates": [[[103.0471456, 16.7343651], [103.0473546, 16.7354512], [103.0484116, 16.735417], [103.048362, 16.7345193], [103.0472069, 16.7343477], [103.0471456, 16.7343651]]]}}, {"type": "Feature", "properties": {"addr:district": "\u0e01\u0e23\u0e30\u0e19\u0e27\u0e19", "addr:district:en": "Kranuan", "addr:hamlet": "\u0e2b\u0e21\u0e39\u0e48\u0e17\u0e35\u0e48 9", "addr:province": "\u0e02\u0e2d\u0e19\u0e41\u0e01\u0e48\u0e19", "addr:province:en": "Khon Kaen", "addr:subdistrict": "\u0e2b\u0e31\u0e27\u0e19\u0e32\u0e04\u0e33", "addr:subdistrict:en": "Hua Na Kham", "amenity": "school", "barrier": "wall", "name": "\u0e42\u0e23\u0e07\u0e40\u0e23\u0e35\u0e22\u0e19\u0e1a\u0e49\u0e32\u0e19\u0e2b\u0e31\u0e27\u0e19\u0e32\u0e04\u0e33", "name:en": "Ban Hua Na Kham School", "source": "Bing; sign", "osm_id": 148202085, "osm_type": "way"}, "geometry": {"type": "Polygon", "coordinates": [[[103.0460848, 16.8391292], [103.0432053, 16.8386794], [103.0431009, 16.8397574], [103.0435622, 16.839921], [103.0444862, 16.8402191], [103.0448794, 16.8402857], [103.0449157, 16.8402568], [103.0450073, 16.8402634], [103.0450564, 16.8402669], [103.0450866, 16.8402886], [103.0458095, 16.8402959], [103.0463616, 16.8402351], [103.0462269, 16.839697], [103.0460848, 16.8391292]]]}}, {"type": "Feature", "properties": {"addr:district": "\u0e01\u0e23\u0e30\u0e19\u0e27\u0e19", "addr:district:en": "Kranuan", "addr:hamlet": "\u0e2b\u0e21\u0e39\u0e48\u0e17\u0e35\u0e48 3", "addr:province": "\u0e02\u0e2d\u0e19\u0e41\u0e01\u0e48\u0e19", "addr:province:en": "Khon Kaen", "addr:subdistrict": "\u0e2b\u0e19\u0e2d\u0e07\u0e42\u0e19", "addr:subdistrict:en": "Nong No", "amenity": "school", "barrier": "wall", "name": "\u0e42\u0e23\u0e07\u0e40\u0e23\u0e35\u0e22\u0e19\u0e1a\u0e49\u0e32\u0e19\u0e04\u0e33\u0e44\u0e2e\u0e1c\u0e31\u0e01\u0e41\u0e27\u0e48\u0e19", "name:en": "Ban Kham Hai Phakwaen School", "source": "Bing; sign", "osm_id": 155147096, "osm_type": "way"}, "geometry": {"type": "Polygon", "coordinates": [[[103.1046834, 16.739533], [103.1050085, 16.7410896], [103.1064463, 16.7407795], [103.1064409, 16.740009], [103.1060409, 16.7387986], [103.1057419, 16.7389604], [103.1046834, 16.739533]]]}}, {"type": "Feature", "properties": {"addr:district": "\u0e01\u0e23\u0e30\u0e19\u0e27\u0e19", "addr:district:en": "Kranuan", "addr:province": "\u0e02\u0e2d\u0e19\u0e41\u0e01\u0e48\u0e19", "addr:province:en": "Khon Kaen", "addr:subdistrict": "\u0e1a\u0e49\u0e32\u0e19\u0e1d\u0e32\u0e07", "addr:subdistrict:en": "Nong Fang", "amenity": "school", "barrier": "wall", "name": "\u0e42\u0e23\u0e07\u0e40\u0e23\u0e35\u0e22\u0e19\u0e1a\u0e49\u0e32\u0e19\u0e2b\u0e19\u0e2d\u0e07\u0e41\u0e27\u0e07\u0e40\u0e1b\u0e48\u0e07", "name:en": "Ban Nong Waeng Peng School", "source": "Bing; sign", "osm_id": 155147098, "osm_type": "way"}, "geometry": {"type": "Polygon", "coordinates": [[[103.090054, 16.7597576], [103.0901233, 16.7597989], [103.0904714, 16.7597573], [103.0909236, 16.7597209], [103.0907053, 16.7587694], [103.090187, 16.7588588], [103.089996, 16.7588666], [103.0900316, 16.759455], [103.090054, 16.7597576]]]}}, {"type": "Feature", "properties": {"addr:district": "\u0e42\u0e19\u0e19\u0e2a\u0e31\u0e07", "addr:district:en": "Non Sang", "addr:province": "\u0e2b\u0e19\u0e2d\u0e07\u0e1a\u0e31\u0e27\u0e25\u0e33\u0e20\u0e39", "addr:province:en": "Nong Bua Lam Phu", "addr:subdistrict": "\u0e42\u0e19\u0e19\u0e40\u0e21\u0e37\u0e2d\u0e07", "addr:subdistrict:en": "Non Mueang", "amenity": "school", "barrier": "wall", "name": "\u0e42\u0e23\u0e07\u0e40\u0e23\u0e35\u0e22\u0e19\u0e1a\u0e49\u0e32\u0e19\u0e42\u0e19\u0e19\u0e15\u0e32\u0e25", "name:en": "Ban Non Tan School", "source": "Bing; sign", "osm_id": 161445013, "osm_type": "way"}, "geometry": {"type": "Polygon", "coordinates": [[[102.4577473, 16.8568224], [102.4574226, 16.8568726], [102.4565897, 16.8571225], [102.4566363, 16.8575679], [102.4566571, 16.8577666], [102.4578436, 16.857578], [102.4577473, 16.8568224]]]}}, {"type": "Feature", "properties": {"addr:district": "\u0e40\u0e21\u0e37\u0e2d\u0e07\u0e02\u0e2d\u0e19\u0e41\u0e01\u0e19", "addr:district:en": "Mueang Khon Kaen", "addr:hamlet": "\u0e2b\u0e21\u0e39\u0e48\u0e17\u0e35\u0e48 8", "addr:province": "\u0e02\u0e2d\u0e19\u0e41\u0e01\u0e48\u0e19", "addr:province:en": "Khon Kaen", "addr:subdistrict": "\u0e1a\u0e49\u0e32\u0e19\u0e04\u0e49\u0e2d", "addr:subdistrict:en": "Ban Kho", "amenity": "school", "barrier": "wall", "name": "\u0e42\u0e23\u0e07\u0e40\u0e23\u0e35\u0e22\u0e19\u0e1a\u0e49\u0e32\u0e19\u0e0b\u0e33\u0e08\u0e32\u0e19\u0e40\u0e19\u0e34\u0e19\u0e17\u0e2d\u0e07", "name:en": "Ban Sam Chan Noen Thong School", "source": "Bing; sign", "osm_id": 162379341, "osm_type": "way"}, "geometry": {"type": "Polygon", "coordinates": [[[102.7944715, 16.6038638], [102.7954783, 16.6036035], [102.7958317, 16.6035122], [102.795497, 16.6024204], [102.7951256, 16.6025211], [102.7941539, 16.6027844], [102.7942899, 16.6032466], [102.7944715, 16.6038638]]]}}, {"type": "Feature", "properties": {"addr:district": "\u0e40\u0e21\u0e37\u0e2d\u0e07\u0e02\u0e2d\u0e19\u0e41\u0e01\u0e19", "addr:district:en": "Mueang Khon Kaen", "addr:province": "\u0e02\u0e2d\u0e19\u0e41\u0e01\u0e48\u0e19", "addr:province:en": "Khon Kaen", "addr:subdistrict": "\u0e2a\u0e32\u0e27\u0e30\u0e16\u0e35", "addr:subdistrict:en": "Sa Wa Thi", "amenity": "school", "barrier": "wall", "name": "\u0e42\u0e23\u0e07\u0e40\u0e23\u0e35\u0e22\u0e19\u0e1a\u0e49\u0e32\u0e19\u0e25\u0e32\u0e14\u0e19\u0e32\u0e40\u0e1e\u0e35\u0e22\u0e07", "name:en": "Ban Lat Na Phiang School", "source": "Bing; sign", "osm_id": 162379342, "osm_type": "way"}, "geometry": {"type": "Polygon", "coordinates": [[[102.6997857, 16.5748104], [102.6991045, 16.5749985], [102.6990498, 16.5756473], [102.699067, 16.5759907], [102.6990981, 16.5760359], [102.6991582, 16.5760575], [102.6998501, 16.5759866], [102.7001741, 16.5759383], [102.7000037, 16.5754433], [102.6997857, 16.5748104]]]}}, {"type": "Feature", "properties": {"addr:district": "\u0e40\u0e21\u0e37\u0e2d\u0e07\u0e02\u0e2d\u0e19\u0e41\u0e01\u0e19", "addr:district:en": "Mueang Khon Kaen", "addr:hamlet": "\u0e2b\u0e21\u0e39\u0e48\u0e17\u0e35\u0e48 12", "addr:province": "\u0e02\u0e2d\u0e19\u0e41\u0e01\u0e48\u0e19", "addr:province:en": "Khon Kaen", "addr:subdistrict": "\u0e1a\u0e49\u0e32\u0e19\u0e04\u0e49\u0e2d", "addr:subdistrict:en": "Ban Kho", "amenity": "school", "barrier": "fence", "name": "\u0e42\u0e23\u0e07\u0e40\u0e23\u0e35\u0e22\u0e19\u0e1a\u0e49\u0e32\u0e19\u0e2b\u0e19\u0e2d\u0e07\u0e01\u0e38\u0e07\u0e19\u0e49\u0e2d\u0e22", "name:en": "Ban Nong Kung Noi School", "source": "Bing; sign", "osm_id": 162379343, "osm_type": "way"}, "geometry": {"type": "Polygon", "coordinates": [[[102.7057328, 16.6182753], [102.7053687, 16.6183553], [102.7049277, 16.6185136], [102.7048301, 16.6185486], [102.7050258, 16.6192784], [102.7059861, 16.6190342], [102.7057328, 16.6182753]]]}}, {"type": "Feature", "properties": {"addr:district": "\u0e20\u0e39\u0e40\u0e27\u0e35\u0e22\u0e07", "addr:district:en": "Phu Wiang", "addr:province": "\u0e02\u0e2d\u0e19\u0e41\u0e01\u0e48\u0e19", "addr:province:en": "Khon Kaen", "addr:subdistrict": "\u0e14\u0e34\u0e19\u0e14\u0e33", "addr:subdistrict:en": "Dindam", "amenity": "school", "barrier": "wall", "name": "\u0e42\u0e23\u0e07\u0e40\u0e23\u0e35\u0e22\u0e19\u0e1a\u0e49\u0e32\u0e19\u0e01\u0e38\u0e14\u0e14\u0e38\u0e01\u0e27\u0e34\u0e17\u0e22\u0e32", "name:en": "Ban Kut Duk Witthaya School", "source": "Bing; sign", "osm_id": 162950242, "osm_type": "way"}, "geometry": {"type": "Polygon", "coordinates": [[[102.4342095, 16.7641062], [102.4348731, 16.7635793], [102.4352941, 16.7633225], [102.4349531, 16.7627183], [102.4334534, 16.7629527], [102.4337535, 16.7634105], [102.4342095, 16.7641062]]]}}, {"type": "Feature", "properties": {"addr:district": "\u0e2b\u0e19\u0e2d\u0e07\u0e19\u0e32\u0e04\u0e33", "addr:district:en": "Nong Na Kham", "addr:hamlet": "\u0e2b\u0e21\u0e39\u0e48\u0e17\u0e35\u0e48 7", "addr:province": "\u0e02\u0e2d\u0e19\u0e41\u0e01\u0e48\u0e19", "addr:province:en": "Khon Kaen", "addr:subdistrict": "\u0e02\u0e19\u0e27\u0e19", "addr:subdistrict:en": "Khon Won", "amenity": "school", "barrier": "fence", "name": "\u0e42\u0e23\u0e07\u0e40\u0e23\u0e35\u0e22\u0e19\u0e1a\u0e49\u0e32\u0e19\u0e28\u0e32\u0e25\u0e32\u0e14\u0e34\u0e19", "name:en": "Ban Sala Din School", "source": "Bing; sign", "osm_id": 162950243, "osm_type": "way"}, "geometry": {"type": "Polygon", "coordinates": [[[102.3903434, 16.753549], [102.3904209, 16.7533987], [102.3905409, 16.7532299], [102.3907454, 16.7530256], [102.3913785, 16.7526254], [102.3914737, 16.7525375], [102.3915908, 16.751974], [102.3917876, 16.7510262], [102.3903468, 16.7513798], [102.3899642, 16.7514737], [102.3901123, 16.7524025], [102.3903151, 16.7523822], [102.3903028, 16.7535288], [102.3903434, 16.753549]]]}}, {"type": "Feature", "properties": {"addr:district": "\u0e20\u0e39\u0e40\u0e27\u0e35\u0e22\u0e07", "addr:district:en": "Phu Wiang", "addr:hamlet": "\u0e2b\u0e21\u0e39\u0e48\u0e17\u0e35\u0e48 6", "addr:province": "\u0e02\u0e2d\u0e19\u0e41\u0e01\u0e48\u0e19", "addr:province:en": "Khon Kaen", "addr:subdistrict": "\u0e14\u0e34\u0e19\u0e14\u0e33", "addr:subdistrict:en": "Dindam", "amenity": "school", "barrier": "wall", "name": "\u0e42\u0e23\u0e07\u0e40\u0e23\u0e35\u0e22\u0e19\u0e1a\u0e49\u0e32\u0e19\u0e2b\u0e19\u0e2d\u0e07\u0e17\u0e38\u0e48\u0e21\u0e42\u0e19\u0e19\u0e2a\u0e27\u0e23\u0e23\u0e04\u0e4c", "name:en": "Ban Nong Thum Non Sawan School", "source": "Bing; sign", "osm_id": 162950244, "osm_type": "way"}, "geometry": {"type": "Polygon", "coordinates": [[[102.402923, 16.7097232], [102.4028596, 16.7095599], [102.402567, 16.7088066], [102.4025348, 16.7087547], [102.4024832, 16.7087386], [102.4024238, 16.7087386], [102.4023671, 16.7087423], [102.40186, 16.7089423], [102.4016809, 16.7090129], [102.4021207, 16.7099752], [102.402153, 16.7099974], [102.4021826, 16.7099974], [102.4022368, 16.70999], [102.402923, 16.7097232]]]}}, {"type": "Feature", "properties": {"addr:district": "\u0e1a\u0e49\u0e32\u0e19\u0e44\u0e1c\u0e48", "addr:district:en": "Ban Phai", "addr:hamlet": "\u0e2b\u0e21\u0e39\u0e48\u0e17\u0e35\u0e48 2", "addr:province": "\u0e02\u0e2d\u0e19\u0e41\u0e01\u0e48\u0e19", "addr:province:en": "Khon Kaen", "addr:subdistrict": "\u0e20\u0e39\u0e40\u0e2b\u0e25\u0e47\u0e01", "addr:subdistrict:en": "Phu Lek", "amenity": "school", "barrier": "wall", "name": "\u0e42\u0e23\u0e07\u0e40\u0e23\u0e35\u0e22\u0e19\u0e1a\u0e49\u0e32\u0e19\u0e20\u0e39\u0e40\u0e2b\u0e25\u0e47\u0e01", "name:en": "Ban Phu Lek School", "source": "Bing; sign", "osm_id": 163566257, "osm_type": "way"}, "geometry": {"type": "Polygon", "coordinates": [[[102.8369055, 16.1115646], [102.8381748, 16.1111981], [102.8377266, 16.1100181], [102.8364885, 16.1103983], [102.8366417, 16.110788], [102.8369055, 16.1115646]]]}}, {"type": "Feature", "properties": {"addr:district": "\u0e42\u0e19\u0e19\u0e28\u0e34\u0e25\u0e32", "addr:district:en": "Non Sila", "addr:hamlet": "\u0e2b\u0e21\u0e39\u0e48\u0e17\u0e35\u0e48 1", "addr:province": "\u0e02\u0e2d\u0e19\u0e41\u0e01\u0e48\u0e19", "addr:province:en": "Khon Kaen", "addr:subdistrict": "\u0e42\u0e19\u0e19\u0e41\u0e14\u0e07", "addr:subdistrict:en": "Non Daeng", "amenity": "school", "barrier": "wall", "name": "\u0e42\u0e23\u0e07\u0e40\u0e23\u0e35\u0e22\u0e19\u0e1a\u0e49\u0e32\u0e19\u0e42\u0e19\u0e19\u0e41\u0e14\u0e07", "name:en": "Ban Non Daeng School", "source": "Bing; sign", "osm_id": 165811080, "osm_type": "way"}, "geometry": {"type": "Polygon", "coordinates": [[[102.6727272, 16.0036429], [102.6716034, 16.0035798], [102.6718323, 16.0049517], [102.672466, 16.0050019], [102.6725184, 16.0047292], [102.6727272, 16.0036429]]]}}, {"type": "Feature", "properties": {"addr:district": "\u0e40\u0e0a\u0e35\u0e22\u0e07\u0e22\u0e37\u0e19", "addr:district:en": "Chiang Yuen", "addr:province": "\u0e21\u0e2b\u0e32\u0e2a\u0e32\u0e23\u0e04\u0e32\u0e21", "addr:province:en": "Maha Sarakham", "addr:subdistrict": "\u0e40\u0e0a\u0e35\u0e22\u0e07\u0e22\u0e37\u0e19", "addr:subdistrict:en": "Chiang Yuen", "amenity": "school", "barrier": "wall", "name": "\u0e42\u0e23\u0e07\u0e40\u0e23\u0e35\u0e22\u0e19\u0e1a\u0e49\u0e32\u0e19\u0e42\u0e04\u0e01\u0e2a\u0e39\u0e07", "name:en": "Ban Khok Sung School", "name:th": "\u0e42\u0e23\u0e07\u0e40\u0e23\u0e35\u0e22\u0e19\u0e1a\u0e49\u0e32\u0e19\u0e42\u0e04\u0e01\u0e2a\u0e39\u0e07", "source": "Bing; sign", "osm_id": 169068030, "osm_type": "way"}, "geometry": {"type": "Polygon", "coordinates": [[[103.0983665, 16.4019556], [103.0993606, 16.4022018], [103.0996419, 16.4007835], [103.0997019, 16.4004805], [103.0986974, 16.40049], [103.0983665, 16.4019556]]]}}, {"type": "Feature", "properties": {"addr:district": "\u0e40\u0e0a\u0e35\u0e22\u0e07\u0e22\u0e37\u0e19", "addr:district:en": "Chiang Yuen", "addr:province": "\u0e21\u0e2b\u0e32\u0e2a\u0e32\u0e23\u0e04\u0e32\u0e21", "addr:province:en": "Maha Sarakham", "addr:subdistrict": "\u0e2b\u0e19\u0e2d\u0e07\u0e0b\u0e2d\u0e19", "addr:subdistrict:en": "Nong Son", "amenity": "school", "barrier": "wall", "name": "\u0e42\u0e23\u0e07\u0e40\u0e23\u0e35\u0e22\u0e19\u0e44\u0e17\u0e22\u0e23\u0e31\u0e10\u0e27\u0e34\u0e17\u0e22\u0e32 17", "name:en": "Thai Rat Witthaya 17 School", "source": "Bing; sign", "osm_id": 169068031, "osm_type": "way"}, "geometry": {"type": "Polygon", "coordinates": [[[103.1444557, 16.343742], [103.1457477, 16.3438688], [103.1463325, 16.3439261], [103.1461164, 16.3421174], [103.144346, 16.3425692], [103.1444557, 16.343742]]]}}, {"type": "Feature", "properties": {"addr:district": "\u0e1a\u0e49\u0e32\u0e19\u0e41\u0e2e\u0e14", "addr:district:en": "Ban Haet", "addr:province": "\u0e02\u0e2d\u0e19\u0e41\u0e01\u0e48\u0e19", "addr:province:en": "Khon Kaen", "addr:subdistrict": "\u0e42\u0e04\u0e01\u0e2a\u0e33\u0e23\u0e32\u0e0d", "addr:subdistrict:en": "Khok Samran", "amenity": "school", "barrier": "wall", "name": "\u0e42\u0e23\u0e07\u0e40\u0e23\u0e35\u0e22\u0e19\u0e1a\u0e49\u0e32\u0e19\u0e42\u0e04\u0e01\u0e2a\u0e33\u0e23\u0e32\u0e0d", "name:en": "Ban Khok Samran School", "source": "Bing; sign", "osm_id": 171472269, "osm_type": "way"}, "geometry": {"type": "Polygon", "coordinates": [[[102.6982676, 16.1760334], [102.7000792, 16.1760349], [102.7000926, 16.1755753], [102.7001135, 16.174863], [102.6978968, 16.1748489], [102.6980209, 16.1751877], [102.6981769, 16.1757224], [102.6982676, 16.1760334]]]}}, {"type": "Feature", "properties": {"addr:district": "\u0e1a\u0e49\u0e32\u0e19\u0e44\u0e1c\u0e48", "addr:district:en": "Ban Phai", "addr:province": "\u0e02\u0e2d\u0e19\u0e41\u0e01\u0e48\u0e19", "addr:province:en": "Khon Kaen", "addr:subdistrict": "\u0e43\u0e19\u0e40\u0e21\u0e37\u0e2d\u0e07", "addr:subdistrict:en": "Nai Mueang", "amenity": "school", "barrier": "wall", "name": "\u0e42\u0e23\u0e07\u0e40\u0e23\u0e35\u0e22\u0e19\u0e0a\u0e38\u0e21\u0e0a\u0e19\u0e1a\u0e49\u0e32\u0e19\u0e44\u0e1c\u0e48\u0e22\u0e34\u0e48\u0e07\u0e22\u0e07\u0e2d\u0e38\u0e17\u0e34\u0e28", "name:en": "Ban Phai Ying Yong Uthit Community School", "source": "Bing; sign", "osm_id": 171497059, "osm_type": "way"}, "geometry": {"type": "Polygon", "coordinates": [[[102.7141297, 16.0550889], [102.7143778, 16.0550422], [102.7146507, 16.0549909], [102.714674, 16.0549865], [102.7153817, 16.0549672], [102.7152815, 16.0539384], [102.714532, 16.0539103], [102.714485, 16.0539086], [102.7130743, 16.0539291], [102.7130236, 16.0543391], [102.7133473, 16.0545298], [102.7141297, 16.0550889]]]}}, {"type": "Feature", "properties": {"addr:district": "\u0e1a\u0e49\u0e32\u0e19\u0e44\u0e1c\u0e48", "addr:district:en": "Ban Phai", "addr:hamlet": "\u0e2b\u0e21\u0e39\u0e48\u0e17\u0e35\u0e48 5", "addr:province": "\u0e02\u0e2d\u0e19\u0e41\u0e01\u0e48\u0e19", "addr:province:en": "Khon Kaen", "addr:subdistrict": "\u0e2b\u0e31\u0e27\u0e2b\u0e19\u0e2d\u0e07", "addr:subdistrict:en": "Hua Nong", "amenity": "school", "barrier": "wall", "name": "\u0e42\u0e23\u0e07\u0e40\u0e23\u0e35\u0e22\u0e19\u0e1a\u0e49\u0e32\u0e19\u0e2b\u0e19\u0e2d\u0e07\u0e23\u0e49\u0e32\u0e19\u0e2b\u0e0d\u0e49\u0e32\u0e42\u0e19\u0e19\u0e02\u0e48\u0e32", "name:en": "Ban Nong Ran Ya Non Kha School", "source": "Bing; sign", "osm_id": 171497060, "osm_type": "way"}, "geometry": {"type": "Polygon", "coordinates": [[[102.6923868, 16.0662125], [102.6923529, 16.0659806], [102.6923192, 16.0658939], [102.6923049, 16.0658571], [102.6921256, 16.0656211], [102.6918871, 16.0653796], [102.6918513, 16.0653597], [102.6914848, 16.0651558], [102.6906759, 16.0655899], [102.6912998, 16.0666276], [102.6923868, 16.0662125]]]}}, {"type": "Feature", "properties": {"addr:district": "\u0e1a\u0e49\u0e32\u0e19\u0e44\u0e1c\u0e48", "addr:district:en": "Ban Phai", "addr:hamlet": "\u0e2b\u0e21\u0e39\u0e48\u0e17\u0e35\u0e48 8", "addr:province": "\u0e02\u0e2d\u0e19\u0e41\u0e01\u0e48\u0e19", "addr:province:en": "Khon Kaen", "addr:subdistrict": "\u0e1a\u0e49\u0e32\u0e19\u0e44\u0e1c\u0e48", "addr:subdistrict:en": "Ban Phai", "amenity": "school", "barrier": "wall", "name": "\u0e42\u0e23\u0e07\u0e40\u0e23\u0e35\u0e22\u0e19\u0e1a\u0e49\u0e32\u0e19\u0e17\u0e38\u0e48\u0e07\u0e21\u0e19", "name:en": "Ban Thung Mon School", "source": "Bing; sign", "osm_id": 171600771, "osm_type": "way"}, "geometry": {"type": "Polygon", "coordinates": [[[102.7358581, 16.1229423], [102.7364727, 16.1232178], [102.737272, 16.1235763], [102.7374636, 16.1217254], [102.7374813, 16.1215547], [102.7359822, 16.1213756], [102.7358581, 16.1229423]]]}}, {"type": "Feature", "properties": {"addr:district": "\u0e1a\u0e49\u0e32\u0e19\u0e44\u0e1c\u0e48", "addr:district:en": "Ban Phai", "addr:hamlet": "\u0e2b\u0e21\u0e39\u0e48\u0e17\u0e35\u0e48 1", "addr:province": "\u0e02\u0e2d\u0e19\u0e41\u0e01\u0e48\u0e19", "addr:province:en": "Khon Kaen", "addr:subdistrict": "\u0e1a\u0e49\u0e32\u0e19\u0e44\u0e1c\u0e48", "addr:subdistrict:en": "Ban Phai", "amenity": "school", "barrier": "wall", "name": "\u0e42\u0e23\u0e07\u0e40\u0e23\u0e35\u0e22\u0e19\u0e1a\u0e49\u0e32\u0e19\u0e2b\u0e19\u0e2d\u0e07\u0e1c\u0e37\u0e2d\u0e01\u0e2d\u0e1a\u0e07", "name:en": "Ban Nong Phue Ko Bong School", "source": "Bing; sign", "osm_id": 171600774, "osm_type": "way"}, "geometry": {"type": "Polygon", "coordinates": [[[102.7169131, 16.0997192], [102.7178043, 16.0996491], [102.7178761, 16.0982469], [102.7168174, 16.098271], [102.7168273, 16.0985637], [102.7168353, 16.0987997], [102.716904, 16.0996121], [102.7169131, 16.0997192]]]}}, {"type": "Feature", "properties": {"addr:district": "\u0e1e\u0e23\u0e30\u0e22\u0e37\u0e19", "addr:district:en": "Phra Yuen", "addr:hamlet": "\u0e2b\u0e21\u0e39\u0e48\u0e17\u0e35\u0e48 8", "addr:postcode": "40320", "addr:province": "\u0e02\u0e2d\u0e19\u0e41\u0e01\u0e48\u0e19", "addr:province:en": "Khon Kaen", "addr:subdistrict": "\u0e1a\u0e49\u0e32\u0e19\u0e42\u0e15\u0e49\u0e19", "addr:subdistrict:en": "Ban Ton", "amenity": "school", "barrier": "wall", "name": "\u0e42\u0e23\u0e07\u0e40\u0e23\u0e35\u0e22\u0e19\u0e0a\u0e38\u0e21\u0e0a\u0e19\u0e1a\u0e49\u0e32\u0e19\u0e42\u0e15\u0e49\u0e19\u0e28\u0e23\u0e35\u0e1e\u0e34\u0e21\u0e25\u0e27\u0e34\u0e17\u0e22\u0e32", "name:en": "Ban Ton Si Phimon Witthaya Community School", "source": "Bing; sign", "osm_id": 172110552, "osm_type": "way"}, "geometry": {"type": "Polygon", "coordinates": [[[102.7357057, 16.2814809], [102.7356696, 16.2812481], [102.7355629, 16.2805589], [102.7354995, 16.2801498], [102.7342304, 16.2805703], [102.7341859, 16.2805848], [102.7339696, 16.2810911], [102.7347294, 16.2809791], [102.7347959, 16.2815844], [102.7357057, 16.2814809]]]}}, {"type": "Feature", "properties": {"addr:district": "\u0e1e\u0e23\u0e30\u0e22\u0e37\u0e19", "addr:district:en": "Phra Yuen", "addr:hamlet": "\u0e2b\u0e21\u0e39\u0e48\u0e17\u0e35\u0e48 8", "addr:postcode": "40320", "addr:province": "\u0e02\u0e2d\u0e19\u0e41\u0e01\u0e48\u0e19", "addr:province:en": "Khon Kaen", "addr:subdistrict": "\u0e1a\u0e49\u0e32\u0e19\u0e42\u0e15\u0e49\u0e19", "addr:subdistrict:en": "Ban Ton", "amenity": "school", "barrier": "wall", "name": "\u0e42\u0e23\u0e07\u0e40\u0e23\u0e35\u0e22\u0e19\u0e1b\u0e23\u0e30\u0e0a\u0e32\u0e23\u0e31\u0e10\u0e27\u0e34\u0e17\u0e22\u0e32\u0e40\u0e2a\u0e23\u0e34\u0e21", "name:en": "Pracha Rat Witthaya Soem School", "source": "Bing; sign", "osm_id": 172110553, "osm_type": "way"}, "geometry": {"type": "Polygon", "coordinates": [[[102.7299547, 16.2800226], [102.7314742, 16.279387], [102.7326681, 16.2789503], [102.7329531, 16.2788461], [102.7328181, 16.2775961], [102.7310856, 16.2778158], [102.7309587, 16.2780635], [102.7299547, 16.2800226]]]}}, {"type": "Feature", "properties": {"addr:district": "\u0e21\u0e31\u0e0d\u0e08\u0e32\u0e04\u0e35\u0e23\u0e35", "addr:district:en": "Mancha Khiri", "addr:hamlet": "\u0e2b\u0e21\u0e39\u0e48\u0e17\u0e35\u0e48 1", "addr:province": "\u0e02\u0e2d\u0e19\u0e41\u0e01\u0e48\u0e19", "addr:province:en": "Khon Kaen", "addr:subdistrict": "\u0e17\u0e48\u0e32\u0e28\u0e32\u0e25\u0e32", "addr:subdistrict:en": "Tha Sala", "amenity": "school", "barrier": "wall", "name": "\u0e42\u0e23\u0e07\u0e40\u0e23\u0e35\u0e22\u0e19\u0e1a\u0e49\u0e32\u0e19\u0e44\u0e2a\u0e49\u0e44\u0e01\u0e48", "name:en": "Ban Saikai School", "source": "Bing; sign", "osm_id": 172276054, "osm_type": "way"}, "geometry": {"type": "Polygon", "coordinates": [[[102.5831058, 16.2743012], [102.583044, 16.2734188], [102.5830148, 16.2730013], [102.5822941, 16.2732689], [102.5823352, 16.2735771], [102.5824382, 16.2743503], [102.5825001, 16.2743458], [102.5831058, 16.2743012]]]}}, {"type": "Feature", "properties": {"addr:district": "\u0e21\u0e31\u0e0d\u0e08\u0e32\u0e04\u0e35\u0e23\u0e35", "addr:district:en": "Mancha Khiri", "addr:province": "\u0e02\u0e2d\u0e19\u0e41\u0e01\u0e48\u0e19", "addr:province:en": "Khon Kaen", "addr:subdistrict": "\u0e2b\u0e19\u0e2d\u0e07\u0e41\u0e1b\u0e19", "addr:subdistrict:en": "Nong Paen", "amenity": "school", "barrier": "wall", "name": "\u0e42\u0e23\u0e07\u0e40\u0e23\u0e35\u0e22\u0e19\u0e1a\u0e49\u0e32\u0e19\u0e2b\u0e19\u0e2d\u0e07\u0e41\u0e1b\u0e19", "name:en": "Ban Nong Paen School", "source": "Bing; sign", "osm_id": 172401699, "osm_type": "way"}, "geometry": {"type": "Polygon", "coordinates": [[[102.650698, 16.1728602], [102.6505508, 16.1714543], [102.6482093, 16.172071], [102.6482999, 16.173051], [102.6499182, 16.1729222], [102.650698, 16.1728602]]]}}, {"type": "Feature", "properties": {"addr:district": "\u0e21\u0e31\u0e0d\u0e08\u0e32\u0e04\u0e35\u0e23\u0e35", "addr:district:en": "Mancha Khiri", "addr:hamlet": "\u0e2b\u0e21\u0e39\u0e48\u0e17\u0e35\u0e48 1; \u0e2b\u0e21\u0e39\u0e48\u0e17\u0e35\u0e48 14", "addr:province": "\u0e02\u0e2d\u0e19\u0e41\u0e01\u0e48\u0e19", "addr:province:en": "Khon Kaen", "addr:subdistrict": "\u0e2b\u0e19\u0e2d\u0e07\u0e41\u0e1b\u0e19", "addr:subdistrict:en": "Nong Paen", "amenity": "school", "barrier": "wall", "name": "\u0e42\u0e23\u0e07\u0e40\u0e23\u0e35\u0e22\u0e19\u0e1a\u0e49\u0e32\u0e19\u0e2b\u0e19\u0e2d\u0e07\u0e44\u0e2b", "name:en": "Ban Nong Hai School", "source": "Bing; sign", "osm_id": 172401700, "osm_type": "way"}, "geometry": {"type": "Polygon", "coordinates": [[[102.6622644, 16.2071868], [102.6620952, 16.2066686], [102.6608887, 16.2070687], [102.6610623, 16.2076966], [102.6618999, 16.2073414], [102.6622644, 16.2071868]]]}}, {"type": "Feature", "properties": {"amenity": "school", "source": "Bing", "osm_id": 176303052, "osm_type": "way"}, "geometry": {"type": "Polygon", "coordinates": [[[102.4298667, 16.6227065], [102.4312046, 16.6226082], [102.4312486, 16.6225486], [102.4310071, 16.6214613], [102.4298411, 16.6216665], [102.4298667, 16.6227065]]]}}, {"type": "Feature", "properties": {"addr:district": "\u0e20\u0e39\u0e40\u0e27\u0e35\u0e22\u0e07", "addr:district:en": "Phu Wiang", "addr:hamlet": "\u0e2b\u0e21\u0e39\u0e48\u0e17\u0e35\u0e48 1", "addr:province": "\u0e02\u0e2d\u0e19\u0e41\u0e01\u0e48\u0e19", "addr:province:en": "Khon Kaen", "addr:subdistrict": "\u0e1a\u0e49\u0e32\u0e19\u0e40\u0e23\u0e37\u0e2d", "addr:subdistrict:en": "Ban Ruea", "amenity": "school", "name": "\u0e42\u0e23\u0e07\u0e40\u0e23\u0e35\u0e22\u0e19\u0e1a\u0e49\u0e32\u0e19\u0e40\u0e23\u0e37\u0e2d", "name:en": "Ban Ruea School", "source": "Bing; sign", "osm_id": 176631960, "osm_type": "way"}, "geometry": {"type": "Polygon", "coordinates": [[[102.4032812, 16.6768175], [102.4039392, 16.6767612], [102.4044716, 16.6766493], [102.4045117, 16.6761849], [102.4042109, 16.6752456], [102.4039089, 16.6750599], [102.4028131, 16.6755953], [102.4032812, 16.6768175]]]}}, {"type": "Feature", "properties": {"addr:district": "\u0e42\u0e01\u0e2a\u0e38\u0e21\u0e1e\u0e34\u0e2a\u0e31\u0e22", "addr:district:en": "Kosum Phisai", "addr:province": "\u0e21\u0e2b\u0e32\u0e2a\u0e32\u0e23\u0e04\u0e32\u0e21", "addr:province:en": "Maha Sarakham", "addr:subdistrict": "\u0e22\u0e32\u0e07\u0e19\u0e49\u0e2d\u0e22", "addr:subdistrict:en": "Yang Noi", "amenity": "school", "barrier": "wall", "name": "\u0e42\u0e23\u0e07\u0e40\u0e23\u0e35\u0e22\u0e19\u0e1a\u0e49\u0e32\u0e19\u0e22\u0e32\u0e07\u0e19\u0e49\u0e2d\u0e22", "name:en": "Ban Yang Noi School", "source": "Bing; sign", "osm_id": 182012841, "osm_type": "way"}, "geometry": {"type": "Polygon", "coordinates": [[[103.1004735, 16.2918458], [103.1004046, 16.291643], [103.1001313, 16.2908384], [103.0993741, 16.2911096], [103.0991856, 16.2911771], [103.0993827, 16.2919866], [103.0996974, 16.2919822], [103.100223, 16.2918898], [103.1004735, 16.2918458]]]}}, {"type": "Feature", "properties": {"addr:district": "\u0e42\u0e01\u0e2a\u0e38\u0e21\u0e1e\u0e34\u0e2a\u0e31\u0e22", "addr:district:en": "Kosum Phisai", "addr:province": "\u0e21\u0e2b\u0e32\u0e2a\u0e32\u0e23\u0e04\u0e32\u0e21", "addr:province:en": "Maha Sarakham", "addr:subdistrict": "\u0e22\u0e32\u0e07\u0e19\u0e49\u0e2d\u0e22", "addr:subdistrict:en": "Yang Noi", "amenity": "school", "name": "\u0e42\u0e23\u0e07\u0e40\u0e23\u0e35\u0e22\u0e19\u0e1a\u0e49\u0e32\u0e19\u0e42\u0e19\u0e19\u0e19\u0e01\u0e2b\u0e2d", "name:en": "Ban Non Nok Ho School", "source": "Bing; sign", "osm_id": 182012842, "osm_type": "way"}, "geometry": {"type": "Polygon", "coordinates": [[[103.0760637, 16.308786], [103.0755733, 16.3088897], [103.0753918, 16.3090079], [103.0751152, 16.3093853], [103.0750353, 16.309547], [103.0750137, 16.3099431], [103.0750526, 16.3102604], [103.0755149, 16.3103703], [103.0758325, 16.3102625], [103.0761631, 16.3099452], [103.0762566, 16.3097825], [103.0760637, 16.308786]]]}}, {"type": "Feature", "properties": {"addr:district": "\u0e42\u0e01\u0e2a\u0e38\u0e21\u0e1e\u0e34\u0e2a\u0e31\u0e22", "addr:district:en": "Kosum Phisai", "addr:province": "\u0e21\u0e2b\u0e32\u0e2a\u0e32\u0e23\u0e04\u0e32\u0e21", "addr:province:en": "Maha Sarakham", "addr:subdistrict": "\u0e41\u0e2b\u0e48\u0e43\u0e15\u0e49", "addr:subdistrict:en": "Hae Tai", "amenity": "school", "barrier": "wall", "name": "\u0e42\u0e23\u0e07\u0e40\u0e23\u0e35\u0e22\u0e19\u0e1a\u0e49\u0e32\u0e19\u0e14\u0e2d\u0e19\u0e2a\u0e31\u0e19\u0e15\u0e34", "name:en": "Ban Don Santi School", "source": "Bing; sign", "osm_id": 182339604, "osm_type": "way"}, "geometry": {"type": "Polygon", "coordinates": [[[103.1503074, 16.3127716], [103.1507008, 16.3139827], [103.151832, 16.3136848], [103.1515339, 16.3128212], [103.1513835, 16.3128151], [103.1503708, 16.3127742], [103.1503074, 16.3127716]]]}}, {"type": "Feature", "properties": {"addr:district": "\u0e40\u0e21\u0e37\u0e2d\u0e07\u0e21\u0e2b\u0e32\u0e2a\u0e32\u0e23\u0e04\u0e32\u0e21", "addr:district:en": "Mueang Maha Sarakham", "addr:province": "\u0e21\u0e2b\u0e32\u0e2a\u0e32\u0e23\u0e04\u0e32\u0e21", "addr:province:en": "Maha Sarakham", "addr:subdistrict": "\u0e41\u0e01\u0e48\u0e07\u0e40\u0e25\u0e34\u0e07\u0e08\u0e32\u0e19", "addr:subdistrict:en": "Kaeng Loeng Chan", "amenity": "school", "barrier": "wall", "name": "\u0e42\u0e23\u0e07\u0e40\u0e23\u0e35\u0e22\u0e19\u0e1a\u0e49\u0e32\u0e19\u0e2b\u0e19\u0e2d\u0e07\u0e43\u0e2b\u0e0d\u0e48", "name:en": "Ban Nong Yai School", "source": "Bing; sign", "osm_id": 182678637, "osm_type": "way"}, "geometry": {"type": "Polygon", "coordinates": [[[103.2299775, 16.146338], [103.2304898, 16.1461783], [103.2303664, 16.1457378], [103.2303436, 16.1456566], [103.2299534, 16.1456424], [103.2299426, 16.1455819], [103.2290079, 16.1457429], [103.2290615, 16.1460611], [103.2298984, 16.1460018], [103.2299775, 16.146338]]]}}, {"type": "Feature", "properties": {"addr:district": "\u0e42\u0e01\u0e2a\u0e38\u0e21\u0e1e\u0e34\u0e2a\u0e31\u0e22", "addr:district:en": "Kosum Phisai", "addr:province": "\u0e21\u0e2b\u0e32\u0e2a\u0e32\u0e23\u0e04\u0e32\u0e21", "addr:province:en": "Maha Sarakham", "addr:subdistrict": "\u0e14\u0e2d\u0e19\u0e01\u0e25\u0e32\u0e07", "addr:subdistrict:en": "Don Klang", "amenity": "school", "barrier": "wall", "name": "\u0e42\u0e23\u0e07\u0e40\u0e23\u0e35\u0e22\u0e19\u0e1a\u0e49\u0e32\u0e19\u0e27\u0e31\u0e07\u0e08\u0e32\u0e19", "name:en": "Ban Wang Chan School", "source": "Bing; sign", "osm_id": 183000188, "osm_type": "way"}, "geometry": {"type": "Polygon", "coordinates": [[[102.9247136, 16.1806498], [102.9247673, 16.1806353], [102.9261915, 16.1802507], [102.9261481, 16.18007], [102.9260381, 16.1796121], [102.9259601, 16.1792878], [102.9245469, 16.1796725], [102.924527, 16.1796988], [102.9247136, 16.1806498]]]}}, {"type": "Feature", "properties": {"addr:district": "\u0e1a\u0e49\u0e32\u0e19\u0e1d\u0e32\u0e07", "addr:district:en": "Ban Fang", "addr:hamlet": "\u0e2b\u0e21\u0e39\u0e48\u0e17\u0e35\u0e48 8", "addr:province": "\u0e02\u0e2d\u0e19\u0e41\u0e01\u0e48\u0e19", "addr:province:en": "Khon Kaen", "addr:subdistrict": "\u0e1b\u0e48\u0e32\u0e21\u0e30\u0e19\u0e32\u0e27", "addr:subdistrict:en": "Pa Manao", "amenity": "school", "building": "yes", "name": "\u0e42\u0e23\u0e07\u0e40\u0e23\u0e35\u0e22\u0e19\u0e1a\u0e49\u0e32\u0e19\u0e2b\u0e19\u0e2d\u0e07\u0e04\u0e25\u0e2d\u0e07", "name:en": "Ban Nong Khlong School", "source": "Bing; sign", "osm_id": 186770072, "osm_type": "way"}, "geometry": {"type": "Polygon", "coordinates": [[[102.6047499, 16.3627549], [102.6048627, 16.3627574], [102.6048717, 16.3623878], [102.604759, 16.3623853], [102.6047499, 16.3627549]]]}}, {"type": "Feature", "properties": {"amenity": "school", "source": "Bing; survey", "osm_id": 259684669, "osm_type": "way"}, "geometry": {"type": "Polygon", "coordinates": [[[102.8381225, 16.4020764], [102.8381128, 16.4020524], [102.8380073, 16.4016807], [102.8379699, 16.4015691], [102.8379152, 16.4013874], [102.8392371, 16.4013189], [102.8392509, 16.401504], [102.8392826, 16.4019305], [102.8381359, 16.4021231], [102.8381225, 16.4020764]]]}}, {"type": "Feature", "properties": {"amenity": "school", "source": "Bing", "osm_id": 261636781, "osm_type": "way"}, "geometry": {"type": "Polygon", "coordinates": [[[102.8342587, 16.4075729], [102.834253, 16.407596], [102.8349538, 16.4076158], [102.8350368, 16.4071815], [102.8345161, 16.4070597], [102.8343542, 16.4073274], [102.8342587, 16.4075729]]]}}, {"type": "Feature", "properties": {"amenity": "hospital", "building": "hospital", "healthcare": "hospital", "name": "\u0e28\u0e39\u0e19\u0e22\u0e4c\u0e41\u0e1e\u0e17\u0e22\u0e4c\u0e0a\u0e32\u0e15\u0e30\u0e1c\u0e14\u0e38\u0e07", "name:en": "Chata Phadung Health Center", "name:th": "\u0e28\u0e39\u0e19\u0e22\u0e4c\u0e41\u0e1e\u0e17\u0e22\u0e4c\u0e0a\u0e32\u0e15\u0e30\u0e1c\u0e14\u0e38\u0e07", "operator": "Khon Kaen Hospital", "source": "Bing; sign", "osm_id": 264250395, "osm_type": "way"}, "geometry": {"type": "Polygon", "coordinates": [[[102.8496441, 16.4200735], [102.8493902, 16.4200682], [102.849388, 16.4201626], [102.849642, 16.4201679], [102.8496441, 16.4200735]]]}}, {"type": "Feature", "properties": {"amenity": "school", "barrier": "fence", "fence_type": "wire", "name": "\u0e42\u0e23\u0e07\u0e40\u0e23\u0e35\u0e22\u0e19\u0e40\u0e17\u0e28\u0e1a\u0e32\u0e25\u0e1a\u0e49\u0e32\u0e19\u0e42\u0e19\u0e19\u0e17\u0e31\u0e19", "name:en": "Nonthun Municipal School", "name:th": "\u0e42\u0e23\u0e07\u0e40\u0e23\u0e35\u0e22\u0e19\u0e40\u0e17\u0e28\u0e1a\u0e32\u0e25\u0e1a\u0e49\u0e32\u0e19\u0e42\u0e19\u0e19\u0e17\u0e31\u0e19", "phone": "+6643225297", "source": "Bing; sign", "website": "http://www.nonthun.ac.th/", "osm_id": 264250398, "osm_type": "way"}, "geometry": {"type": "Polygon", "coordinates": [[[102.8479461, 16.4217902], [102.8477687, 16.422199], [102.84831, 16.422148], [102.8486618, 16.4220668], [102.848954, 16.4220134], [102.8497944, 16.4219321], [102.8497555, 16.4217323], [102.8496425, 16.4210748], [102.8496332, 16.4208521], [102.8496535, 16.4202561], [102.8496684, 16.4200391], [102.8486696, 16.4198036], [102.8479461, 16.4217902]]]}}, {"type": "Feature", "properties": {"amenity": "school", "name": "\u0e42\u0e23\u0e07\u0e40\u0e23\u0e35\u0e22\u0e19\u0e1a\u0e49\u0e32\u0e19\u0e27\u0e31\u0e07\u0e22\u0e32\u0e27\u0e27\u0e34\u0e17\u0e22\u0e32\u0e22\u0e19", "name:en": "Wang Yao Witthayayon School", "osm_id": 314111334, "osm_type": "way"}, "geometry": {"type": "Polygon", "coordinates": [[[102.9200301, 16.2375001], [102.9210666, 16.2369201], [102.9211645, 16.2368933], [102.9215736, 16.2380326], [102.9217291, 16.2385012], [102.9207099, 16.2389648], [102.9200849, 16.2376308], [102.9200301, 16.2375001]]]}}, {"type": "Feature", "properties": {"amenity": "hospital", "emergency": "yes", "healthcare": "hospital", "name": "\u0e42\u0e23\u0e07\u0e1e\u0e22\u0e32\u0e1a\u0e32\u0e25\u0e02\u0e2d\u0e19\u0e41\u0e01\u0e48\u0e19\u0e23\u0e32\u0e21", "name:en": "Khon Kaen Ram Hospital", "name:th": "\u0e42\u0e23\u0e07\u0e1e\u0e22\u0e32\u0e1a\u0e32\u0e25\u0e02\u0e2d\u0e19\u0e41\u0e01\u0e48\u0e19\u0e23\u0e32\u0e21", "source": "GPS; sign", "website": "https://www.khonkaenram.com/", "wikidata": "Q19421817", "osm_id": 403613179, "osm_type": "way"}, "geometry": {"type": "Polygon", "coordinates": [[[102.8217662, 16.4325052], [102.8222272, 16.4333506], [102.821751, 16.4334526], [102.8211888, 16.4335862], [102.8210185, 16.4342195], [102.8208807, 16.4347054], [102.820857, 16.4347668], [102.8207896, 16.4347246], [102.8199052, 16.4341001], [102.8202741, 16.4330962], [102.8203452, 16.4327211], [102.8208541, 16.4326422], [102.8217662, 16.4325052]]]}}, {"type": "Feature", "properties": {"amenity": "school", "name": "\u0e42\u0e23\u0e07\u0e40\u0e23\u0e35\u0e22\u0e19\u0e1a\u0e49\u0e32\u0e19\u0e01\u0e38\u0e14\u0e40\u0e0a\u0e35\u0e22\u0e07\u0e21\u0e35", "name:en": "Rongrian Ban Kut Chiang Mi ", "osm_id": 426064724, "osm_type": "way"}, "geometry": {"type": "Polygon", "coordinates": [[[102.6944276, 16.7731161], [102.6961456, 16.7727065], [102.6962684, 16.7733056], [102.6963542, 16.7734854], [102.6964669, 16.7736343], [102.6969234, 16.7741651], [102.6950024, 16.7745023], [102.694466, 16.7732953], [102.6944276, 16.7731161]]]}}, {"type": "Feature", "properties": {"amenity": "school", "name": "\u0e42\u0e23\u0e07\u0e40\u0e23\u0e35\u0e22\u0e19\u0e1a\u0e49\u0e32\u0e19\u0e40\u0e21\u0e48\u0e19\u0e43\u0e2b\u0e0d\u0e48", "name:en": "Ban Men Yai School", "osm_id": 435113687, "osm_type": "way"}, "geometry": {"type": "Polygon", "coordinates": [[[103.2449144, 16.1556506], [103.2457942, 16.1554703], [103.2461179, 16.1563689], [103.2448412, 16.1565286], [103.2449144, 16.1556506]]]}}, {"type": "Feature", "properties": {"addr:district": "\u0e40\u0e21\u0e37\u0e2d\u0e07\u0e21\u0e2b\u0e32\u0e2a\u0e32\u0e23\u0e04\u0e32\u0e21", "addr:district:en": "Mueang Maha Sarakham", "addr:province": "\u0e21\u0e2b\u0e32\u0e2a\u0e32\u0e23\u0e04\u0e32\u0e21", "addr:province:en": "Maha Sarakham", "addr:subdistrict": "\u0e41\u0e01\u0e48\u0e07\u0e40\u0e25\u0e34\u0e07\u0e08\u0e32\u0e19", "addr:subdistrict:en": "Kaeng Loeng Chan", "amenity": "school", "name": "\u0e42\u0e23\u0e07\u0e40\u0e23\u0e35\u0e22\u0e19\u0e0a\u0e38\u0e21\u0e0a\u0e19\u0e1a\u0e49\u0e32\u0e19\u0e2b\u0e19\u0e2d\u0e07\u0e08\u0e34\u0e01\u0e17\u0e48\u0e32\u0e41\u0e23\u0e48", "name:en": "Ban Nong Chik Tha Rae Community School", "source": "Bing;sign", "osm_id": 435245602, "osm_type": "way"}, "geometry": {"type": "Polygon", "coordinates": [[[103.2656937, 16.1480984], [103.2655947, 16.1479972], [103.265539, 16.1479402], [103.2643124, 16.1466983], [103.2642396, 16.1466239], [103.2652717, 16.1456932], [103.2667189, 16.147174], [103.2656937, 16.1480984]]]}}, {"type": "Feature", "properties": {"amenity": "school", "name": "\u0e42\u0e23\u0e07\u0e40\u0e23\u0e35\u0e22\u0e19\u0e17\u0e48\u0e32\u0e02\u0e2d\u0e19\u0e22\u0e32\u0e07\u0e1e\u0e34\u0e17\u0e22\u0e32\u0e04\u0e21", "name:en": "Tha Khon Yang School", "osm_id": 435422350, "osm_type": "way"}, "geometry": {"type": "Polygon", "coordinates": [[[103.2529713, 16.2449942], [103.253084, 16.2439822], [103.2531591, 16.2433745], [103.2531403, 16.2426571], [103.2531054, 16.2421693], [103.2545431, 16.2410568], [103.2564448, 16.2431515], [103.2550381, 16.243827], [103.2547577, 16.2439616], [103.2544036, 16.2440646], [103.2529713, 16.2449942]]]}}, {"type": "Feature", "properties": {"amenity": "school", "name": "\u0e42\u0e23\u0e07\u0e40\u0e23\u0e35\u0e22\u0e19\u0e1a\u0e49\u0e32\u0e19\u0e21\u0e30\u0e01\u0e2d\u0e01", "name:en": "Ban Makok School", "osm_id": 435427831, "osm_type": "way"}, "geometry": {"type": "Polygon", "coordinates": [[[103.2300657, 16.2202789], [103.2299771, 16.2191215], [103.2300259, 16.2191115], [103.2313209, 16.2188469], [103.2313968, 16.219662], [103.2314221, 16.2199338], [103.2300657, 16.2202789]]]}}, {"type": "Feature", "properties": {"amenity": "school", "name": "\u0e42\u0e23\u0e07\u0e40\u0e23\u0e35\u0e22\u0e19\u0e2d\u0e19\u0e38\u0e1a\u0e32\u0e25\u0e21\u0e2b\u0e32\u0e44\u0e16\u0e48\u0e28\u0e36\u0e01\u0e29\u0e32\u0e1a\u0e49\u0e32\u0e19\u0e44\u0e1c\u0e48", "osm_id": 490173946, "osm_type": "way"}, "geometry": {"type": "Polygon", "coordinates": [[[102.733839, 16.0696258], [102.7348384, 16.0692218], [102.7349339, 16.069432], [102.7352081, 16.0693535], [102.7353668, 16.0698894], [102.7341329, 16.0703305], [102.733839, 16.0696258]]]}}, {"type": "Feature", "properties": {"amenity": "school", "name": "\u0e42\u0e23\u0e07\u0e40\u0e23\u0e35\u0e22\u0e19\u0e21\u0e2b\u0e32\u0e44\u0e16\u0e48\u0e1a\u0e49\u0e32\u0e19\u0e44\u0e1c\u0e48", "osm_id": 490173949, "osm_type": "way"}, "geometry": {"type": "Polygon", "coordinates": [[[102.7312259, 16.0668518], [102.7316497, 16.0667279], [102.7315566, 16.0664748], [102.7315205, 16.0664051], [102.7314184, 16.0661628], [102.7313695, 16.0660467], [102.7320303, 16.0659235], [102.732409, 16.0668814], [102.7327002, 16.0676585], [102.7327572, 16.0678007], [102.731685, 16.0681248], [102.731342, 16.0671218], [102.7312259, 16.0668518]]]}}, {"type": "Feature", "properties": {"amenity": "school", "name": "\u0e1a\u0e49\u0e32\u0e19\u0e44\u0e1c\u0e48 \u0e02\u0e01.5", "osm_id": 490173957, "osm_type": "way"}, "geometry": {"type": "Polygon", "coordinates": [[[102.7322615, 16.0719021], [102.7324149, 16.0718502], [102.7341613, 16.0712444], [102.7335706, 16.0697858], [102.731675, 16.0703686], [102.7322615, 16.0719021]]]}}, {"type": "Feature", "properties": {"amenity": "school", "name": "\u0e1a\u0e49\u0e32\u0e19\u0e44\u0e1c\u0e48 \u0e02\u0e01.10", "osm_id": 490173960, "osm_type": "way"}, "geometry": {"type": "Polygon", "coordinates": [[[102.7332382, 16.0739685], [102.7349729, 16.0732533], [102.7341613, 16.0712444], [102.7324149, 16.0718502], [102.7322615, 16.0719021], [102.7332382, 16.0739685]]]}}, {"type": "Feature", "properties": {"amenity": "school", "name": "\u0e42\u0e23\u0e07\u0e40\u0e23\u0e35\u0e22\u0e19\u0e01\u0e23\u0e38\u0e13\u0e32\u0e28\u0e36\u0e01\u0e29\u0e32", "osm_id": 490175004, "osm_type": "way"}, "geometry": {"type": "Polygon", "coordinates": [[[102.728238, 16.0560792], [102.7284259, 16.0560082], [102.7284612, 16.0561322], [102.7284883, 16.0562274], [102.7284961, 16.0562549], [102.7289847, 16.0561461], [102.728917, 16.0560114], [102.728841, 16.0558057], [102.7292333, 16.0556466], [102.729341, 16.0556055], [102.7295412, 16.0556561], [102.7295751, 16.0556647], [102.7295948, 16.0556414], [102.7298031, 16.0553953], [102.7299615, 16.055106], [102.7297748, 16.0550486], [102.729531, 16.0545818], [102.729236, 16.0547077], [102.7292609, 16.0547824], [102.7290699, 16.0549156], [102.7292147, 16.0551229], [102.7290892, 16.055174], [102.7290329, 16.0551969], [102.7291542, 16.0553875], [102.7287186, 16.0555078], [102.7287433, 16.0555877], [102.7286718, 16.0556228], [102.7281702, 16.055869], [102.728238, 16.0560792]]]}}, {"type": "Feature", "properties": {"amenity": "school", "name": "Ban Non Udom School", "osm_id": 501544592, "osm_type": "way"}, "geometry": {"type": "Polygon", "coordinates": [[[102.559513, 16.7046722], [102.5594887, 16.7045442], [102.5601045, 16.7044588], [102.5600154, 16.7038457], [102.5589782, 16.7039311], [102.5590836, 16.7047188], [102.559513, 16.7046722]]]}}, {"type": "Feature", "properties": {"amenity": "school", "name": "\u0e42\u0e23\u0e07\u0e40\u0e23\u0e35\u0e22\u0e19\u0e42\u0e19\u0e19\u0e2d\u0e38\u0e14\u0e21\u0e2a\u0e30\u0e2d\u0e32\u0e14\u0e27\u0e34\u0e17\u0e22\u0e32", "name:en": "Non Udon Sa-At Wittaya School", "osm_id": 501545664, "osm_type": "way"}, "geometry": {"type": "Polygon", "coordinates": [[[102.5589194, 16.7039021], [102.5598801, 16.7037845], [102.5598255, 16.7032696], [102.558783, 16.7033506], [102.5589194, 16.7039021]]]}}, {"type": "Feature", "properties": {"amenity": "school", "name": "Ban Non Kradao School", "osm_id": 501557037, "osm_type": "way"}, "geometry": {"type": "Polygon", "coordinates": [[[102.5484497, 16.7283006], [102.5495467, 16.7284008], [102.5493053, 16.7294283], [102.5482861, 16.7292228], [102.5484497, 16.7283006]]]}}, {"type": "Feature", "properties": {"amenity": "hospital", "building": "yes", "name": "Health Centre", "osm_id": 501578803, "osm_type": "way"}, "geometry": {"type": "Polygon", "coordinates": [[[102.5591142, 16.702811], [102.559353, 16.7027776], [102.5593664, 16.7028778], [102.55931, 16.7028829], [102.5593127, 16.7029112], [102.5592752, 16.7029163], [102.5592752, 16.702942], [102.5592108, 16.7029497], [102.5592108, 16.7029189], [102.5591733, 16.702924], [102.5591652, 16.7028906], [102.5591196, 16.7028932], [102.5591142, 16.702811]]]}}, {"type": "Feature", "properties": {"amenity": "hospital", "name": "\u0e42\u0e23\u0e07\u0e1e\u0e22\u0e32\u0e02\u0e32\u0e25\u0e2a\u0e34\u0e23\u0e34\u0e19\u0e18\u0e23", "name:en": "Sirinthon Hospital", "source": "Bing; sign", "osm_id": 545774592, "osm_type": "way"}, "geometry": {"type": "Polygon", "coordinates": [[[102.7726868, 16.2498181], [102.7732163, 16.2513024], [102.7723258, 16.2515697], [102.7714074, 16.2511494], [102.7711155, 16.2503532], [102.7726868, 16.2498181]]]}}, {"type": "Feature", "properties": {"addr:country": "TH", "addr:district": "\u0e1a\u0e49\u0e32\u0e19\u0e44\u0e1c\u0e48", "addr:district:en": "Ban Phai", "addr:province": "\u0e02\u0e2d\u0e19\u0e41\u0e01\u0e48\u0e19", "addr:province:en": "Khon Kaen", "addr:subdistrict": "\u0e43\u0e19\u0e40\u0e21\u0e37\u0e2d\u0e07", "addr:subdistrict:en": "Nai Mueang", "amenity": "hospital", "healthcare": "hospital", "name": "\u0e42\u0e23\u0e07\u0e1e\u0e22\u0e32\u0e1a\u0e32\u0e25\u0e1a\u0e49\u0e32\u0e19\u0e44\u0e1c\u0e48 \u0e40\u0e01\u0e48\u0e32", "name:en": "Ban Phai Hospital", "source": "Bing;sign", "osm_id": 545786144, "osm_type": "way"}, "geometry": {"type": "Polygon", "coordinates": [[[102.7307719, 16.0582326], [102.7309639, 16.0589208], [102.7301283, 16.0590801], [102.7295424, 16.0592357], [102.7293082, 16.0586262], [102.7307719, 16.0582326]]]}}, {"type": "Feature", "properties": {"amenity": "hospital", "barrier": "wall", "healthcare": "hospital", "name": "\u0e42\u0e23\u0e07\u0e1e\u0e22\u0e32\u0e1a\u0e32\u0e25\u0e08\u0e34\u0e15\u0e40\u0e27\u0e0a\u0e02\u0e2d\u0e19\u0e41\u0e01\u0e48\u0e19\u0e23\u0e32\u0e0a\u0e19\u0e04\u0e23\u0e34\u0e19\u0e17\u0e23\u0e4c", "name:en": "Khon Kaen Rajanagarindra Psychiatric Hospital", "name:th": "\u0e42\u0e23\u0e07\u0e1e\u0e22\u0e32\u0e1a\u0e32\u0e25\u0e08\u0e34\u0e15\u0e40\u0e27\u0e0a\u0e02\u0e2d\u0e19\u0e41\u0e01\u0e48\u0e19\u0e23\u0e32\u0e0a\u0e19\u0e04\u0e23\u0e34\u0e19\u0e17\u0e23\u0e4c", "source": "Bing; sign", "osm_id": 549066257, "osm_type": "way"}, "geometry": {"type": "Polygon", "coordinates": [[[102.8485596, 16.4263329], [102.8501335, 16.4258129], [102.8505546, 16.4256813], [102.8498787, 16.424611], [102.8492832, 16.4240193], [102.8494066, 16.4238752], [102.8495353, 16.4232835], [102.8490901, 16.4232372], [102.8484517, 16.4232783], [102.8482211, 16.4232372], [102.847513, 16.4230622], [102.8474754, 16.4233246], [102.8480333, 16.4265097], [102.8485596, 16.4263329]]]}}, {"type": "Feature", "properties": {"addr:district": "\u0e1a\u0e49\u0e32\u0e19\u0e44\u0e1c\u0e48", "addr:district:en": "Ban Phai", "addr:hamlet": "\u0e2b\u0e21\u0e39\u0e48\u0e17\u0e35\u0e48 2", "addr:province": "\u0e02\u0e2d\u0e19\u0e41\u0e01\u0e48\u0e19", "addr:province:en": "Khon Kaen", "addr:subdistrict": "\u0e40\u0e21\u0e37\u0e2d\u0e07\u0e40\u0e1e\u0e35\u0e22", "addr:subdistrict:en": "Mueang Phia", "amenity": "hospital", "building": "yes", "name": "\u0e42\u0e23\u0e07\u0e1e\u0e22\u0e32\u0e1a\u0e32\u0e25 \u0e15\u0e33\u0e1a\u0e25\u0e40\u0e21\u0e37\u0e2d\u0e07\u0e40\u0e1e\u0e35\u0e22", "name:en": "Mueang Phia Subdistrict Hospital", "source": "DigitalGlobe-Premium", "osm_id": 653975069, "osm_type": "way"}, "geometry": {"type": "Polygon", "coordinates": [[[102.6571995, 16.0785994], [102.6571388, 16.0784979], [102.6569532, 16.0786005], [102.6570431, 16.0787508], [102.6571822, 16.0786739], [102.657153, 16.0786251], [102.6571995, 16.0785994]]]}}, {"type": "Feature", "properties": {"amenity": "school", "osm_id": 656666674, "osm_type": "way"}, "geometry": {"type": "Polygon", "coordinates": [[[103.2451275, 16.1564174], [103.2451024, 16.1563124], [103.2454523, 16.1562458], [103.24547, 16.156355], [103.2451275, 16.1564174]]]}}, {"type": "Feature", "properties": {"amenity": "school", "osm_id": 656666675, "osm_type": "way"}, "geometry": {"type": "Polygon", "coordinates": [[[103.245532, 16.156328], [103.2455084, 16.156233], [103.245783, 16.1561806], [103.2458036, 16.1562798], [103.245532, 16.156328]]]}}, {"type": "Feature", "properties": {"amenity": "school", "osm_id": 656666676, "osm_type": "way"}, "geometry": {"type": "Polygon", "coordinates": [[[103.2450346, 16.1563029], [103.2451397, 16.1562836], [103.2450704, 16.1558623], [103.2449607, 16.1558795], [103.2450346, 16.1563029]]]}}, {"type": "Feature", "properties": {"amenity": "school", "osm_id": 656666677, "osm_type": "way"}, "geometry": {"type": "Polygon", "coordinates": [[[103.2458603, 16.1563416], [103.2458334, 16.1561868], [103.2459095, 16.1561697], [103.245952, 16.1563223], [103.2458603, 16.1563416]]]}}, {"type": "Feature", "properties": {"amenity": "school", "osm_id": 656666678, "osm_type": "way"}, "geometry": {"type": "Polygon", "coordinates": [[[103.2459722, 16.1563137], [103.2459274, 16.1561503], [103.2460035, 16.156131], [103.246055, 16.1562943], [103.2459722, 16.1563137]]]}}, {"type": "Feature", "properties": {"amenity": "hospital", "building": "yes", "name": "\u0e42\u0e23\u0e07\u0e1e\u0e22\u0e32\u0e02\u0e32\u0e25\u0e0b\u0e33\u0e2a\u0e39\u0e07", "name:en": "Sam Sung Hospital", "name:th": "\u0e42\u0e23\u0e07\u0e1e\u0e22\u0e32\u0e02\u0e32\u0e25\u0e0b\u0e33\u0e2a\u0e39\u0e07", "source": "GPS; sign", "osm_id": 732968856, "osm_type": "way"}, "geometry": {"type": "Polygon", "coordinates": [[[103.07617, 16.5384988], [103.0760177, 16.5387008], [103.0757013, 16.5384816], [103.0758536, 16.5382795], [103.07617, 16.5384988]]]}}, {"type": "Feature", "properties": {"amenity": "school", "building": "yes", "source": "Bing", "osm_id": 785082719, "osm_type": "way"}, "geometry": {"type": "Polygon", "coordinates": [[[103.1186406, 16.5532634], [103.1186961, 16.5538111], [103.1188435, 16.5537974], [103.1187881, 16.5532497], [103.1186406, 16.5532634]]]}}, {"type": "Feature", "properties": {"addr:city": "\u0e02\u0e2d\u0e19\u0e41\u0e01\u0e48\u0e19", "addr:housenumber": "123", "addr:postcode": "40002", "addr:street": "\u0e16\u0e19\u0e19\u0e21\u0e34\u0e15\u0e23\u0e20\u0e32\u0e1e", "amenity": "school", "grades": "1-12", "internet_access": "yes", "internet_access:fee": "customers", "name": "\u0e42\u0e23\u0e07\u0e40\u0e23\u0e35\u0e22\u0e19\u0e2a\u0e32\u0e18\u0e34\u0e15\u0e21\u0e2b\u0e32\u0e27\u0e34\u0e17\u0e22\u0e32\u0e25\u0e31\u0e22\u0e02\u0e2d\u0e19\u0e41\u0e01\u0e48\u0e19 (\u0e21\u0e2d\u0e14\u0e34\u0e19\u0e41\u0e14\u0e07)", "name:en": "Demonstration School of Khon Kaen University (Modindaeng)", "name:th": "\u0e42\u0e23\u0e07\u0e40\u0e23\u0e35\u0e22\u0e19\u0e2a\u0e32\u0e18\u0e34\u0e15\u0e21\u0e2b\u0e32\u0e27\u0e34\u0e17\u0e22\u0e32\u0e25\u0e31\u0e22\u0e02\u0e2d\u0e19\u0e41\u0e01\u0e48\u0e19 (\u0e21\u0e2d\u0e14\u0e34\u0e19\u0e41\u0e14\u0e07)", "operator": "school", "operator:type": "public", "website": "https://www.smd.kku.ac.th/", "osm_id": 825337767, "osm_type": "way"}, "geometry": {"type": "Polygon", "coordinates": [[[102.8286657, 16.4806398], [102.8295494, 16.4807879], [102.8295512, 16.4807755], [102.8295571, 16.4807407], [102.8295643, 16.480705], [102.8296105, 16.4804734], [102.8294176, 16.4804299], [102.8293305, 16.4803909], [102.8292742, 16.4803402], [102.8291578, 16.4802333], [102.8291483, 16.4801699], [102.8287923, 16.4801134], [102.8288688, 16.4796756], [102.829019, 16.4796918], [102.8292464, 16.4785498], [102.8292926, 16.4784141], [102.8293719, 16.4783602], [102.8294439, 16.4783318], [102.8296647, 16.4782663], [102.8297952, 16.4782556], [102.8299164, 16.478242], [102.8299991, 16.4782624], [102.8300373, 16.4783391], [102.8300571, 16.4784217], [102.8300812, 16.4785366], [102.8301362, 16.4786515], [102.8302451, 16.4787783], [102.8303632, 16.4788814], [102.8304356, 16.4789397], [102.830423, 16.4798905], [102.8305569, 16.4798971], [102.8305783, 16.4802398], [102.8317137, 16.4804556], [102.8317264, 16.4804581], [102.8317827, 16.4804691], [102.8318484, 16.4804828], [102.8319573, 16.4805021], [102.8322832, 16.4805584], [102.8322714, 16.4812538], [102.8322725, 16.4813212], [102.8323092, 16.4813213], [102.8323207, 16.4813213], [102.832319, 16.4820722], [102.8315958, 16.4819207], [102.8314905, 16.4819008], [102.830189, 16.4816279], [102.8298338, 16.4815617], [102.8286109, 16.4812993], [102.8286657, 16.4806398]]]}}, {"type": "Feature", "properties": {"addr:district": "\u0e19\u0e49\u0e33\u0e1e\u0e2d\u0e07", "addr:district:en": "Nam Phong", "addr:hamlet": "\u0e2b\u0e21\u0e39\u0e48\u0e17\u0e35\u0e48 3", "addr:province": "\u0e02\u0e2d\u0e19\u0e41\u0e01\u0e48\u0e19", "addr:province:en": "Khon Kaen", "addr:subdistrict": "\u0e01\u0e38\u0e14\u0e19\u0e49\u0e33\u0e43\u0e2a", "addr:subdistrict:en": "Kut Nam Sai", "amenity": "school", "name": "\u0e42\u0e23\u0e07\u0e40\u0e23\u0e35\u0e22\u0e19\u0e2d\u0e38\u0e14\u0e21\u0e1e\u0e31\u0e12\u0e19\u0e4c \u0e1f\u0e34\u0e19\u0e34\u0e04\u0e0b\u0e2f\u0e2d\u0e38\u0e1b\u0e16\u0e31\u0e21\u0e20\u0e4c", "name:en": "Udomphat Phoenix Patronage School", "source": "Bing; sign", "osm_id": 886565256, "osm_type": "way"}, "geometry": {"type": "Polygon", "coordinates": [[[102.7497886, 16.6963799], [102.7491862, 16.697546], [102.7493149, 16.6976899], [102.7510744, 16.6985613], [102.7523114, 16.6994545], [102.7527025, 16.6987124], [102.7530856, 16.6979856], [102.7497886, 16.6963799]]]}}, {"type": "Feature", "properties": {"addr:district": "\u0e2d\u0e38\u0e1a\u0e25\u0e23\u0e31\u0e15\u0e19\u0e4c", "addr:district:en": "Ubonrat", "addr:province": "\u0e02\u0e2d\u0e19\u0e41\u0e01\u0e48\u0e19", "addr:province:en": "Khon Kaen", "addr:subdistrict": "\u0e40\u0e02\u0e37\u0e48\u0e2d\u0e19\u0e2d\u0e38\u0e1a\u0e25\u0e23\u0e31\u0e15\u0e19\u0e4c", "addr:subdistrict:en": "Khuean Ubonrat", "amenity": "school", "building": "yes", "name": "\u0e42\u0e23\u0e07\u0e40\u0e23\u0e35\u0e22\u0e19\u0e2d\u0e38\u0e1a\u0e25\u0e23\u0e31\u0e15\u0e19\u0e4c\u0e1e\u0e34\u0e17\u0e22\u0e32\u0e04\u0e21", "name:en": "Ubonrat Phittayakhom School", "source": "Bing", "osm_id": 1019945222, "osm_type": "way"}, "geometry": {"type": "Polygon", "coordinates": [[[102.6290022, 16.7627763], [102.6289232, 16.762903], [102.6295731, 16.7632746], [102.6296521, 16.7631479], [102.6290022, 16.7627763]]]}}, {"type": "Feature", "properties": {"amenity": "clinic", "building": "yes", "healthcare": "clinic", "osm_id": 1193840590, "osm_type": "way"}, "geometry": {"type": "Polygon", "coordinates": [[[102.8226042, 16.4787541], [102.8226056, 16.4785556], [102.822787, 16.4785568], [102.8227856, 16.4787553], [102.8226042, 16.4787541]]]}}, {"type": "Feature", "properties": {"amenity": "school", "grades": "0-6", "name": "\u0e42\u0e23\u0e07\u0e40\u0e23\u0e35\u0e22\u0e19\u0e28\u0e23\u0e35\u0e42\u0e01\u0e2a\u0e38\u0e21\u0e27\u0e34\u0e17\u0e22\u0e32\u0e21\u0e34\u0e15\u0e23\u0e20\u0e32\u0e1e\u0e17\u0e35\u0e48 209", "name:en": "Sri Kosum Witthaya Friendship 209th School", "name:th": "\u0e42\u0e23\u0e07\u0e40\u0e23\u0e35\u0e22\u0e19\u0e28\u0e23\u0e35\u0e42\u0e01\u0e2a\u0e38\u0e21\u0e27\u0e34\u0e17\u0e22\u0e32\u0e21\u0e34\u0e15\u0e23\u0e20\u0e32\u0e1e\u0e17\u0e35\u0e48 209", "osm_id": 1211333137, "osm_type": "way"}, "geometry": {"type": "Polygon", "coordinates": [[[103.067304, 16.2463892], [103.0703919, 16.245719], [103.0703569, 16.2454959], [103.0706699, 16.2454248], [103.0704362, 16.2446332], [103.0703574, 16.2441063], [103.0705111, 16.2440533], [103.070023, 16.2430042], [103.0697802, 16.243121], [103.0696888, 16.2428307], [103.0695804, 16.2428108], [103.0695664, 16.2427454], [103.0694521, 16.2427364], [103.0694066, 16.2425978], [103.0692727, 16.2426197], [103.0691109, 16.242245], [103.0687411, 16.2417898], [103.0685031, 16.2424133], [103.0676809, 16.2421775], [103.0671704, 16.2434283], [103.066948, 16.2440882], [103.0665906, 16.2449998], [103.0664842, 16.2453849], [103.0664496, 16.2457845], [103.0671791, 16.2456935], [103.067304, 16.2463892]]]}}, {"type": "Feature", "properties": {"amenity": "hospital", "healthcare": "hospital", "name": "\u0e42\u0e23\u0e07\u0e1e\u0e22\u0e32\u0e1a\u0e32\u0e25\u0e1a\u0e49\u0e32\u0e19\u0e44\u0e1c\u0e48 (\u0e41\u0e2b\u0e48\u0e07\u0e43\u0e2b\u0e21\u0e48)", "osm_id": 1318027021, "osm_type": "way"}, "geometry": {"type": "Polygon", "coordinates": [[[102.7451811, 16.1047038], [102.7440946, 16.1048024], [102.7433379, 16.1014943], [102.7446514, 16.1010789], [102.7451811, 16.1047038]]]}}, {"type": "Feature", "properties": {"amenity": "hospital", "healthcare": "hospital", "osm_id": 1322432427, "osm_type": "way"}, "geometry": {"type": "Polygon", "coordinates": [[[102.8299681, 16.4494787], [102.8297969, 16.4481174], [102.8298147, 16.4480525], [102.8298504, 16.4480285], [102.8307598, 16.4480183], [102.8308561, 16.4483911], [102.8309274, 16.4493556], [102.8299681, 16.4494787]]]}}, {"type": "Feature", "properties": {"addr:district": "\u0e42\u0e01\u0e2a\u0e38\u0e21\u0e1e\u0e34\u0e2a\u0e31\u0e22", "addr:housenumber": "72", "addr:place": "3", "addr:postcode": "44140", "addr:province": "\u0e21\u0e2b\u0e32\u0e2a\u0e32\u0e23\u0e04\u0e32\u0e21", "addr:subdistrict": "\u0e2b\u0e31\u0e27\u0e02\u0e27\u0e32\u0e07", "amenity": "hospital", "healthcare": "hospital", "healthcare:speciality": "community;general", "name": "\u0e2d\u0e31\u0e0a\u0e23\u0e32\u0e20\u0e23\u0e13\u0e4c\u0e04\u0e25\u0e34\u0e19\u0e34\u0e01\u0e01\u0e32\u0e23\u0e1e\u0e22\u0e32\u0e1a\u0e32\u0e25\u0e41\u0e25\u0e30\u0e01\u0e32\u0e23\u0e1c\u0e14\u0e38\u0e07\u0e04\u0e23\u0e23\u0e20\u0e4c", "opening_hours": "Mo-Su 08:00-20:00", "operator": "\u0e2d\u0e31\u0e0a\u0e23\u0e32\u0e20\u0e23\u0e13\u0e4c\u0e04\u0e25\u0e34\u0e19\u0e34\u0e01\u0e01\u0e32\u0e23\u0e1e\u0e22\u0e32\u0e1a\u0e32\u0e25\u0e41\u0e25\u0e30\u0e01\u0e32\u0e23\u0e1c\u0e14\u0e38\u0e07\u0e04\u0e23\u0e23\u0e20\u0e4c", "operator:type": "business", "osm_id": 1411995240, "osm_type": "way"}, "geometry": {"type": "Polygon", "coordinates": [[[103.0630679, 16.2529657], [103.0630662, 16.2527567], [103.0632891, 16.2527499], [103.0632998, 16.2529572], [103.0631989, 16.2529589], [103.0630679, 16.2529657]]]}}, {"type": "Feature", "properties": {"amenity": "school", "name": "\u0e42\u0e23\u0e07\u0e40\u0e23\u0e35\u0e22\u0e19\u0e1e\u0e23\u0e30\u0e18\u0e32\u0e15\u0e38\u0e02\u0e32\u0e21\u0e40\u0e40\u0e01\u0e48\u0e19", "name:en": "Phrathatkhamkaen School", "osm_id": 1412412677, "osm_type": "way"}, "geometry": {"type": "Polygon", "coordinates": [[[102.9527039, 16.5636201], [102.953763, 16.5632656], [102.9534016, 16.5622544], [102.9522844, 16.5624965], [102.9527039, 16.5636201]]]}}, {"type": "Feature", "properties": {"amenity": "school", "name": "\u0e42\u0e23\u0e07\u0e40\u0e23\u0e35\u0e22\u0e19\u0e0a\u0e19\u0e1a\u0e17\u0e28\u0e36\u0e01\u0e29\u0e32", "name:en": "Chonnabot Suksa School", "osm_id": 1426145339, "osm_type": "way"}, "geometry": {"type": "Polygon", "coordinates": [[[102.6118297, 16.0913051], [102.6118639, 16.0879431], [102.6104281, 16.0877647], [102.6107089, 16.0911878], [102.6118297, 16.0913051]]]}}, {"type": "Feature", "properties": {"addr:district": "Nam Phong", "addr:postcode": "40140", "addr:province": "Khon Kaen", "addr:subdistrict": "Bua Yai", "amenity": "school", "name": "\u0e42\u0e23\u0e07\u0e40\u0e23\u0e35\u0e22\u0e19\u0e01\u0e39\u0e48\u0e2a\u0e27\u0e48\u0e32\u0e07\u0e2a\u0e32\u0e21\u0e31\u0e04\u0e04\u0e35", "name:en": "Ku Sawang Samakkhi School", "osm_id": 1426308750, "osm_type": "way"}, "geometry": {"type": "Polygon", "coordinates": [[[102.930194, 16.6137248], [102.9312738, 16.6134829], [102.931341, 16.61295], [102.9311288, 16.6122268], [102.9299281, 16.6122988], [102.9300275, 16.6130427], [102.930194, 16.6137248]]]}}, {"type": "Feature", "properties": {"amenity": "school", "name": "\u0e42\u0e23\u0e07\u0e40\u0e23\u0e35\u0e22\u0e19\u0e1a\u0e49\u0e32\u0e19\u0e01\u0e2d\u0e01\u0e1b\u0e48\u0e32\u0e1c\u0e38\u0e27\u0e34\u0e17\u0e22\u0e32", "osm_id": 1426654153, "osm_type": "way"}, "geometry": {"type": "Polygon", "coordinates": [[[102.552684, 16.1597054], [102.5522527, 16.1599342], [102.552139, 16.1597198], [102.5513407, 16.1592375], [102.5516154, 16.1585739], [102.5515875, 16.1583575], [102.5519587, 16.1579164], [102.552684, 16.1597054]]]}}]}