{"type":"FeatureCollection","features":[{"type":"Feature","geometry":{"geodesic":false,"type":"Polygon","coordinates":[[[106.66595683635198,-6.033983763430826],[106.66685515163611,-6.033983763430826],[106.66685515163611,-6.033085448146706],[106.66595683635198,-6.033085448146706],[106.66595683635198,-6.033983763430826]]]},"id":"+118740-6717","properties":{"cls":5,"count":1}},{"type":"Feature","geometry":{"geodesic":false,"type":"Polygon","coordinates":[[[106.66595683635198,-6.035780393999065],[106.66685515163611,-6.035780393999065],[106.66685515163611,-6.034882078714945],[106.66595683635198,-6.034882078714945],[106.66595683635198,-6.035780393999065]]]},"id":"+118740-6719","properties":{"cls":4,"count":1}},{"type":"Feature","geometry":{"geodesic":false,"type":"Polygon","coordinates":[[[106.66595683635198,-6.036678709283184],[106.66685515163611,-6.036678709283184],[106.66685515163611,-6.035780393999065],[106.66595683635198,-6.035780393999065],[106.66595683635198,-6.036678709283184]]]},"id":"+118740-6720","properties":{"cls":5,"count":1}},{"type":"Feature","geometry":{"geodesic":false,"type":"Polygon","coordinates":[[[106.66595683635198,-6.061831537238532],[106.66685515163611,-6.061831537238532],[106.66685515163611,-6.060933221954412],[106.66595683635198,-6.060933221954412],[106.66595683635198,-6.061831537238532]]]},"id":"+118740-6748","properties":{"cls":5,"count":1}},{"type":"Feature","geometry":{"geodesic":false,"type":"Polygon","coordinates":[[[106.66595683635198,-6.062729852522651],[106.66685515163611,-6.062729852522651],[106.66685515163611,-6.061831537238532],[106.66595683635198,-6.061831537238532],[106.66595683635198,-6.062729852522651]]]},"id":"+118740-6749","properties":{"cls":2,"count":1}},{"type":"Feature","geometry":{"geodesic":false,"type":"Polygon","coordinates":[[[106.66595683635198,-6.063628167806771],[106.66685515163611,-6.063628167806771],[106.66685515163611,-6.062729852522651],[106.66595683635198,-6.062729852522651],[106.66595683635198,-6.063628167806771]]]},"id":"+118740-6750","properties":{"cls":3,"count":1}},{"type":"Feature","geometry":{"geodesic":false,"type":"Polygon","coordinates":[[[106.66595683635198,-6.1166287695698225],[106.66685515163611,-6.1166287695698225],[106.66685515163611,-6.1157304542857025],[106.66595683635198,-6.1157304542857025],[106.66595683635198,-6.1166287695698225]]]},"id":"+118740-6809","properties":{"cls":4,"count":1}},{"type":"Feature","geometry":{"geodesic":false,"type":"Polygon","coordinates":[[[106.66595683635198,-6.201070406277057],[106.66685515163611,-6.201070406277057],[106.66685515163611,-6.200172090992938],[106.66595683635198,-6.200172090992938],[106.66595683635198,-6.201070406277057]]]},"id":"+118740-6903","properties":{"cls":2,"count":1}},{"type":"Feature","geometry":{"geodesic":false,"type":"Polygon","coordinates":[[[106.66685515163611,-6.033983763430826],[106.66775346692023,-6.033983763430826],[106.66775346692023,-6.033085448146706],[106.66685515163611,-6.033085448146706],[106.66685515163611,-6.033983763430826]]]},"id":"+118741-6717","properties":{"cls":2,"count":1}},{"type":"Feature","geometry":{"geodesic":false,"type":"Polygon","coordinates":[[[106.66685515163611,-6.034882078714945],[106.66775346692023,-6.034882078714945],[106.66775346692023,-6.033983763430826],[106.66685515163611,-6.033983763430826],[106.66685515163611,-6.034882078714945]]]},"id":"+118741-6718","properties":{"cls":3,"count":1}},{"type":"Feature","geometry":{"geodesic":false,"type":"Polygon","coordinates":[[[106.66685515163611,-6.035780393999065],[106.66775346692023,-6.035780393999065],[106.66775346692023,-6.034882078714945],[106.66685515163611,-6.034882078714945],[106.66685515163611,-6.035780393999065]]]},"id":"+118741-6719","properties":{"cls":5,"count":1}},{"type":"Feature","geometry":{"geodesic":false,"type":"Polygon","coordinates":[[[106.66685515163611,-6.036678709283184],[106.66775346692023,-6.036678709283184],[106.66775346692023,-6.035780393999065],[106.66685515163611,-6.035780393999065],[106.66685515163611,-6.036678709283184]]]},"id":"+118741-6720","properties":{"cls":4,"count":1}},{"type":"Feature","geometry":{"geodesic":false,"type":"Polygon","coordinates":[[[106.66685515163611,-6.037577024567304],[106.66775346692023,-6.037577024567304],[106.66775346692023,-6.036678709283184],[106.66685515163611,-6.036678709283184],[106.66685515163611,-6.037577024567304]]]},"id":"+118741-6721","properties":{"cls":5,"count":1}},{"type":"Feature","geometry":{"geodesic":false,"type":"Polygon","coordinates":[[[106.66595683635198,-6.0591365913861726],[106.66775346692023,-6.0591365913861726],[106.66775346692023,-6.0582382761020535],[106.66595683635198,-6.0582382761020535],[106.66595683635198,-6.0591365913861726]]]},"id":"+118741-6745","properties":{"cls":4,"count":2}},{"type":"Feature","geometry":{"geodesic":false,"type":"Polygon","coordinates":[[[106.66595683635198,-6.0600349066702925],[106.66775346692023,-6.0600349066702925],[106.66775346692023,-6.0591365913861726],[106.66595683635198,-6.0591365913861726],[106.66595683635198,-6.0600349066702925]]]},"id":"+118741-6746","properties":{"cls":5,"count":2}},{"type":"Feature","geometry":{"geodesic":false,"type":"Polygon","coordinates":[[[106.66685515163611,-6.061831537238532],[106.66775346692023,-6.061831537238532],[106.66775346692023,-6.060933221954412],[106.66685515163611,-6.060933221954412],[106.66685515163611,-6.061831537238532]]]},"id":"+118741-6748","properties":{"cls":4,"count":1}},{"type":"Feature","geometry":{"geodesic":false,"type":"Polygon","coordinates":[[[106.66685515163611,-6.062729852522651],[106.66775346692023,-6.062729852522651],[106.66775346692023,-6.061831537238532],[106.66685515163611,-6.061831537238532],[106.66685515163611,-6.062729852522651]]]},"id":"+118741-6749","properties":{"cls":3,"count":1}},{"type":"Feature","geometry":{"geodesic":false,"type":"Polygon","coordinates":[[[106.66685515163611,-6.066323113659129],[106.66775346692023,-6.066323113659129],[106.66775346692023,-6.06542479837501],[106.66685515163611,-6.06542479837501],[106.66685515163611,-6.066323113659129]]]},"id":"+118741-6753","properties":{"cls":7,"count":1}},{"type":"Feature","geometry":{"geodesic":false,"type":"Polygon","coordinates":[[[106.66685515163611,-6.184900731162906],[106.66775346692023,-6.184900731162906],[106.66775346692023,-6.184002415878786],[106.66685515163611,-6.184002415878786],[106.66685515163611,-6.184900731162906]]]},"id":"+118741-6885","properties":{"cls":4,"count":1}},{"type":"Feature","geometry":{"geodesic":false,"type":"Polygon","coordinates":[[[106.66685515163611,-6.200172090992938],[106.66775346692023,-6.200172090992938],[106.66775346692023,-6.199273775708818],[106.66685515163611,-6.199273775708818],[106.66685515163611,-6.200172090992938]]]},"id":"+118741-6902","properties":{"cls":3,"count":1}},{"type":"Feature","geometry":{"geodesic":false,"type":"Polygon","coordinates":[[[106.66685515163611,-6.201070406277057],[106.66775346692023,-6.201070406277057],[106.66775346692023,-6.200172090992938],[106.66685515163611,-6.200172090992938],[106.66685515163611,-6.201070406277057]]]},"id":"+118741-6903","properties":{"cls":7,"count":1}},{"type":"Feature","geometry":{"geodesic":false,"type":"Polygon","coordinates":[[[106.66685515163611,-6.348394112872659],[106.66775346692023,-6.348394112872659],[106.66775346692023,-6.3474957975885395],[106.66685515163611,-6.3474957975885395],[106.66685515163611,-6.348394112872659]]]},"id":"+118741-7067","properties":{"cls":2,"count":1}},{"type":"Feature","geometry":{"geodesic":false,"type":"Polygon","coordinates":[[[106.66775346692023,-6.033085448146706],[106.66865178220435,-6.033085448146706],[106.66865178220435,-6.032187132862587],[106.66775346692023,-6.032187132862587],[106.66775346692023,-6.033085448146706]]]},"id":"+118742-6716","properties":{"cls":2,"count":1}},{"type":"Feature","geometry":{"geodesic":false,"type":"Polygon","coordinates":[[[106.66775346692023,-6.037577024567304],[106.66865178220435,-6.037577024567304],[106.66865178220435,-6.034882078714945],[106.66775346692023,-6.034882078714945],[106.66775346692023,-6.037577024567304]]]},"id":"+118742-6719","properties":{"cls":3,"count":3}},{"type":"Feature","geometry":{"geodesic":false,"type":"Polygon","coordinates":[[[106.66775346692023,-6.0591365913861726],[106.66865178220435,-6.0591365913861726],[106.66865178220435,-6.0582382761020535],[106.66775346692023,-6.0582382761020535],[106.66775346692023,-6.0591365913861726]]]},"id":"+118742-6745","properties":{"cls":5,"count":1}},{"type":"Feature","geometry":{"geodesic":false,"type":"Polygon","coordinates":[[[106.66775346692023,-6.0600349066702925],[106.66865178220435,-6.0600349066702925],[106.66865178220435,-6.0591365913861726],[106.66775346692023,-6.0591365913861726],[106.66775346692023,-6.0600349066702925]]]},"id":"+118742-6746","properties":{"cls":4,"count":1}},{"type":"Feature","geometry":{"geodesic":false,"type":"Polygon","coordinates":[[[106.66595683635198,-6.0600349066702925],[106.66595683635198,-6.060933221954412],[106.66775346692023,-6.060933221954412],[106.66775346692023,-6.061831537238532],[106.66865178220435,-6.061831537238532],[106.66865178220435,-6.0600349066702925],[106.66595683635198,-6.0600349066702925]]]},"id":"+118742-6747","properties":{"cls":3,"count":4}},{"type":"Feature","geometry":{"geodesic":false,"type":"Polygon","coordinates":[[[106.66595683635198,-6.06452648309089],[106.66595683635198,-6.066323113659129],[106.66685515163611,-6.066323113659129],[106.66685515163611,-6.06542479837501],[106.66865178220435,-6.06542479837501],[106.66865178220435,-6.06452648309089],[106.66595683635198,-6.06452648309089]]]},"id":"+118742-6752","properties":{"cls":4,"count":4}},{"type":"Feature","geometry":{"geodesic":false,"type":"Polygon","coordinates":[[[106.66775346692023,-6.066323113659129],[106.66865178220435,-6.066323113659129],[106.66865178220435,-6.06542479837501],[106.66775346692023,-6.06542479837501],[106.66775346692023,-6.066323113659129]]]},"id":"+118742-6753","properties":{"cls":3,"count":1}},{"type":"Feature","geometry":{"geodesic":false,"type":"Polygon","coordinates":[[[106.66775346692023,-6.067221428943249],[106.66865178220435,-6.067221428943249],[106.66865178220435,-6.066323113659129],[106.66775346692023,-6.066323113659129],[106.66775346692023,-6.067221428943249]]]},"id":"+118742-6754","properties":{"cls":4,"count":1}},{"type":"Feature","geometry":{"geodesic":false,"type":"Polygon","coordinates":[[[106.66775346692023,-6.069018059511487],[106.66865178220435,-6.069018059511487],[106.66865178220435,-6.067221428943249],[106.66775346692023,-6.067221428943249],[106.66775346692023,-6.069018059511487]]]},"id":"+118742-6755","properties":{"cls":2,"count":2}},{"type":"Feature","geometry":{"geodesic":false,"type":"Polygon","coordinates":[[[106.66775346692023,-6.203765352129416],[106.66865178220435,-6.203765352129416],[106.66865178220435,-6.202867036845296],[106.66775346692023,-6.202867036845296],[106.66775346692023,-6.203765352129416]]]},"id":"+118742-6906","properties":{"cls":5,"count":1}},{"type":"Feature","geometry":{"geodesic":false,"type":"Polygon","coordinates":[[[106.66775346692023,-6.243291224630675],[106.66865178220435,-6.243291224630675],[106.66865178220435,-6.242392909346555],[106.66775346692023,-6.242392909346555],[106.66775346692023,-6.243291224630675]]]},"id":"+118742-6950","properties":{"cls":4,"count":1}},{"type":"Feature","geometry":{"geodesic":false,"type":"Polygon","coordinates":[[[106.66865178220435,-6.033983763430826],[106.66955009748847,-6.033983763430826],[106.66955009748847,-6.033085448146706],[106.66865178220435,-6.033085448146706],[106.66865178220435,-6.033983763430826]]]},"id":"+118743-6717","properties":{"cls":4,"count":1}},{"type":"Feature","geometry":{"geodesic":false,"type":"Polygon","coordinates":[[[106.66865178220435,-6.036678709283184],[106.66955009748847,-6.036678709283184],[106.66955009748847,-6.035780393999065],[106.66865178220435,-6.035780393999065],[106.66865178220435,-6.036678709283184]]]},"id":"+118743-6720","properties":{"cls":4,"count":1}},{"type":"Feature","geometry":{"geodesic":false,"type":"Polygon","coordinates":[[[106.66865178220435,-6.037577024567304],[106.66955009748847,-6.037577024567304],[106.66955009748847,-6.036678709283184],[106.66865178220435,-6.036678709283184],[106.66865178220435,-6.037577024567304]]]},"id":"+118743-6721","properties":{"cls":2,"count":1}},{"type":"Feature","geometry":{"geodesic":false,"type":"Polygon","coordinates":[[[106.66865178220435,-6.061831537238532],[106.66955009748847,-6.061831537238532],[106.66955009748847,-6.0600349066702925],[106.66865178220435,-6.0600349066702925],[106.66865178220435,-6.061831537238532]]]},"id":"+118743-6747","properties":{"cls":4,"count":2}},{"type":"Feature","geometry":{"geodesic":false,"type":"Polygon","coordinates":[[[106.66685515163611,-6.06452648309089],[106.66955009748847,-6.06452648309089],[106.66955009748847,-6.063628167806771],[106.66685515163611,-6.063628167806771],[106.66685515163611,-6.06452648309089]]]},"id":"+118743-6751","properties":{"cls":5,"count":3}},{"type":"Feature","geometry":{"geodesic":false,"type":"Polygon","coordinates":[[[106.66865178220435,-6.066323113659129],[106.66955009748847,-6.066323113659129],[106.66955009748847,-6.06542479837501],[106.66865178220435,-6.06542479837501],[106.66865178220435,-6.066323113659129]]]},"id":"+118743-6753","properties":{"cls":5,"count":1}},{"type":"Feature","geometry":{"geodesic":false,"type":"Polygon","coordinates":[[[106.66865178220435,-6.068119744227368],[106.66955009748847,-6.068119744227368],[106.66955009748847,-6.067221428943249],[106.66865178220435,-6.067221428943249],[106.66865178220435,-6.068119744227368]]]},"id":"+118743-6755","properties":{"cls":3,"count":1}},{"type":"Feature","geometry":{"geodesic":false,"type":"Polygon","coordinates":[[[106.66865178220435,-6.069018059511487],[106.66955009748847,-6.069018059511487],[106.66955009748847,-6.068119744227368],[106.66865178220435,-6.068119744227368],[106.66865178220435,-6.069018059511487]]]},"id":"+118743-6756","properties":{"cls":5,"count":1}},{"type":"Feature","geometry":{"geodesic":false,"type":"Polygon","coordinates":[[[106.66865178220435,-6.086086049909758],[106.66955009748847,-6.086086049909758],[106.66955009748847,-6.085187734625639],[106.66865178220435,-6.085187734625639],[106.66865178220435,-6.086086049909758]]]},"id":"+118743-6775","properties":{"cls":9,"count":1}},{"type":"Feature","geometry":{"geodesic":false,"type":"Polygon","coordinates":[[[106.66865178220435,-6.143578228093408],[106.66955009748847,-6.143578228093408],[106.66955009748847,-6.142679912809288],[106.66865178220435,-6.142679912809288],[106.66865178220435,-6.143578228093408]]]},"id":"+118743-6839","properties":{"cls":5,"count":1}},{"type":"Feature","geometry":{"geodesic":false,"type":"Polygon","coordinates":[[[106.66865178220435,-6.197477145140579],[106.66955009748847,-6.197477145140579],[106.66955009748847,-6.19657882985646],[106.66865178220435,-6.19657882985646],[106.66865178220435,-6.197477145140579]]]},"id":"+118743-6899","properties":{"cls":7,"count":1}},{"type":"Feature","geometry":{"geodesic":false,"type":"Polygon","coordinates":[[[106.66955009748847,-6.030390502294348],[106.66955009748847,-6.032187132862587],[106.6713467280567,-6.032187132862587],[106.67044841277259,-6.030390502294348],[106.66955009748847,-6.030390502294348]]]},"id":"+118744-6714","properties":{"cls":2,"count":3}},{"type":"Feature","geometry":{"geodesic":false,"type":"Polygon","coordinates":[[[106.66865178220435,-6.033085448146706],[106.67044841277259,-6.033085448146706],[106.67044841277259,-6.032187132862587],[106.66865178220435,-6.032187132862587],[106.66865178220435,-6.033085448146706]]]},"id":"+118744-6716","properties":{"cls":5,"count":2}},{"type":"Feature","geometry":{"geodesic":false,"type":"Polygon","coordinates":[[[106.66775346692023,-6.034882078714945],[106.67044841277259,-6.034882078714945],[106.67044841277259,-6.033983763430826],[106.66775346692023,-6.033983763430826],[106.66775346692023,-6.034882078714945]]]},"id":"+118744-6718","properties":{"cls":2,"count":3}},{"type":"Feature","geometry":{"geodesic":false,"type":"Polygon","coordinates":[[[106.66955009748847,-6.0384753398514235],[106.67044841277259,-6.0384753398514235],[106.67044841277259,-6.037577024567304],[106.66955009748847,-6.037577024567304],[106.66955009748847,-6.0384753398514235]]]},"id":"+118744-6722","properties":{"cls":2,"count":1}},{"type":"Feature","geometry":{"geodesic":false,"type":"Polygon","coordinates":[[[106.66955009748847,-6.0573399608179335],[106.67044841277259,-6.0573399608179335],[106.67044841277259,-6.056441645533814],[106.66955009748847,-6.056441645533814],[106.66955009748847,-6.0573399608179335]]]},"id":"+118744-6743","properties":{"cls":5,"count":1}},{"type":"Feature","geometry":{"geodesic":false,"type":"Polygon","coordinates":[[[106.66955009748847,-6.0582382761020535],[106.67044841277259,-6.0582382761020535],[106.67044841277259,-6.0573399608179335],[106.66955009748847,-6.0573399608179335],[106.66955009748847,-6.0582382761020535]]]},"id":"+118744-6744","properties":{"cls":2,"count":1}},{"type":"Feature","geometry":{"geodesic":false,"type":"Polygon","coordinates":[[[106.66955009748847,-6.0591365913861726],[106.67044841277259,-6.0591365913861726],[106.67044841277259,-6.0582382761020535],[106.66955009748847,-6.0582382761020535],[106.66955009748847,-6.0591365913861726]]]},"id":"+118744-6745","properties":{"cls":4,"count":1}},{"type":"Feature","geometry":{"geodesic":false,"type":"Polygon","coordinates":[[[106.66955009748847,-6.061831537238532],[106.67044841277259,-6.061831537238532],[106.67044841277259,-6.060933221954412],[106.66955009748847,-6.060933221954412],[106.66955009748847,-6.061831537238532]]]},"id":"+118744-6748","properties":{"cls":3,"count":1}},{"type":"Feature","geometry":{"geodesic":false,"type":"Polygon","coordinates":[[[106.66955009748847,-6.063628167806771],[106.66865178220435,-6.06542479837501],[106.6713467280567,-6.06542479837501],[106.67044841277259,-6.063628167806771],[106.66955009748847,-6.063628167806771]]]},"id":"+118744-6751","properties":{"cls":3,"count":4}},{"type":"Feature","geometry":{"geodesic":false,"type":"Polygon","coordinates":[[[106.66955009748847,-6.112137193149224],[106.67044841277259,-6.112137193149224],[106.67044841277259,-6.111238877865105],[106.66955009748847,-6.111238877865105],[106.66955009748847,-6.112137193149224]]]},"id":"+118744-6804","properties":{"cls":2,"count":1}},{"type":"Feature","geometry":{"geodesic":false,"type":"Polygon","coordinates":[[[106.66955009748847,-6.23340975650536],[106.67044841277259,-6.23340975650536],[106.67044841277259,-6.232511441221241],[106.66955009748847,-6.232511441221241],[106.66955009748847,-6.23340975650536]]]},"id":"+118744-6939","properties":{"cls":2,"count":1}},{"type":"Feature","geometry":{"geodesic":false,"type":"Polygon","coordinates":[[[106.66955009748847,-6.371750310259766],[106.67044841277259,-6.371750310259766],[106.67044841277259,-6.370851994975647],[106.66955009748847,-6.370851994975647],[106.66955009748847,-6.371750310259766]]]},"id":"+118744-7093","properties":{"cls":7,"count":1}},{"type":"Feature","geometry":{"geodesic":false,"type":"Polygon","coordinates":[[[106.67044841277259,-6.033983763430826],[106.6713467280567,-6.033983763430826],[106.6713467280567,-6.033085448146706],[106.67044841277259,-6.033085448146706],[106.67044841277259,-6.033983763430826]]]},"id":"+118745-6717","properties":{"cls":3,"count":1}},{"type":"Feature","geometry":{"geodesic":false,"type":"Polygon","coordinates":[[[106.67044841277259,-6.056441645533814],[106.6713467280567,-6.056441645533814],[106.6713467280567,-6.055543330249694],[106.67044841277259,-6.055543330249694],[106.67044841277259,-6.056441645533814]]]},"id":"+118745-6742","properties":{"cls":5,"count":1}},{"type":"Feature","geometry":{"geodesic":false,"type":"Polygon","coordinates":[[[106.67044841277259,-6.0573399608179335],[106.6713467280567,-6.0573399608179335],[106.6713467280567,-6.056441645533814],[106.67044841277259,-6.056441645533814],[106.67044841277259,-6.0573399608179335]]]},"id":"+118745-6743","properties":{"cls":4,"count":1}},{"type":"Feature","geometry":{"geodesic":false,"type":"Polygon","coordinates":[[[106.67044841277259,-6.0573399608179335],[106.67044841277259,-6.0591365913861726],[106.66865178220435,-6.0591365913861726],[106.66865178220435,-6.0600349066702925],[106.67224504334082,-6.061831537238532],[106.67224504334082,-6.0582382761020535],[106.67044841277259,-6.0573399608179335]]]},"id":"+118745-6744","properties":{"cls":5,"count":11}},{"type":"Feature","geometry":{"geodesic":false,"type":"Polygon","coordinates":[[[106.67044841277259,-6.061831537238532],[106.6713467280567,-6.061831537238532],[106.6713467280567,-6.060933221954412],[106.67044841277259,-6.060933221954412],[106.67044841277259,-6.061831537238532]]]},"id":"+118745-6748","properties":{"cls":4,"count":1}},{"type":"Feature","geometry":{"geodesic":false,"type":"Polygon","coordinates":[[[106.67044841277259,-6.06452648309089],[106.6713467280567,-6.06452648309089],[106.6713467280567,-6.062729852522651],[106.67044841277259,-6.062729852522651],[106.67044841277259,-6.06452648309089]]]},"id":"+118745-6750","properties":{"cls":2,"count":2}},{"type":"Feature","geometry":{"geodesic":false,"type":"Polygon","coordinates":[[[106.66955009748847,-6.066323113659129],[106.6713467280567,-6.066323113659129],[106.6713467280567,-6.06542479837501],[106.66955009748847,-6.06542479837501],[106.66955009748847,-6.066323113659129]]]},"id":"+118745-6753","properties":{"cls":4,"count":2}},{"type":"Feature","geometry":{"geodesic":false,"type":"Polygon","coordinates":[[[106.66955009748847,-6.068119744227368],[106.6713467280567,-6.068119744227368],[106.6713467280567,-6.067221428943249],[106.66955009748847,-6.067221428943249],[106.66955009748847,-6.068119744227368]]]},"id":"+118745-6755","properties":{"cls":5,"count":2}},{"type":"Feature","geometry":{"geodesic":false,"type":"Polygon","coordinates":[[[106.67044841277259,-6.125611922411017],[106.6713467280567,-6.125611922411017],[106.6713467280567,-6.124713607126898],[106.67044841277259,-6.124713607126898],[106.67044841277259,-6.125611922411017]]]},"id":"+118745-6819","properties":{"cls":5,"count":1}},{"type":"Feature","geometry":{"geodesic":false,"type":"Polygon","coordinates":[[[106.6713467280567,-6.033983763430826],[106.67224504334082,-6.033983763430826],[106.67224504334082,-6.033085448146706],[106.6713467280567,-6.033085448146706],[106.6713467280567,-6.033983763430826]]]},"id":"+118746-6717","properties":{"cls":4,"count":1}},{"type":"Feature","geometry":{"geodesic":false,"type":"Polygon","coordinates":[[[106.6713467280567,-6.034882078714945],[106.67224504334082,-6.034882078714945],[106.67224504334082,-6.033983763430826],[106.6713467280567,-6.033983763430826],[106.6713467280567,-6.034882078714945]]]},"id":"+118746-6718","properties":{"cls":2,"count":1}},{"type":"Feature","geometry":{"geodesic":false,"type":"Polygon","coordinates":[[[106.6713467280567,-6.056441645533814],[106.67224504334082,-6.056441645533814],[106.67224504334082,-6.055543330249694],[106.6713467280567,-6.055543330249694],[106.6713467280567,-6.056441645533814]]]},"id":"+118746-6742","properties":{"cls":4,"count":1}},{"type":"Feature","geometry":{"geodesic":false,"type":"Polygon","coordinates":[[[106.6713467280567,-6.0573399608179335],[106.67224504334082,-6.0573399608179335],[106.67224504334082,-6.056441645533814],[106.6713467280567,-6.056441645533814],[106.6713467280567,-6.0573399608179335]]]},"id":"+118746-6743","properties":{"cls":5,"count":1}},{"type":"Feature","geometry":{"geodesic":false,"type":"Polygon","coordinates":[[[106.6713467280567,-6.063628167806771],[106.67224504334082,-6.063628167806771],[106.67224504334082,-6.061831537238532],[106.6713467280567,-6.061831537238532],[106.6713467280567,-6.063628167806771]]]},"id":"+118746-6749","properties":{"cls":3,"count":2}},{"type":"Feature","geometry":{"geodesic":false,"type":"Polygon","coordinates":[[[106.6713467280567,-6.06542479837501],[106.67224504334082,-6.06542479837501],[106.67224504334082,-6.06452648309089],[106.6713467280567,-6.06452648309089],[106.6713467280567,-6.06542479837501]]]},"id":"+118746-6752","properties":{"cls":4,"count":1}},{"type":"Feature","geometry":{"geodesic":false,"type":"Polygon","coordinates":[[[106.6713467280567,-6.069018059511487],[106.67224504334082,-6.069018059511487],[106.67224504334082,-6.068119744227368],[106.6713467280567,-6.068119744227368],[106.6713467280567,-6.069018059511487]]]},"id":"+118746-6756","properties":{"cls":2,"count":1}},{"type":"Feature","geometry":{"geodesic":false,"type":"Polygon","coordinates":[[[106.6713467280567,-6.093272572182714],[106.67224504334082,-6.093272572182714],[106.67224504334082,-6.092374256898595],[106.6713467280567,-6.092374256898595],[106.6713467280567,-6.093272572182714]]]},"id":"+118746-6783","properties":{"cls":2,"count":1}},{"type":"Feature","geometry":{"geodesic":false,"type":"Polygon","coordinates":[[[106.6713467280567,-6.095069202750953],[106.67224504334082,-6.095069202750953],[106.67224504334082,-6.094170887466834],[106.6713467280567,-6.094170887466834],[106.6713467280567,-6.095069202750953]]]},"id":"+118746-6785","properties":{"cls":2,"count":1}},{"type":"Feature","geometry":{"geodesic":false,"type":"Polygon","coordinates":[[[106.66955009748847,-6.029492187010229],[106.67044841277259,-6.031288817578468],[106.67224504334082,-6.031288817578468],[106.67224504334082,-6.030390502294348],[106.67314335862494,-6.030390502294348],[106.67314335862494,-6.029492187010229],[106.66955009748847,-6.029492187010229]]]},"id":"+118747-6713","properties":{"cls":9,"count":6}},{"type":"Feature","geometry":{"geodesic":false,"type":"Polygon","coordinates":[[[106.67224504334082,-6.0573399608179335],[106.67314335862494,-6.0573399608179335],[106.67314335862494,-6.056441645533814],[106.67224504334082,-6.056441645533814],[106.67224504334082,-6.0573399608179335]]]},"id":"+118747-6743","properties":{"cls":3,"count":1}},{"type":"Feature","geometry":{"geodesic":false,"type":"Polygon","coordinates":[[[106.67224504334082,-6.0600349066702925],[106.67314335862494,-6.0600349066702925],[106.67314335862494,-6.0591365913861726],[106.67224504334082,-6.0591365913861726],[106.67224504334082,-6.0600349066702925]]]},"id":"+118747-6746","properties":{"cls":3,"count":1}},{"type":"Feature","geometry":{"geodesic":false,"type":"Polygon","coordinates":[[[106.67224504334082,-6.061831537238532],[106.67314335862494,-6.061831537238532],[106.67314335862494,-6.060933221954412],[106.67224504334082,-6.060933221954412],[106.67224504334082,-6.061831537238532]]]},"id":"+118747-6748","properties":{"cls":4,"count":1}},{"type":"Feature","geometry":{"geodesic":false,"type":"Polygon","coordinates":[[[106.67224504334082,-6.063628167806771],[106.67314335862494,-6.063628167806771],[106.67314335862494,-6.062729852522651],[106.67224504334082,-6.062729852522651],[106.67224504334082,-6.063628167806771]]]},"id":"+118747-6750","properties":{"cls":2,"count":1}},{"type":"Feature","geometry":{"geodesic":false,"type":"Polygon","coordinates":[[[106.67224504334082,-6.06452648309089],[106.67314335862494,-6.06452648309089],[106.67314335862494,-6.063628167806771],[106.67224504334082,-6.063628167806771],[106.67224504334082,-6.06452648309089]]]},"id":"+118747-6751","properties":{"cls":4,"count":1}},{"type":"Feature","geometry":{"geodesic":false,"type":"Polygon","coordinates":[[[106.67224504334082,-6.066323113659129],[106.67314335862494,-6.066323113659129],[106.67314335862494,-6.06452648309089],[106.67224504334082,-6.06452648309089],[106.67224504334082,-6.066323113659129]]]},"id":"+118747-6752","properties":{"cls":5,"count":2}},{"type":"Feature","geometry":{"geodesic":false,"type":"Polygon","coordinates":[[[106.67224504334082,-6.194782199288221],[106.67314335862494,-6.194782199288221],[106.67314335862494,-6.193883884004101],[106.67224504334082,-6.193883884004101],[106.67224504334082,-6.194782199288221]]]},"id":"+118747-6896","properties":{"cls":5,"count":1}},{"type":"Feature","geometry":{"geodesic":false,"type":"Polygon","coordinates":[[[106.67224504334082,-6.033983763430826],[106.67404167390906,-6.033983763430826],[106.67404167390906,-6.033085448146706],[106.67224504334082,-6.033085448146706],[106.67224504334082,-6.033983763430826]]]},"id":"+118748-6717","properties":{"cls":2,"count":2}},{"type":"Feature","geometry":{"geodesic":false,"type":"Polygon","coordinates":[[[106.67314335862494,-6.054645014965575],[106.67404167390906,-6.054645014965575],[106.67404167390906,-6.053746699681455],[106.67314335862494,-6.053746699681455],[106.67314335862494,-6.054645014965575]]]},"id":"+118748-6740","properties":{"cls":4,"count":1}},{"type":"Feature","geometry":{"geodesic":false,"type":"Polygon","coordinates":[[[106.67314335862494,-6.056441645533814],[106.67314335862494,-6.0573399608179335],[106.6713467280567,-6.0573399608179335],[106.67224504334082,-6.0591365913861726],[106.67404167390906,-6.0582382761020535],[106.67404167390906,-6.056441645533814],[106.67314335862494,-6.056441645533814]]]},"id":"+118748-6743","properties":{"cls":4,"count":5}},{"type":"Feature","geometry":{"geodesic":false,"type":"Polygon","coordinates":[[[106.67314335862494,-6.0591365913861726],[106.67404167390906,-6.0591365913861726],[106.67404167390906,-6.0582382761020535],[106.67314335862494,-6.0582382761020535],[106.67314335862494,-6.0591365913861726]]]},"id":"+118748-6745","properties":{"cls":3,"count":1}},{"type":"Feature","geometry":{"geodesic":false,"type":"Polygon","coordinates":[[[106.67314335862494,-6.061831537238532],[106.67404167390906,-6.061831537238532],[106.67404167390906,-6.060933221954412],[106.67314335862494,-6.060933221954412],[106.67314335862494,-6.061831537238532]]]},"id":"+118748-6748","properties":{"cls":3,"count":1}},{"type":"Feature","geometry":{"geodesic":false,"type":"Polygon","coordinates":[[[106.67314335862494,-6.06452648309089],[106.67404167390906,-6.06452648309089],[106.67404167390906,-6.063628167806771],[106.67314335862494,-6.063628167806771],[106.67314335862494,-6.06452648309089]]]},"id":"+118748-6751","properties":{"cls":5,"count":1}},{"type":"Feature","geometry":{"geodesic":false,"type":"Polygon","coordinates":[[[106.67314335862494,-6.06542479837501],[106.67404167390906,-6.06542479837501],[106.67404167390906,-6.06452648309089],[106.67314335862494,-6.06452648309089],[106.67314335862494,-6.06542479837501]]]},"id":"+118748-6752","properties":{"cls":4,"count":1}},{"type":"Feature","geometry":{"geodesic":false,"type":"Polygon","coordinates":[[[106.67314335862494,-6.067221428943249],[106.67404167390906,-6.067221428943249],[106.67404167390906,-6.066323113659129],[106.67314335862494,-6.066323113659129],[106.67314335862494,-6.067221428943249]]]},"id":"+118748-6754","properties":{"cls":5,"count":1}},{"type":"Feature","geometry":{"geodesic":false,"type":"Polygon","coordinates":[[[106.67314335862494,-6.103154040308029],[106.67404167390906,-6.103154040308029],[106.67404167390906,-6.10225572502391],[106.67314335862494,-6.10225572502391],[106.67314335862494,-6.103154040308029]]]},"id":"+118748-6794","properties":{"cls":7,"count":1}},{"type":"Feature","geometry":{"geodesic":false,"type":"Polygon","coordinates":[[[106.67314335862494,-6.104052355592149],[106.67404167390906,-6.104052355592149],[106.67404167390906,-6.103154040308029],[106.67314335862494,-6.103154040308029],[106.67314335862494,-6.104052355592149]]]},"id":"+118748-6795","properties":{"cls":5,"count":1}},{"type":"Feature","geometry":{"geodesic":false,"type":"Polygon","coordinates":[[[106.67314335862494,-6.281918781847814],[106.67404167390906,-6.281918781847814],[106.67404167390906,-6.281020466563694],[106.67314335862494,-6.281020466563694],[106.67314335862494,-6.281918781847814]]]},"id":"+118748-6993","properties":{"cls":4,"count":1}},{"type":"Feature","geometry":{"geodesic":false,"type":"Polygon","coordinates":[[[106.67314335862494,-6.353784004577376],[106.67404167390906,-6.353784004577376],[106.67404167390906,-6.352885689293256],[106.67314335862494,-6.352885689293256],[106.67314335862494,-6.353784004577376]]]},"id":"+118748-7073","properties":{"cls":7,"count":1}},{"type":"Feature","geometry":{"geodesic":false,"type":"Polygon","coordinates":[[[106.67404167390906,-6.029492187010229],[106.67493998919318,-6.029492187010229],[106.67493998919318,-6.028593871726109],[106.67404167390906,-6.028593871726109],[106.67404167390906,-6.029492187010229]]]},"id":"+118749-6712","properties":{"cls":7,"count":1}},{"type":"Feature","geometry":{"geodesic":false,"type":"Polygon","coordinates":[[[106.67404167390906,-6.033085448146706],[106.67493998919318,-6.033085448146706],[106.67493998919318,-6.032187132862587],[106.67404167390906,-6.032187132862587],[106.67404167390906,-6.033085448146706]]]},"id":"+118749-6716","properties":{"cls":2,"count":1}},{"type":"Feature","geometry":{"geodesic":false,"type":"Polygon","coordinates":[[[106.67404167390906,-6.033983763430826],[106.67493998919318,-6.033983763430826],[106.67493998919318,-6.033085448146706],[106.67404167390906,-6.033085448146706],[106.67404167390906,-6.033983763430826]]]},"id":"+118749-6717","properties":{"cls":5,"count":1}},{"type":"Feature","geometry":{"geodesic":false,"type":"Polygon","coordinates":[[[106.67404167390906,-6.034882078714945],[106.67493998919318,-6.034882078714945],[106.67493998919318,-6.033983763430826],[106.67404167390906,-6.033983763430826],[106.67404167390906,-6.034882078714945]]]},"id":"+118749-6718","properties":{"cls":7,"count":1}},{"type":"Feature","geometry":{"geodesic":false,"type":"Polygon","coordinates":[[[106.67404167390906,-6.0465601774085],[106.67493998919318,-6.0465601774085],[106.67493998919318,-6.04566186212438],[106.67404167390906,-6.04566186212438],[106.67404167390906,-6.0465601774085]]]},"id":"+118749-6731","properties":{"cls":7,"count":1}},{"type":"Feature","geometry":{"geodesic":false,"type":"Polygon","coordinates":[[[106.67404167390906,-6.051950069113216],[106.67493998919318,-6.051950069113216],[106.67493998919318,-6.051051753829097],[106.67404167390906,-6.051051753829097],[106.67404167390906,-6.051950069113216]]]},"id":"+118749-6737","properties":{"cls":5,"count":1}},{"type":"Feature","geometry":{"geodesic":false,"type":"Polygon","coordinates":[[[106.67404167390906,-6.053746699681455],[106.67404167390906,-6.054645014965575],[106.67224504334082,-6.054645014965575],[106.67224504334082,-6.056441645533814],[106.67404167390906,-6.056441645533814],[106.67404167390906,-6.055543330249694],[106.67493998919318,-6.055543330249694],[106.67493998919318,-6.053746699681455],[106.67404167390906,-6.053746699681455]]]},"id":"+118749-6740","properties":{"cls":5,"count":6}},{"type":"Feature","geometry":{"geodesic":false,"type":"Polygon","coordinates":[[[106.67404167390906,-6.0573399608179335],[106.67493998919318,-6.0573399608179335],[106.67493998919318,-6.055543330249694],[106.67404167390906,-6.055543330249694],[106.67404167390906,-6.0573399608179335]]]},"id":"+118749-6742","properties":{"cls":3,"count":2}},{"type":"Feature","geometry":{"geodesic":false,"type":"Polygon","coordinates":[[[106.67404167390906,-6.0582382761020535],[106.67493998919318,-6.0582382761020535],[106.67493998919318,-6.0573399608179335],[106.67404167390906,-6.0573399608179335],[106.67404167390906,-6.0582382761020535]]]},"id":"+118749-6744","properties":{"cls":5,"count":1}},{"type":"Feature","geometry":{"geodesic":false,"type":"Polygon","coordinates":[[[106.67314335862494,-6.0591365913861726],[106.67224504334082,-6.060933221954412],[106.67404167390906,-6.060933221954412],[106.67404167390906,-6.0600349066702925],[106.67493998919318,-6.0600349066702925],[106.67493998919318,-6.0591365913861726],[106.67314335862494,-6.0591365913861726]]]},"id":"+118749-6746","properties":{"cls":2,"count":4}},{"type":"Feature","geometry":{"geodesic":false,"type":"Polygon","coordinates":[[[106.67404167390906,-6.062729852522651],[106.67493998919318,-6.062729852522651],[106.67493998919318,-6.061831537238532],[106.67404167390906,-6.061831537238532],[106.67404167390906,-6.062729852522651]]]},"id":"+118749-6749","properties":{"cls":7,"count":1}},{"type":"Feature","geometry":{"geodesic":false,"type":"Polygon","coordinates":[[[106.67404167390906,-6.063628167806771],[106.67493998919318,-6.063628167806771],[106.67493998919318,-6.062729852522651],[106.67404167390906,-6.062729852522651],[106.67404167390906,-6.063628167806771]]]},"id":"+118749-6750","properties":{"cls":3,"count":1}},{"type":"Feature","geometry":{"geodesic":false,"type":"Polygon","coordinates":[[[106.67404167390906,-6.19568051457234],[106.67493998919318,-6.19568051457234],[106.67493998919318,-6.194782199288221],[106.67404167390906,-6.194782199288221],[106.67404167390906,-6.19568051457234]]]},"id":"+118749-6897","properties":{"cls":5,"count":1}},{"type":"Feature","geometry":{"geodesic":false,"type":"Polygon","coordinates":[[[106.67493998919318,-6.033085448146706],[106.6758383044773,-6.033085448146706],[106.6758383044773,-6.032187132862587],[106.67493998919318,-6.032187132862587],[106.67493998919318,-6.033085448146706]]]},"id":"+118750-6716","properties":{"cls":3,"count":1}},{"type":"Feature","geometry":{"geodesic":false,"type":"Polygon","coordinates":[[[106.67493998919318,-6.052848384397336],[106.6758383044773,-6.052848384397336],[106.6758383044773,-6.051950069113216],[106.67493998919318,-6.051950069113216],[106.67493998919318,-6.052848384397336]]]},"id":"+118750-6738","properties":{"cls":5,"count":1}},{"type":"Feature","geometry":{"geodesic":false,"type":"Polygon","coordinates":[[[106.67493998919318,-6.056441645533814],[106.6758383044773,-6.056441645533814],[106.6758383044773,-6.054645014965575],[106.67493998919318,-6.054645014965575],[106.67493998919318,-6.056441645533814]]]},"id":"+118750-6741","properties":{"cls":4,"count":2}},{"type":"Feature","geometry":{"geodesic":false,"type":"Polygon","coordinates":[[[106.67493998919318,-6.0591365913861726],[106.6758383044773,-6.0591365913861726],[106.6758383044773,-6.0582382761020535],[106.67493998919318,-6.0582382761020535],[106.67493998919318,-6.0591365913861726]]]},"id":"+118750-6745","properties":{"cls":5,"count":1}},{"type":"Feature","geometry":{"geodesic":false,"type":"Polygon","coordinates":[[[106.67493998919318,-6.073509635932085],[106.6758383044773,-6.073509635932085],[106.6758383044773,-6.072611320647965],[106.67493998919318,-6.072611320647965],[106.67493998919318,-6.073509635932085]]]},"id":"+118750-6761","properties":{"cls":2,"count":1}},{"type":"Feature","geometry":{"geodesic":false,"type":"Polygon","coordinates":[[[106.67493998919318,-6.10225572502391],[106.6758383044773,-6.10225572502391],[106.6758383044773,-6.101357409739791],[106.67493998919318,-6.101357409739791],[106.67493998919318,-6.10225572502391]]]},"id":"+118750-6793","properties":{"cls":3,"count":1}},{"type":"Feature","geometry":{"geodesic":false,"type":"Polygon","coordinates":[[[106.6758383044773,-6.029492187010229],[106.67673661976143,-6.029492187010229],[106.67673661976143,-6.028593871726109],[106.6758383044773,-6.028593871726109],[106.6758383044773,-6.029492187010229]]]},"id":"+118751-6712","properties":{"cls":7,"count":1}},{"type":"Feature","geometry":{"geodesic":false,"type":"Polygon","coordinates":[[[106.67493998919318,-6.029492187010229],[106.67404167390906,-6.031288817578468],[106.6758383044773,-6.031288817578468],[106.6758383044773,-6.030390502294348],[106.67673661976143,-6.030390502294348],[106.67673661976143,-6.029492187010229],[106.67493998919318,-6.029492187010229]]]},"id":"+118751-6713","properties":{"cls":9,"count":4}},{"type":"Feature","geometry":{"geodesic":false,"type":"Polygon","coordinates":[[[106.6758383044773,-6.031288817578468],[106.67673661976143,-6.031288817578468],[106.67673661976143,-6.030390502294348],[106.6758383044773,-6.030390502294348],[106.6758383044773,-6.031288817578468]]]},"id":"+118751-6714","properties":{"cls":7,"count":1}},{"type":"Feature","geometry":{"geodesic":false,"type":"Polygon","coordinates":[[[106.6758383044773,-6.032187132862587],[106.67673661976143,-6.032187132862587],[106.67673661976143,-6.031288817578468],[106.6758383044773,-6.031288817578468],[106.6758383044773,-6.032187132862587]]]},"id":"+118751-6715","properties":{"cls":2,"count":1}},{"type":"Feature","geometry":{"geodesic":false,"type":"Polygon","coordinates":[[[106.6758383044773,-6.042966916272022],[106.67673661976143,-6.042966916272022],[106.67673661976143,-6.042068600987902],[106.6758383044773,-6.042068600987902],[106.6758383044773,-6.042966916272022]]]},"id":"+118751-6727","properties":{"cls":2,"count":1}},{"type":"Feature","geometry":{"geodesic":false,"type":"Polygon","coordinates":[[[106.6758383044773,-6.049255123260858],[106.67673661976143,-6.049255123260858],[106.67673661976143,-6.048356807976739],[106.6758383044773,-6.048356807976739],[106.6758383044773,-6.049255123260858]]]},"id":"+118751-6734","properties":{"cls":9,"count":1}},{"type":"Feature","geometry":{"geodesic":false,"type":"Polygon","coordinates":[[[106.6758383044773,-6.050153438544977],[106.67673661976143,-6.050153438544977],[106.67673661976143,-6.049255123260858],[106.6758383044773,-6.049255123260858],[106.6758383044773,-6.050153438544977]]]},"id":"+118751-6735","properties":{"cls":5,"count":1}},{"type":"Feature","geometry":{"geodesic":false,"type":"Polygon","coordinates":[[[106.67493998919318,-6.051051753829097],[106.67493998919318,-6.051950069113216],[106.6758383044773,-6.051950069113216],[106.6758383044773,-6.053746699681455],[106.67493998919318,-6.053746699681455],[106.67493998919318,-6.054645014965575],[106.67673661976143,-6.054645014965575],[106.67763493504555,-6.052848384397336],[106.67673661976143,-6.052848384397336],[106.67673661976143,-6.051051753829097],[106.67493998919318,-6.051051753829097]]]},"id":"+118751-6737","properties":{"cls":3,"count":7}},{"type":"Feature","geometry":{"geodesic":false,"type":"Polygon","coordinates":[[[106.6758383044773,-6.056441645533814],[106.67673661976143,-6.056441645533814],[106.67673661976143,-6.055543330249694],[106.6758383044773,-6.055543330249694],[106.6758383044773,-6.056441645533814]]]},"id":"+118751-6742","properties":{"cls":3,"count":1}},{"type":"Feature","geometry":{"geodesic":false,"type":"Polygon","coordinates":[[[106.6758383044773,-6.074407951216204],[106.67673661976143,-6.074407951216204],[106.67673661976143,-6.073509635932085],[106.6758383044773,-6.073509635932085],[106.6758383044773,-6.074407951216204]]]},"id":"+118751-6762","properties":{"cls":2,"count":1}},{"type":"Feature","geometry":{"geodesic":false,"type":"Polygon","coordinates":[[[106.6758383044773,-6.10225572502391],[106.67673661976143,-6.10225572502391],[106.67673661976143,-6.101357409739791],[106.6758383044773,-6.101357409739791],[106.6758383044773,-6.10225572502391]]]},"id":"+118751-6793","properties":{"cls":7,"count":1}},{"type":"Feature","geometry":{"geodesic":false,"type":"Polygon","coordinates":[[[106.6758383044773,-6.282817097131933],[106.67673661976143,-6.282817097131933],[106.67673661976143,-6.281918781847814],[106.6758383044773,-6.281918781847814],[106.6758383044773,-6.282817097131933]]]},"id":"+118751-6994","properties":{"cls":2,"count":1}},{"type":"Feature","geometry":{"geodesic":false,"type":"Polygon","coordinates":[[[106.67673661976143,-6.041170285703783],[106.67763493504555,-6.041170285703783],[106.67763493504555,-6.040271970419663],[106.67673661976143,-6.040271970419663],[106.67673661976143,-6.041170285703783]]]},"id":"+118752-6725","properties":{"cls":5,"count":1}},{"type":"Feature","geometry":{"geodesic":false,"type":"Polygon","coordinates":[[[106.67673661976143,-6.042068600987902],[106.67763493504555,-6.042068600987902],[106.67763493504555,-6.041170285703783],[106.67673661976143,-6.041170285703783],[106.67673661976143,-6.042068600987902]]]},"id":"+118752-6726","properties":{"cls":3,"count":1}},{"type":"Feature","geometry":{"geodesic":false,"type":"Polygon","coordinates":[[[106.67673661976143,-6.047458492692619],[106.67763493504555,-6.047458492692619],[106.67763493504555,-6.0465601774085],[106.67673661976143,-6.0465601774085],[106.67673661976143,-6.047458492692619]]]},"id":"+118752-6732","properties":{"cls":9,"count":1}},{"type":"Feature","geometry":{"geodesic":false,"type":"Polygon","coordinates":[[[106.67673661976143,-6.052848384397336],[106.67763493504555,-6.052848384397336],[106.67763493504555,-6.051051753829097],[106.67673661976143,-6.051051753829097],[106.67673661976143,-6.052848384397336]]]},"id":"+118752-6737","properties":{"cls":4,"count":2}},{"type":"Feature","geometry":{"geodesic":false,"type":"Polygon","coordinates":[[[106.6758383044773,-6.055543330249694],[106.67763493504555,-6.055543330249694],[106.67763493504555,-6.054645014965575],[106.6758383044773,-6.054645014965575],[106.6758383044773,-6.055543330249694]]]},"id":"+118752-6741","properties":{"cls":5,"count":2}},{"type":"Feature","geometry":{"geodesic":false,"type":"Polygon","coordinates":[[[106.67673661976143,-6.1157304542857025],[106.67763493504555,-6.1157304542857025],[106.67763493504555,-6.113933823717463],[106.67673661976143,-6.113933823717463],[106.67673661976143,-6.1157304542857025]]]},"id":"+118752-6807","properties":{"cls":9,"count":2}},{"type":"Feature","geometry":{"geodesic":false,"type":"Polygon","coordinates":[[[106.67673661976143,-6.199273775708818],[106.67763493504555,-6.199273775708818],[106.67763493504555,-6.198375460424699],[106.67673661976143,-6.198375460424699],[106.67673661976143,-6.199273775708818]]]},"id":"+118752-6901","properties":{"cls":2,"count":1}},{"type":"Feature","geometry":{"geodesic":false,"type":"Polygon","coordinates":[[[106.67763493504555,-6.033983763430826],[106.67853325032966,-6.033983763430826],[106.67853325032966,-6.033085448146706],[106.67763493504555,-6.033085448146706],[106.67763493504555,-6.033983763430826]]]},"id":"+118753-6717","properties":{"cls":4,"count":1}},{"type":"Feature","geometry":{"geodesic":false,"type":"Polygon","coordinates":[[[106.67763493504555,-6.043865231556141],[106.67853325032966,-6.043865231556141],[106.67853325032966,-6.042966916272022],[106.67763493504555,-6.042966916272022],[106.67763493504555,-6.043865231556141]]]},"id":"+118753-6728","properties":{"cls":5,"count":1}},{"type":"Feature","geometry":{"geodesic":false,"type":"Polygon","coordinates":[[[106.67763493504555,-6.051950069113216],[106.67853325032966,-6.051950069113216],[106.67853325032966,-6.050153438544977],[106.67763493504555,-6.050153438544977],[106.67763493504555,-6.051950069113216]]]},"id":"+118753-6736","properties":{"cls":5,"count":2}},{"type":"Feature","geometry":{"geodesic":false,"type":"Polygon","coordinates":[[[106.67763493504555,-6.051950069113216],[106.67763493504555,-6.053746699681455],[106.67673661976143,-6.053746699681455],[106.67673661976143,-6.054645014965575],[106.67853325032966,-6.055543330249694],[106.67943156561378,-6.053746699681455],[106.67853325032966,-6.053746699681455],[106.67853325032966,-6.051950069113216],[106.67763493504555,-6.051950069113216]]]},"id":"+118753-6738","properties":{"cls":2,"count":6}},{"type":"Feature","geometry":{"geodesic":false,"type":"Polygon","coordinates":[[[106.67763493504555,-6.113933823717463],[106.67853325032966,-6.113933823717463],[106.67853325032966,-6.113035508433344],[106.67763493504555,-6.113035508433344],[106.67763493504555,-6.113933823717463]]]},"id":"+118753-6806","properties":{"cls":7,"count":1}},{"type":"Feature","geometry":{"geodesic":false,"type":"Polygon","coordinates":[[[106.67763493504555,-6.118425400138062],[106.67853325032966,-6.118425400138062],[106.67853325032966,-6.117527084853942],[106.67763493504555,-6.117527084853942],[106.67763493504555,-6.118425400138062]]]},"id":"+118753-6811","properties":{"cls":9,"count":1}},{"type":"Feature","geometry":{"geodesic":false,"type":"Polygon","coordinates":[[[106.67763493504555,-6.1534596962187225],[106.67853325032966,-6.1534596962187225],[106.67853325032966,-6.152561380934603],[106.67763493504555,-6.152561380934603],[106.67763493504555,-6.1534596962187225]]]},"id":"+118753-6850","properties":{"cls":2,"count":1}},{"type":"Feature","geometry":{"geodesic":false,"type":"Polygon","coordinates":[[[106.67763493504555,-6.273833944290739],[106.67853325032966,-6.273833944290739],[106.67853325032966,-6.272935629006619],[106.67763493504555,-6.272935629006619],[106.67763493504555,-6.273833944290739]]]},"id":"+118753-6984","properties":{"cls":2,"count":1}},{"type":"Feature","geometry":{"geodesic":false,"type":"Polygon","coordinates":[[[106.67853325032966,-6.030390502294348],[106.67943156561378,-6.030390502294348],[106.67943156561378,-6.029492187010229],[106.67853325032966,-6.029492187010229],[106.67853325032966,-6.030390502294348]]]},"id":"+118754-6713","properties":{"cls":2,"count":1}},{"type":"Feature","geometry":{"geodesic":false,"type":"Polygon","coordinates":[[[106.67853325032966,-6.043865231556141],[106.67943156561378,-6.043865231556141],[106.67943156561378,-6.042966916272022],[106.67853325032966,-6.042966916272022],[106.67853325032966,-6.043865231556141]]]},"id":"+118754-6728","properties":{"cls":2,"count":1}},{"type":"Feature","geometry":{"geodesic":false,"type":"Polygon","coordinates":[[[106.67853325032966,-6.051051753829097],[106.67853325032966,-6.052848384397336],[106.6803298808979,-6.052848384397336],[106.67943156561378,-6.051051753829097],[106.67853325032966,-6.051051753829097]]]},"id":"+118754-6737","properties":{"cls":4,"count":3}},{"type":"Feature","geometry":{"geodesic":false,"type":"Polygon","coordinates":[[[106.67853325032966,-6.053746699681455],[106.67943156561378,-6.053746699681455],[106.67943156561378,-6.052848384397336],[106.67853325032966,-6.052848384397336],[106.67853325032966,-6.053746699681455]]]},"id":"+118754-6739","properties":{"cls":3,"count":1}},{"type":"Feature","geometry":{"geodesic":false,"type":"Polygon","coordinates":[[[106.67853325032966,-6.055543330249694],[106.67943156561378,-6.055543330249694],[106.67943156561378,-6.054645014965575],[106.67853325032966,-6.054645014965575],[106.67853325032966,-6.055543330249694]]]},"id":"+118754-6741","properties":{"cls":5,"count":1}},{"type":"Feature","geometry":{"geodesic":false,"type":"Polygon","coordinates":[[[106.67853325032966,-6.062729852522651],[106.67943156561378,-6.062729852522651],[106.67943156561378,-6.061831537238532],[106.67853325032966,-6.061831537238532],[106.67853325032966,-6.062729852522651]]]},"id":"+118754-6749","properties":{"cls":2,"count":1}},{"type":"Feature","geometry":{"geodesic":false,"type":"Polygon","coordinates":[[[106.67853325032966,-6.067221428943249],[106.67943156561378,-6.067221428943249],[106.67943156561378,-6.066323113659129],[106.67853325032966,-6.066323113659129],[106.67853325032966,-6.067221428943249]]]},"id":"+118754-6754","properties":{"cls":5,"count":1}},{"type":"Feature","geometry":{"geodesic":false,"type":"Polygon","coordinates":[[[106.67853325032966,-6.099560779171552],[106.67943156561378,-6.099560779171552],[106.67943156561378,-6.098662463887432],[106.67853325032966,-6.098662463887432],[106.67853325032966,-6.099560779171552]]]},"id":"+118754-6790","properties":{"cls":3,"count":1}},{"type":"Feature","geometry":{"geodesic":false,"type":"Polygon","coordinates":[[[106.67853325032966,-6.100459094455671],[106.67943156561378,-6.100459094455671],[106.67943156561378,-6.099560779171552],[106.67853325032966,-6.099560779171552],[106.67853325032966,-6.100459094455671]]]},"id":"+118754-6791","properties":{"cls":5,"count":1}},{"type":"Feature","geometry":{"geodesic":false,"type":"Polygon","coordinates":[[[106.67853325032966,-6.113933823717463],[106.67943156561378,-6.113933823717463],[106.67943156561378,-6.113035508433344],[106.67853325032966,-6.113035508433344],[106.67853325032966,-6.113933823717463]]]},"id":"+118754-6806","properties":{"cls":9,"count":1}},{"type":"Feature","geometry":{"geodesic":false,"type":"Polygon","coordinates":[[[106.67853325032966,-6.272935629006619],[106.67943156561378,-6.272935629006619],[106.67943156561378,-6.27113899843838],[106.67853325032966,-6.27113899843838],[106.67853325032966,-6.272935629006619]]]},"id":"+118754-6982","properties":{"cls":2,"count":2}},{"type":"Feature","geometry":{"geodesic":false,"type":"Polygon","coordinates":[[[106.67943156561378,-6.032187132862587],[106.6803298808979,-6.032187132862587],[106.6803298808979,-6.030390502294348],[106.67943156561378,-6.030390502294348],[106.67943156561378,-6.032187132862587]]]},"id":"+118755-6714","properties":{"cls":2,"count":2}},{"type":"Feature","geometry":{"geodesic":false,"type":"Polygon","coordinates":[[[106.67943156561378,-6.053746699681455],[106.6803298808979,-6.053746699681455],[106.6803298808979,-6.052848384397336],[106.67943156561378,-6.052848384397336],[106.67943156561378,-6.053746699681455]]]},"id":"+118755-6739","properties":{"cls":2,"count":1}},{"type":"Feature","geometry":{"geodesic":false,"type":"Polygon","coordinates":[[[106.67943156561378,-6.054645014965575],[106.6803298808979,-6.054645014965575],[106.6803298808979,-6.053746699681455],[106.67943156561378,-6.053746699681455],[106.67943156561378,-6.054645014965575]]]},"id":"+118755-6740","properties":{"cls":4,"count":1}},{"type":"Feature","geometry":{"geodesic":false,"type":"Polygon","coordinates":[[[106.67943156561378,-6.0582382761020535],[106.6803298808979,-6.0582382761020535],[106.6803298808979,-6.056441645533814],[106.67943156561378,-6.056441645533814],[106.67943156561378,-6.0582382761020535]]]},"id":"+118755-6743","properties":{"cls":2,"count":2}},{"type":"Feature","geometry":{"geodesic":false,"type":"Polygon","coordinates":[[[106.67943156561378,-6.06452648309089],[106.6803298808979,-6.06452648309089],[106.6803298808979,-6.063628167806771],[106.67943156561378,-6.063628167806771],[106.67943156561378,-6.06452648309089]]]},"id":"+118755-6751","properties":{"cls":5,"count":1}},{"type":"Feature","geometry":{"geodesic":false,"type":"Polygon","coordinates":[[[106.67943156561378,-6.066323113659129],[106.6803298808979,-6.066323113659129],[106.6803298808979,-6.06542479837501],[106.67943156561378,-6.06542479837501],[106.67943156561378,-6.066323113659129]]]},"id":"+118755-6753","properties":{"cls":2,"count":1}},{"type":"Feature","geometry":{"geodesic":false,"type":"Polygon","coordinates":[[[106.67943156561378,-6.067221428943249],[106.6803298808979,-6.067221428943249],[106.6803298808979,-6.066323113659129],[106.67943156561378,-6.066323113659129],[106.67943156561378,-6.067221428943249]]]},"id":"+118755-6754","properties":{"cls":3,"count":1}},{"type":"Feature","geometry":{"geodesic":false,"type":"Polygon","coordinates":[[[106.67943156561378,-6.101357409739791],[106.6803298808979,-6.101357409739791],[106.6803298808979,-6.100459094455671],[106.67943156561378,-6.100459094455671],[106.67943156561378,-6.101357409739791]]]},"id":"+118755-6792","properties":{"cls":5,"count":1}},{"type":"Feature","geometry":{"geodesic":false,"type":"Polygon","coordinates":[[[106.67943156561378,-6.1157304542857025],[106.6803298808979,-6.1157304542857025],[106.6803298808979,-6.114832139001583],[106.67943156561378,-6.114832139001583],[106.67943156561378,-6.1157304542857025]]]},"id":"+118755-6808","properties":{"cls":7,"count":1}},{"type":"Feature","geometry":{"geodesic":false,"type":"Polygon","coordinates":[[[106.67943156561378,-6.117527084853942],[106.6803298808979,-6.117527084853942],[106.6803298808979,-6.1166287695698225],[106.67943156561378,-6.1166287695698225],[106.67943156561378,-6.117527084853942]]]},"id":"+118755-6810","properties":{"cls":5,"count":1}},{"type":"Feature","geometry":{"geodesic":false,"type":"Polygon","coordinates":[[[106.67943156561378,-6.156154642071081],[106.6803298808979,-6.156154642071081],[106.6803298808979,-6.1552563267869616],[106.67943156561378,-6.1552563267869616],[106.67943156561378,-6.156154642071081]]]},"id":"+118755-6853","properties":{"cls":5,"count":1}},{"type":"Feature","geometry":{"geodesic":false,"type":"Polygon","coordinates":[[[106.67943156561378,-6.202867036845296],[106.6803298808979,-6.202867036845296],[106.6803298808979,-6.201968721561177],[106.67943156561378,-6.201968721561177],[106.67943156561378,-6.202867036845296]]]},"id":"+118755-6905","properties":{"cls":9,"count":1}},{"type":"Feature","geometry":{"geodesic":false,"type":"Polygon","coordinates":[[[106.6803298808979,-6.032187132862587],[106.68122819618202,-6.032187132862587],[106.68122819618202,-6.031288817578468],[106.6803298808979,-6.031288817578468],[106.6803298808979,-6.032187132862587]]]},"id":"+118756-6715","properties":{"cls":9,"count":1}},{"type":"Feature","geometry":{"geodesic":false,"type":"Polygon","coordinates":[[[106.6803298808979,-6.055543330249694],[106.68122819618202,-6.055543330249694],[106.68122819618202,-6.054645014965575],[106.6803298808979,-6.054645014965575],[106.6803298808979,-6.055543330249694]]]},"id":"+118756-6741","properties":{"cls":4,"count":1}},{"type":"Feature","geometry":{"geodesic":false,"type":"Polygon","coordinates":[[[106.6803298808979,-6.0582382761020535],[106.68122819618202,-6.0582382761020535],[106.68122819618202,-6.0573399608179335],[106.6803298808979,-6.0573399608179335],[106.6803298808979,-6.0582382761020535]]]},"id":"+118756-6744","properties":{"cls":4,"count":1}},{"type":"Feature","geometry":{"geodesic":false,"type":"Polygon","coordinates":[[[106.6803298808979,-6.068119744227368],[106.68122819618202,-6.068119744227368],[106.68122819618202,-6.067221428943249],[106.6803298808979,-6.067221428943249],[106.6803298808979,-6.068119744227368]]]},"id":"+118756-6755","properties":{"cls":4,"count":1}},{"type":"Feature","geometry":{"geodesic":false,"type":"Polygon","coordinates":[[[106.6803298808979,-6.101357409739791],[106.68122819618202,-6.101357409739791],[106.68122819618202,-6.100459094455671],[106.6803298808979,-6.100459094455671],[106.6803298808979,-6.101357409739791]]]},"id":"+118756-6792","properties":{"cls":7,"count":1}},{"type":"Feature","geometry":{"geodesic":false,"type":"Polygon","coordinates":[[[106.68122819618202,-6.033085448146706],[106.68212651146614,-6.033085448146706],[106.68212651146614,-6.032187132862587],[106.68122819618202,-6.032187132862587],[106.68122819618202,-6.033085448146706]]]},"id":"+118757-6716","properties":{"cls":3,"count":1}},{"type":"Feature","geometry":{"geodesic":false,"type":"Polygon","coordinates":[[[106.68122819618202,-6.042966916272022],[106.68212651146614,-6.042966916272022],[106.68212651146614,-6.042068600987902],[106.68122819618202,-6.042068600987902],[106.68122819618202,-6.042966916272022]]]},"id":"+118757-6727","properties":{"cls":2,"count":1}},{"type":"Feature","geometry":{"geodesic":false,"type":"Polygon","coordinates":[[[106.68122819618202,-6.04566186212438],[106.68212651146614,-6.04566186212438],[106.68212651146614,-6.044763546840261],[106.68122819618202,-6.044763546840261],[106.68122819618202,-6.04566186212438]]]},"id":"+118757-6730","properties":{"cls":5,"count":1}},{"type":"Feature","geometry":{"geodesic":false,"type":"Polygon","coordinates":[[[106.68122819618202,-6.048356807976739],[106.68212651146614,-6.048356807976739],[106.68212651146614,-6.047458492692619],[106.68122819618202,-6.047458492692619],[106.68122819618202,-6.048356807976739]]]},"id":"+118757-6733","properties":{"cls":2,"count":1}},{"type":"Feature","geometry":{"geodesic":false,"type":"Polygon","coordinates":[[[106.68122819618202,-6.051950069113216],[106.68212651146614,-6.051950069113216],[106.68212651146614,-6.051051753829097],[106.68122819618202,-6.051051753829097],[106.68122819618202,-6.051950069113216]]]},"id":"+118757-6737","properties":{"cls":5,"count":1}},{"type":"Feature","geometry":{"geodesic":false,"type":"Polygon","coordinates":[[[106.68122819618202,-6.054645014965575],[106.68212651146614,-6.054645014965575],[106.68212651146614,-6.053746699681455],[106.68122819618202,-6.053746699681455],[106.68122819618202,-6.054645014965575]]]},"id":"+118757-6740","properties":{"cls":7,"count":1}},{"type":"Feature","geometry":{"geodesic":false,"type":"Polygon","coordinates":[[[106.68122819618202,-6.055543330249694],[106.68212651146614,-6.055543330249694],[106.68212651146614,-6.054645014965575],[106.68122819618202,-6.054645014965575],[106.68122819618202,-6.055543330249694]]]},"id":"+118757-6741","properties":{"cls":2,"count":1}},{"type":"Feature","geometry":{"geodesic":false,"type":"Polygon","coordinates":[[[106.68122819618202,-6.0573399608179335],[106.68212651146614,-6.0573399608179335],[106.68212651146614,-6.056441645533814],[106.68122819618202,-6.056441645533814],[106.68122819618202,-6.0573399608179335]]]},"id":"+118757-6743","properties":{"cls":2,"count":1}},{"type":"Feature","geometry":{"geodesic":false,"type":"Polygon","coordinates":[[[106.68122819618202,-6.060933221954412],[106.68212651146614,-6.060933221954412],[106.68212651146614,-6.0600349066702925],[106.68122819618202,-6.0600349066702925],[106.68122819618202,-6.060933221954412]]]},"id":"+118757-6747","properties":{"cls":3,"count":1}},{"type":"Feature","geometry":{"geodesic":false,"type":"Polygon","coordinates":[[[106.68212651146614,-6.033983763430826],[106.68302482675026,-6.033983763430826],[106.68302482675026,-6.033085448146706],[106.68212651146614,-6.033085448146706],[106.68212651146614,-6.033983763430826]]]},"id":"+118758-6717","properties":{"cls":3,"count":1}},{"type":"Feature","geometry":{"geodesic":false,"type":"Polygon","coordinates":[[[106.68212651146614,-6.043865231556141],[106.68302482675026,-6.043865231556141],[106.68302482675026,-6.042966916272022],[106.68212651146614,-6.042966916272022],[106.68212651146614,-6.043865231556141]]]},"id":"+118758-6728","properties":{"cls":2,"count":1}},{"type":"Feature","geometry":{"geodesic":false,"type":"Polygon","coordinates":[[[106.68212651146614,-6.044763546840261],[106.68302482675026,-6.044763546840261],[106.68302482675026,-6.043865231556141],[106.68212651146614,-6.043865231556141],[106.68212651146614,-6.044763546840261]]]},"id":"+118758-6729","properties":{"cls":3,"count":1}},{"type":"Feature","geometry":{"geodesic":false,"type":"Polygon","coordinates":[[[106.68212651146614,-6.04566186212438],[106.68302482675026,-6.04566186212438],[106.68302482675026,-6.044763546840261],[106.68212651146614,-6.044763546840261],[106.68212651146614,-6.04566186212438]]]},"id":"+118758-6730","properties":{"cls":7,"count":1}},{"type":"Feature","geometry":{"geodesic":false,"type":"Polygon","coordinates":[[[106.68212651146614,-6.0465601774085],[106.68302482675026,-6.0465601774085],[106.68302482675026,-6.04566186212438],[106.68212651146614,-6.04566186212438],[106.68212651146614,-6.0465601774085]]]},"id":"+118758-6731","properties":{"cls":5,"count":1}},{"type":"Feature","geometry":{"geodesic":false,"type":"Polygon","coordinates":[[[106.68212651146614,-6.051950069113216],[106.68302482675026,-6.051950069113216],[106.68302482675026,-6.051051753829097],[106.68212651146614,-6.051051753829097],[106.68212651146614,-6.051950069113216]]]},"id":"+118758-6737","properties":{"cls":9,"count":1}},{"type":"Feature","geometry":{"geodesic":false,"type":"Polygon","coordinates":[[[106.68212651146614,-6.0591365913861726],[106.68302482675026,-6.0591365913861726],[106.68302482675026,-6.0582382761020535],[106.68212651146614,-6.0582382761020535],[106.68212651146614,-6.0591365913861726]]]},"id":"+118758-6745","properties":{"cls":5,"count":1}},{"type":"Feature","geometry":{"geodesic":false,"type":"Polygon","coordinates":[[[106.68302482675026,-6.0384753398514235],[106.68392314203437,-6.0384753398514235],[106.68392314203437,-6.037577024567304],[106.68302482675026,-6.037577024567304],[106.68302482675026,-6.0384753398514235]]]},"id":"+118759-6722","properties":{"cls":4,"count":1}},{"type":"Feature","geometry":{"geodesic":false,"type":"Polygon","coordinates":[[[106.68302482675026,-6.041170285703783],[106.68392314203437,-6.041170285703783],[106.68392314203437,-6.040271970419663],[106.68302482675026,-6.040271970419663],[106.68302482675026,-6.041170285703783]]]},"id":"+118759-6725","properties":{"cls":3,"count":1}},{"type":"Feature","geometry":{"geodesic":false,"type":"Polygon","coordinates":[[[106.68302482675026,-6.042068600987902],[106.68392314203437,-6.042068600987902],[106.68392314203437,-6.041170285703783],[106.68302482675026,-6.041170285703783],[106.68302482675026,-6.042068600987902]]]},"id":"+118759-6726","properties":{"cls":2,"count":1}},{"type":"Feature","geometry":{"geodesic":false,"type":"Polygon","coordinates":[[[106.68302482675026,-6.052848384397336],[106.68392314203437,-6.052848384397336],[106.68392314203437,-6.051950069113216],[106.68302482675026,-6.051950069113216],[106.68302482675026,-6.052848384397336]]]},"id":"+118759-6738","properties":{"cls":7,"count":1}},{"type":"Feature","geometry":{"geodesic":false,"type":"Polygon","coordinates":[[[106.68302482675026,-6.053746699681455],[106.68392314203437,-6.053746699681455],[106.68392314203437,-6.052848384397336],[106.68302482675026,-6.052848384397336],[106.68302482675026,-6.053746699681455]]]},"id":"+118759-6739","properties":{"cls":9,"count":1}},{"type":"Feature","geometry":{"geodesic":false,"type":"Polygon","coordinates":[[[106.68302482675026,-6.054645014965575],[106.68392314203437,-6.054645014965575],[106.68392314203437,-6.053746699681455],[106.68302482675026,-6.053746699681455],[106.68302482675026,-6.054645014965575]]]},"id":"+118759-6740","properties":{"cls":4,"count":1}},{"type":"Feature","geometry":{"geodesic":false,"type":"Polygon","coordinates":[[[106.68302482675026,-6.056441645533814],[106.68392314203437,-6.056441645533814],[106.68392314203437,-6.055543330249694],[106.68302482675026,-6.055543330249694],[106.68302482675026,-6.056441645533814]]]},"id":"+118759-6742","properties":{"cls":9,"count":1}},{"type":"Feature","geometry":{"geodesic":false,"type":"Polygon","coordinates":[[[106.68302482675026,-6.0573399608179335],[106.68392314203437,-6.0573399608179335],[106.68392314203437,-6.056441645533814],[106.68302482675026,-6.056441645533814],[106.68302482675026,-6.0573399608179335]]]},"id":"+118759-6743","properties":{"cls":5,"count":1}},{"type":"Feature","geometry":{"geodesic":false,"type":"Polygon","coordinates":[[[106.68302482675026,-6.0591365913861726],[106.68392314203437,-6.0591365913861726],[106.68392314203437,-6.0582382761020535],[106.68302482675026,-6.0582382761020535],[106.68302482675026,-6.0591365913861726]]]},"id":"+118759-6745","properties":{"cls":4,"count":1}},{"type":"Feature","geometry":{"geodesic":false,"type":"Polygon","coordinates":[[[106.68302482675026,-6.0591365913861726],[106.68302482675026,-6.0600349066702925],[106.68212651146614,-6.0600349066702925],[106.68302482675026,-6.061831537238532],[106.68392314203437,-6.061831537238532],[106.68392314203437,-6.060933221954412],[106.68571977260261,-6.060933221954412],[106.68571977260261,-6.0600349066702925],[106.68392314203437,-6.0600349066702925],[106.68392314203437,-6.0591365913861726],[106.68302482675026,-6.0591365913861726]]]},"id":"+118759-6746","properties":{"cls":5,"count":6}},{"type":"Feature","geometry":{"geodesic":false,"type":"Polygon","coordinates":[[[106.68302482675026,-6.36456378798681],[106.68392314203437,-6.36456378798681],[106.68392314203437,-6.3636654727026905],[106.68302482675026,-6.3636654727026905],[106.68302482675026,-6.36456378798681]]]},"id":"+118759-7085","properties":{"cls":3,"count":1}},{"type":"Feature","geometry":{"geodesic":false,"type":"Polygon","coordinates":[[[106.68392314203437,-6.034882078714945],[106.68482145731849,-6.034882078714945],[106.68482145731849,-6.033983763430826],[106.68392314203437,-6.033983763430826],[106.68392314203437,-6.034882078714945]]]},"id":"+118760-6718","properties":{"cls":7,"count":1}},{"type":"Feature","geometry":{"geodesic":false,"type":"Polygon","coordinates":[[[106.68392314203437,-6.0384753398514235],[106.68482145731849,-6.0384753398514235],[106.68482145731849,-6.037577024567304],[106.68392314203437,-6.037577024567304],[106.68392314203437,-6.0384753398514235]]]},"id":"+118760-6722","properties":{"cls":7,"count":1}},{"type":"Feature","geometry":{"geodesic":false,"type":"Polygon","coordinates":[[[106.68392314203437,-6.044763546840261],[106.68482145731849,-6.044763546840261],[106.68482145731849,-6.043865231556141],[106.68392314203437,-6.043865231556141],[106.68392314203437,-6.044763546840261]]]},"id":"+118760-6729","properties":{"cls":2,"count":1}},{"type":"Feature","geometry":{"geodesic":false,"type":"Polygon","coordinates":[[[106.68392314203437,-6.051950069113216],[106.68482145731849,-6.051950069113216],[106.68482145731849,-6.051051753829097],[106.68392314203437,-6.051051753829097],[106.68392314203437,-6.051950069113216]]]},"id":"+118760-6737","properties":{"cls":9,"count":1}},{"type":"Feature","geometry":{"geodesic":false,"type":"Polygon","coordinates":[[[106.68392314203437,-6.053746699681455],[106.68482145731849,-6.053746699681455],[106.68482145731849,-6.052848384397336],[106.68392314203437,-6.052848384397336],[106.68392314203437,-6.053746699681455]]]},"id":"+118760-6739","properties":{"cls":7,"count":1}},{"type":"Feature","geometry":{"geodesic":false,"type":"Polygon","coordinates":[[[106.68392314203437,-6.0582382761020535],[106.68482145731849,-6.0582382761020535],[106.68482145731849,-6.0573399608179335],[106.68392314203437,-6.0573399608179335],[106.68392314203437,-6.0582382761020535]]]},"id":"+118760-6744","properties":{"cls":2,"count":1}},{"type":"Feature","geometry":{"geodesic":false,"type":"Polygon","coordinates":[[[106.68392314203437,-6.061831537238532],[106.68482145731849,-6.061831537238532],[106.68482145731849,-6.060933221954412],[106.68392314203437,-6.060933221954412],[106.68392314203437,-6.061831537238532]]]},"id":"+118760-6748","properties":{"cls":7,"count":1}},{"type":"Feature","geometry":{"geodesic":false,"type":"Polygon","coordinates":[[[106.68392314203437,-6.062729852522651],[106.68482145731849,-6.062729852522651],[106.68482145731849,-6.061831537238532],[106.68392314203437,-6.061831537238532],[106.68392314203437,-6.062729852522651]]]},"id":"+118760-6749","properties":{"cls":4,"count":1}},{"type":"Feature","geometry":{"geodesic":false,"type":"Polygon","coordinates":[[[106.68482145731849,-6.035780393999065],[106.68571977260261,-6.035780393999065],[106.68571977260261,-6.034882078714945],[106.68482145731849,-6.034882078714945],[106.68482145731849,-6.035780393999065]]]},"id":"+118761-6719","properties":{"cls":2,"count":1}},{"type":"Feature","geometry":{"geodesic":false,"type":"Polygon","coordinates":[[[106.68482145731849,-6.0384753398514235],[106.68571977260261,-6.0384753398514235],[106.68571977260261,-6.037577024567304],[106.68482145731849,-6.037577024567304],[106.68482145731849,-6.0384753398514235]]]},"id":"+118761-6722","properties":{"cls":5,"count":1}},{"type":"Feature","geometry":{"geodesic":false,"type":"Polygon","coordinates":[[[106.68482145731849,-6.0465601774085],[106.68571977260261,-6.0465601774085],[106.68571977260261,-6.04566186212438],[106.68482145731849,-6.04566186212438],[106.68482145731849,-6.0465601774085]]]},"id":"+118761-6731","properties":{"cls":9,"count":1}},{"type":"Feature","geometry":{"geodesic":false,"type":"Polygon","coordinates":[[[106.68482145731849,-6.047458492692619],[106.68571977260261,-6.047458492692619],[106.68571977260261,-6.0465601774085],[106.68482145731849,-6.0465601774085],[106.68482145731849,-6.047458492692619]]]},"id":"+118761-6732","properties":{"cls":7,"count":1}},{"type":"Feature","geometry":{"geodesic":false,"type":"Polygon","coordinates":[[[106.68482145731849,-6.051950069113216],[106.68571977260261,-6.051950069113216],[106.68571977260261,-6.051051753829097],[106.68482145731849,-6.051051753829097],[106.68482145731849,-6.051950069113216]]]},"id":"+118761-6737","properties":{"cls":7,"count":1}},{"type":"Feature","geometry":{"geodesic":false,"type":"Polygon","coordinates":[[[106.68392314203437,-6.055543330249694],[106.68392314203437,-6.0573399608179335],[106.68571977260261,-6.0582382761020535],[106.68571977260261,-6.055543330249694],[106.68392314203437,-6.055543330249694]]]},"id":"+118761-6742","properties":{"cls":7,"count":5}},{"type":"Feature","geometry":{"geodesic":false,"type":"Polygon","coordinates":[[[106.68482145731849,-6.061831537238532],[106.68571977260261,-6.061831537238532],[106.68571977260261,-6.060933221954412],[106.68482145731849,-6.060933221954412],[106.68482145731849,-6.061831537238532]]]},"id":"+118761-6748","properties":{"cls":3,"count":1}},{"type":"Feature","geometry":{"geodesic":false,"type":"Polygon","coordinates":[[[106.68571977260261,-6.0384753398514235],[106.68661808788674,-6.0384753398514235],[106.68661808788674,-6.037577024567304],[106.68571977260261,-6.037577024567304],[106.68571977260261,-6.0384753398514235]]]},"id":"+118762-6722","properties":{"cls":4,"count":1}},{"type":"Feature","geometry":{"geodesic":false,"type":"Polygon","coordinates":[[[106.68571977260261,-6.051950069113216],[106.68661808788674,-6.051950069113216],[106.68661808788674,-6.050153438544977],[106.68571977260261,-6.050153438544977],[106.68571977260261,-6.051950069113216]]]},"id":"+118762-6736","properties":{"cls":9,"count":2}},{"type":"Feature","geometry":{"geodesic":false,"type":"Polygon","coordinates":[[[106.68571977260261,-6.053746699681455],[106.68482145731849,-6.055543330249694],[106.68661808788674,-6.055543330249694],[106.68661808788674,-6.053746699681455],[106.68571977260261,-6.053746699681455]]]},"id":"+118762-6740","properties":{"cls":9,"count":3}},{"type":"Feature","geometry":{"geodesic":false,"type":"Polygon","coordinates":[[[106.68571977260261,-6.0591365913861726],[106.68661808788674,-6.0591365913861726],[106.68661808788674,-6.0582382761020535],[106.68571977260261,-6.0582382761020535],[106.68571977260261,-6.0591365913861726]]]},"id":"+118762-6745","properties":{"cls":5,"count":1}},{"type":"Feature","geometry":{"geodesic":false,"type":"Polygon","coordinates":[[[106.68482145731849,-6.062729852522651],[106.68661808788674,-6.062729852522651],[106.68661808788674,-6.061831537238532],[106.68482145731849,-6.061831537238532],[106.68482145731849,-6.062729852522651]]]},"id":"+118762-6749","properties":{"cls":5,"count":2}},{"type":"Feature","geometry":{"geodesic":false,"type":"Polygon","coordinates":[[[106.68571977260261,-6.06452648309089],[106.68661808788674,-6.06452648309089],[106.68661808788674,-6.063628167806771],[106.68571977260261,-6.063628167806771],[106.68571977260261,-6.06452648309089]]]},"id":"+118762-6751","properties":{"cls":4,"count":1}},{"type":"Feature","geometry":{"geodesic":false,"type":"Polygon","coordinates":[[[106.68571977260261,-6.375343571396244],[106.68661808788674,-6.375343571396244],[106.68661808788674,-6.374445256112125],[106.68571977260261,-6.374445256112125],[106.68571977260261,-6.375343571396244]]]},"id":"+118762-7097","properties":{"cls":2,"count":1}},{"type":"Feature","geometry":{"geodesic":false,"type":"Polygon","coordinates":[[[106.68661808788674,-6.060933221954412],[106.68751640317086,-6.060933221954412],[106.68751640317086,-6.0600349066702925],[106.68661808788674,-6.0600349066702925],[106.68661808788674,-6.060933221954412]]]},"id":"+118763-6747","properties":{"cls":5,"count":1}},{"type":"Feature","geometry":{"geodesic":false,"type":"Polygon","coordinates":[[[106.68661808788674,-6.06452648309089],[106.68751640317086,-6.06452648309089],[106.68751640317086,-6.063628167806771],[106.68661808788674,-6.063628167806771],[106.68661808788674,-6.06452648309089]]]},"id":"+118763-6751","properties":{"cls":5,"count":1}},{"type":"Feature","geometry":{"geodesic":false,"type":"Polygon","coordinates":[[[106.68661808788674,-6.053746699681455],[106.68841471845498,-6.053746699681455],[106.68841471845498,-6.052848384397336],[106.68661808788674,-6.052848384397336],[106.68661808788674,-6.053746699681455]]]},"id":"+118764-6739","properties":{"cls":9,"count":2}},{"type":"Feature","geometry":{"geodesic":false,"type":"Polygon","coordinates":[[[106.68751640317086,-6.054645014965575],[106.68841471845498,-6.054645014965575],[106.68841471845498,-6.053746699681455],[106.68751640317086,-6.053746699681455],[106.68751640317086,-6.054645014965575]]]},"id":"+118764-6740","properties":{"cls":5,"count":1}},{"type":"Feature","geometry":{"geodesic":false,"type":"Polygon","coordinates":[[[106.68751640317086,-6.055543330249694],[106.68841471845498,-6.055543330249694],[106.68841471845498,-6.054645014965575],[106.68751640317086,-6.054645014965575],[106.68751640317086,-6.055543330249694]]]},"id":"+118764-6741","properties":{"cls":4,"count":1}},{"type":"Feature","geometry":{"geodesic":false,"type":"Polygon","coordinates":[[[106.68751640317086,-6.0573399608179335],[106.68841471845498,-6.0573399608179335],[106.68841471845498,-6.056441645533814],[106.68751640317086,-6.056441645533814],[106.68751640317086,-6.0573399608179335]]]},"id":"+118764-6743","properties":{"cls":5,"count":1}},{"type":"Feature","geometry":{"geodesic":false,"type":"Polygon","coordinates":[[[106.68751640317086,-6.0591365913861726],[106.68841471845498,-6.0591365913861726],[106.68841471845498,-6.0582382761020535],[106.68751640317086,-6.0582382761020535],[106.68751640317086,-6.0591365913861726]]]},"id":"+118764-6745","properties":{"cls":3,"count":1}},{"type":"Feature","geometry":{"geodesic":false,"type":"Polygon","coordinates":[[[106.68571977260261,-6.0600349066702925],[106.68841471845498,-6.0600349066702925],[106.68841471845498,-6.0591365913861726],[106.68571977260261,-6.0591365913861726],[106.68571977260261,-6.0600349066702925]]]},"id":"+118764-6746","properties":{"cls":7,"count":3}},{"type":"Feature","geometry":{"geodesic":false,"type":"Polygon","coordinates":[[[106.68751640317086,-6.061831537238532],[106.68841471845498,-6.061831537238532],[106.68841471845498,-6.060933221954412],[106.68751640317086,-6.060933221954412],[106.68751640317086,-6.061831537238532]]]},"id":"+118764-6748","properties":{"cls":5,"count":1}},{"type":"Feature","geometry":{"geodesic":false,"type":"Polygon","coordinates":[[[106.68751640317086,-6.06542479837501],[106.68841471845498,-6.06542479837501],[106.68841471845498,-6.063628167806771],[106.68751640317086,-6.063628167806771],[106.68751640317086,-6.06542479837501]]]},"id":"+118764-6751","properties":{"cls":2,"count":2}},{"type":"Feature","geometry":{"geodesic":false,"type":"Polygon","coordinates":[[[106.68751640317086,-6.110340562580985],[106.68841471845498,-6.110340562580985],[106.68841471845498,-6.108543932012746],[106.68751640317086,-6.108543932012746],[106.68751640317086,-6.110340562580985]]]},"id":"+118764-6801","properties":{"cls":2,"count":2}},{"type":"Feature","geometry":{"geodesic":false,"type":"Polygon","coordinates":[[[106.68751640317086,-6.149866435082244],[106.68841471845498,-6.149866435082244],[106.68841471845498,-6.148069804514005],[106.68751640317086,-6.148069804514005],[106.68751640317086,-6.149866435082244]]]},"id":"+118764-6845","properties":{"cls":3,"count":2}},{"type":"Feature","geometry":{"geodesic":false,"type":"Polygon","coordinates":[[[106.68841471845498,-6.047458492692619],[106.6893130337391,-6.047458492692619],[106.6893130337391,-6.0465601774085],[106.68841471845498,-6.0465601774085],[106.68841471845498,-6.047458492692619]]]},"id":"+118765-6732","properties":{"cls":7,"count":1}},{"type":"Feature","geometry":{"geodesic":false,"type":"Polygon","coordinates":[[[106.68841471845498,-6.053746699681455],[106.6893130337391,-6.053746699681455],[106.6893130337391,-6.052848384397336],[106.68841471845498,-6.052848384397336],[106.68841471845498,-6.053746699681455]]]},"id":"+118765-6739","properties":{"cls":7,"count":1}},{"type":"Feature","geometry":{"geodesic":false,"type":"Polygon","coordinates":[[[106.68841471845498,-6.0573399608179335],[106.6893130337391,-6.0573399608179335],[106.6893130337391,-6.055543330249694],[106.68841471845498,-6.055543330249694],[106.68841471845498,-6.0573399608179335]]]},"id":"+118765-6742","properties":{"cls":7,"count":2}},{"type":"Feature","geometry":{"geodesic":false,"type":"Polygon","coordinates":[[[106.68841471845498,-6.061831537238532],[106.6893130337391,-6.061831537238532],[106.6893130337391,-6.060933221954412],[106.68841471845498,-6.060933221954412],[106.68841471845498,-6.061831537238532]]]},"id":"+118765-6748","properties":{"cls":7,"count":1}},{"type":"Feature","geometry":{"geodesic":false,"type":"Polygon","coordinates":[[[106.68841471845498,-6.062729852522651],[106.6893130337391,-6.062729852522651],[106.6893130337391,-6.061831537238532],[106.68841471845498,-6.061831537238532],[106.68841471845498,-6.062729852522651]]]},"id":"+118765-6749","properties":{"cls":5,"count":1}},{"type":"Feature","geometry":{"geodesic":false,"type":"Polygon","coordinates":[[[106.68841471845498,-6.06452648309089],[106.6893130337391,-6.06452648309089],[106.6893130337391,-6.063628167806771],[106.68841471845498,-6.063628167806771],[106.68841471845498,-6.06452648309089]]]},"id":"+118765-6751","properties":{"cls":4,"count":1}},{"type":"Feature","geometry":{"geodesic":false,"type":"Polygon","coordinates":[[[106.68841471845498,-6.0968658333191925],[106.6893130337391,-6.0968658333191925],[106.6893130337391,-6.095967518035073],[106.68841471845498,-6.095967518035073],[106.68841471845498,-6.0968658333191925]]]},"id":"+118765-6787","properties":{"cls":2,"count":1}},{"type":"Feature","geometry":{"geodesic":false,"type":"Polygon","coordinates":[[[106.68751640317086,-6.175917578321711],[106.6893130337391,-6.175917578321711],[106.6893130337391,-6.175019263037591],[106.68751640317086,-6.175019263037591],[106.68751640317086,-6.175917578321711]]]},"id":"+118765-6875","properties":{"cls":4,"count":2}},{"type":"Feature","geometry":{"geodesic":false,"type":"Polygon","coordinates":[[[106.68841471845498,-6.30976655565552],[106.6893130337391,-6.30976655565552],[106.6893130337391,-6.3088682403714],[106.68841471845498,-6.3088682403714],[106.68841471845498,-6.30976655565552]]]},"id":"+118765-7024","properties":{"cls":2,"count":1}},{"type":"Feature","geometry":{"geodesic":false,"type":"Polygon","coordinates":[[[106.68841471845498,-6.3448008517361805],[106.6893130337391,-6.3448008517361805],[106.6893130337391,-6.343902536452061],[106.68841471845498,-6.343902536452061],[106.68841471845498,-6.3448008517361805]]]},"id":"+118765-7063","properties":{"cls":2,"count":1}},{"type":"Feature","geometry":{"geodesic":false,"type":"Polygon","coordinates":[[[106.6893130337391,-6.0465601774085],[106.69021134902322,-6.0465601774085],[106.69021134902322,-6.04566186212438],[106.6893130337391,-6.04566186212438],[106.6893130337391,-6.0465601774085]]]},"id":"+118766-6731","properties":{"cls":9,"count":1}},{"type":"Feature","geometry":{"geodesic":false,"type":"Polygon","coordinates":[[[106.6893130337391,-6.049255123260858],[106.69021134902322,-6.049255123260858],[106.69021134902322,-6.048356807976739],[106.6893130337391,-6.048356807976739],[106.6893130337391,-6.049255123260858]]]},"id":"+118766-6734","properties":{"cls":7,"count":1}},{"type":"Feature","geometry":{"geodesic":false,"type":"Polygon","coordinates":[[[106.6893130337391,-6.056441645533814],[106.69021134902322,-6.056441645533814],[106.69021134902322,-6.055543330249694],[106.6893130337391,-6.055543330249694],[106.6893130337391,-6.056441645533814]]]},"id":"+118766-6742","properties":{"cls":9,"count":1}},{"type":"Feature","geometry":{"geodesic":false,"type":"Polygon","coordinates":[[[106.68841471845498,-6.0600349066702925],[106.68841471845498,-6.060933221954412],[106.69021134902322,-6.061831537238532],[106.69021134902322,-6.0600349066702925],[106.68841471845498,-6.0600349066702925]]]},"id":"+118766-6747","properties":{"cls":9,"count":3}},{"type":"Feature","geometry":{"geodesic":false,"type":"Polygon","coordinates":[[[106.6893130337391,-6.062729852522651],[106.69021134902322,-6.062729852522651],[106.69021134902322,-6.061831537238532],[106.6893130337391,-6.061831537238532],[106.6893130337391,-6.062729852522651]]]},"id":"+118766-6749","properties":{"cls":4,"count":1}},{"type":"Feature","geometry":{"geodesic":false,"type":"Polygon","coordinates":[[[106.6893130337391,-6.062729852522651],[106.6893130337391,-6.06452648309089],[106.68841471845498,-6.06452648309089],[106.68841471845498,-6.06542479837501],[106.69021134902322,-6.06542479837501],[106.69021134902322,-6.066323113659129],[106.69110966430733,-6.066323113659129],[106.69021134902322,-6.062729852522651],[106.6893130337391,-6.062729852522651]]]},"id":"+118766-6750","properties":{"cls":5,"count":6}},{"type":"Feature","geometry":{"geodesic":false,"type":"Polygon","coordinates":[[[106.6893130337391,-6.108543932012746],[106.69021134902322,-6.108543932012746],[106.69021134902322,-6.107645616728627],[106.6893130337391,-6.107645616728627],[106.6893130337391,-6.108543932012746]]]},"id":"+118766-6800","properties":{"cls":5,"count":1}},{"type":"Feature","geometry":{"geodesic":false,"type":"Polygon","coordinates":[[[106.6893130337391,-6.109442247296866],[106.69021134902322,-6.109442247296866],[106.69021134902322,-6.108543932012746],[106.6893130337391,-6.108543932012746],[106.6893130337391,-6.109442247296866]]]},"id":"+118766-6801","properties":{"cls":9,"count":1}},{"type":"Feature","geometry":{"geodesic":false,"type":"Polygon","coordinates":[[[106.68841471845498,-6.138188336388691],[106.69021134902322,-6.138188336388691],[106.69021134902322,-6.137290021104572],[106.68841471845498,-6.137290021104572],[106.68841471845498,-6.138188336388691]]]},"id":"+118766-6833","properties":{"cls":3,"count":2}},{"type":"Feature","geometry":{"geodesic":false,"type":"Polygon","coordinates":[[[106.69021134902322,-6.035780393999065],[106.69110966430733,-6.035780393999065],[106.69110966430733,-6.034882078714945],[106.69021134902322,-6.034882078714945],[106.69021134902322,-6.035780393999065]]]},"id":"+118767-6719","properties":{"cls":2,"count":1}},{"type":"Feature","geometry":{"geodesic":false,"type":"Polygon","coordinates":[[[106.6893130337391,-6.0573399608179335],[106.68841471845498,-6.0591365913861726],[106.69021134902322,-6.0591365913861726],[106.69110966430733,-6.0573399608179335],[106.6893130337391,-6.0573399608179335]]]},"id":"+118767-6744","properties":{"cls":5,"count":4}},{"type":"Feature","geometry":{"geodesic":false,"type":"Polygon","coordinates":[[[106.69021134902322,-6.061831537238532],[106.69110966430733,-6.061831537238532],[106.69110966430733,-6.060933221954412],[106.69021134902322,-6.060933221954412],[106.69021134902322,-6.061831537238532]]]},"id":"+118767-6748","properties":{"cls":7,"count":1}},{"type":"Feature","geometry":{"geodesic":false,"type":"Polygon","coordinates":[[[106.6893130337391,-6.066323113659129],[106.6893130337391,-6.068119744227368],[106.69021134902322,-6.068119744227368],[106.69110966430733,-6.066323113659129],[106.6893130337391,-6.066323113659129]]]},"id":"+118767-6754","properties":{"cls":3,"count":3}},{"type":"Feature","geometry":{"geodesic":false,"type":"Polygon","coordinates":[[[106.69021134902322,-6.068119744227368],[106.69110966430733,-6.068119744227368],[106.69110966430733,-6.067221428943249],[106.69021134902322,-6.067221428943249],[106.69021134902322,-6.068119744227368]]]},"id":"+118767-6755","properties":{"cls":7,"count":1}},{"type":"Feature","geometry":{"geodesic":false,"type":"Polygon","coordinates":[[[106.69021134902322,-6.092374256898595],[106.69110966430733,-6.092374256898595],[106.69110966430733,-6.091475941614475],[106.69021134902322,-6.091475941614475],[106.69021134902322,-6.092374256898595]]]},"id":"+118767-6782","properties":{"cls":4,"count":1}},{"type":"Feature","geometry":{"geodesic":false,"type":"Polygon","coordinates":[[[106.6893130337391,-6.125611922411017],[106.69110966430733,-6.125611922411017],[106.69110966430733,-6.124713607126898],[106.6893130337391,-6.124713607126898],[106.6893130337391,-6.125611922411017]]]},"id":"+118767-6819","properties":{"cls":2,"count":2}},{"type":"Feature","geometry":{"geodesic":false,"type":"Polygon","coordinates":[[[106.69021134902322,-6.159747903207559],[106.69110966430733,-6.159747903207559],[106.69110966430733,-6.15884958792344],[106.69021134902322,-6.15884958792344],[106.69021134902322,-6.159747903207559]]]},"id":"+118767-6857","properties":{"cls":3,"count":1}},{"type":"Feature","geometry":{"geodesic":false,"type":"Polygon","coordinates":[[[106.69021134902322,-6.160646218491679],[106.69110966430733,-6.160646218491679],[106.69110966430733,-6.159747903207559],[106.69021134902322,-6.159747903207559],[106.69021134902322,-6.160646218491679]]]},"id":"+118767-6858","properties":{"cls":5,"count":1}},{"type":"Feature","geometry":{"geodesic":false,"type":"Polygon","coordinates":[[[106.69021134902322,-6.336716014179105],[106.69110966430733,-6.336716014179105],[106.69110966430733,-6.335817698894985],[106.69021134902322,-6.335817698894985],[106.69021134902322,-6.336716014179105]]]},"id":"+118767-7054","properties":{"cls":2,"count":1}},{"type":"Feature","geometry":{"geodesic":false,"type":"Polygon","coordinates":[[[106.69021134902322,-6.342105905883822],[106.69110966430733,-6.342105905883822],[106.69110966430733,-6.341207590599702],[106.69021134902322,-6.341207590599702],[106.69021134902322,-6.342105905883822]]]},"id":"+118767-7060","properties":{"cls":4,"count":1}},{"type":"Feature","geometry":{"geodesic":false,"type":"Polygon","coordinates":[[[106.69021134902322,-6.367258733839169],[106.69110966430733,-6.367258733839169],[106.69110966430733,-6.3663604185550495],[106.69021134902322,-6.3663604185550495],[106.69021134902322,-6.367258733839169]]]},"id":"+118767-7088","properties":{"cls":3,"count":1}},{"type":"Feature","geometry":{"geodesic":false,"type":"Polygon","coordinates":[[[106.69021134902322,-6.056441645533814],[106.69021134902322,-6.0573399608179335],[106.69200797959145,-6.0582382761020535],[106.69200797959145,-6.056441645533814],[106.69021134902322,-6.056441645533814]]]},"id":"+118768-6743","properties":{"cls":7,"count":3}},{"type":"Feature","geometry":{"geodesic":false,"type":"Polygon","coordinates":[[[106.69021134902322,-6.062729852522651],[106.69200797959145,-6.062729852522651],[106.69200797959145,-6.061831537238532],[106.69021134902322,-6.061831537238532],[106.69021134902322,-6.062729852522651]]]},"id":"+118768-6749","properties":{"cls":9,"count":2}},{"type":"Feature","geometry":{"geodesic":false,"type":"Polygon","coordinates":[[[106.69110966430733,-6.066323113659129],[106.69200797959145,-6.066323113659129],[106.69200797959145,-6.06452648309089],[106.69110966430733,-6.06452648309089],[106.69110966430733,-6.066323113659129]]]},"id":"+118768-6752","properties":{"cls":9,"count":2}},{"type":"Feature","geometry":{"geodesic":false,"type":"Polygon","coordinates":[[[106.69110966430733,-6.067221428943249],[106.69200797959145,-6.067221428943249],[106.69200797959145,-6.066323113659129],[106.69110966430733,-6.066323113659129],[106.69110966430733,-6.067221428943249]]]},"id":"+118768-6754","properties":{"cls":7,"count":1}},{"type":"Feature","geometry":{"geodesic":false,"type":"Polygon","coordinates":[[[106.69110966430733,-6.067221428943249],[106.69021134902322,-6.069018059511487],[106.69200797959145,-6.069018059511487],[106.69200797959145,-6.067221428943249],[106.69110966430733,-6.067221428943249]]]},"id":"+118768-6755","properties":{"cls":5,"count":3}},{"type":"Feature","geometry":{"geodesic":false,"type":"Polygon","coordinates":[[[106.69110966430733,-6.069916374795607],[106.69200797959145,-6.069916374795607],[106.69200797959145,-6.069018059511487],[106.69110966430733,-6.069018059511487],[106.69110966430733,-6.069916374795607]]]},"id":"+118768-6757","properties":{"cls":4,"count":1}},{"type":"Feature","geometry":{"geodesic":false,"type":"Polygon","coordinates":[[[106.69110966430733,-6.106747301444507],[106.69200797959145,-6.106747301444507],[106.69200797959145,-6.105848986160388],[106.69110966430733,-6.105848986160388],[106.69110966430733,-6.106747301444507]]]},"id":"+118768-6798","properties":{"cls":4,"count":1}},{"type":"Feature","geometry":{"geodesic":false,"type":"Polygon","coordinates":[[[106.69110966430733,-6.168731056048754],[106.69200797959145,-6.168731056048754],[106.69200797959145,-6.167832740764635],[106.69110966430733,-6.167832740764635],[106.69110966430733,-6.168731056048754]]]},"id":"+118768-6867","properties":{"cls":4,"count":1}},{"type":"Feature","geometry":{"geodesic":false,"type":"Polygon","coordinates":[[[106.69110966430733,-6.036678709283184],[106.69290629487557,-6.036678709283184],[106.69290629487557,-6.035780393999065],[106.69110966430733,-6.035780393999065],[106.69110966430733,-6.036678709283184]]]},"id":"+118769-6720","properties":{"cls":5,"count":2}},{"type":"Feature","geometry":{"geodesic":false,"type":"Polygon","coordinates":[[[106.69200797959145,-6.0573399608179335],[106.69290629487557,-6.0573399608179335],[106.69290629487557,-6.056441645533814],[106.69200797959145,-6.056441645533814],[106.69200797959145,-6.0573399608179335]]]},"id":"+118769-6743","properties":{"cls":9,"count":1}},{"type":"Feature","geometry":{"geodesic":false,"type":"Polygon","coordinates":[[[106.69200797959145,-6.060933221954412],[106.69290629487557,-6.060933221954412],[106.69290629487557,-6.0600349066702925],[106.69200797959145,-6.0600349066702925],[106.69200797959145,-6.060933221954412]]]},"id":"+118769-6747","properties":{"cls":9,"count":1}},{"type":"Feature","geometry":{"geodesic":false,"type":"Polygon","coordinates":[[[106.69200797959145,-6.061831537238532],[106.69290629487557,-6.061831537238532],[106.69290629487557,-6.060933221954412],[106.69200797959145,-6.060933221954412],[106.69200797959145,-6.061831537238532]]]},"id":"+118769-6748","properties":{"cls":7,"count":1}},{"type":"Feature","geometry":{"geodesic":false,"type":"Polygon","coordinates":[[[106.69200797959145,-6.062729852522651],[106.69200797959145,-6.063628167806771],[106.69021134902322,-6.062729852522651],[106.69021134902322,-6.06452648309089],[106.69200797959145,-6.06452648309089],[106.69200797959145,-6.06542479837501],[106.69290629487557,-6.06542479837501],[106.69290629487557,-6.062729852522651],[106.69200797959145,-6.062729852522651]]]},"id":"+118769-6750","properties":{"cls":7,"count":6}},{"type":"Feature","geometry":{"geodesic":false,"type":"Polygon","coordinates":[[[106.69200797959145,-6.069018059511487],[106.69290629487557,-6.069018059511487],[106.69290629487557,-6.066323113659129],[106.69200797959145,-6.066323113659129],[106.69200797959145,-6.069018059511487]]]},"id":"+118769-6754","properties":{"cls":9,"count":3}},{"type":"Feature","geometry":{"geodesic":false,"type":"Polygon","coordinates":[[[106.69200797959145,-6.069916374795607],[106.69290629487557,-6.069916374795607],[106.69290629487557,-6.069018059511487],[106.69200797959145,-6.069018059511487],[106.69200797959145,-6.069916374795607]]]},"id":"+118769-6757","properties":{"cls":3,"count":1}},{"type":"Feature","geometry":{"geodesic":false,"type":"Polygon","coordinates":[[[106.69200797959145,-6.070814690079726],[106.69290629487557,-6.070814690079726],[106.69290629487557,-6.069916374795607],[106.69200797959145,-6.069916374795607],[106.69200797959145,-6.070814690079726]]]},"id":"+118769-6758","properties":{"cls":4,"count":1}},{"type":"Feature","geometry":{"geodesic":false,"type":"Polygon","coordinates":[[[106.69200797959145,-6.092374256898595],[106.69290629487557,-6.092374256898595],[106.69290629487557,-6.091475941614475],[106.69200797959145,-6.091475941614475],[106.69200797959145,-6.092374256898595]]]},"id":"+118769-6782","properties":{"cls":4,"count":1}},{"type":"Feature","geometry":{"geodesic":false,"type":"Polygon","coordinates":[[[106.69290629487557,-6.033983763430826],[106.69380461015969,-6.033983763430826],[106.69380461015969,-6.033085448146706],[106.69290629487557,-6.033085448146706],[106.69290629487557,-6.033983763430826]]]},"id":"+118770-6717","properties":{"cls":5,"count":1}},{"type":"Feature","geometry":{"geodesic":false,"type":"Polygon","coordinates":[[[106.69290629487557,-6.037577024567304],[106.69380461015969,-6.037577024567304],[106.69380461015969,-6.036678709283184],[106.69290629487557,-6.036678709283184],[106.69290629487557,-6.037577024567304]]]},"id":"+118770-6721","properties":{"cls":9,"count":1}},{"type":"Feature","geometry":{"geodesic":false,"type":"Polygon","coordinates":[[[106.69290629487557,-6.060933221954412],[106.69380461015969,-6.060933221954412],[106.69380461015969,-6.0600349066702925],[106.69290629487557,-6.0600349066702925],[106.69290629487557,-6.060933221954412]]]},"id":"+118770-6747","properties":{"cls":7,"count":1}},{"type":"Feature","geometry":{"geodesic":false,"type":"Polygon","coordinates":[[[106.69290629487557,-6.060933221954412],[106.69290629487557,-6.063628167806771],[106.6947029254438,-6.06452648309089],[106.6947029254438,-6.061831537238532],[106.69290629487557,-6.060933221954412]]]},"id":"+118770-6748","properties":{"cls":9,"count":6}},{"type":"Feature","geometry":{"geodesic":false,"type":"Polygon","coordinates":[[[106.69290629487557,-6.066323113659129],[106.69380461015969,-6.066323113659129],[106.69380461015969,-6.06542479837501],[106.69290629487557,-6.06542479837501],[106.69290629487557,-6.066323113659129]]]},"id":"+118770-6753","properties":{"cls":7,"count":1}},{"type":"Feature","geometry":{"geodesic":false,"type":"Polygon","coordinates":[[[106.69290629487557,-6.090577626330356],[106.69380461015969,-6.090577626330356],[106.69380461015969,-6.089679311046236],[106.69290629487557,-6.089679311046236],[106.69290629487557,-6.090577626330356]]]},"id":"+118770-6780","properties":{"cls":4,"count":1}},{"type":"Feature","geometry":{"geodesic":false,"type":"Polygon","coordinates":[[[106.69110966430733,-6.090577626330356],[106.69110966430733,-6.092374256898595],[106.69200797959145,-6.092374256898595],[106.69200797959145,-6.091475941614475],[106.69380461015969,-6.091475941614475],[106.69380461015969,-6.090577626330356],[106.69110966430733,-6.090577626330356]]]},"id":"+118770-6781","properties":{"cls":3,"count":4}},{"type":"Feature","geometry":{"geodesic":false,"type":"Polygon","coordinates":[[[106.69380461015969,-6.060933221954412],[106.6947029254438,-6.060933221954412],[106.6947029254438,-6.0600349066702925],[106.69380461015969,-6.0600349066702925],[106.69380461015969,-6.060933221954412]]]},"id":"+118771-6747","properties":{"cls":5,"count":1}},{"type":"Feature","geometry":{"geodesic":false,"type":"Polygon","coordinates":[[[106.69380461015969,-6.061831537238532],[106.6947029254438,-6.061831537238532],[106.6947029254438,-6.060933221954412],[106.69380461015969,-6.060933221954412],[106.69380461015969,-6.061831537238532]]]},"id":"+118771-6748","properties":{"cls":4,"count":1}},{"type":"Feature","geometry":{"geodesic":false,"type":"Polygon","coordinates":[[[106.69380461015969,-6.06542479837501],[106.6947029254438,-6.06542479837501],[106.6947029254438,-6.06452648309089],[106.69380461015969,-6.06452648309089],[106.69380461015969,-6.06542479837501]]]},"id":"+118771-6752","properties":{"cls":7,"count":1}},{"type":"Feature","geometry":{"geodesic":false,"type":"Polygon","coordinates":[[[106.69380461015969,-6.066323113659129],[106.6947029254438,-6.066323113659129],[106.6947029254438,-6.06542479837501],[106.69380461015969,-6.06542479837501],[106.69380461015969,-6.066323113659129]]]},"id":"+118771-6753","properties":{"cls":9,"count":1}},{"type":"Feature","geometry":{"geodesic":false,"type":"Polygon","coordinates":[[[106.69290629487557,-6.069916374795607],[106.6947029254438,-6.069916374795607],[106.6947029254438,-6.069018059511487],[106.69290629487557,-6.069018059511487],[106.69290629487557,-6.069916374795607]]]},"id":"+118771-6757","properties":{"cls":9,"count":2}},{"type":"Feature","geometry":{"geodesic":false,"type":"Polygon","coordinates":[[[106.69380461015969,-6.071713005363846],[106.6947029254438,-6.071713005363846],[106.6947029254438,-6.070814690079726],[106.69380461015969,-6.070814690079726],[106.69380461015969,-6.071713005363846]]]},"id":"+118771-6759","properties":{"cls":7,"count":1}},{"type":"Feature","geometry":{"geodesic":false,"type":"Polygon","coordinates":[[[106.69290629487557,-6.113933823717463],[106.69290629487557,-6.1157304542857025],[106.69380461015969,-6.1157304542857025],[106.6947029254438,-6.113933823717463],[106.69290629487557,-6.113933823717463]]]},"id":"+118771-6807","properties":{"cls":3,"count":3}},{"type":"Feature","geometry":{"geodesic":false,"type":"Polygon","coordinates":[[[106.69380461015969,-6.1166287695698225],[106.6947029254438,-6.1166287695698225],[106.6947029254438,-6.1157304542857025],[106.69380461015969,-6.1157304542857025],[106.69380461015969,-6.1166287695698225]]]},"id":"+118771-6809","properties":{"cls":7,"count":1}},{"type":"Feature","geometry":{"geodesic":false,"type":"Polygon","coordinates":[[[106.69380461015969,-6.122018661274539],[106.6947029254438,-6.122018661274539],[106.6947029254438,-6.12112034599042],[106.69380461015969,-6.12112034599042],[106.69380461015969,-6.122018661274539]]]},"id":"+118771-6815","properties":{"cls":5,"count":1}},{"type":"Feature","geometry":{"geodesic":false,"type":"Polygon","coordinates":[[[106.69380461015969,-6.331326122474388],[106.6947029254438,-6.331326122474388],[106.6947029254438,-6.330427807190269],[106.69380461015969,-6.330427807190269],[106.69380461015969,-6.331326122474388]]]},"id":"+118771-7048","properties":{"cls":5,"count":1}},{"type":"Feature","geometry":{"geodesic":false,"type":"Polygon","coordinates":[[[106.6947029254438,-6.0384753398514235],[106.69560124072792,-6.0384753398514235],[106.69560124072792,-6.037577024567304],[106.6947029254438,-6.037577024567304],[106.6947029254438,-6.0384753398514235]]]},"id":"+118772-6722","properties":{"cls":7,"count":1}},{"type":"Feature","geometry":{"geodesic":false,"type":"Polygon","coordinates":[[[106.6947029254438,-6.061831537238532],[106.69560124072792,-6.061831537238532],[106.69560124072792,-6.0600349066702925],[106.6947029254438,-6.0600349066702925],[106.6947029254438,-6.061831537238532]]]},"id":"+118772-6747","properties":{"cls":7,"count":2}},{"type":"Feature","geometry":{"geodesic":false,"type":"Polygon","coordinates":[[[106.6947029254438,-6.063628167806771],[106.69560124072792,-6.063628167806771],[106.69560124072792,-6.062729852522651],[106.6947029254438,-6.062729852522651],[106.6947029254438,-6.063628167806771]]]},"id":"+118772-6750","properties":{"cls":7,"count":1}},{"type":"Feature","geometry":{"geodesic":false,"type":"Polygon","coordinates":[[[106.6947029254438,-6.069916374795607],[106.69560124072792,-6.069916374795607],[106.69560124072792,-6.069018059511487],[106.6947029254438,-6.069018059511487],[106.6947029254438,-6.069916374795607]]]},"id":"+118772-6757","properties":{"cls":7,"count":1}},{"type":"Feature","geometry":{"geodesic":false,"type":"Polygon","coordinates":[[[106.69380461015969,-6.090577626330356],[106.69560124072792,-6.090577626330356],[106.69560124072792,-6.089679311046236],[106.69380461015969,-6.089679311046236],[106.69380461015969,-6.090577626330356]]]},"id":"+118772-6780","properties":{"cls":5,"count":2}},{"type":"Feature","geometry":{"geodesic":false,"type":"Polygon","coordinates":[[[106.6947029254438,-6.114832139001583],[106.69560124072792,-6.114832139001583],[106.69560124072792,-6.113933823717463],[106.6947029254438,-6.113933823717463],[106.6947029254438,-6.114832139001583]]]},"id":"+118772-6807","properties":{"cls":2,"count":1}},{"type":"Feature","geometry":{"geodesic":false,"type":"Polygon","coordinates":[[[106.69380461015969,-6.1157304542857025],[106.69560124072792,-6.1157304542857025],[106.69560124072792,-6.114832139001583],[106.69380461015969,-6.114832139001583],[106.69380461015969,-6.1157304542857025]]]},"id":"+118772-6808","properties":{"cls":5,"count":2}},{"type":"Feature","geometry":{"geodesic":false,"type":"Polygon","coordinates":[[[106.69560124072792,-6.060933221954412],[106.69649955601206,-6.060933221954412],[106.69649955601206,-6.0591365913861726],[106.69560124072792,-6.0591365913861726],[106.69560124072792,-6.060933221954412]]]},"id":"+118773-6746","properties":{"cls":9,"count":2}},{"type":"Feature","geometry":{"geodesic":false,"type":"Polygon","coordinates":[[[106.69560124072792,-6.061831537238532],[106.69649955601206,-6.061831537238532],[106.69649955601206,-6.060933221954412],[106.69560124072792,-6.060933221954412],[106.69560124072792,-6.061831537238532]]]},"id":"+118773-6748","properties":{"cls":5,"count":1}},{"type":"Feature","geometry":{"geodesic":false,"type":"Polygon","coordinates":[[[106.69560124072792,-6.062729852522651],[106.69649955601206,-6.062729852522651],[106.69649955601206,-6.061831537238532],[106.69560124072792,-6.061831537238532],[106.69560124072792,-6.062729852522651]]]},"id":"+118773-6749","properties":{"cls":7,"count":1}},{"type":"Feature","geometry":{"geodesic":false,"type":"Polygon","coordinates":[[[106.69560124072792,-6.06452648309089],[106.69649955601206,-6.06452648309089],[106.69649955601206,-6.063628167806771],[106.69560124072792,-6.063628167806771],[106.69560124072792,-6.06452648309089]]]},"id":"+118773-6751","properties":{"cls":5,"count":1}},{"type":"Feature","geometry":{"geodesic":false,"type":"Polygon","coordinates":[[[106.69560124072792,-6.06452648309089],[106.69560124072792,-6.066323113659129],[106.69649955601206,-6.066323113659129],[106.69649955601206,-6.067221428943249],[106.6982961865803,-6.067221428943249],[106.69649955601206,-6.06452648309089],[106.69560124072792,-6.06452648309089]]]},"id":"+118773-6752","properties":{"cls":9,"count":5}},{"type":"Feature","geometry":{"geodesic":false,"type":"Polygon","coordinates":[[[106.69560124072792,-6.069018059511487],[106.69649955601206,-6.069018059511487],[106.69649955601206,-6.067221428943249],[106.69560124072792,-6.067221428943249],[106.69560124072792,-6.069018059511487]]]},"id":"+118773-6755","properties":{"cls":9,"count":2}},{"type":"Feature","geometry":{"geodesic":false,"type":"Polygon","coordinates":[[[106.6947029254438,-6.073509635932085],[106.69649955601206,-6.073509635932085],[106.69649955601206,-6.072611320647965],[106.6947029254438,-6.072611320647965],[106.6947029254438,-6.073509635932085]]]},"id":"+118773-6761","properties":{"cls":7,"count":2}},{"type":"Feature","geometry":{"geodesic":false,"type":"Polygon","coordinates":[[[106.69560124072792,-6.074407951216204],[106.69649955601206,-6.074407951216204],[106.69649955601206,-6.073509635932085],[106.69560124072792,-6.073509635932085],[106.69560124072792,-6.074407951216204]]]},"id":"+118773-6762","properties":{"cls":9,"count":1}},{"type":"Feature","geometry":{"geodesic":false,"type":"Polygon","coordinates":[[[106.69560124072792,-6.075306266500324],[106.69649955601206,-6.075306266500324],[106.69649955601206,-6.074407951216204],[106.69560124072792,-6.074407951216204],[106.69560124072792,-6.075306266500324]]]},"id":"+118773-6763","properties":{"cls":3,"count":1}},{"type":"Feature","geometry":{"geodesic":false,"type":"Polygon","coordinates":[[[106.69560124072792,-6.114832139001583],[106.69649955601206,-6.114832139001583],[106.69649955601206,-6.113933823717463],[106.69560124072792,-6.113933823717463],[106.69560124072792,-6.114832139001583]]]},"id":"+118773-6807","properties":{"cls":5,"count":1}},{"type":"Feature","geometry":{"geodesic":false,"type":"Polygon","coordinates":[[[106.69560124072792,-6.159747903207559],[106.69649955601206,-6.159747903207559],[106.69649955601206,-6.15884958792344],[106.69560124072792,-6.15884958792344],[106.69560124072792,-6.159747903207559]]]},"id":"+118773-6857","properties":{"cls":4,"count":1}},{"type":"Feature","geometry":{"geodesic":false,"type":"Polygon","coordinates":[[[106.69560124072792,-6.184900731162906],[106.69649955601206,-6.184900731162906],[106.69649955601206,-6.184002415878786],[106.69560124072792,-6.184002415878786],[106.69560124072792,-6.184900731162906]]]},"id":"+118773-6885","properties":{"cls":3,"count":1}},{"type":"Feature","geometry":{"geodesic":false,"type":"Polygon","coordinates":[[[106.69560124072792,-6.284613727700172],[106.69649955601206,-6.284613727700172],[106.69649955601206,-6.283715412416053],[106.69560124072792,-6.283715412416053],[106.69560124072792,-6.284613727700172]]]},"id":"+118773-6996","properties":{"cls":5,"count":1}},{"type":"Feature","geometry":{"geodesic":false,"type":"Polygon","coordinates":[[[106.69649955601206,-6.034882078714945],[106.69739787129618,-6.034882078714945],[106.69739787129618,-6.033983763430826],[106.69649955601206,-6.033983763430826],[106.69649955601206,-6.034882078714945]]]},"id":"+118774-6718","properties":{"cls":9,"count":1}},{"type":"Feature","geometry":{"geodesic":false,"type":"Polygon","coordinates":[[[106.69649955601206,-6.060933221954412],[106.69649955601206,-6.062729852522651],[106.69560124072792,-6.062729852522651],[106.69560124072792,-6.063628167806771],[106.69739787129618,-6.06452648309089],[106.69739787129618,-6.060933221954412],[106.69649955601206,-6.060933221954412]]]},"id":"+118774-6748","properties":{"cls":9,"count":5}},{"type":"Feature","geometry":{"geodesic":false,"type":"Polygon","coordinates":[[[106.69649955601206,-6.117527084853942],[106.69739787129618,-6.117527084853942],[106.69739787129618,-6.1166287695698225],[106.69649955601206,-6.1166287695698225],[106.69649955601206,-6.117527084853942]]]},"id":"+118774-6810","properties":{"cls":3,"count":1}},{"type":"Feature","geometry":{"geodesic":false,"type":"Polygon","coordinates":[[[106.69649955601206,-6.0384753398514235],[106.6982961865803,-6.0384753398514235],[106.6982961865803,-6.036678709283184],[106.69649955601206,-6.036678709283184],[106.69649955601206,-6.0384753398514235]]]},"id":"+118775-6721","properties":{"cls":9,"count":4}},{"type":"Feature","geometry":{"geodesic":false,"type":"Polygon","coordinates":[[[106.69739787129618,-6.06542479837501],[106.6982961865803,-6.06542479837501],[106.6982961865803,-6.06452648309089],[106.69739787129618,-6.06452648309089],[106.69739787129618,-6.06542479837501]]]},"id":"+118775-6752","properties":{"cls":5,"count":1}},{"type":"Feature","geometry":{"geodesic":false,"type":"Polygon","coordinates":[[[106.69739787129618,-6.122916976558659],[106.6982961865803,-6.122916976558659],[106.6982961865803,-6.122018661274539],[106.69739787129618,-6.122018661274539],[106.69739787129618,-6.122916976558659]]]},"id":"+118775-6816","properties":{"cls":3,"count":1}},{"type":"Feature","geometry":{"geodesic":false,"type":"Polygon","coordinates":[[[106.69739787129618,-6.159747903207559],[106.6982961865803,-6.159747903207559],[106.6982961865803,-6.15884958792344],[106.69739787129618,-6.15884958792344],[106.69739787129618,-6.159747903207559]]]},"id":"+118775-6857","properties":{"cls":4,"count":1}},{"type":"Feature","geometry":{"geodesic":false,"type":"Polygon","coordinates":[[[106.69649955601206,-6.184002415878786],[106.6982961865803,-6.184002415878786],[106.6982961865803,-6.183104100594667],[106.69649955601206,-6.183104100594667],[106.69649955601206,-6.184002415878786]]]},"id":"+118775-6884","properties":{"cls":4,"count":2}},{"type":"Feature","geometry":{"geodesic":false,"type":"Polygon","coordinates":[[[106.6982961865803,-6.0384753398514235],[106.69919450186441,-6.0384753398514235],[106.69919450186441,-6.037577024567304],[106.6982961865803,-6.037577024567304],[106.6982961865803,-6.0384753398514235]]]},"id":"+118776-6722","properties":{"cls":7,"count":1}},{"type":"Feature","geometry":{"geodesic":false,"type":"Polygon","coordinates":[[[106.6982961865803,-6.06542479837501],[106.69919450186441,-6.06542479837501],[106.69919450186441,-6.062729852522651],[106.6982961865803,-6.062729852522651],[106.6982961865803,-6.06542479837501]]]},"id":"+118776-6750","properties":{"cls":9,"count":3}},{"type":"Feature","geometry":{"geodesic":false,"type":"Polygon","coordinates":[[[106.6982961865803,-6.069018059511487],[106.69919450186441,-6.069018059511487],[106.69919450186441,-6.068119744227368],[106.6982961865803,-6.068119744227368],[106.6982961865803,-6.069018059511487]]]},"id":"+118776-6756","properties":{"cls":7,"count":1}},{"type":"Feature","geometry":{"geodesic":false,"type":"Polygon","coordinates":[[[106.69739787129618,-6.075306266500324],[106.69919450186441,-6.075306266500324],[106.69919450186441,-6.074407951216204],[106.69739787129618,-6.074407951216204],[106.69739787129618,-6.075306266500324]]]},"id":"+118776-6763","properties":{"cls":7,"count":2}},{"type":"Feature","geometry":{"geodesic":false,"type":"Polygon","coordinates":[[[106.69739787129618,-6.117527084853942],[106.69919450186441,-6.117527084853942],[106.69919450186441,-6.1166287695698225],[106.69739787129618,-6.1166287695698225],[106.69739787129618,-6.117527084853942]]]},"id":"+118776-6810","properties":{"cls":2,"count":2}},{"type":"Feature","geometry":{"geodesic":false,"type":"Polygon","coordinates":[[[106.6982961865803,-6.118425400138062],[106.69919450186441,-6.118425400138062],[106.69919450186441,-6.117527084853942],[106.6982961865803,-6.117527084853942],[106.6982961865803,-6.118425400138062]]]},"id":"+118776-6811","properties":{"cls":5,"count":1}},{"type":"Feature","geometry":{"geodesic":false,"type":"Polygon","coordinates":[[[106.6982961865803,-6.184900731162906],[106.69919450186441,-6.184900731162906],[106.69919450186441,-6.184002415878786],[106.6982961865803,-6.184002415878786],[106.6982961865803,-6.184900731162906]]]},"id":"+118776-6885","properties":{"cls":3,"count":1}},{"type":"Feature","geometry":{"geodesic":false,"type":"Polygon","coordinates":[[[106.6982961865803,-6.188493992299384],[106.69919450186441,-6.188493992299384],[106.69919450186441,-6.187595677015264],[106.6982961865803,-6.187595677015264],[106.6982961865803,-6.188493992299384]]]},"id":"+118776-6889","properties":{"cls":2,"count":1}},{"type":"Feature","geometry":{"geodesic":false,"type":"Polygon","coordinates":[[[106.6982961865803,-6.320546339064953],[106.69919450186441,-6.320546339064953],[106.69919450186441,-6.319648023780834],[106.6982961865803,-6.319648023780834],[106.6982961865803,-6.320546339064953]]]},"id":"+118776-7036","properties":{"cls":3,"count":1}},{"type":"Feature","geometry":{"geodesic":false,"type":"Polygon","coordinates":[[[106.6982961865803,-6.369055364407408],[106.69919450186441,-6.369055364407408],[106.69919450186441,-6.368157049123289],[106.6982961865803,-6.368157049123289],[106.6982961865803,-6.369055364407408]]]},"id":"+118776-7090","properties":{"cls":2,"count":1}},{"type":"Feature","geometry":{"geodesic":false,"type":"Polygon","coordinates":[[[106.69919450186441,-6.0393736551355435],[106.70009281714853,-6.0393736551355435],[106.70009281714853,-6.0384753398514235],[106.69919450186441,-6.0384753398514235],[106.69919450186441,-6.0393736551355435]]]},"id":"+118777-6723","properties":{"cls":7,"count":1}},{"type":"Feature","geometry":{"geodesic":false,"type":"Polygon","coordinates":[[[106.69919450186441,-6.040271970419663],[106.70009281714853,-6.040271970419663],[106.70009281714853,-6.0393736551355435],[106.69919450186441,-6.0393736551355435],[106.69919450186441,-6.040271970419663]]]},"id":"+118777-6724","properties":{"cls":5,"count":1}},{"type":"Feature","geometry":{"geodesic":false,"type":"Polygon","coordinates":[[[106.69919450186441,-6.041170285703783],[106.70009281714853,-6.041170285703783],[106.70009281714853,-6.040271970419663],[106.69919450186441,-6.040271970419663],[106.69919450186441,-6.041170285703783]]]},"id":"+118777-6725","properties":{"cls":7,"count":1}},{"type":"Feature","geometry":{"geodesic":false,"type":"Polygon","coordinates":[[[106.69919450186441,-6.067221428943249],[106.69919450186441,-6.069916374795607],[106.70099113243265,-6.069916374795607],[106.70099113243265,-6.068119744227368],[106.69919450186441,-6.067221428943249]]]},"id":"+118777-6755","properties":{"cls":9,"count":5}},{"type":"Feature","geometry":{"geodesic":false,"type":"Polygon","coordinates":[[[106.6982961865803,-6.073509635932085],[106.70009281714853,-6.073509635932085],[106.70009281714853,-6.072611320647965],[106.6982961865803,-6.072611320647965],[106.6982961865803,-6.073509635932085]]]},"id":"+118777-6761","properties":{"cls":9,"count":2}},{"type":"Feature","geometry":{"geodesic":false,"type":"Polygon","coordinates":[[[106.69919450186441,-6.075306266500324],[106.70009281714853,-6.075306266500324],[106.70009281714853,-6.074407951216204],[106.69919450186441,-6.074407951216204],[106.69919450186441,-6.075306266500324]]]},"id":"+118777-6763","properties":{"cls":4,"count":1}},{"type":"Feature","geometry":{"geodesic":false,"type":"Polygon","coordinates":[[[106.69919450186441,-6.113035508433344],[106.70009281714853,-6.113035508433344],[106.70009281714853,-6.112137193149224],[106.69919450186441,-6.112137193149224],[106.69919450186441,-6.113035508433344]]]},"id":"+118777-6805","properties":{"cls":4,"count":1}},{"type":"Feature","geometry":{"geodesic":false,"type":"Polygon","coordinates":[[[106.69919450186441,-6.114832139001583],[106.70009281714853,-6.114832139001583],[106.70009281714853,-6.113035508433344],[106.69919450186441,-6.113035508433344],[106.69919450186441,-6.114832139001583]]]},"id":"+118777-6806","properties":{"cls":2,"count":2}},{"type":"Feature","geometry":{"geodesic":false,"type":"Polygon","coordinates":[[[106.69919450186441,-6.1157304542857025],[106.70009281714853,-6.1157304542857025],[106.70009281714853,-6.114832139001583],[106.69919450186441,-6.114832139001583],[106.69919450186441,-6.1157304542857025]]]},"id":"+118777-6808","properties":{"cls":3,"count":1}},{"type":"Feature","geometry":{"geodesic":false,"type":"Polygon","coordinates":[[[106.69919450186441,-6.1166287695698225],[106.70009281714853,-6.1166287695698225],[106.70009281714853,-6.1157304542857025],[106.69919450186441,-6.1157304542857025],[106.69919450186441,-6.1166287695698225]]]},"id":"+118777-6809","properties":{"cls":4,"count":1}},{"type":"Feature","geometry":{"geodesic":false,"type":"Polygon","coordinates":[[[106.70009281714853,-6.06452648309089],[106.70099113243265,-6.06452648309089],[106.70099113243265,-6.063628167806771],[106.70009281714853,-6.063628167806771],[106.70009281714853,-6.06452648309089]]]},"id":"+118778-6751","properties":{"cls":9,"count":1}},{"type":"Feature","geometry":{"geodesic":false,"type":"Polygon","coordinates":[[[106.70009281714853,-6.074407951216204],[106.70099113243265,-6.074407951216204],[106.70099113243265,-6.073509635932085],[106.70009281714853,-6.073509635932085],[106.70009281714853,-6.074407951216204]]]},"id":"+118778-6762","properties":{"cls":7,"count":1}},{"type":"Feature","geometry":{"geodesic":false,"type":"Polygon","coordinates":[[[106.70009281714853,-6.075306266500324],[106.70099113243265,-6.075306266500324],[106.70099113243265,-6.074407951216204],[106.70009281714853,-6.074407951216204],[106.70009281714853,-6.075306266500324]]]},"id":"+118778-6763","properties":{"cls":2,"count":1}},{"type":"Feature","geometry":{"geodesic":false,"type":"Polygon","coordinates":[[[106.70009281714853,-6.114832139001583],[106.70099113243265,-6.114832139001583],[106.70099113243265,-6.113933823717463],[106.70009281714853,-6.113933823717463],[106.70009281714853,-6.114832139001583]]]},"id":"+118778-6807","properties":{"cls":3,"count":1}},{"type":"Feature","geometry":{"geodesic":false,"type":"Polygon","coordinates":[[[106.70009281714853,-6.1157304542857025],[106.70099113243265,-6.1157304542857025],[106.70099113243265,-6.114832139001583],[106.70009281714853,-6.114832139001583],[106.70009281714853,-6.1157304542857025]]]},"id":"+118778-6808","properties":{"cls":4,"count":1}},{"type":"Feature","geometry":{"geodesic":false,"type":"Polygon","coordinates":[[[106.70009281714853,-6.1166287695698225],[106.70099113243265,-6.1166287695698225],[106.70099113243265,-6.1157304542857025],[106.70009281714853,-6.1157304542857025],[106.70009281714853,-6.1166287695698225]]]},"id":"+118778-6809","properties":{"cls":3,"count":1}},{"type":"Feature","geometry":{"geodesic":false,"type":"Polygon","coordinates":[[[106.70009281714853,-6.145374858661647],[106.70099113243265,-6.145374858661647],[106.70099113243265,-6.144476543377527],[106.70009281714853,-6.144476543377527],[106.70009281714853,-6.145374858661647]]]},"id":"+118778-6841","properties":{"cls":2,"count":1}},{"type":"Feature","geometry":{"geodesic":false,"type":"Polygon","coordinates":[[[106.70009281714853,-6.15884958792344],[106.70099113243265,-6.15884958792344],[106.70099113243265,-6.15795127263932],[106.70009281714853,-6.15795127263932],[106.70009281714853,-6.15884958792344]]]},"id":"+118778-6856","properties":{"cls":5,"count":1}},{"type":"Feature","geometry":{"geodesic":false,"type":"Polygon","coordinates":[[[106.70009281714853,-6.3448008517361805],[106.70099113243265,-6.3448008517361805],[106.70099113243265,-6.343902536452061],[106.70009281714853,-6.343902536452061],[106.70009281714853,-6.3448008517361805]]]},"id":"+118778-7063","properties":{"cls":3,"count":1}},{"type":"Feature","geometry":{"geodesic":false,"type":"Polygon","coordinates":[[[106.70099113243265,-6.033085448146706],[106.70188944771677,-6.033085448146706],[106.70188944771677,-6.032187132862587],[106.70099113243265,-6.032187132862587],[106.70099113243265,-6.033085448146706]]]},"id":"+118779-6716","properties":{"cls":3,"count":1}},{"type":"Feature","geometry":{"geodesic":false,"type":"Polygon","coordinates":[[[106.70099113243265,-6.0591365913861726],[106.70188944771677,-6.0591365913861726],[106.70188944771677,-6.0582382761020535],[106.70099113243265,-6.0582382761020535],[106.70099113243265,-6.0591365913861726]]]},"id":"+118779-6745","properties":{"cls":9,"count":1}},{"type":"Feature","geometry":{"geodesic":false,"type":"Polygon","coordinates":[[[106.70099113243265,-6.06542479837501],[106.70188944771677,-6.06542479837501],[106.70188944771677,-6.06452648309089],[106.70099113243265,-6.06452648309089],[106.70099113243265,-6.06542479837501]]]},"id":"+118779-6752","properties":{"cls":7,"count":1}},{"type":"Feature","geometry":{"geodesic":false,"type":"Polygon","coordinates":[[[106.70099113243265,-6.066323113659129],[106.70188944771677,-6.066323113659129],[106.70188944771677,-6.06542479837501],[106.70099113243265,-6.06542479837501],[106.70099113243265,-6.066323113659129]]]},"id":"+118779-6753","properties":{"cls":5,"count":1}},{"type":"Feature","geometry":{"geodesic":false,"type":"Polygon","coordinates":[[[106.70099113243265,-6.113933823717463],[106.70188944771677,-6.113933823717463],[106.70188944771677,-6.113035508433344],[106.70099113243265,-6.113035508433344],[106.70099113243265,-6.113933823717463]]]},"id":"+118779-6806","properties":{"cls":3,"count":1}},{"type":"Feature","geometry":{"geodesic":false,"type":"Polygon","coordinates":[[[106.70099113243265,-6.114832139001583],[106.70188944771677,-6.114832139001583],[106.70188944771677,-6.113933823717463],[106.70099113243265,-6.113933823717463],[106.70099113243265,-6.114832139001583]]]},"id":"+118779-6807","properties":{"cls":7,"count":1}},{"type":"Feature","geometry":{"geodesic":false,"type":"Polygon","coordinates":[[[106.70099113243265,-6.15884958792344],[106.70188944771677,-6.15884958792344],[106.70188944771677,-6.15795127263932],[106.70099113243265,-6.15795127263932],[106.70099113243265,-6.15884958792344]]]},"id":"+118779-6856","properties":{"cls":7,"count":1}},{"type":"Feature","geometry":{"geodesic":false,"type":"Polygon","coordinates":[[[106.70099113243265,-6.041170285703783],[106.70099113243265,-6.042966916272022],[106.70188944771677,-6.042966916272022],[106.70278776300088,-6.041170285703783],[106.70099113243265,-6.041170285703783]]]},"id":"+118780-6726","properties":{"cls":9,"count":3}},{"type":"Feature","geometry":{"geodesic":false,"type":"Polygon","coordinates":[[[106.70188944771677,-6.0582382761020535],[106.70278776300088,-6.0582382761020535],[106.70278776300088,-6.0573399608179335],[106.70188944771677,-6.0573399608179335],[106.70188944771677,-6.0582382761020535]]]},"id":"+118780-6744","properties":{"cls":7,"count":1}},{"type":"Feature","geometry":{"geodesic":false,"type":"Polygon","coordinates":[[[106.70099113243265,-6.068119744227368],[106.70278776300088,-6.068119744227368],[106.70278776300088,-6.067221428943249],[106.70099113243265,-6.067221428943249],[106.70099113243265,-6.068119744227368]]]},"id":"+118780-6755","properties":{"cls":9,"count":2}},{"type":"Feature","geometry":{"geodesic":false,"type":"Polygon","coordinates":[[[106.70099113243265,-6.069018059511487],[106.70278776300088,-6.069018059511487],[106.70278776300088,-6.068119744227368],[106.70099113243265,-6.068119744227368],[106.70099113243265,-6.069018059511487]]]},"id":"+118780-6756","properties":{"cls":7,"count":2}},{"type":"Feature","geometry":{"geodesic":false,"type":"Polygon","coordinates":[[[106.70188944771677,-6.074407951216204],[106.70278776300088,-6.074407951216204],[106.70278776300088,-6.073509635932085],[106.70188944771677,-6.073509635932085],[106.70188944771677,-6.074407951216204]]]},"id":"+118780-6762","properties":{"cls":2,"count":1}},{"type":"Feature","geometry":{"geodesic":false,"type":"Polygon","coordinates":[[[106.70188944771677,-6.378038517248603],[106.70278776300088,-6.378038517248603],[106.70278776300088,-6.377140201964483],[106.70188944771677,-6.377140201964483],[106.70188944771677,-6.378038517248603]]]},"id":"+118780-7100","properties":{"cls":5,"count":1}},{"type":"Feature","geometry":{"geodesic":false,"type":"Polygon","coordinates":[[[106.70278776300088,-6.043865231556141],[106.703686078285,-6.043865231556141],[106.703686078285,-6.042068600987902],[106.70278776300088,-6.042068600987902],[106.70278776300088,-6.043865231556141]]]},"id":"+118781-6727","properties":{"cls":9,"count":2}},{"type":"Feature","geometry":{"geodesic":false,"type":"Polygon","coordinates":[[[106.70278776300088,-6.06452648309089],[106.703686078285,-6.06452648309089],[106.703686078285,-6.063628167806771],[106.70278776300088,-6.063628167806771],[106.70278776300088,-6.06452648309089]]]},"id":"+118781-6751","properties":{"cls":9,"count":1}},{"type":"Feature","geometry":{"geodesic":false,"type":"Polygon","coordinates":[[[106.70278776300088,-6.199273775708818],[106.70188944771677,-6.201070406277057],[106.703686078285,-6.201070406277057],[106.703686078285,-6.199273775708818],[106.70278776300088,-6.199273775708818]]]},"id":"+118781-6902","properties":{"cls":2,"count":3}},{"type":"Feature","geometry":{"geodesic":false,"type":"Polygon","coordinates":[[[106.70278776300088,-6.244189539914794],[106.703686078285,-6.244189539914794],[106.703686078285,-6.243291224630675],[106.70278776300088,-6.243291224630675],[106.70278776300088,-6.244189539914794]]]},"id":"+118781-6951","properties":{"cls":2,"count":1}},{"type":"Feature","geometry":{"geodesic":false,"type":"Polygon","coordinates":[[[106.70278776300088,-6.245087855198913],[106.703686078285,-6.245087855198913],[106.703686078285,-6.244189539914794],[106.70278776300088,-6.244189539914794],[106.70278776300088,-6.245087855198913]]]},"id":"+118781-6952","properties":{"cls":3,"count":1}},{"type":"Feature","geometry":{"geodesic":false,"type":"Polygon","coordinates":[[[106.703686078285,-6.043865231556141],[106.70458439356912,-6.043865231556141],[106.70458439356912,-6.042966916272022],[106.703686078285,-6.042966916272022],[106.703686078285,-6.043865231556141]]]},"id":"+118782-6728","properties":{"cls":4,"count":1}},{"type":"Feature","geometry":{"geodesic":false,"type":"Polygon","coordinates":[[[106.703686078285,-6.122916976558659],[106.70458439356912,-6.122916976558659],[106.70458439356912,-6.122018661274539],[106.703686078285,-6.122018661274539],[106.703686078285,-6.122916976558659]]]},"id":"+118782-6816","properties":{"cls":4,"count":1}},{"type":"Feature","geometry":{"geodesic":false,"type":"Polygon","coordinates":[[[106.703686078285,-6.157052957355201],[106.70458439356912,-6.157052957355201],[106.70458439356912,-6.156154642071081],[106.703686078285,-6.156154642071081],[106.703686078285,-6.157052957355201]]]},"id":"+118782-6854","properties":{"cls":2,"count":1}},{"type":"Feature","geometry":{"geodesic":false,"type":"Polygon","coordinates":[[[106.70278776300088,-6.15795127263932],[106.70458439356912,-6.15795127263932],[106.70458439356912,-6.157052957355201],[106.70278776300088,-6.157052957355201],[106.70278776300088,-6.15795127263932]]]},"id":"+118782-6855","properties":{"cls":5,"count":2}},{"type":"Feature","geometry":{"geodesic":false,"type":"Polygon","coordinates":[[[106.70458439356912,-6.0573399608179335],[106.70548270885325,-6.0573399608179335],[106.70548270885325,-6.056441645533814],[106.70458439356912,-6.056441645533814],[106.70458439356912,-6.0573399608179335]]]},"id":"+118783-6743","properties":{"cls":7,"count":1}},{"type":"Feature","geometry":{"geodesic":false,"type":"Polygon","coordinates":[[[106.70458439356912,-6.072611320647965],[106.70548270885325,-6.072611320647965],[106.70548270885325,-6.071713005363846],[106.70458439356912,-6.071713005363846],[106.70458439356912,-6.072611320647965]]]},"id":"+118783-6760","properties":{"cls":3,"count":1}},{"type":"Feature","geometry":{"geodesic":false,"type":"Polygon","coordinates":[[[106.70458439356912,-6.0762045817844434],[106.70548270885325,-6.0762045817844434],[106.70548270885325,-6.075306266500324],[106.70458439356912,-6.075306266500324],[106.70458439356912,-6.0762045817844434]]]},"id":"+118783-6764","properties":{"cls":2,"count":1}},{"type":"Feature","geometry":{"geodesic":false,"type":"Polygon","coordinates":[[[106.70458439356912,-6.077102897068563],[106.70548270885325,-6.077102897068563],[106.70548270885325,-6.0762045817844434],[106.70458439356912,-6.0762045817844434],[106.70458439356912,-6.077102897068563]]]},"id":"+118783-6765","properties":{"cls":5,"count":1}},{"type":"Feature","geometry":{"geodesic":false,"type":"Polygon","coordinates":[[[106.70458439356912,-6.081594473489161],[106.70548270885325,-6.081594473489161],[106.70548270885325,-6.080696158205042],[106.70458439356912,-6.080696158205042],[106.70458439356912,-6.081594473489161]]]},"id":"+118783-6770","properties":{"cls":7,"count":1}},{"type":"Feature","geometry":{"geodesic":false,"type":"Polygon","coordinates":[[[106.70458439356912,-6.157052957355201],[106.70548270885325,-6.157052957355201],[106.70548270885325,-6.156154642071081],[106.70458439356912,-6.156154642071081],[106.70458439356912,-6.157052957355201]]]},"id":"+118783-6854","properties":{"cls":4,"count":1}},{"type":"Feature","geometry":{"geodesic":false,"type":"Polygon","coordinates":[[[106.70548270885325,-6.044763546840261],[106.70638102413737,-6.044763546840261],[106.70638102413737,-6.043865231556141],[106.70548270885325,-6.043865231556141],[106.70548270885325,-6.044763546840261]]]},"id":"+118784-6729","properties":{"cls":9,"count":1}},{"type":"Feature","geometry":{"geodesic":false,"type":"Polygon","coordinates":[[[106.70548270885325,-6.067221428943249],[106.70638102413737,-6.067221428943249],[106.70638102413737,-6.06542479837501],[106.70548270885325,-6.06542479837501],[106.70548270885325,-6.067221428943249]]]},"id":"+118784-6753","properties":{"cls":9,"count":2}},{"type":"Feature","geometry":{"geodesic":false,"type":"Polygon","coordinates":[[[106.70548270885325,-6.069018059511487],[106.70638102413737,-6.069018059511487],[106.70638102413737,-6.068119744227368],[106.70548270885325,-6.068119744227368],[106.70548270885325,-6.069018059511487]]]},"id":"+118784-6756","properties":{"cls":9,"count":1}},{"type":"Feature","geometry":{"geodesic":false,"type":"Polygon","coordinates":[[[106.70548270885325,-6.070814690079726],[106.70638102413737,-6.070814690079726],[106.70638102413737,-6.069916374795607],[106.70548270885325,-6.069916374795607],[106.70548270885325,-6.070814690079726]]]},"id":"+118784-6758","properties":{"cls":7,"count":1}},{"type":"Feature","geometry":{"geodesic":false,"type":"Polygon","coordinates":[[[106.70548270885325,-6.071713005363846],[106.70638102413737,-6.071713005363846],[106.70638102413737,-6.070814690079726],[106.70548270885325,-6.070814690079726],[106.70548270885325,-6.071713005363846]]]},"id":"+118784-6759","properties":{"cls":9,"count":1}},{"type":"Feature","geometry":{"geodesic":false,"type":"Polygon","coordinates":[[[106.70548270885325,-6.073509635932085],[106.70638102413737,-6.073509635932085],[106.70638102413737,-6.071713005363846],[106.70548270885325,-6.071713005363846],[106.70548270885325,-6.073509635932085]]]},"id":"+118784-6760","properties":{"cls":4,"count":2}},{"type":"Feature","geometry":{"geodesic":false,"type":"Polygon","coordinates":[[[106.70548270885325,-6.075306266500324],[106.70638102413737,-6.075306266500324],[106.70638102413737,-6.074407951216204],[106.70548270885325,-6.074407951216204],[106.70548270885325,-6.075306266500324]]]},"id":"+118784-6763","properties":{"cls":5,"count":1}},{"type":"Feature","geometry":{"geodesic":false,"type":"Polygon","coordinates":[[[106.70548270885325,-6.0762045817844434],[106.70638102413737,-6.0762045817844434],[106.70638102413737,-6.075306266500324],[106.70548270885325,-6.075306266500324],[106.70548270885325,-6.0762045817844434]]]},"id":"+118784-6764","properties":{"cls":9,"count":1}},{"type":"Feature","geometry":{"geodesic":false,"type":"Polygon","coordinates":[[[106.70548270885325,-6.081594473489161],[106.70638102413737,-6.081594473489161],[106.70638102413737,-6.080696158205042],[106.70548270885325,-6.080696158205042],[106.70548270885325,-6.081594473489161]]]},"id":"+118784-6770","properties":{"cls":5,"count":1}},{"type":"Feature","geometry":{"geodesic":false,"type":"Polygon","coordinates":[[[106.70638102413737,-6.041170285703783],[106.70727933942149,-6.041170285703783],[106.70727933942149,-6.040271970419663],[106.70638102413737,-6.040271970419663],[106.70638102413737,-6.041170285703783]]]},"id":"+118785-6725","properties":{"cls":9,"count":1}},{"type":"Feature","geometry":{"geodesic":false,"type":"Polygon","coordinates":[[[106.70638102413737,-6.043865231556141],[106.70727933942149,-6.043865231556141],[106.70727933942149,-6.042966916272022],[106.70638102413737,-6.042966916272022],[106.70638102413737,-6.043865231556141]]]},"id":"+118785-6728","properties":{"cls":7,"count":1}},{"type":"Feature","geometry":{"geodesic":false,"type":"Polygon","coordinates":[[[106.70638102413737,-6.0465601774085],[106.70727933942149,-6.0465601774085],[106.70727933942149,-6.04566186212438],[106.70638102413737,-6.04566186212438],[106.70638102413737,-6.0465601774085]]]},"id":"+118785-6731","properties":{"cls":7,"count":1}},{"type":"Feature","geometry":{"geodesic":false,"type":"Polygon","coordinates":[[[106.70638102413737,-6.074407951216204],[106.70727933942149,-6.074407951216204],[106.70727933942149,-6.073509635932085],[106.70638102413737,-6.073509635932085],[106.70638102413737,-6.074407951216204]]]},"id":"+118785-6762","properties":{"cls":4,"count":1}},{"type":"Feature","geometry":{"geodesic":false,"type":"Polygon","coordinates":[[[106.70638102413737,-6.156154642071081],[106.70727933942149,-6.156154642071081],[106.70727933942149,-6.1552563267869616],[106.70638102413737,-6.1552563267869616],[106.70638102413737,-6.156154642071081]]]},"id":"+118785-6853","properties":{"cls":2,"count":1}},{"type":"Feature","geometry":{"geodesic":false,"type":"Polygon","coordinates":[[[106.70638102413737,-6.260359215028946],[106.70727933942149,-6.260359215028946],[106.70727933942149,-6.259460899744826],[106.70638102413737,-6.259460899744826],[106.70638102413737,-6.260359215028946]]]},"id":"+118785-6969","properties":{"cls":3,"count":1}},{"type":"Feature","geometry":{"geodesic":false,"type":"Polygon","coordinates":[[[106.70638102413737,-6.380733463100961],[106.70727933942149,-6.380733463100961],[106.70727933942149,-6.379835147816842],[106.70638102413737,-6.379835147816842],[106.70638102413737,-6.380733463100961]]]},"id":"+118785-7103","properties":{"cls":4,"count":1}},{"type":"Feature","geometry":{"geodesic":false,"type":"Polygon","coordinates":[[[106.70727933942149,-6.053746699681455],[106.70817765470561,-6.053746699681455],[106.70817765470561,-6.052848384397336],[106.70727933942149,-6.052848384397336],[106.70727933942149,-6.053746699681455]]]},"id":"+118786-6739","properties":{"cls":5,"count":1}},{"type":"Feature","geometry":{"geodesic":false,"type":"Polygon","coordinates":[[[106.70727933942149,-6.063628167806771],[106.70817765470561,-6.063628167806771],[106.70817765470561,-6.062729852522651],[106.70727933942149,-6.062729852522651],[106.70727933942149,-6.063628167806771]]]},"id":"+118786-6750","properties":{"cls":9,"count":1}},{"type":"Feature","geometry":{"geodesic":false,"type":"Polygon","coordinates":[[[106.70727933942149,-6.071713005363846],[106.70817765470561,-6.071713005363846],[106.70817765470561,-6.070814690079726],[106.70727933942149,-6.070814690079726],[106.70727933942149,-6.071713005363846]]]},"id":"+118786-6759","properties":{"cls":7,"count":1}},{"type":"Feature","geometry":{"geodesic":false,"type":"Polygon","coordinates":[[[106.70638102413737,-6.073509635932085],[106.70817765470561,-6.073509635932085],[106.70817765470561,-6.072611320647965],[106.70638102413737,-6.072611320647965],[106.70638102413737,-6.073509635932085]]]},"id":"+118786-6761","properties":{"cls":9,"count":2}},{"type":"Feature","geometry":{"geodesic":false,"type":"Polygon","coordinates":[[[106.70727933942149,-6.0780012123526825],[106.70817765470561,-6.0780012123526825],[106.70817765470561,-6.077102897068563],[106.70727933942149,-6.077102897068563],[106.70727933942149,-6.0780012123526825]]]},"id":"+118786-6766","properties":{"cls":3,"count":1}},{"type":"Feature","geometry":{"geodesic":false,"type":"Polygon","coordinates":[[[106.70638102413737,-6.0780012123526825],[106.70638102413737,-6.079797842920922],[106.70727933942149,-6.079797842920922],[106.70817765470561,-6.0780012123526825],[106.70638102413737,-6.0780012123526825]]]},"id":"+118786-6767","properties":{"cls":4,"count":3}},{"type":"Feature","geometry":{"geodesic":false,"type":"Polygon","coordinates":[[[106.70727933942149,-6.206460297981774],[106.70817765470561,-6.206460297981774],[106.70817765470561,-6.205561982697655],[106.70727933942149,-6.205561982697655],[106.70727933942149,-6.206460297981774]]]},"id":"+118786-6909","properties":{"cls":3,"count":1}},{"type":"Feature","geometry":{"geodesic":false,"type":"Polygon","coordinates":[[[106.70727933942149,-6.044763546840261],[106.70907596998973,-6.044763546840261],[106.70907596998973,-6.043865231556141],[106.70727933942149,-6.043865231556141],[106.70727933942149,-6.044763546840261]]]},"id":"+118787-6729","properties":{"cls":7,"count":2}},{"type":"Feature","geometry":{"geodesic":false,"type":"Polygon","coordinates":[[[106.70727933942149,-6.0465601774085],[106.70907596998973,-6.0465601774085],[106.70907596998973,-6.04566186212438],[106.70727933942149,-6.04566186212438],[106.70727933942149,-6.0465601774085]]]},"id":"+118787-6731","properties":{"cls":9,"count":2}},{"type":"Feature","geometry":{"geodesic":false,"type":"Polygon","coordinates":[[[106.70817765470561,-6.047458492692619],[106.70907596998973,-6.047458492692619],[106.70907596998973,-6.0465601774085],[106.70817765470561,-6.0465601774085],[106.70817765470561,-6.047458492692619]]]},"id":"+118787-6732","properties":{"cls":7,"count":1}},{"type":"Feature","geometry":{"geodesic":false,"type":"Polygon","coordinates":[[[106.70817765470561,-6.049255123260858],[106.70907596998973,-6.049255123260858],[106.70907596998973,-6.048356807976739],[106.70817765470561,-6.048356807976739],[106.70817765470561,-6.049255123260858]]]},"id":"+118787-6734","properties":{"cls":9,"count":1}},{"type":"Feature","geometry":{"geodesic":false,"type":"Polygon","coordinates":[[[106.70817765470561,-6.050153438544977],[106.70907596998973,-6.050153438544977],[106.70907596998973,-6.049255123260858],[106.70817765470561,-6.049255123260858],[106.70817765470561,-6.050153438544977]]]},"id":"+118787-6735","properties":{"cls":5,"count":1}},{"type":"Feature","geometry":{"geodesic":false,"type":"Polygon","coordinates":[[[106.70817765470561,-6.051051753829097],[106.70907596998973,-6.051051753829097],[106.70907596998973,-6.050153438544977],[106.70817765470561,-6.050153438544977],[106.70817765470561,-6.051051753829097]]]},"id":"+118787-6736","properties":{"cls":9,"count":1}},{"type":"Feature","geometry":{"geodesic":false,"type":"Polygon","coordinates":[[[106.70817765470561,-6.051950069113216],[106.70907596998973,-6.051950069113216],[106.70907596998973,-6.051051753829097],[106.70817765470561,-6.051051753829097],[106.70817765470561,-6.051950069113216]]]},"id":"+118787-6737","properties":{"cls":5,"count":1}},{"type":"Feature","geometry":{"geodesic":false,"type":"Polygon","coordinates":[[[106.70817765470561,-6.053746699681455],[106.70907596998973,-6.053746699681455],[106.70907596998973,-6.052848384397336],[106.70817765470561,-6.052848384397336],[106.70817765470561,-6.053746699681455]]]},"id":"+118787-6739","properties":{"cls":7,"count":1}},{"type":"Feature","geometry":{"geodesic":false,"type":"Polygon","coordinates":[[[106.70817765470561,-6.056441645533814],[106.70907596998973,-6.056441645533814],[106.70907596998973,-6.055543330249694],[106.70817765470561,-6.055543330249694],[106.70817765470561,-6.056441645533814]]]},"id":"+118787-6742","properties":{"cls":5,"count":1}},{"type":"Feature","geometry":{"geodesic":false,"type":"Polygon","coordinates":[[[106.70817765470561,-6.063628167806771],[106.70907596998973,-6.063628167806771],[106.70907596998973,-6.061831537238532],[106.70817765470561,-6.061831537238532],[106.70817765470561,-6.063628167806771]]]},"id":"+118787-6749","properties":{"cls":7,"count":2}},{"type":"Feature","geometry":{"geodesic":false,"type":"Polygon","coordinates":[[[106.70817765470561,-6.066323113659129],[106.70907596998973,-6.066323113659129],[106.70907596998973,-6.06542479837501],[106.70817765470561,-6.06542479837501],[106.70817765470561,-6.066323113659129]]]},"id":"+118787-6753","properties":{"cls":7,"count":1}},{"type":"Feature","geometry":{"geodesic":false,"type":"Polygon","coordinates":[[[106.70817765470561,-6.074407951216204],[106.70907596998973,-6.074407951216204],[106.70907596998973,-6.073509635932085],[106.70817765470561,-6.073509635932085],[106.70817765470561,-6.074407951216204]]]},"id":"+118787-6762","properties":{"cls":7,"count":1}},{"type":"Feature","geometry":{"geodesic":false,"type":"Polygon","coordinates":[[[106.70817765470561,-6.075306266500324],[106.70907596998973,-6.075306266500324],[106.70907596998973,-6.074407951216204],[106.70817765470561,-6.074407951216204],[106.70817765470561,-6.075306266500324]]]},"id":"+118787-6763","properties":{"cls":4,"count":1}},{"type":"Feature","geometry":{"geodesic":false,"type":"Polygon","coordinates":[[[106.70817765470561,-6.0780012123526825],[106.70907596998973,-6.0780012123526825],[106.70907596998973,-6.077102897068563],[106.70817765470561,-6.077102897068563],[106.70817765470561,-6.0780012123526825]]]},"id":"+118787-6766","properties":{"cls":4,"count":1}},{"type":"Feature","geometry":{"geodesic":false,"type":"Polygon","coordinates":[[[106.70817765470561,-6.0788995276368025],[106.70907596998973,-6.0788995276368025],[106.70907596998973,-6.0780012123526825],[106.70817765470561,-6.0780012123526825],[106.70817765470561,-6.0788995276368025]]]},"id":"+118787-6767","properties":{"cls":5,"count":1}},{"type":"Feature","geometry":{"geodesic":false,"type":"Polygon","coordinates":[[[106.70817765470561,-6.080696158205042],[106.70907596998973,-6.080696158205042],[106.70907596998973,-6.079797842920922],[106.70817765470561,-6.079797842920922],[106.70817765470561,-6.080696158205042]]]},"id":"+118787-6769","properties":{"cls":3,"count":1}},{"type":"Feature","geometry":{"geodesic":false,"type":"Polygon","coordinates":[[[106.70817765470561,-6.156154642071081],[106.70907596998973,-6.156154642071081],[106.70907596998973,-6.1552563267869616],[106.70817765470561,-6.1552563267869616],[106.70817765470561,-6.156154642071081]]]},"id":"+118787-6853","properties":{"cls":2,"count":1}},{"type":"Feature","geometry":{"geodesic":false,"type":"Polygon","coordinates":[[[106.70817765470561,-6.1741209477534715],[106.70907596998973,-6.1741209477534715],[106.70907596998973,-6.173222632469352],[106.70817765470561,-6.173222632469352],[106.70817765470561,-6.1741209477534715]]]},"id":"+118787-6873","properties":{"cls":4,"count":1}},{"type":"Feature","geometry":{"geodesic":false,"type":"Polygon","coordinates":[[[106.70817765470561,-6.193883884004101],[106.70907596998973,-6.193883884004101],[106.70907596998973,-6.1929855687199815],[106.70817765470561,-6.1929855687199815],[106.70817765470561,-6.193883884004101]]]},"id":"+118787-6895","properties":{"cls":5,"count":1}},{"type":"Feature","geometry":{"geodesic":false,"type":"Polygon","coordinates":[[[106.70907596998973,-6.041170285703783],[106.70907596998973,-6.042966916272022],[106.71087260055796,-6.042966916272022],[106.70997428527384,-6.041170285703783],[106.70907596998973,-6.041170285703783]]]},"id":"+118788-6726","properties":{"cls":7,"count":3}},{"type":"Feature","geometry":{"geodesic":false,"type":"Polygon","coordinates":[[[106.70907596998973,-6.043865231556141],[106.70997428527384,-6.043865231556141],[106.70997428527384,-6.042966916272022],[106.70907596998973,-6.042966916272022],[106.70907596998973,-6.043865231556141]]]},"id":"+118788-6728","properties":{"cls":5,"count":1}},{"type":"Feature","geometry":{"geodesic":false,"type":"Polygon","coordinates":[[[106.70907596998973,-6.044763546840261],[106.70997428527384,-6.044763546840261],[106.70997428527384,-6.043865231556141],[106.70907596998973,-6.043865231556141],[106.70907596998973,-6.044763546840261]]]},"id":"+118788-6729","properties":{"cls":3,"count":1}},{"type":"Feature","geometry":{"geodesic":false,"type":"Polygon","coordinates":[[[106.70907596998973,-6.0573399608179335],[106.70817765470561,-6.0591365913861726],[106.70997428527384,-6.0591365913861726],[106.70997428527384,-6.0573399608179335],[106.70907596998973,-6.0573399608179335]]]},"id":"+118788-6744","properties":{"cls":9,"count":3}},{"type":"Feature","geometry":{"geodesic":false,"type":"Polygon","coordinates":[[[106.70817765470561,-6.06452648309089],[106.70997428527384,-6.06452648309089],[106.70997428527384,-6.063628167806771],[106.70817765470561,-6.063628167806771],[106.70817765470561,-6.06452648309089]]]},"id":"+118788-6751","properties":{"cls":9,"count":2}},{"type":"Feature","geometry":{"geodesic":false,"type":"Polygon","coordinates":[[[106.70907596998973,-6.144476543377527],[106.70997428527384,-6.144476543377527],[106.70997428527384,-6.142679912809288],[106.70907596998973,-6.142679912809288],[106.70907596998973,-6.144476543377527]]]},"id":"+118788-6839","properties":{"cls":4,"count":2}},{"type":"Feature","geometry":{"geodesic":false,"type":"Polygon","coordinates":[[[106.70997428527384,-6.042068600987902],[106.71087260055796,-6.042068600987902],[106.71087260055796,-6.040271970419663],[106.70997428527384,-6.040271970419663],[106.70997428527384,-6.042068600987902]]]},"id":"+118789-6725","properties":{"cls":5,"count":2}},{"type":"Feature","geometry":{"geodesic":false,"type":"Polygon","coordinates":[[[106.70997428527384,-6.044763546840261],[106.71087260055796,-6.044763546840261],[106.71087260055796,-6.043865231556141],[106.70997428527384,-6.043865231556141],[106.70997428527384,-6.044763546840261]]]},"id":"+118789-6729","properties":{"cls":4,"count":1}},{"type":"Feature","geometry":{"geodesic":false,"type":"Polygon","coordinates":[[[106.70997428527384,-6.061831537238532],[106.70997428527384,-6.06452648309089],[106.70907596998973,-6.06452648309089],[106.70907596998973,-6.06542479837501],[106.71087260055796,-6.06542479837501],[106.71087260055796,-6.063628167806771],[106.71177091584208,-6.063628167806771],[106.71087260055796,-6.061831537238532],[106.70997428527384,-6.061831537238532]]]},"id":"+118789-6749","properties":{"cls":5,"count":6}},{"type":"Feature","geometry":{"geodesic":false,"type":"Polygon","coordinates":[[[106.70997428527384,-6.068119744227368],[106.71087260055796,-6.068119744227368],[106.71087260055796,-6.066323113659129],[106.70997428527384,-6.066323113659129],[106.70997428527384,-6.068119744227368]]]},"id":"+118789-6754","properties":{"cls":5,"count":2}},{"type":"Feature","geometry":{"geodesic":false,"type":"Polygon","coordinates":[[[106.70997428527384,-6.069018059511487],[106.71087260055796,-6.069018059511487],[106.71087260055796,-6.068119744227368],[106.70997428527384,-6.068119744227368],[106.70997428527384,-6.069018059511487]]]},"id":"+118789-6756","properties":{"cls":7,"count":1}},{"type":"Feature","geometry":{"geodesic":false,"type":"Polygon","coordinates":[[[106.70997428527384,-6.069916374795607],[106.70907596998973,-6.071713005363846],[106.71087260055796,-6.071713005363846],[106.71087260055796,-6.069916374795607],[106.70997428527384,-6.069916374795607]]]},"id":"+118789-6758","properties":{"cls":9,"count":3}},{"type":"Feature","geometry":{"geodesic":false,"type":"Polygon","coordinates":[[[106.70997428527384,-6.092374256898595],[106.71087260055796,-6.092374256898595],[106.71087260055796,-6.091475941614475],[106.70997428527384,-6.091475941614475],[106.70997428527384,-6.092374256898595]]]},"id":"+118789-6782","properties":{"cls":4,"count":1}},{"type":"Feature","geometry":{"geodesic":false,"type":"Polygon","coordinates":[[[106.70997428527384,-6.094170887466834],[106.71087260055796,-6.094170887466834],[106.71087260055796,-6.093272572182714],[106.70997428527384,-6.093272572182714],[106.70997428527384,-6.094170887466834]]]},"id":"+118789-6784","properties":{"cls":5,"count":1}},{"type":"Feature","geometry":{"geodesic":false,"type":"Polygon","coordinates":[[[106.71087260055796,-6.041170285703783],[106.71177091584208,-6.041170285703783],[106.71177091584208,-6.040271970419663],[106.71087260055796,-6.040271970419663],[106.71087260055796,-6.041170285703783]]]},"id":"+118790-6725","properties":{"cls":7,"count":1}},{"type":"Feature","geometry":{"geodesic":false,"type":"Polygon","coordinates":[[[106.71087260055796,-6.042966916272022],[106.71177091584208,-6.042966916272022],[106.71177091584208,-6.042068600987902],[106.71087260055796,-6.042068600987902],[106.71087260055796,-6.042966916272022]]]},"id":"+118790-6727","properties":{"cls":5,"count":1}},{"type":"Feature","geometry":{"geodesic":false,"type":"Polygon","coordinates":[[[106.70997428527384,-6.043865231556141],[106.71177091584208,-6.043865231556141],[106.71177091584208,-6.042966916272022],[106.70997428527384,-6.042966916272022],[106.70997428527384,-6.043865231556141]]]},"id":"+118790-6728","properties":{"cls":9,"count":2}},{"type":"Feature","geometry":{"geodesic":false,"type":"Polygon","coordinates":[[[106.71087260055796,-6.044763546840261],[106.71177091584208,-6.044763546840261],[106.71177091584208,-6.043865231556141],[106.71087260055796,-6.043865231556141],[106.71087260055796,-6.044763546840261]]]},"id":"+118790-6729","properties":{"cls":7,"count":1}},{"type":"Feature","geometry":{"geodesic":false,"type":"Polygon","coordinates":[[[106.71087260055796,-6.06452648309089],[106.71177091584208,-6.06452648309089],[106.71177091584208,-6.063628167806771],[106.71087260055796,-6.063628167806771],[106.71087260055796,-6.06452648309089]]]},"id":"+118790-6751","properties":{"cls":7,"count":1}},{"type":"Feature","geometry":{"geodesic":false,"type":"Polygon","coordinates":[[[106.71087260055796,-6.06542479837501],[106.71177091584208,-6.06542479837501],[106.71177091584208,-6.06452648309089],[106.71087260055796,-6.06452648309089],[106.71087260055796,-6.06542479837501]]]},"id":"+118790-6752","properties":{"cls":9,"count":1}},{"type":"Feature","geometry":{"geodesic":false,"type":"Polygon","coordinates":[[[106.70997428527384,-6.066323113659129],[106.71177091584208,-6.066323113659129],[106.71177091584208,-6.06542479837501],[106.70997428527384,-6.06542479837501],[106.70997428527384,-6.066323113659129]]]},"id":"+118790-6753","properties":{"cls":4,"count":2}},{"type":"Feature","geometry":{"geodesic":false,"type":"Polygon","coordinates":[[[106.71087260055796,-6.067221428943249],[106.71177091584208,-6.067221428943249],[106.71177091584208,-6.066323113659129],[106.71087260055796,-6.066323113659129],[106.71087260055796,-6.067221428943249]]]},"id":"+118790-6754","properties":{"cls":7,"count":1}},{"type":"Feature","geometry":{"geodesic":false,"type":"Polygon","coordinates":[[[106.71087260055796,-6.068119744227368],[106.71177091584208,-6.068119744227368],[106.71177091584208,-6.067221428943249],[106.71087260055796,-6.067221428943249],[106.71087260055796,-6.068119744227368]]]},"id":"+118790-6755","properties":{"cls":3,"count":1}},{"type":"Feature","geometry":{"geodesic":false,"type":"Polygon","coordinates":[[[106.71087260055796,-6.069916374795607],[106.71177091584208,-6.069916374795607],[106.71177091584208,-6.069018059511487],[106.71087260055796,-6.069018059511487],[106.71087260055796,-6.069916374795607]]]},"id":"+118790-6757","properties":{"cls":4,"count":1}},{"type":"Feature","geometry":{"geodesic":false,"type":"Polygon","coordinates":[[[106.71087260055796,-6.069916374795607],[106.70997428527384,-6.073509635932085],[106.71177091584208,-6.072611320647965],[106.71177091584208,-6.069916374795607],[106.71087260055796,-6.069916374795607]]]},"id":"+118790-6758","properties":{"cls":5,"count":5}},{"type":"Feature","geometry":{"geodesic":false,"type":"Polygon","coordinates":[[[106.71087260055796,-6.074407951216204],[106.71177091584208,-6.074407951216204],[106.71177091584208,-6.073509635932085],[106.71087260055796,-6.073509635932085],[106.71087260055796,-6.074407951216204]]]},"id":"+118790-6762","properties":{"cls":3,"count":1}},{"type":"Feature","geometry":{"geodesic":false,"type":"Polygon","coordinates":[[[106.71087260055796,-6.0788995276368025],[106.71177091584208,-6.0788995276368025],[106.71177091584208,-6.0780012123526825],[106.71087260055796,-6.0780012123526825],[106.71087260055796,-6.0788995276368025]]]},"id":"+118790-6767","properties":{"cls":5,"count":1}},{"type":"Feature","geometry":{"geodesic":false,"type":"Polygon","coordinates":[[[106.71087260055796,-6.092374256898595],[106.71177091584208,-6.092374256898595],[106.71177091584208,-6.091475941614475],[106.71087260055796,-6.091475941614475],[106.71087260055796,-6.092374256898595]]]},"id":"+118790-6782","properties":{"cls":5,"count":1}},{"type":"Feature","geometry":{"geodesic":false,"type":"Polygon","coordinates":[[[106.71177091584208,-6.041170285703783],[106.7126692311262,-6.041170285703783],[106.7126692311262,-6.040271970419663],[106.71177091584208,-6.040271970419663],[106.71177091584208,-6.041170285703783]]]},"id":"+118791-6725","properties":{"cls":2,"count":1}},{"type":"Feature","geometry":{"geodesic":false,"type":"Polygon","coordinates":[[[106.71087260055796,-6.042068600987902],[106.7126692311262,-6.042068600987902],[106.7126692311262,-6.041170285703783],[106.71087260055796,-6.041170285703783],[106.71087260055796,-6.042068600987902]]]},"id":"+118791-6726","properties":{"cls":9,"count":2}},{"type":"Feature","geometry":{"geodesic":false,"type":"Polygon","coordinates":[[[106.71177091584208,-6.042966916272022],[106.7126692311262,-6.042966916272022],[106.7126692311262,-6.042068600987902],[106.71177091584208,-6.042068600987902],[106.71177091584208,-6.042966916272022]]]},"id":"+118791-6727","properties":{"cls":7,"count":1}},{"type":"Feature","geometry":{"geodesic":false,"type":"Polygon","coordinates":[[[106.71177091584208,-6.044763546840261],[106.7126692311262,-6.044763546840261],[106.7126692311262,-6.042966916272022],[106.71177091584208,-6.042966916272022],[106.71177091584208,-6.044763546840261]]]},"id":"+118791-6728","properties":{"cls":3,"count":2}},{"type":"Feature","geometry":{"geodesic":false,"type":"Polygon","coordinates":[[[106.71087260055796,-6.068119744227368],[106.71087260055796,-6.069018059511487],[106.7126692311262,-6.069916374795607],[106.7126692311262,-6.068119744227368],[106.71087260055796,-6.068119744227368]]]},"id":"+118791-6756","properties":{"cls":5,"count":3}},{"type":"Feature","geometry":{"geodesic":false,"type":"Polygon","coordinates":[[[106.71177091584208,-6.071713005363846],[106.7126692311262,-6.071713005363846],[106.7126692311262,-6.070814690079726],[106.71177091584208,-6.070814690079726],[106.71177091584208,-6.071713005363846]]]},"id":"+118791-6759","properties":{"cls":3,"count":1}},{"type":"Feature","geometry":{"geodesic":false,"type":"Polygon","coordinates":[[[106.71177091584208,-6.071713005363846],[106.71177091584208,-6.073509635932085],[106.71356754641032,-6.074407951216204],[106.71356754641032,-6.072611320647965],[106.71177091584208,-6.071713005363846]]]},"id":"+118791-6760","properties":{"cls":2,"count":4}},{"type":"Feature","geometry":{"geodesic":false,"type":"Polygon","coordinates":[[[106.71177091584208,-6.0780012123526825],[106.7126692311262,-6.0780012123526825],[106.7126692311262,-6.077102897068563],[106.71177091584208,-6.077102897068563],[106.71177091584208,-6.0780012123526825]]]},"id":"+118791-6766","properties":{"cls":2,"count":1}},{"type":"Feature","geometry":{"geodesic":false,"type":"Polygon","coordinates":[[[106.71177091584208,-6.387021670089798],[106.7126692311262,-6.387021670089798],[106.7126692311262,-6.386123354805679],[106.71177091584208,-6.386123354805679],[106.71177091584208,-6.387021670089798]]]},"id":"+118791-7110","properties":{"cls":7,"count":1}},{"type":"Feature","geometry":{"geodesic":false,"type":"Polygon","coordinates":[[[106.7126692311262,-6.070814690079726],[106.71356754641032,-6.070814690079726],[106.71356754641032,-6.069916374795607],[106.7126692311262,-6.069916374795607],[106.7126692311262,-6.070814690079726]]]},"id":"+118792-6758","properties":{"cls":5,"count":1}},{"type":"Feature","geometry":{"geodesic":false,"type":"Polygon","coordinates":[[[106.71177091584208,-6.0788995276368025],[106.71356754641032,-6.0788995276368025],[106.71356754641032,-6.0780012123526825],[106.71177091584208,-6.0780012123526825],[106.71177091584208,-6.0788995276368025]]]},"id":"+118792-6767","properties":{"cls":3,"count":2}},{"type":"Feature","geometry":{"geodesic":false,"type":"Polygon","coordinates":[[[106.7126692311262,-6.127408552979256],[106.71356754641032,-6.127408552979256],[106.71356754641032,-6.126510237695137],[106.7126692311262,-6.126510237695137],[106.7126692311262,-6.127408552979256]]]},"id":"+118792-6821","properties":{"cls":2,"count":1}},{"type":"Feature","geometry":{"geodesic":false,"type":"Polygon","coordinates":[[[106.7126692311262,-6.129205183547495],[106.71356754641032,-6.129205183547495],[106.71356754641032,-6.128306868263376],[106.7126692311262,-6.128306868263376],[106.7126692311262,-6.129205183547495]]]},"id":"+118792-6823","properties":{"cls":2,"count":1}},{"type":"Feature","geometry":{"geodesic":false,"type":"Polygon","coordinates":[[[106.7126692311262,-6.156154642071081],[106.71356754641032,-6.156154642071081],[106.71356754641032,-6.1552563267869616],[106.7126692311262,-6.1552563267869616],[106.7126692311262,-6.156154642071081]]]},"id":"+118792-6853","properties":{"cls":5,"count":1}},{"type":"Feature","geometry":{"geodesic":false,"type":"Polygon","coordinates":[[[106.7126692311262,-6.379835147816842],[106.71356754641032,-6.379835147816842],[106.71356754641032,-6.378936832532722],[106.7126692311262,-6.378936832532722],[106.7126692311262,-6.379835147816842]]]},"id":"+118792-7102","properties":{"cls":3,"count":1}},{"type":"Feature","geometry":{"geodesic":false,"type":"Polygon","coordinates":[[[106.71356754641032,-6.077102897068563],[106.71356754641032,-6.0788995276368025],[106.71536417697857,-6.0788995276368025],[106.71446586169444,-6.077102897068563],[106.71356754641032,-6.077102897068563]]]},"id":"+118793-6766","properties":{"cls":2,"count":3}},{"type":"Feature","geometry":{"geodesic":false,"type":"Polygon","coordinates":[[[106.71356754641032,-6.080696158205042],[106.71446586169444,-6.080696158205042],[106.71446586169444,-6.079797842920922],[106.71356754641032,-6.079797842920922],[106.71356754641032,-6.080696158205042]]]},"id":"+118793-6769","properties":{"cls":2,"count":1}},{"type":"Feature","geometry":{"geodesic":false,"type":"Polygon","coordinates":[[[106.71356754641032,-6.19657882985646],[106.71446586169444,-6.19657882985646],[106.71446586169444,-6.19568051457234],[106.71356754641032,-6.19568051457234],[106.71356754641032,-6.19657882985646]]]},"id":"+118793-6898","properties":{"cls":2,"count":1}},{"type":"Feature","geometry":{"geodesic":false,"type":"Polygon","coordinates":[[[106.71446586169444,-6.074407951216204],[106.71356754641032,-6.0762045817844434],[106.71536417697857,-6.0762045817844434],[106.71536417697857,-6.074407951216204],[106.71446586169444,-6.074407951216204]]]},"id":"+118794-6763","properties":{"cls":2,"count":3}},{"type":"Feature","geometry":{"geodesic":false,"type":"Polygon","coordinates":[[[106.71446586169444,-6.0780012123526825],[106.71536417697857,-6.0780012123526825],[106.71536417697857,-6.077102897068563],[106.71446586169444,-6.077102897068563],[106.71446586169444,-6.0780012123526825]]]},"id":"+118794-6766","properties":{"cls":4,"count":1}},{"type":"Feature","geometry":{"geodesic":false,"type":"Polygon","coordinates":[[[106.71446586169444,-6.081594473489161],[106.71536417697857,-6.081594473489161],[106.71536417697857,-6.080696158205042],[106.71446586169444,-6.080696158205042],[106.71446586169444,-6.081594473489161]]]},"id":"+118794-6770","properties":{"cls":3,"count":1}},{"type":"Feature","geometry":{"geodesic":false,"type":"Polygon","coordinates":[[[106.71446586169444,-6.0833911040574],[106.71536417697857,-6.0833911040574],[106.71536417697857,-6.082492788773281],[106.71446586169444,-6.082492788773281],[106.71446586169444,-6.0833911040574]]]},"id":"+118794-6772","properties":{"cls":5,"count":1}},{"type":"Feature","geometry":{"geodesic":false,"type":"Polygon","coordinates":[[[106.71446586169444,-6.1157304542857025],[106.71536417697857,-6.1157304542857025],[106.71536417697857,-6.114832139001583],[106.71446586169444,-6.114832139001583],[106.71446586169444,-6.1157304542857025]]]},"id":"+118794-6808","properties":{"cls":4,"count":1}},{"type":"Feature","geometry":{"geodesic":false,"type":"Polygon","coordinates":[[[106.71446586169444,-6.1552563267869616],[106.71536417697857,-6.1552563267869616],[106.71536417697857,-6.1543580115028425],[106.71446586169444,-6.1543580115028425],[106.71446586169444,-6.1552563267869616]]]},"id":"+118794-6852","properties":{"cls":2,"count":1}},{"type":"Feature","geometry":{"geodesic":false,"type":"Polygon","coordinates":[[[106.71536417697857,-6.0788995276368025],[106.71626249226269,-6.0788995276368025],[106.71626249226269,-6.0780012123526825],[106.71536417697857,-6.0780012123526825],[106.71536417697857,-6.0788995276368025]]]},"id":"+118795-6767","properties":{"cls":4,"count":1}},{"type":"Feature","geometry":{"geodesic":false,"type":"Polygon","coordinates":[[[106.71536417697857,-6.082492788773281],[106.71626249226269,-6.082492788773281],[106.71626249226269,-6.081594473489161],[106.71536417697857,-6.081594473489161],[106.71536417697857,-6.082492788773281]]]},"id":"+118795-6771","properties":{"cls":4,"count":1}},{"type":"Feature","geometry":{"geodesic":false,"type":"Polygon","coordinates":[[[106.71536417697857,-6.0833911040574],[106.71626249226269,-6.0833911040574],[106.71626249226269,-6.082492788773281],[106.71536417697857,-6.082492788773281],[106.71536417697857,-6.0833911040574]]]},"id":"+118795-6772","properties":{"cls":3,"count":1}},{"type":"Feature","geometry":{"geodesic":false,"type":"Polygon","coordinates":[[[106.71536417697857,-6.08428941934152],[106.71626249226269,-6.08428941934152],[106.71626249226269,-6.0833911040574],[106.71536417697857,-6.0833911040574],[106.71536417697857,-6.08428941934152]]]},"id":"+118795-6773","properties":{"cls":4,"count":1}},{"type":"Feature","geometry":{"geodesic":false,"type":"Polygon","coordinates":[[[106.71536417697857,-6.085187734625639],[106.71626249226269,-6.085187734625639],[106.71626249226269,-6.08428941934152],[106.71536417697857,-6.08428941934152],[106.71536417697857,-6.085187734625639]]]},"id":"+118795-6774","properties":{"cls":5,"count":1}},{"type":"Feature","geometry":{"geodesic":false,"type":"Polygon","coordinates":[[[106.71536417697857,-6.113933823717463],[106.71626249226269,-6.113933823717463],[106.71626249226269,-6.113035508433344],[106.71536417697857,-6.113035508433344],[106.71536417697857,-6.113933823717463]]]},"id":"+118795-6806","properties":{"cls":5,"count":1}},{"type":"Feature","geometry":{"geodesic":false,"type":"Polygon","coordinates":[[[106.71356754641032,-6.114832139001583],[106.71626249226269,-6.114832139001583],[106.71626249226269,-6.113933823717463],[106.71356754641032,-6.113933823717463],[106.71356754641032,-6.114832139001583]]]},"id":"+118795-6807","properties":{"cls":7,"count":3}},{"type":"Feature","geometry":{"geodesic":false,"type":"Polygon","coordinates":[[[106.71536417697857,-6.1157304542857025],[106.71626249226269,-6.1157304542857025],[106.71626249226269,-6.114832139001583],[106.71536417697857,-6.114832139001583],[106.71536417697857,-6.1157304542857025]]]},"id":"+118795-6808","properties":{"cls":5,"count":1}},{"type":"Feature","geometry":{"geodesic":false,"type":"Polygon","coordinates":[[[106.71536417697857,-6.1552563267869616],[106.71626249226269,-6.1552563267869616],[106.71626249226269,-6.1543580115028425],[106.71536417697857,-6.1543580115028425],[106.71536417697857,-6.1552563267869616]]]},"id":"+118795-6852","properties":{"cls":5,"count":1}},{"type":"Feature","geometry":{"geodesic":false,"type":"Polygon","coordinates":[[[106.71536417697857,-6.156154642071081],[106.71626249226269,-6.156154642071081],[106.71626249226269,-6.1552563267869616],[106.71536417697857,-6.1552563267869616],[106.71536417697857,-6.156154642071081]]]},"id":"+118795-6853","properties":{"cls":3,"count":1}},{"type":"Feature","geometry":{"geodesic":false,"type":"Polygon","coordinates":[[[106.71626249226269,-6.0788995276368025],[106.7171608075468,-6.0788995276368025],[106.7171608075468,-6.0780012123526825],[106.71626249226269,-6.0780012123526825],[106.71626249226269,-6.0788995276368025]]]},"id":"+118796-6767","properties":{"cls":3,"count":1}},{"type":"Feature","geometry":{"geodesic":false,"type":"Polygon","coordinates":[[[106.71626249226269,-6.0833911040574],[106.7171608075468,-6.0833911040574],[106.7171608075468,-6.082492788773281],[106.71626249226269,-6.082492788773281],[106.71626249226269,-6.0833911040574]]]},"id":"+118796-6772","properties":{"cls":5,"count":1}},{"type":"Feature","geometry":{"geodesic":false,"type":"Polygon","coordinates":[[[106.71626249226269,-6.091475941614475],[106.7171608075468,-6.091475941614475],[106.7171608075468,-6.090577626330356],[106.71626249226269,-6.090577626330356],[106.71626249226269,-6.091475941614475]]]},"id":"+118796-6781","properties":{"cls":3,"count":1}},{"type":"Feature","geometry":{"geodesic":false,"type":"Polygon","coordinates":[[[106.71626249226269,-6.114832139001583],[106.7171608075468,-6.114832139001583],[106.7171608075468,-6.113035508433344],[106.71626249226269,-6.113035508433344],[106.71626249226269,-6.114832139001583]]]},"id":"+118796-6806","properties":{"cls":9,"count":2}},{"type":"Feature","geometry":{"geodesic":false,"type":"Polygon","coordinates":[[[106.7171608075468,-6.080696158205042],[106.71805912283092,-6.080696158205042],[106.71805912283092,-6.0780012123526825],[106.7171608075468,-6.0780012123526825],[106.7171608075468,-6.080696158205042]]]},"id":"+118797-6767","properties":{"cls":5,"count":3}},{"type":"Feature","geometry":{"geodesic":false,"type":"Polygon","coordinates":[[[106.7171608075468,-6.0968658333191925],[106.71805912283092,-6.0968658333191925],[106.71805912283092,-6.095967518035073],[106.7171608075468,-6.095967518035073],[106.7171608075468,-6.0968658333191925]]]},"id":"+118797-6787","properties":{"cls":4,"count":1}},{"type":"Feature","geometry":{"geodesic":false,"type":"Polygon","coordinates":[[[106.7171608075468,-6.113933823717463],[106.71805912283092,-6.113933823717463],[106.71805912283092,-6.112137193149224],[106.7171608075468,-6.112137193149224],[106.7171608075468,-6.113933823717463]]]},"id":"+118797-6805","properties":{"cls":7,"count":2}},{"type":"Feature","geometry":{"geodesic":false,"type":"Polygon","coordinates":[[[106.71805912283092,-6.079797842920922],[106.71895743811504,-6.079797842920922],[106.71895743811504,-6.0788995276368025],[106.71805912283092,-6.0788995276368025],[106.71805912283092,-6.079797842920922]]]},"id":"+118798-6768","properties":{"cls":2,"count":1}},{"type":"Feature","geometry":{"geodesic":false,"type":"Polygon","coordinates":[[[106.71805912283092,-6.080696158205042],[106.71895743811504,-6.080696158205042],[106.71895743811504,-6.079797842920922],[106.71805912283092,-6.079797842920922],[106.71805912283092,-6.080696158205042]]]},"id":"+118798-6769","properties":{"cls":3,"count":1}},{"type":"Feature","geometry":{"geodesic":false,"type":"Polygon","coordinates":[[[106.71805912283092,-6.081594473489161],[106.71895743811504,-6.081594473489161],[106.71895743811504,-6.080696158205042],[106.71805912283092,-6.080696158205042],[106.71805912283092,-6.081594473489161]]]},"id":"+118798-6770","properties":{"cls":7,"count":1}},{"type":"Feature","geometry":{"geodesic":false,"type":"Polygon","coordinates":[[[106.71805912283092,-6.081594473489161],[106.7171608075468,-6.0833911040574],[106.71895743811504,-6.0833911040574],[106.71895743811504,-6.081594473489161],[106.71805912283092,-6.081594473489161]]]},"id":"+118798-6771","properties":{"cls":3,"count":3}},{"type":"Feature","geometry":{"geodesic":false,"type":"Polygon","coordinates":[[[106.71895743811504,-6.080696158205042],[106.71985575339916,-6.080696158205042],[106.71985575339916,-6.079797842920922],[106.71895743811504,-6.079797842920922],[106.71895743811504,-6.080696158205042]]]},"id":"+118799-6769","properties":{"cls":2,"count":1}},{"type":"Feature","geometry":{"geodesic":false,"type":"Polygon","coordinates":[[[106.71895743811504,-6.087882680477997],[106.71985575339916,-6.087882680477997],[106.71985575339916,-6.086984365193878],[106.71895743811504,-6.086984365193878],[106.71895743811504,-6.087882680477997]]]},"id":"+118799-6777","properties":{"cls":3,"count":1}},{"type":"Feature","geometry":{"geodesic":false,"type":"Polygon","coordinates":[[[106.71895743811504,-6.100459094455671],[106.71985575339916,-6.100459094455671],[106.71985575339916,-6.099560779171552],[106.71895743811504,-6.099560779171552],[106.71895743811504,-6.100459094455671]]]},"id":"+118799-6791","properties":{"cls":2,"count":1}},{"type":"Feature","geometry":{"geodesic":false,"type":"Polygon","coordinates":[[[106.71895743811504,-6.142679912809288],[106.71985575339916,-6.142679912809288],[106.71985575339916,-6.141781597525169],[106.71895743811504,-6.141781597525169],[106.71895743811504,-6.142679912809288]]]},"id":"+118799-6838","properties":{"cls":4,"count":1}},{"type":"Feature","geometry":{"geodesic":false,"type":"Polygon","coordinates":[[[106.71985575339916,-6.081594473489161],[106.72075406868328,-6.081594473489161],[106.72075406868328,-6.080696158205042],[106.71985575339916,-6.080696158205042],[106.71985575339916,-6.081594473489161]]]},"id":"+118800-6770","properties":{"cls":4,"count":1}},{"type":"Feature","geometry":{"geodesic":false,"type":"Polygon","coordinates":[[[106.71985575339916,-6.0833911040574],[106.72075406868328,-6.0833911040574],[106.72075406868328,-6.082492788773281],[106.71985575339916,-6.082492788773281],[106.71985575339916,-6.0833911040574]]]},"id":"+118800-6772","properties":{"cls":3,"count":1}},{"type":"Feature","geometry":{"geodesic":false,"type":"Polygon","coordinates":[[[106.71985575339916,-6.1534596962187225],[106.72075406868328,-6.1534596962187225],[106.72075406868328,-6.152561380934603],[106.71985575339916,-6.152561380934603],[106.71985575339916,-6.1534596962187225]]]},"id":"+118800-6850","properties":{"cls":4,"count":1}},{"type":"Feature","geometry":{"geodesic":false,"type":"Polygon","coordinates":[[[106.72075406868328,-6.085187734625639],[106.7216523839674,-6.085187734625639],[106.7216523839674,-6.0833911040574],[106.72075406868328,-6.0833911040574],[106.72075406868328,-6.085187734625639]]]},"id":"+118801-6773","properties":{"cls":3,"count":2}},{"type":"Feature","geometry":{"geodesic":false,"type":"Polygon","coordinates":[[[106.72075406868328,-6.085187734625639],[106.71985575339916,-6.086984365193878],[106.7216523839674,-6.086984365193878],[106.7216523839674,-6.085187734625639],[106.72075406868328,-6.085187734625639]]]},"id":"+118801-6775","properties":{"cls":2,"count":3}},{"type":"Feature","geometry":{"geodesic":false,"type":"Polygon","coordinates":[[[106.72075406868328,-6.090577626330356],[106.7216523839674,-6.090577626330356],[106.7216523839674,-6.089679311046236],[106.72075406868328,-6.089679311046236],[106.72075406868328,-6.090577626330356]]]},"id":"+118801-6780","properties":{"cls":2,"count":1}},{"type":"Feature","geometry":{"geodesic":false,"type":"Polygon","coordinates":[[[106.72075406868328,-6.104052355592149],[106.7216523839674,-6.104052355592149],[106.7216523839674,-6.103154040308029],[106.72075406868328,-6.103154040308029],[106.72075406868328,-6.104052355592149]]]},"id":"+118801-6795","properties":{"cls":2,"count":1}},{"type":"Feature","geometry":{"geodesic":false,"type":"Polygon","coordinates":[[[106.72075406868328,-6.1534596962187225],[106.7216523839674,-6.1534596962187225],[106.7216523839674,-6.152561380934603],[106.72075406868328,-6.152561380934603],[106.72075406868328,-6.1534596962187225]]]},"id":"+118801-6850","properties":{"cls":2,"count":1}},{"type":"Feature","geometry":{"geodesic":false,"type":"Polygon","coordinates":[[[106.7216523839674,-6.085187734625639],[106.72255069925151,-6.085187734625639],[106.72255069925151,-6.0833911040574],[106.7216523839674,-6.0833911040574],[106.7216523839674,-6.085187734625639]]]},"id":"+118802-6773","properties":{"cls":4,"count":2}},{"type":"Feature","geometry":{"geodesic":false,"type":"Polygon","coordinates":[[[106.7216523839674,-6.0977641486033125],[106.72255069925151,-6.0977641486033125],[106.72255069925151,-6.0968658333191925],[106.7216523839674,-6.0968658333191925],[106.7216523839674,-6.0977641486033125]]]},"id":"+118802-6788","properties":{"cls":2,"count":1}},{"type":"Feature","geometry":{"geodesic":false,"type":"Polygon","coordinates":[[[106.72255069925151,-6.090577626330356],[106.72344901453563,-6.090577626330356],[106.72344901453563,-6.089679311046236],[106.72255069925151,-6.089679311046236],[106.72255069925151,-6.090577626330356]]]},"id":"+118803-6780","properties":{"cls":2,"count":1}},{"type":"Feature","geometry":{"geodesic":false,"type":"Polygon","coordinates":[[[106.72255069925151,-6.095967518035073],[106.72344901453563,-6.095967518035073],[106.72344901453563,-6.095069202750953],[106.72255069925151,-6.095069202750953],[106.72255069925151,-6.095967518035073]]]},"id":"+118803-6786","properties":{"cls":7,"count":1}},{"type":"Feature","geometry":{"geodesic":false,"type":"Polygon","coordinates":[[[106.72255069925151,-6.1534596962187225],[106.72344901453563,-6.1534596962187225],[106.72344901453563,-6.152561380934603],[106.72255069925151,-6.152561380934603],[106.72255069925151,-6.1534596962187225]]]},"id":"+118803-6850","properties":{"cls":2,"count":1}},{"type":"Feature","geometry":{"geodesic":false,"type":"Polygon","coordinates":[[[106.72255069925151,-6.181307470026428],[106.72344901453563,-6.181307470026428],[106.72344901453563,-6.180409154742308],[106.72255069925151,-6.180409154742308],[106.72255069925151,-6.181307470026428]]]},"id":"+118803-6881","properties":{"cls":4,"count":1}},{"type":"Feature","geometry":{"geodesic":false,"type":"Polygon","coordinates":[[[106.72344901453563,-6.088780995762117],[106.72434732981975,-6.088780995762117],[106.72434732981975,-6.087882680477997],[106.72344901453563,-6.087882680477997],[106.72344901453563,-6.088780995762117]]]},"id":"+118804-6778","properties":{"cls":7,"count":1}},{"type":"Feature","geometry":{"geodesic":false,"type":"Polygon","coordinates":[[[106.72344901453563,-6.105848986160388],[106.72434732981975,-6.105848986160388],[106.72434732981975,-6.104950670876268],[106.72344901453563,-6.104950670876268],[106.72344901453563,-6.105848986160388]]]},"id":"+118804-6797","properties":{"cls":4,"count":1}},{"type":"Feature","geometry":{"geodesic":false,"type":"Polygon","coordinates":[[[106.72255069925151,-6.147171489229886],[106.72434732981975,-6.147171489229886],[106.72434732981975,-6.146273173945766],[106.72255069925151,-6.146273173945766],[106.72255069925151,-6.147171489229886]]]},"id":"+118804-6843","properties":{"cls":5,"count":2}},{"type":"Feature","geometry":{"geodesic":false,"type":"Polygon","coordinates":[[[106.72344901453563,-6.180409154742308],[106.72434732981975,-6.180409154742308],[106.72434732981975,-6.179510839458189],[106.72344901453563,-6.179510839458189],[106.72344901453563,-6.180409154742308]]]},"id":"+118804-6880","properties":{"cls":5,"count":1}},{"type":"Feature","geometry":{"geodesic":false,"type":"Polygon","coordinates":[[[106.72344901453563,-6.3474957975885395],[106.72434732981975,-6.3474957975885395],[106.72434732981975,-6.34659748230442],[106.72344901453563,-6.34659748230442],[106.72344901453563,-6.3474957975885395]]]},"id":"+118804-7066","properties":{"cls":4,"count":1}},{"type":"Feature","geometry":{"geodesic":false,"type":"Polygon","coordinates":[[[106.72344901453563,-6.350190743440898],[106.72434732981975,-6.350190743440898],[106.72434732981975,-6.349292428156779],[106.72344901453563,-6.349292428156779],[106.72344901453563,-6.350190743440898]]]},"id":"+118804-7069","properties":{"cls":7,"count":1}},{"type":"Feature","geometry":{"geodesic":false,"type":"Polygon","coordinates":[[[106.72434732981975,-6.092374256898595],[106.72524564510388,-6.092374256898595],[106.72524564510388,-6.091475941614475],[106.72434732981975,-6.091475941614475],[106.72434732981975,-6.092374256898595]]]},"id":"+118805-6782","properties":{"cls":5,"count":1}},{"type":"Feature","geometry":{"geodesic":false,"type":"Polygon","coordinates":[[[106.72434732981975,-6.180409154742308],[106.72524564510388,-6.180409154742308],[106.72524564510388,-6.179510839458189],[106.72434732981975,-6.179510839458189],[106.72434732981975,-6.180409154742308]]]},"id":"+118805-6880","properties":{"cls":3,"count":1}},{"type":"Feature","geometry":{"geodesic":false,"type":"Polygon","coordinates":[[[106.72434732981975,-6.343902536452061],[106.72524564510388,-6.343902536452061],[106.72524564510388,-6.343004221167941],[106.72434732981975,-6.343004221167941],[106.72434732981975,-6.343902536452061]]]},"id":"+118805-7062","properties":{"cls":7,"count":1}},{"type":"Feature","geometry":{"geodesic":false,"type":"Polygon","coordinates":[[[106.72434732981975,-6.3456991670203005],[106.72524564510388,-6.3456991670203005],[106.72524564510388,-6.343902536452061],[106.72434732981975,-6.343902536452061],[106.72434732981975,-6.3456991670203005]]]},"id":"+118805-7063","properties":{"cls":5,"count":2}},{"type":"Feature","geometry":{"geodesic":false,"type":"Polygon","coordinates":[[[106.72434732981975,-6.3474957975885395],[106.72524564510388,-6.3474957975885395],[106.72524564510388,-6.34659748230442],[106.72434732981975,-6.34659748230442],[106.72434732981975,-6.3474957975885395]]]},"id":"+118805-7066","properties":{"cls":7,"count":1}},{"type":"Feature","geometry":{"geodesic":false,"type":"Polygon","coordinates":[[[106.72434732981975,-6.349292428156779],[106.72524564510388,-6.349292428156779],[106.72524564510388,-6.348394112872659],[106.72434732981975,-6.348394112872659],[106.72434732981975,-6.349292428156779]]]},"id":"+118805-7068","properties":{"cls":7,"count":1}},{"type":"Feature","geometry":{"geodesic":false,"type":"Polygon","coordinates":[[[106.72524564510388,-6.092374256898595],[106.726143960388,-6.092374256898595],[106.726143960388,-6.091475941614475],[106.72524564510388,-6.091475941614475],[106.72524564510388,-6.092374256898595]]]},"id":"+118806-6782","properties":{"cls":4,"count":1}},{"type":"Feature","geometry":{"geodesic":false,"type":"Polygon","coordinates":[[[106.72524564510388,-6.15795127263932],[106.726143960388,-6.15795127263932],[106.726143960388,-6.157052957355201],[106.72524564510388,-6.157052957355201],[106.72524564510388,-6.15795127263932]]]},"id":"+118806-6855","properties":{"cls":3,"count":1}},{"type":"Feature","geometry":{"geodesic":false,"type":"Polygon","coordinates":[[[106.726143960388,-6.1543580115028425],[106.72704227567212,-6.1543580115028425],[106.72704227567212,-6.1534596962187225],[106.726143960388,-6.1534596962187225],[106.726143960388,-6.1543580115028425]]]},"id":"+118807-6851","properties":{"cls":2,"count":1}},{"type":"Feature","geometry":{"geodesic":false,"type":"Polygon","coordinates":[[[106.72524564510388,-6.15884958792344],[106.72704227567212,-6.15884958792344],[106.72704227567212,-6.15795127263932],[106.72524564510388,-6.15795127263932],[106.72524564510388,-6.15884958792344]]]},"id":"+118807-6856","properties":{"cls":4,"count":2}},{"type":"Feature","geometry":{"geodesic":false,"type":"Polygon","coordinates":[[[106.726143960388,-6.159747903207559],[106.72704227567212,-6.159747903207559],[106.72704227567212,-6.15884958792344],[106.726143960388,-6.15884958792344],[106.726143960388,-6.159747903207559]]]},"id":"+118807-6857","properties":{"cls":5,"count":1}},{"type":"Feature","geometry":{"geodesic":false,"type":"Polygon","coordinates":[[[106.726143960388,-6.161544533775798],[106.72704227567212,-6.161544533775798],[106.72704227567212,-6.160646218491679],[106.726143960388,-6.160646218491679],[106.726143960388,-6.161544533775798]]]},"id":"+118807-6859","properties":{"cls":4,"count":1}},{"type":"Feature","geometry":{"geodesic":false,"type":"Polygon","coordinates":[[[106.726143960388,-6.3456991670203005],[106.72704227567212,-6.3456991670203005],[106.72704227567212,-6.3448008517361805],[106.726143960388,-6.3448008517361805],[106.726143960388,-6.3456991670203005]]]},"id":"+118807-7064","properties":{"cls":7,"count":1}},{"type":"Feature","geometry":{"geodesic":false,"type":"Polygon","coordinates":[[[106.72704227567212,-6.1157304542857025],[106.72794059095624,-6.1157304542857025],[106.72794059095624,-6.114832139001583],[106.72704227567212,-6.114832139001583],[106.72704227567212,-6.1157304542857025]]]},"id":"+118808-6808","properties":{"cls":2,"count":1}},{"type":"Feature","geometry":{"geodesic":false,"type":"Polygon","coordinates":[[[106.72704227567212,-6.149866435082244],[106.72794059095624,-6.149866435082244],[106.72794059095624,-6.148968119798125],[106.72704227567212,-6.148968119798125],[106.72704227567212,-6.149866435082244]]]},"id":"+118808-6846","properties":{"cls":5,"count":1}},{"type":"Feature","geometry":{"geodesic":false,"type":"Polygon","coordinates":[[[106.72704227567212,-6.1552563267869616],[106.72794059095624,-6.1552563267869616],[106.72794059095624,-6.1543580115028425],[106.72704227567212,-6.1543580115028425],[106.72704227567212,-6.1552563267869616]]]},"id":"+118808-6852","properties":{"cls":5,"count":1}},{"type":"Feature","geometry":{"geodesic":false,"type":"Polygon","coordinates":[[[106.726143960388,-6.157052957355201],[106.72794059095624,-6.157052957355201],[106.72794059095624,-6.156154642071081],[106.726143960388,-6.156154642071081],[106.726143960388,-6.157052957355201]]]},"id":"+118808-6854","properties":{"cls":5,"count":2}},{"type":"Feature","geometry":{"geodesic":false,"type":"Polygon","coordinates":[[[106.72704227567212,-6.3456991670203005],[106.72794059095624,-6.3456991670203005],[106.72794059095624,-6.3448008517361805],[106.72704227567212,-6.3448008517361805],[106.72704227567212,-6.3456991670203005]]]},"id":"+118808-7064","properties":{"cls":9,"count":1}},{"type":"Feature","geometry":{"geodesic":false,"type":"Polygon","coordinates":[[[106.72794059095624,-6.186697361731145],[106.72883890624036,-6.186697361731145],[106.72883890624036,-6.185799046447025],[106.72794059095624,-6.185799046447025],[106.72794059095624,-6.186697361731145]]]},"id":"+118809-6887","properties":{"cls":5,"count":1}},{"type":"Feature","geometry":{"geodesic":false,"type":"Polygon","coordinates":[[[106.72883890624036,-6.112137193149224],[106.72973722152447,-6.112137193149224],[106.72973722152447,-6.111238877865105],[106.72883890624036,-6.111238877865105],[106.72883890624036,-6.112137193149224]]]},"id":"+118810-6804","properties":{"cls":4,"count":1}},{"type":"Feature","geometry":{"geodesic":false,"type":"Polygon","coordinates":[[[106.72883890624036,-6.1354933905363325],[106.72973722152447,-6.1354933905363325],[106.72973722152447,-6.1345950752522125],[106.72883890624036,-6.1345950752522125],[106.72883890624036,-6.1354933905363325]]]},"id":"+118810-6830","properties":{"cls":3,"count":1}},{"type":"Feature","geometry":{"geodesic":false,"type":"Polygon","coordinates":[[[106.72883890624036,-6.166934425480515],[106.72973722152447,-6.166934425480515],[106.72973722152447,-6.166036110196396],[106.72883890624036,-6.166036110196396],[106.72883890624036,-6.166934425480515]]]},"id":"+118810-6865","properties":{"cls":4,"count":1}},{"type":"Feature","geometry":{"geodesic":false,"type":"Polygon","coordinates":[[[106.72883890624036,-6.173222632469352],[106.72973722152447,-6.173222632469352],[106.72973722152447,-6.1723243171852324],[106.72883890624036,-6.1723243171852324],[106.72883890624036,-6.173222632469352]]]},"id":"+118810-6872","properties":{"cls":4,"count":1}},{"type":"Feature","geometry":{"geodesic":false,"type":"Polygon","coordinates":[[[106.72883890624036,-6.3448008517361805],[106.72973722152447,-6.3448008517361805],[106.72973722152447,-6.343902536452061],[106.72883890624036,-6.343902536452061],[106.72883890624036,-6.3448008517361805]]]},"id":"+118810-7063","properties":{"cls":9,"count":1}},{"type":"Feature","geometry":{"geodesic":false,"type":"Polygon","coordinates":[[[106.72883890624036,-6.3825300936692],[106.72973722152447,-6.3825300936692],[106.72973722152447,-6.381631778385081],[106.72883890624036,-6.381631778385081],[106.72883890624036,-6.3825300936692]]]},"id":"+118810-7105","properties":{"cls":3,"count":1}},{"type":"Feature","geometry":{"geodesic":false,"type":"Polygon","coordinates":[[[106.72973722152447,-6.131001814115734],[106.73063553680859,-6.131001814115734],[106.73063553680859,-6.129205183547495],[106.72973722152447,-6.129205183547495],[106.72973722152447,-6.131001814115734]]]},"id":"+118811-6824","properties":{"cls":5,"count":2}},{"type":"Feature","geometry":{"geodesic":false,"type":"Polygon","coordinates":[[[106.72973722152447,-6.131900129399854],[106.73063553680859,-6.131900129399854],[106.73063553680859,-6.131001814115734],[106.72973722152447,-6.131001814115734],[106.72973722152447,-6.131900129399854]]]},"id":"+118811-6826","properties":{"cls":3,"count":1}},{"type":"Feature","geometry":{"geodesic":false,"type":"Polygon","coordinates":[[[106.72973722152447,-6.133696759968093],[106.73063553680859,-6.133696759968093],[106.73063553680859,-6.132798444683973],[106.72973722152447,-6.132798444683973],[106.72973722152447,-6.133696759968093]]]},"id":"+118811-6828","properties":{"cls":5,"count":1}},{"type":"Feature","geometry":{"geodesic":false,"type":"Polygon","coordinates":[[[106.72973722152447,-6.1345950752522125],[106.73063553680859,-6.1345950752522125],[106.73063553680859,-6.133696759968093],[106.72973722152447,-6.133696759968093],[106.72973722152447,-6.1345950752522125]]]},"id":"+118811-6829","properties":{"cls":3,"count":1}},{"type":"Feature","geometry":{"geodesic":false,"type":"Polygon","coordinates":[[[106.72973722152447,-6.1354933905363325],[106.73063553680859,-6.1354933905363325],[106.73063553680859,-6.1345950752522125],[106.72973722152447,-6.1345950752522125],[106.72973722152447,-6.1354933905363325]]]},"id":"+118811-6830","properties":{"cls":4,"count":1}},{"type":"Feature","geometry":{"geodesic":false,"type":"Polygon","coordinates":[[[106.72973722152447,-6.136391705820452],[106.73063553680859,-6.136391705820452],[106.73063553680859,-6.1354933905363325],[106.72973722152447,-6.1354933905363325],[106.72973722152447,-6.136391705820452]]]},"id":"+118811-6831","properties":{"cls":3,"count":1}},{"type":"Feature","geometry":{"geodesic":false,"type":"Polygon","coordinates":[[[106.72973722152447,-6.1741209477534715],[106.73063553680859,-6.1741209477534715],[106.73063553680859,-6.173222632469352],[106.72973722152447,-6.173222632469352],[106.72973722152447,-6.1741209477534715]]]},"id":"+118811-6873","properties":{"cls":4,"count":1}},{"type":"Feature","geometry":{"geodesic":false,"type":"Polygon","coordinates":[[[106.72973722152447,-6.184002415878786],[106.73063553680859,-6.184002415878786],[106.73063553680859,-6.183104100594667],[106.72973722152447,-6.183104100594667],[106.72973722152447,-6.184002415878786]]]},"id":"+118811-6884","properties":{"cls":7,"count":1}},{"type":"Feature","geometry":{"geodesic":false,"type":"Polygon","coordinates":[[[106.72973722152447,-6.1723243171852324],[106.72973722152447,-6.173222632469352],[106.73153385209271,-6.1741209477534715],[106.73153385209271,-6.1723243171852324],[106.72973722152447,-6.1723243171852324]]]},"id":"+118812-6872","properties":{"cls":2,"count":3}},{"type":"Feature","geometry":{"geodesic":false,"type":"Polygon","coordinates":[[[106.73153385209271,-6.111238877865105],[106.73243216737683,-6.111238877865105],[106.73243216737683,-6.110340562580985],[106.73153385209271,-6.110340562580985],[106.73153385209271,-6.111238877865105]]]},"id":"+118813-6803","properties":{"cls":3,"count":1}},{"type":"Feature","geometry":{"geodesic":false,"type":"Polygon","coordinates":[[[106.73153385209271,-6.259460899744826],[106.73243216737683,-6.259460899744826],[106.73243216737683,-6.258562584460707],[106.73153385209271,-6.258562584460707],[106.73153385209271,-6.259460899744826]]]},"id":"+118813-6968","properties":{"cls":2,"count":1}},{"type":"Feature","geometry":{"geodesic":false,"type":"Polygon","coordinates":[[[106.73243216737683,-6.117527084853942],[106.73333048266095,-6.117527084853942],[106.73333048266095,-6.1166287695698225],[106.73243216737683,-6.1166287695698225],[106.73243216737683,-6.117527084853942]]]},"id":"+118814-6810","properties":{"cls":3,"count":1}},{"type":"Feature","geometry":{"geodesic":false,"type":"Polygon","coordinates":[[[106.73243216737683,-6.131900129399854],[106.73333048266095,-6.131900129399854],[106.73333048266095,-6.131001814115734],[106.73243216737683,-6.131001814115734],[106.73243216737683,-6.131900129399854]]]},"id":"+118814-6826","properties":{"cls":5,"count":1}},{"type":"Feature","geometry":{"geodesic":false,"type":"Polygon","coordinates":[[[106.73333048266095,-6.10225572502391],[106.73422879794506,-6.10225572502391],[106.73422879794506,-6.100459094455671],[106.73333048266095,-6.100459094455671],[106.73333048266095,-6.10225572502391]]]},"id":"+118815-6792","properties":{"cls":2,"count":2}},{"type":"Feature","geometry":{"geodesic":false,"type":"Polygon","coordinates":[[[106.73422879794506,-6.103154040308029],[106.7351271132292,-6.103154040308029],[106.7351271132292,-6.10225572502391],[106.73422879794506,-6.10225572502391],[106.73422879794506,-6.103154040308029]]]},"id":"+118816-6794","properties":{"cls":2,"count":1}},{"type":"Feature","geometry":{"geodesic":false,"type":"Polygon","coordinates":[[[106.73422879794506,-6.109442247296866],[106.7351271132292,-6.109442247296866],[106.7351271132292,-6.108543932012746],[106.73422879794506,-6.108543932012746],[106.73422879794506,-6.109442247296866]]]},"id":"+118816-6801","properties":{"cls":3,"count":1}},{"type":"Feature","geometry":{"geodesic":false,"type":"Polygon","coordinates":[[[106.73422879794506,-6.130103498831615],[106.7351271132292,-6.130103498831615],[106.7351271132292,-6.129205183547495],[106.73422879794506,-6.129205183547495],[106.73422879794506,-6.130103498831615]]]},"id":"+118816-6824","properties":{"cls":4,"count":1}},{"type":"Feature","geometry":{"geodesic":false,"type":"Polygon","coordinates":[[[106.73422879794506,-6.136391705820452],[106.7351271132292,-6.136391705820452],[106.7351271132292,-6.1345950752522125],[106.73422879794506,-6.1345950752522125],[106.73422879794506,-6.136391705820452]]]},"id":"+118816-6830","properties":{"cls":2,"count":2}},{"type":"Feature","geometry":{"geodesic":false,"type":"Polygon","coordinates":[[[106.7351271132292,-6.107645616728627],[106.7351271132292,-6.109442247296866],[106.73422879794506,-6.109442247296866],[106.7351271132292,-6.111238877865105],[106.73333048266095,-6.111238877865105],[106.73333048266095,-6.110340562580985],[106.73243216737683,-6.110340562580985],[106.73153385209271,-6.112137193149224],[106.73333048266095,-6.112137193149224],[106.73333048266095,-6.113035508433344],[106.73422879794506,-6.113035508433344],[106.73422879794506,-6.112137193149224],[106.73602542851332,-6.112137193149224],[106.73692374379743,-6.108543932012746],[106.7351271132292,-6.107645616728627]]]},"id":"+118817-6800","properties":{"cls":2,"count":14}},{"type":"Feature","geometry":{"geodesic":false,"type":"Polygon","coordinates":[[[106.73422879794506,-6.119323715422181],[106.73602542851332,-6.119323715422181],[106.73602542851332,-6.118425400138062],[106.73422879794506,-6.118425400138062],[106.73422879794506,-6.119323715422181]]]},"id":"+118817-6812","properties":{"cls":2,"count":2}},{"type":"Feature","geometry":{"geodesic":false,"type":"Polygon","coordinates":[[[106.7351271132292,-6.131001814115734],[106.73602542851332,-6.131001814115734],[106.73602542851332,-6.130103498831615],[106.7351271132292,-6.130103498831615],[106.7351271132292,-6.131001814115734]]]},"id":"+118817-6825","properties":{"cls":5,"count":1}},{"type":"Feature","geometry":{"geodesic":false,"type":"Polygon","coordinates":[[[106.73602542851332,-6.104052355592149],[106.73692374379743,-6.104052355592149],[106.73692374379743,-6.10225572502391],[106.73602542851332,-6.10225572502391],[106.73602542851332,-6.104052355592149]]]},"id":"+118818-6794","properties":{"cls":2,"count":2}},{"type":"Feature","geometry":{"geodesic":false,"type":"Polygon","coordinates":[[[106.7351271132292,-6.105848986160388],[106.73692374379743,-6.105848986160388],[106.73692374379743,-6.104950670876268],[106.7351271132292,-6.104950670876268],[106.7351271132292,-6.105848986160388]]]},"id":"+118818-6797","properties":{"cls":2,"count":2}},{"type":"Feature","geometry":{"geodesic":false,"type":"Polygon","coordinates":[[[106.73602542851332,-6.113035508433344],[106.73692374379743,-6.113035508433344],[106.73692374379743,-6.112137193149224],[106.73602542851332,-6.112137193149224],[106.73602542851332,-6.113035508433344]]]},"id":"+118818-6805","properties":{"cls":3,"count":1}},{"type":"Feature","geometry":{"geodesic":false,"type":"Polygon","coordinates":[[[106.73602542851332,-6.118425400138062],[106.73602542851332,-6.120222030706301],[106.73782205908155,-6.120222030706301],[106.73692374379743,-6.118425400138062],[106.73602542851332,-6.118425400138062]]]},"id":"+118818-6812","properties":{"cls":3,"count":3}},{"type":"Feature","geometry":{"geodesic":false,"type":"Polygon","coordinates":[[[106.73602542851332,-6.136391705820452],[106.73692374379743,-6.136391705820452],[106.73692374379743,-6.1345950752522125],[106.73602542851332,-6.1345950752522125],[106.73602542851332,-6.136391705820452]]]},"id":"+118818-6830","properties":{"cls":5,"count":2}},{"type":"Feature","geometry":{"geodesic":false,"type":"Polygon","coordinates":[[[106.73692374379743,-6.103154040308029],[106.73782205908155,-6.103154040308029],[106.73782205908155,-6.10225572502391],[106.73692374379743,-6.10225572502391],[106.73692374379743,-6.103154040308029]]]},"id":"+118819-6794","properties":{"cls":4,"count":1}},{"type":"Feature","geometry":{"geodesic":false,"type":"Polygon","coordinates":[[[106.73692374379743,-6.107645616728627],[106.73782205908155,-6.107645616728627],[106.73782205908155,-6.106747301444507],[106.73692374379743,-6.106747301444507],[106.73692374379743,-6.107645616728627]]]},"id":"+118819-6799","properties":{"cls":2,"count":1}},{"type":"Feature","geometry":{"geodesic":false,"type":"Polygon","coordinates":[[[106.73602542851332,-6.108543932012746],[106.73782205908155,-6.108543932012746],[106.73782205908155,-6.107645616728627],[106.73602542851332,-6.107645616728627],[106.73602542851332,-6.108543932012746]]]},"id":"+118819-6800","properties":{"cls":3,"count":2}},{"type":"Feature","geometry":{"geodesic":false,"type":"Polygon","coordinates":[[[106.73692374379743,-6.112137193149224],[106.73782205908155,-6.112137193149224],[106.73782205908155,-6.111238877865105],[106.73692374379743,-6.111238877865105],[106.73692374379743,-6.112137193149224]]]},"id":"+118819-6804","properties":{"cls":2,"count":1}},{"type":"Feature","geometry":{"geodesic":false,"type":"Polygon","coordinates":[[[106.73692374379743,-6.136391705820452],[106.73782205908155,-6.136391705820452],[106.73782205908155,-6.1354933905363325],[106.73692374379743,-6.1354933905363325],[106.73692374379743,-6.136391705820452]]]},"id":"+118819-6831","properties":{"cls":4,"count":1}},{"type":"Feature","geometry":{"geodesic":false,"type":"Polygon","coordinates":[[[106.73692374379743,-6.140883282241049],[106.73782205908155,-6.140883282241049],[106.73782205908155,-6.13998496695693],[106.73692374379743,-6.13998496695693],[106.73692374379743,-6.140883282241049]]]},"id":"+118819-6836","properties":{"cls":5,"count":1}},{"type":"Feature","geometry":{"geodesic":false,"type":"Polygon","coordinates":[[[106.73692374379743,-6.141781597525169],[106.73782205908155,-6.141781597525169],[106.73782205908155,-6.140883282241049],[106.73692374379743,-6.140883282241049],[106.73692374379743,-6.141781597525169]]]},"id":"+118819-6837","properties":{"cls":7,"count":1}},{"type":"Feature","geometry":{"geodesic":false,"type":"Polygon","coordinates":[[[106.73692374379743,-6.160646218491679],[106.73782205908155,-6.160646218491679],[106.73782205908155,-6.159747903207559],[106.73692374379743,-6.159747903207559],[106.73692374379743,-6.160646218491679]]]},"id":"+118819-6858","properties":{"cls":2,"count":1}},{"type":"Feature","geometry":{"geodesic":false,"type":"Polygon","coordinates":[[[106.73692374379743,-6.292698565257249],[106.73782205908155,-6.292698565257249],[106.73782205908155,-6.291800249973129],[106.73692374379743,-6.291800249973129],[106.73692374379743,-6.292698565257249]]]},"id":"+118819-7005","properties":{"cls":3,"count":1}},{"type":"Feature","geometry":{"geodesic":false,"type":"Polygon","coordinates":[[[106.73782205908155,-6.103154040308029],[106.73872037436567,-6.103154040308029],[106.73872037436567,-6.10225572502391],[106.73782205908155,-6.10225572502391],[106.73782205908155,-6.103154040308029]]]},"id":"+118820-6794","properties":{"cls":5,"count":1}},{"type":"Feature","geometry":{"geodesic":false,"type":"Polygon","coordinates":[[[106.73782205908155,-6.104052355592149],[106.73872037436567,-6.104052355592149],[106.73872037436567,-6.103154040308029],[106.73782205908155,-6.103154040308029],[106.73782205908155,-6.104052355592149]]]},"id":"+118820-6795","properties":{"cls":2,"count":1}},{"type":"Feature","geometry":{"geodesic":false,"type":"Polygon","coordinates":[[[106.73782205908155,-6.106747301444507],[106.73872037436567,-6.106747301444507],[106.73872037436567,-6.105848986160388],[106.73782205908155,-6.105848986160388],[106.73782205908155,-6.106747301444507]]]},"id":"+118820-6798","properties":{"cls":2,"count":1}},{"type":"Feature","geometry":{"geodesic":false,"type":"Polygon","coordinates":[[[106.73782205908155,-6.110340562580985],[106.73872037436567,-6.110340562580985],[106.73872037436567,-6.109442247296866],[106.73782205908155,-6.109442247296866],[106.73782205908155,-6.110340562580985]]]},"id":"+118820-6802","properties":{"cls":2,"count":1}},{"type":"Feature","geometry":{"geodesic":false,"type":"Polygon","coordinates":[[[106.73692374379743,-6.111238877865105],[106.73872037436567,-6.111238877865105],[106.73872037436567,-6.110340562580985],[106.73692374379743,-6.110340562580985],[106.73692374379743,-6.111238877865105]]]},"id":"+118820-6803","properties":{"cls":3,"count":2}},{"type":"Feature","geometry":{"geodesic":false,"type":"Polygon","coordinates":[[[106.73782205908155,-6.120222030706301],[106.73872037436567,-6.120222030706301],[106.73872037436567,-6.119323715422181],[106.73782205908155,-6.119323715422181],[106.73782205908155,-6.120222030706301]]]},"id":"+118820-6813","properties":{"cls":2,"count":1}},{"type":"Feature","geometry":{"geodesic":false,"type":"Polygon","coordinates":[[[106.73782205908155,-6.12112034599042],[106.73872037436567,-6.12112034599042],[106.73872037436567,-6.120222030706301],[106.73782205908155,-6.120222030706301],[106.73782205908155,-6.12112034599042]]]},"id":"+118820-6814","properties":{"cls":4,"count":1}},{"type":"Feature","geometry":{"geodesic":false,"type":"Polygon","coordinates":[[[106.73782205908155,-6.141781597525169],[106.73872037436567,-6.141781597525169],[106.73872037436567,-6.13998496695693],[106.73782205908155,-6.13998496695693],[106.73782205908155,-6.141781597525169]]]},"id":"+118820-6836","properties":{"cls":2,"count":2}},{"type":"Feature","geometry":{"geodesic":false,"type":"Polygon","coordinates":[[[106.73872037436567,-6.101357409739791],[106.73961868964979,-6.101357409739791],[106.73961868964979,-6.100459094455671],[106.73872037436567,-6.100459094455671],[106.73872037436567,-6.101357409739791]]]},"id":"+118821-6792","properties":{"cls":2,"count":1}},{"type":"Feature","geometry":{"geodesic":false,"type":"Polygon","coordinates":[[[106.73872037436567,-6.103154040308029],[106.73961868964979,-6.103154040308029],[106.73961868964979,-6.10225572502391],[106.73872037436567,-6.10225572502391],[106.73872037436567,-6.103154040308029]]]},"id":"+118821-6794","properties":{"cls":4,"count":1}},{"type":"Feature","geometry":{"geodesic":false,"type":"Polygon","coordinates":[[[106.73872037436567,-6.109442247296866],[106.73961868964979,-6.109442247296866],[106.73961868964979,-6.108543932012746],[106.73872037436567,-6.108543932012746],[106.73872037436567,-6.109442247296866]]]},"id":"+118821-6801","properties":{"cls":2,"count":1}},{"type":"Feature","geometry":{"geodesic":false,"type":"Polygon","coordinates":[[[106.73872037436567,-6.137290021104572],[106.73961868964979,-6.137290021104572],[106.73961868964979,-6.136391705820452],[106.73872037436567,-6.136391705820452],[106.73872037436567,-6.137290021104572]]]},"id":"+118821-6832","properties":{"cls":4,"count":1}},{"type":"Feature","geometry":{"geodesic":false,"type":"Polygon","coordinates":[[[106.73872037436567,-6.13908665167281],[106.73961868964979,-6.13908665167281],[106.73961868964979,-6.138188336388691],[106.73872037436567,-6.138188336388691],[106.73872037436567,-6.13908665167281]]]},"id":"+118821-6834","properties":{"cls":3,"count":1}},{"type":"Feature","geometry":{"geodesic":false,"type":"Polygon","coordinates":[[[106.73961868964979,-6.122018661274539],[106.7405170049339,-6.122018661274539],[106.7405170049339,-6.12112034599042],[106.73961868964979,-6.12112034599042],[106.73961868964979,-6.122018661274539]]]},"id":"+118822-6815","properties":{"cls":3,"count":1}},{"type":"Feature","geometry":{"geodesic":false,"type":"Polygon","coordinates":[[[106.73961868964979,-6.127408552979256],[106.7405170049339,-6.127408552979256],[106.7405170049339,-6.126510237695137],[106.73961868964979,-6.126510237695137],[106.73961868964979,-6.127408552979256]]]},"id":"+118822-6821","properties":{"cls":2,"count":1}},{"type":"Feature","geometry":{"geodesic":false,"type":"Polygon","coordinates":[[[106.73961868964979,-6.138188336388691],[106.7405170049339,-6.138188336388691],[106.7405170049339,-6.137290021104572],[106.73961868964979,-6.137290021104572],[106.73961868964979,-6.138188336388691]]]},"id":"+118822-6833","properties":{"cls":3,"count":1}},{"type":"Feature","geometry":{"geodesic":false,"type":"Polygon","coordinates":[[[106.73961868964979,-6.13908665167281],[106.7405170049339,-6.13908665167281],[106.7405170049339,-6.138188336388691],[106.73961868964979,-6.138188336388691],[106.73961868964979,-6.13908665167281]]]},"id":"+118822-6834","properties":{"cls":5,"count":1}},{"type":"Feature","geometry":{"geodesic":false,"type":"Polygon","coordinates":[[[106.73961868964979,-6.32863117662203],[106.7405170049339,-6.32863117662203],[106.7405170049339,-6.32773286133791],[106.73961868964979,-6.32773286133791],[106.73961868964979,-6.32863117662203]]]},"id":"+118822-7045","properties":{"cls":5,"count":1}},{"type":"Feature","geometry":{"geodesic":false,"type":"Polygon","coordinates":[[[106.73961868964979,-6.329529491906149],[106.7405170049339,-6.329529491906149],[106.7405170049339,-6.32863117662203],[106.73961868964979,-6.32863117662203],[106.73961868964979,-6.329529491906149]]]},"id":"+118822-7046","properties":{"cls":3,"count":1}},{"type":"Feature","geometry":{"geodesic":false,"type":"Polygon","coordinates":[[[106.73961868964979,-6.3636654727026905],[106.7405170049339,-6.3636654727026905],[106.7405170049339,-6.362767157418571],[106.73961868964979,-6.362767157418571],[106.73961868964979,-6.3636654727026905]]]},"id":"+118822-7084","properties":{"cls":9,"count":1}},{"type":"Feature","geometry":{"geodesic":false,"type":"Polygon","coordinates":[[[106.7405170049339,-6.104950670876268],[106.74141532021802,-6.104950670876268],[106.74141532021802,-6.104052355592149],[106.7405170049339,-6.104052355592149],[106.7405170049339,-6.104950670876268]]]},"id":"+118823-6796","properties":{"cls":2,"count":1}},{"type":"Feature","geometry":{"geodesic":false,"type":"Polygon","coordinates":[[[106.7405170049339,-6.107645616728627],[106.74141532021802,-6.107645616728627],[106.74141532021802,-6.106747301444507],[106.7405170049339,-6.106747301444507],[106.7405170049339,-6.107645616728627]]]},"id":"+118823-6799","properties":{"cls":3,"count":1}},{"type":"Feature","geometry":{"geodesic":false,"type":"Polygon","coordinates":[[[106.73961868964979,-6.108543932012746],[106.74141532021802,-6.108543932012746],[106.74141532021802,-6.107645616728627],[106.73961868964979,-6.107645616728627],[106.73961868964979,-6.108543932012746]]]},"id":"+118823-6800","properties":{"cls":2,"count":2}},{"type":"Feature","geometry":{"geodesic":false,"type":"Polygon","coordinates":[[[106.73961868964979,-6.29090193468901],[106.74141532021802,-6.29090193468901],[106.74141532021802,-6.29000361940489],[106.73961868964979,-6.29000361940489],[106.73961868964979,-6.29090193468901]]]},"id":"+118823-7003","properties":{"cls":7,"count":2}},{"type":"Feature","geometry":{"geodesic":false,"type":"Polygon","coordinates":[[[106.74141532021802,-6.109442247296866],[106.74231363550214,-6.109442247296866],[106.74231363550214,-6.108543932012746],[106.74141532021802,-6.108543932012746],[106.74141532021802,-6.109442247296866]]]},"id":"+118824-6801","properties":{"cls":2,"count":1}},{"type":"Feature","geometry":{"geodesic":false,"type":"Polygon","coordinates":[[[106.74141532021802,-6.1552563267869616],[106.74231363550214,-6.1552563267869616],[106.74231363550214,-6.1543580115028425],[106.74141532021802,-6.1543580115028425],[106.74141532021802,-6.1552563267869616]]]},"id":"+118824-6852","properties":{"cls":3,"count":1}},{"type":"Feature","geometry":{"geodesic":false,"type":"Polygon","coordinates":[[[106.74231363550214,-6.113035508433344],[106.74321195078626,-6.113035508433344],[106.74321195078626,-6.112137193149224],[106.74231363550214,-6.112137193149224],[106.74231363550214,-6.113035508433344]]]},"id":"+118825-6805","properties":{"cls":2,"count":1}},{"type":"Feature","geometry":{"geodesic":false,"type":"Polygon","coordinates":[[[106.74231363550214,-6.1345950752522125],[106.74321195078626,-6.1345950752522125],[106.74321195078626,-6.133696759968093],[106.74231363550214,-6.133696759968093],[106.74231363550214,-6.1345950752522125]]]},"id":"+118825-6829","properties":{"cls":5,"count":1}},{"type":"Feature","geometry":{"geodesic":false,"type":"Polygon","coordinates":[[[106.74231363550214,-6.140883282241049],[106.74321195078626,-6.140883282241049],[106.74321195078626,-6.13998496695693],[106.74231363550214,-6.13998496695693],[106.74231363550214,-6.140883282241049]]]},"id":"+118825-6836","properties":{"cls":3,"count":1}},{"type":"Feature","geometry":{"geodesic":false,"type":"Polygon","coordinates":[[[106.74321195078626,-6.104950670876268],[106.74411026607038,-6.104950670876268],[106.74411026607038,-6.104052355592149],[106.74321195078626,-6.104052355592149],[106.74321195078626,-6.104950670876268]]]},"id":"+118826-6796","properties":{"cls":2,"count":1}},{"type":"Feature","geometry":{"geodesic":false,"type":"Polygon","coordinates":[[[106.74321195078626,-6.122916976558659],[106.74411026607038,-6.122916976558659],[106.74411026607038,-6.122018661274539],[106.74321195078626,-6.122018661274539],[106.74321195078626,-6.122916976558659]]]},"id":"+118826-6816","properties":{"cls":2,"count":1}},{"type":"Feature","geometry":{"geodesic":false,"type":"Polygon","coordinates":[[[106.74321195078626,-6.130103498831615],[106.74411026607038,-6.130103498831615],[106.74411026607038,-6.129205183547495],[106.74321195078626,-6.129205183547495],[106.74321195078626,-6.130103498831615]]]},"id":"+118826-6824","properties":{"cls":3,"count":1}},{"type":"Feature","geometry":{"geodesic":false,"type":"Polygon","coordinates":[[[106.74321195078626,-6.133696759968093],[106.74411026607038,-6.133696759968093],[106.74411026607038,-6.132798444683973],[106.74321195078626,-6.132798444683973],[106.74321195078626,-6.133696759968093]]]},"id":"+118826-6828","properties":{"cls":3,"count":1}},{"type":"Feature","geometry":{"geodesic":false,"type":"Polygon","coordinates":[[[106.74321195078626,-6.1345950752522125],[106.74411026607038,-6.1345950752522125],[106.74411026607038,-6.133696759968093],[106.74321195078626,-6.133696759968093],[106.74321195078626,-6.1345950752522125]]]},"id":"+118826-6829","properties":{"cls":4,"count":1}},{"type":"Feature","geometry":{"geodesic":false,"type":"Polygon","coordinates":[[[106.74321195078626,-6.281918781847814],[106.74411026607038,-6.281918781847814],[106.74411026607038,-6.281020466563694],[106.74321195078626,-6.281020466563694],[106.74321195078626,-6.281918781847814]]]},"id":"+118826-6993","properties":{"cls":2,"count":1}},{"type":"Feature","geometry":{"geodesic":false,"type":"Polygon","coordinates":[[[106.74321195078626,-6.287308673552531],[106.74411026607038,-6.287308673552531],[106.74411026607038,-6.286410358268411],[106.74321195078626,-6.286410358268411],[106.74321195078626,-6.287308673552531]]]},"id":"+118826-6999","properties":{"cls":2,"count":1}},{"type":"Feature","geometry":{"geodesic":false,"type":"Polygon","coordinates":[[[106.74411026607038,-6.112137193149224],[106.74500858135451,-6.112137193149224],[106.74500858135451,-6.111238877865105],[106.74411026607038,-6.111238877865105],[106.74411026607038,-6.112137193149224]]]},"id":"+118827-6804","properties":{"cls":2,"count":1}},{"type":"Feature","geometry":{"geodesic":false,"type":"Polygon","coordinates":[[[106.74411026607038,-6.122916976558659],[106.74500858135451,-6.122916976558659],[106.74500858135451,-6.122018661274539],[106.74411026607038,-6.122018661274539],[106.74411026607038,-6.122916976558659]]]},"id":"+118827-6816","properties":{"cls":3,"count":1}},{"type":"Feature","geometry":{"geodesic":false,"type":"Polygon","coordinates":[[[106.74411026607038,-6.133696759968093],[106.74500858135451,-6.133696759968093],[106.74500858135451,-6.131900129399854],[106.74411026607038,-6.131900129399854],[106.74411026607038,-6.133696759968093]]]},"id":"+118827-6827","properties":{"cls":4,"count":2}},{"type":"Feature","geometry":{"geodesic":false,"type":"Polygon","coordinates":[[[106.74411026607038,-6.316953077928475],[106.74500858135451,-6.316953077928475],[106.74500858135451,-6.316054762644356],[106.74411026607038,-6.316054762644356],[106.74411026607038,-6.316953077928475]]]},"id":"+118827-7032","properties":{"cls":2,"count":1}},{"type":"Feature","geometry":{"geodesic":false,"type":"Polygon","coordinates":[[[106.74411026607038,-6.334919383610866],[106.74500858135451,-6.334919383610866],[106.74500858135451,-6.334021068326746],[106.74411026607038,-6.334021068326746],[106.74411026607038,-6.334919383610866]]]},"id":"+118827-7052","properties":{"cls":2,"count":1}},{"type":"Feature","geometry":{"geodesic":false,"type":"Polygon","coordinates":[[[106.74411026607038,-6.338512644747344],[106.74500858135451,-6.338512644747344],[106.74500858135451,-6.337614329463224],[106.74411026607038,-6.337614329463224],[106.74411026607038,-6.338512644747344]]]},"id":"+118827-7056","properties":{"cls":2,"count":1}},{"type":"Feature","geometry":{"geodesic":false,"type":"Polygon","coordinates":[[[106.74500858135451,-6.129205183547495],[106.74590689663863,-6.129205183547495],[106.74590689663863,-6.128306868263376],[106.74500858135451,-6.128306868263376],[106.74500858135451,-6.129205183547495]]]},"id":"+118828-6823","properties":{"cls":2,"count":1}},{"type":"Feature","geometry":{"geodesic":false,"type":"Polygon","coordinates":[[[106.74500858135451,-6.138188336388691],[106.74590689663863,-6.138188336388691],[106.74590689663863,-6.137290021104572],[106.74500858135451,-6.137290021104572],[106.74500858135451,-6.138188336388691]]]},"id":"+118828-6833","properties":{"cls":3,"count":1}},{"type":"Feature","geometry":{"geodesic":false,"type":"Polygon","coordinates":[[[106.74500858135451,-6.109442247296866],[106.74680521192275,-6.109442247296866],[106.74680521192275,-6.108543932012746],[106.74500858135451,-6.108543932012746],[106.74500858135451,-6.109442247296866]]]},"id":"+118829-6801","properties":{"cls":2,"count":2}},{"type":"Feature","geometry":{"geodesic":false,"type":"Polygon","coordinates":[[[106.74590689663863,-6.130103498831615],[106.74680521192275,-6.130103498831615],[106.74680521192275,-6.129205183547495],[106.74590689663863,-6.129205183547495],[106.74590689663863,-6.130103498831615]]]},"id":"+118829-6824","properties":{"cls":4,"count":1}},{"type":"Feature","geometry":{"geodesic":false,"type":"Polygon","coordinates":[[[106.74590689663863,-6.131001814115734],[106.74680521192275,-6.131001814115734],[106.74680521192275,-6.130103498831615],[106.74590689663863,-6.130103498831615],[106.74590689663863,-6.131001814115734]]]},"id":"+118829-6825","properties":{"cls":3,"count":1}},{"type":"Feature","geometry":{"geodesic":false,"type":"Polygon","coordinates":[[[106.74590689663863,-6.138188336388691],[106.74680521192275,-6.138188336388691],[106.74680521192275,-6.137290021104572],[106.74590689663863,-6.137290021104572],[106.74590689663863,-6.138188336388691]]]},"id":"+118829-6833","properties":{"cls":2,"count":1}},{"type":"Feature","geometry":{"geodesic":false,"type":"Polygon","coordinates":[[[106.74590689663863,-6.336716014179105],[106.74680521192275,-6.336716014179105],[106.74680521192275,-6.335817698894985],[106.74590689663863,-6.335817698894985],[106.74590689663863,-6.336716014179105]]]},"id":"+118829-7054","properties":{"cls":5,"count":1}},{"type":"Feature","geometry":{"geodesic":false,"type":"Polygon","coordinates":[[[106.74590689663863,-6.340309275315583],[106.74680521192275,-6.340309275315583],[106.74680521192275,-6.339410960031463],[106.74590689663863,-6.339410960031463],[106.74590689663863,-6.340309275315583]]]},"id":"+118829-7058","properties":{"cls":4,"count":1}},{"type":"Feature","geometry":{"geodesic":false,"type":"Polygon","coordinates":[[[106.74590689663863,-6.341207590599702],[106.74680521192275,-6.341207590599702],[106.74680521192275,-6.340309275315583],[106.74590689663863,-6.340309275315583],[106.74590689663863,-6.341207590599702]]]},"id":"+118829-7059","properties":{"cls":9,"count":1}},{"type":"Feature","geometry":{"geodesic":false,"type":"Polygon","coordinates":[[[106.74680521192275,-6.101357409739791],[106.74770352720687,-6.101357409739791],[106.74770352720687,-6.100459094455671],[106.74680521192275,-6.100459094455671],[106.74680521192275,-6.101357409739791]]]},"id":"+118830-6792","properties":{"cls":2,"count":1}},{"type":"Feature","geometry":{"geodesic":false,"type":"Polygon","coordinates":[[[106.74590689663863,-6.110340562580985],[106.74590689663863,-6.112137193149224],[106.74680521192275,-6.112137193149224],[106.74770352720687,-6.110340562580985],[106.74590689663863,-6.110340562580985]]]},"id":"+118830-6803","properties":{"cls":3,"count":3}},{"type":"Feature","geometry":{"geodesic":false,"type":"Polygon","coordinates":[[[106.74680521192275,-6.112137193149224],[106.74770352720687,-6.112137193149224],[106.74770352720687,-6.111238877865105],[106.74680521192275,-6.111238877865105],[106.74680521192275,-6.112137193149224]]]},"id":"+118830-6804","properties":{"cls":4,"count":1}},{"type":"Feature","geometry":{"geodesic":false,"type":"Polygon","coordinates":[[[106.74680521192275,-6.113035508433344],[106.74770352720687,-6.113035508433344],[106.74770352720687,-6.112137193149224],[106.74680521192275,-6.112137193149224],[106.74680521192275,-6.113035508433344]]]},"id":"+118830-6805","properties":{"cls":3,"count":1}},{"type":"Feature","geometry":{"geodesic":false,"type":"Polygon","coordinates":[[[106.74680521192275,-6.130103498831615],[106.74590689663863,-6.131900129399854],[106.74770352720687,-6.131900129399854],[106.74770352720687,-6.130103498831615],[106.74680521192275,-6.130103498831615]]]},"id":"+118830-6825","properties":{"cls":4,"count":3}},{"type":"Feature","geometry":{"geodesic":false,"type":"Polygon","coordinates":[[[106.74680521192275,-6.159747903207559],[106.74770352720687,-6.159747903207559],[106.74770352720687,-6.15884958792344],[106.74680521192275,-6.15884958792344],[106.74680521192275,-6.159747903207559]]]},"id":"+118830-6857","properties":{"cls":5,"count":1}},{"type":"Feature","geometry":{"geodesic":false,"type":"Polygon","coordinates":[[[106.74680521192275,-6.160646218491679],[106.74770352720687,-6.160646218491679],[106.74770352720687,-6.159747903207559],[106.74680521192275,-6.159747903207559],[106.74680521192275,-6.160646218491679]]]},"id":"+118830-6858","properties":{"cls":7,"count":1}},{"type":"Feature","geometry":{"geodesic":false,"type":"Polygon","coordinates":[[[106.74680521192275,-6.341207590599702],[106.74770352720687,-6.341207590599702],[106.74770352720687,-6.340309275315583],[106.74680521192275,-6.340309275315583],[106.74680521192275,-6.341207590599702]]]},"id":"+118830-7059","properties":{"cls":2,"count":1}},{"type":"Feature","geometry":{"geodesic":false,"type":"Polygon","coordinates":[[[106.74680521192275,-6.107645616728627],[106.74860184249098,-6.107645616728627],[106.74860184249098,-6.106747301444507],[106.74680521192275,-6.106747301444507],[106.74680521192275,-6.107645616728627]]]},"id":"+118831-6799","properties":{"cls":2,"count":2}},{"type":"Feature","geometry":{"geodesic":false,"type":"Polygon","coordinates":[[[106.74770352720687,-6.112137193149224],[106.74860184249098,-6.112137193149224],[106.74860184249098,-6.111238877865105],[106.74770352720687,-6.111238877865105],[106.74770352720687,-6.112137193149224]]]},"id":"+118831-6804","properties":{"cls":3,"count":1}},{"type":"Feature","geometry":{"geodesic":false,"type":"Polygon","coordinates":[[[106.74770352720687,-6.128306868263376],[106.74860184249098,-6.128306868263376],[106.74860184249098,-6.127408552979256],[106.74770352720687,-6.127408552979256],[106.74770352720687,-6.128306868263376]]]},"id":"+118831-6822","properties":{"cls":4,"count":1}},{"type":"Feature","geometry":{"geodesic":false,"type":"Polygon","coordinates":[[[106.74680521192275,-6.131900129399854],[106.74770352720687,-6.133696759968093],[106.7495001577751,-6.133696759968093],[106.74860184249098,-6.131900129399854],[106.74680521192275,-6.131900129399854]]]},"id":"+118831-6827","properties":{"cls":3,"count":4}},{"type":"Feature","geometry":{"geodesic":false,"type":"Polygon","coordinates":[[[106.74770352720687,-6.164239479628157],[106.74860184249098,-6.164239479628157],[106.74860184249098,-6.163341164344037],[106.74770352720687,-6.163341164344037],[106.74770352720687,-6.164239479628157]]]},"id":"+118831-6862","properties":{"cls":7,"count":1}},{"type":"Feature","geometry":{"geodesic":false,"type":"Polygon","coordinates":[[[106.74770352720687,-6.165137794912276],[106.74860184249098,-6.165137794912276],[106.74860184249098,-6.164239479628157],[106.74770352720687,-6.164239479628157],[106.74770352720687,-6.165137794912276]]]},"id":"+118831-6863","properties":{"cls":3,"count":1}},{"type":"Feature","geometry":{"geodesic":false,"type":"Polygon","coordinates":[[[106.74770352720687,-6.191188938151742],[106.74860184249098,-6.191188938151742],[106.74860184249098,-6.190290622867623],[106.74770352720687,-6.190290622867623],[106.74770352720687,-6.191188938151742]]]},"id":"+118831-6892","properties":{"cls":4,"count":1}},{"type":"Feature","geometry":{"geodesic":false,"type":"Polygon","coordinates":[[[106.74770352720687,-6.369953679691527],[106.74860184249098,-6.369953679691527],[106.74860184249098,-6.369055364407408],[106.74770352720687,-6.369055364407408],[106.74770352720687,-6.369953679691527]]]},"id":"+118831-7091","properties":{"cls":4,"count":1}},{"type":"Feature","geometry":{"geodesic":false,"type":"Polygon","coordinates":[[[106.74860184249098,-6.106747301444507],[106.7495001577751,-6.106747301444507],[106.7495001577751,-6.105848986160388],[106.74860184249098,-6.105848986160388],[106.74860184249098,-6.106747301444507]]]},"id":"+118832-6798","properties":{"cls":3,"count":1}},{"type":"Feature","geometry":{"geodesic":false,"type":"Polygon","coordinates":[[[106.74860184249098,-6.107645616728627],[106.74860184249098,-6.110340562580985],[106.74770352720687,-6.110340562580985],[106.74860184249098,-6.112137193149224],[106.74770352720687,-6.112137193149224],[106.74770352720687,-6.113035508433344],[106.75039847305922,-6.113035508433344],[106.7495001577751,-6.111238877865105],[106.75129678834334,-6.111238877865105],[106.75129678834334,-6.110340562580985],[106.7495001577751,-6.109442247296866],[106.7495001577751,-6.107645616728627],[106.74860184249098,-6.107645616728627]]]},"id":"+118832-6800","properties":{"cls":2,"count":12}},{"type":"Feature","geometry":{"geodesic":false,"type":"Polygon","coordinates":[[[106.74860184249098,-6.132798444683973],[106.7495001577751,-6.132798444683973],[106.7495001577751,-6.131900129399854],[106.74860184249098,-6.131900129399854],[106.74860184249098,-6.132798444683973]]]},"id":"+118832-6827","properties":{"cls":5,"count":1}},{"type":"Feature","geometry":{"geodesic":false,"type":"Polygon","coordinates":[[[106.74770352720687,-6.146273173945766],[106.7495001577751,-6.146273173945766],[106.7495001577751,-6.145374858661647],[106.74770352720687,-6.145374858661647],[106.74770352720687,-6.146273173945766]]]},"id":"+118832-6842","properties":{"cls":5,"count":2}},{"type":"Feature","geometry":{"geodesic":false,"type":"Polygon","coordinates":[[[106.74860184249098,-6.151663065650483],[106.7495001577751,-6.151663065650483],[106.7495001577751,-6.150764750366364],[106.74860184249098,-6.150764750366364],[106.74860184249098,-6.151663065650483]]]},"id":"+118832-6848","properties":{"cls":5,"count":1}},{"type":"Feature","geometry":{"geodesic":false,"type":"Polygon","coordinates":[[[106.74770352720687,-6.166036110196396],[106.7495001577751,-6.166036110196396],[106.7495001577751,-6.165137794912276],[106.74770352720687,-6.165137794912276],[106.74770352720687,-6.166036110196396]]]},"id":"+118832-6864","properties":{"cls":5,"count":2}},{"type":"Feature","geometry":{"geodesic":false,"type":"Polygon","coordinates":[[[106.74860184249098,-6.168731056048754],[106.7495001577751,-6.168731056048754],[106.7495001577751,-6.167832740764635],[106.74860184249098,-6.167832740764635],[106.74860184249098,-6.168731056048754]]]},"id":"+118832-6867","properties":{"cls":2,"count":1}},{"type":"Feature","geometry":{"geodesic":false,"type":"Polygon","coordinates":[[[106.74860184249098,-6.169629371332874],[106.7495001577751,-6.169629371332874],[106.7495001577751,-6.168731056048754],[106.74860184249098,-6.168731056048754],[106.74860184249098,-6.169629371332874]]]},"id":"+118832-6868","properties":{"cls":4,"count":1}},{"type":"Feature","geometry":{"geodesic":false,"type":"Polygon","coordinates":[[[106.74860184249098,-6.170527686616993],[106.7495001577751,-6.170527686616993],[106.7495001577751,-6.169629371332874],[106.74860184249098,-6.169629371332874],[106.74860184249098,-6.170527686616993]]]},"id":"+118832-6869","properties":{"cls":3,"count":1}},{"type":"Feature","geometry":{"geodesic":false,"type":"Polygon","coordinates":[[[106.74860184249098,-6.171426001901113],[106.7495001577751,-6.171426001901113],[106.7495001577751,-6.170527686616993],[106.74860184249098,-6.170527686616993],[106.74860184249098,-6.171426001901113]]]},"id":"+118832-6870","properties":{"cls":5,"count":1}},{"type":"Feature","geometry":{"geodesic":false,"type":"Polygon","coordinates":[[[106.74860184249098,-6.1723243171852324],[106.7495001577751,-6.1723243171852324],[106.7495001577751,-6.171426001901113],[106.74860184249098,-6.171426001901113],[106.74860184249098,-6.1723243171852324]]]},"id":"+118832-6871","properties":{"cls":4,"count":1}},{"type":"Feature","geometry":{"geodesic":false,"type":"Polygon","coordinates":[[[106.7495001577751,-6.106747301444507],[106.75039847305922,-6.106747301444507],[106.75039847305922,-6.105848986160388],[106.7495001577751,-6.105848986160388],[106.7495001577751,-6.106747301444507]]]},"id":"+118833-6798","properties":{"cls":2,"count":1}},{"type":"Feature","geometry":{"geodesic":false,"type":"Polygon","coordinates":[[[106.7495001577751,-6.122018661274539],[106.75039847305922,-6.122018661274539],[106.75039847305922,-6.12112034599042],[106.7495001577751,-6.12112034599042],[106.7495001577751,-6.122018661274539]]]},"id":"+118833-6815","properties":{"cls":4,"count":1}},{"type":"Feature","geometry":{"geodesic":false,"type":"Polygon","coordinates":[[[106.74680521192275,-6.130103498831615],[106.75039847305922,-6.130103498831615],[106.75039847305922,-6.129205183547495],[106.74680521192275,-6.129205183547495],[106.74680521192275,-6.130103498831615]]]},"id":"+118833-6824","properties":{"cls":3,"count":4}},{"type":"Feature","geometry":{"geodesic":false,"type":"Polygon","coordinates":[[[106.7495001577751,-6.131900129399854],[106.75039847305922,-6.131900129399854],[106.75039847305922,-6.131001814115734],[106.7495001577751,-6.131001814115734],[106.7495001577751,-6.131900129399854]]]},"id":"+118833-6826","properties":{"cls":4,"count":1}},{"type":"Feature","geometry":{"geodesic":false,"type":"Polygon","coordinates":[[[106.7495001577751,-6.141781597525169],[106.75039847305922,-6.141781597525169],[106.75039847305922,-6.140883282241049],[106.7495001577751,-6.140883282241049],[106.7495001577751,-6.141781597525169]]]},"id":"+118833-6837","properties":{"cls":5,"count":1}},{"type":"Feature","geometry":{"geodesic":false,"type":"Polygon","coordinates":[[[106.7495001577751,-6.143578228093408],[106.75039847305922,-6.143578228093408],[106.75039847305922,-6.142679912809288],[106.7495001577751,-6.142679912809288],[106.7495001577751,-6.143578228093408]]]},"id":"+118833-6839","properties":{"cls":7,"count":1}},{"type":"Feature","geometry":{"geodesic":false,"type":"Polygon","coordinates":[[[106.7495001577751,-6.144476543377527],[106.75039847305922,-6.144476543377527],[106.75039847305922,-6.143578228093408],[106.7495001577751,-6.143578228093408],[106.7495001577751,-6.144476543377527]]]},"id":"+118833-6840","properties":{"cls":5,"count":1}},{"type":"Feature","geometry":{"geodesic":false,"type":"Polygon","coordinates":[[[106.7495001577751,-6.145374858661647],[106.75039847305922,-6.145374858661647],[106.75039847305922,-6.144476543377527],[106.7495001577751,-6.144476543377527],[106.7495001577751,-6.145374858661647]]]},"id":"+118833-6841","properties":{"cls":7,"count":1}},{"type":"Feature","geometry":{"geodesic":false,"type":"Polygon","coordinates":[[[106.7495001577751,-6.147171489229886],[106.75039847305922,-6.147171489229886],[106.75039847305922,-6.145374858661647],[106.7495001577751,-6.145374858661647],[106.7495001577751,-6.147171489229886]]]},"id":"+118833-6842","properties":{"cls":2,"count":2}},{"type":"Feature","geometry":{"geodesic":false,"type":"Polygon","coordinates":[[[106.7495001577751,-6.148968119798125],[106.75039847305922,-6.148968119798125],[106.75039847305922,-6.148069804514005],[106.7495001577751,-6.148069804514005],[106.7495001577751,-6.148968119798125]]]},"id":"+118833-6845","properties":{"cls":4,"count":1}},{"type":"Feature","geometry":{"geodesic":false,"type":"Polygon","coordinates":[[[106.75039847305922,-6.109442247296866],[106.75129678834334,-6.109442247296866],[106.75129678834334,-6.108543932012746],[106.75039847305922,-6.108543932012746],[106.75039847305922,-6.109442247296866]]]},"id":"+118834-6801","properties":{"cls":9,"count":1}},{"type":"Feature","geometry":{"geodesic":false,"type":"Polygon","coordinates":[[[106.75039847305922,-6.112137193149224],[106.75129678834334,-6.112137193149224],[106.75129678834334,-6.111238877865105],[106.75039847305922,-6.111238877865105],[106.75039847305922,-6.112137193149224]]]},"id":"+118834-6804","properties":{"cls":3,"count":1}},{"type":"Feature","geometry":{"geodesic":false,"type":"Polygon","coordinates":[[[106.75039847305922,-6.122018661274539],[106.75129678834334,-6.122018661274539],[106.75129678834334,-6.12112034599042],[106.75039847305922,-6.12112034599042],[106.75039847305922,-6.122018661274539]]]},"id":"+118834-6815","properties":{"cls":5,"count":1}},{"type":"Feature","geometry":{"geodesic":false,"type":"Polygon","coordinates":[[[106.75039847305922,-6.13908665167281],[106.75129678834334,-6.13908665167281],[106.75129678834334,-6.138188336388691],[106.75039847305922,-6.138188336388691],[106.75039847305922,-6.13908665167281]]]},"id":"+118834-6834","properties":{"cls":9,"count":1}},{"type":"Feature","geometry":{"geodesic":false,"type":"Polygon","coordinates":[[[106.75039847305922,-6.142679912809288],[106.75129678834334,-6.142679912809288],[106.75129678834334,-6.141781597525169],[106.75039847305922,-6.141781597525169],[106.75039847305922,-6.142679912809288]]]},"id":"+118834-6838","properties":{"cls":7,"count":1}},{"type":"Feature","geometry":{"geodesic":false,"type":"Polygon","coordinates":[[[106.75039847305922,-6.145374858661647],[106.75129678834334,-6.145374858661647],[106.75129678834334,-6.144476543377527],[106.75039847305922,-6.144476543377527],[106.75039847305922,-6.145374858661647]]]},"id":"+118834-6841","properties":{"cls":4,"count":1}},{"type":"Feature","geometry":{"geodesic":false,"type":"Polygon","coordinates":[[[106.75039847305922,-6.386123354805679],[106.75129678834334,-6.386123354805679],[106.75129678834334,-6.3852250395215595],[106.75039847305922,-6.3852250395215595],[106.75039847305922,-6.386123354805679]]]},"id":"+118834-7109","properties":{"cls":9,"count":1}},{"type":"Feature","geometry":{"geodesic":false,"type":"Polygon","coordinates":[[[106.75129678834334,-6.114832139001583],[106.75219510362746,-6.114832139001583],[106.75219510362746,-6.113035508433344],[106.75129678834334,-6.113035508433344],[106.75129678834334,-6.114832139001583]]]},"id":"+118835-6806","properties":{"cls":9,"count":2}},{"type":"Feature","geometry":{"geodesic":false,"type":"Polygon","coordinates":[[[106.75129678834334,-6.1166287695698225],[106.75219510362746,-6.1166287695698225],[106.75219510362746,-6.1157304542857025],[106.75129678834334,-6.1157304542857025],[106.75129678834334,-6.1166287695698225]]]},"id":"+118835-6809","properties":{"cls":5,"count":1}},{"type":"Feature","geometry":{"geodesic":false,"type":"Polygon","coordinates":[[[106.75129678834334,-6.117527084853942],[106.75219510362746,-6.117527084853942],[106.75219510362746,-6.1166287695698225],[106.75129678834334,-6.1166287695698225],[106.75129678834334,-6.117527084853942]]]},"id":"+118835-6810","properties":{"cls":4,"count":1}},{"type":"Feature","geometry":{"geodesic":false,"type":"Polygon","coordinates":[[[106.75129678834334,-6.119323715422181],[106.75219510362746,-6.119323715422181],[106.75219510362746,-6.117527084853942],[106.75129678834334,-6.117527084853942],[106.75129678834334,-6.119323715422181]]]},"id":"+118835-6811","properties":{"cls":2,"count":2}},{"type":"Feature","geometry":{"geodesic":false,"type":"Polygon","coordinates":[[[106.75039847305922,-6.130103498831615],[106.75219510362746,-6.130103498831615],[106.75219510362746,-6.129205183547495],[106.75039847305922,-6.129205183547495],[106.75039847305922,-6.130103498831615]]]},"id":"+118835-6824","properties":{"cls":2,"count":2}},{"type":"Feature","geometry":{"geodesic":false,"type":"Polygon","coordinates":[[[106.75039847305922,-6.130103498831615],[106.75039847305922,-6.131900129399854],[106.75219510362746,-6.132798444683973],[106.75219510362746,-6.130103498831615],[106.75039847305922,-6.130103498831615]]]},"id":"+118835-6825","properties":{"cls":5,"count":5}},{"type":"Feature","geometry":{"geodesic":false,"type":"Polygon","coordinates":[[[106.75129678834334,-6.137290021104572],[106.75219510362746,-6.137290021104572],[106.75219510362746,-6.136391705820452],[106.75129678834334,-6.136391705820452],[106.75129678834334,-6.137290021104572]]]},"id":"+118835-6832","properties":{"cls":9,"count":1}},{"type":"Feature","geometry":{"geodesic":false,"type":"Polygon","coordinates":[[[106.75129678834334,-6.138188336388691],[106.75219510362746,-6.138188336388691],[106.75219510362746,-6.137290021104572],[106.75129678834334,-6.137290021104572],[106.75129678834334,-6.138188336388691]]]},"id":"+118835-6833","properties":{"cls":5,"count":1}},{"type":"Feature","geometry":{"geodesic":false,"type":"Polygon","coordinates":[[[106.75129678834334,-6.142679912809288],[106.75219510362746,-6.142679912809288],[106.75219510362746,-6.141781597525169],[106.75129678834334,-6.141781597525169],[106.75129678834334,-6.142679912809288]]]},"id":"+118835-6838","properties":{"cls":5,"count":1}},{"type":"Feature","geometry":{"geodesic":false,"type":"Polygon","coordinates":[[[106.75039847305922,-6.147171489229886],[106.75219510362746,-6.147171489229886],[106.75219510362746,-6.146273173945766],[106.75039847305922,-6.146273173945766],[106.75039847305922,-6.147171489229886]]]},"id":"+118835-6843","properties":{"cls":4,"count":2}},{"type":"Feature","geometry":{"geodesic":false,"type":"Polygon","coordinates":[[[106.75039847305922,-6.356478950429734],[106.75219510362746,-6.356478950429734],[106.75219510362746,-6.354682319861495],[106.75039847305922,-6.354682319861495],[106.75039847305922,-6.356478950429734]]]},"id":"+118835-7075","properties":{"cls":5,"count":4}},{"type":"Feature","geometry":{"geodesic":false,"type":"Polygon","coordinates":[[[106.75129678834334,-6.357377265713854],[106.75219510362746,-6.357377265713854],[106.75219510362746,-6.356478950429734],[106.75129678834334,-6.356478950429734],[106.75129678834334,-6.357377265713854]]]},"id":"+118835-7077","properties":{"cls":2,"count":1}},{"type":"Feature","geometry":{"geodesic":false,"type":"Polygon","coordinates":[[[106.75219510362746,-6.123815291842778],[106.75309341891158,-6.123815291842778],[106.75309341891158,-6.122018661274539],[106.75219510362746,-6.122018661274539],[106.75219510362746,-6.123815291842778]]]},"id":"+118836-6816","properties":{"cls":4,"count":2}},{"type":"Feature","geometry":{"geodesic":false,"type":"Polygon","coordinates":[[[106.75219510362746,-6.125611922411017],[106.75309341891158,-6.125611922411017],[106.75309341891158,-6.124713607126898],[106.75219510362746,-6.124713607126898],[106.75219510362746,-6.125611922411017]]]},"id":"+118836-6819","properties":{"cls":5,"count":1}},{"type":"Feature","geometry":{"geodesic":false,"type":"Polygon","coordinates":[[[106.75219510362746,-6.126510237695137],[106.75309341891158,-6.126510237695137],[106.75309341891158,-6.125611922411017],[106.75219510362746,-6.125611922411017],[106.75219510362746,-6.126510237695137]]]},"id":"+118836-6820","properties":{"cls":7,"count":1}},{"type":"Feature","geometry":{"geodesic":false,"type":"Polygon","coordinates":[[[106.75219510362746,-6.133696759968093],[106.75309341891158,-6.133696759968093],[106.75309341891158,-6.131900129399854],[106.75219510362746,-6.131900129399854],[106.75219510362746,-6.133696759968093]]]},"id":"+118836-6827","properties":{"cls":2,"count":2}},{"type":"Feature","geometry":{"geodesic":false,"type":"Polygon","coordinates":[[[106.75219510362746,-6.1345950752522125],[106.75309341891158,-6.1345950752522125],[106.75309341891158,-6.133696759968093],[106.75219510362746,-6.133696759968093],[106.75219510362746,-6.1345950752522125]]]},"id":"+118836-6829","properties":{"cls":5,"count":1}},{"type":"Feature","geometry":{"geodesic":false,"type":"Polygon","coordinates":[[[106.75219510362746,-6.1354933905363325],[106.75309341891158,-6.1354933905363325],[106.75309341891158,-6.1345950752522125],[106.75219510362746,-6.1345950752522125],[106.75219510362746,-6.1354933905363325]]]},"id":"+118836-6830","properties":{"cls":7,"count":1}},{"type":"Feature","geometry":{"geodesic":false,"type":"Polygon","coordinates":[[[106.75219510362746,-6.142679912809288],[106.75309341891158,-6.142679912809288],[106.75309341891158,-6.141781597525169],[106.75219510362746,-6.141781597525169],[106.75219510362746,-6.142679912809288]]]},"id":"+118836-6838","properties":{"cls":7,"count":1}},{"type":"Feature","geometry":{"geodesic":false,"type":"Polygon","coordinates":[[[106.75219510362746,-6.145374858661647],[106.75309341891158,-6.145374858661647],[106.75309341891158,-6.142679912809288],[106.75219510362746,-6.142679912809288],[106.75219510362746,-6.145374858661647]]]},"id":"+118836-6839","properties":{"cls":4,"count":3}},{"type":"Feature","geometry":{"geodesic":false,"type":"Polygon","coordinates":[[[106.75039847305922,-6.146273173945766],[106.75309341891158,-6.146273173945766],[106.75309341891158,-6.145374858661647],[106.75039847305922,-6.145374858661647],[106.75039847305922,-6.146273173945766]]]},"id":"+118836-6842","properties":{"cls":5,"count":3}},{"type":"Feature","geometry":{"geodesic":false,"type":"Polygon","coordinates":[[[106.75219510362746,-6.156154642071081],[106.75309341891158,-6.156154642071081],[106.75309341891158,-6.1552563267869616],[106.75219510362746,-6.1552563267869616],[106.75219510362746,-6.156154642071081]]]},"id":"+118836-6853","properties":{"cls":4,"count":1}},{"type":"Feature","geometry":{"geodesic":false,"type":"Polygon","coordinates":[[[106.75219510362746,-6.209155243834132],[106.75309341891158,-6.209155243834132],[106.75309341891158,-6.208256928550013],[106.75219510362746,-6.208256928550013],[106.75219510362746,-6.209155243834132]]]},"id":"+118836-6912","properties":{"cls":4,"count":1}},{"type":"Feature","geometry":{"geodesic":false,"type":"Polygon","coordinates":[[[106.75219510362746,-6.295393511109607],[106.75309341891158,-6.295393511109607],[106.75309341891158,-6.294495195825488],[106.75219510362746,-6.294495195825488],[106.75219510362746,-6.295393511109607]]]},"id":"+118836-7008","properties":{"cls":3,"count":1}},{"type":"Feature","geometry":{"geodesic":false,"type":"Polygon","coordinates":[[[106.75309341891158,-6.142679912809288],[106.7539917341957,-6.142679912809288],[106.7539917341957,-6.141781597525169],[106.75309341891158,-6.141781597525169],[106.75309341891158,-6.142679912809288]]]},"id":"+118837-6838","properties":{"cls":4,"count":1}},{"type":"Feature","geometry":{"geodesic":false,"type":"Polygon","coordinates":[[[106.7539917341957,-6.145374858661647],[106.75489004947983,-6.145374858661647],[106.75489004947983,-6.144476543377527],[106.7539917341957,-6.144476543377527],[106.7539917341957,-6.145374858661647]]]},"id":"+118838-6841","properties":{"cls":4,"count":1}},{"type":"Feature","geometry":{"geodesic":false,"type":"Polygon","coordinates":[[[106.7539917341957,-6.388818300658037],[106.75489004947983,-6.388818300658037],[106.75489004947983,-6.387919985373918],[106.7539917341957,-6.387919985373918],[106.7539917341957,-6.388818300658037]]]},"id":"+118838-7112","properties":{"cls":7,"count":1}},{"type":"Feature","geometry":{"geodesic":false,"type":"Polygon","coordinates":[[[106.75489004947983,-6.242392909346555],[106.75578836476394,-6.242392909346555],[106.75578836476394,-6.241494594062436],[106.75489004947983,-6.241494594062436],[106.75489004947983,-6.242392909346555]]]},"id":"+118839-6949","properties":{"cls":5,"count":1}},{"type":"Feature","geometry":{"geodesic":false,"type":"Polygon","coordinates":[[[106.75578836476394,-6.132798444683973],[106.75668668004806,-6.132798444683973],[106.75668668004806,-6.131900129399854],[106.75578836476394,-6.131900129399854],[106.75578836476394,-6.132798444683973]]]},"id":"+118840-6827","properties":{"cls":2,"count":1}},{"type":"Feature","geometry":{"geodesic":false,"type":"Polygon","coordinates":[[[106.75578836476394,-6.148069804514005],[106.75668668004806,-6.148069804514005],[106.75668668004806,-6.147171489229886],[106.75578836476394,-6.147171489229886],[106.75578836476394,-6.148069804514005]]]},"id":"+118840-6844","properties":{"cls":2,"count":1}},{"type":"Feature","geometry":{"geodesic":false,"type":"Polygon","coordinates":[[[106.75578836476394,-6.157052957355201],[106.75668668004806,-6.157052957355201],[106.75668668004806,-6.156154642071081],[106.75578836476394,-6.156154642071081],[106.75578836476394,-6.157052957355201]]]},"id":"+118840-6854","properties":{"cls":4,"count":1}},{"type":"Feature","geometry":{"geodesic":false,"type":"Polygon","coordinates":[[[106.75578836476394,-6.1920872534358615],[106.75668668004806,-6.1920872534358615],[106.75668668004806,-6.191188938151742],[106.75578836476394,-6.191188938151742],[106.75578836476394,-6.1920872534358615]]]},"id":"+118840-6893","properties":{"cls":2,"count":1}},{"type":"Feature","geometry":{"geodesic":false,"type":"Polygon","coordinates":[[[106.75489004947983,-6.386123354805679],[106.75668668004806,-6.386123354805679],[106.75668668004806,-6.3852250395215595],[106.75489004947983,-6.3852250395215595],[106.75489004947983,-6.386123354805679]]]},"id":"+118840-7109","properties":{"cls":9,"count":2}},{"type":"Feature","geometry":{"geodesic":false,"type":"Polygon","coordinates":[[[106.75668668004806,-6.148069804514005],[106.75758499533218,-6.148069804514005],[106.75758499533218,-6.147171489229886],[106.75668668004806,-6.147171489229886],[106.75668668004806,-6.148069804514005]]]},"id":"+118841-6844","properties":{"cls":4,"count":1}},{"type":"Feature","geometry":{"geodesic":false,"type":"Polygon","coordinates":[[[106.75578836476394,-6.1552563267869616],[106.75758499533218,-6.1552563267869616],[106.75758499533218,-6.1543580115028425],[106.75578836476394,-6.1543580115028425],[106.75578836476394,-6.1552563267869616]]]},"id":"+118841-6852","properties":{"cls":3,"count":2}},{"type":"Feature","geometry":{"geodesic":false,"type":"Polygon","coordinates":[[[106.76027994118454,-6.149866435082244],[106.76117825646865,-6.149866435082244],[106.76117825646865,-6.148968119798125],[106.76027994118454,-6.148968119798125],[106.76027994118454,-6.149866435082244]]]},"id":"+118845-6846","properties":{"cls":3,"count":1}},{"type":"Feature","geometry":{"geodesic":false,"type":"Polygon","coordinates":[[[106.76027994118454,-6.306173294519041],[106.76117825646865,-6.306173294519041],[106.76117825646865,-6.305274979234921],[106.76027994118454,-6.305274979234921],[106.76027994118454,-6.306173294519041]]]},"id":"+118845-7020","properties":{"cls":7,"count":1}},{"type":"Feature","geometry":{"geodesic":false,"type":"Polygon","coordinates":[[[106.76117825646865,-6.1345950752522125],[106.76207657175277,-6.1345950752522125],[106.76207657175277,-6.133696759968093],[106.76117825646865,-6.133696759968093],[106.76117825646865,-6.1345950752522125]]]},"id":"+118846-6829","properties":{"cls":5,"count":1}},{"type":"Feature","geometry":{"geodesic":false,"type":"Polygon","coordinates":[[[106.76027994118454,-6.152561380934603],[106.76207657175277,-6.152561380934603],[106.76207657175277,-6.151663065650483],[106.76027994118454,-6.151663065650483],[106.76027994118454,-6.152561380934603]]]},"id":"+118846-6849","properties":{"cls":5,"count":2}},{"type":"Feature","geometry":{"geodesic":false,"type":"Polygon","coordinates":[[[106.76117825646865,-6.304376663950802],[106.76207657175277,-6.304376663950802],[106.76207657175277,-6.303478348666682],[106.76117825646865,-6.303478348666682],[106.76117825646865,-6.304376663950802]]]},"id":"+118846-7018","properties":{"cls":9,"count":1}},{"type":"Feature","geometry":{"geodesic":false,"type":"Polygon","coordinates":[[[106.76207657175277,-6.149866435082244],[106.76297488703689,-6.149866435082244],[106.76297488703689,-6.148968119798125],[106.76207657175277,-6.148968119798125],[106.76207657175277,-6.149866435082244]]]},"id":"+118847-6846","properties":{"cls":3,"count":1}},{"type":"Feature","geometry":{"geodesic":false,"type":"Polygon","coordinates":[[[106.76207657175277,-6.152561380934603],[106.76297488703689,-6.152561380934603],[106.76297488703689,-6.151663065650483],[106.76207657175277,-6.151663065650483],[106.76207657175277,-6.152561380934603]]]},"id":"+118847-6849","properties":{"cls":7,"count":1}},{"type":"Feature","geometry":{"geodesic":false,"type":"Polygon","coordinates":[[[106.76207657175277,-6.15884958792344],[106.76297488703689,-6.15884958792344],[106.76297488703689,-6.15795127263932],[106.76207657175277,-6.15795127263932],[106.76207657175277,-6.15884958792344]]]},"id":"+118847-6856","properties":{"cls":5,"count":1}},{"type":"Feature","geometry":{"geodesic":false,"type":"Polygon","coordinates":[[[106.76207657175277,-6.301681718098443],[106.76297488703689,-6.301681718098443],[106.76297488703689,-6.300783402814324],[106.76207657175277,-6.300783402814324],[106.76207657175277,-6.301681718098443]]]},"id":"+118847-7015","properties":{"cls":7,"count":1}},{"type":"Feature","geometry":{"geodesic":false,"type":"Polygon","coordinates":[[[106.76207657175277,-6.303478348666682],[106.76297488703689,-6.303478348666682],[106.76297488703689,-6.301681718098443],[106.76207657175277,-6.301681718098443],[106.76207657175277,-6.303478348666682]]]},"id":"+118847-7016","properties":{"cls":9,"count":2}},{"type":"Feature","geometry":{"geodesic":false,"type":"Polygon","coordinates":[[[106.76207657175277,-6.3070716098031605],[106.76297488703689,-6.3070716098031605],[106.76297488703689,-6.306173294519041],[106.76207657175277,-6.306173294519041],[106.76207657175277,-6.3070716098031605]]]},"id":"+118847-7021","properties":{"cls":9,"count":1}},{"type":"Feature","geometry":{"geodesic":false,"type":"Polygon","coordinates":[[[106.76207657175277,-6.1534596962187225],[106.76387320232101,-6.1534596962187225],[106.76387320232101,-6.152561380934603],[106.76207657175277,-6.152561380934603],[106.76207657175277,-6.1534596962187225]]]},"id":"+118848-6850","properties":{"cls":5,"count":2}},{"type":"Feature","geometry":{"geodesic":false,"type":"Polygon","coordinates":[[[106.76297488703689,-6.216341766107089],[106.76387320232101,-6.216341766107089],[106.76387320232101,-6.21544345082297],[106.76297488703689,-6.21544345082297],[106.76297488703689,-6.216341766107089]]]},"id":"+118848-6920","properties":{"cls":2,"count":1}},{"type":"Feature","geometry":{"geodesic":false,"type":"Polygon","coordinates":[[[106.76297488703689,-6.3088682403714],[106.76387320232101,-6.3088682403714],[106.76387320232101,-6.3079699250872805],[106.76297488703689,-6.3079699250872805],[106.76297488703689,-6.3088682403714]]]},"id":"+118848-7023","properties":{"cls":9,"count":1}},{"type":"Feature","geometry":{"geodesic":false,"type":"Polygon","coordinates":[[[106.76387320232101,-6.104052355592149],[106.76477151760514,-6.104052355592149],[106.76477151760514,-6.103154040308029],[106.76387320232101,-6.103154040308029],[106.76387320232101,-6.104052355592149]]]},"id":"+118849-6795","properties":{"cls":2,"count":1}},{"type":"Feature","geometry":{"geodesic":false,"type":"Polygon","coordinates":[[[106.76387320232101,-6.1543580115028425],[106.76477151760514,-6.1543580115028425],[106.76477151760514,-6.1534596962187225],[106.76387320232101,-6.1534596962187225],[106.76387320232101,-6.1543580115028425]]]},"id":"+118849-6851","properties":{"cls":5,"count":1}},{"type":"Feature","geometry":{"geodesic":false,"type":"Polygon","coordinates":[[[106.76387320232101,-6.213646820254731],[106.76477151760514,-6.213646820254731],[106.76477151760514,-6.212748504970611],[106.76387320232101,-6.212748504970611],[106.76387320232101,-6.213646820254731]]]},"id":"+118849-6917","properties":{"cls":3,"count":1}},{"type":"Feature","geometry":{"geodesic":false,"type":"Polygon","coordinates":[[[106.76477151760514,-6.103154040308029],[106.76566983288926,-6.103154040308029],[106.76566983288926,-6.10225572502391],[106.76477151760514,-6.10225572502391],[106.76477151760514,-6.103154040308029]]]},"id":"+118850-6794","properties":{"cls":2,"count":1}},{"type":"Feature","geometry":{"geodesic":false,"type":"Polygon","coordinates":[[[106.76477151760514,-6.105848986160388],[106.76566983288926,-6.105848986160388],[106.76566983288926,-6.104052355592149],[106.76477151760514,-6.104052355592149],[106.76477151760514,-6.105848986160388]]]},"id":"+118850-6796","properties":{"cls":2,"count":2}},{"type":"Feature","geometry":{"geodesic":false,"type":"Polygon","coordinates":[[[106.76477151760514,-6.256765953892468],[106.76566983288926,-6.256765953892468],[106.76566983288926,-6.255867638608348],[106.76477151760514,-6.255867638608348],[106.76477151760514,-6.256765953892468]]]},"id":"+118850-6965","properties":{"cls":3,"count":1}},{"type":"Feature","geometry":{"geodesic":false,"type":"Polygon","coordinates":[[[106.76477151760514,-6.30976655565552],[106.76566983288926,-6.30976655565552],[106.76566983288926,-6.3088682403714],[106.76477151760514,-6.3088682403714],[106.76477151760514,-6.30976655565552]]]},"id":"+118850-7024","properties":{"cls":5,"count":1}},{"type":"Feature","geometry":{"geodesic":false,"type":"Polygon","coordinates":[[[106.76566983288926,-6.109442247296866],[106.76656814817338,-6.109442247296866],[106.76656814817338,-6.108543932012746],[106.76566983288926,-6.108543932012746],[106.76566983288926,-6.109442247296866]]]},"id":"+118851-6801","properties":{"cls":2,"count":1}},{"type":"Feature","geometry":{"geodesic":false,"type":"Polygon","coordinates":[[[106.76566983288926,-6.112137193149224],[106.76656814817338,-6.112137193149224],[106.76656814817338,-6.111238877865105],[106.76566983288926,-6.111238877865105],[106.76566983288926,-6.112137193149224]]]},"id":"+118851-6804","properties":{"cls":2,"count":1}},{"type":"Feature","geometry":{"geodesic":false,"type":"Polygon","coordinates":[[[106.76566983288926,-6.12112034599042],[106.76656814817338,-6.12112034599042],[106.76656814817338,-6.120222030706301],[106.76566983288926,-6.120222030706301],[106.76566983288926,-6.12112034599042]]]},"id":"+118851-6814","properties":{"cls":3,"count":1}},{"type":"Feature","geometry":{"geodesic":false,"type":"Polygon","coordinates":[[[106.76566983288926,-6.133696759968093],[106.76656814817338,-6.133696759968093],[106.76656814817338,-6.132798444683973],[106.76566983288926,-6.132798444683973],[106.76566983288926,-6.133696759968093]]]},"id":"+118851-6828","properties":{"cls":2,"count":1}},{"type":"Feature","geometry":{"geodesic":false,"type":"Polygon","coordinates":[[[106.76566983288926,-6.1741209477534715],[106.76656814817338,-6.1741209477534715],[106.76656814817338,-6.173222632469352],[106.76566983288926,-6.173222632469352],[106.76566983288926,-6.1741209477534715]]]},"id":"+118851-6873","properties":{"cls":5,"count":1}},{"type":"Feature","geometry":{"geodesic":false,"type":"Polygon","coordinates":[[[106.76566983288926,-6.25317269275599],[106.76656814817338,-6.25317269275599],[106.76656814817338,-6.25227437747187],[106.76566983288926,-6.25227437747187],[106.76566983288926,-6.25317269275599]]]},"id":"+118851-6961","properties":{"cls":5,"count":1}},{"type":"Feature","geometry":{"geodesic":false,"type":"Polygon","coordinates":[[[106.76656814817338,-6.103154040308029],[106.7674664634575,-6.103154040308029],[106.7674664634575,-6.10225572502391],[106.76656814817338,-6.10225572502391],[106.76656814817338,-6.103154040308029]]]},"id":"+118852-6794","properties":{"cls":2,"count":1}},{"type":"Feature","geometry":{"geodesic":false,"type":"Polygon","coordinates":[[[106.76656814817338,-6.104052355592149],[106.7674664634575,-6.104052355592149],[106.7674664634575,-6.103154040308029],[106.76656814817338,-6.103154040308029],[106.76656814817338,-6.104052355592149]]]},"id":"+118852-6795","properties":{"cls":5,"count":1}},{"type":"Feature","geometry":{"geodesic":false,"type":"Polygon","coordinates":[[[106.76656814817338,-6.108543932012746],[106.7674664634575,-6.108543932012746],[106.7674664634575,-6.107645616728627],[106.76656814817338,-6.107645616728627],[106.76656814817338,-6.108543932012746]]]},"id":"+118852-6800","properties":{"cls":2,"count":1}},{"type":"Feature","geometry":{"geodesic":false,"type":"Polygon","coordinates":[[[106.76656814817338,-6.122018661274539],[106.7674664634575,-6.122018661274539],[106.7674664634575,-6.12112034599042],[106.76656814817338,-6.12112034599042],[106.76656814817338,-6.122018661274539]]]},"id":"+118852-6815","properties":{"cls":2,"count":1}},{"type":"Feature","geometry":{"geodesic":false,"type":"Polygon","coordinates":[[[106.7674664634575,-6.106747301444507],[106.76836477874161,-6.106747301444507],[106.76836477874161,-6.105848986160388],[106.7674664634575,-6.105848986160388],[106.7674664634575,-6.106747301444507]]]},"id":"+118853-6798","properties":{"cls":3,"count":1}},{"type":"Feature","geometry":{"geodesic":false,"type":"Polygon","coordinates":[[[106.7674664634575,-6.122018661274539],[106.76836477874161,-6.122018661274539],[106.76836477874161,-6.12112034599042],[106.7674664634575,-6.12112034599042],[106.7674664634575,-6.122018661274539]]]},"id":"+118853-6815","properties":{"cls":4,"count":1}},{"type":"Feature","geometry":{"geodesic":false,"type":"Polygon","coordinates":[[[106.7674664634575,-6.15795127263932],[106.76836477874161,-6.15795127263932],[106.76836477874161,-6.156154642071081],[106.7674664634575,-6.156154642071081],[106.7674664634575,-6.15795127263932]]]},"id":"+118853-6854","properties":{"cls":9,"count":2}},{"type":"Feature","geometry":{"geodesic":false,"type":"Polygon","coordinates":[[[106.76656814817338,-6.166934425480515],[106.76656814817338,-6.168731056048754],[106.7674664634575,-6.168731056048754],[106.76836477874161,-6.166934425480515],[106.76656814817338,-6.166934425480515]]]},"id":"+118853-6866","properties":{"cls":7,"count":3}},{"type":"Feature","geometry":{"geodesic":false,"type":"Polygon","coordinates":[[[106.7674664634575,-6.168731056048754],[106.76836477874161,-6.168731056048754],[106.76836477874161,-6.167832740764635],[106.7674664634575,-6.167832740764635],[106.7674664634575,-6.168731056048754]]]},"id":"+118853-6867","properties":{"cls":9,"count":1}},{"type":"Feature","geometry":{"geodesic":false,"type":"Polygon","coordinates":[[[106.76836477874161,-6.103154040308029],[106.76926309402573,-6.103154040308029],[106.76926309402573,-6.10225572502391],[106.76836477874161,-6.10225572502391],[106.76836477874161,-6.103154040308029]]]},"id":"+118854-6794","properties":{"cls":3,"count":1}},{"type":"Feature","geometry":{"geodesic":false,"type":"Polygon","coordinates":[[[106.76836477874161,-6.113035508433344],[106.76926309402573,-6.113035508433344],[106.76926309402573,-6.112137193149224],[106.76836477874161,-6.112137193149224],[106.76836477874161,-6.113035508433344]]]},"id":"+118854-6805","properties":{"cls":2,"count":1}},{"type":"Feature","geometry":{"geodesic":false,"type":"Polygon","coordinates":[[[106.76836477874161,-6.163341164344037],[106.76926309402573,-6.163341164344037],[106.76926309402573,-6.162442849059918],[106.76836477874161,-6.162442849059918],[106.76836477874161,-6.163341164344037]]]},"id":"+118854-6861","properties":{"cls":7,"count":1}},{"type":"Feature","geometry":{"geodesic":false,"type":"Polygon","coordinates":[[[106.76836477874161,-6.166934425480515],[106.76926309402573,-6.166934425480515],[106.76926309402573,-6.166036110196396],[106.76836477874161,-6.166036110196396],[106.76836477874161,-6.166934425480515]]]},"id":"+118854-6865","properties":{"cls":7,"count":1}},{"type":"Feature","geometry":{"geodesic":false,"type":"Polygon","coordinates":[[[106.76836477874161,-6.167832740764635],[106.76926309402573,-6.167832740764635],[106.76926309402573,-6.166934425480515],[106.76836477874161,-6.166934425480515],[106.76836477874161,-6.167832740764635]]]},"id":"+118854-6866","properties":{"cls":9,"count":1}},{"type":"Feature","geometry":{"geodesic":false,"type":"Polygon","coordinates":[[[106.76836477874161,-6.170527686616993],[106.76926309402573,-6.170527686616993],[106.76926309402573,-6.169629371332874],[106.76836477874161,-6.169629371332874],[106.76836477874161,-6.170527686616993]]]},"id":"+118854-6869","properties":{"cls":7,"count":1}},{"type":"Feature","geometry":{"geodesic":false,"type":"Polygon","coordinates":[[[106.76836477874161,-6.171426001901113],[106.76926309402573,-6.171426001901113],[106.76926309402573,-6.170527686616993],[106.76836477874161,-6.170527686616993],[106.76836477874161,-6.171426001901113]]]},"id":"+118854-6870","properties":{"cls":5,"count":1}},{"type":"Feature","geometry":{"geodesic":false,"type":"Polygon","coordinates":[[[106.76926309402573,-6.105848986160388],[106.77016140930985,-6.105848986160388],[106.77016140930985,-6.104052355592149],[106.76926309402573,-6.104052355592149],[106.76926309402573,-6.105848986160388]]]},"id":"+118855-6796","properties":{"cls":3,"count":2}},{"type":"Feature","geometry":{"geodesic":false,"type":"Polygon","coordinates":[[[106.76926309402573,-6.140883282241049],[106.77016140930985,-6.140883282241049],[106.77016140930985,-6.13998496695693],[106.76926309402573,-6.13998496695693],[106.76926309402573,-6.140883282241049]]]},"id":"+118855-6836","properties":{"cls":4,"count":1}},{"type":"Feature","geometry":{"geodesic":false,"type":"Polygon","coordinates":[[[106.76926309402573,-6.163341164344037],[106.77016140930985,-6.163341164344037],[106.77016140930985,-6.162442849059918],[106.76926309402573,-6.162442849059918],[106.76926309402573,-6.163341164344037]]]},"id":"+118855-6861","properties":{"cls":5,"count":1}},{"type":"Feature","geometry":{"geodesic":false,"type":"Polygon","coordinates":[[[106.76926309402573,-6.166036110196396],[106.77016140930985,-6.166036110196396],[106.77016140930985,-6.165137794912276],[106.76926309402573,-6.165137794912276],[106.76926309402573,-6.166036110196396]]]},"id":"+118855-6864","properties":{"cls":9,"count":1}},{"type":"Feature","geometry":{"geodesic":false,"type":"Polygon","coordinates":[[[106.76926309402573,-6.168731056048754],[106.77016140930985,-6.168731056048754],[106.77016140930985,-6.167832740764635],[106.76926309402573,-6.167832740764635],[106.76926309402573,-6.168731056048754]]]},"id":"+118855-6867","properties":{"cls":7,"count":1}},{"type":"Feature","geometry":{"geodesic":false,"type":"Polygon","coordinates":[[[106.76926309402573,-6.170527686616993],[106.77016140930985,-6.170527686616993],[106.77016140930985,-6.169629371332874],[106.76926309402573,-6.169629371332874],[106.76926309402573,-6.170527686616993]]]},"id":"+118855-6869","properties":{"cls":5,"count":1}},{"type":"Feature","geometry":{"geodesic":false,"type":"Polygon","coordinates":[[[106.76926309402573,-6.191188938151742],[106.77016140930985,-6.191188938151742],[106.77016140930985,-6.190290622867623],[106.76926309402573,-6.190290622867623],[106.76926309402573,-6.191188938151742]]]},"id":"+118855-6892","properties":{"cls":2,"count":1}},{"type":"Feature","geometry":{"geodesic":false,"type":"Polygon","coordinates":[[[106.77016140930985,-6.104950670876268],[106.77105972459397,-6.104950670876268],[106.77105972459397,-6.104052355592149],[106.77016140930985,-6.104052355592149],[106.77016140930985,-6.104950670876268]]]},"id":"+118856-6796","properties":{"cls":2,"count":1}},{"type":"Feature","geometry":{"geodesic":false,"type":"Polygon","coordinates":[[[106.77016140930985,-6.120222030706301],[106.77105972459397,-6.120222030706301],[106.77105972459397,-6.119323715422181],[106.77016140930985,-6.119323715422181],[106.77016140930985,-6.120222030706301]]]},"id":"+118856-6813","properties":{"cls":2,"count":1}},{"type":"Feature","geometry":{"geodesic":false,"type":"Polygon","coordinates":[[[106.77016140930985,-6.140883282241049],[106.77105972459397,-6.140883282241049],[106.77105972459397,-6.13998496695693],[106.77016140930985,-6.13998496695693],[106.77016140930985,-6.140883282241049]]]},"id":"+118856-6836","properties":{"cls":7,"count":1}},{"type":"Feature","geometry":{"geodesic":false,"type":"Polygon","coordinates":[[[106.76926309402573,-6.141781597525169],[106.77105972459397,-6.141781597525169],[106.77105972459397,-6.140883282241049],[106.76926309402573,-6.140883282241049],[106.76926309402573,-6.141781597525169]]]},"id":"+118856-6837","properties":{"cls":5,"count":2}},{"type":"Feature","geometry":{"geodesic":false,"type":"Polygon","coordinates":[[[106.77016140930985,-6.143578228093408],[106.77105972459397,-6.143578228093408],[106.77105972459397,-6.142679912809288],[106.77016140930985,-6.142679912809288],[106.77016140930985,-6.143578228093408]]]},"id":"+118856-6839","properties":{"cls":7,"count":1}},{"type":"Feature","geometry":{"geodesic":false,"type":"Polygon","coordinates":[[[106.77016140930985,-6.157052957355201],[106.77105972459397,-6.157052957355201],[106.77105972459397,-6.156154642071081],[106.77016140930985,-6.156154642071081],[106.77016140930985,-6.157052957355201]]]},"id":"+118856-6854","properties":{"cls":3,"count":1}},{"type":"Feature","geometry":{"geodesic":false,"type":"Polygon","coordinates":[[[106.76926309402573,-6.15795127263932],[106.77105972459397,-6.15795127263932],[106.77105972459397,-6.157052957355201],[106.76926309402573,-6.157052957355201],[106.76926309402573,-6.15795127263932]]]},"id":"+118856-6855","properties":{"cls":5,"count":2}},{"type":"Feature","geometry":{"geodesic":false,"type":"Polygon","coordinates":[[[106.77016140930985,-6.163341164344037],[106.77105972459397,-6.163341164344037],[106.77105972459397,-6.161544533775798],[106.77016140930985,-6.161544533775798],[106.77016140930985,-6.163341164344037]]]},"id":"+118856-6860","properties":{"cls":7,"count":2}},{"type":"Feature","geometry":{"geodesic":false,"type":"Polygon","coordinates":[[[106.77016140930985,-6.164239479628157],[106.77105972459397,-6.164239479628157],[106.77105972459397,-6.163341164344037],[106.77016140930985,-6.163341164344037],[106.77016140930985,-6.164239479628157]]]},"id":"+118856-6862","properties":{"cls":9,"count":1}},{"type":"Feature","geometry":{"geodesic":false,"type":"Polygon","coordinates":[[[106.76926309402573,-6.165137794912276],[106.77105972459397,-6.165137794912276],[106.77105972459397,-6.164239479628157],[106.76926309402573,-6.164239479628157],[106.76926309402573,-6.165137794912276]]]},"id":"+118856-6863","properties":{"cls":5,"count":2}},{"type":"Feature","geometry":{"geodesic":false,"type":"Polygon","coordinates":[[[106.77016140930985,-6.166036110196396],[106.77105972459397,-6.166036110196396],[106.77105972459397,-6.165137794912276],[106.77016140930985,-6.165137794912276],[106.77016140930985,-6.166036110196396]]]},"id":"+118856-6864","properties":{"cls":7,"count":1}},{"type":"Feature","geometry":{"geodesic":false,"type":"Polygon","coordinates":[[[106.77016140930985,-6.167832740764635],[106.77105972459397,-6.167832740764635],[106.77105972459397,-6.166934425480515],[106.77016140930985,-6.166934425480515],[106.77016140930985,-6.167832740764635]]]},"id":"+118856-6866","properties":{"cls":7,"count":1}},{"type":"Feature","geometry":{"geodesic":false,"type":"Polygon","coordinates":[[[106.77016140930985,-6.168731056048754],[106.77105972459397,-6.168731056048754],[106.77105972459397,-6.167832740764635],[106.77016140930985,-6.167832740764635],[106.77016140930985,-6.168731056048754]]]},"id":"+118856-6867","properties":{"cls":9,"count":1}},{"type":"Feature","geometry":{"geodesic":false,"type":"Polygon","coordinates":[[[106.77016140930985,-6.169629371332874],[106.77105972459397,-6.169629371332874],[106.77105972459397,-6.168731056048754],[106.77016140930985,-6.168731056048754],[106.77016140930985,-6.169629371332874]]]},"id":"+118856-6868","properties":{"cls":7,"count":1}},{"type":"Feature","geometry":{"geodesic":false,"type":"Polygon","coordinates":[[[106.77105972459397,-6.104950670876268],[106.77195803987809,-6.104950670876268],[106.77195803987809,-6.104052355592149],[106.77105972459397,-6.104052355592149],[106.77105972459397,-6.104950670876268]]]},"id":"+118857-6796","properties":{"cls":7,"count":1}},{"type":"Feature","geometry":{"geodesic":false,"type":"Polygon","coordinates":[[[106.77016140930985,-6.104950670876268],[106.77016140930985,-6.105848986160388],[106.77195803987809,-6.106747301444507],[106.77195803987809,-6.104950670876268],[106.77016140930985,-6.104950670876268]]]},"id":"+118857-6797","properties":{"cls":5,"count":3}},{"type":"Feature","geometry":{"geodesic":false,"type":"Polygon","coordinates":[[[106.77105972459397,-6.1345950752522125],[106.77195803987809,-6.1345950752522125],[106.77195803987809,-6.133696759968093],[106.77105972459397,-6.133696759968093],[106.77105972459397,-6.1345950752522125]]]},"id":"+118857-6829","properties":{"cls":4,"count":1}},{"type":"Feature","geometry":{"geodesic":false,"type":"Polygon","coordinates":[[[106.77105972459397,-6.13908665167281],[106.77195803987809,-6.13908665167281],[106.77195803987809,-6.138188336388691],[106.77105972459397,-6.138188336388691],[106.77105972459397,-6.13908665167281]]]},"id":"+118857-6834","properties":{"cls":4,"count":1}},{"type":"Feature","geometry":{"geodesic":false,"type":"Polygon","coordinates":[[[106.77105972459397,-6.162442849059918],[106.77195803987809,-6.162442849059918],[106.77195803987809,-6.161544533775798],[106.77105972459397,-6.161544533775798],[106.77105972459397,-6.162442849059918]]]},"id":"+118857-6860","properties":{"cls":3,"count":1}},{"type":"Feature","geometry":{"geodesic":false,"type":"Polygon","coordinates":[[[106.77105972459397,-6.164239479628157],[106.77195803987809,-6.164239479628157],[106.77195803987809,-6.163341164344037],[106.77105972459397,-6.163341164344037],[106.77105972459397,-6.164239479628157]]]},"id":"+118857-6862","properties":{"cls":7,"count":1}},{"type":"Feature","geometry":{"geodesic":false,"type":"Polygon","coordinates":[[[106.77105972459397,-6.166036110196396],[106.77195803987809,-6.166036110196396],[106.77195803987809,-6.165137794912276],[106.77105972459397,-6.165137794912276],[106.77105972459397,-6.166036110196396]]]},"id":"+118857-6864","properties":{"cls":4,"count":1}},{"type":"Feature","geometry":{"geodesic":false,"type":"Polygon","coordinates":[[[106.77105972459397,-6.166036110196396],[106.77105972459397,-6.167832740764635],[106.7728563551622,-6.167832740764635],[106.77195803987809,-6.166036110196396],[106.77105972459397,-6.166036110196396]]]},"id":"+118857-6865","properties":{"cls":5,"count":3}},{"type":"Feature","geometry":{"geodesic":false,"type":"Polygon","coordinates":[[[106.77105972459397,-6.169629371332874],[106.77195803987809,-6.169629371332874],[106.77195803987809,-6.168731056048754],[106.77105972459397,-6.168731056048754],[106.77105972459397,-6.169629371332874]]]},"id":"+118857-6868","properties":{"cls":5,"count":1}},{"type":"Feature","geometry":{"geodesic":false,"type":"Polygon","coordinates":[[[106.77195803987809,-6.12112034599042],[106.7728563551622,-6.12112034599042],[106.7728563551622,-6.120222030706301],[106.77195803987809,-6.120222030706301],[106.77195803987809,-6.12112034599042]]]},"id":"+118858-6814","properties":{"cls":4,"count":1}},{"type":"Feature","geometry":{"geodesic":false,"type":"Polygon","coordinates":[[[106.77195803987809,-6.138188336388691],[106.7728563551622,-6.138188336388691],[106.7728563551622,-6.137290021104572],[106.77195803987809,-6.137290021104572],[106.77195803987809,-6.138188336388691]]]},"id":"+118858-6833","properties":{"cls":7,"count":1}},{"type":"Feature","geometry":{"geodesic":false,"type":"Polygon","coordinates":[[[106.77195803987809,-6.138188336388691],[106.77105972459397,-6.13998496695693],[106.7728563551622,-6.13998496695693],[106.7728563551622,-6.138188336388691],[106.77195803987809,-6.138188336388691]]]},"id":"+118858-6834","properties":{"cls":5,"count":3}},{"type":"Feature","geometry":{"geodesic":false,"type":"Polygon","coordinates":[[[106.77195803987809,-6.13998496695693],[106.77195803987809,-6.140883282241049],[106.77105972459397,-6.140883282241049],[106.77105972459397,-6.142679912809288],[106.7728563551622,-6.143578228093408],[106.7728563551622,-6.141781597525169],[106.77465298573046,-6.141781597525169],[106.77465298573046,-6.140883282241049],[106.7728563551622,-6.140883282241049],[106.7728563551622,-6.13998496695693],[106.77195803987809,-6.13998496695693]]]},"id":"+118858-6836","properties":{"cls":7,"count":8}},{"type":"Feature","geometry":{"geodesic":false,"type":"Polygon","coordinates":[[[106.77195803987809,-6.148968119798125],[106.7728563551622,-6.148968119798125],[106.7728563551622,-6.148069804514005],[106.77195803987809,-6.148069804514005],[106.77195803987809,-6.148968119798125]]]},"id":"+118858-6845","properties":{"cls":2,"count":1}},{"type":"Feature","geometry":{"geodesic":false,"type":"Polygon","coordinates":[[[106.77195803987809,-6.149866435082244],[106.7728563551622,-6.149866435082244],[106.7728563551622,-6.148968119798125],[106.77195803987809,-6.148968119798125],[106.77195803987809,-6.149866435082244]]]},"id":"+118858-6846","properties":{"cls":5,"count":1}},{"type":"Feature","geometry":{"geodesic":false,"type":"Polygon","coordinates":[[[106.77195803987809,-6.164239479628157],[106.7728563551622,-6.164239479628157],[106.7728563551622,-6.163341164344037],[106.77195803987809,-6.163341164344037],[106.77195803987809,-6.164239479628157]]]},"id":"+118858-6862","properties":{"cls":4,"count":1}},{"type":"Feature","geometry":{"geodesic":false,"type":"Polygon","coordinates":[[[106.77195803987809,-6.165137794912276],[106.7728563551622,-6.165137794912276],[106.7728563551622,-6.164239479628157],[106.77195803987809,-6.164239479628157],[106.77195803987809,-6.165137794912276]]]},"id":"+118858-6863","properties":{"cls":5,"count":1}},{"type":"Feature","geometry":{"geodesic":false,"type":"Polygon","coordinates":[[[106.77195803987809,-6.166036110196396],[106.7728563551622,-6.166036110196396],[106.7728563551622,-6.165137794912276],[106.77195803987809,-6.165137794912276],[106.77195803987809,-6.166036110196396]]]},"id":"+118858-6864","properties":{"cls":7,"count":1}},{"type":"Feature","geometry":{"geodesic":false,"type":"Polygon","coordinates":[[[106.77195803987809,-6.166934425480515],[106.7728563551622,-6.166934425480515],[106.7728563551622,-6.166036110196396],[106.77195803987809,-6.166036110196396],[106.77195803987809,-6.166934425480515]]]},"id":"+118858-6865","properties":{"cls":4,"count":1}},{"type":"Feature","geometry":{"geodesic":false,"type":"Polygon","coordinates":[[[106.77105972459397,-6.168731056048754],[106.7728563551622,-6.168731056048754],[106.7728563551622,-6.167832740764635],[106.77105972459397,-6.167832740764635],[106.77105972459397,-6.168731056048754]]]},"id":"+118858-6867","properties":{"cls":7,"count":2}},{"type":"Feature","geometry":{"geodesic":false,"type":"Polygon","coordinates":[[[106.7728563551622,-6.13908665167281],[106.77375467044634,-6.13908665167281],[106.77375467044634,-6.138188336388691],[106.7728563551622,-6.138188336388691],[106.7728563551622,-6.13908665167281]]]},"id":"+118859-6834","properties":{"cls":7,"count":1}},{"type":"Feature","geometry":{"geodesic":false,"type":"Polygon","coordinates":[[[106.7728563551622,-6.140883282241049],[106.77375467044634,-6.140883282241049],[106.77375467044634,-6.13998496695693],[106.7728563551622,-6.13998496695693],[106.7728563551622,-6.140883282241049]]]},"id":"+118859-6836","properties":{"cls":9,"count":1}},{"type":"Feature","geometry":{"geodesic":false,"type":"Polygon","coordinates":[[[106.7728563551622,-6.142679912809288],[106.77375467044634,-6.142679912809288],[106.77375467044634,-6.141781597525169],[106.7728563551622,-6.141781597525169],[106.7728563551622,-6.142679912809288]]]},"id":"+118859-6838","properties":{"cls":9,"count":1}},{"type":"Feature","geometry":{"geodesic":false,"type":"Polygon","coordinates":[[[106.77195803987809,-6.15795127263932],[106.77375467044634,-6.15795127263932],[106.77375467044634,-6.157052957355201],[106.77195803987809,-6.157052957355201],[106.77195803987809,-6.15795127263932]]]},"id":"+118859-6855","properties":{"cls":2,"count":2}},{"type":"Feature","geometry":{"geodesic":false,"type":"Polygon","coordinates":[[[106.7728563551622,-6.164239479628157],[106.77375467044634,-6.164239479628157],[106.77375467044634,-6.163341164344037],[106.7728563551622,-6.163341164344037],[106.7728563551622,-6.164239479628157]]]},"id":"+118859-6862","properties":{"cls":5,"count":1}},{"type":"Feature","geometry":{"geodesic":false,"type":"Polygon","coordinates":[[[106.7728563551622,-6.166934425480515],[106.77375467044634,-6.166934425480515],[106.77375467044634,-6.166036110196396],[106.7728563551622,-6.166036110196396],[106.7728563551622,-6.166934425480515]]]},"id":"+118859-6865","properties":{"cls":5,"count":1}},{"type":"Feature","geometry":{"geodesic":false,"type":"Polygon","coordinates":[[[106.77375467044634,-6.108543932012746],[106.77465298573046,-6.108543932012746],[106.77465298573046,-6.107645616728627],[106.77375467044634,-6.107645616728627],[106.77375467044634,-6.108543932012746]]]},"id":"+118860-6800","properties":{"cls":5,"count":1}},{"type":"Feature","geometry":{"geodesic":false,"type":"Polygon","coordinates":[[[106.77375467044634,-6.122916976558659],[106.77465298573046,-6.122916976558659],[106.77465298573046,-6.122018661274539],[106.77375467044634,-6.122018661274539],[106.77375467044634,-6.122916976558659]]]},"id":"+118860-6816","properties":{"cls":7,"count":1}},{"type":"Feature","geometry":{"geodesic":false,"type":"Polygon","coordinates":[[[106.77375467044634,-6.124713607126898],[106.77465298573046,-6.124713607126898],[106.77465298573046,-6.123815291842778],[106.77375467044634,-6.123815291842778],[106.77375467044634,-6.124713607126898]]]},"id":"+118860-6818","properties":{"cls":9,"count":1}},{"type":"Feature","geometry":{"geodesic":false,"type":"Polygon","coordinates":[[[106.77375467044634,-6.125611922411017],[106.77465298573046,-6.125611922411017],[106.77465298573046,-6.124713607126898],[106.77375467044634,-6.124713607126898],[106.77375467044634,-6.125611922411017]]]},"id":"+118860-6819","properties":{"cls":3,"count":1}},{"type":"Feature","geometry":{"geodesic":false,"type":"Polygon","coordinates":[[[106.77375467044634,-6.128306868263376],[106.77465298573046,-6.128306868263376],[106.77465298573046,-6.127408552979256],[106.77375467044634,-6.127408552979256],[106.77375467044634,-6.128306868263376]]]},"id":"+118860-6822","properties":{"cls":2,"count":1}},{"type":"Feature","geometry":{"geodesic":false,"type":"Polygon","coordinates":[[[106.77375467044634,-6.131001814115734],[106.77465298573046,-6.131001814115734],[106.77465298573046,-6.130103498831615],[106.77375467044634,-6.130103498831615],[106.77375467044634,-6.131001814115734]]]},"id":"+118860-6825","properties":{"cls":2,"count":1}},{"type":"Feature","geometry":{"geodesic":false,"type":"Polygon","coordinates":[[[106.77375467044634,-6.13998496695693],[106.77465298573046,-6.13998496695693],[106.77465298573046,-6.13908665167281],[106.77375467044634,-6.13908665167281],[106.77375467044634,-6.13998496695693]]]},"id":"+118860-6835","properties":{"cls":7,"count":1}},{"type":"Feature","geometry":{"geodesic":false,"type":"Polygon","coordinates":[[[106.77375467044634,-6.140883282241049],[106.77465298573046,-6.140883282241049],[106.77465298573046,-6.13998496695693],[106.77375467044634,-6.13998496695693],[106.77375467044634,-6.140883282241049]]]},"id":"+118860-6836","properties":{"cls":5,"count":1}},{"type":"Feature","geometry":{"geodesic":false,"type":"Polygon","coordinates":[[[106.77375467044634,-6.148968119798125],[106.77465298573046,-6.148968119798125],[106.77465298573046,-6.148069804514005],[106.77375467044634,-6.148069804514005],[106.77375467044634,-6.148968119798125]]]},"id":"+118860-6845","properties":{"cls":2,"count":1}},{"type":"Feature","geometry":{"geodesic":false,"type":"Polygon","coordinates":[[[106.77375467044634,-6.15795127263932],[106.77465298573046,-6.15795127263932],[106.77465298573046,-6.156154642071081],[106.77375467044634,-6.156154642071081],[106.77375467044634,-6.15795127263932]]]},"id":"+118860-6854","properties":{"cls":4,"count":2}},{"type":"Feature","geometry":{"geodesic":false,"type":"Polygon","coordinates":[[[106.77375467044634,-6.162442849059918],[106.77465298573046,-6.162442849059918],[106.77465298573046,-6.159747903207559],[106.77375467044634,-6.159747903207559],[106.77375467044634,-6.162442849059918]]]},"id":"+118860-6858","properties":{"cls":7,"count":3}},{"type":"Feature","geometry":{"geodesic":false,"type":"Polygon","coordinates":[[[106.77375467044634,-6.163341164344037],[106.77465298573046,-6.163341164344037],[106.77465298573046,-6.162442849059918],[106.77375467044634,-6.162442849059918],[106.77375467044634,-6.163341164344037]]]},"id":"+118860-6861","properties":{"cls":5,"count":1}},{"type":"Feature","geometry":{"geodesic":false,"type":"Polygon","coordinates":[[[106.77375467044634,-6.164239479628157],[106.77465298573046,-6.164239479628157],[106.77465298573046,-6.163341164344037],[106.77375467044634,-6.163341164344037],[106.77375467044634,-6.164239479628157]]]},"id":"+118860-6862","properties":{"cls":7,"count":1}},{"type":"Feature","geometry":{"geodesic":false,"type":"Polygon","coordinates":[[[106.77375467044634,-6.166934425480515],[106.77465298573046,-6.166934425480515],[106.77465298573046,-6.166036110196396],[106.77375467044634,-6.166036110196396],[106.77375467044634,-6.166934425480515]]]},"id":"+118860-6865","properties":{"cls":3,"count":1}},{"type":"Feature","geometry":{"geodesic":false,"type":"Polygon","coordinates":[[[106.77375467044634,-6.167832740764635],[106.77465298573046,-6.167832740764635],[106.77465298573046,-6.166934425480515],[106.77375467044634,-6.166934425480515],[106.77375467044634,-6.167832740764635]]]},"id":"+118860-6866","properties":{"cls":5,"count":1}},{"type":"Feature","geometry":{"geodesic":false,"type":"Polygon","coordinates":[[[106.77375467044634,-6.168731056048754],[106.77465298573046,-6.168731056048754],[106.77465298573046,-6.167832740764635],[106.77375467044634,-6.167832740764635],[106.77375467044634,-6.168731056048754]]]},"id":"+118860-6867","properties":{"cls":7,"count":1}},{"type":"Feature","geometry":{"geodesic":false,"type":"Polygon","coordinates":[[[106.77465298573046,-6.106747301444507],[106.77555130101457,-6.106747301444507],[106.77555130101457,-6.105848986160388],[106.77465298573046,-6.105848986160388],[106.77465298573046,-6.106747301444507]]]},"id":"+118861-6798","properties":{"cls":5,"count":1}},{"type":"Feature","geometry":{"geodesic":false,"type":"Polygon","coordinates":[[[106.77465298573046,-6.127408552979256],[106.77555130101457,-6.127408552979256],[106.77555130101457,-6.126510237695137],[106.77465298573046,-6.126510237695137],[106.77465298573046,-6.127408552979256]]]},"id":"+118861-6821","properties":{"cls":2,"count":1}},{"type":"Feature","geometry":{"geodesic":false,"type":"Polygon","coordinates":[[[106.77465298573046,-6.128306868263376],[106.77555130101457,-6.128306868263376],[106.77555130101457,-6.127408552979256],[106.77465298573046,-6.127408552979256],[106.77465298573046,-6.128306868263376]]]},"id":"+118861-6822","properties":{"cls":7,"count":1}},{"type":"Feature","geometry":{"geodesic":false,"type":"Polygon","coordinates":[[[106.77465298573046,-6.129205183547495],[106.77555130101457,-6.129205183547495],[106.77555130101457,-6.128306868263376],[106.77465298573046,-6.128306868263376],[106.77465298573046,-6.129205183547495]]]},"id":"+118861-6823","properties":{"cls":9,"count":1}},{"type":"Feature","geometry":{"geodesic":false,"type":"Polygon","coordinates":[[[106.77465298573046,-6.131900129399854],[106.77555130101457,-6.131900129399854],[106.77555130101457,-6.131001814115734],[106.77465298573046,-6.131001814115734],[106.77465298573046,-6.131900129399854]]]},"id":"+118861-6826","properties":{"cls":2,"count":1}},{"type":"Feature","geometry":{"geodesic":false,"type":"Polygon","coordinates":[[[106.77465298573046,-6.131900129399854],[106.77465298573046,-6.1345950752522125],[106.77555130101457,-6.1345950752522125],[106.77644961629869,-6.132798444683973],[106.77465298573046,-6.131900129399854]]]},"id":"+118861-6827","properties":{"cls":5,"count":4}},{"type":"Feature","geometry":{"geodesic":false,"type":"Polygon","coordinates":[[[106.77465298573046,-6.136391705820452],[106.77555130101457,-6.136391705820452],[106.77555130101457,-6.1345950752522125],[106.77465298573046,-6.1345950752522125],[106.77465298573046,-6.136391705820452]]]},"id":"+118861-6830","properties":{"cls":7,"count":2}},{"type":"Feature","geometry":{"geodesic":false,"type":"Polygon","coordinates":[[[106.77465298573046,-6.13998496695693],[106.77555130101457,-6.13998496695693],[106.77555130101457,-6.13908665167281],[106.77465298573046,-6.13908665167281],[106.77465298573046,-6.13998496695693]]]},"id":"+118861-6835","properties":{"cls":9,"count":1}},{"type":"Feature","geometry":{"geodesic":false,"type":"Polygon","coordinates":[[[106.77465298573046,-6.140883282241049],[106.77555130101457,-6.140883282241049],[106.77555130101457,-6.13998496695693],[106.77465298573046,-6.13998496695693],[106.77465298573046,-6.140883282241049]]]},"id":"+118861-6836","properties":{"cls":7,"count":1}},{"type":"Feature","geometry":{"geodesic":false,"type":"Polygon","coordinates":[[[106.77465298573046,-6.141781597525169],[106.77555130101457,-6.141781597525169],[106.77555130101457,-6.140883282241049],[106.77465298573046,-6.140883282241049],[106.77465298573046,-6.141781597525169]]]},"id":"+118861-6837","properties":{"cls":5,"count":1}},{"type":"Feature","geometry":{"geodesic":false,"type":"Polygon","coordinates":[[[106.77465298573046,-6.142679912809288],[106.77555130101457,-6.142679912809288],[106.77555130101457,-6.141781597525169],[106.77465298573046,-6.141781597525169],[106.77465298573046,-6.142679912809288]]]},"id":"+118861-6838","properties":{"cls":9,"count":1}},{"type":"Feature","geometry":{"geodesic":false,"type":"Polygon","coordinates":[[[106.77465298573046,-6.157052957355201],[106.77375467044634,-6.15884958792344],[106.77555130101457,-6.15884958792344],[106.77555130101457,-6.157052957355201],[106.77465298573046,-6.157052957355201]]]},"id":"+118861-6855","properties":{"cls":2,"count":3}},{"type":"Feature","geometry":{"geodesic":false,"type":"Polygon","coordinates":[[[106.77465298573046,-6.159747903207559],[106.77555130101457,-6.159747903207559],[106.77555130101457,-6.15884958792344],[106.77465298573046,-6.15884958792344],[106.77465298573046,-6.159747903207559]]]},"id":"+118861-6857","properties":{"cls":9,"count":1}},{"type":"Feature","geometry":{"geodesic":false,"type":"Polygon","coordinates":[[[106.77465298573046,-6.160646218491679],[106.77555130101457,-6.160646218491679],[106.77555130101457,-6.159747903207559],[106.77465298573046,-6.159747903207559],[106.77465298573046,-6.160646218491679]]]},"id":"+118861-6858","properties":{"cls":5,"count":1}},{"type":"Feature","geometry":{"geodesic":false,"type":"Polygon","coordinates":[[[106.77465298573046,-6.164239479628157],[106.77555130101457,-6.164239479628157],[106.77555130101457,-6.163341164344037],[106.77465298573046,-6.163341164344037],[106.77465298573046,-6.164239479628157]]]},"id":"+118861-6862","properties":{"cls":4,"count":1}},{"type":"Feature","geometry":{"geodesic":false,"type":"Polygon","coordinates":[[[106.77465298573046,-6.165137794912276],[106.77555130101457,-6.165137794912276],[106.77555130101457,-6.164239479628157],[106.77465298573046,-6.164239479628157],[106.77465298573046,-6.165137794912276]]]},"id":"+118861-6863","properties":{"cls":5,"count":1}},{"type":"Feature","geometry":{"geodesic":false,"type":"Polygon","coordinates":[[[106.77465298573046,-6.166036110196396],[106.77555130101457,-6.166036110196396],[106.77555130101457,-6.165137794912276],[106.77465298573046,-6.165137794912276],[106.77465298573046,-6.166036110196396]]]},"id":"+118861-6864","properties":{"cls":3,"count":1}},{"type":"Feature","geometry":{"geodesic":false,"type":"Polygon","coordinates":[[[106.77465298573046,-6.166934425480515],[106.77555130101457,-6.166934425480515],[106.77555130101457,-6.166036110196396],[106.77465298573046,-6.166036110196396],[106.77465298573046,-6.166934425480515]]]},"id":"+118861-6865","properties":{"cls":5,"count":1}},{"type":"Feature","geometry":{"geodesic":false,"type":"Polygon","coordinates":[[[106.77465298573046,-6.167832740764635],[106.77555130101457,-6.167832740764635],[106.77555130101457,-6.166934425480515],[106.77465298573046,-6.166934425480515],[106.77465298573046,-6.167832740764635]]]},"id":"+118861-6866","properties":{"cls":3,"count":1}},{"type":"Feature","geometry":{"geodesic":false,"type":"Polygon","coordinates":[[[106.77465298573046,-6.168731056048754],[106.77555130101457,-6.168731056048754],[106.77555130101457,-6.167832740764635],[106.77465298573046,-6.167832740764635],[106.77465298573046,-6.168731056048754]]]},"id":"+118861-6867","properties":{"cls":4,"count":1}},{"type":"Feature","geometry":{"geodesic":false,"type":"Polygon","coordinates":[[[106.77465298573046,-6.169629371332874],[106.77555130101457,-6.169629371332874],[106.77555130101457,-6.168731056048754],[106.77465298573046,-6.168731056048754],[106.77465298573046,-6.169629371332874]]]},"id":"+118861-6868","properties":{"cls":3,"count":1}},{"type":"Feature","geometry":{"geodesic":false,"type":"Polygon","coordinates":[[[106.77555130101457,-6.105848986160388],[106.77644961629869,-6.105848986160388],[106.77644961629869,-6.104950670876268],[106.77555130101457,-6.104950670876268],[106.77555130101457,-6.105848986160388]]]},"id":"+118862-6797","properties":{"cls":7,"count":1}},{"type":"Feature","geometry":{"geodesic":false,"type":"Polygon","coordinates":[[[106.77555130101457,-6.124713607126898],[106.77644961629869,-6.124713607126898],[106.77644961629869,-6.123815291842778],[106.77555130101457,-6.123815291842778],[106.77555130101457,-6.124713607126898]]]},"id":"+118862-6818","properties":{"cls":5,"count":1}},{"type":"Feature","geometry":{"geodesic":false,"type":"Polygon","coordinates":[[[106.77555130101457,-6.128306868263376],[106.77644961629869,-6.128306868263376],[106.77644961629869,-6.127408552979256],[106.77555130101457,-6.127408552979256],[106.77555130101457,-6.128306868263376]]]},"id":"+118862-6822","properties":{"cls":3,"count":1}},{"type":"Feature","geometry":{"geodesic":false,"type":"Polygon","coordinates":[[[106.77555130101457,-6.129205183547495],[106.77644961629869,-6.129205183547495],[106.77644961629869,-6.128306868263376],[106.77555130101457,-6.128306868263376],[106.77555130101457,-6.129205183547495]]]},"id":"+118862-6823","properties":{"cls":5,"count":1}},{"type":"Feature","geometry":{"geodesic":false,"type":"Polygon","coordinates":[[[106.77555130101457,-6.132798444683973],[106.77644961629869,-6.132798444683973],[106.77644961629869,-6.131900129399854],[106.77555130101457,-6.131900129399854],[106.77555130101457,-6.132798444683973]]]},"id":"+118862-6827","properties":{"cls":3,"count":1}},{"type":"Feature","geometry":{"geodesic":false,"type":"Polygon","coordinates":[[[106.77555130101457,-6.1345950752522125],[106.77644961629869,-6.1345950752522125],[106.77644961629869,-6.133696759968093],[106.77555130101457,-6.133696759968093],[106.77555130101457,-6.1345950752522125]]]},"id":"+118862-6829","properties":{"cls":4,"count":1}},{"type":"Feature","geometry":{"geodesic":false,"type":"Polygon","coordinates":[[[106.77555130101457,-6.1354933905363325],[106.77644961629869,-6.1354933905363325],[106.77644961629869,-6.1345950752522125],[106.77555130101457,-6.1345950752522125],[106.77555130101457,-6.1354933905363325]]]},"id":"+118862-6830","properties":{"cls":9,"count":1}},{"type":"Feature","geometry":{"geodesic":false,"type":"Polygon","coordinates":[[[106.77555130101457,-6.137290021104572],[106.77644961629869,-6.137290021104572],[106.77644961629869,-6.136391705820452],[106.77555130101457,-6.136391705820452],[106.77555130101457,-6.137290021104572]]]},"id":"+118862-6832","properties":{"cls":7,"count":1}},{"type":"Feature","geometry":{"geodesic":false,"type":"Polygon","coordinates":[[[106.77555130101457,-6.138188336388691],[106.77644961629869,-6.138188336388691],[106.77644961629869,-6.137290021104572],[106.77555130101457,-6.137290021104572],[106.77555130101457,-6.138188336388691]]]},"id":"+118862-6833","properties":{"cls":9,"count":1}},{"type":"Feature","geometry":{"geodesic":false,"type":"Polygon","coordinates":[[[106.77555130101457,-6.141781597525169],[106.77644961629869,-6.141781597525169],[106.77644961629869,-6.140883282241049],[106.77555130101457,-6.140883282241049],[106.77555130101457,-6.141781597525169]]]},"id":"+118862-6837","properties":{"cls":9,"count":1}},{"type":"Feature","geometry":{"geodesic":false,"type":"Polygon","coordinates":[[[106.77555130101457,-6.159747903207559],[106.77644961629869,-6.159747903207559],[106.77644961629869,-6.15884958792344],[106.77555130101457,-6.15884958792344],[106.77555130101457,-6.159747903207559]]]},"id":"+118862-6857","properties":{"cls":7,"count":1}},{"type":"Feature","geometry":{"geodesic":false,"type":"Polygon","coordinates":[[[106.77465298573046,-6.161544533775798],[106.77644961629869,-6.161544533775798],[106.77644961629869,-6.160646218491679],[106.77465298573046,-6.160646218491679],[106.77465298573046,-6.161544533775798]]]},"id":"+118862-6859","properties":{"cls":9,"count":2}},{"type":"Feature","geometry":{"geodesic":false,"type":"Polygon","coordinates":[[[106.77555130101457,-6.164239479628157],[106.77644961629869,-6.164239479628157],[106.77644961629869,-6.163341164344037],[106.77555130101457,-6.163341164344037],[106.77555130101457,-6.164239479628157]]]},"id":"+118862-6862","properties":{"cls":5,"count":1}},{"type":"Feature","geometry":{"geodesic":false,"type":"Polygon","coordinates":[[[106.77555130101457,-6.166036110196396],[106.77644961629869,-6.166036110196396],[106.77644961629869,-6.164239479628157],[106.77555130101457,-6.164239479628157],[106.77555130101457,-6.166036110196396]]]},"id":"+118862-6863","properties":{"cls":2,"count":2}},{"type":"Feature","geometry":{"geodesic":false,"type":"Polygon","coordinates":[[[106.77555130101457,-6.167832740764635],[106.77644961629869,-6.167832740764635],[106.77644961629869,-6.166934425480515],[106.77555130101457,-6.166934425480515],[106.77555130101457,-6.167832740764635]]]},"id":"+118862-6866","properties":{"cls":4,"count":1}},{"type":"Feature","geometry":{"geodesic":false,"type":"Polygon","coordinates":[[[106.77555130101457,-6.168731056048754],[106.77644961629869,-6.168731056048754],[106.77644961629869,-6.167832740764635],[106.77555130101457,-6.167832740764635],[106.77555130101457,-6.168731056048754]]]},"id":"+118862-6867","properties":{"cls":5,"count":1}},{"type":"Feature","geometry":{"geodesic":false,"type":"Polygon","coordinates":[[[106.77465298573046,-6.171426001901113],[106.77644961629869,-6.171426001901113],[106.77644961629869,-6.169629371332874],[106.77465298573046,-6.169629371332874],[106.77465298573046,-6.171426001901113]]]},"id":"+118862-6869","properties":{"cls":4,"count":4}},{"type":"Feature","geometry":{"geodesic":false,"type":"Polygon","coordinates":[[[106.77644961629869,-6.128306868263376],[106.77734793158281,-6.128306868263376],[106.77734793158281,-6.127408552979256],[106.77644961629869,-6.127408552979256],[106.77644961629869,-6.128306868263376]]]},"id":"+118863-6822","properties":{"cls":2,"count":1}},{"type":"Feature","geometry":{"geodesic":false,"type":"Polygon","coordinates":[[[106.77644961629869,-6.133696759968093],[106.77734793158281,-6.133696759968093],[106.77734793158281,-6.132798444683973],[106.77644961629869,-6.132798444683973],[106.77644961629869,-6.133696759968093]]]},"id":"+118863-6828","properties":{"cls":9,"count":1}},{"type":"Feature","geometry":{"geodesic":false,"type":"Polygon","coordinates":[[[106.77644961629869,-6.1345950752522125],[106.77734793158281,-6.1345950752522125],[106.77734793158281,-6.133696759968093],[106.77644961629869,-6.133696759968093],[106.77644961629869,-6.1345950752522125]]]},"id":"+118863-6829","properties":{"cls":5,"count":1}},{"type":"Feature","geometry":{"geodesic":false,"type":"Polygon","coordinates":[[[106.77644961629869,-6.138188336388691],[106.77734793158281,-6.138188336388691],[106.77734793158281,-6.1354933905363325],[106.77644961629869,-6.1354933905363325],[106.77644961629869,-6.138188336388691]]]},"id":"+118863-6831","properties":{"cls":5,"count":3}},{"type":"Feature","geometry":{"geodesic":false,"type":"Polygon","coordinates":[[[106.77644961629869,-6.140883282241049],[106.77555130101457,-6.142679912809288],[106.77734793158281,-6.142679912809288],[106.77734793158281,-6.140883282241049],[106.77644961629869,-6.140883282241049]]]},"id":"+118863-6837","properties":{"cls":5,"count":3}},{"type":"Feature","geometry":{"geodesic":false,"type":"Polygon","coordinates":[[[106.77644961629869,-6.163341164344037],[106.77734793158281,-6.163341164344037],[106.77734793158281,-6.162442849059918],[106.77644961629869,-6.162442849059918],[106.77644961629869,-6.163341164344037]]]},"id":"+118863-6861","properties":{"cls":9,"count":1}},{"type":"Feature","geometry":{"geodesic":false,"type":"Polygon","coordinates":[[[106.77644961629869,-6.164239479628157],[106.77734793158281,-6.164239479628157],[106.77734793158281,-6.163341164344037],[106.77644961629869,-6.163341164344037],[106.77644961629869,-6.164239479628157]]]},"id":"+118863-6862","properties":{"cls":7,"count":1}},{"type":"Feature","geometry":{"geodesic":false,"type":"Polygon","coordinates":[[[106.77644961629869,-6.165137794912276],[106.77734793158281,-6.165137794912276],[106.77734793158281,-6.164239479628157],[106.77644961629869,-6.164239479628157],[106.77644961629869,-6.165137794912276]]]},"id":"+118863-6863","properties":{"cls":5,"count":1}},{"type":"Feature","geometry":{"geodesic":false,"type":"Polygon","coordinates":[[[106.77644961629869,-6.165137794912276],[106.77644961629869,-6.166934425480515],[106.77824624686693,-6.166934425480515],[106.77734793158281,-6.165137794912276],[106.77644961629869,-6.165137794912276]]]},"id":"+118863-6864","properties":{"cls":7,"count":3}},{"type":"Feature","geometry":{"geodesic":false,"type":"Polygon","coordinates":[[[106.77644961629869,-6.168731056048754],[106.77734793158281,-6.168731056048754],[106.77734793158281,-6.167832740764635],[106.77644961629869,-6.167832740764635],[106.77644961629869,-6.168731056048754]]]},"id":"+118863-6867","properties":{"cls":3,"count":1}},{"type":"Feature","geometry":{"geodesic":false,"type":"Polygon","coordinates":[[[106.77644961629869,-6.170527686616993],[106.77734793158281,-6.170527686616993],[106.77734793158281,-6.168731056048754],[106.77644961629869,-6.168731056048754],[106.77644961629869,-6.170527686616993]]]},"id":"+118863-6868","properties":{"cls":5,"count":2}},{"type":"Feature","geometry":{"geodesic":false,"type":"Polygon","coordinates":[[[106.77734793158281,-6.107645616728627],[106.77824624686693,-6.107645616728627],[106.77824624686693,-6.106747301444507],[106.77734793158281,-6.106747301444507],[106.77734793158281,-6.107645616728627]]]},"id":"+118864-6799","properties":{"cls":9,"count":1}},{"type":"Feature","geometry":{"geodesic":false,"type":"Polygon","coordinates":[[[106.77734793158281,-6.109442247296866],[106.77824624686693,-6.109442247296866],[106.77824624686693,-6.108543932012746],[106.77734793158281,-6.108543932012746],[106.77734793158281,-6.109442247296866]]]},"id":"+118864-6801","properties":{"cls":9,"count":1}},{"type":"Feature","geometry":{"geodesic":false,"type":"Polygon","coordinates":[[[106.77734793158281,-6.132798444683973],[106.77824624686693,-6.132798444683973],[106.77824624686693,-6.131900129399854],[106.77734793158281,-6.131900129399854],[106.77734793158281,-6.132798444683973]]]},"id":"+118864-6827","properties":{"cls":5,"count":1}},{"type":"Feature","geometry":{"geodesic":false,"type":"Polygon","coordinates":[[[106.77734793158281,-6.1345950752522125],[106.77824624686693,-6.1345950752522125],[106.77824624686693,-6.133696759968093],[106.77734793158281,-6.133696759968093],[106.77734793158281,-6.1345950752522125]]]},"id":"+118864-6829","properties":{"cls":9,"count":1}},{"type":"Feature","geometry":{"geodesic":false,"type":"Polygon","coordinates":[[[106.77734793158281,-6.161544533775798],[106.77824624686693,-6.161544533775798],[106.77824624686693,-6.160646218491679],[106.77734793158281,-6.160646218491679],[106.77734793158281,-6.161544533775798]]]},"id":"+118864-6859","properties":{"cls":5,"count":1}},{"type":"Feature","geometry":{"geodesic":false,"type":"Polygon","coordinates":[[[106.77734793158281,-6.162442849059918],[106.77824624686693,-6.162442849059918],[106.77824624686693,-6.161544533775798],[106.77734793158281,-6.161544533775798],[106.77734793158281,-6.162442849059918]]]},"id":"+118864-6860","properties":{"cls":4,"count":1}},{"type":"Feature","geometry":{"geodesic":false,"type":"Polygon","coordinates":[[[106.77734793158281,-6.164239479628157],[106.77824624686693,-6.164239479628157],[106.77824624686693,-6.163341164344037],[106.77734793158281,-6.163341164344037],[106.77734793158281,-6.164239479628157]]]},"id":"+118864-6862","properties":{"cls":5,"count":1}},{"type":"Feature","geometry":{"geodesic":false,"type":"Polygon","coordinates":[[[106.77734793158281,-6.168731056048754],[106.77824624686693,-6.168731056048754],[106.77824624686693,-6.166934425480515],[106.77734793158281,-6.166934425480515],[106.77734793158281,-6.168731056048754]]]},"id":"+118864-6866","properties":{"cls":4,"count":2}},{"type":"Feature","geometry":{"geodesic":false,"type":"Polygon","coordinates":[[[106.77824624686693,-6.132798444683973],[106.77914456215105,-6.132798444683973],[106.77914456215105,-6.131900129399854],[106.77824624686693,-6.131900129399854],[106.77824624686693,-6.132798444683973]]]},"id":"+118865-6827","properties":{"cls":2,"count":1}},{"type":"Feature","geometry":{"geodesic":false,"type":"Polygon","coordinates":[[[106.77734793158281,-6.133696759968093],[106.77914456215105,-6.133696759968093],[106.77914456215105,-6.132798444683973],[106.77734793158281,-6.132798444683973],[106.77734793158281,-6.133696759968093]]]},"id":"+118865-6828","properties":{"cls":7,"count":2}},{"type":"Feature","geometry":{"geodesic":false,"type":"Polygon","coordinates":[[[106.77824624686693,-6.13998496695693],[106.77914456215105,-6.13998496695693],[106.77914456215105,-6.13908665167281],[106.77824624686693,-6.13908665167281],[106.77824624686693,-6.13998496695693]]]},"id":"+118865-6835","properties":{"cls":5,"count":1}},{"type":"Feature","geometry":{"geodesic":false,"type":"Polygon","coordinates":[[[106.77824624686693,-6.140883282241049],[106.77914456215105,-6.140883282241049],[106.77914456215105,-6.13998496695693],[106.77824624686693,-6.13998496695693],[106.77824624686693,-6.140883282241049]]]},"id":"+118865-6836","properties":{"cls":7,"count":1}},{"type":"Feature","geometry":{"geodesic":false,"type":"Polygon","coordinates":[[[106.77824624686693,-6.163341164344037],[106.77914456215105,-6.163341164344037],[106.77914456215105,-6.162442849059918],[106.77824624686693,-6.162442849059918],[106.77824624686693,-6.163341164344037]]]},"id":"+118865-6861","properties":{"cls":2,"count":1}},{"type":"Feature","geometry":{"geodesic":false,"type":"Polygon","coordinates":[[[106.77824624686693,-6.164239479628157],[106.77914456215105,-6.164239479628157],[106.77914456215105,-6.163341164344037],[106.77824624686693,-6.163341164344037],[106.77824624686693,-6.164239479628157]]]},"id":"+118865-6862","properties":{"cls":4,"count":1}},{"type":"Feature","geometry":{"geodesic":false,"type":"Polygon","coordinates":[[[106.77734793158281,-6.166036110196396],[106.77914456215105,-6.166036110196396],[106.77914456215105,-6.165137794912276],[106.77734793158281,-6.165137794912276],[106.77734793158281,-6.166036110196396]]]},"id":"+118865-6864","properties":{"cls":9,"count":2}},{"type":"Feature","geometry":{"geodesic":false,"type":"Polygon","coordinates":[[[106.77824624686693,-6.166934425480515],[106.77914456215105,-6.166934425480515],[106.77914456215105,-6.166036110196396],[106.77824624686693,-6.166036110196396],[106.77824624686693,-6.166934425480515]]]},"id":"+118865-6865","properties":{"cls":5,"count":1}},{"type":"Feature","geometry":{"geodesic":false,"type":"Polygon","coordinates":[[[106.77824624686693,-6.167832740764635],[106.77914456215105,-6.167832740764635],[106.77914456215105,-6.166934425480515],[106.77824624686693,-6.166934425480515],[106.77824624686693,-6.167832740764635]]]},"id":"+118865-6866","properties":{"cls":9,"count":1}},{"type":"Feature","geometry":{"geodesic":false,"type":"Polygon","coordinates":[[[106.77824624686693,-6.168731056048754],[106.77914456215105,-6.168731056048754],[106.77914456215105,-6.167832740764635],[106.77824624686693,-6.167832740764635],[106.77824624686693,-6.168731056048754]]]},"id":"+118865-6867","properties":{"cls":5,"count":1}},{"type":"Feature","geometry":{"geodesic":false,"type":"Polygon","coordinates":[[[106.77914456215105,-6.110340562580985],[106.78004287743516,-6.110340562580985],[106.78004287743516,-6.109442247296866],[106.77914456215105,-6.109442247296866],[106.77914456215105,-6.110340562580985]]]},"id":"+118866-6802","properties":{"cls":4,"count":1}},{"type":"Feature","geometry":{"geodesic":false,"type":"Polygon","coordinates":[[[106.77914456215105,-6.131001814115734],[106.78004287743516,-6.131001814115734],[106.78004287743516,-6.130103498831615],[106.77914456215105,-6.130103498831615],[106.77914456215105,-6.131001814115734]]]},"id":"+118866-6825","properties":{"cls":2,"count":1}},{"type":"Feature","geometry":{"geodesic":false,"type":"Polygon","coordinates":[[[106.77914456215105,-6.131900129399854],[106.78004287743516,-6.131900129399854],[106.78004287743516,-6.131001814115734],[106.77914456215105,-6.131001814115734],[106.77914456215105,-6.131900129399854]]]},"id":"+118866-6826","properties":{"cls":5,"count":1}},{"type":"Feature","geometry":{"geodesic":false,"type":"Polygon","coordinates":[[[106.77914456215105,-6.132798444683973],[106.78004287743516,-6.132798444683973],[106.78004287743516,-6.131900129399854],[106.77914456215105,-6.131900129399854],[106.77914456215105,-6.132798444683973]]]},"id":"+118866-6827","properties":{"cls":7,"count":1}},{"type":"Feature","geometry":{"geodesic":false,"type":"Polygon","coordinates":[[[106.77914456215105,-6.133696759968093],[106.78004287743516,-6.133696759968093],[106.78004287743516,-6.132798444683973],[106.77914456215105,-6.132798444683973],[106.77914456215105,-6.133696759968093]]]},"id":"+118866-6828","properties":{"cls":2,"count":1}},{"type":"Feature","geometry":{"geodesic":false,"type":"Polygon","coordinates":[[[106.77914456215105,-6.145374858661647],[106.78004287743516,-6.145374858661647],[106.78004287743516,-6.144476543377527],[106.77914456215105,-6.144476543377527],[106.77914456215105,-6.145374858661647]]]},"id":"+118866-6841","properties":{"cls":3,"count":1}},{"type":"Feature","geometry":{"geodesic":false,"type":"Polygon","coordinates":[[[106.77824624686693,-6.161544533775798],[106.78004287743516,-6.161544533775798],[106.78004287743516,-6.160646218491679],[106.77824624686693,-6.160646218491679],[106.77824624686693,-6.161544533775798]]]},"id":"+118866-6859","properties":{"cls":7,"count":2}},{"type":"Feature","geometry":{"geodesic":false,"type":"Polygon","coordinates":[[[106.77824624686693,-6.162442849059918],[106.78004287743516,-6.162442849059918],[106.78004287743516,-6.161544533775798],[106.77824624686693,-6.161544533775798],[106.77824624686693,-6.162442849059918]]]},"id":"+118866-6860","properties":{"cls":5,"count":2}},{"type":"Feature","geometry":{"geodesic":false,"type":"Polygon","coordinates":[[[106.77914456215105,-6.166036110196396],[106.78004287743516,-6.166036110196396],[106.78004287743516,-6.165137794912276],[106.77914456215105,-6.165137794912276],[106.77914456215105,-6.166036110196396]]]},"id":"+118866-6864","properties":{"cls":5,"count":1}},{"type":"Feature","geometry":{"geodesic":false,"type":"Polygon","coordinates":[[[106.78004287743516,-6.1345950752522125],[106.78094119271928,-6.1345950752522125],[106.78094119271928,-6.133696759968093],[106.78004287743516,-6.133696759968093],[106.78004287743516,-6.1345950752522125]]]},"id":"+118867-6829","properties":{"cls":5,"count":1}},{"type":"Feature","geometry":{"geodesic":false,"type":"Polygon","coordinates":[[[106.78094119271928,-6.1354933905363325],[106.78094119271928,-6.1345950752522125],[106.77644961629869,-6.1345950752522125],[106.77644961629869,-6.1354933905363325],[106.77734793158281,-6.1354933905363325],[106.77734793158281,-6.138188336388691],[106.77644961629869,-6.138188336388691],[106.77734793158281,-6.13998496695693],[106.77914456215105,-6.139086651672811],[106.77914456215105,-6.137290021104572],[106.7818395080034,-6.137290021104572],[106.7818395080034,-6.1354933905363325],[106.78094119271928,-6.1354933905363325]],[[106.78094119271928,-6.1354933905363325],[106.77824624686693,-6.1354933905363325],[106.77824624686693,-6.136391705820452],[106.78094119271928,-6.136391705820452],[106.78094119271928,-6.1354933905363325]]]},"id":"+118867-6830","properties":{"cls":7,"count":18}},{"type":"Feature","geometry":{"geodesic":false,"type":"Polygon","coordinates":[[[106.77824624686693,-6.136391705820452],[106.78094119271928,-6.136391705820452],[106.78094119271928,-6.1354933905363325],[106.77824624686693,-6.1354933905363325],[106.77824624686693,-6.136391705820452]]]},"id":"+118867-6831","properties":{"cls":9,"count":3}},{"type":"Feature","geometry":{"geodesic":false,"type":"Polygon","coordinates":[[[106.78004287743516,-6.145374858661647],[106.78094119271928,-6.145374858661647],[106.78094119271928,-6.144476543377527],[106.78004287743516,-6.144476543377527],[106.78004287743516,-6.145374858661647]]]},"id":"+118867-6841","properties":{"cls":2,"count":1}},{"type":"Feature","geometry":{"geodesic":false,"type":"Polygon","coordinates":[[[106.77914456215105,-6.264850791449543],[106.78094119271928,-6.264850791449543],[106.78094119271928,-6.263952476165423],[106.77914456215105,-6.263952476165423],[106.77914456215105,-6.264850791449543]]]},"id":"+118867-6974","properties":{"cls":5,"count":2}},{"type":"Feature","geometry":{"geodesic":false,"type":"Polygon","coordinates":[[[106.78004287743516,-6.265749106733662],[106.78094119271928,-6.265749106733662],[106.78094119271928,-6.264850791449543],[106.78004287743516,-6.264850791449543],[106.78004287743516,-6.265749106733662]]]},"id":"+118867-6975","properties":{"cls":4,"count":1}},{"type":"Feature","geometry":{"geodesic":false,"type":"Polygon","coordinates":[[[106.78094119271928,-6.1345950752522125],[106.7818395080034,-6.1345950752522125],[106.7818395080034,-6.133696759968093],[106.78094119271928,-6.133696759968093],[106.78094119271928,-6.1345950752522125]]]},"id":"+118868-6829","properties":{"cls":7,"count":1}},{"type":"Feature","geometry":{"geodesic":false,"type":"Polygon","coordinates":[[[106.78094119271928,-6.164239479628157],[106.7818395080034,-6.164239479628157],[106.7818395080034,-6.163341164344037],[106.78094119271928,-6.163341164344037],[106.78094119271928,-6.164239479628157]]]},"id":"+118868-6862","properties":{"cls":7,"count":1}},{"type":"Feature","geometry":{"geodesic":false,"type":"Polygon","coordinates":[[[106.78094119271928,-6.165137794912276],[106.7818395080034,-6.165137794912276],[106.7818395080034,-6.164239479628157],[106.78094119271928,-6.164239479628157],[106.78094119271928,-6.165137794912276]]]},"id":"+118868-6863","properties":{"cls":4,"count":1}},{"type":"Feature","geometry":{"geodesic":false,"type":"Polygon","coordinates":[[[106.7818395080034,-6.109442247296866],[106.78273782328752,-6.109442247296866],[106.78273782328752,-6.108543932012746],[106.7818395080034,-6.108543932012746],[106.7818395080034,-6.109442247296866]]]},"id":"+118869-6801","properties":{"cls":3,"count":1}},{"type":"Feature","geometry":{"geodesic":false,"type":"Polygon","coordinates":[[[106.7818395080034,-6.138188336388691],[106.78273782328752,-6.138188336388691],[106.78273782328752,-6.137290021104572],[106.7818395080034,-6.137290021104572],[106.7818395080034,-6.138188336388691]]]},"id":"+118869-6833","properties":{"cls":2,"count":1}},{"type":"Feature","geometry":{"geodesic":false,"type":"Polygon","coordinates":[[[106.7818395080034,-6.145374858661647],[106.78273782328752,-6.145374858661647],[106.78273782328752,-6.144476543377527],[106.7818395080034,-6.144476543377527],[106.7818395080034,-6.145374858661647]]]},"id":"+118869-6841","properties":{"cls":3,"count":1}},{"type":"Feature","geometry":{"geodesic":false,"type":"Polygon","coordinates":[[[106.78004287743516,-6.161544533775798],[106.78273782328752,-6.161544533775798],[106.78273782328752,-6.160646218491679],[106.78004287743516,-6.160646218491679],[106.78004287743516,-6.161544533775798]]]},"id":"+118869-6859","properties":{"cls":5,"count":3}},{"type":"Feature","geometry":{"geodesic":false,"type":"Polygon","coordinates":[[[106.7818395080034,-6.162442849059918],[106.78273782328752,-6.162442849059918],[106.78273782328752,-6.161544533775798],[106.7818395080034,-6.161544533775798],[106.7818395080034,-6.162442849059918]]]},"id":"+118869-6860","properties":{"cls":4,"count":1}},{"type":"Feature","geometry":{"geodesic":false,"type":"Polygon","coordinates":[[[106.78094119271928,-6.162442849059918],[106.7818395080034,-6.164239479628157],[106.78363613857165,-6.164239479628157],[106.78273782328752,-6.162442849059918],[106.78094119271928,-6.162442849059918]]]},"id":"+118869-6861","properties":{"cls":5,"count":4}},{"type":"Feature","geometry":{"geodesic":false,"type":"Polygon","coordinates":[[[106.7818395080034,-6.166036110196396],[106.78273782328752,-6.166036110196396],[106.78273782328752,-6.165137794912276],[106.7818395080034,-6.165137794912276],[106.7818395080034,-6.166036110196396]]]},"id":"+118869-6864","properties":{"cls":5,"count":1}},{"type":"Feature","geometry":{"geodesic":false,"type":"Polygon","coordinates":[[[106.78273782328752,-6.122916976558659],[106.78363613857165,-6.122916976558659],[106.78363613857165,-6.122018661274539],[106.78273782328752,-6.122018661274539],[106.78273782328752,-6.122916976558659]]]},"id":"+118870-6816","properties":{"cls":3,"count":1}},{"type":"Feature","geometry":{"geodesic":false,"type":"Polygon","coordinates":[[[106.78273782328752,-6.137290021104572],[106.78363613857165,-6.137290021104572],[106.78363613857165,-6.136391705820452],[106.78273782328752,-6.136391705820452],[106.78273782328752,-6.137290021104572]]]},"id":"+118870-6832","properties":{"cls":7,"count":1}},{"type":"Feature","geometry":{"geodesic":false,"type":"Polygon","coordinates":[[[106.78363613857165,-6.109442247296866],[106.78453445385577,-6.109442247296866],[106.78453445385577,-6.108543932012746],[106.78363613857165,-6.108543932012746],[106.78363613857165,-6.109442247296866]]]},"id":"+118871-6801","properties":{"cls":5,"count":1}},{"type":"Feature","geometry":{"geodesic":false,"type":"Polygon","coordinates":[[[106.78363613857165,-6.1166287695698225],[106.78453445385577,-6.1166287695698225],[106.78453445385577,-6.1157304542857025],[106.78363613857165,-6.1157304542857025],[106.78363613857165,-6.1166287695698225]]]},"id":"+118871-6809","properties":{"cls":7,"count":1}},{"type":"Feature","geometry":{"geodesic":false,"type":"Polygon","coordinates":[[[106.78363613857165,-6.125611922411017],[106.78453445385577,-6.125611922411017],[106.78453445385577,-6.124713607126898],[106.78363613857165,-6.124713607126898],[106.78363613857165,-6.125611922411017]]]},"id":"+118871-6819","properties":{"cls":2,"count":1}},{"type":"Feature","geometry":{"geodesic":false,"type":"Polygon","coordinates":[[[106.78363613857165,-6.128306868263376],[106.78453445385577,-6.128306868263376],[106.78453445385577,-6.126510237695137],[106.78363613857165,-6.126510237695137],[106.78363613857165,-6.128306868263376]]]},"id":"+118871-6821","properties":{"cls":2,"count":2}},{"type":"Feature","geometry":{"geodesic":false,"type":"Polygon","coordinates":[[[106.78363613857165,-6.129205183547495],[106.78453445385577,-6.129205183547495],[106.78453445385577,-6.128306868263376],[106.78363613857165,-6.128306868263376],[106.78363613857165,-6.129205183547495]]]},"id":"+118871-6823","properties":{"cls":7,"count":1}},{"type":"Feature","geometry":{"geodesic":false,"type":"Polygon","coordinates":[[[106.78273782328752,-6.1345950752522125],[106.78273782328752,-6.1354933905363325],[106.7818395080034,-6.1354933905363325],[106.7818395080034,-6.137290021104572],[106.78273782328752,-6.137290021104572],[106.78273782328752,-6.136391705820452],[106.78453445385577,-6.136391705820452],[106.78453445385577,-6.1345950752522125],[106.78273782328752,-6.1345950752522125]]]},"id":"+118871-6830","properties":{"cls":5,"count":6}},{"type":"Feature","geometry":{"geodesic":false,"type":"Polygon","coordinates":[[[106.78453445385577,-6.112137193149224],[106.78543276913989,-6.112137193149224],[106.78543276913989,-6.111238877865105],[106.78453445385577,-6.111238877865105],[106.78453445385577,-6.112137193149224]]]},"id":"+118872-6804","properties":{"cls":7,"count":1}},{"type":"Feature","geometry":{"geodesic":false,"type":"Polygon","coordinates":[[[106.78453445385577,-6.129205183547495],[106.78543276913989,-6.129205183547495],[106.78543276913989,-6.128306868263376],[106.78453445385577,-6.128306868263376],[106.78453445385577,-6.129205183547495]]]},"id":"+118872-6823","properties":{"cls":2,"count":1}},{"type":"Feature","geometry":{"geodesic":false,"type":"Polygon","coordinates":[[[106.78453445385577,-6.146273173945766],[106.78543276913989,-6.146273173945766],[106.78543276913989,-6.145374858661647],[106.78453445385577,-6.145374858661647],[106.78453445385577,-6.146273173945766]]]},"id":"+118872-6842","properties":{"cls":7,"count":1}},{"type":"Feature","geometry":{"geodesic":false,"type":"Polygon","coordinates":[[[106.78453445385577,-6.148069804514005],[106.78543276913989,-6.148069804514005],[106.78543276913989,-6.146273173945766],[106.78453445385577,-6.146273173945766],[106.78453445385577,-6.148069804514005]]]},"id":"+118872-6843","properties":{"cls":5,"count":2}},{"type":"Feature","geometry":{"geodesic":false,"type":"Polygon","coordinates":[[[106.78453445385577,-6.161544533775798],[106.78543276913989,-6.161544533775798],[106.78543276913989,-6.160646218491679],[106.78453445385577,-6.160646218491679],[106.78453445385577,-6.161544533775798]]]},"id":"+118872-6859","properties":{"cls":5,"count":1}},{"type":"Feature","geometry":{"geodesic":false,"type":"Polygon","coordinates":[[[106.78453445385577,-6.294495195825488],[106.78543276913989,-6.294495195825488],[106.78543276913989,-6.293596880541368],[106.78453445385577,-6.293596880541368],[106.78453445385577,-6.294495195825488]]]},"id":"+118872-7007","properties":{"cls":3,"count":1}},{"type":"Feature","geometry":{"geodesic":false,"type":"Polygon","coordinates":[[[106.78543276913989,-6.137290021104572],[106.786331084424,-6.137290021104572],[106.786331084424,-6.136391705820452],[106.78543276913989,-6.136391705820452],[106.78543276913989,-6.137290021104572]]]},"id":"+118873-6832","properties":{"cls":2,"count":1}},{"type":"Feature","geometry":{"geodesic":false,"type":"Polygon","coordinates":[[[106.78543276913989,-6.147171489229886],[106.786331084424,-6.147171489229886],[106.786331084424,-6.146273173945766],[106.78543276913989,-6.146273173945766],[106.78543276913989,-6.147171489229886]]]},"id":"+118873-6843","properties":{"cls":2,"count":1}},{"type":"Feature","geometry":{"geodesic":false,"type":"Polygon","coordinates":[[[106.78543276913989,-6.142679912809288],[106.78543276913989,-6.145374858661647],[106.786331084424,-6.145374858661647],[106.786331084424,-6.143578228093408],[106.78722939970812,-6.143578228093408],[106.78722939970812,-6.142679912809288],[106.78543276913989,-6.142679912809288]]]},"id":"+118874-6839","properties":{"cls":7,"count":4}},{"type":"Feature","geometry":{"geodesic":false,"type":"Polygon","coordinates":[[[106.78543276913989,-6.145374858661647],[106.78543276913989,-6.146273173945766],[106.78722939970812,-6.147171489229886],[106.78722939970812,-6.145374858661647],[106.78543276913989,-6.145374858661647]]]},"id":"+118874-6842","properties":{"cls":5,"count":3}},{"type":"Feature","geometry":{"geodesic":false,"type":"Polygon","coordinates":[[[106.78722939970812,-6.13998496695693],[106.78722939970812,-6.143578228093408],[106.786331084424,-6.143578228093408],[106.786331084424,-6.145374858661647],[106.78812771499224,-6.145374858661647],[106.78812771499224,-6.143578228093408],[106.78902603027636,-6.143578228093408],[106.78902603027636,-6.142679912809288],[106.78812771499224,-6.142679912809288],[106.78812771499224,-6.13998496695693],[106.78722939970812,-6.13998496695693]]]},"id":"+118875-6836","properties":{"cls":9,"count":9}},{"type":"Feature","geometry":{"geodesic":false,"type":"Polygon","coordinates":[[[106.78722939970812,-6.166036110196396],[106.78812771499224,-6.166036110196396],[106.78812771499224,-6.165137794912276],[106.78722939970812,-6.165137794912276],[106.78722939970812,-6.166036110196396]]]},"id":"+118875-6864","properties":{"cls":3,"count":1}},{"type":"Feature","geometry":{"geodesic":false,"type":"Polygon","coordinates":[[[106.78812771499224,-6.137290021104572],[106.78902603027636,-6.137290021104572],[106.78902603027636,-6.1354933905363325],[106.78812771499224,-6.1354933905363325],[106.78812771499224,-6.137290021104572]]]},"id":"+118876-6831","properties":{"cls":7,"count":2}},{"type":"Feature","geometry":{"geodesic":false,"type":"Polygon","coordinates":[[[106.78902603027636,-6.133696759968093],[106.78812771499224,-6.1354933905363325],[106.78992434556048,-6.1354933905363325],[106.78992434556048,-6.133696759968093],[106.78902603027636,-6.133696759968093]]]},"id":"+118877-6829","properties":{"cls":5,"count":3}},{"type":"Feature","geometry":{"geodesic":false,"type":"Polygon","coordinates":[[[106.78902603027636,-6.137290021104572],[106.78992434556048,-6.137290021104572],[106.78992434556048,-6.1354933905363325],[106.78902603027636,-6.1354933905363325],[106.78902603027636,-6.137290021104572]]]},"id":"+118877-6831","properties":{"cls":9,"count":2}},{"type":"Feature","geometry":{"geodesic":false,"type":"Polygon","coordinates":[[[106.78902603027636,-6.140883282241049],[106.78992434556048,-6.140883282241049],[106.78992434556048,-6.13998496695693],[106.78902603027636,-6.13998496695693],[106.78902603027636,-6.140883282241049]]]},"id":"+118877-6836","properties":{"cls":9,"count":1}},{"type":"Feature","geometry":{"geodesic":false,"type":"Polygon","coordinates":[[[106.78902603027636,-6.142679912809288],[106.78992434556048,-6.142679912809288],[106.78992434556048,-6.140883282241049],[106.78902603027636,-6.140883282241049],[106.78902603027636,-6.142679912809288]]]},"id":"+118877-6837","properties":{"cls":7,"count":2}},{"type":"Feature","geometry":{"geodesic":false,"type":"Polygon","coordinates":[[[106.78902603027636,-6.144476543377527],[106.78992434556048,-6.144476543377527],[106.78992434556048,-6.143578228093408],[106.78902603027636,-6.143578228093408],[106.78902603027636,-6.144476543377527]]]},"id":"+118877-6840","properties":{"cls":7,"count":1}},{"type":"Feature","geometry":{"geodesic":false,"type":"Polygon","coordinates":[[[106.78992434556048,-6.117527084853942],[106.7908226608446,-6.117527084853942],[106.7908226608446,-6.1166287695698225],[106.78992434556048,-6.1166287695698225],[106.78992434556048,-6.117527084853942]]]},"id":"+118878-6810","properties":{"cls":9,"count":1}},{"type":"Feature","geometry":{"geodesic":false,"type":"Polygon","coordinates":[[[106.78992434556048,-6.132798444683973],[106.7908226608446,-6.132798444683973],[106.7908226608446,-6.131900129399854],[106.78992434556048,-6.131900129399854],[106.78992434556048,-6.132798444683973]]]},"id":"+118878-6827","properties":{"cls":2,"count":1}},{"type":"Feature","geometry":{"geodesic":false,"type":"Polygon","coordinates":[[[106.78992434556048,-6.1354933905363325],[106.7908226608446,-6.1354933905363325],[106.7908226608446,-6.1345950752522125],[106.78992434556048,-6.1345950752522125],[106.78992434556048,-6.1354933905363325]]]},"id":"+118878-6830","properties":{"cls":3,"count":1}},{"type":"Feature","geometry":{"geodesic":false,"type":"Polygon","coordinates":[[[106.78992434556048,-6.1354933905363325],[106.78992434556048,-6.13908665167281],[106.7908226608446,-6.13908665167281],[106.7908226608446,-6.137290021104572],[106.79172097612872,-6.137290021104572],[106.79172097612872,-6.136391705820452],[106.78992434556048,-6.1354933905363325]]]},"id":"+118878-6831","properties":{"cls":7,"count":5}},{"type":"Feature","geometry":{"geodesic":false,"type":"Polygon","coordinates":[[[106.78992434556048,-6.140883282241049],[106.7908226608446,-6.140883282241049],[106.7908226608446,-6.13998496695693],[106.78992434556048,-6.13998496695693],[106.78992434556048,-6.140883282241049]]]},"id":"+118878-6836","properties":{"cls":7,"count":1}},{"type":"Feature","geometry":{"geodesic":false,"type":"Polygon","coordinates":[[[106.78992434556048,-6.145374858661647],[106.7908226608446,-6.145374858661647],[106.7908226608446,-6.144476543377527],[106.78992434556048,-6.144476543377527],[106.78992434556048,-6.145374858661647]]]},"id":"+118878-6841","properties":{"cls":5,"count":1}},{"type":"Feature","geometry":{"geodesic":false,"type":"Polygon","coordinates":[[[106.78992434556048,-6.146273173945766],[106.7908226608446,-6.146273173945766],[106.7908226608446,-6.145374858661647],[106.78992434556048,-6.145374858661647],[106.78992434556048,-6.146273173945766]]]},"id":"+118878-6842","properties":{"cls":7,"count":1}},{"type":"Feature","geometry":{"geodesic":false,"type":"Polygon","coordinates":[[[106.78992434556048,-6.181307470026428],[106.7908226608446,-6.181307470026428],[106.7908226608446,-6.180409154742308],[106.78992434556048,-6.180409154742308],[106.78992434556048,-6.181307470026428]]]},"id":"+118878-6881","properties":{"cls":3,"count":1}},{"type":"Feature","geometry":{"geodesic":false,"type":"Polygon","coordinates":[[[106.7908226608446,-6.098662463887432],[106.79172097612872,-6.098662463887432],[106.79172097612872,-6.0977641486033125],[106.7908226608446,-6.0977641486033125],[106.7908226608446,-6.098662463887432]]]},"id":"+118879-6789","properties":{"cls":4,"count":1}},{"type":"Feature","geometry":{"geodesic":false,"type":"Polygon","coordinates":[[[106.7908226608446,-6.105848986160388],[106.79172097612872,-6.105848986160388],[106.79172097612872,-6.104950670876268],[106.7908226608446,-6.104950670876268],[106.7908226608446,-6.105848986160388]]]},"id":"+118879-6797","properties":{"cls":5,"count":1}},{"type":"Feature","geometry":{"geodesic":false,"type":"Polygon","coordinates":[[[106.7908226608446,-6.106747301444507],[106.79172097612872,-6.106747301444507],[106.79172097612872,-6.105848986160388],[106.7908226608446,-6.105848986160388],[106.7908226608446,-6.106747301444507]]]},"id":"+118879-6798","properties":{"cls":2,"count":1}},{"type":"Feature","geometry":{"geodesic":false,"type":"Polygon","coordinates":[[[106.7908226608446,-6.133696759968093],[106.79172097612872,-6.133696759968093],[106.79172097612872,-6.132798444683973],[106.7908226608446,-6.132798444683973],[106.7908226608446,-6.133696759968093]]]},"id":"+118879-6828","properties":{"cls":5,"count":1}},{"type":"Feature","geometry":{"geodesic":false,"type":"Polygon","coordinates":[[[106.7908226608446,-6.1354933905363325],[106.79172097612872,-6.1354933905363325],[106.79172097612872,-6.1345950752522125],[106.7908226608446,-6.1345950752522125],[106.7908226608446,-6.1354933905363325]]]},"id":"+118879-6830","properties":{"cls":7,"count":1}},{"type":"Feature","geometry":{"geodesic":false,"type":"Polygon","coordinates":[[[106.7908226608446,-6.136391705820452],[106.79172097612872,-6.136391705820452],[106.79172097612872,-6.1354933905363325],[106.7908226608446,-6.1354933905363325],[106.7908226608446,-6.136391705820452]]]},"id":"+118879-6831","properties":{"cls":9,"count":1}},{"type":"Feature","geometry":{"geodesic":false,"type":"Polygon","coordinates":[[[106.7908226608446,-6.137290021104572],[106.7908226608446,-6.13998496695693],[106.79172097612872,-6.13998496695693],[106.79172097612872,-6.13908665167281],[106.79351760669697,-6.13908665167281],[106.79351760669697,-6.138188336388691],[106.79172097612872,-6.138188336388691],[106.79172097612872,-6.137290021104572],[106.7908226608446,-6.137290021104572]]]},"id":"+118879-6833","properties":{"cls":9,"count":5}},{"type":"Feature","geometry":{"geodesic":false,"type":"Polygon","coordinates":[[[106.7908226608446,-6.147171489229886],[106.79172097612872,-6.147171489229886],[106.79172097612872,-6.146273173945766],[106.7908226608446,-6.146273173945766],[106.7908226608446,-6.147171489229886]]]},"id":"+118879-6843","properties":{"cls":9,"count":1}},{"type":"Feature","geometry":{"geodesic":false,"type":"Polygon","coordinates":[[[106.7908226608446,-6.179510839458189],[106.79172097612872,-6.179510839458189],[106.79172097612872,-6.178612524174069],[106.7908226608446,-6.178612524174069],[106.7908226608446,-6.179510839458189]]]},"id":"+118879-6879","properties":{"cls":2,"count":1}},{"type":"Feature","geometry":{"geodesic":false,"type":"Polygon","coordinates":[[[106.7908226608446,-6.181307470026428],[106.79172097612872,-6.181307470026428],[106.79172097612872,-6.180409154742308],[106.7908226608446,-6.180409154742308],[106.7908226608446,-6.181307470026428]]]},"id":"+118879-6881","properties":{"cls":5,"count":1}},{"type":"Feature","geometry":{"geodesic":false,"type":"Polygon","coordinates":[[[106.7908226608446,-6.378038517248603],[106.79172097612872,-6.378038517248603],[106.79172097612872,-6.377140201964483],[106.7908226608446,-6.377140201964483],[106.7908226608446,-6.378038517248603]]]},"id":"+118879-7100","properties":{"cls":2,"count":1}},{"type":"Feature","geometry":{"geodesic":false,"type":"Polygon","coordinates":[[[106.79172097612872,-6.1354933905363325],[106.79261929141283,-6.1354933905363325],[106.79261929141283,-6.1345950752522125],[106.79172097612872,-6.1345950752522125],[106.79172097612872,-6.1354933905363325]]]},"id":"+118880-6830","properties":{"cls":5,"count":1}},{"type":"Feature","geometry":{"geodesic":false,"type":"Polygon","coordinates":[[[106.79172097612872,-6.13998496695693],[106.79261929141283,-6.13998496695693],[106.79261929141283,-6.13908665167281],[106.79172097612872,-6.13908665167281],[106.79172097612872,-6.13998496695693]]]},"id":"+118880-6835","properties":{"cls":7,"count":1}},{"type":"Feature","geometry":{"geodesic":false,"type":"Polygon","coordinates":[[[106.79172097612872,-6.149866435082244],[106.79261929141283,-6.149866435082244],[106.79261929141283,-6.148968119798125],[106.79172097612872,-6.148968119798125],[106.79172097612872,-6.149866435082244]]]},"id":"+118880-6846","properties":{"cls":4,"count":1}},{"type":"Feature","geometry":{"geodesic":false,"type":"Polygon","coordinates":[[[106.79172097612872,-6.157052957355201],[106.79261929141283,-6.157052957355201],[106.79261929141283,-6.156154642071081],[106.79172097612872,-6.156154642071081],[106.79172097612872,-6.157052957355201]]]},"id":"+118880-6854","properties":{"cls":7,"count":1}},{"type":"Feature","geometry":{"geodesic":false,"type":"Polygon","coordinates":[[[106.79172097612872,-6.377140201964483],[106.79261929141283,-6.377140201964483],[106.79261929141283,-6.376241886680364],[106.79172097612872,-6.376241886680364],[106.79172097612872,-6.377140201964483]]]},"id":"+118880-7099","properties":{"cls":5,"count":1}},{"type":"Feature","geometry":{"geodesic":false,"type":"Polygon","coordinates":[[[106.79172097612872,-6.379835147816842],[106.79261929141283,-6.379835147816842],[106.79261929141283,-6.378936832532722],[106.79172097612872,-6.378936832532722],[106.79172097612872,-6.379835147816842]]]},"id":"+118880-7102","properties":{"cls":2,"count":1}},{"type":"Feature","geometry":{"geodesic":false,"type":"Polygon","coordinates":[[[106.79172097612872,-6.094170887466834],[106.79351760669697,-6.094170887466834],[106.79351760669697,-6.093272572182714],[106.79172097612872,-6.093272572182714],[106.79172097612872,-6.094170887466834]]]},"id":"+118881-6784","properties":{"cls":7,"count":2}},{"type":"Feature","geometry":{"geodesic":false,"type":"Polygon","coordinates":[[[106.79261929141283,-6.098662463887432],[106.79351760669697,-6.098662463887432],[106.79351760669697,-6.0977641486033125],[106.79261929141283,-6.0977641486033125],[106.79261929141283,-6.098662463887432]]]},"id":"+118881-6789","properties":{"cls":5,"count":1}},{"type":"Feature","geometry":{"geodesic":false,"type":"Polygon","coordinates":[[[106.79261929141283,-6.099560779171552],[106.79351760669697,-6.099560779171552],[106.79351760669697,-6.098662463887432],[106.79261929141283,-6.098662463887432],[106.79261929141283,-6.099560779171552]]]},"id":"+118881-6790","properties":{"cls":7,"count":1}},{"type":"Feature","geometry":{"geodesic":false,"type":"Polygon","coordinates":[[[106.79261929141283,-6.131900129399854],[106.79351760669697,-6.131900129399854],[106.79351760669697,-6.131001814115734],[106.79261929141283,-6.131001814115734],[106.79261929141283,-6.131900129399854]]]},"id":"+118881-6826","properties":{"cls":2,"count":1}},{"type":"Feature","geometry":{"geodesic":false,"type":"Polygon","coordinates":[[[106.79261929141283,-6.1345950752522125],[106.79351760669697,-6.1345950752522125],[106.79351760669697,-6.133696759968093],[106.79261929141283,-6.133696759968093],[106.79261929141283,-6.1345950752522125]]]},"id":"+118881-6829","properties":{"cls":3,"count":1}},{"type":"Feature","geometry":{"geodesic":false,"type":"Polygon","coordinates":[[[106.79261929141283,-6.137290021104572],[106.79351760669697,-6.137290021104572],[106.79351760669697,-6.136391705820452],[106.79261929141283,-6.136391705820452],[106.79261929141283,-6.137290021104572]]]},"id":"+118881-6832","properties":{"cls":9,"count":1}},{"type":"Feature","geometry":{"geodesic":false,"type":"Polygon","coordinates":[[[106.79261929141283,-6.138188336388691],[106.79351760669697,-6.138188336388691],[106.79351760669697,-6.137290021104572],[106.79261929141283,-6.137290021104572],[106.79261929141283,-6.138188336388691]]]},"id":"+118881-6833","properties":{"cls":7,"count":1}},{"type":"Feature","geometry":{"geodesic":false,"type":"Polygon","coordinates":[[[106.79261929141283,-6.152561380934603],[106.79351760669697,-6.152561380934603],[106.79351760669697,-6.149866435082244],[106.79261929141283,-6.149866435082244],[106.79261929141283,-6.152561380934603]]]},"id":"+118881-6847","properties":{"cls":7,"count":3}},{"type":"Feature","geometry":{"geodesic":false,"type":"Polygon","coordinates":[[[106.79261929141283,-6.160646218491679],[106.79351760669697,-6.160646218491679],[106.79351760669697,-6.159747903207559],[106.79261929141283,-6.159747903207559],[106.79261929141283,-6.160646218491679]]]},"id":"+118881-6858","properties":{"cls":9,"count":1}},{"type":"Feature","geometry":{"geodesic":false,"type":"Polygon","coordinates":[[[106.79261929141283,-6.162442849059918],[106.79351760669697,-6.162442849059918],[106.79351760669697,-6.160646218491679],[106.79261929141283,-6.160646218491679],[106.79261929141283,-6.162442849059918]]]},"id":"+118881-6859","properties":{"cls":7,"count":2}},{"type":"Feature","geometry":{"geodesic":false,"type":"Polygon","coordinates":[[[106.79261929141283,-6.163341164344037],[106.79351760669697,-6.163341164344037],[106.79351760669697,-6.162442849059918],[106.79261929141283,-6.162442849059918],[106.79261929141283,-6.163341164344037]]]},"id":"+118881-6861","properties":{"cls":2,"count":1}},{"type":"Feature","geometry":{"geodesic":false,"type":"Polygon","coordinates":[[[106.79261929141283,-6.166934425480515],[106.79351760669697,-6.166934425480515],[106.79351760669697,-6.166036110196396],[106.79261929141283,-6.166036110196396],[106.79261929141283,-6.166934425480515]]]},"id":"+118881-6865","properties":{"cls":3,"count":1}},{"type":"Feature","geometry":{"geodesic":false,"type":"Polygon","coordinates":[[[106.79261929141283,-6.167832740764635],[106.79351760669697,-6.167832740764635],[106.79351760669697,-6.166934425480515],[106.79261929141283,-6.166934425480515],[106.79261929141283,-6.167832740764635]]]},"id":"+118881-6866","properties":{"cls":4,"count":1}},{"type":"Feature","geometry":{"geodesic":false,"type":"Polygon","coordinates":[[[106.79261929141283,-6.1345950752522125],[106.79172097612872,-6.136391705820452],[106.79351760669697,-6.136391705820452],[106.79351760669697,-6.1354933905363325],[106.79441592198108,-6.1354933905363325],[106.79441592198108,-6.1345950752522125],[106.79261929141283,-6.1345950752522125]]]},"id":"+118882-6830","properties":{"cls":7,"count":4}},{"type":"Feature","geometry":{"geodesic":false,"type":"Polygon","coordinates":[[[106.79351760669697,-6.152561380934603],[106.79441592198108,-6.152561380934603],[106.79441592198108,-6.151663065650483],[106.79351760669697,-6.151663065650483],[106.79351760669697,-6.152561380934603]]]},"id":"+118882-6849","properties":{"cls":2,"count":1}},{"type":"Feature","geometry":{"geodesic":false,"type":"Polygon","coordinates":[[[106.79351760669697,-6.159747903207559],[106.79441592198108,-6.159747903207559],[106.79441592198108,-6.15884958792344],[106.79351760669697,-6.15884958792344],[106.79351760669697,-6.159747903207559]]]},"id":"+118882-6857","properties":{"cls":7,"count":1}},{"type":"Feature","geometry":{"geodesic":false,"type":"Polygon","coordinates":[[[106.79351760669697,-6.159747903207559],[106.79351760669697,-6.163341164344037],[106.7953142372652,-6.163341164344037],[106.7953142372652,-6.162442849059918],[106.79441592198108,-6.162442849059918],[106.79441592198108,-6.159747903207559],[106.79351760669697,-6.159747903207559]]]},"id":"+118882-6858","properties":{"cls":5,"count":5}},{"type":"Feature","geometry":{"geodesic":false,"type":"Polygon","coordinates":[[[106.79351760669697,-6.166036110196396],[106.79441592198108,-6.166036110196396],[106.79441592198108,-6.165137794912276],[106.79351760669697,-6.165137794912276],[106.79351760669697,-6.166036110196396]]]},"id":"+118882-6864","properties":{"cls":4,"count":1}},{"type":"Feature","geometry":{"geodesic":false,"type":"Polygon","coordinates":[[[106.79351760669697,-6.188493992299384],[106.79441592198108,-6.188493992299384],[106.79441592198108,-6.187595677015264],[106.79351760669697,-6.187595677015264],[106.79351760669697,-6.188493992299384]]]},"id":"+118882-6889","properties":{"cls":4,"count":1}},{"type":"Feature","geometry":{"geodesic":false,"type":"Polygon","coordinates":[[[106.79351760669697,-6.131001814115734],[106.7953142372652,-6.131001814115734],[106.7953142372652,-6.130103498831615],[106.79351760669697,-6.130103498831615],[106.79351760669697,-6.131001814115734]]]},"id":"+118883-6825","properties":{"cls":4,"count":2}},{"type":"Feature","geometry":{"geodesic":false,"type":"Polygon","coordinates":[[[106.79351760669697,-6.131900129399854],[106.7953142372652,-6.131900129399854],[106.7953142372652,-6.131001814115734],[106.79351760669697,-6.131001814115734],[106.79351760669697,-6.131900129399854]]]},"id":"+118883-6826","properties":{"cls":7,"count":2}},{"type":"Feature","geometry":{"geodesic":false,"type":"Polygon","coordinates":[[[106.79441592198108,-6.1345950752522125],[106.79351760669697,-6.136391705820452],[106.7953142372652,-6.136391705820452],[106.7953142372652,-6.137290021104572],[106.79621255254932,-6.137290021104572],[106.79621255254932,-6.1354933905363325],[106.79441592198108,-6.1345950752522125]]]},"id":"+118883-6830","properties":{"cls":5,"count":5}},{"type":"Feature","geometry":{"geodesic":false,"type":"Polygon","coordinates":[[[106.79441592198108,-6.1534596962187225],[106.7953142372652,-6.1534596962187225],[106.7953142372652,-6.152561380934603],[106.79441592198108,-6.152561380934603],[106.79441592198108,-6.1534596962187225]]]},"id":"+118883-6850","properties":{"cls":9,"count":1}},{"type":"Feature","geometry":{"geodesic":false,"type":"Polygon","coordinates":[[[106.79441592198108,-6.159747903207559],[106.7953142372652,-6.159747903207559],[106.7953142372652,-6.15884958792344],[106.79441592198108,-6.15884958792344],[106.79441592198108,-6.159747903207559]]]},"id":"+118883-6857","properties":{"cls":9,"count":1}},{"type":"Feature","geometry":{"geodesic":false,"type":"Polygon","coordinates":[[[106.79441592198108,-6.159747903207559],[106.79441592198108,-6.162442849059918],[106.79621255254932,-6.162442849059918],[106.79621255254932,-6.161544533775798],[106.7953142372652,-6.161544533775798],[106.7953142372652,-6.159747903207559],[106.79441592198108,-6.159747903207559]]]},"id":"+118883-6858","properties":{"cls":7,"count":4}},{"type":"Feature","geometry":{"geodesic":false,"type":"Polygon","coordinates":[[[106.79441592198108,-6.166036110196396],[106.7953142372652,-6.166036110196396],[106.7953142372652,-6.164239479628157],[106.79441592198108,-6.164239479628157],[106.79441592198108,-6.166036110196396]]]},"id":"+118883-6863","properties":{"cls":5,"count":2}},{"type":"Feature","geometry":{"geodesic":false,"type":"Polygon","coordinates":[[[106.79441592198108,-6.166934425480515],[106.7953142372652,-6.166934425480515],[106.7953142372652,-6.166036110196396],[106.79441592198108,-6.166036110196396],[106.79441592198108,-6.166934425480515]]]},"id":"+118883-6865","properties":{"cls":4,"count":1}},{"type":"Feature","geometry":{"geodesic":false,"type":"Polygon","coordinates":[[[106.79441592198108,-6.188493992299384],[106.7953142372652,-6.188493992299384],[106.7953142372652,-6.187595677015264],[106.79441592198108,-6.187595677015264],[106.79441592198108,-6.188493992299384]]]},"id":"+118883-6889","properties":{"cls":7,"count":1}},{"type":"Feature","geometry":{"geodesic":false,"type":"Polygon","coordinates":[[[106.79441592198108,-6.128306868263376],[106.79621255254932,-6.128306868263376],[106.79621255254932,-6.127408552979256],[106.79441592198108,-6.127408552979256],[106.79441592198108,-6.128306868263376]]]},"id":"+118884-6822","properties":{"cls":2,"count":2}},{"type":"Feature","geometry":{"geodesic":false,"type":"Polygon","coordinates":[[[106.7953142372652,-6.15884958792344],[106.79621255254932,-6.15884958792344],[106.79621255254932,-6.15795127263932],[106.7953142372652,-6.15795127263932],[106.7953142372652,-6.15884958792344]]]},"id":"+118884-6856","properties":{"cls":7,"count":1}},{"type":"Feature","geometry":{"geodesic":false,"type":"Polygon","coordinates":[[[106.7953142372652,-6.160646218491679],[106.79621255254932,-6.160646218491679],[106.79621255254932,-6.159747903207559],[106.7953142372652,-6.159747903207559],[106.7953142372652,-6.160646218491679]]]},"id":"+118884-6858","properties":{"cls":5,"count":1}},{"type":"Feature","geometry":{"geodesic":false,"type":"Polygon","coordinates":[[[106.7953142372652,-6.163341164344037],[106.79621255254932,-6.163341164344037],[106.79621255254932,-6.162442849059918],[106.7953142372652,-6.162442849059918],[106.7953142372652,-6.163341164344037]]]},"id":"+118884-6861","properties":{"cls":3,"count":1}},{"type":"Feature","geometry":{"geodesic":false,"type":"Polygon","coordinates":[[[106.7953142372652,-6.164239479628157],[106.79621255254932,-6.164239479628157],[106.79621255254932,-6.163341164344037],[106.7953142372652,-6.163341164344037],[106.7953142372652,-6.164239479628157]]]},"id":"+118884-6862","properties":{"cls":2,"count":1}},{"type":"Feature","geometry":{"geodesic":false,"type":"Polygon","coordinates":[[[106.7953142372652,-6.180409154742308],[106.79621255254932,-6.180409154742308],[106.79621255254932,-6.179510839458189],[106.7953142372652,-6.179510839458189],[106.7953142372652,-6.180409154742308]]]},"id":"+118884-6880","properties":{"cls":7,"count":1}},{"type":"Feature","geometry":{"geodesic":false,"type":"Polygon","coordinates":[[[106.7953142372652,-6.190290622867623],[106.79621255254932,-6.190290622867623],[106.79621255254932,-6.189392307583503],[106.7953142372652,-6.189392307583503],[106.7953142372652,-6.190290622867623]]]},"id":"+118884-6891","properties":{"cls":3,"count":1}},{"type":"Feature","geometry":{"geodesic":false,"type":"Polygon","coordinates":[[[106.7953142372652,-6.191188938151742],[106.79621255254932,-6.191188938151742],[106.79621255254932,-6.190290622867623],[106.7953142372652,-6.190290622867623],[106.7953142372652,-6.191188938151742]]]},"id":"+118884-6892","properties":{"cls":4,"count":1}},{"type":"Feature","geometry":{"geodesic":false,"type":"Polygon","coordinates":[[[106.79621255254932,-6.130103498831615],[106.79711086783344,-6.130103498831615],[106.79711086783344,-6.129205183547495],[106.79621255254932,-6.129205183547495],[106.79621255254932,-6.130103498831615]]]},"id":"+118885-6824","properties":{"cls":5,"count":1}},{"type":"Feature","geometry":{"geodesic":false,"type":"Polygon","coordinates":[[[106.79621255254932,-6.131900129399854],[106.79711086783344,-6.131900129399854],[106.79711086783344,-6.131001814115734],[106.79621255254932,-6.131001814115734],[106.79621255254932,-6.131900129399854]]]},"id":"+118885-6826","properties":{"cls":7,"count":1}},{"type":"Feature","geometry":{"geodesic":false,"type":"Polygon","coordinates":[[[106.79621255254932,-6.159747903207559],[106.79711086783344,-6.159747903207559],[106.79711086783344,-6.15884958792344],[106.79621255254932,-6.15884958792344],[106.79621255254932,-6.159747903207559]]]},"id":"+118885-6857","properties":{"cls":9,"count":1}},{"type":"Feature","geometry":{"geodesic":false,"type":"Polygon","coordinates":[[[106.79621255254932,-6.161544533775798],[106.79711086783344,-6.161544533775798],[106.79711086783344,-6.160646218491679],[106.79621255254932,-6.160646218491679],[106.79621255254932,-6.161544533775798]]]},"id":"+118885-6859","properties":{"cls":7,"count":1}},{"type":"Feature","geometry":{"geodesic":false,"type":"Polygon","coordinates":[[[106.79621255254932,-6.163341164344037],[106.79711086783344,-6.163341164344037],[106.79711086783344,-6.162442849059918],[106.79621255254932,-6.162442849059918],[106.79621255254932,-6.163341164344037]]]},"id":"+118885-6861","properties":{"cls":4,"count":1}},{"type":"Feature","geometry":{"geodesic":false,"type":"Polygon","coordinates":[[[106.79621255254932,-6.164239479628157],[106.79711086783344,-6.164239479628157],[106.79711086783344,-6.163341164344037],[106.79621255254932,-6.163341164344037],[106.79621255254932,-6.164239479628157]]]},"id":"+118885-6862","properties":{"cls":5,"count":1}},{"type":"Feature","geometry":{"geodesic":false,"type":"Polygon","coordinates":[[[106.79621255254932,-6.183104100594667],[106.79711086783344,-6.183104100594667],[106.79711086783344,-6.182205785310547],[106.79621255254932,-6.182205785310547],[106.79621255254932,-6.183104100594667]]]},"id":"+118885-6883","properties":{"cls":9,"count":1}},{"type":"Feature","geometry":{"geodesic":false,"type":"Polygon","coordinates":[[[106.79621255254932,-6.185799046447025],[106.7953142372652,-6.187595677015264],[106.79711086783344,-6.187595677015264],[106.79711086783344,-6.185799046447025],[106.79621255254932,-6.185799046447025]]]},"id":"+118885-6887","properties":{"cls":5,"count":3}},{"type":"Feature","geometry":{"geodesic":false,"type":"Polygon","coordinates":[[[106.79621255254932,-6.190290622867623],[106.79711086783344,-6.190290622867623],[106.79711086783344,-6.189392307583503],[106.79621255254932,-6.189392307583503],[106.79621255254932,-6.190290622867623]]]},"id":"+118885-6891","properties":{"cls":7,"count":1}},{"type":"Feature","geometry":{"geodesic":false,"type":"Polygon","coordinates":[[[106.79711086783344,-6.130103498831615],[106.79800918311756,-6.130103498831615],[106.79800918311756,-6.129205183547495],[106.79711086783344,-6.129205183547495],[106.79711086783344,-6.130103498831615]]]},"id":"+118886-6824","properties":{"cls":4,"count":1}},{"type":"Feature","geometry":{"geodesic":false,"type":"Polygon","coordinates":[[[106.79711086783344,-6.131900129399854],[106.79800918311756,-6.131900129399854],[106.79800918311756,-6.131001814115734],[106.79711086783344,-6.131001814115734],[106.79711086783344,-6.131900129399854]]]},"id":"+118886-6826","properties":{"cls":5,"count":1}},{"type":"Feature","geometry":{"geodesic":false,"type":"Polygon","coordinates":[[[106.79621255254932,-6.132798444683973],[106.79800918311756,-6.132798444683973],[106.79800918311756,-6.131900129399854],[106.79621255254932,-6.131900129399854],[106.79621255254932,-6.132798444683973]]]},"id":"+118886-6827","properties":{"cls":9,"count":2}},{"type":"Feature","geometry":{"geodesic":false,"type":"Polygon","coordinates":[[[106.79621255254932,-6.133696759968093],[106.79800918311756,-6.133696759968093],[106.79800918311756,-6.132798444683973],[106.79621255254932,-6.132798444683973],[106.79621255254932,-6.133696759968093]]]},"id":"+118886-6828","properties":{"cls":7,"count":2}},{"type":"Feature","geometry":{"geodesic":false,"type":"Polygon","coordinates":[[[106.79711086783344,-6.137290021104572],[106.79800918311756,-6.137290021104572],[106.79800918311756,-6.136391705820452],[106.79711086783344,-6.136391705820452],[106.79711086783344,-6.137290021104572]]]},"id":"+118886-6832","properties":{"cls":2,"count":1}},{"type":"Feature","geometry":{"geodesic":false,"type":"Polygon","coordinates":[[[106.79711086783344,-6.150764750366364],[106.79800918311756,-6.150764750366364],[106.79800918311756,-6.149866435082244],[106.79711086783344,-6.149866435082244],[106.79711086783344,-6.150764750366364]]]},"id":"+118886-6847","properties":{"cls":2,"count":1}},{"type":"Feature","geometry":{"geodesic":false,"type":"Polygon","coordinates":[[[106.79711086783344,-6.157052957355201],[106.79800918311756,-6.157052957355201],[106.79800918311756,-6.156154642071081],[106.79711086783344,-6.156154642071081],[106.79711086783344,-6.157052957355201]]]},"id":"+118886-6854","properties":{"cls":5,"count":1}},{"type":"Feature","geometry":{"geodesic":false,"type":"Polygon","coordinates":[[[106.79711086783344,-6.163341164344037],[106.79800918311756,-6.163341164344037],[106.79800918311756,-6.162442849059918],[106.79711086783344,-6.162442849059918],[106.79711086783344,-6.163341164344037]]]},"id":"+118886-6861","properties":{"cls":7,"count":1}},{"type":"Feature","geometry":{"geodesic":false,"type":"Polygon","coordinates":[[[106.79711086783344,-6.164239479628157],[106.79800918311756,-6.164239479628157],[106.79800918311756,-6.163341164344037],[106.79711086783344,-6.163341164344037],[106.79711086783344,-6.164239479628157]]]},"id":"+118886-6862","properties":{"cls":4,"count":1}},{"type":"Feature","geometry":{"geodesic":false,"type":"Polygon","coordinates":[[[106.79711086783344,-6.185799046447025],[106.79800918311756,-6.185799046447025],[106.79800918311756,-6.184900731162906],[106.79711086783344,-6.184900731162906],[106.79711086783344,-6.185799046447025]]]},"id":"+118886-6886","properties":{"cls":5,"count":1}},{"type":"Feature","geometry":{"geodesic":false,"type":"Polygon","coordinates":[[[106.79711086783344,-6.187595677015264],[106.79800918311756,-6.187595677015264],[106.79800918311756,-6.185799046447025],[106.79711086783344,-6.185799046447025],[106.79711086783344,-6.187595677015264]]]},"id":"+118886-6887","properties":{"cls":3,"count":2}},{"type":"Feature","geometry":{"geodesic":false,"type":"Polygon","coordinates":[[[106.79711086783344,-6.188493992299384],[106.79711086783344,-6.190290622867623],[106.79890749840168,-6.190290622867623],[106.79800918311756,-6.188493992299384],[106.79711086783344,-6.188493992299384]]]},"id":"+118886-6890","properties":{"cls":9,"count":3}},{"type":"Feature","geometry":{"geodesic":false,"type":"Polygon","coordinates":[[[106.79621255254932,-6.191188938151742],[106.79800918311756,-6.191188938151742],[106.79800918311756,-6.190290622867623],[106.79621255254932,-6.190290622867623],[106.79621255254932,-6.191188938151742]]]},"id":"+118886-6892","properties":{"cls":5,"count":2}},{"type":"Feature","geometry":{"geodesic":false,"type":"Polygon","coordinates":[[[106.79711086783344,-6.218138396675328],[106.79800918311756,-6.218138396675328],[106.79800918311756,-6.217240081391209],[106.79711086783344,-6.217240081391209],[106.79711086783344,-6.218138396675328]]]},"id":"+118886-6922","properties":{"cls":3,"count":1}},{"type":"Feature","geometry":{"geodesic":false,"type":"Polygon","coordinates":[[[106.79800918311756,-6.122018661274539],[106.79890749840168,-6.122018661274539],[106.79890749840168,-6.12112034599042],[106.79800918311756,-6.12112034599042],[106.79800918311756,-6.122018661274539]]]},"id":"+118887-6815","properties":{"cls":5,"count":1}},{"type":"Feature","geometry":{"geodesic":false,"type":"Polygon","coordinates":[[[106.79800918311756,-6.122916976558659],[106.79890749840168,-6.122916976558659],[106.79890749840168,-6.122018661274539],[106.79800918311756,-6.122018661274539],[106.79800918311756,-6.122916976558659]]]},"id":"+118887-6816","properties":{"cls":4,"count":1}},{"type":"Feature","geometry":{"geodesic":false,"type":"Polygon","coordinates":[[[106.79800918311756,-6.129205183547495],[106.79890749840168,-6.129205183547495],[106.79890749840168,-6.128306868263376],[106.79800918311756,-6.128306868263376],[106.79800918311756,-6.129205183547495]]]},"id":"+118887-6823","properties":{"cls":2,"count":1}},{"type":"Feature","geometry":{"geodesic":false,"type":"Polygon","coordinates":[[[106.79800918311756,-6.129205183547495],[106.79711086783344,-6.131001814115734],[106.79800918311756,-6.131001814115734],[106.79800918311756,-6.132798444683973],[106.79890749840168,-6.132798444683973],[106.79890749840168,-6.129205183547495],[106.79800918311756,-6.129205183547495]]]},"id":"+118887-6824","properties":{"cls":7,"count":5}},{"type":"Feature","geometry":{"geodesic":false,"type":"Polygon","coordinates":[[[106.79800918311756,-6.133696759968093],[106.79890749840168,-6.133696759968093],[106.79890749840168,-6.132798444683973],[106.79800918311756,-6.132798444683973],[106.79800918311756,-6.133696759968093]]]},"id":"+118887-6828","properties":{"cls":9,"count":1}},{"type":"Feature","geometry":{"geodesic":false,"type":"Polygon","coordinates":[[[106.79800918311756,-6.149866435082244],[106.79890749840168,-6.149866435082244],[106.79890749840168,-6.148968119798125],[106.79800918311756,-6.148968119798125],[106.79800918311756,-6.149866435082244]]]},"id":"+118887-6846","properties":{"cls":5,"count":1}},{"type":"Feature","geometry":{"geodesic":false,"type":"Polygon","coordinates":[[[106.79711086783344,-6.152561380934603],[106.79890749840168,-6.152561380934603],[106.79890749840168,-6.151663065650483],[106.79711086783344,-6.151663065650483],[106.79711086783344,-6.152561380934603]]]},"id":"+118887-6849","properties":{"cls":5,"count":2}},{"type":"Feature","geometry":{"geodesic":false,"type":"Polygon","coordinates":[[[106.79800918311756,-6.156154642071081],[106.79890749840168,-6.156154642071081],[106.79890749840168,-6.1552563267869616],[106.79800918311756,-6.1552563267869616],[106.79800918311756,-6.156154642071081]]]},"id":"+118887-6853","properties":{"cls":5,"count":1}},{"type":"Feature","geometry":{"geodesic":false,"type":"Polygon","coordinates":[[[106.79800918311756,-6.15795127263932],[106.79890749840168,-6.15795127263932],[106.79890749840168,-6.157052957355201],[106.79800918311756,-6.157052957355201],[106.79800918311756,-6.15795127263932]]]},"id":"+118887-6855","properties":{"cls":5,"count":1}},{"type":"Feature","geometry":{"geodesic":false,"type":"Polygon","coordinates":[[[106.79800918311756,-6.159747903207559],[106.79890749840168,-6.159747903207559],[106.79890749840168,-6.15884958792344],[106.79800918311756,-6.15884958792344],[106.79800918311756,-6.159747903207559]]]},"id":"+118887-6857","properties":{"cls":5,"count":1}},{"type":"Feature","geometry":{"geodesic":false,"type":"Polygon","coordinates":[[[106.79800918311756,-6.160646218491679],[106.79890749840168,-6.160646218491679],[106.79890749840168,-6.159747903207559],[106.79800918311756,-6.159747903207559],[106.79800918311756,-6.160646218491679]]]},"id":"+118887-6858","properties":{"cls":7,"count":1}},{"type":"Feature","geometry":{"geodesic":false,"type":"Polygon","coordinates":[[[106.79800918311756,-6.162442849059918],[106.79890749840168,-6.162442849059918],[106.79890749840168,-6.161544533775798],[106.79800918311756,-6.161544533775798],[106.79800918311756,-6.162442849059918]]]},"id":"+118887-6860","properties":{"cls":7,"count":1}},{"type":"Feature","geometry":{"geodesic":false,"type":"Polygon","coordinates":[[[106.79800918311756,-6.163341164344037],[106.79890749840168,-6.163341164344037],[106.79890749840168,-6.162442849059918],[106.79800918311756,-6.162442849059918],[106.79800918311756,-6.163341164344037]]]},"id":"+118887-6861","properties":{"cls":9,"count":1}},{"type":"Feature","geometry":{"geodesic":false,"type":"Polygon","coordinates":[[[106.79800918311756,-6.164239479628157],[106.79890749840168,-6.164239479628157],[106.79890749840168,-6.163341164344037],[106.79800918311756,-6.163341164344037],[106.79800918311756,-6.164239479628157]]]},"id":"+118887-6862","properties":{"cls":5,"count":1}},{"type":"Feature","geometry":{"geodesic":false,"type":"Polygon","coordinates":[[[106.79711086783344,-6.184900731162906],[106.79890749840168,-6.184900731162906],[106.79890749840168,-6.184002415878786],[106.79711086783344,-6.184002415878786],[106.79711086783344,-6.184900731162906]]]},"id":"+118887-6885","properties":{"cls":7,"count":2}},{"type":"Feature","geometry":{"geodesic":false,"type":"Polygon","coordinates":[[[106.79800918311756,-6.185799046447025],[106.79890749840168,-6.185799046447025],[106.79890749840168,-6.184900731162906],[106.79800918311756,-6.184900731162906],[106.79800918311756,-6.185799046447025]]]},"id":"+118887-6886","properties":{"cls":4,"count":1}},{"type":"Feature","geometry":{"geodesic":false,"type":"Polygon","coordinates":[[[106.79800918311756,-6.351089058725017],[106.79890749840168,-6.351089058725017],[106.79890749840168,-6.350190743440898],[106.79800918311756,-6.350190743440898],[106.79800918311756,-6.351089058725017]]]},"id":"+118887-7070","properties":{"cls":2,"count":1}},{"type":"Feature","geometry":{"geodesic":false,"type":"Polygon","coordinates":[[[106.79890749840168,-6.0977641486033125],[106.7998058136858,-6.0977641486033125],[106.7998058136858,-6.0968658333191925],[106.79890749840168,-6.0968658333191925],[106.79890749840168,-6.0977641486033125]]]},"id":"+118888-6788","properties":{"cls":7,"count":1}},{"type":"Feature","geometry":{"geodesic":false,"type":"Polygon","coordinates":[[[106.79800918311756,-6.125611922411017],[106.7998058136858,-6.125611922411017],[106.7998058136858,-6.124713607126898],[106.79800918311756,-6.124713607126898],[106.79800918311756,-6.125611922411017]]]},"id":"+118888-6819","properties":{"cls":5,"count":2}},{"type":"Feature","geometry":{"geodesic":false,"type":"Polygon","coordinates":[[[106.79890749840168,-6.1543580115028425],[106.7998058136858,-6.1543580115028425],[106.7998058136858,-6.1534596962187225],[106.79890749840168,-6.1534596962187225],[106.79890749840168,-6.1543580115028425]]]},"id":"+118888-6851","properties":{"cls":5,"count":1}},{"type":"Feature","geometry":{"geodesic":false,"type":"Polygon","coordinates":[[[106.79890749840168,-6.1552563267869616],[106.7998058136858,-6.1552563267869616],[106.7998058136858,-6.1543580115028425],[106.79890749840168,-6.1543580115028425],[106.79890749840168,-6.1552563267869616]]]},"id":"+118888-6852","properties":{"cls":9,"count":1}},{"type":"Feature","geometry":{"geodesic":false,"type":"Polygon","coordinates":[[[106.79890749840168,-6.156154642071081],[106.7998058136858,-6.156154642071081],[106.7998058136858,-6.1552563267869616],[106.79890749840168,-6.1552563267869616],[106.79890749840168,-6.156154642071081]]]},"id":"+118888-6853","properties":{"cls":3,"count":1}},{"type":"Feature","geometry":{"geodesic":false,"type":"Polygon","coordinates":[[[106.79800918311756,-6.156154642071081],[106.79890749840168,-6.15795127263932],[106.79711086783344,-6.15795127263932],[106.79711086783344,-6.15884958792344],[106.7998058136858,-6.15884958792344],[106.7998058136858,-6.159747903207559],[106.80070412896991,-6.159747903207559],[106.80070412896991,-6.157052957355201],[106.7998058136858,-6.157052957355201],[106.7998058136858,-6.156154642071081],[106.79800918311756,-6.156154642071081]]]},"id":"+118888-6854","properties":{"cls":7,"count":9}},{"type":"Feature","geometry":{"geodesic":false,"type":"Polygon","coordinates":[[[106.79890749840168,-6.164239479628157],[106.7998058136858,-6.164239479628157],[106.7998058136858,-6.163341164344037],[106.79890749840168,-6.163341164344037],[106.79890749840168,-6.164239479628157]]]},"id":"+118888-6862","properties":{"cls":2,"count":1}},{"type":"Feature","geometry":{"geodesic":false,"type":"Polygon","coordinates":[[[106.79890749840168,-6.186697361731145],[106.7998058136858,-6.186697361731145],[106.7998058136858,-6.185799046447025],[106.79890749840168,-6.185799046447025],[106.79890749840168,-6.186697361731145]]]},"id":"+118888-6887","properties":{"cls":4,"count":1}},{"type":"Feature","geometry":{"geodesic":false,"type":"Polygon","coordinates":[[[106.7998058136858,-6.0977641486033125],[106.80070412896991,-6.0977641486033125],[106.80070412896991,-6.0968658333191925],[106.7998058136858,-6.0968658333191925],[106.7998058136858,-6.0977641486033125]]]},"id":"+118889-6788","properties":{"cls":2,"count":1}},{"type":"Feature","geometry":{"geodesic":false,"type":"Polygon","coordinates":[[[106.7998058136858,-6.098662463887432],[106.80070412896991,-6.098662463887432],[106.80070412896991,-6.0977641486033125],[106.7998058136858,-6.0977641486033125],[106.7998058136858,-6.098662463887432]]]},"id":"+118889-6789","properties":{"cls":5,"count":1}},{"type":"Feature","geometry":{"geodesic":false,"type":"Polygon","coordinates":[[[106.7998058136858,-6.123815291842778],[106.80070412896991,-6.123815291842778],[106.80070412896991,-6.122916976558659],[106.7998058136858,-6.122916976558659],[106.7998058136858,-6.123815291842778]]]},"id":"+118889-6817","properties":{"cls":2,"count":1}},{"type":"Feature","geometry":{"geodesic":false,"type":"Polygon","coordinates":[[[106.79890749840168,-6.128306868263376],[106.79890749840168,-6.129205183547495],[106.80070412896991,-6.130103498831615],[106.80070412896991,-6.132798444683973],[106.80160244425403,-6.132798444683973],[106.80160244425403,-6.129205183547495],[106.80070412896991,-6.129205183547495],[106.80070412896991,-6.128306868263376],[106.79890749840168,-6.128306868263376]]]},"id":"+118889-6823","properties":{"cls":7,"count":7}},{"type":"Feature","geometry":{"geodesic":false,"type":"Polygon","coordinates":[[[106.7998058136858,-6.131900129399854],[106.80070412896991,-6.131900129399854],[106.80070412896991,-6.131001814115734],[106.7998058136858,-6.131001814115734],[106.7998058136858,-6.131900129399854]]]},"id":"+118889-6826","properties":{"cls":9,"count":1}},{"type":"Feature","geometry":{"geodesic":false,"type":"Polygon","coordinates":[[[106.7998058136858,-6.148069804514005],[106.80070412896991,-6.148069804514005],[106.80070412896991,-6.147171489229886],[106.7998058136858,-6.147171489229886],[106.7998058136858,-6.148069804514005]]]},"id":"+118889-6844","properties":{"cls":7,"count":1}},{"type":"Feature","geometry":{"geodesic":false,"type":"Polygon","coordinates":[[[106.79890749840168,-6.148968119798125],[106.80070412896991,-6.148968119798125],[106.80070412896991,-6.148069804514005],[106.79890749840168,-6.148069804514005],[106.79890749840168,-6.148968119798125]]]},"id":"+118889-6845","properties":{"cls":5,"count":2}},{"type":"Feature","geometry":{"geodesic":false,"type":"Polygon","coordinates":[[[106.79890749840168,-6.148968119798125],[106.79711086783344,-6.151663065650483],[106.80160244425403,-6.150764750366364],[106.80070412896991,-6.148968119798125],[106.79890749840168,-6.148968119798125]]]},"id":"+118889-6846","properties":{"cls":7,"count":8}},{"type":"Feature","geometry":{"geodesic":false,"type":"Polygon","coordinates":[[[106.7998058136858,-6.156154642071081],[106.80070412896991,-6.156154642071081],[106.80070412896991,-6.152561380934603],[106.7998058136858,-6.152561380934603],[106.7998058136858,-6.156154642071081]]]},"id":"+118889-6850","properties":{"cls":7,"count":4}},{"type":"Feature","geometry":{"geodesic":false,"type":"Polygon","coordinates":[[[106.7998058136858,-6.157052957355201],[106.80070412896991,-6.157052957355201],[106.80070412896991,-6.156154642071081],[106.7998058136858,-6.156154642071081],[106.7998058136858,-6.157052957355201]]]},"id":"+118889-6854","properties":{"cls":9,"count":1}},{"type":"Feature","geometry":{"geodesic":false,"type":"Polygon","coordinates":[[[106.7998058136858,-6.164239479628157],[106.80070412896991,-6.164239479628157],[106.80070412896991,-6.163341164344037],[106.7998058136858,-6.163341164344037],[106.7998058136858,-6.164239479628157]]]},"id":"+118889-6862","properties":{"cls":4,"count":1}},{"type":"Feature","geometry":{"geodesic":false,"type":"Polygon","coordinates":[[[106.7998058136858,-6.165137794912276],[106.80070412896991,-6.165137794912276],[106.80070412896991,-6.164239479628157],[106.7998058136858,-6.164239479628157],[106.7998058136858,-6.165137794912276]]]},"id":"+118889-6863","properties":{"cls":5,"count":1}},{"type":"Feature","geometry":{"geodesic":false,"type":"Polygon","coordinates":[[[106.7998058136858,-6.166934425480515],[106.80070412896991,-6.166934425480515],[106.80070412896991,-6.166036110196396],[106.7998058136858,-6.166036110196396],[106.7998058136858,-6.166934425480515]]]},"id":"+118889-6865","properties":{"cls":7,"count":1}},{"type":"Feature","geometry":{"geodesic":false,"type":"Polygon","coordinates":[[[106.79890749840168,-6.186697361731145],[106.79890749840168,-6.187595677015264],[106.79800918311756,-6.187595677015264],[106.79800918311756,-6.189392307583503],[106.79890749840168,-6.189392307583503],[106.79890749840168,-6.188493992299384],[106.80070412896991,-6.188493992299384],[106.80070412896991,-6.186697361731145],[106.79890749840168,-6.186697361731145]]]},"id":"+118889-6888","properties":{"cls":5,"count":6}},{"type":"Feature","geometry":{"geodesic":false,"type":"Polygon","coordinates":[[[106.7998058136858,-6.189392307583503],[106.80070412896991,-6.189392307583503],[106.80070412896991,-6.188493992299384],[106.7998058136858,-6.188493992299384],[106.7998058136858,-6.189392307583503]]]},"id":"+118889-6890","properties":{"cls":9,"count":1}},{"type":"Feature","geometry":{"geodesic":false,"type":"Polygon","coordinates":[[[106.80070412896991,-6.107645616728627],[106.80160244425403,-6.107645616728627],[106.80160244425403,-6.106747301444507],[106.80070412896991,-6.106747301444507],[106.80070412896991,-6.107645616728627]]]},"id":"+118890-6799","properties":{"cls":2,"count":1}},{"type":"Feature","geometry":{"geodesic":false,"type":"Polygon","coordinates":[[[106.7998058136858,-6.124713607126898],[106.80160244425403,-6.124713607126898],[106.80160244425403,-6.123815291842778],[106.7998058136858,-6.123815291842778],[106.7998058136858,-6.124713607126898]]]},"id":"+118890-6818","properties":{"cls":5,"count":2}},{"type":"Feature","geometry":{"geodesic":false,"type":"Polygon","coordinates":[[[106.80070412896991,-6.129205183547495],[106.80160244425403,-6.129205183547495],[106.80160244425403,-6.128306868263376],[106.80070412896991,-6.128306868263376],[106.80070412896991,-6.129205183547495]]]},"id":"+118890-6823","properties":{"cls":5,"count":1}},{"type":"Feature","geometry":{"geodesic":false,"type":"Polygon","coordinates":[[[106.80070412896991,-6.147171489229886],[106.80160244425403,-6.147171489229886],[106.80160244425403,-6.146273173945766],[106.80070412896991,-6.146273173945766],[106.80070412896991,-6.147171489229886]]]},"id":"+118890-6843","properties":{"cls":7,"count":1}},{"type":"Feature","geometry":{"geodesic":false,"type":"Polygon","coordinates":[[[106.80070412896991,-6.148069804514005],[106.80160244425403,-6.148069804514005],[106.80160244425403,-6.147171489229886],[106.80070412896991,-6.147171489229886],[106.80070412896991,-6.148069804514005]]]},"id":"+118890-6844","properties":{"cls":5,"count":1}},{"type":"Feature","geometry":{"geodesic":false,"type":"Polygon","coordinates":[[[106.80070412896991,-6.149866435082244],[106.80160244425403,-6.149866435082244],[106.80160244425403,-6.148968119798125],[106.80070412896991,-6.148968119798125],[106.80070412896991,-6.149866435082244]]]},"id":"+118890-6846","properties":{"cls":5,"count":1}},{"type":"Feature","geometry":{"geodesic":false,"type":"Polygon","coordinates":[[[106.80070412896991,-6.152561380934603],[106.80160244425403,-6.152561380934603],[106.80160244425403,-6.150764750366364],[106.80070412896991,-6.150764750366364],[106.80070412896991,-6.152561380934603]]]},"id":"+118890-6848","properties":{"cls":5,"count":2}},{"type":"Feature","geometry":{"geodesic":false,"type":"Polygon","coordinates":[[[106.80070412896991,-6.1534596962187225],[106.80160244425403,-6.1534596962187225],[106.80160244425403,-6.152561380934603],[106.80070412896991,-6.152561380934603],[106.80070412896991,-6.1534596962187225]]]},"id":"+118890-6850","properties":{"cls":2,"count":1}},{"type":"Feature","geometry":{"geodesic":false,"type":"Polygon","coordinates":[[[106.80070412896991,-6.1543580115028425],[106.80160244425403,-6.1543580115028425],[106.80160244425403,-6.1534596962187225],[106.80070412896991,-6.1534596962187225],[106.80070412896991,-6.1543580115028425]]]},"id":"+118890-6851","properties":{"cls":4,"count":1}},{"type":"Feature","geometry":{"geodesic":false,"type":"Polygon","coordinates":[[[106.80070412896991,-6.1552563267869616],[106.80160244425403,-6.1552563267869616],[106.80160244425403,-6.1543580115028425],[106.80070412896991,-6.1543580115028425],[106.80070412896991,-6.1552563267869616]]]},"id":"+118890-6852","properties":{"cls":2,"count":1}},{"type":"Feature","geometry":{"geodesic":false,"type":"Polygon","coordinates":[[[106.80070412896991,-6.15884958792344],[106.80070412896991,-6.159747903207559],[106.79890749840168,-6.159747903207559],[106.7998058136858,-6.163341164344037],[106.80070412896991,-6.163341164344037],[106.80070412896991,-6.161544533775798],[106.80160244425403,-6.161544533775798],[106.80160244425403,-6.15884958792344],[106.80070412896991,-6.15884958792344]]]},"id":"+118890-6857","properties":{"cls":5,"count":9}},{"type":"Feature","geometry":{"geodesic":false,"type":"Polygon","coordinates":[[[106.80070412896991,-6.163341164344037],[106.80160244425403,-6.163341164344037],[106.80160244425403,-6.161544533775798],[106.80070412896991,-6.161544533775798],[106.80070412896991,-6.163341164344037]]]},"id":"+118890-6860","properties":{"cls":7,"count":2}},{"type":"Feature","geometry":{"geodesic":false,"type":"Polygon","coordinates":[[[106.80070412896991,-6.164239479628157],[106.80160244425403,-6.164239479628157],[106.80160244425403,-6.163341164344037],[106.80070412896991,-6.163341164344037],[106.80070412896991,-6.164239479628157]]]},"id":"+118890-6862","properties":{"cls":5,"count":1}},{"type":"Feature","geometry":{"geodesic":false,"type":"Polygon","coordinates":[[[106.80070412896991,-6.166934425480515],[106.80160244425403,-6.166934425480515],[106.80160244425403,-6.165137794912276],[106.80070412896991,-6.165137794912276],[106.80070412896991,-6.166934425480515]]]},"id":"+118890-6864","properties":{"cls":5,"count":2}},{"type":"Feature","geometry":{"geodesic":false,"type":"Polygon","coordinates":[[[106.80070412896991,-6.181307470026428],[106.80160244425403,-6.181307470026428],[106.80160244425403,-6.179510839458189],[106.80070412896991,-6.179510839458189],[106.80070412896991,-6.181307470026428]]]},"id":"+118890-6880","properties":{"cls":7,"count":2}},{"type":"Feature","geometry":{"geodesic":false,"type":"Polygon","coordinates":[[[106.80160244425403,-6.10225572502391],[106.80250075953815,-6.10225572502391],[106.80250075953815,-6.101357409739791],[106.80160244425403,-6.101357409739791],[106.80160244425403,-6.10225572502391]]]},"id":"+118891-6793","properties":{"cls":2,"count":1}},{"type":"Feature","geometry":{"geodesic":false,"type":"Polygon","coordinates":[[[106.80160244425403,-6.126510237695137],[106.80250075953815,-6.126510237695137],[106.80250075953815,-6.125611922411017],[106.80160244425403,-6.125611922411017],[106.80160244425403,-6.126510237695137]]]},"id":"+118891-6820","properties":{"cls":5,"count":1}},{"type":"Feature","geometry":{"geodesic":false,"type":"Polygon","coordinates":[[[106.80160244425403,-6.130103498831615],[106.80250075953815,-6.130103498831615],[106.80250075953815,-6.129205183547495],[106.80160244425403,-6.129205183547495],[106.80160244425403,-6.130103498831615]]]},"id":"+118891-6824","properties":{"cls":5,"count":1}},{"type":"Feature","geometry":{"geodesic":false,"type":"Polygon","coordinates":[[[106.80160244425403,-6.1534596962187225],[106.80250075953815,-6.1534596962187225],[106.80250075953815,-6.152561380934603],[106.80160244425403,-6.152561380934603],[106.80160244425403,-6.1534596962187225]]]},"id":"+118891-6850","properties":{"cls":9,"count":1}},{"type":"Feature","geometry":{"geodesic":false,"type":"Polygon","coordinates":[[[106.80160244425403,-6.156154642071081],[106.80250075953815,-6.156154642071081],[106.80250075953815,-6.1543580115028425],[106.80160244425403,-6.1543580115028425],[106.80160244425403,-6.156154642071081]]]},"id":"+118891-6852","properties":{"cls":5,"count":2}},{"type":"Feature","geometry":{"geodesic":false,"type":"Polygon","coordinates":[[[106.80160244425403,-6.15884958792344],[106.80250075953815,-6.15884958792344],[106.80250075953815,-6.15795127263932],[106.80160244425403,-6.15795127263932],[106.80160244425403,-6.15884958792344]]]},"id":"+118891-6856","properties":{"cls":7,"count":1}},{"type":"Feature","geometry":{"geodesic":false,"type":"Polygon","coordinates":[[[106.80160244425403,-6.166036110196396],[106.80250075953815,-6.166036110196396],[106.80250075953815,-6.165137794912276],[106.80160244425403,-6.165137794912276],[106.80160244425403,-6.166036110196396]]]},"id":"+118891-6864","properties":{"cls":2,"count":1}},{"type":"Feature","geometry":{"geodesic":false,"type":"Polygon","coordinates":[[[106.80160244425403,-6.180409154742308],[106.80250075953815,-6.180409154742308],[106.80250075953815,-6.179510839458189],[106.80160244425403,-6.179510839458189],[106.80160244425403,-6.180409154742308]]]},"id":"+118891-6880","properties":{"cls":4,"count":1}},{"type":"Feature","geometry":{"geodesic":false,"type":"Polygon","coordinates":[[[106.80160244425403,-6.180409154742308],[106.80070412896991,-6.182205785310547],[106.80160244425403,-6.182205785310547],[106.80250075953815,-6.184002415878786],[106.8042973901064,-6.184002415878786],[106.8042973901064,-6.183104100594667],[106.80339907482228,-6.183104100594667],[106.80339907482228,-6.181307470026428],[106.80160244425403,-6.180409154742308]]]},"id":"+118891-6881","properties":{"cls":5,"count":8}},{"type":"Feature","geometry":{"geodesic":false,"type":"Polygon","coordinates":[[[106.80070412896991,-6.184002415878786],[106.80250075953815,-6.184002415878786],[106.80250075953815,-6.183104100594667],[106.80070412896991,-6.183104100594667],[106.80070412896991,-6.184002415878786]]]},"id":"+118891-6884","properties":{"cls":7,"count":2}},{"type":"Feature","geometry":{"geodesic":false,"type":"Polygon","coordinates":[[[106.80070412896991,-6.184900731162906],[106.80250075953815,-6.184900731162906],[106.80250075953815,-6.184002415878786],[106.80070412896991,-6.184002415878786],[106.80070412896991,-6.184900731162906]]]},"id":"+118891-6885","properties":{"cls":5,"count":2}},{"type":"Feature","geometry":{"geodesic":false,"type":"Polygon","coordinates":[[[106.80250075953815,-6.130103498831615],[106.80339907482228,-6.130103498831615],[106.80339907482228,-6.129205183547495],[106.80250075953815,-6.129205183547495],[106.80250075953815,-6.130103498831615]]]},"id":"+118892-6824","properties":{"cls":7,"count":1}},{"type":"Feature","geometry":{"geodesic":false,"type":"Polygon","coordinates":[[[106.80070412896991,-6.148069804514005],[106.80160244425403,-6.149866435082244],[106.80339907482228,-6.148968119798125],[106.80339907482228,-6.148069804514005],[106.80070412896991,-6.148069804514005]]]},"id":"+118892-6845","properties":{"cls":9,"count":4}},{"type":"Feature","geometry":{"geodesic":false,"type":"Polygon","coordinates":[[[106.80160244425403,-6.1534596962187225],[106.80250075953815,-6.1552563267869616],[106.8042973901064,-6.1552563267869616],[106.80339907482228,-6.1534596962187225],[106.80160244425403,-6.1534596962187225]]]},"id":"+118892-6851","properties":{"cls":7,"count":4}},{"type":"Feature","geometry":{"geodesic":false,"type":"Polygon","coordinates":[[[106.80250075953815,-6.156154642071081],[106.80339907482228,-6.156154642071081],[106.80339907482228,-6.1552563267869616],[106.80250075953815,-6.1552563267869616],[106.80250075953815,-6.156154642071081]]]},"id":"+118892-6853","properties":{"cls":4,"count":1}},{"type":"Feature","geometry":{"geodesic":false,"type":"Polygon","coordinates":[[[106.80250075953815,-6.15795127263932],[106.80339907482228,-6.15795127263932],[106.80339907482228,-6.157052957355201],[106.80250075953815,-6.157052957355201],[106.80250075953815,-6.15795127263932]]]},"id":"+118892-6855","properties":{"cls":4,"count":1}},{"type":"Feature","geometry":{"geodesic":false,"type":"Polygon","coordinates":[[[106.80250075953815,-6.175019263037591],[106.80339907482228,-6.175019263037591],[106.80339907482228,-6.1741209477534715],[106.80250075953815,-6.1741209477534715],[106.80250075953815,-6.175019263037591]]]},"id":"+118892-6874","properties":{"cls":3,"count":1}},{"type":"Feature","geometry":{"geodesic":false,"type":"Polygon","coordinates":[[[106.80250075953815,-6.178612524174069],[106.80339907482228,-6.178612524174069],[106.80339907482228,-6.17771420888995],[106.80250075953815,-6.17771420888995],[106.80250075953815,-6.178612524174069]]]},"id":"+118892-6878","properties":{"cls":3,"count":1}},{"type":"Feature","geometry":{"geodesic":false,"type":"Polygon","coordinates":[[[106.80250075953815,-6.181307470026428],[106.80339907482228,-6.181307470026428],[106.80339907482228,-6.180409154742308],[106.80250075953815,-6.180409154742308],[106.80250075953815,-6.181307470026428]]]},"id":"+118892-6881","properties":{"cls":4,"count":1}},{"type":"Feature","geometry":{"geodesic":false,"type":"Polygon","coordinates":[[[106.80250075953815,-6.184002415878786],[106.80160244425403,-6.185799046447025],[106.80339907482228,-6.185799046447025],[106.80339907482228,-6.184002415878786],[106.80250075953815,-6.184002415878786]]]},"id":"+118892-6885","properties":{"cls":7,"count":3}},{"type":"Feature","geometry":{"geodesic":false,"type":"Polygon","coordinates":[[[106.80250075953815,-6.245087855198913],[106.80339907482228,-6.245087855198913],[106.80339907482228,-6.244189539914794],[106.80250075953815,-6.244189539914794],[106.80250075953815,-6.245087855198913]]]},"id":"+118892-6952","properties":{"cls":5,"count":1}},{"type":"Feature","geometry":{"geodesic":false,"type":"Polygon","coordinates":[[[106.80339907482228,-6.0977641486033125],[106.8042973901064,-6.0977641486033125],[106.8042973901064,-6.0968658333191925],[106.80339907482228,-6.0968658333191925],[106.80339907482228,-6.0977641486033125]]]},"id":"+118893-6788","properties":{"cls":2,"count":1}},{"type":"Feature","geometry":{"geodesic":false,"type":"Polygon","coordinates":[[[106.80339907482228,-6.099560779171552],[106.8042973901064,-6.099560779171552],[106.8042973901064,-6.098662463887432],[106.80339907482228,-6.098662463887432],[106.80339907482228,-6.099560779171552]]]},"id":"+118893-6790","properties":{"cls":2,"count":1}},{"type":"Feature","geometry":{"geodesic":false,"type":"Polygon","coordinates":[[[106.80250075953815,-6.106747301444507],[106.8042973901064,-6.106747301444507],[106.8042973901064,-6.104950670876268],[106.80250075953815,-6.104950670876268],[106.80250075953815,-6.106747301444507]]]},"id":"+118893-6797","properties":{"cls":2,"count":4}},{"type":"Feature","geometry":{"geodesic":false,"type":"Polygon","coordinates":[[[106.80339907482228,-6.1543580115028425],[106.8042973901064,-6.1543580115028425],[106.8042973901064,-6.1534596962187225],[106.80339907482228,-6.1534596962187225],[106.80339907482228,-6.1543580115028425]]]},"id":"+118893-6851","properties":{"cls":4,"count":1}},{"type":"Feature","geometry":{"geodesic":false,"type":"Polygon","coordinates":[[[106.80250075953815,-6.156154642071081],[106.80250075953815,-6.157052957355201],[106.80339907482228,-6.157052957355201],[106.80339907482228,-6.15884958792344],[106.8042973901064,-6.15884958792344],[106.8042973901064,-6.156154642071081],[106.80250075953815,-6.156154642071081]]]},"id":"+118893-6854","properties":{"cls":5,"count":4}},{"type":"Feature","geometry":{"geodesic":false,"type":"Polygon","coordinates":[[[106.80339907482228,-6.162442849059918],[106.8042973901064,-6.162442849059918],[106.8042973901064,-6.161544533775798],[106.80339907482228,-6.161544533775798],[106.80339907482228,-6.162442849059918]]]},"id":"+118893-6860","properties":{"cls":2,"count":1}},{"type":"Feature","geometry":{"geodesic":false,"type":"Polygon","coordinates":[[[106.80339907482228,-6.1723243171852324],[106.8042973901064,-6.1723243171852324],[106.8042973901064,-6.171426001901113],[106.80339907482228,-6.171426001901113],[106.80339907482228,-6.1723243171852324]]]},"id":"+118893-6871","properties":{"cls":2,"count":1}},{"type":"Feature","geometry":{"geodesic":false,"type":"Polygon","coordinates":[[[106.80339907482228,-6.173222632469352],[106.8042973901064,-6.173222632469352],[106.8042973901064,-6.1723243171852324],[106.80339907482228,-6.1723243171852324],[106.80339907482228,-6.173222632469352]]]},"id":"+118893-6872","properties":{"cls":9,"count":1}},{"type":"Feature","geometry":{"geodesic":false,"type":"Polygon","coordinates":[[[106.80339907482228,-6.17681589360583],[106.8042973901064,-6.17681589360583],[106.8042973901064,-6.175917578321711],[106.80339907482228,-6.175917578321711],[106.80339907482228,-6.17681589360583]]]},"id":"+118893-6876","properties":{"cls":4,"count":1}},{"type":"Feature","geometry":{"geodesic":false,"type":"Polygon","coordinates":[[[106.80339907482228,-6.178612524174069],[106.8042973901064,-6.178612524174069],[106.8042973901064,-6.17771420888995],[106.80339907482228,-6.17771420888995],[106.80339907482228,-6.178612524174069]]]},"id":"+118893-6878","properties":{"cls":4,"count":1}},{"type":"Feature","geometry":{"geodesic":false,"type":"Polygon","coordinates":[[[106.80339907482228,-6.178612524174069],[106.80250075953815,-6.180409154742308],[106.8042973901064,-6.181307470026428],[106.8042973901064,-6.178612524174069],[106.80339907482228,-6.178612524174069]]]},"id":"+118893-6879","properties":{"cls":5,"count":4}},{"type":"Feature","geometry":{"geodesic":false,"type":"Polygon","coordinates":[[[106.80339907482228,-6.2109518744023715],[106.8042973901064,-6.2109518744023715],[106.8042973901064,-6.210053559118252],[106.80339907482228,-6.210053559118252],[106.80339907482228,-6.2109518744023715]]]},"id":"+118893-6914","properties":{"cls":3,"count":1}},{"type":"Feature","geometry":{"geodesic":false,"type":"Polygon","coordinates":[[[106.80339907482228,-6.300783402814324],[106.8042973901064,-6.300783402814324],[106.8042973901064,-6.299885087530204],[106.80339907482228,-6.299885087530204],[106.80339907482228,-6.300783402814324]]]},"id":"+118893-7014","properties":{"cls":3,"count":1}},{"type":"Feature","geometry":{"geodesic":false,"type":"Polygon","coordinates":[[[106.8042973901064,-6.104950670876268],[106.80519570539052,-6.104950670876268],[106.80519570539052,-6.103154040308029],[106.8042973901064,-6.103154040308029],[106.8042973901064,-6.104950670876268]]]},"id":"+118894-6795","properties":{"cls":2,"count":2}},{"type":"Feature","geometry":{"geodesic":false,"type":"Polygon","coordinates":[[[106.8042973901064,-6.106747301444507],[106.80519570539052,-6.106747301444507],[106.80519570539052,-6.104950670876268],[106.8042973901064,-6.104950670876268],[106.8042973901064,-6.106747301444507]]]},"id":"+118894-6797","properties":{"cls":5,"count":2}},{"type":"Feature","geometry":{"geodesic":false,"type":"Polygon","coordinates":[[[106.8042973901064,-6.106747301444507],[106.8042973901064,-6.110340562580985],[106.80609402067464,-6.110340562580985],[106.80609402067464,-6.107645616728627],[106.8042973901064,-6.106747301444507]]]},"id":"+118894-6799","properties":{"cls":2,"count":7}},{"type":"Feature","geometry":{"geodesic":false,"type":"Polygon","coordinates":[[[106.8042973901064,-6.173222632469352],[106.80519570539052,-6.173222632469352],[106.80519570539052,-6.1723243171852324],[106.8042973901064,-6.1723243171852324],[106.8042973901064,-6.173222632469352]]]},"id":"+118894-6872","properties":{"cls":7,"count":1}},{"type":"Feature","geometry":{"geodesic":false,"type":"Polygon","coordinates":[[[106.8042973901064,-6.179510839458189],[106.80519570539052,-6.179510839458189],[106.80519570539052,-6.178612524174069],[106.8042973901064,-6.178612524174069],[106.8042973901064,-6.179510839458189]]]},"id":"+118894-6879","properties":{"cls":7,"count":1}},{"type":"Feature","geometry":{"geodesic":false,"type":"Polygon","coordinates":[[[106.8042973901064,-6.180409154742308],[106.80519570539052,-6.180409154742308],[106.80519570539052,-6.179510839458189],[106.8042973901064,-6.179510839458189],[106.8042973901064,-6.180409154742308]]]},"id":"+118894-6880","properties":{"cls":4,"count":1}},{"type":"Feature","geometry":{"geodesic":false,"type":"Polygon","coordinates":[[[106.8042973901064,-6.2118501896864915],[106.80519570539052,-6.2118501896864915],[106.80519570539052,-6.2109518744023715],[106.8042973901064,-6.2109518744023715],[106.8042973901064,-6.2118501896864915]]]},"id":"+118894-6915","properties":{"cls":2,"count":1}},{"type":"Feature","geometry":{"geodesic":false,"type":"Polygon","coordinates":[[[106.8042973901064,-6.295393511109607],[106.80519570539052,-6.295393511109607],[106.80519570539052,-6.294495195825488],[106.8042973901064,-6.294495195825488],[106.8042973901064,-6.295393511109607]]]},"id":"+118894-7008","properties":{"cls":4,"count":1}},{"type":"Feature","geometry":{"geodesic":false,"type":"Polygon","coordinates":[[[106.80519570539052,-6.107645616728627],[106.80609402067464,-6.107645616728627],[106.80609402067464,-6.106747301444507],[106.80519570539052,-6.106747301444507],[106.80519570539052,-6.107645616728627]]]},"id":"+118895-6799","properties":{"cls":7,"count":1}},{"type":"Feature","geometry":{"geodesic":false,"type":"Polygon","coordinates":[[[106.8042973901064,-6.15884958792344],[106.8042973901064,-6.159747903207559],[106.80609402067464,-6.160646218491679],[106.80609402067464,-6.15884958792344],[106.8042973901064,-6.15884958792344]]]},"id":"+118895-6857","properties":{"cls":7,"count":3}},{"type":"Feature","geometry":{"geodesic":false,"type":"Polygon","coordinates":[[[106.80519570539052,-6.1723243171852324],[106.80609402067464,-6.1723243171852324],[106.80609402067464,-6.171426001901113],[106.80519570539052,-6.171426001901113],[106.80519570539052,-6.1723243171852324]]]},"id":"+118895-6871","properties":{"cls":9,"count":1}},{"type":"Feature","geometry":{"geodesic":false,"type":"Polygon","coordinates":[[[106.80519570539052,-6.173222632469352],[106.80609402067464,-6.173222632469352],[106.80609402067464,-6.1723243171852324],[106.80519570539052,-6.1723243171852324],[106.80519570539052,-6.173222632469352]]]},"id":"+118895-6872","properties":{"cls":5,"count":1}},{"type":"Feature","geometry":{"geodesic":false,"type":"Polygon","coordinates":[[[106.8042973901064,-6.1741209477534715],[106.8042973901064,-6.175019263037591],[106.80250075953815,-6.175019263037591],[106.80250075953815,-6.175917578321711],[106.8042973901064,-6.175917578321711],[106.8042973901064,-6.17681589360583],[106.80519570539052,-6.17681589360583],[106.80519570539052,-6.175019263037591],[106.80609402067464,-6.175019263037591],[106.80609402067464,-6.1741209477534715],[106.8042973901064,-6.1741209477534715]]]},"id":"+118895-6874","properties":{"cls":5,"count":6}},{"type":"Feature","geometry":{"geodesic":false,"type":"Polygon","coordinates":[[[106.80519570539052,-6.17771420888995],[106.80609402067464,-6.17771420888995],[106.80609402067464,-6.17681589360583],[106.80519570539052,-6.17681589360583],[106.80519570539052,-6.17771420888995]]]},"id":"+118895-6877","properties":{"cls":3,"count":1}},{"type":"Feature","geometry":{"geodesic":false,"type":"Polygon","coordinates":[[[106.8042973901064,-6.178612524174069],[106.80609402067464,-6.178612524174069],[106.80609402067464,-6.17771420888995],[106.8042973901064,-6.17771420888995],[106.8042973901064,-6.178612524174069]]]},"id":"+118895-6878","properties":{"cls":5,"count":2}},{"type":"Feature","geometry":{"geodesic":false,"type":"Polygon","coordinates":[[[106.80519570539052,-6.179510839458189],[106.80519570539052,-6.180409154742308],[106.80339907482228,-6.181307470026428],[106.80339907482228,-6.183104100594667],[106.80519570539052,-6.183104100594667],[106.80519570539052,-6.181307470026428],[106.80699233595875,-6.182205785310547],[106.80699233595875,-6.180409154742308],[106.80519570539052,-6.179510839458189]]]},"id":"+118895-6880","properties":{"cls":7,"count":9}},{"type":"Feature","geometry":{"geodesic":false,"type":"Polygon","coordinates":[[[106.80519570539052,-6.184002415878786],[106.80609402067464,-6.184002415878786],[106.80609402067464,-6.181307470026428],[106.80519570539052,-6.181307470026428],[106.80519570539052,-6.184002415878786]]]},"id":"+118895-6882","properties":{"cls":9,"count":3}},{"type":"Feature","geometry":{"geodesic":false,"type":"Polygon","coordinates":[[[106.80519570539052,-6.227121549516523],[106.80609402067464,-6.227121549516523],[106.80609402067464,-6.226223234232404],[106.80519570539052,-6.226223234232404],[106.80519570539052,-6.227121549516523]]]},"id":"+118895-6932","properties":{"cls":2,"count":1}},{"type":"Feature","geometry":{"geodesic":false,"type":"Polygon","coordinates":[[[106.8042973901064,-6.2298164953688815],[106.80609402067464,-6.2298164953688815],[106.80609402067464,-6.228918180084762],[106.8042973901064,-6.228918180084762],[106.8042973901064,-6.2298164953688815]]]},"id":"+118895-6935","properties":{"cls":5,"count":2}},{"type":"Feature","geometry":{"geodesic":false,"type":"Polygon","coordinates":[[[106.80609402067464,-6.1157304542857025],[106.80699233595875,-6.1157304542857025],[106.80699233595875,-6.114832139001583],[106.80609402067464,-6.114832139001583],[106.80609402067464,-6.1157304542857025]]]},"id":"+118896-6808","properties":{"cls":7,"count":1}},{"type":"Feature","geometry":{"geodesic":false,"type":"Polygon","coordinates":[[[106.80519570539052,-6.15795127263932],[106.80699233595875,-6.15795127263932],[106.80699233595875,-6.157052957355201],[106.80519570539052,-6.157052957355201],[106.80519570539052,-6.15795127263932]]]},"id":"+118896-6855","properties":{"cls":5,"count":2}},{"type":"Feature","geometry":{"geodesic":false,"type":"Polygon","coordinates":[[[106.80609402067464,-6.15884958792344],[106.80609402067464,-6.160646218491679],[106.80789065124287,-6.160646218491679],[106.80699233595875,-6.15884958792344],[106.80609402067464,-6.15884958792344]]]},"id":"+118896-6857","properties":{"cls":9,"count":3}},{"type":"Feature","geometry":{"geodesic":false,"type":"Polygon","coordinates":[[[106.80609402067464,-6.170527686616993],[106.80699233595875,-6.170527686616993],[106.80699233595875,-6.168731056048754],[106.80609402067464,-6.168731056048754],[106.80609402067464,-6.170527686616993]]]},"id":"+118896-6868","properties":{"cls":7,"count":2}},{"type":"Feature","geometry":{"geodesic":false,"type":"Polygon","coordinates":[[[106.80609402067464,-6.171426001901113],[106.80699233595875,-6.171426001901113],[106.80699233595875,-6.170527686616993],[106.80609402067464,-6.170527686616993],[106.80609402067464,-6.171426001901113]]]},"id":"+118896-6870","properties":{"cls":5,"count":1}},{"type":"Feature","geometry":{"geodesic":false,"type":"Polygon","coordinates":[[[106.80609402067464,-6.173222632469352],[106.80699233595875,-6.173222632469352],[106.80699233595875,-6.171426001901113],[106.80609402067464,-6.171426001901113],[106.80609402067464,-6.173222632469352]]]},"id":"+118896-6871","properties":{"cls":7,"count":2}},{"type":"Feature","geometry":{"geodesic":false,"type":"Polygon","coordinates":[[[106.80519570539052,-6.175019263037591],[106.80519570539052,-6.17681589360583],[106.80609402067464,-6.17681589360583],[106.80699233595875,-6.175019263037591],[106.80519570539052,-6.175019263037591]]]},"id":"+118896-6875","properties":{"cls":7,"count":3}},{"type":"Feature","geometry":{"geodesic":false,"type":"Polygon","coordinates":[[[106.80609402067464,-6.17681589360583],[106.80699233595875,-6.17681589360583],[106.80699233595875,-6.175917578321711],[106.80609402067464,-6.175917578321711],[106.80609402067464,-6.17681589360583]]]},"id":"+118896-6876","properties":{"cls":3,"count":1}},{"type":"Feature","geometry":{"geodesic":false,"type":"Polygon","coordinates":[[[106.80609402067464,-6.180409154742308],[106.80699233595875,-6.180409154742308],[106.80699233595875,-6.179510839458189],[106.80609402067464,-6.179510839458189],[106.80609402067464,-6.180409154742308]]]},"id":"+118896-6880","properties":{"cls":5,"count":1}},{"type":"Feature","geometry":{"geodesic":false,"type":"Polygon","coordinates":[[[106.80609402067464,-6.228019864800642],[106.80699233595875,-6.228019864800642],[106.80699233595875,-6.227121549516523],[106.80609402067464,-6.227121549516523],[106.80609402067464,-6.228019864800642]]]},"id":"+118896-6933","properties":{"cls":4,"count":1}},{"type":"Feature","geometry":{"geodesic":false,"type":"Polygon","coordinates":[[[106.80609402067464,-6.2298164953688815],[106.80699233595875,-6.2298164953688815],[106.80699233595875,-6.228918180084762],[106.80609402067464,-6.228918180084762],[106.80609402067464,-6.2298164953688815]]]},"id":"+118896-6935","properties":{"cls":7,"count":1}},{"type":"Feature","geometry":{"geodesic":false,"type":"Polygon","coordinates":[[[106.80609402067464,-6.2307148106530015],[106.80699233595875,-6.2307148106530015],[106.80699233595875,-6.2298164953688815],[106.80609402067464,-6.2298164953688815],[106.80609402067464,-6.2307148106530015]]]},"id":"+118896-6936","properties":{"cls":5,"count":1}},{"type":"Feature","geometry":{"geodesic":false,"type":"Polygon","coordinates":[[[106.80609402067464,-6.297190141677846],[106.80699233595875,-6.297190141677846],[106.80699233595875,-6.296291826393727],[106.80609402067464,-6.296291826393727],[106.80609402067464,-6.297190141677846]]]},"id":"+118896-7010","properties":{"cls":7,"count":1}},{"type":"Feature","geometry":{"geodesic":false,"type":"Polygon","coordinates":[[[106.80609402067464,-6.298088456961965],[106.80699233595875,-6.298088456961965],[106.80699233595875,-6.297190141677846],[106.80609402067464,-6.297190141677846],[106.80609402067464,-6.298088456961965]]]},"id":"+118896-7011","properties":{"cls":5,"count":1}},{"type":"Feature","geometry":{"geodesic":false,"type":"Polygon","coordinates":[[[106.80699233595875,-6.118425400138062],[106.80789065124287,-6.118425400138062],[106.80789065124287,-6.117527084853942],[106.80699233595875,-6.117527084853942],[106.80699233595875,-6.118425400138062]]]},"id":"+118897-6811","properties":{"cls":3,"count":1}},{"type":"Feature","geometry":{"geodesic":false,"type":"Polygon","coordinates":[[[106.80699233595875,-6.156154642071081],[106.80699233595875,-6.15795127263932],[106.80609402067464,-6.15795127263932],[106.80609402067464,-6.15884958792344],[106.80789065124287,-6.159747903207559],[106.80789065124287,-6.15795127263932],[106.80878896652699,-6.15795127263932],[106.80878896652699,-6.157052957355201],[106.80699233595875,-6.156154642071081]]]},"id":"+118897-6854","properties":{"cls":7,"count":6}},{"type":"Feature","geometry":{"geodesic":false,"type":"Polygon","coordinates":[[[106.80699233595875,-6.168731056048754],[106.80789065124287,-6.168731056048754],[106.80789065124287,-6.166934425480515],[106.80699233595875,-6.166934425480515],[106.80699233595875,-6.168731056048754]]]},"id":"+118897-6866","properties":{"cls":7,"count":2}},{"type":"Feature","geometry":{"geodesic":false,"type":"Polygon","coordinates":[[[106.8042973901064,-6.1741209477534715],[106.80789065124287,-6.1741209477534715],[106.80789065124287,-6.173222632469352],[106.8042973901064,-6.173222632469352],[106.8042973901064,-6.1741209477534715]]]},"id":"+118897-6873","properties":{"cls":9,"count":4}},{"type":"Feature","geometry":{"geodesic":false,"type":"Polygon","coordinates":[[[106.80699233595875,-6.175019263037591],[106.80789065124287,-6.175019263037591],[106.80789065124287,-6.1741209477534715],[106.80699233595875,-6.1741209477534715],[106.80699233595875,-6.175019263037591]]]},"id":"+118897-6874","properties":{"cls":7,"count":1}},{"type":"Feature","geometry":{"geodesic":false,"type":"Polygon","coordinates":[[[106.80699233595875,-6.228019864800642],[106.80789065124287,-6.228019864800642],[106.80789065124287,-6.227121549516523],[106.80699233595875,-6.227121549516523],[106.80699233595875,-6.228019864800642]]]},"id":"+118897-6933","properties":{"cls":2,"count":1}},{"type":"Feature","geometry":{"geodesic":false,"type":"Polygon","coordinates":[[[106.80789065124287,-6.157052957355201],[106.80878896652699,-6.157052957355201],[106.80878896652699,-6.156154642071081],[106.80789065124287,-6.156154642071081],[106.80789065124287,-6.157052957355201]]]},"id":"+118898-6854","properties":{"cls":5,"count":1}},{"type":"Feature","geometry":{"geodesic":false,"type":"Polygon","coordinates":[[[106.80789065124287,-6.15884958792344],[106.80878896652699,-6.15884958792344],[106.80878896652699,-6.15795127263932],[106.80789065124287,-6.15795127263932],[106.80789065124287,-6.15884958792344]]]},"id":"+118898-6856","properties":{"cls":5,"count":1}},{"type":"Feature","geometry":{"geodesic":false,"type":"Polygon","coordinates":[[[106.80789065124287,-6.160646218491679],[106.80878896652699,-6.160646218491679],[106.80878896652699,-6.159747903207559],[106.80789065124287,-6.159747903207559],[106.80789065124287,-6.160646218491679]]]},"id":"+118898-6858","properties":{"cls":7,"count":1}},{"type":"Feature","geometry":{"geodesic":false,"type":"Polygon","coordinates":[[[106.80789065124287,-6.167832740764635],[106.80878896652699,-6.167832740764635],[106.80878896652699,-6.166934425480515],[106.80789065124287,-6.166934425480515],[106.80789065124287,-6.167832740764635]]]},"id":"+118898-6866","properties":{"cls":9,"count":1}},{"type":"Feature","geometry":{"geodesic":false,"type":"Polygon","coordinates":[[[106.80789065124287,-6.170527686616993],[106.80878896652699,-6.170527686616993],[106.80878896652699,-6.169629371332874],[106.80789065124287,-6.169629371332874],[106.80789065124287,-6.170527686616993]]]},"id":"+118898-6869","properties":{"cls":4,"count":1}},{"type":"Feature","geometry":{"geodesic":false,"type":"Polygon","coordinates":[[[106.80699233595875,-6.171426001901113],[106.80878896652699,-6.171426001901113],[106.80878896652699,-6.170527686616993],[106.80699233595875,-6.170527686616993],[106.80699233595875,-6.171426001901113]]]},"id":"+118898-6870","properties":{"cls":7,"count":2}},{"type":"Feature","geometry":{"geodesic":false,"type":"Polygon","coordinates":[[[106.80789065124287,-6.1741209477534715],[106.80878896652699,-6.1741209477534715],[106.80878896652699,-6.173222632469352],[106.80789065124287,-6.173222632469352],[106.80789065124287,-6.1741209477534715]]]},"id":"+118898-6873","properties":{"cls":7,"count":1}},{"type":"Feature","geometry":{"geodesic":false,"type":"Polygon","coordinates":[[[106.80789065124287,-6.175917578321711],[106.80878896652699,-6.175917578321711],[106.80878896652699,-6.175019263037591],[106.80789065124287,-6.175019263037591],[106.80789065124287,-6.175917578321711]]]},"id":"+118898-6875","properties":{"cls":5,"count":1}},{"type":"Feature","geometry":{"geodesic":false,"type":"Polygon","coordinates":[[[106.80789065124287,-6.228019864800642],[106.80878896652699,-6.228019864800642],[106.80878896652699,-6.227121549516523],[106.80789065124287,-6.227121549516523],[106.80789065124287,-6.228019864800642]]]},"id":"+118898-6933","properties":{"cls":3,"count":1}},{"type":"Feature","geometry":{"geodesic":false,"type":"Polygon","coordinates":[[[106.80789065124287,-6.228918180084762],[106.80878896652699,-6.228918180084762],[106.80878896652699,-6.228019864800642],[106.80789065124287,-6.228019864800642],[106.80789065124287,-6.228918180084762]]]},"id":"+118898-6934","properties":{"cls":2,"count":1}},{"type":"Feature","geometry":{"geodesic":false,"type":"Polygon","coordinates":[[[106.80878896652699,-6.126510237695137],[106.80968728181111,-6.126510237695137],[106.80968728181111,-6.125611922411017],[106.80878896652699,-6.125611922411017],[106.80878896652699,-6.126510237695137]]]},"id":"+118899-6820","properties":{"cls":2,"count":1}},{"type":"Feature","geometry":{"geodesic":false,"type":"Polygon","coordinates":[[[106.80878896652699,-6.157052957355201],[106.80968728181111,-6.157052957355201],[106.80968728181111,-6.1552563267869616],[106.80878896652699,-6.1552563267869616],[106.80878896652699,-6.157052957355201]]]},"id":"+118899-6853","properties":{"cls":7,"count":2}},{"type":"Feature","geometry":{"geodesic":false,"type":"Polygon","coordinates":[[[106.80878896652699,-6.15795127263932],[106.80968728181111,-6.15795127263932],[106.80968728181111,-6.157052957355201],[106.80878896652699,-6.157052957355201],[106.80878896652699,-6.15795127263932]]]},"id":"+118899-6855","properties":{"cls":9,"count":1}},{"type":"Feature","geometry":{"geodesic":false,"type":"Polygon","coordinates":[[[106.80878896652699,-6.166934425480515],[106.80968728181111,-6.166934425480515],[106.80968728181111,-6.166036110196396],[106.80878896652699,-6.166036110196396],[106.80878896652699,-6.166934425480515]]]},"id":"+118899-6865","properties":{"cls":4,"count":1}},{"type":"Feature","geometry":{"geodesic":false,"type":"Polygon","coordinates":[[[106.80878896652699,-6.169629371332874],[106.80968728181111,-6.169629371332874],[106.80968728181111,-6.168731056048754],[106.80878896652699,-6.168731056048754],[106.80878896652699,-6.169629371332874]]]},"id":"+118899-6868","properties":{"cls":4,"count":1}},{"type":"Feature","geometry":{"geodesic":false,"type":"Polygon","coordinates":[[[106.80878896652699,-6.170527686616993],[106.80968728181111,-6.170527686616993],[106.80968728181111,-6.169629371332874],[106.80878896652699,-6.169629371332874],[106.80878896652699,-6.170527686616993]]]},"id":"+118899-6869","properties":{"cls":2,"count":1}},{"type":"Feature","geometry":{"geodesic":false,"type":"Polygon","coordinates":[[[106.80878896652699,-6.173222632469352],[106.80968728181111,-6.173222632469352],[106.80968728181111,-6.1723243171852324],[106.80878896652699,-6.1723243171852324],[106.80878896652699,-6.173222632469352]]]},"id":"+118899-6872","properties":{"cls":2,"count":1}},{"type":"Feature","geometry":{"geodesic":false,"type":"Polygon","coordinates":[[[106.80878896652699,-6.1741209477534715],[106.80968728181111,-6.1741209477534715],[106.80968728181111,-6.173222632469352],[106.80878896652699,-6.173222632469352],[106.80878896652699,-6.1741209477534715]]]},"id":"+118899-6873","properties":{"cls":9,"count":1}},{"type":"Feature","geometry":{"geodesic":false,"type":"Polygon","coordinates":[[[106.80878896652699,-6.175019263037591],[106.80699233595875,-6.17771420888995],[106.80878896652699,-6.17771420888995],[106.80878896652699,-6.17681589360583],[106.80968728181111,-6.17681589360583],[106.80968728181111,-6.175019263037591],[106.80878896652699,-6.175019263037591]]]},"id":"+118899-6875","properties":{"cls":7,"count":5}},{"type":"Feature","geometry":{"geodesic":false,"type":"Polygon","coordinates":[[[106.80878896652699,-6.1920872534358615],[106.80968728181111,-6.1920872534358615],[106.80968728181111,-6.191188938151742],[106.80878896652699,-6.191188938151742],[106.80878896652699,-6.1920872534358615]]]},"id":"+118899-6893","properties":{"cls":2,"count":1}},{"type":"Feature","geometry":{"geodesic":false,"type":"Polygon","coordinates":[[[106.80878896652699,-6.19568051457234],[106.80968728181111,-6.19568051457234],[106.80968728181111,-6.193883884004101],[106.80878896652699,-6.193883884004101],[106.80878896652699,-6.19568051457234]]]},"id":"+118899-6896","properties":{"cls":2,"count":2}},{"type":"Feature","geometry":{"geodesic":false,"type":"Polygon","coordinates":[[[106.80878896652699,-6.3654621032709295],[106.80968728181111,-6.3654621032709295],[106.80968728181111,-6.36456378798681],[106.80878896652699,-6.36456378798681],[106.80878896652699,-6.3654621032709295]]]},"id":"+118899-7086","properties":{"cls":3,"count":1}},{"type":"Feature","geometry":{"geodesic":false,"type":"Polygon","coordinates":[[[106.80968728181111,-6.132798444683973],[106.81058559709523,-6.132798444683973],[106.81058559709523,-6.131900129399854],[106.80968728181111,-6.131900129399854],[106.80968728181111,-6.132798444683973]]]},"id":"+118900-6827","properties":{"cls":5,"count":1}},{"type":"Feature","geometry":{"geodesic":false,"type":"Polygon","coordinates":[[[106.80968728181111,-6.166036110196396],[106.80968728181111,-6.167832740764635],[106.80789065124287,-6.167832740764635],[106.80699233595875,-6.169629371332874],[106.80878896652699,-6.169629371332874],[106.80878896652699,-6.168731056048754],[106.80968728181111,-6.168731056048754],[106.80968728181111,-6.169629371332874],[106.81058559709523,-6.169629371332874],[106.81058559709523,-6.167832740764635],[106.81148391237934,-6.167832740764635],[106.81148391237934,-6.166934425480515],[106.80968728181111,-6.166036110196396]]]},"id":"+118900-6865","properties":{"cls":5,"count":9}},{"type":"Feature","geometry":{"geodesic":false,"type":"Polygon","coordinates":[[[106.80968728181111,-6.170527686616993],[106.81058559709523,-6.170527686616993],[106.81058559709523,-6.169629371332874],[106.80968728181111,-6.169629371332874],[106.80968728181111,-6.170527686616993]]]},"id":"+118900-6869","properties":{"cls":9,"count":1}},{"type":"Feature","geometry":{"geodesic":false,"type":"Polygon","coordinates":[[[106.80968728181111,-6.3663604185550495],[106.81058559709523,-6.3663604185550495],[106.81058559709523,-6.3654621032709295],[106.80968728181111,-6.3654621032709295],[106.80968728181111,-6.3663604185550495]]]},"id":"+118900-7087","properties":{"cls":2,"count":1}},{"type":"Feature","geometry":{"geodesic":false,"type":"Polygon","coordinates":[[[106.81058559709523,-6.12112034599042],[106.81148391237934,-6.12112034599042],[106.81148391237934,-6.120222030706301],[106.81058559709523,-6.120222030706301],[106.81058559709523,-6.12112034599042]]]},"id":"+118901-6814","properties":{"cls":3,"count":1}},{"type":"Feature","geometry":{"geodesic":false,"type":"Polygon","coordinates":[[[106.81058559709523,-6.166036110196396],[106.81148391237934,-6.166036110196396],[106.81148391237934,-6.165137794912276],[106.81058559709523,-6.165137794912276],[106.81058559709523,-6.166036110196396]]]},"id":"+118901-6864","properties":{"cls":7,"count":1}},{"type":"Feature","geometry":{"geodesic":false,"type":"Polygon","coordinates":[[[106.81058559709523,-6.169629371332874],[106.81148391237934,-6.169629371332874],[106.81148391237934,-6.167832740764635],[106.81058559709523,-6.167832740764635],[106.81058559709523,-6.169629371332874]]]},"id":"+118901-6867","properties":{"cls":7,"count":2}},{"type":"Feature","geometry":{"geodesic":false,"type":"Polygon","coordinates":[[[106.81148391237934,-6.122916976558659],[106.81238222766346,-6.122916976558659],[106.81238222766346,-6.122018661274539],[106.81148391237934,-6.122018661274539],[106.81148391237934,-6.122916976558659]]]},"id":"+118902-6816","properties":{"cls":2,"count":1}},{"type":"Feature","geometry":{"geodesic":false,"type":"Polygon","coordinates":[[[106.81148391237934,-6.166036110196396],[106.81238222766346,-6.166036110196396],[106.81238222766346,-6.165137794912276],[106.81148391237934,-6.165137794912276],[106.81148391237934,-6.166036110196396]]]},"id":"+118902-6864","properties":{"cls":9,"count":1}},{"type":"Feature","geometry":{"geodesic":false,"type":"Polygon","coordinates":[[[106.81148391237934,-6.167832740764635],[106.81148391237934,-6.169629371332874],[106.81507717351583,-6.169629371332874],[106.81507717351583,-6.168731056048754],[106.81238222766346,-6.168731056048754],[106.81238222766346,-6.167832740764635],[106.81148391237934,-6.167832740764635]]]},"id":"+118902-6867","properties":{"cls":5,"count":5}},{"type":"Feature","geometry":{"geodesic":false,"type":"Polygon","coordinates":[[[106.81148391237934,-6.169629371332874],[106.81148391237934,-6.171426001901113],[106.8132805429476,-6.171426001901113],[106.81238222766346,-6.169629371332874],[106.81148391237934,-6.169629371332874]]]},"id":"+118902-6869","properties":{"cls":9,"count":3}},{"type":"Feature","geometry":{"geodesic":false,"type":"Polygon","coordinates":[[[106.81148391237934,-6.219036711959448],[106.81238222766346,-6.219036711959448],[106.81238222766346,-6.218138396675328],[106.81148391237934,-6.218138396675328],[106.81148391237934,-6.219036711959448]]]},"id":"+118902-6923","properties":{"cls":2,"count":1}},{"type":"Feature","geometry":{"geodesic":false,"type":"Polygon","coordinates":[[[106.81148391237934,-6.222629973095926],[106.81238222766346,-6.222629973095926],[106.81238222766346,-6.221731657811806],[106.81148391237934,-6.221731657811806],[106.81148391237934,-6.222629973095926]]]},"id":"+118902-6927","properties":{"cls":2,"count":1}},{"type":"Feature","geometry":{"geodesic":false,"type":"Polygon","coordinates":[[[106.81238222766346,-6.163341164344037],[106.8132805429476,-6.163341164344037],[106.8132805429476,-6.161544533775798],[106.81238222766346,-6.161544533775798],[106.81238222766346,-6.163341164344037]]]},"id":"+118903-6860","properties":{"cls":9,"count":2}},{"type":"Feature","geometry":{"geodesic":false,"type":"Polygon","coordinates":[[[106.81238222766346,-6.164239479628157],[106.8132805429476,-6.164239479628157],[106.8132805429476,-6.163341164344037],[106.81238222766346,-6.163341164344037],[106.81238222766346,-6.164239479628157]]]},"id":"+118903-6862","properties":{"cls":7,"count":1}},{"type":"Feature","geometry":{"geodesic":false,"type":"Polygon","coordinates":[[[106.81238222766346,-6.165137794912276],[106.8132805429476,-6.165137794912276],[106.8132805429476,-6.164239479628157],[106.81238222766346,-6.164239479628157],[106.81238222766346,-6.165137794912276]]]},"id":"+118903-6863","properties":{"cls":5,"count":1}},{"type":"Feature","geometry":{"geodesic":false,"type":"Polygon","coordinates":[[[106.81238222766346,-6.165137794912276],[106.81238222766346,-6.166036110196396],[106.81148391237934,-6.166036110196396],[106.81148391237934,-6.167832740764635],[106.8132805429476,-6.166934425480515],[106.8132805429476,-6.165137794912276],[106.81238222766346,-6.165137794912276]]]},"id":"+118903-6864","properties":{"cls":7,"count":4}},{"type":"Feature","geometry":{"geodesic":false,"type":"Polygon","coordinates":[[[106.81238222766346,-6.170527686616993],[106.8132805429476,-6.170527686616993],[106.8132805429476,-6.169629371332874],[106.81238222766346,-6.169629371332874],[106.81238222766346,-6.170527686616993]]]},"id":"+118903-6869","properties":{"cls":7,"count":1}},{"type":"Feature","geometry":{"geodesic":false,"type":"Polygon","coordinates":[[[106.81238222766346,-6.1723243171852324],[106.8132805429476,-6.1723243171852324],[106.8132805429476,-6.171426001901113],[106.81238222766346,-6.171426001901113],[106.81238222766346,-6.1723243171852324]]]},"id":"+118903-6871","properties":{"cls":7,"count":1}},{"type":"Feature","geometry":{"geodesic":false,"type":"Polygon","coordinates":[[[106.8132805429476,-6.163341164344037],[106.81417885823171,-6.163341164344037],[106.81417885823171,-6.161544533775798],[106.8132805429476,-6.161544533775798],[106.8132805429476,-6.163341164344037]]]},"id":"+118904-6860","properties":{"cls":7,"count":2}},{"type":"Feature","geometry":{"geodesic":false,"type":"Polygon","coordinates":[[[106.8132805429476,-6.166036110196396],[106.81417885823171,-6.166036110196396],[106.81417885823171,-6.163341164344037],[106.8132805429476,-6.163341164344037],[106.8132805429476,-6.166036110196396]]]},"id":"+118904-6862","properties":{"cls":9,"count":3}},{"type":"Feature","geometry":{"geodesic":false,"type":"Polygon","coordinates":[[[106.8132805429476,-6.170527686616993],[106.81417885823171,-6.170527686616993],[106.81417885823171,-6.169629371332874],[106.8132805429476,-6.169629371332874],[106.8132805429476,-6.170527686616993]]]},"id":"+118904-6869","properties":{"cls":9,"count":1}},{"type":"Feature","geometry":{"geodesic":false,"type":"Polygon","coordinates":[[[106.8132805429476,-6.201070406277057],[106.81417885823171,-6.201070406277057],[106.81417885823171,-6.200172090992938],[106.8132805429476,-6.200172090992938],[106.8132805429476,-6.201070406277057]]]},"id":"+118904-6903","properties":{"cls":4,"count":1}},{"type":"Feature","geometry":{"geodesic":false,"type":"Polygon","coordinates":[[[106.81417885823171,-6.145374858661647],[106.81507717351583,-6.145374858661647],[106.81507717351583,-6.144476543377527],[106.81417885823171,-6.144476543377527],[106.81417885823171,-6.145374858661647]]]},"id":"+118905-6841","properties":{"cls":9,"count":1}},{"type":"Feature","geometry":{"geodesic":false,"type":"Polygon","coordinates":[[[106.81417885823171,-6.149866435082244],[106.81507717351583,-6.149866435082244],[106.81507717351583,-6.148968119798125],[106.81417885823171,-6.148968119798125],[106.81417885823171,-6.149866435082244]]]},"id":"+118905-6846","properties":{"cls":9,"count":1}},{"type":"Feature","geometry":{"geodesic":false,"type":"Polygon","coordinates":[[[106.81417885823171,-6.150764750366364],[106.81507717351583,-6.150764750366364],[106.81507717351583,-6.149866435082244],[106.81417885823171,-6.149866435082244],[106.81417885823171,-6.150764750366364]]]},"id":"+118905-6847","properties":{"cls":2,"count":1}},{"type":"Feature","geometry":{"geodesic":false,"type":"Polygon","coordinates":[[[106.81417885823171,-6.164239479628157],[106.81507717351583,-6.164239479628157],[106.81507717351583,-6.163341164344037],[106.81417885823171,-6.163341164344037],[106.81417885823171,-6.164239479628157]]]},"id":"+118905-6862","properties":{"cls":4,"count":1}},{"type":"Feature","geometry":{"geodesic":false,"type":"Polygon","coordinates":[[[106.81417885823171,-6.169629371332874],[106.8132805429476,-6.171426001901113],[106.81507717351583,-6.171426001901113],[106.81507717351583,-6.169629371332874],[106.81417885823171,-6.169629371332874]]]},"id":"+118905-6869","properties":{"cls":7,"count":3}},{"type":"Feature","geometry":{"geodesic":false,"type":"Polygon","coordinates":[[[106.81417885823171,-6.221731657811806],[106.81507717351583,-6.221731657811806],[106.81507717351583,-6.220833342527687],[106.81417885823171,-6.220833342527687],[106.81417885823171,-6.221731657811806]]]},"id":"+118905-6926","properties":{"cls":5,"count":1}},{"type":"Feature","geometry":{"geodesic":false,"type":"Polygon","coordinates":[[[106.81507717351583,-6.149866435082244],[106.81597548879995,-6.149866435082244],[106.81597548879995,-6.148968119798125],[106.81507717351583,-6.148968119798125],[106.81507717351583,-6.149866435082244]]]},"id":"+118906-6846","properties":{"cls":2,"count":1}},{"type":"Feature","geometry":{"geodesic":false,"type":"Polygon","coordinates":[[[106.81417885823171,-6.162442849059918],[106.81597548879995,-6.162442849059918],[106.81597548879995,-6.161544533775798],[106.81417885823171,-6.161544533775798],[106.81417885823171,-6.162442849059918]]]},"id":"+118906-6860","properties":{"cls":9,"count":2}},{"type":"Feature","geometry":{"geodesic":false,"type":"Polygon","coordinates":[[[106.81417885823171,-6.163341164344037],[106.81597548879995,-6.163341164344037],[106.81597548879995,-6.162442849059918],[106.81417885823171,-6.162442849059918],[106.81417885823171,-6.163341164344037]]]},"id":"+118906-6861","properties":{"cls":5,"count":2}},{"type":"Feature","geometry":{"geodesic":false,"type":"Polygon","coordinates":[[[106.81507717351583,-6.164239479628157],[106.81597548879995,-6.164239479628157],[106.81597548879995,-6.163341164344037],[106.81507717351583,-6.163341164344037],[106.81507717351583,-6.164239479628157]]]},"id":"+118906-6862","properties":{"cls":9,"count":1}},{"type":"Feature","geometry":{"geodesic":false,"type":"Polygon","coordinates":[[[106.81597548879995,-6.162442849059918],[106.81687380408407,-6.162442849059918],[106.81687380408407,-6.161544533775798],[106.81597548879995,-6.161544533775798],[106.81597548879995,-6.162442849059918]]]},"id":"+118907-6860","properties":{"cls":7,"count":1}},{"type":"Feature","geometry":{"geodesic":false,"type":"Polygon","coordinates":[[[106.81597548879995,-6.224426603664165],[106.81687380408407,-6.224426603664165],[106.81687380408407,-6.223528288380045],[106.81597548879995,-6.223528288380045],[106.81597548879995,-6.224426603664165]]]},"id":"+118907-6929","properties":{"cls":5,"count":1}},{"type":"Feature","geometry":{"geodesic":false,"type":"Polygon","coordinates":[[[106.81687380408407,-6.151663065650483],[106.81777211936819,-6.151663065650483],[106.81777211936819,-6.150764750366364],[106.81687380408407,-6.150764750366364],[106.81687380408407,-6.151663065650483]]]},"id":"+118908-6848","properties":{"cls":2,"count":1}},{"type":"Feature","geometry":{"geodesic":false,"type":"Polygon","coordinates":[[[106.81687380408407,-6.348394112872659],[106.81777211936819,-6.348394112872659],[106.81777211936819,-6.3474957975885395],[106.81687380408407,-6.3474957975885395],[106.81687380408407,-6.348394112872659]]]},"id":"+118908-7067","properties":{"cls":5,"count":1}},{"type":"Feature","geometry":{"geodesic":false,"type":"Polygon","coordinates":[[[106.81777211936819,-6.119323715422181],[106.8186704346523,-6.119323715422181],[106.8186704346523,-6.118425400138062],[106.81777211936819,-6.118425400138062],[106.81777211936819,-6.119323715422181]]]},"id":"+118909-6812","properties":{"cls":5,"count":1}},{"type":"Feature","geometry":{"geodesic":false,"type":"Polygon","coordinates":[[[106.81777211936819,-6.281918781847814],[106.8186704346523,-6.281918781847814],[106.8186704346523,-6.281020466563694],[106.81777211936819,-6.281020466563694],[106.81777211936819,-6.281918781847814]]]},"id":"+118909-6993","properties":{"cls":4,"count":1}},{"type":"Feature","geometry":{"geodesic":false,"type":"Polygon","coordinates":[[[106.81777211936819,-6.349292428156779],[106.8186704346523,-6.349292428156779],[106.8186704346523,-6.348394112872659],[106.81777211936819,-6.348394112872659],[106.81777211936819,-6.349292428156779]]]},"id":"+118909-7068","properties":{"cls":5,"count":1}},{"type":"Feature","geometry":{"geodesic":false,"type":"Polygon","coordinates":[[[106.81777211936819,-6.201968721561177],[106.81956874993642,-6.201968721561177],[106.81956874993642,-6.201070406277057],[106.81777211936819,-6.201070406277057],[106.81777211936819,-6.201968721561177]]]},"id":"+118910-6904","properties":{"cls":5,"count":2}},{"type":"Feature","geometry":{"geodesic":false,"type":"Polygon","coordinates":[[[106.8186704346523,-6.387919985373918],[106.81956874993642,-6.387919985373918],[106.81956874993642,-6.387021670089798],[106.8186704346523,-6.387021670089798],[106.8186704346523,-6.387919985373918]]]},"id":"+118910-7111","properties":{"cls":9,"count":1}},{"type":"Feature","geometry":{"geodesic":false,"type":"Polygon","coordinates":[[[106.81777211936819,-6.1166287695698225],[106.82046706522054,-6.1166287695698225],[106.82046706522054,-6.1157304542857025],[106.81777211936819,-6.1157304542857025],[106.81777211936819,-6.1166287695698225]]]},"id":"+118911-6809","properties":{"cls":2,"count":3}},{"type":"Feature","geometry":{"geodesic":false,"type":"Polygon","coordinates":[[[106.81956874993642,-6.183104100594667],[106.82046706522054,-6.183104100594667],[106.82046706522054,-6.182205785310547],[106.81956874993642,-6.182205785310547],[106.81956874993642,-6.183104100594667]]]},"id":"+118911-6883","properties":{"cls":3,"count":1}},{"type":"Feature","geometry":{"geodesic":false,"type":"Polygon","coordinates":[[[106.81956874993642,-6.201968721561177],[106.82046706522054,-6.201968721561177],[106.82046706522054,-6.201070406277057],[106.81956874993642,-6.201070406277057],[106.81956874993642,-6.201968721561177]]]},"id":"+118911-6904","properties":{"cls":4,"count":1}},{"type":"Feature","geometry":{"geodesic":false,"type":"Polygon","coordinates":[[[106.82046706522054,-6.235206387073599],[106.82136538050466,-6.235206387073599],[106.82136538050466,-6.23430807178948],[106.82046706522054,-6.23430807178948],[106.82046706522054,-6.235206387073599]]]},"id":"+118912-6941","properties":{"cls":5,"count":1}},{"type":"Feature","geometry":{"geodesic":false,"type":"Polygon","coordinates":[[[106.81956874993642,-6.316054762644356],[106.82136538050466,-6.316054762644356],[106.82136538050466,-6.315156447360237],[106.81956874993642,-6.315156447360237],[106.81956874993642,-6.316054762644356]]]},"id":"+118912-7031","properties":{"cls":4,"count":2}},{"type":"Feature","geometry":{"geodesic":false,"type":"Polygon","coordinates":[[[106.82046706522054,-6.3448008517361805],[106.82136538050466,-6.3448008517361805],[106.82136538050466,-6.343902536452061],[106.82046706522054,-6.343902536452061],[106.82046706522054,-6.3448008517361805]]]},"id":"+118912-7063","properties":{"cls":7,"count":1}},{"type":"Feature","geometry":{"geodesic":false,"type":"Polygon","coordinates":[[[106.82136538050466,-6.180409154742308],[106.82226369578878,-6.180409154742308],[106.82226369578878,-6.179510839458189],[106.82136538050466,-6.179510839458189],[106.82136538050466,-6.180409154742308]]]},"id":"+118913-6880","properties":{"cls":3,"count":1}},{"type":"Feature","geometry":{"geodesic":false,"type":"Polygon","coordinates":[[[106.82136538050466,-6.181307470026428],[106.82226369578878,-6.181307470026428],[106.82226369578878,-6.180409154742308],[106.82136538050466,-6.180409154742308],[106.82136538050466,-6.181307470026428]]]},"id":"+118913-6881","properties":{"cls":5,"count":1}},{"type":"Feature","geometry":{"geodesic":false,"type":"Polygon","coordinates":[[[106.82136538050466,-6.184002415878786],[106.82226369578878,-6.184002415878786],[106.82226369578878,-6.183104100594667],[106.82136538050466,-6.183104100594667],[106.82136538050466,-6.184002415878786]]]},"id":"+118913-6884","properties":{"cls":5,"count":1}},{"type":"Feature","geometry":{"geodesic":false,"type":"Polygon","coordinates":[[[106.82136538050466,-6.207358613265894],[106.82226369578878,-6.207358613265894],[106.82226369578878,-6.206460297981774],[106.82136538050466,-6.206460297981774],[106.82136538050466,-6.207358613265894]]]},"id":"+118913-6910","properties":{"cls":4,"count":1}},{"type":"Feature","geometry":{"geodesic":false,"type":"Polygon","coordinates":[[[106.82136538050466,-6.316953077928475],[106.82226369578878,-6.316953077928475],[106.82226369578878,-6.316054762644356],[106.82136538050466,-6.316054762644356],[106.82136538050466,-6.316953077928475]]]},"id":"+118913-7032","properties":{"cls":9,"count":1}},{"type":"Feature","geometry":{"geodesic":false,"type":"Polygon","coordinates":[[[106.82136538050466,-6.342105905883822],[106.82226369578878,-6.342105905883822],[106.82226369578878,-6.341207590599702],[106.82136538050466,-6.341207590599702],[106.82136538050466,-6.342105905883822]]]},"id":"+118913-7060","properties":{"cls":9,"count":1}},{"type":"Feature","geometry":{"geodesic":false,"type":"Polygon","coordinates":[[[106.82136538050466,-6.351089058725017],[106.82226369578878,-6.351089058725017],[106.82226369578878,-6.350190743440898],[106.82136538050466,-6.350190743440898],[106.82136538050466,-6.351089058725017]]]},"id":"+118913-7070","properties":{"cls":3,"count":1}},{"type":"Feature","geometry":{"geodesic":false,"type":"Polygon","coordinates":[[[106.82226369578878,-6.1166287695698225],[106.82316201107291,-6.1166287695698225],[106.82316201107291,-6.1157304542857025],[106.82226369578878,-6.1157304542857025],[106.82226369578878,-6.1166287695698225]]]},"id":"+118914-6809","properties":{"cls":2,"count":1}},{"type":"Feature","geometry":{"geodesic":false,"type":"Polygon","coordinates":[[[106.82226369578878,-6.119323715422181],[106.82316201107291,-6.119323715422181],[106.82316201107291,-6.118425400138062],[106.82226369578878,-6.118425400138062],[106.82226369578878,-6.119323715422181]]]},"id":"+118914-6812","properties":{"cls":3,"count":1}},{"type":"Feature","geometry":{"geodesic":false,"type":"Polygon","coordinates":[[[106.82136538050466,-6.120222030706301],[106.82226369578878,-6.122018661274539],[106.82406032635703,-6.122018661274539],[106.82316201107291,-6.120222030706301],[106.82136538050466,-6.120222030706301]]]},"id":"+118914-6814","properties":{"cls":2,"count":4}},{"type":"Feature","geometry":{"geodesic":false,"type":"Polygon","coordinates":[[[106.82226369578878,-6.147171489229886],[106.82316201107291,-6.147171489229886],[106.82316201107291,-6.146273173945766],[106.82226369578878,-6.146273173945766],[106.82226369578878,-6.147171489229886]]]},"id":"+118914-6843","properties":{"cls":9,"count":1}},{"type":"Feature","geometry":{"geodesic":false,"type":"Polygon","coordinates":[[[106.82226369578878,-6.186697361731145],[106.82316201107291,-6.186697361731145],[106.82316201107291,-6.185799046447025],[106.82226369578878,-6.185799046447025],[106.82226369578878,-6.186697361731145]]]},"id":"+118914-6887","properties":{"cls":7,"count":1}},{"type":"Feature","geometry":{"geodesic":false,"type":"Polygon","coordinates":[[[106.82226369578878,-6.201968721561177],[106.82316201107291,-6.201968721561177],[106.82316201107291,-6.201070406277057],[106.82226369578878,-6.201070406277057],[106.82226369578878,-6.201968721561177]]]},"id":"+118914-6904","properties":{"cls":4,"count":1}},{"type":"Feature","geometry":{"geodesic":false,"type":"Polygon","coordinates":[[[106.82226369578878,-6.2307148106530015],[106.82316201107291,-6.2307148106530015],[106.82316201107291,-6.2298164953688815],[106.82226369578878,-6.2298164953688815],[106.82226369578878,-6.2307148106530015]]]},"id":"+118914-6936","properties":{"cls":5,"count":1}},{"type":"Feature","geometry":{"geodesic":false,"type":"Polygon","coordinates":[[[106.82226369578878,-6.343902536452061],[106.82316201107291,-6.343902536452061],[106.82316201107291,-6.343004221167941],[106.82226369578878,-6.343004221167941],[106.82226369578878,-6.343902536452061]]]},"id":"+118914-7062","properties":{"cls":9,"count":1}},{"type":"Feature","geometry":{"geodesic":false,"type":"Polygon","coordinates":[[[106.82136538050466,-6.348394112872659],[106.82316201107291,-6.348394112872659],[106.82316201107291,-6.3474957975885395],[106.82136538050466,-6.3474957975885395],[106.82136538050466,-6.348394112872659]]]},"id":"+118914-7067","properties":{"cls":5,"count":2}},{"type":"Feature","geometry":{"geodesic":false,"type":"Polygon","coordinates":[[[106.82316201107291,-6.120222030706301],[106.82406032635703,-6.120222030706301],[106.82406032635703,-6.119323715422181],[106.82316201107291,-6.119323715422181],[106.82316201107291,-6.120222030706301]]]},"id":"+118915-6813","properties":{"cls":2,"count":1}},{"type":"Feature","geometry":{"geodesic":false,"type":"Polygon","coordinates":[[[106.82226369578878,-6.148069804514005],[106.82406032635703,-6.148069804514005],[106.82406032635703,-6.147171489229886],[106.82226369578878,-6.147171489229886],[106.82226369578878,-6.148069804514005]]]},"id":"+118915-6844","properties":{"cls":7,"count":2}},{"type":"Feature","geometry":{"geodesic":false,"type":"Polygon","coordinates":[[[106.82316201107291,-6.148968119798125],[106.82406032635703,-6.148968119798125],[106.82406032635703,-6.148069804514005],[106.82316201107291,-6.148069804514005],[106.82316201107291,-6.148968119798125]]]},"id":"+118915-6845","properties":{"cls":9,"count":1}},{"type":"Feature","geometry":{"geodesic":false,"type":"Polygon","coordinates":[[[106.82316201107291,-6.19568051457234],[106.82406032635703,-6.19568051457234],[106.82406032635703,-6.194782199288221],[106.82316201107291,-6.194782199288221],[106.82316201107291,-6.19568051457234]]]},"id":"+118915-6897","properties":{"cls":5,"count":1}},{"type":"Feature","geometry":{"geodesic":false,"type":"Polygon","coordinates":[[[106.82316201107291,-6.202867036845296],[106.82406032635703,-6.202867036845296],[106.82406032635703,-6.201968721561177],[106.82316201107291,-6.201968721561177],[106.82316201107291,-6.202867036845296]]]},"id":"+118915-6905","properties":{"cls":4,"count":1}},{"type":"Feature","geometry":{"geodesic":false,"type":"Polygon","coordinates":[[[106.82316201107291,-6.204663667413535],[106.82406032635703,-6.204663667413535],[106.82406032635703,-6.203765352129416],[106.82316201107291,-6.203765352129416],[106.82316201107291,-6.204663667413535]]]},"id":"+118915-6907","properties":{"cls":4,"count":1}},{"type":"Feature","geometry":{"geodesic":false,"type":"Polygon","coordinates":[[[106.82316201107291,-6.205561982697655],[106.82406032635703,-6.205561982697655],[106.82406032635703,-6.204663667413535],[106.82316201107291,-6.204663667413535],[106.82316201107291,-6.205561982697655]]]},"id":"+118915-6908","properties":{"cls":7,"count":1}},{"type":"Feature","geometry":{"geodesic":false,"type":"Polygon","coordinates":[[[106.82316201107291,-6.341207590599702],[106.82406032635703,-6.341207590599702],[106.82406032635703,-6.340309275315583],[106.82316201107291,-6.340309275315583],[106.82316201107291,-6.341207590599702]]]},"id":"+118915-7059","properties":{"cls":7,"count":1}},{"type":"Feature","geometry":{"geodesic":false,"type":"Polygon","coordinates":[[[106.82406032635703,-6.1166287695698225],[106.82495864164115,-6.1166287695698225],[106.82495864164115,-6.1157304542857025],[106.82406032635703,-6.1157304542857025],[106.82406032635703,-6.1166287695698225]]]},"id":"+118916-6809","properties":{"cls":2,"count":1}},{"type":"Feature","geometry":{"geodesic":false,"type":"Polygon","coordinates":[[[106.82406032635703,-6.144476543377527],[106.82495864164115,-6.144476543377527],[106.82495864164115,-6.142679912809288],[106.82406032635703,-6.142679912809288],[106.82406032635703,-6.144476543377527]]]},"id":"+118916-6839","properties":{"cls":9,"count":2}},{"type":"Feature","geometry":{"geodesic":false,"type":"Polygon","coordinates":[[[106.82406032635703,-6.147171489229886],[106.82495864164115,-6.147171489229886],[106.82495864164115,-6.146273173945766],[106.82406032635703,-6.146273173945766],[106.82406032635703,-6.147171489229886]]]},"id":"+118916-6843","properties":{"cls":7,"count":1}},{"type":"Feature","geometry":{"geodesic":false,"type":"Polygon","coordinates":[[[106.82406032635703,-6.148069804514005],[106.82495864164115,-6.148069804514005],[106.82495864164115,-6.147171489229886],[106.82406032635703,-6.147171489229886],[106.82406032635703,-6.148069804514005]]]},"id":"+118916-6844","properties":{"cls":5,"count":1}},{"type":"Feature","geometry":{"geodesic":false,"type":"Polygon","coordinates":[[[106.82406032635703,-6.181307470026428],[106.82495864164115,-6.181307470026428],[106.82495864164115,-6.180409154742308],[106.82406032635703,-6.180409154742308],[106.82406032635703,-6.181307470026428]]]},"id":"+118916-6881","properties":{"cls":5,"count":1}},{"type":"Feature","geometry":{"geodesic":false,"type":"Polygon","coordinates":[[[106.82406032635703,-6.183104100594667],[106.82495864164115,-6.183104100594667],[106.82495864164115,-6.182205785310547],[106.82406032635703,-6.182205785310547],[106.82406032635703,-6.183104100594667]]]},"id":"+118916-6883","properties":{"cls":4,"count":1}},{"type":"Feature","geometry":{"geodesic":false,"type":"Polygon","coordinates":[[[106.82406032635703,-6.204663667413535],[106.82495864164115,-6.204663667413535],[106.82495864164115,-6.203765352129416],[106.82406032635703,-6.203765352129416],[106.82406032635703,-6.204663667413535]]]},"id":"+118916-6907","properties":{"cls":9,"count":1}},{"type":"Feature","geometry":{"geodesic":false,"type":"Polygon","coordinates":[[[106.82495864164115,-6.1166287695698225],[106.82585695692526,-6.1166287695698225],[106.82585695692526,-6.1157304542857025],[106.82495864164115,-6.1157304542857025],[106.82495864164115,-6.1166287695698225]]]},"id":"+118917-6809","properties":{"cls":4,"count":1}},{"type":"Feature","geometry":{"geodesic":false,"type":"Polygon","coordinates":[[[106.82406032635703,-6.117527084853942],[106.82585695692526,-6.117527084853942],[106.82585695692526,-6.1166287695698225],[106.82406032635703,-6.1166287695698225],[106.82406032635703,-6.117527084853942]]]},"id":"+118917-6810","properties":{"cls":3,"count":2}},{"type":"Feature","geometry":{"geodesic":false,"type":"Polygon","coordinates":[[[106.82495864164115,-6.148069804514005],[106.82585695692526,-6.148069804514005],[106.82585695692526,-6.146273173945766],[106.82495864164115,-6.146273173945766],[106.82495864164115,-6.148069804514005]]]},"id":"+118917-6843","properties":{"cls":9,"count":2}},{"type":"Feature","geometry":{"geodesic":false,"type":"Polygon","coordinates":[[[106.82495864164115,-6.183104100594667],[106.82585695692526,-6.183104100594667],[106.82585695692526,-6.181307470026428],[106.82495864164115,-6.181307470026428],[106.82495864164115,-6.183104100594667]]]},"id":"+118917-6882","properties":{"cls":5,"count":2}},{"type":"Feature","geometry":{"geodesic":false,"type":"Polygon","coordinates":[[[106.82495864164115,-6.184002415878786],[106.82585695692526,-6.184002415878786],[106.82585695692526,-6.183104100594667],[106.82495864164115,-6.183104100594667],[106.82495864164115,-6.184002415878786]]]},"id":"+118917-6884","properties":{"cls":9,"count":1}},{"type":"Feature","geometry":{"geodesic":false,"type":"Polygon","coordinates":[[[106.82495864164115,-6.184900731162906],[106.82585695692526,-6.184900731162906],[106.82585695692526,-6.184002415878786],[106.82495864164115,-6.184002415878786],[106.82495864164115,-6.184900731162906]]]},"id":"+118917-6885","properties":{"cls":7,"count":1}},{"type":"Feature","geometry":{"geodesic":false,"type":"Polygon","coordinates":[[[106.82495864164115,-6.203765352129416],[106.82585695692526,-6.203765352129416],[106.82585695692526,-6.202867036845296],[106.82495864164115,-6.202867036845296],[106.82495864164115,-6.203765352129416]]]},"id":"+118917-6906","properties":{"cls":2,"count":1}},{"type":"Feature","geometry":{"geodesic":false,"type":"Polygon","coordinates":[[[106.82495864164115,-6.339410960031463],[106.82585695692526,-6.339410960031463],[106.82585695692526,-6.338512644747344],[106.82495864164115,-6.338512644747344],[106.82495864164115,-6.339410960031463]]]},"id":"+118917-7057","properties":{"cls":3,"count":1}},{"type":"Feature","geometry":{"geodesic":false,"type":"Polygon","coordinates":[[[106.82495864164115,-6.3636654727026905],[106.82585695692526,-6.3636654727026905],[106.82585695692526,-6.362767157418571],[106.82495864164115,-6.362767157418571],[106.82495864164115,-6.3636654727026905]]]},"id":"+118917-7084","properties":{"cls":9,"count":1}},{"type":"Feature","geometry":{"geodesic":false,"type":"Polygon","coordinates":[[[106.82495864164115,-6.370851994975647],[106.82585695692526,-6.370851994975647],[106.82585695692526,-6.369953679691527],[106.82495864164115,-6.369953679691527],[106.82495864164115,-6.370851994975647]]]},"id":"+118917-7092","properties":{"cls":4,"count":1}},{"type":"Feature","geometry":{"geodesic":false,"type":"Polygon","coordinates":[[[106.82585695692526,-6.131001814115734],[106.82675527220938,-6.131001814115734],[106.82675527220938,-6.130103498831615],[106.82585695692526,-6.130103498831615],[106.82585695692526,-6.131001814115734]]]},"id":"+118918-6825","properties":{"cls":5,"count":1}},{"type":"Feature","geometry":{"geodesic":false,"type":"Polygon","coordinates":[[[106.82495864164115,-6.141781597525169],[106.82495864164115,-6.144476543377527],[106.82406032635703,-6.144476543377527],[106.82406032635703,-6.142679912809288],[106.82316201107291,-6.142679912809288],[106.82316201107291,-6.144476543377527],[106.82136538050466,-6.144476543377527],[106.82136538050466,-6.145374858661647],[106.82046706522054,-6.145374858661647],[106.82046706522054,-6.147171489229886],[106.82136538050466,-6.147171489229886],[106.82136538050466,-6.146273173945766],[106.82316201107291,-6.146273173945766],[106.82316201107291,-6.145374858661647],[106.82495864164115,-6.145374858661647],[106.82495864164115,-6.146273173945766],[106.82585695692526,-6.146273173945766],[106.82585695692526,-6.145374858661647],[106.82675527220938,-6.145374858661647],[106.82675527220938,-6.141781597525169],[106.82495864164115,-6.141781597525169]]]},"id":"+118918-6838","properties":{"cls":7,"count":19}},{"type":"Feature","geometry":{"geodesic":false,"type":"Polygon","coordinates":[[[106.82585695692526,-6.148069804514005],[106.82675527220938,-6.148069804514005],[106.82675527220938,-6.147171489229886],[106.82585695692526,-6.147171489229886],[106.82585695692526,-6.148069804514005]]]},"id":"+118918-6844","properties":{"cls":4,"count":1}},{"type":"Feature","geometry":{"geodesic":false,"type":"Polygon","coordinates":[[[106.82406032635703,-6.148968119798125],[106.82675527220938,-6.148968119798125],[106.82675527220938,-6.148069804514005],[106.82406032635703,-6.148069804514005],[106.82406032635703,-6.148968119798125]]]},"id":"+118918-6845","properties":{"cls":7,"count":3}},{"type":"Feature","geometry":{"geodesic":false,"type":"Polygon","coordinates":[[[106.82585695692526,-6.180409154742308],[106.82675527220938,-6.180409154742308],[106.82675527220938,-6.179510839458189],[106.82585695692526,-6.179510839458189],[106.82585695692526,-6.180409154742308]]]},"id":"+118918-6880","properties":{"cls":2,"count":1}},{"type":"Feature","geometry":{"geodesic":false,"type":"Polygon","coordinates":[[[106.82585695692526,-6.180409154742308],[106.82585695692526,-6.184002415878786],[106.82675527220938,-6.184002415878786],[106.8276535874935,-6.182205785310547],[106.82675527220938,-6.182205785310547],[106.82675527220938,-6.180409154742308],[106.82585695692526,-6.180409154742308]]]},"id":"+118918-6881","properties":{"cls":7,"count":5}},{"type":"Feature","geometry":{"geodesic":false,"type":"Polygon","coordinates":[[[106.82495864164115,-6.228918180084762],[106.82675527220938,-6.228918180084762],[106.82675527220938,-6.228019864800642],[106.82495864164115,-6.228019864800642],[106.82495864164115,-6.228918180084762]]]},"id":"+118918-6934","properties":{"cls":3,"count":2}},{"type":"Feature","geometry":{"geodesic":false,"type":"Polygon","coordinates":[[[106.82585695692526,-6.356478950429734],[106.82675527220938,-6.356478950429734],[106.82675527220938,-6.355580635145615],[106.82585695692526,-6.355580635145615],[106.82585695692526,-6.356478950429734]]]},"id":"+118918-7076","properties":{"cls":5,"count":1}},{"type":"Feature","geometry":{"geodesic":false,"type":"Polygon","coordinates":[[[106.82585695692526,-6.362767157418571],[106.82675527220938,-6.362767157418571],[106.82675527220938,-6.361868842134451],[106.82585695692526,-6.361868842134451],[106.82585695692526,-6.362767157418571]]]},"id":"+118918-7083","properties":{"cls":7,"count":1}},{"type":"Feature","geometry":{"geodesic":false,"type":"Polygon","coordinates":[[[106.82675527220938,-6.143578228093408],[106.8276535874935,-6.143578228093408],[106.8276535874935,-6.142679912809288],[106.82675527220938,-6.142679912809288],[106.82675527220938,-6.143578228093408]]]},"id":"+118919-6839","properties":{"cls":9,"count":1}},{"type":"Feature","geometry":{"geodesic":false,"type":"Polygon","coordinates":[[[106.82675527220938,-6.173222632469352],[106.8276535874935,-6.173222632469352],[106.8276535874935,-6.1723243171852324],[106.82675527220938,-6.1723243171852324],[106.82675527220938,-6.173222632469352]]]},"id":"+118919-6872","properties":{"cls":2,"count":1}},{"type":"Feature","geometry":{"geodesic":false,"type":"Polygon","coordinates":[[[106.82675527220938,-6.181307470026428],[106.8276535874935,-6.181307470026428],[106.8276535874935,-6.180409154742308],[106.82675527220938,-6.180409154742308],[106.82675527220938,-6.181307470026428]]]},"id":"+118919-6881","properties":{"cls":3,"count":1}},{"type":"Feature","geometry":{"geodesic":false,"type":"Polygon","coordinates":[[[106.82675527220938,-6.184002415878786],[106.8276535874935,-6.184002415878786],[106.8276535874935,-6.183104100594667],[106.82675527220938,-6.183104100594667],[106.82675527220938,-6.184002415878786]]]},"id":"+118919-6884","properties":{"cls":2,"count":1}},{"type":"Feature","geometry":{"geodesic":false,"type":"Polygon","coordinates":[[[106.82675527220938,-6.204663667413535],[106.8276535874935,-6.204663667413535],[106.8276535874935,-6.203765352129416],[106.82675527220938,-6.203765352129416],[106.82675527220938,-6.204663667413535]]]},"id":"+118919-6907","properties":{"cls":9,"count":1}},{"type":"Feature","geometry":{"geodesic":false,"type":"Polygon","coordinates":[[[106.82585695692526,-6.2298164953688815],[106.8276535874935,-6.2298164953688815],[106.8276535874935,-6.228918180084762],[106.82585695692526,-6.228918180084762],[106.82585695692526,-6.2298164953688815]]]},"id":"+118919-6935","properties":{"cls":4,"count":2}},{"type":"Feature","geometry":{"geodesic":false,"type":"Polygon","coordinates":[[[106.82675527220938,-6.356478950429734],[106.8276535874935,-6.356478950429734],[106.8276535874935,-6.355580635145615],[106.82675527220938,-6.355580635145615],[106.82675527220938,-6.356478950429734]]]},"id":"+118919-7076","properties":{"cls":9,"count":1}},{"type":"Feature","geometry":{"geodesic":false,"type":"Polygon","coordinates":[[[106.82675527220938,-6.358275580997973],[106.8276535874935,-6.358275580997973],[106.8276535874935,-6.357377265713854],[106.82675527220938,-6.357377265713854],[106.82675527220938,-6.358275580997973]]]},"id":"+118919-7078","properties":{"cls":9,"count":1}},{"type":"Feature","geometry":{"geodesic":false,"type":"Polygon","coordinates":[[[106.82585695692526,-6.120222030706301],[106.82855190277762,-6.120222030706301],[106.82855190277762,-6.118425400138062],[106.82585695692526,-6.118425400138062],[106.82585695692526,-6.120222030706301]]]},"id":"+118920-6812","properties":{"cls":2,"count":6}},{"type":"Feature","geometry":{"geodesic":false,"type":"Polygon","coordinates":[[[106.8276535874935,-6.129205183547495],[106.82855190277762,-6.129205183547495],[106.82855190277762,-6.128306868263376],[106.8276535874935,-6.128306868263376],[106.8276535874935,-6.129205183547495]]]},"id":"+118920-6823","properties":{"cls":4,"count":1}},{"type":"Feature","geometry":{"geodesic":false,"type":"Polygon","coordinates":[[[106.8276535874935,-6.143578228093408],[106.82855190277762,-6.143578228093408],[106.82855190277762,-6.141781597525169],[106.8276535874935,-6.141781597525169],[106.8276535874935,-6.143578228093408]]]},"id":"+118920-6838","properties":{"cls":5,"count":2}},{"type":"Feature","geometry":{"geodesic":false,"type":"Polygon","coordinates":[[[106.8276535874935,-6.180409154742308],[106.82675527220938,-6.182205785310547],[106.82855190277762,-6.183104100594667],[106.82855190277762,-6.180409154742308],[106.8276535874935,-6.180409154742308]]]},"id":"+118920-6881","properties":{"cls":5,"count":4}},{"type":"Feature","geometry":{"geodesic":false,"type":"Polygon","coordinates":[[[106.8276535874935,-6.204663667413535],[106.82855190277762,-6.204663667413535],[106.82855190277762,-6.203765352129416],[106.8276535874935,-6.203765352129416],[106.8276535874935,-6.204663667413535]]]},"id":"+118920-6907","properties":{"cls":4,"count":1}},{"type":"Feature","geometry":{"geodesic":false,"type":"Polygon","coordinates":[[[106.8276535874935,-6.224426603664165],[106.82855190277762,-6.224426603664165],[106.82855190277762,-6.223528288380045],[106.8276535874935,-6.223528288380045],[106.8276535874935,-6.224426603664165]]]},"id":"+118920-6929","properties":{"cls":7,"count":1}},{"type":"Feature","geometry":{"geodesic":false,"type":"Polygon","coordinates":[[[106.8276535874935,-6.225324918948284],[106.82855190277762,-6.225324918948284],[106.82855190277762,-6.224426603664165],[106.8276535874935,-6.224426603664165],[106.8276535874935,-6.225324918948284]]]},"id":"+118920-6930","properties":{"cls":5,"count":1}},{"type":"Feature","geometry":{"geodesic":false,"type":"Polygon","coordinates":[[[106.8276535874935,-6.236104702357719],[106.82855190277762,-6.236104702357719],[106.82855190277762,-6.235206387073599],[106.8276535874935,-6.235206387073599],[106.8276535874935,-6.236104702357719]]]},"id":"+118920-6942","properties":{"cls":5,"count":1}},{"type":"Feature","geometry":{"geodesic":false,"type":"Polygon","coordinates":[[[106.8276535874935,-6.355580635145615],[106.82855190277762,-6.355580635145615],[106.82855190277762,-6.354682319861495],[106.8276535874935,-6.354682319861495],[106.8276535874935,-6.355580635145615]]]},"id":"+118920-7075","properties":{"cls":7,"count":1}},{"type":"Feature","geometry":{"geodesic":false,"type":"Polygon","coordinates":[[[106.8276535874935,-6.360970526850332],[106.82855190277762,-6.360970526850332],[106.82855190277762,-6.360072211566212],[106.8276535874935,-6.360072211566212],[106.8276535874935,-6.360970526850332]]]},"id":"+118920-7081","properties":{"cls":5,"count":1}},{"type":"Feature","geometry":{"geodesic":false,"type":"Polygon","coordinates":[[[106.82855190277762,-6.122916976558659],[106.82945021806174,-6.122916976558659],[106.82945021806174,-6.122018661274539],[106.82855190277762,-6.122018661274539],[106.82855190277762,-6.122916976558659]]]},"id":"+118921-6816","properties":{"cls":7,"count":1}},{"type":"Feature","geometry":{"geodesic":false,"type":"Polygon","coordinates":[[[106.82855190277762,-6.126510237695137],[106.82945021806174,-6.126510237695137],[106.82945021806174,-6.123815291842778],[106.82855190277762,-6.123815291842778],[106.82855190277762,-6.126510237695137]]]},"id":"+118921-6818","properties":{"cls":2,"count":3}},{"type":"Feature","geometry":{"geodesic":false,"type":"Polygon","coordinates":[[[106.82855190277762,-6.206460297981774],[106.82945021806174,-6.206460297981774],[106.82945021806174,-6.205561982697655],[106.82855190277762,-6.205561982697655],[106.82855190277762,-6.206460297981774]]]},"id":"+118921-6909","properties":{"cls":2,"count":1}},{"type":"Feature","geometry":{"geodesic":false,"type":"Polygon","coordinates":[[[106.82855190277762,-6.351089058725017],[106.82945021806174,-6.351089058725017],[106.82945021806174,-6.350190743440898],[106.82855190277762,-6.350190743440898],[106.82855190277762,-6.351089058725017]]]},"id":"+118921-7070","properties":{"cls":9,"count":1}},{"type":"Feature","geometry":{"geodesic":false,"type":"Polygon","coordinates":[[[106.82855190277762,-6.367258733839169],[106.82945021806174,-6.367258733839169],[106.82945021806174,-6.3663604185550495],[106.82855190277762,-6.3663604185550495],[106.82855190277762,-6.367258733839169]]]},"id":"+118921-7088","properties":{"cls":7,"count":1}},{"type":"Feature","geometry":{"geodesic":false,"type":"Polygon","coordinates":[[[106.82855190277762,-6.375343571396244],[106.82945021806174,-6.375343571396244],[106.82945021806174,-6.374445256112125],[106.82855190277762,-6.374445256112125],[106.82855190277762,-6.375343571396244]]]},"id":"+118921-7097","properties":{"cls":2,"count":1}},{"type":"Feature","geometry":{"geodesic":false,"type":"Polygon","coordinates":[[[106.82945021806174,-6.124713607126898],[106.83034853334586,-6.124713607126898],[106.83034853334586,-6.123815291842778],[106.82945021806174,-6.123815291842778],[106.82945021806174,-6.124713607126898]]]},"id":"+118922-6818","properties":{"cls":7,"count":1}},{"type":"Feature","geometry":{"geodesic":false,"type":"Polygon","coordinates":[[[106.82945021806174,-6.125611922411017],[106.83034853334586,-6.125611922411017],[106.83034853334586,-6.124713607126898],[106.82945021806174,-6.124713607126898],[106.82945021806174,-6.125611922411017]]]},"id":"+118922-6819","properties":{"cls":9,"count":1}},{"type":"Feature","geometry":{"geodesic":false,"type":"Polygon","coordinates":[[[106.82945021806174,-6.127408552979256],[106.83034853334586,-6.127408552979256],[106.83034853334586,-6.125611922411017],[106.82945021806174,-6.125611922411017],[106.82945021806174,-6.127408552979256]]]},"id":"+118922-6820","properties":{"cls":5,"count":2}},{"type":"Feature","geometry":{"geodesic":false,"type":"Polygon","coordinates":[[[106.82945021806174,-6.219036711959448],[106.83034853334586,-6.219036711959448],[106.83034853334586,-6.217240081391209],[106.82945021806174,-6.217240081391209],[106.82945021806174,-6.219036711959448]]]},"id":"+118922-6922","properties":{"cls":2,"count":2}},{"type":"Feature","geometry":{"geodesic":false,"type":"Polygon","coordinates":[[[106.82945021806174,-6.350190743440898],[106.83034853334586,-6.350190743440898],[106.83034853334586,-6.349292428156779],[106.82945021806174,-6.349292428156779],[106.82945021806174,-6.350190743440898]]]},"id":"+118922-7069","properties":{"cls":7,"count":1}},{"type":"Feature","geometry":{"geodesic":false,"type":"Polygon","coordinates":[[[106.82945021806174,-6.356478950429734],[106.83034853334586,-6.356478950429734],[106.83034853334586,-6.355580635145615],[106.82945021806174,-6.355580635145615],[106.82945021806174,-6.356478950429734]]]},"id":"+118922-7076","properties":{"cls":5,"count":1}},{"type":"Feature","geometry":{"geodesic":false,"type":"Polygon","coordinates":[[[106.82855190277762,-6.3663604185550495],[106.83034853334586,-6.3663604185550495],[106.83034853334586,-6.3654621032709295],[106.82855190277762,-6.3654621032709295],[106.82855190277762,-6.3663604185550495]]]},"id":"+118922-7087","properties":{"cls":9,"count":2}},{"type":"Feature","geometry":{"geodesic":false,"type":"Polygon","coordinates":[[[106.83034853334586,-6.1345950752522125],[106.83124684862997,-6.1345950752522125],[106.83124684862997,-6.131900129399854],[106.83034853334586,-6.131900129399854],[106.83034853334586,-6.1345950752522125]]]},"id":"+118923-6827","properties":{"cls":2,"count":3}},{"type":"Feature","geometry":{"geodesic":false,"type":"Polygon","coordinates":[[[106.83034853334586,-6.137290021104572],[106.83124684862997,-6.137290021104572],[106.83124684862997,-6.1354933905363325],[106.83034853334586,-6.1354933905363325],[106.83034853334586,-6.137290021104572]]]},"id":"+118923-6831","properties":{"cls":2,"count":2}},{"type":"Feature","geometry":{"geodesic":false,"type":"Polygon","coordinates":[[[106.83034853334586,-6.13998496695693],[106.83124684862997,-6.13998496695693],[106.83124684862997,-6.13908665167281],[106.83034853334586,-6.13908665167281],[106.83034853334586,-6.13998496695693]]]},"id":"+118923-6835","properties":{"cls":2,"count":1}},{"type":"Feature","geometry":{"geodesic":false,"type":"Polygon","coordinates":[[[106.83034853334586,-6.17771420888995],[106.83124684862997,-6.17771420888995],[106.83124684862997,-6.17681589360583],[106.83034853334586,-6.17681589360583],[106.83034853334586,-6.17771420888995]]]},"id":"+118923-6877","properties":{"cls":4,"count":1}},{"type":"Feature","geometry":{"geodesic":false,"type":"Polygon","coordinates":[[[106.83124684862997,-6.136391705820452],[106.83214516391409,-6.136391705820452],[106.83214516391409,-6.1345950752522125],[106.83124684862997,-6.1345950752522125],[106.83124684862997,-6.136391705820452]]]},"id":"+118924-6830","properties":{"cls":7,"count":2}},{"type":"Feature","geometry":{"geodesic":false,"type":"Polygon","coordinates":[[[106.83124684862997,-6.159747903207559],[106.83214516391409,-6.159747903207559],[106.83214516391409,-6.15884958792344],[106.83124684862997,-6.15884958792344],[106.83124684862997,-6.159747903207559]]]},"id":"+118924-6857","properties":{"cls":2,"count":1}},{"type":"Feature","geometry":{"geodesic":false,"type":"Polygon","coordinates":[[[106.83124684862997,-6.163341164344037],[106.83214516391409,-6.163341164344037],[106.83214516391409,-6.162442849059918],[106.83124684862997,-6.162442849059918],[106.83124684862997,-6.163341164344037]]]},"id":"+118924-6861","properties":{"cls":2,"count":1}},{"type":"Feature","geometry":{"geodesic":false,"type":"Polygon","coordinates":[[[106.83124684862997,-6.178612524174069],[106.83214516391409,-6.178612524174069],[106.83214516391409,-6.17771420888995],[106.83124684862997,-6.17771420888995],[106.83124684862997,-6.178612524174069]]]},"id":"+118924-6878","properties":{"cls":5,"count":1}},{"type":"Feature","geometry":{"geodesic":false,"type":"Polygon","coordinates":[[[106.83124684862997,-6.130103498831615],[106.83304347919822,-6.130103498831615],[106.83304347919822,-6.129205183547495],[106.83124684862997,-6.129205183547495],[106.83124684862997,-6.130103498831615]]]},"id":"+118925-6824","properties":{"cls":2,"count":2}},{"type":"Feature","geometry":{"geodesic":false,"type":"Polygon","coordinates":[[[106.83214516391409,-6.1345950752522125],[106.83304347919822,-6.1345950752522125],[106.83304347919822,-6.132798444683973],[106.83214516391409,-6.132798444683973],[106.83214516391409,-6.1345950752522125]]]},"id":"+118925-6828","properties":{"cls":7,"count":2}},{"type":"Feature","geometry":{"geodesic":false,"type":"Polygon","coordinates":[[[106.83124684862997,-6.137290021104572],[106.83304347919822,-6.137290021104572],[106.83304347919822,-6.136391705820452],[106.83124684862997,-6.136391705820452],[106.83124684862997,-6.137290021104572]]]},"id":"+118925-6832","properties":{"cls":9,"count":2}},{"type":"Feature","geometry":{"geodesic":false,"type":"Polygon","coordinates":[[[106.83214516391409,-6.162442849059918],[106.83304347919822,-6.162442849059918],[106.83304347919822,-6.161544533775798],[106.83214516391409,-6.161544533775798],[106.83214516391409,-6.162442849059918]]]},"id":"+118925-6860","properties":{"cls":2,"count":1}},{"type":"Feature","geometry":{"geodesic":false,"type":"Polygon","coordinates":[[[106.83124684862997,-6.166934425480515],[106.83304347919822,-6.166934425480515],[106.83304347919822,-6.166036110196396],[106.83124684862997,-6.166036110196396],[106.83124684862997,-6.166934425480515]]]},"id":"+118925-6865","properties":{"cls":5,"count":2}},{"type":"Feature","geometry":{"geodesic":false,"type":"Polygon","coordinates":[[[106.83214516391409,-6.167832740764635],[106.83304347919822,-6.167832740764635],[106.83304347919822,-6.166934425480515],[106.83214516391409,-6.166934425480515],[106.83214516391409,-6.167832740764635]]]},"id":"+118925-6866","properties":{"cls":2,"count":1}},{"type":"Feature","geometry":{"geodesic":false,"type":"Polygon","coordinates":[[[106.83214516391409,-6.224426603664165],[106.83304347919822,-6.224426603664165],[106.83304347919822,-6.223528288380045],[106.83214516391409,-6.223528288380045],[106.83214516391409,-6.224426603664165]]]},"id":"+118925-6929","properties":{"cls":5,"count":1}},{"type":"Feature","geometry":{"geodesic":false,"type":"Polygon","coordinates":[[[106.83214516391409,-6.227121549516523],[106.83304347919822,-6.227121549516523],[106.83304347919822,-6.226223234232404],[106.83214516391409,-6.226223234232404],[106.83214516391409,-6.227121549516523]]]},"id":"+118925-6932","properties":{"cls":4,"count":1}},{"type":"Feature","geometry":{"geodesic":false,"type":"Polygon","coordinates":[[[106.83304347919822,-6.146273173945766],[106.83394179448234,-6.146273173945766],[106.83394179448234,-6.145374858661647],[106.83304347919822,-6.145374858661647],[106.83304347919822,-6.146273173945766]]]},"id":"+118926-6842","properties":{"cls":5,"count":1}},{"type":"Feature","geometry":{"geodesic":false,"type":"Polygon","coordinates":[[[106.83214516391409,-6.15884958792344],[106.83394179448234,-6.15884958792344],[106.83394179448234,-6.15795127263932],[106.83214516391409,-6.15795127263932],[106.83214516391409,-6.15884958792344]]]},"id":"+118926-6856","properties":{"cls":7,"count":2}},{"type":"Feature","geometry":{"geodesic":false,"type":"Polygon","coordinates":[[[106.83304347919822,-6.161544533775798],[106.83394179448234,-6.161544533775798],[106.83394179448234,-6.15884958792344],[106.83304347919822,-6.15884958792344],[106.83304347919822,-6.161544533775798]]]},"id":"+118926-6857","properties":{"cls":5,"count":3}},{"type":"Feature","geometry":{"geodesic":false,"type":"Polygon","coordinates":[[[106.83304347919822,-6.162442849059918],[106.83394179448234,-6.162442849059918],[106.83394179448234,-6.161544533775798],[106.83304347919822,-6.161544533775798],[106.83304347919822,-6.162442849059918]]]},"id":"+118926-6860","properties":{"cls":9,"count":1}},{"type":"Feature","geometry":{"geodesic":false,"type":"Polygon","coordinates":[[[106.83214516391409,-6.163341164344037],[106.83394179448234,-6.163341164344037],[106.83394179448234,-6.162442849059918],[106.83214516391409,-6.162442849059918],[106.83214516391409,-6.163341164344037]]]},"id":"+118926-6861","properties":{"cls":7,"count":2}},{"type":"Feature","geometry":{"geodesic":false,"type":"Polygon","coordinates":[[[106.83214516391409,-6.225324918948284],[106.83394179448234,-6.225324918948284],[106.83394179448234,-6.224426603664165],[106.83214516391409,-6.224426603664165],[106.83214516391409,-6.225324918948284]]]},"id":"+118926-6930","properties":{"cls":2,"count":2}},{"type":"Feature","geometry":{"geodesic":false,"type":"Polygon","coordinates":[[[106.83304347919822,-6.23340975650536],[106.83394179448234,-6.23340975650536],[106.83394179448234,-6.231613125937121],[106.83304347919822,-6.231613125937121],[106.83304347919822,-6.23340975650536]]]},"id":"+118926-6938","properties":{"cls":2,"count":2}},{"type":"Feature","geometry":{"geodesic":false,"type":"Polygon","coordinates":[[[106.83214516391409,-6.136391705820452],[106.83484010976646,-6.136391705820452],[106.83484010976646,-6.1354933905363325],[106.83214516391409,-6.1354933905363325],[106.83214516391409,-6.136391705820452]]]},"id":"+118927-6831","properties":{"cls":4,"count":3}},{"type":"Feature","geometry":{"geodesic":false,"type":"Polygon","coordinates":[[[106.83394179448234,-6.159747903207559],[106.83484010976646,-6.159747903207559],[106.83484010976646,-6.15884958792344],[106.83394179448234,-6.15884958792344],[106.83394179448234,-6.159747903207559]]]},"id":"+118927-6857","properties":{"cls":7,"count":1}},{"type":"Feature","geometry":{"geodesic":false,"type":"Polygon","coordinates":[[[106.83394179448234,-6.160646218491679],[106.83484010976646,-6.160646218491679],[106.83484010976646,-6.159747903207559],[106.83394179448234,-6.159747903207559],[106.83394179448234,-6.160646218491679]]]},"id":"+118927-6858","properties":{"cls":3,"count":1}},{"type":"Feature","geometry":{"geodesic":false,"type":"Polygon","coordinates":[[[106.83394179448234,-6.164239479628157],[106.83484010976646,-6.164239479628157],[106.83484010976646,-6.163341164344037],[106.83394179448234,-6.163341164344037],[106.83394179448234,-6.164239479628157]]]},"id":"+118927-6862","properties":{"cls":7,"count":1}},{"type":"Feature","geometry":{"geodesic":false,"type":"Polygon","coordinates":[[[106.83484010976646,-6.133696759968093],[106.83484010976646,-6.1345950752522125],[106.83214516391409,-6.1345950752522125],[106.83214516391409,-6.1354933905363325],[106.83484010976646,-6.1354933905363325],[106.83484010976646,-6.137290021104572],[106.83573842505058,-6.137290021104572],[106.83573842505058,-6.133696759968093],[106.83484010976646,-6.133696759968093]]]},"id":"+118928-6829","properties":{"cls":5,"count":7}},{"type":"Feature","geometry":{"geodesic":false,"type":"Polygon","coordinates":[[[106.83484010976646,-6.15795127263932],[106.83573842505058,-6.15795127263932],[106.83573842505058,-6.157052957355201],[106.83484010976646,-6.157052957355201],[106.83484010976646,-6.15795127263932]]]},"id":"+118928-6855","properties":{"cls":7,"count":1}},{"type":"Feature","geometry":{"geodesic":false,"type":"Polygon","coordinates":[[[106.83484010976646,-6.160646218491679],[106.83573842505058,-6.160646218491679],[106.83573842505058,-6.159747903207559],[106.83484010976646,-6.159747903207559],[106.83484010976646,-6.160646218491679]]]},"id":"+118928-6858","properties":{"cls":4,"count":1}},{"type":"Feature","geometry":{"geodesic":false,"type":"Polygon","coordinates":[[[106.83394179448234,-6.161544533775798],[106.83394179448234,-6.163341164344037],[106.83573842505058,-6.164239479628157],[106.83573842505058,-6.161544533775798],[106.83394179448234,-6.161544533775798]]]},"id":"+118928-6860","properties":{"cls":5,"count":5}},{"type":"Feature","geometry":{"geodesic":false,"type":"Polygon","coordinates":[[[106.83573842505058,-6.133696759968093],[106.8366367403347,-6.133696759968093],[106.8366367403347,-6.132798444683973],[106.83573842505058,-6.132798444683973],[106.83573842505058,-6.133696759968093]]]},"id":"+118929-6828","properties":{"cls":3,"count":1}},{"type":"Feature","geometry":{"geodesic":false,"type":"Polygon","coordinates":[[[106.83573842505058,-6.1543580115028425],[106.8366367403347,-6.1543580115028425],[106.8366367403347,-6.152561380934603],[106.83573842505058,-6.152561380934603],[106.83573842505058,-6.1543580115028425]]]},"id":"+118929-6850","properties":{"cls":7,"count":2}},{"type":"Feature","geometry":{"geodesic":false,"type":"Polygon","coordinates":[[[106.83573842505058,-6.159747903207559],[106.8366367403347,-6.159747903207559],[106.8366367403347,-6.15884958792344],[106.83573842505058,-6.15884958792344],[106.83573842505058,-6.159747903207559]]]},"id":"+118929-6857","properties":{"cls":9,"count":1}},{"type":"Feature","geometry":{"geodesic":false,"type":"Polygon","coordinates":[[[106.83573842505058,-6.159747903207559],[106.83484010976646,-6.161544533775798],[106.8366367403347,-6.162442849059918],[106.8366367403347,-6.159747903207559],[106.83573842505058,-6.159747903207559]]]},"id":"+118929-6858","properties":{"cls":7,"count":4}},{"type":"Feature","geometry":{"geodesic":false,"type":"Polygon","coordinates":[[[106.8366367403347,-6.125611922411017],[106.83753505561882,-6.125611922411017],[106.83753505561882,-6.124713607126898],[106.8366367403347,-6.124713607126898],[106.8366367403347,-6.125611922411017]]]},"id":"+118930-6819","properties":{"cls":5,"count":1}},{"type":"Feature","geometry":{"geodesic":false,"type":"Polygon","coordinates":[[[106.8366367403347,-6.152561380934603],[106.83753505561882,-6.152561380934603],[106.83753505561882,-6.151663065650483],[106.8366367403347,-6.151663065650483],[106.8366367403347,-6.152561380934603]]]},"id":"+118930-6849","properties":{"cls":9,"count":1}},{"type":"Feature","geometry":{"geodesic":false,"type":"Polygon","coordinates":[[[106.83484010976646,-6.1552563267869616],[106.83484010976646,-6.156154642071081],[106.83394179448234,-6.156154642071081],[106.83394179448234,-6.15884958792344],[106.83573842505058,-6.159747903207559],[106.83753505561882,-6.1552563267869616],[106.83484010976646,-6.1552563267869616]],[[106.83573842505058,-6.157052957355201],[106.83484010976646,-6.157052957355201],[106.83484010976646,-6.15795127263932],[106.83573842505058,-6.15795127263932],[106.83573842505058,-6.157052957355201]]]},"id":"+118930-6853","properties":{"cls":5,"count":12}},{"type":"Feature","geometry":{"geodesic":false,"type":"Polygon","coordinates":[[[106.8366367403347,-6.157052957355201],[106.83753505561882,-6.157052957355201],[106.83753505561882,-6.156154642071081],[106.8366367403347,-6.156154642071081],[106.8366367403347,-6.157052957355201]]]},"id":"+118930-6854","properties":{"cls":4,"count":1}},{"type":"Feature","geometry":{"geodesic":false,"type":"Polygon","coordinates":[[[106.8366367403347,-6.159747903207559],[106.83753505561882,-6.159747903207559],[106.83753505561882,-6.157052957355201],[106.8366367403347,-6.157052957355201],[106.8366367403347,-6.159747903207559]]]},"id":"+118930-6855","properties":{"cls":7,"count":3}},{"type":"Feature","geometry":{"geodesic":false,"type":"Polygon","coordinates":[[[106.83753505561882,-6.1543580115028425],[106.83843337090293,-6.1543580115028425],[106.83843337090293,-6.1534596962187225],[106.83753505561882,-6.1534596962187225],[106.83753505561882,-6.1543580115028425]]]},"id":"+118931-6851","properties":{"cls":5,"count":1}},{"type":"Feature","geometry":{"geodesic":false,"type":"Polygon","coordinates":[[[106.8366367403347,-6.1552563267869616],[106.83843337090293,-6.1552563267869616],[106.83843337090293,-6.1543580115028425],[106.8366367403347,-6.1543580115028425],[106.8366367403347,-6.1552563267869616]]]},"id":"+118931-6852","properties":{"cls":7,"count":2}},{"type":"Feature","geometry":{"geodesic":false,"type":"Polygon","coordinates":[[[106.83753505561882,-6.15884958792344],[106.83843337090293,-6.15884958792344],[106.83843337090293,-6.15795127263932],[106.83753505561882,-6.15795127263932],[106.83753505561882,-6.15884958792344]]]},"id":"+118931-6856","properties":{"cls":9,"count":1}},{"type":"Feature","geometry":{"geodesic":false,"type":"Polygon","coordinates":[[[106.83933168618705,-6.1543580115028425],[106.84023000147117,-6.1543580115028425],[106.84023000147117,-6.1534596962187225],[106.83933168618705,-6.1534596962187225],[106.83933168618705,-6.1543580115028425]]]},"id":"+118933-6851","properties":{"cls":5,"count":1}},{"type":"Feature","geometry":{"geodesic":false,"type":"Polygon","coordinates":[[[106.83933168618705,-6.1552563267869616],[106.84023000147117,-6.1552563267869616],[106.84023000147117,-6.1543580115028425],[106.83933168618705,-6.1543580115028425],[106.83933168618705,-6.1552563267869616]]]},"id":"+118933-6852","properties":{"cls":4,"count":1}},{"type":"Feature","geometry":{"geodesic":false,"type":"Polygon","coordinates":[[[106.83843337090293,-6.156154642071081],[106.84023000147117,-6.156154642071081],[106.84023000147117,-6.1552563267869616],[106.83843337090293,-6.1552563267869616],[106.83843337090293,-6.156154642071081]]]},"id":"+118933-6853","properties":{"cls":5,"count":2}},{"type":"Feature","geometry":{"geodesic":false,"type":"Polygon","coordinates":[[[106.83933168618705,-6.245986170483033],[106.84023000147117,-6.245986170483033],[106.84023000147117,-6.245087855198913],[106.83933168618705,-6.245087855198913],[106.83933168618705,-6.245986170483033]]]},"id":"+118933-6953","properties":{"cls":7,"count":1}},{"type":"Feature","geometry":{"geodesic":false,"type":"Polygon","coordinates":[[[106.84023000147117,-6.156154642071081],[106.84023000147117,-6.15795127263932],[106.84202663203942,-6.15795127263932],[106.84112831675529,-6.156154642071081],[106.84023000147117,-6.156154642071081]]]},"id":"+118934-6854","properties":{"cls":5,"count":3}},{"type":"Feature","geometry":{"geodesic":false,"type":"Polygon","coordinates":[[[106.84112831675529,-6.122916976558659],[106.84202663203942,-6.122916976558659],[106.84202663203942,-6.122018661274539],[106.84112831675529,-6.122018661274539],[106.84112831675529,-6.122916976558659]]]},"id":"+118935-6816","properties":{"cls":4,"count":1}},{"type":"Feature","geometry":{"geodesic":false,"type":"Polygon","coordinates":[[[106.84112831675529,-6.126510237695137],[106.84112831675529,-6.128306868263376],[106.84292494732354,-6.128306868263376],[106.84202663203942,-6.126510237695137],[106.84112831675529,-6.126510237695137]]]},"id":"+118935-6821","properties":{"cls":2,"count":3}},{"type":"Feature","geometry":{"geodesic":false,"type":"Polygon","coordinates":[[[106.84023000147117,-6.1543580115028425],[106.84202663203942,-6.1543580115028425],[106.84202663203942,-6.1534596962187225],[106.84023000147117,-6.1534596962187225],[106.84023000147117,-6.1543580115028425]]]},"id":"+118935-6851","properties":{"cls":7,"count":2}},{"type":"Feature","geometry":{"geodesic":false,"type":"Polygon","coordinates":[[[106.84112831675529,-6.1552563267869616],[106.84202663203942,-6.1552563267869616],[106.84202663203942,-6.1543580115028425],[106.84112831675529,-6.1543580115028425],[106.84112831675529,-6.1552563267869616]]]},"id":"+118935-6852","properties":{"cls":5,"count":1}},{"type":"Feature","geometry":{"geodesic":false,"type":"Polygon","coordinates":[[[106.84112831675529,-6.157052957355201],[106.84202663203942,-6.157052957355201],[106.84202663203942,-6.1552563267869616],[106.84112831675529,-6.1552563267869616],[106.84112831675529,-6.157052957355201]]]},"id":"+118935-6853","properties":{"cls":7,"count":2}},{"type":"Feature","geometry":{"geodesic":false,"type":"Polygon","coordinates":[[[106.84112831675529,-6.222629973095926],[106.84202663203942,-6.222629973095926],[106.84202663203942,-6.221731657811806],[106.84112831675529,-6.221731657811806],[106.84112831675529,-6.222629973095926]]]},"id":"+118935-6927","properties":{"cls":4,"count":1}},{"type":"Feature","geometry":{"geodesic":false,"type":"Polygon","coordinates":[[[106.84202663203942,-6.122018661274539],[106.84292494732354,-6.122018661274539],[106.84292494732354,-6.12112034599042],[106.84202663203942,-6.12112034599042],[106.84202663203942,-6.122018661274539]]]},"id":"+118936-6815","properties":{"cls":2,"count":1}},{"type":"Feature","geometry":{"geodesic":false,"type":"Polygon","coordinates":[[[106.84202663203942,-6.1552563267869616],[106.84292494732354,-6.1552563267869616],[106.84292494732354,-6.1543580115028425],[106.84202663203942,-6.1543580115028425],[106.84202663203942,-6.1552563267869616]]]},"id":"+118936-6852","properties":{"cls":4,"count":1}},{"type":"Feature","geometry":{"geodesic":false,"type":"Polygon","coordinates":[[[106.84202663203942,-6.201070406277057],[106.84292494732354,-6.201070406277057],[106.84292494732354,-6.200172090992938],[106.84202663203942,-6.200172090992938],[106.84202663203942,-6.201070406277057]]]},"id":"+118936-6903","properties":{"cls":2,"count":1}},{"type":"Feature","geometry":{"geodesic":false,"type":"Polygon","coordinates":[[[106.84292494732354,-6.199273775708818],[106.84382326260766,-6.199273775708818],[106.84382326260766,-6.198375460424699],[106.84292494732354,-6.198375460424699],[106.84292494732354,-6.199273775708818]]]},"id":"+118937-6901","properties":{"cls":5,"count":1}},{"type":"Feature","geometry":{"geodesic":false,"type":"Polygon","coordinates":[[[106.84382326260766,-6.127408552979256],[106.84472157789178,-6.127408552979256],[106.84472157789178,-6.126510237695137],[106.84382326260766,-6.126510237695137],[106.84382326260766,-6.127408552979256]]]},"id":"+118938-6821","properties":{"cls":7,"count":1}},{"type":"Feature","geometry":{"geodesic":false,"type":"Polygon","coordinates":[[[106.84382326260766,-6.128306868263376],[106.84472157789178,-6.128306868263376],[106.84472157789178,-6.127408552979256],[106.84382326260766,-6.127408552979256],[106.84382326260766,-6.128306868263376]]]},"id":"+118938-6822","properties":{"cls":2,"count":1}},{"type":"Feature","geometry":{"geodesic":false,"type":"Polygon","coordinates":[[[106.84382326260766,-6.380733463100961],[106.84472157789178,-6.380733463100961],[106.84472157789178,-6.379835147816842],[106.84382326260766,-6.379835147816842],[106.84382326260766,-6.380733463100961]]]},"id":"+118938-7103","properties":{"cls":3,"count":1}},{"type":"Feature","geometry":{"geodesic":false,"type":"Polygon","coordinates":[[[106.84472157789178,-6.127408552979256],[106.8456198931759,-6.127408552979256],[106.8456198931759,-6.126510237695137],[106.84472157789178,-6.126510237695137],[106.84472157789178,-6.127408552979256]]]},"id":"+118939-6821","properties":{"cls":2,"count":1}},{"type":"Feature","geometry":{"geodesic":false,"type":"Polygon","coordinates":[[[106.84472157789178,-6.150764750366364],[106.8456198931759,-6.150764750366364],[106.8456198931759,-6.149866435082244],[106.84472157789178,-6.149866435082244],[106.84472157789178,-6.150764750366364]]]},"id":"+118939-6847","properties":{"cls":2,"count":1}},{"type":"Feature","geometry":{"geodesic":false,"type":"Polygon","coordinates":[[[106.8456198931759,-6.13908665167281],[106.84651820846001,-6.13908665167281],[106.84651820846001,-6.138188336388691],[106.8456198931759,-6.138188336388691],[106.8456198931759,-6.13908665167281]]]},"id":"+118940-6834","properties":{"cls":3,"count":1}},{"type":"Feature","geometry":{"geodesic":false,"type":"Polygon","coordinates":[[[106.84651820846001,-6.132798444683973],[106.84741652374413,-6.132798444683973],[106.84741652374413,-6.131900129399854],[106.84651820846001,-6.131900129399854],[106.84651820846001,-6.132798444683973]]]},"id":"+118941-6827","properties":{"cls":3,"count":1}},{"type":"Feature","geometry":{"geodesic":false,"type":"Polygon","coordinates":[[[106.84651820846001,-6.133696759968093],[106.84741652374413,-6.133696759968093],[106.84741652374413,-6.132798444683973],[106.84651820846001,-6.132798444683973],[106.84651820846001,-6.133696759968093]]]},"id":"+118941-6828","properties":{"cls":2,"count":1}},{"type":"Feature","geometry":{"geodesic":false,"type":"Polygon","coordinates":[[[106.84651820846001,-6.150764750366364],[106.84741652374413,-6.150764750366364],[106.84741652374413,-6.149866435082244],[106.84651820846001,-6.149866435082244],[106.84651820846001,-6.150764750366364]]]},"id":"+118941-6847","properties":{"cls":2,"count":1}},{"type":"Feature","geometry":{"geodesic":false,"type":"Polygon","coordinates":[[[106.84741652374413,-6.131900129399854],[106.84831483902825,-6.131900129399854],[106.84831483902825,-6.131001814115734],[106.84741652374413,-6.131001814115734],[106.84741652374413,-6.131900129399854]]]},"id":"+118942-6826","properties":{"cls":4,"count":1}},{"type":"Feature","geometry":{"geodesic":false,"type":"Polygon","coordinates":[[[106.84741652374413,-6.1345950752522125],[106.84831483902825,-6.1345950752522125],[106.84831483902825,-6.133696759968093],[106.84741652374413,-6.133696759968093],[106.84741652374413,-6.1345950752522125]]]},"id":"+118942-6829","properties":{"cls":5,"count":1}},{"type":"Feature","geometry":{"geodesic":false,"type":"Polygon","coordinates":[[[106.84741652374413,-6.1354933905363325],[106.84831483902825,-6.1354933905363325],[106.84831483902825,-6.1345950752522125],[106.84741652374413,-6.1345950752522125],[106.84741652374413,-6.1354933905363325]]]},"id":"+118942-6830","properties":{"cls":2,"count":1}},{"type":"Feature","geometry":{"geodesic":false,"type":"Polygon","coordinates":[[[106.84741652374413,-6.136391705820452],[106.84831483902825,-6.136391705820452],[106.84831483902825,-6.1354933905363325],[106.84741652374413,-6.1354933905363325],[106.84741652374413,-6.136391705820452]]]},"id":"+118942-6831","properties":{"cls":3,"count":1}},{"type":"Feature","geometry":{"geodesic":false,"type":"Polygon","coordinates":[[[106.84741652374413,-6.256765953892468],[106.84831483902825,-6.256765953892468],[106.84831483902825,-6.255867638608348],[106.84741652374413,-6.255867638608348],[106.84741652374413,-6.256765953892468]]]},"id":"+118942-6965","properties":{"cls":9,"count":1}},{"type":"Feature","geometry":{"geodesic":false,"type":"Polygon","coordinates":[[[106.84831483902825,-6.120222030706301],[106.84921315431237,-6.120222030706301],[106.84921315431237,-6.119323715422181],[106.84831483902825,-6.119323715422181],[106.84831483902825,-6.120222030706301]]]},"id":"+118943-6813","properties":{"cls":5,"count":1}},{"type":"Feature","geometry":{"geodesic":false,"type":"Polygon","coordinates":[[[106.84831483902825,-6.126510237695137],[106.84921315431237,-6.126510237695137],[106.84921315431237,-6.125611922411017],[106.84831483902825,-6.125611922411017],[106.84831483902825,-6.126510237695137]]]},"id":"+118943-6820","properties":{"cls":2,"count":1}},{"type":"Feature","geometry":{"geodesic":false,"type":"Polygon","coordinates":[[[106.84831483902825,-6.132798444683973],[106.84921315431237,-6.132798444683973],[106.84921315431237,-6.131900129399854],[106.84831483902825,-6.131900129399854],[106.84831483902825,-6.132798444683973]]]},"id":"+118943-6827","properties":{"cls":2,"count":1}},{"type":"Feature","geometry":{"geodesic":false,"type":"Polygon","coordinates":[[[106.84831483902825,-6.1345950752522125],[106.84921315431237,-6.1345950752522125],[106.84921315431237,-6.133696759968093],[106.84831483902825,-6.133696759968093],[106.84831483902825,-6.1345950752522125]]]},"id":"+118943-6829","properties":{"cls":3,"count":1}},{"type":"Feature","geometry":{"geodesic":false,"type":"Polygon","coordinates":[[[106.84831483902825,-6.348394112872659],[106.84921315431237,-6.348394112872659],[106.84921315431237,-6.3474957975885395],[106.84831483902825,-6.3474957975885395],[106.84831483902825,-6.348394112872659]]]},"id":"+118943-7067","properties":{"cls":4,"count":1}},{"type":"Feature","geometry":{"geodesic":false,"type":"Polygon","coordinates":[[[106.84921315431237,-6.126510237695137],[106.85011146959648,-6.126510237695137],[106.85011146959648,-6.125611922411017],[106.84921315431237,-6.125611922411017],[106.84921315431237,-6.126510237695137]]]},"id":"+118944-6820","properties":{"cls":5,"count":1}},{"type":"Feature","geometry":{"geodesic":false,"type":"Polygon","coordinates":[[[106.85011146959648,-6.126510237695137],[106.8510097848806,-6.126510237695137],[106.8510097848806,-6.125611922411017],[106.85011146959648,-6.125611922411017],[106.85011146959648,-6.126510237695137]]]},"id":"+118945-6820","properties":{"cls":9,"count":1}},{"type":"Feature","geometry":{"geodesic":false,"type":"Polygon","coordinates":[[[106.85011146959648,-6.13908665167281],[106.8510097848806,-6.13908665167281],[106.8510097848806,-6.138188336388691],[106.85011146959648,-6.138188336388691],[106.85011146959648,-6.13908665167281]]]},"id":"+118945-6834","properties":{"cls":2,"count":1}},{"type":"Feature","geometry":{"geodesic":false,"type":"Polygon","coordinates":[[[106.8510097848806,-6.137290021104572],[106.85190810016474,-6.137290021104572],[106.85190810016474,-6.136391705820452],[106.8510097848806,-6.136391705820452],[106.8510097848806,-6.137290021104572]]]},"id":"+118946-6832","properties":{"cls":3,"count":1}},{"type":"Feature","geometry":{"geodesic":false,"type":"Polygon","coordinates":[[[106.85190810016474,-6.141781597525169],[106.85280641544885,-6.141781597525169],[106.85280641544885,-6.140883282241049],[106.85190810016474,-6.140883282241049],[106.85190810016474,-6.141781597525169]]]},"id":"+118947-6837","properties":{"cls":3,"count":1}},{"type":"Feature","geometry":{"geodesic":false,"type":"Polygon","coordinates":[[[106.85190810016474,-6.1543580115028425],[106.85280641544885,-6.1543580115028425],[106.85280641544885,-6.1534596962187225],[106.85190810016474,-6.1534596962187225],[106.85190810016474,-6.1543580115028425]]]},"id":"+118947-6851","properties":{"cls":4,"count":1}},{"type":"Feature","geometry":{"geodesic":false,"type":"Polygon","coordinates":[[[106.85190810016474,-6.159747903207559],[106.85280641544885,-6.159747903207559],[106.85280641544885,-6.15884958792344],[106.85190810016474,-6.15884958792344],[106.85190810016474,-6.159747903207559]]]},"id":"+118947-6857","properties":{"cls":4,"count":1}},{"type":"Feature","geometry":{"geodesic":false,"type":"Polygon","coordinates":[[[106.85280641544885,-6.125611922411017],[106.85370473073297,-6.125611922411017],[106.85370473073297,-6.124713607126898],[106.85280641544885,-6.124713607126898],[106.85280641544885,-6.125611922411017]]]},"id":"+118948-6819","properties":{"cls":3,"count":1}},{"type":"Feature","geometry":{"geodesic":false,"type":"Polygon","coordinates":[[[106.85280641544885,-6.150764750366364],[106.85370473073297,-6.150764750366364],[106.85370473073297,-6.149866435082244],[106.85280641544885,-6.149866435082244],[106.85280641544885,-6.150764750366364]]]},"id":"+118948-6847","properties":{"cls":5,"count":1}},{"type":"Feature","geometry":{"geodesic":false,"type":"Polygon","coordinates":[[[106.85280641544885,-6.296291826393727],[106.85370473073297,-6.296291826393727],[106.85370473073297,-6.295393511109607],[106.85280641544885,-6.295393511109607],[106.85280641544885,-6.296291826393727]]]},"id":"+118948-7009","properties":{"cls":2,"count":1}},{"type":"Feature","geometry":{"geodesic":false,"type":"Polygon","coordinates":[[[106.85370473073297,-6.125611922411017],[106.85460304601709,-6.125611922411017],[106.85460304601709,-6.124713607126898],[106.85370473073297,-6.124713607126898],[106.85370473073297,-6.125611922411017]]]},"id":"+118949-6819","properties":{"cls":4,"count":1}},{"type":"Feature","geometry":{"geodesic":false,"type":"Polygon","coordinates":[[[106.85370473073297,-6.148069804514005],[106.85460304601709,-6.148069804514005],[106.85460304601709,-6.147171489229886],[106.85370473073297,-6.147171489229886],[106.85370473073297,-6.148069804514005]]]},"id":"+118949-6844","properties":{"cls":2,"count":1}},{"type":"Feature","geometry":{"geodesic":false,"type":"Polygon","coordinates":[[[106.85460304601709,-6.124713607126898],[106.85550136130121,-6.124713607126898],[106.85550136130121,-6.123815291842778],[106.85460304601709,-6.123815291842778],[106.85460304601709,-6.124713607126898]]]},"id":"+118950-6818","properties":{"cls":5,"count":1}},{"type":"Feature","geometry":{"geodesic":false,"type":"Polygon","coordinates":[[[106.85550136130121,-6.126510237695137],[106.85639967658533,-6.126510237695137],[106.85639967658533,-6.125611922411017],[106.85550136130121,-6.125611922411017],[106.85550136130121,-6.126510237695137]]]},"id":"+118951-6820","properties":{"cls":4,"count":1}},{"type":"Feature","geometry":{"geodesic":false,"type":"Polygon","coordinates":[[[106.85550136130121,-6.349292428156779],[106.85639967658533,-6.349292428156779],[106.85639967658533,-6.3474957975885395],[106.85550136130121,-6.3474957975885395],[106.85550136130121,-6.349292428156779]]]},"id":"+118951-7067","properties":{"cls":9,"count":2}},{"type":"Feature","geometry":{"geodesic":false,"type":"Polygon","coordinates":[[[106.85550136130121,-6.351089058725017],[106.85639967658533,-6.351089058725017],[106.85639967658533,-6.350190743440898],[106.85550136130121,-6.350190743440898],[106.85550136130121,-6.351089058725017]]]},"id":"+118951-7070","properties":{"cls":5,"count":1}},{"type":"Feature","geometry":{"geodesic":false,"type":"Polygon","coordinates":[[[106.85550136130121,-6.351987374009137],[106.85639967658533,-6.351987374009137],[106.85639967658533,-6.351089058725017],[106.85550136130121,-6.351089058725017],[106.85550136130121,-6.351987374009137]]]},"id":"+118951-7071","properties":{"cls":2,"count":1}},{"type":"Feature","geometry":{"geodesic":false,"type":"Polygon","coordinates":[[[106.85639967658533,-6.123815291842778],[106.85729799186944,-6.123815291842778],[106.85729799186944,-6.122916976558659],[106.85639967658533,-6.122916976558659],[106.85639967658533,-6.123815291842778]]]},"id":"+118952-6817","properties":{"cls":4,"count":1}},{"type":"Feature","geometry":{"geodesic":false,"type":"Polygon","coordinates":[[[106.85729799186944,-6.148069804514005],[106.85819630715356,-6.148069804514005],[106.85819630715356,-6.147171489229886],[106.85729799186944,-6.147171489229886],[106.85729799186944,-6.148069804514005]]]},"id":"+118953-6844","properties":{"cls":5,"count":1}},{"type":"Feature","geometry":{"geodesic":false,"type":"Polygon","coordinates":[[[106.85729799186944,-6.151663065650483],[106.85819630715356,-6.151663065650483],[106.85819630715356,-6.150764750366364],[106.85729799186944,-6.150764750366364],[106.85729799186944,-6.151663065650483]]]},"id":"+118953-6848","properties":{"cls":4,"count":1}},{"type":"Feature","geometry":{"geodesic":false,"type":"Polygon","coordinates":[[[106.85729799186944,-6.296291826393727],[106.85819630715356,-6.296291826393727],[106.85819630715356,-6.295393511109607],[106.85729799186944,-6.295393511109607],[106.85729799186944,-6.296291826393727]]]},"id":"+118953-7009","properties":{"cls":7,"count":1}},{"type":"Feature","geometry":{"geodesic":false,"type":"Polygon","coordinates":[[[106.85729799186944,-6.348394112872659],[106.85819630715356,-6.348394112872659],[106.85819630715356,-6.3474957975885395],[106.85729799186944,-6.3474957975885395],[106.85729799186944,-6.348394112872659]]]},"id":"+118953-7067","properties":{"cls":4,"count":1}},{"type":"Feature","geometry":{"geodesic":false,"type":"Polygon","coordinates":[[[106.85729799186944,-6.3843267242374395],[106.85819630715356,-6.3843267242374395],[106.85819630715356,-6.38342840895332],[106.85729799186944,-6.38342840895332],[106.85729799186944,-6.3843267242374395]]]},"id":"+118953-7107","properties":{"cls":2,"count":1}},{"type":"Feature","geometry":{"geodesic":false,"type":"Polygon","coordinates":[[[106.85819630715356,-6.113035508433344],[106.85909462243768,-6.113035508433344],[106.85909462243768,-6.112137193149224],[106.85819630715356,-6.112137193149224],[106.85819630715356,-6.113035508433344]]]},"id":"+118954-6805","properties":{"cls":4,"count":1}},{"type":"Feature","geometry":{"geodesic":false,"type":"Polygon","coordinates":[[[106.85819630715356,-6.119323715422181],[106.85909462243768,-6.119323715422181],[106.85909462243768,-6.118425400138062],[106.85819630715356,-6.118425400138062],[106.85819630715356,-6.119323715422181]]]},"id":"+118954-6812","properties":{"cls":3,"count":1}},{"type":"Feature","geometry":{"geodesic":false,"type":"Polygon","coordinates":[[[106.85819630715356,-6.122916976558659],[106.85909462243768,-6.122916976558659],[106.85909462243768,-6.122018661274539],[106.85819630715356,-6.122018661274539],[106.85819630715356,-6.122916976558659]]]},"id":"+118954-6816","properties":{"cls":3,"count":1}},{"type":"Feature","geometry":{"geodesic":false,"type":"Polygon","coordinates":[[[106.85819630715356,-6.124713607126898],[106.85909462243768,-6.124713607126898],[106.85909462243768,-6.123815291842778],[106.85819630715356,-6.123815291842778],[106.85819630715356,-6.124713607126898]]]},"id":"+118954-6818","properties":{"cls":3,"count":1}},{"type":"Feature","geometry":{"geodesic":false,"type":"Polygon","coordinates":[[[106.85819630715356,-6.150764750366364],[106.85909462243768,-6.150764750366364],[106.85909462243768,-6.149866435082244],[106.85819630715356,-6.149866435082244],[106.85819630715356,-6.150764750366364]]]},"id":"+118954-6847","properties":{"cls":5,"count":1}},{"type":"Feature","geometry":{"geodesic":false,"type":"Polygon","coordinates":[[[106.85909462243768,-6.119323715422181],[106.8599929377218,-6.119323715422181],[106.8599929377218,-6.118425400138062],[106.85909462243768,-6.118425400138062],[106.85909462243768,-6.119323715422181]]]},"id":"+118955-6812","properties":{"cls":4,"count":1}},{"type":"Feature","geometry":{"geodesic":false,"type":"Polygon","coordinates":[[[106.85909462243768,-6.120222030706301],[106.8599929377218,-6.120222030706301],[106.8599929377218,-6.119323715422181],[106.85909462243768,-6.119323715422181],[106.85909462243768,-6.120222030706301]]]},"id":"+118955-6813","properties":{"cls":3,"count":1}},{"type":"Feature","geometry":{"geodesic":false,"type":"Polygon","coordinates":[[[106.85909462243768,-6.122916976558659],[106.8599929377218,-6.122916976558659],[106.8599929377218,-6.122018661274539],[106.85909462243768,-6.122018661274539],[106.85909462243768,-6.122916976558659]]]},"id":"+118955-6816","properties":{"cls":2,"count":1}},{"type":"Feature","geometry":{"geodesic":false,"type":"Polygon","coordinates":[[[106.85909462243768,-6.149866435082244],[106.8599929377218,-6.149866435082244],[106.8599929377218,-6.148968119798125],[106.85909462243768,-6.148968119798125],[106.85909462243768,-6.149866435082244]]]},"id":"+118955-6846","properties":{"cls":4,"count":1}},{"type":"Feature","geometry":{"geodesic":false,"type":"Polygon","coordinates":[[[106.85909462243768,-6.151663065650483],[106.8599929377218,-6.151663065650483],[106.8599929377218,-6.150764750366364],[106.85909462243768,-6.150764750366364],[106.85909462243768,-6.151663065650483]]]},"id":"+118955-6848","properties":{"cls":4,"count":1}},{"type":"Feature","geometry":{"geodesic":false,"type":"Polygon","coordinates":[[[106.85909462243768,-6.110340562580985],[106.85819630715356,-6.112137193149224],[106.8599929377218,-6.113035508433344],[106.8599929377218,-6.112137193149224],[106.86089125300592,-6.112137193149224],[106.86089125300592,-6.110340562580985],[106.85909462243768,-6.110340562580985]]]},"id":"+118956-6803","properties":{"cls":5,"count":6}},{"type":"Feature","geometry":{"geodesic":false,"type":"Polygon","coordinates":[[[106.8599929377218,-6.113035508433344],[106.86089125300592,-6.113035508433344],[106.86089125300592,-6.112137193149224],[106.8599929377218,-6.112137193149224],[106.8599929377218,-6.113035508433344]]]},"id":"+118956-6805","properties":{"cls":9,"count":1}},{"type":"Feature","geometry":{"geodesic":false,"type":"Polygon","coordinates":[[[106.8599929377218,-6.113933823717463],[106.86089125300592,-6.113933823717463],[106.86089125300592,-6.113035508433344],[106.8599929377218,-6.113035508433344],[106.8599929377218,-6.113933823717463]]]},"id":"+118956-6806","properties":{"cls":5,"count":1}},{"type":"Feature","geometry":{"geodesic":false,"type":"Polygon","coordinates":[[[106.8599929377218,-6.122018661274539],[106.86089125300592,-6.122018661274539],[106.86089125300592,-6.12112034599042],[106.8599929377218,-6.12112034599042],[106.8599929377218,-6.122018661274539]]]},"id":"+118956-6815","properties":{"cls":2,"count":1}},{"type":"Feature","geometry":{"geodesic":false,"type":"Polygon","coordinates":[[[106.8599929377218,-6.126510237695137],[106.86089125300592,-6.126510237695137],[106.86089125300592,-6.125611922411017],[106.8599929377218,-6.125611922411017],[106.8599929377218,-6.126510237695137]]]},"id":"+118956-6820","properties":{"cls":5,"count":1}},{"type":"Feature","geometry":{"geodesic":false,"type":"Polygon","coordinates":[[[106.8599929377218,-6.129205183547495],[106.86089125300592,-6.129205183547495],[106.86089125300592,-6.127408552979256],[106.8599929377218,-6.127408552979256],[106.8599929377218,-6.129205183547495]]]},"id":"+118956-6822","properties":{"cls":2,"count":2}},{"type":"Feature","geometry":{"geodesic":false,"type":"Polygon","coordinates":[[[106.8599929377218,-6.151663065650483],[106.86089125300592,-6.151663065650483],[106.86089125300592,-6.150764750366364],[106.8599929377218,-6.150764750366364],[106.8599929377218,-6.151663065650483]]]},"id":"+118956-6848","properties":{"cls":3,"count":1}},{"type":"Feature","geometry":{"geodesic":false,"type":"Polygon","coordinates":[[[106.86089125300592,-6.120222030706301],[106.86178956829005,-6.120222030706301],[106.86178956829005,-6.119323715422181],[106.86089125300592,-6.119323715422181],[106.86089125300592,-6.120222030706301]]]},"id":"+118957-6813","properties":{"cls":3,"count":1}},{"type":"Feature","geometry":{"geodesic":false,"type":"Polygon","coordinates":[[[106.86089125300592,-6.126510237695137],[106.86178956829005,-6.126510237695137],[106.86178956829005,-6.124713607126898],[106.86089125300592,-6.124713607126898],[106.86089125300592,-6.126510237695137]]]},"id":"+118957-6819","properties":{"cls":3,"count":2}},{"type":"Feature","geometry":{"geodesic":false,"type":"Polygon","coordinates":[[[106.8599929377218,-6.148968119798125],[106.86178956829005,-6.148968119798125],[106.86178956829005,-6.148069804514005],[106.8599929377218,-6.148069804514005],[106.8599929377218,-6.148968119798125]]]},"id":"+118957-6845","properties":{"cls":2,"count":2}},{"type":"Feature","geometry":{"geodesic":false,"type":"Polygon","coordinates":[[[106.86089125300592,-6.254071008040109],[106.86178956829005,-6.254071008040109],[106.86178956829005,-6.25317269275599],[106.86089125300592,-6.25317269275599],[106.86089125300592,-6.254071008040109]]]},"id":"+118957-6962","properties":{"cls":2,"count":1}},{"type":"Feature","geometry":{"geodesic":false,"type":"Polygon","coordinates":[[[106.86268788357417,-6.12112034599042],[106.86358619885829,-6.12112034599042],[106.86358619885829,-6.120222030706301],[106.86268788357417,-6.120222030706301],[106.86268788357417,-6.12112034599042]]]},"id":"+118959-6814","properties":{"cls":2,"count":1}},{"type":"Feature","geometry":{"geodesic":false,"type":"Polygon","coordinates":[[[106.86268788357417,-6.123815291842778],[106.86358619885829,-6.123815291842778],[106.86358619885829,-6.122916976558659],[106.86268788357417,-6.122916976558659],[106.86268788357417,-6.123815291842778]]]},"id":"+118959-6817","properties":{"cls":3,"count":1}},{"type":"Feature","geometry":{"geodesic":false,"type":"Polygon","coordinates":[[[106.86268788357417,-6.2307148106530015],[106.86358619885829,-6.2307148106530015],[106.86358619885829,-6.2298164953688815],[106.86268788357417,-6.2298164953688815],[106.86268788357417,-6.2307148106530015]]]},"id":"+118959-6936","properties":{"cls":5,"count":1}},{"type":"Feature","geometry":{"geodesic":false,"type":"Polygon","coordinates":[[[106.86358619885829,-6.124713607126898],[106.8644845141424,-6.124713607126898],[106.8644845141424,-6.123815291842778],[106.86358619885829,-6.123815291842778],[106.86358619885829,-6.124713607126898]]]},"id":"+118960-6818","properties":{"cls":2,"count":1}},{"type":"Feature","geometry":{"geodesic":false,"type":"Polygon","coordinates":[[[106.86358619885829,-6.148069804514005],[106.8644845141424,-6.148069804514005],[106.8644845141424,-6.147171489229886],[106.86358619885829,-6.147171489229886],[106.86358619885829,-6.148069804514005]]]},"id":"+118960-6844","properties":{"cls":7,"count":1}},{"type":"Feature","geometry":{"geodesic":false,"type":"Polygon","coordinates":[[[106.86358619885829,-6.175019263037591],[106.8644845141424,-6.175019263037591],[106.8644845141424,-6.1741209477534715],[106.86358619885829,-6.1741209477534715],[106.86358619885829,-6.175019263037591]]]},"id":"+118960-6874","properties":{"cls":3,"count":1}},{"type":"Feature","geometry":{"geodesic":false,"type":"Polygon","coordinates":[[[106.86358619885829,-6.224426603664165],[106.8644845141424,-6.224426603664165],[106.8644845141424,-6.223528288380045],[106.86358619885829,-6.223528288380045],[106.86358619885829,-6.224426603664165]]]},"id":"+118960-6929","properties":{"cls":5,"count":1}},{"type":"Feature","geometry":{"geodesic":false,"type":"Polygon","coordinates":[[[106.8644845141424,-6.113035508433344],[106.86538282942652,-6.113035508433344],[106.86538282942652,-6.112137193149224],[106.8644845141424,-6.112137193149224],[106.8644845141424,-6.113035508433344]]]},"id":"+118961-6805","properties":{"cls":2,"count":1}},{"type":"Feature","geometry":{"geodesic":false,"type":"Polygon","coordinates":[[[106.8644845141424,-6.1166287695698225],[106.86538282942652,-6.1166287695698225],[106.86538282942652,-6.1157304542857025],[106.8644845141424,-6.1157304542857025],[106.8644845141424,-6.1166287695698225]]]},"id":"+118961-6809","properties":{"cls":7,"count":1}},{"type":"Feature","geometry":{"geodesic":false,"type":"Polygon","coordinates":[[[106.8644845141424,-6.117527084853942],[106.86538282942652,-6.117527084853942],[106.86538282942652,-6.1166287695698225],[106.8644845141424,-6.1166287695698225],[106.8644845141424,-6.117527084853942]]]},"id":"+118961-6810","properties":{"cls":5,"count":1}},{"type":"Feature","geometry":{"geodesic":false,"type":"Polygon","coordinates":[[[106.8644845141424,-6.118425400138062],[106.86538282942652,-6.118425400138062],[106.86538282942652,-6.117527084853942],[106.8644845141424,-6.117527084853942],[106.8644845141424,-6.118425400138062]]]},"id":"+118961-6811","properties":{"cls":7,"count":1}},{"type":"Feature","geometry":{"geodesic":false,"type":"Polygon","coordinates":[[[106.8644845141424,-6.119323715422181],[106.86538282942652,-6.119323715422181],[106.86538282942652,-6.118425400138062],[106.8644845141424,-6.118425400138062],[106.8644845141424,-6.119323715422181]]]},"id":"+118961-6812","properties":{"cls":2,"count":1}},{"type":"Feature","geometry":{"geodesic":false,"type":"Polygon","coordinates":[[[106.8644845141424,-6.12112034599042],[106.86538282942652,-6.12112034599042],[106.86538282942652,-6.120222030706301],[106.8644845141424,-6.120222030706301],[106.8644845141424,-6.12112034599042]]]},"id":"+118961-6814","properties":{"cls":2,"count":1}},{"type":"Feature","geometry":{"geodesic":false,"type":"Polygon","coordinates":[[[106.8644845141424,-6.224426603664165],[106.86538282942652,-6.224426603664165],[106.86538282942652,-6.223528288380045],[106.8644845141424,-6.223528288380045],[106.8644845141424,-6.224426603664165]]]},"id":"+118961-6929","properties":{"cls":3,"count":1}},{"type":"Feature","geometry":{"geodesic":false,"type":"Polygon","coordinates":[[[106.8644845141424,-6.148069804514005],[106.86628114471064,-6.148069804514005],[106.86628114471064,-6.147171489229886],[106.8644845141424,-6.147171489229886],[106.8644845141424,-6.148069804514005]]]},"id":"+118962-6844","properties":{"cls":9,"count":2}},{"type":"Feature","geometry":{"geodesic":false,"type":"Polygon","coordinates":[[[106.86538282942652,-6.245087855198913],[106.86628114471064,-6.245087855198913],[106.86628114471064,-6.243291224630675],[106.86538282942652,-6.243291224630675],[106.86538282942652,-6.245087855198913]]]},"id":"+118962-6951","properties":{"cls":5,"count":2}},{"type":"Feature","geometry":{"geodesic":false,"type":"Polygon","coordinates":[[[106.86538282942652,-6.124713607126898],[106.86717945999476,-6.124713607126898],[106.86717945999476,-6.123815291842778],[106.86538282942652,-6.123815291842778],[106.86538282942652,-6.124713607126898]]]},"id":"+118963-6818","properties":{"cls":5,"count":2}},{"type":"Feature","geometry":{"geodesic":false,"type":"Polygon","coordinates":[[[106.86628114471064,-6.355580635145615],[106.86717945999476,-6.355580635145615],[106.86717945999476,-6.354682319861495],[106.86628114471064,-6.354682319861495],[106.86628114471064,-6.355580635145615]]]},"id":"+118963-7075","properties":{"cls":9,"count":1}},{"type":"Feature","geometry":{"geodesic":false,"type":"Polygon","coordinates":[[[106.86628114471064,-6.357377265713854],[106.86717945999476,-6.357377265713854],[106.86717945999476,-6.356478950429734],[106.86628114471064,-6.356478950429734],[106.86628114471064,-6.357377265713854]]]},"id":"+118963-7077","properties":{"cls":9,"count":1}},{"type":"Feature","geometry":{"geodesic":false,"type":"Polygon","coordinates":[[[106.86717945999476,-6.124713607126898],[106.86807777527888,-6.124713607126898],[106.86807777527888,-6.123815291842778],[106.86717945999476,-6.123815291842778],[106.86717945999476,-6.124713607126898]]]},"id":"+118964-6818","properties":{"cls":2,"count":1}},{"type":"Feature","geometry":{"geodesic":false,"type":"Polygon","coordinates":[[[106.86807777527888,-6.353784004577376],[106.868976090563,-6.353784004577376],[106.868976090563,-6.352885689293256],[106.86807777527888,-6.352885689293256],[106.86807777527888,-6.353784004577376]]]},"id":"+118965-7073","properties":{"cls":2,"count":1}},{"type":"Feature","geometry":{"geodesic":false,"type":"Polygon","coordinates":[[[106.868976090563,-6.113933823717463],[106.86987440584711,-6.113933823717463],[106.86987440584711,-6.113035508433344],[106.868976090563,-6.113035508433344],[106.868976090563,-6.113933823717463]]]},"id":"+118966-6806","properties":{"cls":5,"count":1}},{"type":"Feature","geometry":{"geodesic":false,"type":"Polygon","coordinates":[[[106.868976090563,-6.124713607126898],[106.86987440584711,-6.124713607126898],[106.86987440584711,-6.123815291842778],[106.868976090563,-6.123815291842778],[106.868976090563,-6.124713607126898]]]},"id":"+118966-6818","properties":{"cls":2,"count":1}},{"type":"Feature","geometry":{"geodesic":false,"type":"Polygon","coordinates":[[[106.86987440584711,-6.1157304542857025],[106.87077272113123,-6.1157304542857025],[106.87077272113123,-6.114832139001583],[106.86987440584711,-6.114832139001583],[106.86987440584711,-6.1157304542857025]]]},"id":"+118967-6808","properties":{"cls":2,"count":1}},{"type":"Feature","geometry":{"geodesic":false,"type":"Polygon","coordinates":[[[106.86987440584711,-6.124713607126898],[106.87077272113123,-6.124713607126898],[106.87077272113123,-6.123815291842778],[106.86987440584711,-6.123815291842778],[106.86987440584711,-6.124713607126898]]]},"id":"+118967-6818","properties":{"cls":3,"count":1}},{"type":"Feature","geometry":{"geodesic":false,"type":"Polygon","coordinates":[[[106.87077272113123,-6.107645616728627],[106.87167103641536,-6.107645616728627],[106.87167103641536,-6.106747301444507],[106.87077272113123,-6.106747301444507],[106.87077272113123,-6.107645616728627]]]},"id":"+118968-6799","properties":{"cls":2,"count":1}},{"type":"Feature","geometry":{"geodesic":false,"type":"Polygon","coordinates":[[[106.87077272113123,-6.108543932012746],[106.87167103641536,-6.108543932012746],[106.87167103641536,-6.107645616728627],[106.87077272113123,-6.107645616728627],[106.87077272113123,-6.108543932012746]]]},"id":"+118968-6800","properties":{"cls":5,"count":1}},{"type":"Feature","geometry":{"geodesic":false,"type":"Polygon","coordinates":[[[106.87167103641536,-6.106747301444507],[106.87256935169948,-6.106747301444507],[106.87256935169948,-6.104950670876268],[106.87167103641536,-6.104950670876268],[106.87167103641536,-6.106747301444507]]]},"id":"+118969-6797","properties":{"cls":2,"count":2}},{"type":"Feature","geometry":{"geodesic":false,"type":"Polygon","coordinates":[[[106.87167103641536,-6.189392307583503],[106.87256935169948,-6.189392307583503],[106.87256935169948,-6.188493992299384],[106.87167103641536,-6.188493992299384],[106.87167103641536,-6.189392307583503]]]},"id":"+118969-6890","properties":{"cls":3,"count":1}},{"type":"Feature","geometry":{"geodesic":false,"type":"Polygon","coordinates":[[[106.87256935169948,-6.187595677015264],[106.87256935169948,-6.190290622867623],[106.87436598226772,-6.190290622867623],[106.87436598226772,-6.188493992299384],[106.87256935169948,-6.187595677015264]]]},"id":"+118970-6889","properties":{"cls":5,"count":5}},{"type":"Feature","geometry":{"geodesic":false,"type":"Polygon","coordinates":[[[106.8734676669836,-6.21454513553885],[106.87436598226772,-6.21454513553885],[106.87436598226772,-6.213646820254731],[106.8734676669836,-6.213646820254731],[106.8734676669836,-6.21454513553885]]]},"id":"+118971-6918","properties":{"cls":4,"count":1}},{"type":"Feature","geometry":{"geodesic":false,"type":"Polygon","coordinates":[[[106.8734676669836,-6.220833342527687],[106.87436598226772,-6.220833342527687],[106.87436598226772,-6.219935027243567],[106.8734676669836,-6.219935027243567],[106.8734676669836,-6.220833342527687]]]},"id":"+118971-6925","properties":{"cls":4,"count":1}},{"type":"Feature","geometry":{"geodesic":false,"type":"Polygon","coordinates":[[[106.87436598226772,-6.183104100594667],[106.87526429755184,-6.183104100594667],[106.87526429755184,-6.182205785310547],[106.87436598226772,-6.182205785310547],[106.87436598226772,-6.183104100594667]]]},"id":"+118972-6883","properties":{"cls":3,"count":1}},{"type":"Feature","geometry":{"geodesic":false,"type":"Polygon","coordinates":[[[106.8734676669836,-6.21544345082297],[106.87526429755184,-6.21544345082297],[106.87526429755184,-6.21454513553885],[106.8734676669836,-6.21454513553885],[106.8734676669836,-6.21544345082297]]]},"id":"+118972-6919","properties":{"cls":5,"count":2}},{"type":"Feature","geometry":{"geodesic":false,"type":"Polygon","coordinates":[[[106.87436598226772,-6.225324918948284],[106.87526429755184,-6.225324918948284],[106.87526429755184,-6.224426603664165],[106.87436598226772,-6.224426603664165],[106.87436598226772,-6.225324918948284]]]},"id":"+118972-6930","properties":{"cls":4,"count":1}},{"type":"Feature","geometry":{"geodesic":false,"type":"Polygon","coordinates":[[[106.87436598226772,-6.228019864800642],[106.87526429755184,-6.228019864800642],[106.87526429755184,-6.226223234232404],[106.87436598226772,-6.226223234232404],[106.87436598226772,-6.228019864800642]]]},"id":"+118972-6932","properties":{"cls":3,"count":2}},{"type":"Feature","geometry":{"geodesic":false,"type":"Polygon","coordinates":[[[106.87526429755184,-6.107645616728627],[106.87616261283596,-6.107645616728627],[106.87616261283596,-6.106747301444507],[106.87526429755184,-6.106747301444507],[106.87526429755184,-6.107645616728627]]]},"id":"+118973-6799","properties":{"cls":2,"count":1}},{"type":"Feature","geometry":{"geodesic":false,"type":"Polygon","coordinates":[[[106.87526429755184,-6.145374858661647],[106.87616261283596,-6.145374858661647],[106.87616261283596,-6.144476543377527],[106.87526429755184,-6.144476543377527],[106.87526429755184,-6.145374858661647]]]},"id":"+118973-6841","properties":{"cls":2,"count":1}},{"type":"Feature","geometry":{"geodesic":false,"type":"Polygon","coordinates":[[[106.87526429755184,-6.2298164953688815],[106.87616261283596,-6.2298164953688815],[106.87616261283596,-6.228918180084762],[106.87526429755184,-6.228918180084762],[106.87526429755184,-6.2298164953688815]]]},"id":"+118973-6935","properties":{"cls":4,"count":1}},{"type":"Feature","geometry":{"geodesic":false,"type":"Polygon","coordinates":[[[106.87616261283596,-6.104950670876268],[106.87706092812007,-6.104950670876268],[106.87706092812007,-6.10225572502391],[106.87616261283596,-6.10225572502391],[106.87616261283596,-6.104950670876268]]]},"id":"+118974-6794","properties":{"cls":2,"count":3}},{"type":"Feature","geometry":{"geodesic":false,"type":"Polygon","coordinates":[[[106.87616261283596,-6.167832740764635],[106.87706092812007,-6.167832740764635],[106.87706092812007,-6.166934425480515],[106.87616261283596,-6.166934425480515],[106.87616261283596,-6.167832740764635]]]},"id":"+118974-6866","properties":{"cls":7,"count":1}},{"type":"Feature","geometry":{"geodesic":false,"type":"Polygon","coordinates":[[[106.87616261283596,-6.168731056048754],[106.87706092812007,-6.168731056048754],[106.87706092812007,-6.167832740764635],[106.87616261283596,-6.167832740764635],[106.87616261283596,-6.168731056048754]]]},"id":"+118974-6867","properties":{"cls":3,"count":1}},{"type":"Feature","geometry":{"geodesic":false,"type":"Polygon","coordinates":[[[106.87616261283596,-6.23430807178948],[106.87706092812007,-6.23430807178948],[106.87706092812007,-6.23340975650536],[106.87616261283596,-6.23340975650536],[106.87616261283596,-6.23430807178948]]]},"id":"+118974-6940","properties":{"cls":5,"count":1}},{"type":"Feature","geometry":{"geodesic":false,"type":"Polygon","coordinates":[[[106.87706092812007,-6.099560779171552],[106.87795924340419,-6.099560779171552],[106.87795924340419,-6.098662463887432],[106.87706092812007,-6.098662463887432],[106.87706092812007,-6.099560779171552]]]},"id":"+118975-6790","properties":{"cls":9,"count":1}},{"type":"Feature","geometry":{"geodesic":false,"type":"Polygon","coordinates":[[[106.87706092812007,-6.110340562580985],[106.87795924340419,-6.110340562580985],[106.87795924340419,-6.109442247296866],[106.87706092812007,-6.109442247296866],[106.87706092812007,-6.110340562580985]]]},"id":"+118975-6802","properties":{"cls":2,"count":1}},{"type":"Feature","geometry":{"geodesic":false,"type":"Polygon","coordinates":[[[106.87706092812007,-6.148069804514005],[106.87795924340419,-6.148069804514005],[106.87795924340419,-6.147171489229886],[106.87706092812007,-6.147171489229886],[106.87706092812007,-6.148069804514005]]]},"id":"+118975-6844","properties":{"cls":2,"count":1}},{"type":"Feature","geometry":{"geodesic":false,"type":"Polygon","coordinates":[[[106.87706092812007,-6.224426603664165],[106.87795924340419,-6.224426603664165],[106.87795924340419,-6.223528288380045],[106.87706092812007,-6.223528288380045],[106.87706092812007,-6.224426603664165]]]},"id":"+118975-6929","properties":{"cls":3,"count":1}},{"type":"Feature","geometry":{"geodesic":false,"type":"Polygon","coordinates":[[[106.87706092812007,-6.236104702357719],[106.87795924340419,-6.236104702357719],[106.87795924340419,-6.235206387073599],[106.87706092812007,-6.235206387073599],[106.87706092812007,-6.236104702357719]]]},"id":"+118975-6942","properties":{"cls":2,"count":1}},{"type":"Feature","geometry":{"geodesic":false,"type":"Polygon","coordinates":[[[106.87706092812007,-6.237901332925958],[106.87795924340419,-6.237901332925958],[106.87795924340419,-6.237003017641838],[106.87706092812007,-6.237003017641838],[106.87706092812007,-6.237901332925958]]]},"id":"+118975-6944","properties":{"cls":4,"count":1}},{"type":"Feature","geometry":{"geodesic":false,"type":"Polygon","coordinates":[[[106.87706092812007,-6.238799648210077],[106.87795924340419,-6.238799648210077],[106.87795924340419,-6.237901332925958],[106.87706092812007,-6.237901332925958],[106.87706092812007,-6.238799648210077]]]},"id":"+118975-6945","properties":{"cls":5,"count":1}},{"type":"Feature","geometry":{"geodesic":false,"type":"Polygon","coordinates":[[[106.87795924340419,-6.145374858661647],[106.87885755868831,-6.145374858661647],[106.87885755868831,-6.144476543377527],[106.87795924340419,-6.144476543377527],[106.87795924340419,-6.145374858661647]]]},"id":"+118976-6841","properties":{"cls":5,"count":1}},{"type":"Feature","geometry":{"geodesic":false,"type":"Polygon","coordinates":[[[106.87885755868831,-6.145374858661647],[106.87975587397243,-6.145374858661647],[106.87975587397243,-6.144476543377527],[106.87885755868831,-6.144476543377527],[106.87885755868831,-6.145374858661647]]]},"id":"+118977-6841","properties":{"cls":7,"count":1}},{"type":"Feature","geometry":{"geodesic":false,"type":"Polygon","coordinates":[[[106.87885755868831,-6.169629371332874],[106.87975587397243,-6.169629371332874],[106.87975587397243,-6.168731056048754],[106.87885755868831,-6.168731056048754],[106.87885755868831,-6.169629371332874]]]},"id":"+118977-6868","properties":{"cls":2,"count":1}},{"type":"Feature","geometry":{"geodesic":false,"type":"Polygon","coordinates":[[[106.87975587397243,-6.137290021104572],[106.88065418925655,-6.137290021104572],[106.88065418925655,-6.136391705820452],[106.87975587397243,-6.136391705820452],[106.87975587397243,-6.137290021104572]]]},"id":"+118978-6832","properties":{"cls":2,"count":1}},{"type":"Feature","geometry":{"geodesic":false,"type":"Polygon","coordinates":[[[106.87975587397243,-6.145374858661647],[106.88065418925655,-6.145374858661647],[106.88065418925655,-6.144476543377527],[106.87975587397243,-6.144476543377527],[106.87975587397243,-6.145374858661647]]]},"id":"+118978-6841","properties":{"cls":9,"count":1}},{"type":"Feature","geometry":{"geodesic":false,"type":"Polygon","coordinates":[[[106.87975587397243,-6.21454513553885],[106.88065418925655,-6.21454513553885],[106.88065418925655,-6.213646820254731],[106.87975587397243,-6.213646820254731],[106.87975587397243,-6.21454513553885]]]},"id":"+118978-6918","properties":{"cls":5,"count":1}},{"type":"Feature","geometry":{"geodesic":false,"type":"Polygon","coordinates":[[[106.87975587397243,-6.223528288380045],[106.88065418925655,-6.223528288380045],[106.88065418925655,-6.222629973095926],[106.87975587397243,-6.222629973095926],[106.87975587397243,-6.223528288380045]]]},"id":"+118978-6928","properties":{"cls":4,"count":1}},{"type":"Feature","geometry":{"geodesic":false,"type":"Polygon","coordinates":[[[106.87975587397243,-6.323241284917312],[106.88065418925655,-6.323241284917312],[106.88065418925655,-6.322342969633192],[106.87975587397243,-6.322342969633192],[106.87975587397243,-6.323241284917312]]]},"id":"+118978-7039","properties":{"cls":5,"count":1}},{"type":"Feature","geometry":{"geodesic":false,"type":"Polygon","coordinates":[[[106.88065418925655,-6.13998496695693],[106.88155250454068,-6.13998496695693],[106.88155250454068,-6.13908665167281],[106.88065418925655,-6.13908665167281],[106.88065418925655,-6.13998496695693]]]},"id":"+118979-6835","properties":{"cls":4,"count":1}},{"type":"Feature","geometry":{"geodesic":false,"type":"Polygon","coordinates":[[[106.88065418925655,-6.223528288380045],[106.88155250454068,-6.223528288380045],[106.88155250454068,-6.222629973095926],[106.88065418925655,-6.222629973095926],[106.88065418925655,-6.223528288380045]]]},"id":"+118979-6928","properties":{"cls":3,"count":1}},{"type":"Feature","geometry":{"geodesic":false,"type":"Polygon","coordinates":[[[106.88065418925655,-6.323241284917312],[106.88155250454068,-6.323241284917312],[106.88155250454068,-6.322342969633192],[106.88065418925655,-6.322342969633192],[106.88065418925655,-6.323241284917312]]]},"id":"+118979-7039","properties":{"cls":2,"count":1}},{"type":"Feature","geometry":{"geodesic":false,"type":"Polygon","coordinates":[[[106.88155250454068,-6.10225572502391],[106.8824508198248,-6.10225572502391],[106.8824508198248,-6.095967518035073],[106.88155250454068,-6.095967518035073],[106.88155250454068,-6.10225572502391]]]},"id":"+118980-6787","properties":{"cls":2,"count":7}},{"type":"Feature","geometry":{"geodesic":false,"type":"Polygon","coordinates":[[[106.88155250454068,-6.103154040308029],[106.8824508198248,-6.103154040308029],[106.8824508198248,-6.10225572502391],[106.88155250454068,-6.10225572502391],[106.88155250454068,-6.103154040308029]]]},"id":"+118980-6794","properties":{"cls":9,"count":1}},{"type":"Feature","geometry":{"geodesic":false,"type":"Polygon","coordinates":[[[106.88155250454068,-6.136391705820452],[106.87975587397243,-6.13908665167281],[106.8824508198248,-6.13908665167281],[106.8824508198248,-6.136391705820452],[106.88155250454068,-6.136391705820452]]]},"id":"+118980-6832","properties":{"cls":2,"count":6}},{"type":"Feature","geometry":{"geodesic":false,"type":"Polygon","coordinates":[[[106.88155250454068,-6.13998496695693],[106.8824508198248,-6.13998496695693],[106.8824508198248,-6.13908665167281],[106.88155250454068,-6.13908665167281],[106.88155250454068,-6.13998496695693]]]},"id":"+118980-6835","properties":{"cls":3,"count":1}},{"type":"Feature","geometry":{"geodesic":false,"type":"Polygon","coordinates":[[[106.8824508198248,-6.13908665167281],[106.88334913510892,-6.13908665167281],[106.88334913510892,-6.138188336388691],[106.8824508198248,-6.138188336388691],[106.8824508198248,-6.13908665167281]]]},"id":"+118981-6834","properties":{"cls":5,"count":1}},{"type":"Feature","geometry":{"geodesic":false,"type":"Polygon","coordinates":[[[106.88334913510892,-6.2720373137225],[106.88424745039303,-6.2720373137225],[106.88424745039303,-6.27113899843838],[106.88334913510892,-6.27113899843838],[106.88334913510892,-6.2720373137225]]]},"id":"+118982-6982","properties":{"cls":2,"count":1}},{"type":"Feature","geometry":{"geodesic":false,"type":"Polygon","coordinates":[[[106.88334913510892,-6.3663604185550495],[106.88424745039303,-6.3663604185550495],[106.88424745039303,-6.3654621032709295],[106.88334913510892,-6.3654621032709295],[106.88334913510892,-6.3663604185550495]]]},"id":"+118982-7087","properties":{"cls":4,"count":1}},{"type":"Feature","geometry":{"geodesic":false,"type":"Polygon","coordinates":[[[106.88424745039303,-6.0977641486033125],[106.88514576567715,-6.0977641486033125],[106.88514576567715,-6.0968658333191925],[106.88424745039303,-6.0968658333191925],[106.88424745039303,-6.0977641486033125]]]},"id":"+118983-6788","properties":{"cls":2,"count":1}},{"type":"Feature","geometry":{"geodesic":false,"type":"Polygon","coordinates":[[[106.88424745039303,-6.339410960031463],[106.88514576567715,-6.339410960031463],[106.88514576567715,-6.338512644747344],[106.88424745039303,-6.338512644747344],[106.88424745039303,-6.339410960031463]]]},"id":"+118983-7057","properties":{"cls":9,"count":1}},{"type":"Feature","geometry":{"geodesic":false,"type":"Polygon","coordinates":[[[106.88424745039303,-6.105848986160388],[106.88604408096127,-6.105848986160388],[106.88604408096127,-6.104950670876268],[106.88424745039303,-6.104950670876268],[106.88424745039303,-6.105848986160388]]]},"id":"+118984-6797","properties":{"cls":2,"count":2}},{"type":"Feature","geometry":{"geodesic":false,"type":"Polygon","coordinates":[[[106.88604408096127,-6.098662463887432],[106.88694239624539,-6.098662463887432],[106.88694239624539,-6.0968658333191925],[106.88604408096127,-6.0968658333191925],[106.88604408096127,-6.098662463887432]]]},"id":"+118985-6788","properties":{"cls":2,"count":2}},{"type":"Feature","geometry":{"geodesic":false,"type":"Polygon","coordinates":[[[106.88424745039303,-6.099560779171552],[106.88424745039303,-6.100459094455671],[106.88514576567715,-6.100459094455671],[106.88514576567715,-6.10225572502391],[106.88604408096127,-6.10225572502391],[106.88604408096127,-6.101357409739791],[106.88694239624539,-6.101357409739791],[106.88694239624539,-6.099560779171552],[106.88424745039303,-6.099560779171552]]]},"id":"+118985-6791","properties":{"cls":2,"count":6}},{"type":"Feature","geometry":{"geodesic":false,"type":"Polygon","coordinates":[[[106.88604408096127,-6.106747301444507],[106.88694239624539,-6.106747301444507],[106.88694239624539,-6.105848986160388],[106.88604408096127,-6.105848986160388],[106.88604408096127,-6.106747301444507]]]},"id":"+118985-6798","properties":{"cls":2,"count":1}},{"type":"Feature","geometry":{"geodesic":false,"type":"Polygon","coordinates":[[[106.88514576567715,-6.274732259574858],[106.88694239624539,-6.274732259574858],[106.88694239624539,-6.273833944290739],[106.88514576567715,-6.273833944290739],[106.88514576567715,-6.274732259574858]]]},"id":"+118985-6985","properties":{"cls":5,"count":2}},{"type":"Feature","geometry":{"geodesic":false,"type":"Polygon","coordinates":[[[106.88604408096127,-6.359173896282093],[106.88694239624539,-6.359173896282093],[106.88694239624539,-6.358275580997973],[106.88604408096127,-6.358275580997973],[106.88604408096127,-6.359173896282093]]]},"id":"+118985-7079","properties":{"cls":9,"count":1}},{"type":"Feature","geometry":{"geodesic":false,"type":"Polygon","coordinates":[[[106.88694239624539,-6.358275580997973],[106.8878407115295,-6.358275580997973],[106.8878407115295,-6.357377265713854],[106.88694239624539,-6.357377265713854],[106.88694239624539,-6.358275580997973]]]},"id":"+118986-7078","properties":{"cls":4,"count":1}},{"type":"Feature","geometry":{"geodesic":false,"type":"Polygon","coordinates":[[[106.8878407115295,-6.151663065650483],[106.88873902681362,-6.151663065650483],[106.88873902681362,-6.150764750366364],[106.8878407115295,-6.150764750366364],[106.8878407115295,-6.151663065650483]]]},"id":"+118987-6848","properties":{"cls":5,"count":1}},{"type":"Feature","geometry":{"geodesic":false,"type":"Polygon","coordinates":[[[106.8878407115295,-6.1534596962187225],[106.88873902681362,-6.1534596962187225],[106.88873902681362,-6.152561380934603],[106.8878407115295,-6.152561380934603],[106.8878407115295,-6.1534596962187225]]]},"id":"+118987-6850","properties":{"cls":9,"count":1}},{"type":"Feature","geometry":{"geodesic":false,"type":"Polygon","coordinates":[[[106.8878407115295,-6.180409154742308],[106.88873902681362,-6.180409154742308],[106.88873902681362,-6.17681589360583],[106.8878407115295,-6.17681589360583],[106.8878407115295,-6.180409154742308]]]},"id":"+118987-6877","properties":{"cls":3,"count":4}},{"type":"Feature","geometry":{"geodesic":false,"type":"Polygon","coordinates":[[[106.8878407115295,-6.239697963494197],[106.88873902681362,-6.239697963494197],[106.88873902681362,-6.238799648210077],[106.8878407115295,-6.238799648210077],[106.8878407115295,-6.239697963494197]]]},"id":"+118987-6946","properties":{"cls":5,"count":1}},{"type":"Feature","geometry":{"geodesic":false,"type":"Polygon","coordinates":[[[106.88873902681362,-6.178612524174069],[106.88963734209774,-6.178612524174069],[106.88963734209774,-6.17771420888995],[106.88873902681362,-6.17771420888995],[106.88873902681362,-6.178612524174069]]]},"id":"+118988-6878","properties":{"cls":2,"count":1}},{"type":"Feature","geometry":{"geodesic":false,"type":"Polygon","coordinates":[[[106.88873902681362,-6.179510839458189],[106.88963734209774,-6.179510839458189],[106.88963734209774,-6.178612524174069],[106.88873902681362,-6.178612524174069],[106.88873902681362,-6.179510839458189]]]},"id":"+118988-6879","properties":{"cls":9,"count":1}},{"type":"Feature","geometry":{"geodesic":false,"type":"Polygon","coordinates":[[[106.88873902681362,-6.183104100594667],[106.88963734209774,-6.183104100594667],[106.88963734209774,-6.182205785310547],[106.88873902681362,-6.182205785310547],[106.88873902681362,-6.183104100594667]]]},"id":"+118988-6883","properties":{"cls":3,"count":1}},{"type":"Feature","geometry":{"geodesic":false,"type":"Polygon","coordinates":[[[106.88963734209774,-6.0977641486033125],[106.88963734209774,-6.098662463887432],[106.88873902681362,-6.098662463887432],[106.88873902681362,-6.099560779171552],[106.88963734209774,-6.099560779171552],[106.88963734209774,-6.10225572502391],[106.88873902681362,-6.10225572502391],[106.88873902681362,-6.103154040308029],[106.89053565738186,-6.103154040308029],[106.89053565738186,-6.0977641486033125],[106.88963734209774,-6.0977641486033125]]]},"id":"+118989-6789","properties":{"cls":2,"count":8}},{"type":"Feature","geometry":{"geodesic":false,"type":"Polygon","coordinates":[[[106.88963734209774,-6.104950670876268],[106.89053565738186,-6.104950670876268],[106.89053565738186,-6.104052355592149],[106.88963734209774,-6.104052355592149],[106.88963734209774,-6.104950670876268]]]},"id":"+118989-6796","properties":{"cls":2,"count":1}},{"type":"Feature","geometry":{"geodesic":false,"type":"Polygon","coordinates":[[[106.88963734209774,-6.106747301444507],[106.89053565738186,-6.106747301444507],[106.89053565738186,-6.105848986160388],[106.88963734209774,-6.105848986160388],[106.88963734209774,-6.106747301444507]]]},"id":"+118989-6798","properties":{"cls":9,"count":1}},{"type":"Feature","geometry":{"geodesic":false,"type":"Polygon","coordinates":[[[106.88963734209774,-6.107645616728627],[106.89053565738186,-6.107645616728627],[106.89053565738186,-6.106747301444507],[106.88963734209774,-6.106747301444507],[106.88963734209774,-6.107645616728627]]]},"id":"+118989-6799","properties":{"cls":5,"count":1}},{"type":"Feature","geometry":{"geodesic":false,"type":"Polygon","coordinates":[[[106.88963734209774,-6.15884958792344],[106.89053565738186,-6.15884958792344],[106.89053565738186,-6.157052957355201],[106.88963734209774,-6.157052957355201],[106.88963734209774,-6.15884958792344]]]},"id":"+118989-6855","properties":{"cls":3,"count":2}},{"type":"Feature","geometry":{"geodesic":false,"type":"Polygon","coordinates":[[[106.88963734209774,-6.183104100594667],[106.89053565738186,-6.183104100594667],[106.89053565738186,-6.182205785310547],[106.88963734209774,-6.182205785310547],[106.88963734209774,-6.183104100594667]]]},"id":"+118989-6883","properties":{"cls":2,"count":1}},{"type":"Feature","geometry":{"geodesic":false,"type":"Polygon","coordinates":[[[106.88963734209774,-6.2702406831542605],[106.89053565738186,-6.2702406831542605],[106.89053565738186,-6.2693423678701405],[106.88963734209774,-6.2693423678701405],[106.88963734209774,-6.2702406831542605]]]},"id":"+118989-6980","properties":{"cls":2,"count":1}},{"type":"Feature","geometry":{"geodesic":false,"type":"Polygon","coordinates":[[[106.88963734209774,-6.286410358268411],[106.89053565738186,-6.286410358268411],[106.89053565738186,-6.285512042984292],[106.88963734209774,-6.285512042984292],[106.88963734209774,-6.286410358268411]]]},"id":"+118989-6998","properties":{"cls":2,"count":1}},{"type":"Feature","geometry":{"geodesic":false,"type":"Polygon","coordinates":[[[106.89053565738186,-6.107645616728627],[106.891433972666,-6.107645616728627],[106.891433972666,-6.106747301444507],[106.89053565738186,-6.106747301444507],[106.89053565738186,-6.107645616728627]]]},"id":"+118990-6799","properties":{"cls":7,"count":1}},{"type":"Feature","geometry":{"geodesic":false,"type":"Polygon","coordinates":[[[106.89053565738186,-6.2702406831542605],[106.891433972666,-6.2702406831542605],[106.891433972666,-6.2693423678701405],[106.89053565738186,-6.2693423678701405],[106.89053565738186,-6.2702406831542605]]]},"id":"+118990-6980","properties":{"cls":5,"count":1}},{"type":"Feature","geometry":{"geodesic":false,"type":"Polygon","coordinates":[[[106.89053565738186,-6.371750310259766],[106.891433972666,-6.371750310259766],[106.891433972666,-6.370851994975647],[106.89053565738186,-6.370851994975647],[106.89053565738186,-6.371750310259766]]]},"id":"+118990-7093","properties":{"cls":2,"count":1}},{"type":"Feature","geometry":{"geodesic":false,"type":"Polygon","coordinates":[[[106.891433972666,-6.107645616728627],[106.89233228795011,-6.107645616728627],[106.89233228795011,-6.106747301444507],[106.891433972666,-6.106747301444507],[106.891433972666,-6.107645616728627]]]},"id":"+118991-6799","properties":{"cls":5,"count":1}},{"type":"Feature","geometry":{"geodesic":false,"type":"Polygon","coordinates":[[[106.891433972666,-6.110340562580985],[106.89233228795011,-6.110340562580985],[106.89233228795011,-6.109442247296866],[106.891433972666,-6.109442247296866],[106.891433972666,-6.110340562580985]]]},"id":"+118991-6802","properties":{"cls":7,"count":1}},{"type":"Feature","geometry":{"geodesic":false,"type":"Polygon","coordinates":[[[106.891433972666,-6.131900129399854],[106.89233228795011,-6.131900129399854],[106.89233228795011,-6.131001814115734],[106.891433972666,-6.131001814115734],[106.891433972666,-6.131900129399854]]]},"id":"+118991-6826","properties":{"cls":2,"count":1}},{"type":"Feature","geometry":{"geodesic":false,"type":"Polygon","coordinates":[[[106.891433972666,-6.157052957355201],[106.89233228795011,-6.157052957355201],[106.89233228795011,-6.156154642071081],[106.891433972666,-6.156154642071081],[106.891433972666,-6.157052957355201]]]},"id":"+118991-6854","properties":{"cls":3,"count":1}},{"type":"Feature","geometry":{"geodesic":false,"type":"Polygon","coordinates":[[[106.891433972666,-6.15884958792344],[106.89233228795011,-6.15884958792344],[106.89233228795011,-6.15795127263932],[106.891433972666,-6.15795127263932],[106.891433972666,-6.15884958792344]]]},"id":"+118991-6856","properties":{"cls":3,"count":1}},{"type":"Feature","geometry":{"geodesic":false,"type":"Polygon","coordinates":[[[106.89233228795011,-6.104052355592149],[106.89323060323423,-6.104052355592149],[106.89323060323423,-6.103154040308029],[106.89233228795011,-6.103154040308029],[106.89233228795011,-6.104052355592149]]]},"id":"+118992-6795","properties":{"cls":2,"count":1}},{"type":"Feature","geometry":{"geodesic":false,"type":"Polygon","coordinates":[[[106.88963734209774,-6.107645616728627],[106.88963734209774,-6.110340562580985],[106.89323060323423,-6.109442247296866],[106.89323060323423,-6.107645616728627],[106.88963734209774,-6.107645616728627]]]},"id":"+118992-6800","properties":{"cls":9,"count":10}},{"type":"Feature","geometry":{"geodesic":false,"type":"Polygon","coordinates":[[[106.89233228795011,-6.1534596962187225],[106.89323060323423,-6.1534596962187225],[106.89323060323423,-6.151663065650483],[106.89233228795011,-6.151663065650483],[106.89233228795011,-6.1534596962187225]]]},"id":"+118992-6849","properties":{"cls":2,"count":2}},{"type":"Feature","geometry":{"geodesic":false,"type":"Polygon","coordinates":[[[106.89233228795011,-6.175917578321711],[106.89323060323423,-6.175917578321711],[106.89323060323423,-6.175019263037591],[106.89233228795011,-6.175019263037591],[106.89233228795011,-6.175917578321711]]]},"id":"+118992-6875","properties":{"cls":4,"count":1}},{"type":"Feature","geometry":{"geodesic":false,"type":"Polygon","coordinates":[[[106.89233228795011,-6.17681589360583],[106.89323060323423,-6.17681589360583],[106.89323060323423,-6.175917578321711],[106.89233228795011,-6.175917578321711],[106.89233228795011,-6.17681589360583]]]},"id":"+118992-6876","properties":{"cls":5,"count":1}},{"type":"Feature","geometry":{"geodesic":false,"type":"Polygon","coordinates":[[[106.89233228795011,-6.238799648210077],[106.89323060323423,-6.238799648210077],[106.89323060323423,-6.237901332925958],[106.89233228795011,-6.237901332925958],[106.89233228795011,-6.238799648210077]]]},"id":"+118992-6945","properties":{"cls":2,"count":1}},{"type":"Feature","geometry":{"geodesic":false,"type":"Polygon","coordinates":[[[106.89233228795011,-6.239697963494197],[106.89323060323423,-6.239697963494197],[106.89323060323423,-6.238799648210077],[106.89233228795011,-6.238799648210077],[106.89233228795011,-6.239697963494197]]]},"id":"+118992-6946","properties":{"cls":5,"count":1}},{"type":"Feature","geometry":{"geodesic":false,"type":"Polygon","coordinates":[[[106.89323060323423,-6.103154040308029],[106.89412891851835,-6.103154040308029],[106.89412891851835,-6.10225572502391],[106.89323060323423,-6.10225572502391],[106.89323060323423,-6.103154040308029]]]},"id":"+118993-6794","properties":{"cls":2,"count":1}},{"type":"Feature","geometry":{"geodesic":false,"type":"Polygon","coordinates":[[[106.89233228795011,-6.105848986160388],[106.89412891851835,-6.105848986160388],[106.89412891851835,-6.104950670876268],[106.89233228795011,-6.104950670876268],[106.89233228795011,-6.105848986160388]]]},"id":"+118993-6797","properties":{"cls":9,"count":2}},{"type":"Feature","geometry":{"geodesic":false,"type":"Polygon","coordinates":[[[106.89233228795011,-6.105848986160388],[106.89233228795011,-6.107645616728627],[106.89323060323423,-6.107645616728627],[106.89412891851835,-6.105848986160388],[106.89233228795011,-6.105848986160388]]]},"id":"+118993-6798","properties":{"cls":7,"count":3}},{"type":"Feature","geometry":{"geodesic":false,"type":"Polygon","coordinates":[[[106.89323060323423,-6.108543932012746],[106.89412891851835,-6.108543932012746],[106.89412891851835,-6.107645616728627],[106.89323060323423,-6.107645616728627],[106.89323060323423,-6.108543932012746]]]},"id":"+118993-6800","properties":{"cls":5,"count":1}},{"type":"Feature","geometry":{"geodesic":false,"type":"Polygon","coordinates":[[[106.89323060323423,-6.151663065650483],[106.89412891851835,-6.151663065650483],[106.89412891851835,-6.150764750366364],[106.89323060323423,-6.150764750366364],[106.89323060323423,-6.151663065650483]]]},"id":"+118993-6848","properties":{"cls":2,"count":1}},{"type":"Feature","geometry":{"geodesic":false,"type":"Polygon","coordinates":[[[106.89323060323423,-6.175019263037591],[106.89412891851835,-6.175019263037591],[106.89412891851835,-6.1741209477534715],[106.89323060323423,-6.1741209477534715],[106.89323060323423,-6.175019263037591]]]},"id":"+118993-6874","properties":{"cls":4,"count":1}},{"type":"Feature","geometry":{"geodesic":false,"type":"Polygon","coordinates":[[[106.89323060323423,-6.277427205427217],[106.89412891851835,-6.277427205427217],[106.89412891851835,-6.276528890143097],[106.89323060323423,-6.276528890143097],[106.89323060323423,-6.277427205427217]]]},"id":"+118993-6988","properties":{"cls":4,"count":1}},{"type":"Feature","geometry":{"geodesic":false,"type":"Polygon","coordinates":[[[106.89323060323423,-6.305274979234921],[106.89412891851835,-6.305274979234921],[106.89412891851835,-6.304376663950802],[106.89323060323423,-6.304376663950802],[106.89323060323423,-6.305274979234921]]]},"id":"+118993-7019","properties":{"cls":2,"count":1}},{"type":"Feature","geometry":{"geodesic":false,"type":"Polygon","coordinates":[[[106.89412891851835,-6.101357409739791],[106.89502723380247,-6.101357409739791],[106.89502723380247,-6.100459094455671],[106.89412891851835,-6.100459094455671],[106.89412891851835,-6.101357409739791]]]},"id":"+118994-6792","properties":{"cls":2,"count":1}},{"type":"Feature","geometry":{"geodesic":false,"type":"Polygon","coordinates":[[[106.89412891851835,-6.103154040308029],[106.89502723380247,-6.103154040308029],[106.89502723380247,-6.10225572502391],[106.89412891851835,-6.10225572502391],[106.89412891851835,-6.103154040308029]]]},"id":"+118994-6794","properties":{"cls":7,"count":1}},{"type":"Feature","geometry":{"geodesic":false,"type":"Polygon","coordinates":[[[106.89412891851835,-6.105848986160388],[106.89323060323423,-6.107645616728627],[106.89502723380247,-6.107645616728627],[106.89502723380247,-6.105848986160388],[106.89412891851835,-6.105848986160388]]]},"id":"+118994-6798","properties":{"cls":9,"count":3}},{"type":"Feature","geometry":{"geodesic":false,"type":"Polygon","coordinates":[[[106.89412891851835,-6.140883282241049],[106.89502723380247,-6.140883282241049],[106.89502723380247,-6.13998496695693],[106.89412891851835,-6.13998496695693],[106.89412891851835,-6.140883282241049]]]},"id":"+118994-6836","properties":{"cls":2,"count":1}},{"type":"Feature","geometry":{"geodesic":false,"type":"Polygon","coordinates":[[[106.89412891851835,-6.175019263037591],[106.89502723380247,-6.175019263037591],[106.89502723380247,-6.1741209477534715],[106.89412891851835,-6.1741209477534715],[106.89412891851835,-6.175019263037591]]]},"id":"+118994-6874","properties":{"cls":5,"count":1}},{"type":"Feature","geometry":{"geodesic":false,"type":"Polygon","coordinates":[[[106.89412891851835,-6.239697963494197],[106.89502723380247,-6.239697963494197],[106.89502723380247,-6.238799648210077],[106.89412891851835,-6.238799648210077],[106.89412891851835,-6.239697963494197]]]},"id":"+118994-6946","properties":{"cls":3,"count":1}},{"type":"Feature","geometry":{"geodesic":false,"type":"Polygon","coordinates":[[[106.89412891851835,-6.245087855198913],[106.89502723380247,-6.245087855198913],[106.89502723380247,-6.244189539914794],[106.89412891851835,-6.244189539914794],[106.89412891851835,-6.245087855198913]]]},"id":"+118994-6952","properties":{"cls":3,"count":1}},{"type":"Feature","geometry":{"geodesic":false,"type":"Polygon","coordinates":[[[106.89412891851835,-6.301681718098443],[106.89502723380247,-6.301681718098443],[106.89502723380247,-6.300783402814324],[106.89412891851835,-6.300783402814324],[106.89412891851835,-6.301681718098443]]]},"id":"+118994-7015","properties":{"cls":5,"count":1}},{"type":"Feature","geometry":{"geodesic":false,"type":"Polygon","coordinates":[[[106.89412891851835,-6.304376663950802],[106.89502723380247,-6.304376663950802],[106.89502723380247,-6.303478348666682],[106.89412891851835,-6.303478348666682],[106.89412891851835,-6.304376663950802]]]},"id":"+118994-7018","properties":{"cls":9,"count":1}},{"type":"Feature","geometry":{"geodesic":false,"type":"Polygon","coordinates":[[[106.89502723380247,-6.10225572502391],[106.89592554908658,-6.10225572502391],[106.89592554908658,-6.101357409739791],[106.89502723380247,-6.101357409739791],[106.89502723380247,-6.10225572502391]]]},"id":"+118995-6793","properties":{"cls":7,"count":1}},{"type":"Feature","geometry":{"geodesic":false,"type":"Polygon","coordinates":[[[106.89502723380247,-6.106747301444507],[106.89592554908658,-6.106747301444507],[106.89592554908658,-6.105848986160388],[106.89502723380247,-6.105848986160388],[106.89502723380247,-6.106747301444507]]]},"id":"+118995-6798","properties":{"cls":7,"count":1}},{"type":"Feature","geometry":{"geodesic":false,"type":"Polygon","coordinates":[[[106.89502723380247,-6.1543580115028425],[106.89592554908658,-6.1543580115028425],[106.89592554908658,-6.1534596962187225],[106.89502723380247,-6.1534596962187225],[106.89502723380247,-6.1543580115028425]]]},"id":"+118995-6851","properties":{"cls":2,"count":1}},{"type":"Feature","geometry":{"geodesic":false,"type":"Polygon","coordinates":[[[106.89502723380247,-6.173222632469352],[106.89592554908658,-6.173222632469352],[106.89592554908658,-6.1723243171852324],[106.89502723380247,-6.1723243171852324],[106.89502723380247,-6.173222632469352]]]},"id":"+118995-6872","properties":{"cls":3,"count":1}},{"type":"Feature","geometry":{"geodesic":false,"type":"Polygon","coordinates":[[[106.89502723380247,-6.1741209477534715],[106.89592554908658,-6.1741209477534715],[106.89592554908658,-6.173222632469352],[106.89502723380247,-6.173222632469352],[106.89502723380247,-6.1741209477534715]]]},"id":"+118995-6873","properties":{"cls":5,"count":1}},{"type":"Feature","geometry":{"geodesic":false,"type":"Polygon","coordinates":[[[106.89502723380247,-6.241494594062436],[106.89592554908658,-6.241494594062436],[106.89592554908658,-6.240596278778316],[106.89502723380247,-6.240596278778316],[106.89502723380247,-6.241494594062436]]]},"id":"+118995-6948","properties":{"cls":5,"count":1}},{"type":"Feature","geometry":{"geodesic":false,"type":"Polygon","coordinates":[[[106.89502723380247,-6.274732259574858],[106.89592554908658,-6.274732259574858],[106.89592554908658,-6.273833944290739],[106.89502723380247,-6.273833944290739],[106.89502723380247,-6.274732259574858]]]},"id":"+118995-6985","properties":{"cls":5,"count":1}},{"type":"Feature","geometry":{"geodesic":false,"type":"Polygon","coordinates":[[[106.89502723380247,-6.301681718098443],[106.89592554908658,-6.301681718098443],[106.89592554908658,-6.300783402814324],[106.89502723380247,-6.300783402814324],[106.89502723380247,-6.301681718098443]]]},"id":"+118995-7015","properties":{"cls":9,"count":1}},{"type":"Feature","geometry":{"geodesic":false,"type":"Polygon","coordinates":[[[106.89592554908658,-6.101357409739791],[106.89592554908658,-6.10225572502391],[106.89412891851835,-6.103154040308029],[106.89412891851835,-6.104950670876268],[106.8968238643707,-6.104950670876268],[106.8968238643707,-6.103154040308029],[106.89772217965482,-6.103154040308029],[106.8968238643707,-6.101357409739791],[106.89592554908658,-6.101357409739791]]]},"id":"+118996-6793","properties":{"cls":9,"count":10}},{"type":"Feature","geometry":{"geodesic":false,"type":"Polygon","coordinates":[[[106.89592554908658,-6.105848986160388],[106.8968238643707,-6.105848986160388],[106.8968238643707,-6.104950670876268],[106.89592554908658,-6.104950670876268],[106.89592554908658,-6.105848986160388]]]},"id":"+118996-6797","properties":{"cls":2,"count":1}},{"type":"Feature","geometry":{"geodesic":false,"type":"Polygon","coordinates":[[[106.89592554908658,-6.138188336388691],[106.8968238643707,-6.138188336388691],[106.8968238643707,-6.137290021104572],[106.89592554908658,-6.137290021104572],[106.89592554908658,-6.138188336388691]]]},"id":"+118996-6833","properties":{"cls":2,"count":1}},{"type":"Feature","geometry":{"geodesic":false,"type":"Polygon","coordinates":[[[106.89592554908658,-6.145374858661647],[106.8968238643707,-6.145374858661647],[106.8968238643707,-6.144476543377527],[106.89592554908658,-6.144476543377527],[106.89592554908658,-6.145374858661647]]]},"id":"+118996-6841","properties":{"cls":4,"count":1}},{"type":"Feature","geometry":{"geodesic":false,"type":"Polygon","coordinates":[[[106.89592554908658,-6.166036110196396],[106.8968238643707,-6.166036110196396],[106.8968238643707,-6.165137794912276],[106.89592554908658,-6.165137794912276],[106.89592554908658,-6.166036110196396]]]},"id":"+118996-6864","properties":{"cls":5,"count":1}},{"type":"Feature","geometry":{"geodesic":false,"type":"Polygon","coordinates":[[[106.89592554908658,-6.1741209477534715],[106.8968238643707,-6.1741209477534715],[106.8968238643707,-6.173222632469352],[106.89592554908658,-6.173222632469352],[106.89592554908658,-6.1741209477534715]]]},"id":"+118996-6873","properties":{"cls":3,"count":1}},{"type":"Feature","geometry":{"geodesic":false,"type":"Polygon","coordinates":[[[106.89592554908658,-6.184900731162906],[106.8968238643707,-6.184900731162906],[106.8968238643707,-6.184002415878786],[106.89592554908658,-6.184002415878786],[106.89592554908658,-6.184900731162906]]]},"id":"+118996-6885","properties":{"cls":3,"count":1}},{"type":"Feature","geometry":{"geodesic":false,"type":"Polygon","coordinates":[[[106.89592554908658,-6.272935629006619],[106.8968238643707,-6.272935629006619],[106.8968238643707,-6.2720373137225],[106.89592554908658,-6.2720373137225],[106.89592554908658,-6.272935629006619]]]},"id":"+118996-6983","properties":{"cls":5,"count":1}},{"type":"Feature","geometry":{"geodesic":false,"type":"Polygon","coordinates":[[[106.89592554908658,-6.274732259574858],[106.8968238643707,-6.274732259574858],[106.8968238643707,-6.272935629006619],[106.89592554908658,-6.272935629006619],[106.89592554908658,-6.274732259574858]]]},"id":"+118996-6984","properties":{"cls":9,"count":2}},{"type":"Feature","geometry":{"geodesic":false,"type":"Polygon","coordinates":[[[106.89502723380247,-6.277427205427217],[106.8968238643707,-6.277427205427217],[106.8968238643707,-6.276528890143097],[106.89502723380247,-6.276528890143097],[106.89502723380247,-6.277427205427217]]]},"id":"+118996-6988","properties":{"cls":4,"count":2}},{"type":"Feature","geometry":{"geodesic":false,"type":"Polygon","coordinates":[[[106.89592554908658,-6.304376663950802],[106.8968238643707,-6.304376663950802],[106.8968238643707,-6.303478348666682],[106.89592554908658,-6.303478348666682],[106.89592554908658,-6.304376663950802]]]},"id":"+118996-7018","properties":{"cls":9,"count":1}},{"type":"Feature","geometry":{"geodesic":false,"type":"Polygon","coordinates":[[[106.8968238643707,-6.277427205427217],[106.89772217965482,-6.277427205427217],[106.89772217965482,-6.276528890143097],[106.8968238643707,-6.276528890143097],[106.8968238643707,-6.277427205427217]]]},"id":"+118997-6988","properties":{"cls":3,"count":1}},{"type":"Feature","geometry":{"geodesic":false,"type":"Polygon","coordinates":[[[106.8968238643707,-6.301681718098443],[106.89772217965482,-6.301681718098443],[106.89772217965482,-6.300783402814324],[106.8968238643707,-6.300783402814324],[106.8968238643707,-6.301681718098443]]]},"id":"+118997-7015","properties":{"cls":9,"count":1}},{"type":"Feature","geometry":{"geodesic":false,"type":"Polygon","coordinates":[[[106.8968238643707,-6.314258132076117],[106.89772217965482,-6.314258132076117],[106.89772217965482,-6.313359816791998],[106.8968238643707,-6.313359816791998],[106.8968238643707,-6.314258132076117]]]},"id":"+118997-7029","properties":{"cls":5,"count":1}},{"type":"Feature","geometry":{"geodesic":false,"type":"Polygon","coordinates":[[[106.8968238643707,-6.370851994975647],[106.89772217965482,-6.370851994975647],[106.89772217965482,-6.369953679691527],[106.8968238643707,-6.369953679691527],[106.8968238643707,-6.370851994975647]]]},"id":"+118997-7092","properties":{"cls":9,"count":1}},{"type":"Feature","geometry":{"geodesic":false,"type":"Polygon","coordinates":[[[106.8968238643707,-6.373546940828005],[106.89772217965482,-6.373546940828005],[106.89772217965482,-6.372648625543886],[106.8968238643707,-6.372648625543886],[106.8968238643707,-6.373546940828005]]]},"id":"+118997-7095","properties":{"cls":9,"count":1}},{"type":"Feature","geometry":{"geodesic":false,"type":"Polygon","coordinates":[[[106.89772217965482,-6.101357409739791],[106.89862049493894,-6.101357409739791],[106.89862049493894,-6.099560779171552],[106.89772217965482,-6.099560779171552],[106.89772217965482,-6.101357409739791]]]},"id":"+118998-6791","properties":{"cls":7,"count":2}},{"type":"Feature","geometry":{"geodesic":false,"type":"Polygon","coordinates":[[[106.89772217965482,-6.103154040308029],[106.89862049493894,-6.103154040308029],[106.89862049493894,-6.10225572502391],[106.89772217965482,-6.10225572502391],[106.89772217965482,-6.103154040308029]]]},"id":"+118998-6794","properties":{"cls":3,"count":1}},{"type":"Feature","geometry":{"geodesic":false,"type":"Polygon","coordinates":[[[106.89772217965482,-6.104052355592149],[106.89862049493894,-6.104052355592149],[106.89862049493894,-6.103154040308029],[106.89772217965482,-6.103154040308029],[106.89772217965482,-6.104052355592149]]]},"id":"+118998-6795","properties":{"cls":5,"count":1}},{"type":"Feature","geometry":{"geodesic":false,"type":"Polygon","coordinates":[[[106.89772217965482,-6.106747301444507],[106.89862049493894,-6.106747301444507],[106.89862049493894,-6.105848986160388],[106.89772217965482,-6.105848986160388],[106.89772217965482,-6.106747301444507]]]},"id":"+118998-6798","properties":{"cls":5,"count":1}},{"type":"Feature","geometry":{"geodesic":false,"type":"Polygon","coordinates":[[[106.89772217965482,-6.243291224630675],[106.89862049493894,-6.243291224630675],[106.89862049493894,-6.242392909346555],[106.89772217965482,-6.242392909346555],[106.89772217965482,-6.243291224630675]]]},"id":"+118998-6950","properties":{"cls":3,"count":1}},{"type":"Feature","geometry":{"geodesic":false,"type":"Polygon","coordinates":[[[106.89772217965482,-6.301681718098443],[106.89862049493894,-6.301681718098443],[106.89862049493894,-6.300783402814324],[106.89772217965482,-6.300783402814324],[106.89772217965482,-6.301681718098443]]]},"id":"+118998-7015","properties":{"cls":2,"count":1}},{"type":"Feature","geometry":{"geodesic":false,"type":"Polygon","coordinates":[[[106.89772217965482,-6.352885689293256],[106.89862049493894,-6.352885689293256],[106.89862049493894,-6.351987374009137],[106.89772217965482,-6.351987374009137],[106.89772217965482,-6.352885689293256]]]},"id":"+118998-7072","properties":{"cls":5,"count":1}},{"type":"Feature","geometry":{"geodesic":false,"type":"Polygon","coordinates":[[[106.89772217965482,-6.10225572502391],[106.89951881022306,-6.10225572502391],[106.89951881022306,-6.101357409739791],[106.89772217965482,-6.101357409739791],[106.89772217965482,-6.10225572502391]]]},"id":"+118999-6793","properties":{"cls":9,"count":2}},{"type":"Feature","geometry":{"geodesic":false,"type":"Polygon","coordinates":[[[106.89862049493894,-6.103154040308029],[106.89951881022306,-6.103154040308029],[106.89951881022306,-6.10225572502391],[106.89862049493894,-6.10225572502391],[106.89862049493894,-6.103154040308029]]]},"id":"+118999-6794","properties":{"cls":2,"count":1}},{"type":"Feature","geometry":{"geodesic":false,"type":"Polygon","coordinates":[[[106.89862049493894,-6.104052355592149],[106.89951881022306,-6.104052355592149],[106.89951881022306,-6.103154040308029],[106.89862049493894,-6.103154040308029],[106.89862049493894,-6.104052355592149]]]},"id":"+118999-6795","properties":{"cls":4,"count":1}},{"type":"Feature","geometry":{"geodesic":false,"type":"Polygon","coordinates":[[[106.89772217965482,-6.104052355592149],[106.89772217965482,-6.104950670876268],[106.89951881022306,-6.105848986160388],[106.89951881022306,-6.104052355592149],[106.89772217965482,-6.104052355592149]]]},"id":"+118999-6796","properties":{"cls":7,"count":3}},{"type":"Feature","geometry":{"geodesic":false,"type":"Polygon","coordinates":[[[106.89862049493894,-6.205561982697655],[106.89951881022306,-6.205561982697655],[106.89951881022306,-6.204663667413535],[106.89862049493894,-6.204663667413535],[106.89862049493894,-6.205561982697655]]]},"id":"+118999-6908","properties":{"cls":2,"count":1}},{"type":"Feature","geometry":{"geodesic":false,"type":"Polygon","coordinates":[[[106.89862049493894,-6.275630574858978],[106.89951881022306,-6.275630574858978],[106.89951881022306,-6.274732259574858],[106.89862049493894,-6.274732259574858],[106.89862049493894,-6.275630574858978]]]},"id":"+118999-6986","properties":{"cls":2,"count":1}},{"type":"Feature","geometry":{"geodesic":false,"type":"Polygon","coordinates":[[[106.89862049493894,-6.276528890143097],[106.89951881022306,-6.276528890143097],[106.89951881022306,-6.275630574858978],[106.89862049493894,-6.275630574858978],[106.89862049493894,-6.276528890143097]]]},"id":"+118999-6987","properties":{"cls":7,"count":1}},{"type":"Feature","geometry":{"geodesic":false,"type":"Polygon","coordinates":[[[106.89951881022306,-6.100459094455671],[106.90041712550718,-6.100459094455671],[106.90041712550718,-6.099560779171552],[106.89951881022306,-6.099560779171552],[106.89951881022306,-6.100459094455671]]]},"id":"+119000-6791","properties":{"cls":2,"count":1}},{"type":"Feature","geometry":{"geodesic":false,"type":"Polygon","coordinates":[[[106.89951881022306,-6.273833944290739],[106.90041712550718,-6.273833944290739],[106.90041712550718,-6.272935629006619],[106.89951881022306,-6.272935629006619],[106.89951881022306,-6.273833944290739]]]},"id":"+119000-6984","properties":{"cls":7,"count":1}},{"type":"Feature","geometry":{"geodesic":false,"type":"Polygon","coordinates":[[[106.89951881022306,-6.274732259574858],[106.90041712550718,-6.274732259574858],[106.90041712550718,-6.273833944290739],[106.89951881022306,-6.273833944290739],[106.89951881022306,-6.274732259574858]]]},"id":"+119000-6985","properties":{"cls":9,"count":1}},{"type":"Feature","geometry":{"geodesic":false,"type":"Polygon","coordinates":[[[106.89951881022306,-6.32773286133791],[106.90041712550718,-6.32773286133791],[106.90041712550718,-6.3268345460537905],[106.89951881022306,-6.3268345460537905],[106.89951881022306,-6.32773286133791]]]},"id":"+119000-7044","properties":{"cls":5,"count":1}},{"type":"Feature","geometry":{"geodesic":false,"type":"Polygon","coordinates":[[[106.89951881022306,-6.369953679691527],[106.90041712550718,-6.369953679691527],[106.90041712550718,-6.369055364407408],[106.89951881022306,-6.369055364407408],[106.89951881022306,-6.369953679691527]]]},"id":"+119000-7091","properties":{"cls":7,"count":1}},{"type":"Feature","geometry":{"geodesic":false,"type":"Polygon","coordinates":[[[106.90041712550718,-6.3448008517361805],[106.90131544079131,-6.3448008517361805],[106.90131544079131,-6.343902536452061],[106.90041712550718,-6.343902536452061],[106.90041712550718,-6.3448008517361805]]]},"id":"+119001-7063","properties":{"cls":4,"count":1}},{"type":"Feature","geometry":{"geodesic":false,"type":"Polygon","coordinates":[[[106.90041712550718,-6.353784004577376],[106.90131544079131,-6.353784004577376],[106.90131544079131,-6.352885689293256],[106.90041712550718,-6.352885689293256],[106.90041712550718,-6.353784004577376]]]},"id":"+119001-7073","properties":{"cls":7,"count":1}},{"type":"Feature","geometry":{"geodesic":false,"type":"Polygon","coordinates":[[[106.90041712550718,-6.368157049123289],[106.90131544079131,-6.368157049123289],[106.90131544079131,-6.367258733839169],[106.90041712550718,-6.367258733839169],[106.90041712550718,-6.368157049123289]]]},"id":"+119001-7089","properties":{"cls":7,"count":1}},{"type":"Feature","geometry":{"geodesic":false,"type":"Polygon","coordinates":[[[106.90131544079131,-6.268444052586021],[106.90221375607543,-6.268444052586021],[106.90221375607543,-6.2675457373019015],[106.90131544079131,-6.2675457373019015],[106.90131544079131,-6.268444052586021]]]},"id":"+119002-6978","properties":{"cls":9,"count":1}},{"type":"Feature","geometry":{"geodesic":false,"type":"Polygon","coordinates":[[[106.90131544079131,-6.349292428156779],[106.90221375607543,-6.349292428156779],[106.90221375607543,-6.3474957975885395],[106.90131544079131,-6.3474957975885395],[106.90131544079131,-6.349292428156779]]]},"id":"+119002-7067","properties":{"cls":2,"count":2}},{"type":"Feature","geometry":{"geodesic":false,"type":"Polygon","coordinates":[[[106.90221375607543,-6.1929855687199815],[106.90311207135954,-6.1929855687199815],[106.90311207135954,-6.1920872534358615],[106.90221375607543,-6.1920872534358615],[106.90221375607543,-6.1929855687199815]]]},"id":"+119003-6894","properties":{"cls":5,"count":1}},{"type":"Feature","geometry":{"geodesic":false,"type":"Polygon","coordinates":[[[106.90221375607543,-6.268444052586021],[106.90311207135954,-6.268444052586021],[106.90311207135954,-6.2675457373019015],[106.90221375607543,-6.2675457373019015],[106.90221375607543,-6.268444052586021]]]},"id":"+119003-6978","properties":{"cls":2,"count":1}},{"type":"Feature","geometry":{"geodesic":false,"type":"Polygon","coordinates":[[[106.90311207135954,-6.100459094455671],[106.90401038664366,-6.100459094455671],[106.90401038664366,-6.099560779171552],[106.90311207135954,-6.099560779171552],[106.90311207135954,-6.100459094455671]]]},"id":"+119004-6791","properties":{"cls":9,"count":1}},{"type":"Feature","geometry":{"geodesic":false,"type":"Polygon","coordinates":[[[106.90311207135954,-6.103154040308029],[106.90401038664366,-6.103154040308029],[106.90401038664366,-6.101357409739791],[106.90311207135954,-6.101357409739791],[106.90311207135954,-6.103154040308029]]]},"id":"+119004-6793","properties":{"cls":5,"count":2}},{"type":"Feature","geometry":{"geodesic":false,"type":"Polygon","coordinates":[[[106.90311207135954,-6.104052355592149],[106.90401038664366,-6.104052355592149],[106.90401038664366,-6.103154040308029],[106.90311207135954,-6.103154040308029],[106.90311207135954,-6.104052355592149]]]},"id":"+119004-6795","properties":{"cls":2,"count":1}},{"type":"Feature","geometry":{"geodesic":false,"type":"Polygon","coordinates":[[[106.90311207135954,-6.245986170483033],[106.90401038664366,-6.245986170483033],[106.90401038664366,-6.245087855198913],[106.90311207135954,-6.245087855198913],[106.90311207135954,-6.245986170483033]]]},"id":"+119004-6953","properties":{"cls":3,"count":1}},{"type":"Feature","geometry":{"geodesic":false,"type":"Polygon","coordinates":[[[106.90311207135954,-6.098662463887432],[106.90490870192778,-6.098662463887432],[106.90490870192778,-6.0977641486033125],[106.90311207135954,-6.0977641486033125],[106.90311207135954,-6.098662463887432]]]},"id":"+119005-6789","properties":{"cls":2,"count":2}},{"type":"Feature","geometry":{"geodesic":false,"type":"Polygon","coordinates":[[[106.90401038664366,-6.245986170483033],[106.90490870192778,-6.245986170483033],[106.90490870192778,-6.245087855198913],[106.90401038664366,-6.245087855198913],[106.90401038664366,-6.245986170483033]]]},"id":"+119005-6953","properties":{"cls":4,"count":1}},{"type":"Feature","geometry":{"geodesic":false,"type":"Polygon","coordinates":[[[106.90490870192778,-6.360970526850332],[106.9058070172119,-6.360970526850332],[106.9058070172119,-6.360072211566212],[106.90490870192778,-6.360072211566212],[106.90490870192778,-6.360970526850332]]]},"id":"+119006-7081","properties":{"cls":3,"count":1}},{"type":"Feature","geometry":{"geodesic":false,"type":"Polygon","coordinates":[[[106.9058070172119,-6.109442247296866],[106.90670533249602,-6.109442247296866],[106.90670533249602,-6.108543932012746],[106.9058070172119,-6.108543932012746],[106.9058070172119,-6.109442247296866]]]},"id":"+119007-6801","properties":{"cls":2,"count":1}},{"type":"Feature","geometry":{"geodesic":false,"type":"Polygon","coordinates":[[[106.9058070172119,-6.112137193149224],[106.90670533249602,-6.112137193149224],[106.90670533249602,-6.111238877865105],[106.9058070172119,-6.111238877865105],[106.9058070172119,-6.112137193149224]]]},"id":"+119007-6804","properties":{"cls":5,"count":1}},{"type":"Feature","geometry":{"geodesic":false,"type":"Polygon","coordinates":[[[106.90670533249602,-6.274732259574858],[106.90760364778014,-6.274732259574858],[106.90760364778014,-6.273833944290739],[106.90670533249602,-6.273833944290739],[106.90670533249602,-6.274732259574858]]]},"id":"+119008-6985","properties":{"cls":9,"count":1}},{"type":"Feature","geometry":{"geodesic":false,"type":"Polygon","coordinates":[[[106.90670533249602,-6.277427205427217],[106.90760364778014,-6.277427205427217],[106.90760364778014,-6.276528890143097],[106.90670533249602,-6.276528890143097],[106.90670533249602,-6.277427205427217]]]},"id":"+119008-6988","properties":{"cls":9,"count":1}},{"type":"Feature","geometry":{"geodesic":false,"type":"Polygon","coordinates":[[[106.90670533249602,-6.333122753042627],[106.90760364778014,-6.333122753042627],[106.90760364778014,-6.332224437758508],[106.90670533249602,-6.332224437758508],[106.90670533249602,-6.333122753042627]]]},"id":"+119008-7050","properties":{"cls":3,"count":1}},{"type":"Feature","geometry":{"geodesic":false,"type":"Polygon","coordinates":[[[106.90940027834837,-6.10225572502391],[106.9102985936325,-6.10225572502391],[106.9102985936325,-6.101357409739791],[106.90940027834837,-6.101357409739791],[106.90940027834837,-6.10225572502391]]]},"id":"+119011-6793","properties":{"cls":7,"count":1}},{"type":"Feature","geometry":{"geodesic":false,"type":"Polygon","coordinates":[[[106.90940027834837,-6.187595677015264],[106.9102985936325,-6.187595677015264],[106.9102985936325,-6.186697361731145],[106.90940027834837,-6.186697361731145],[106.90940027834837,-6.187595677015264]]]},"id":"+119011-6888","properties":{"cls":9,"count":1}},{"type":"Feature","geometry":{"geodesic":false,"type":"Polygon","coordinates":[[[106.9102985936325,-6.247782801051272],[106.91119690891662,-6.247782801051272],[106.91119690891662,-6.246884485767152],[106.9102985936325,-6.246884485767152],[106.9102985936325,-6.247782801051272]]]},"id":"+119012-6955","properties":{"cls":4,"count":1}},{"type":"Feature","geometry":{"geodesic":false,"type":"Polygon","coordinates":[[[106.91119690891662,-6.098662463887432],[106.91119690891662,-6.100459094455671],[106.91299353948486,-6.100459094455671],[106.91209522420074,-6.098662463887432],[106.91119690891662,-6.098662463887432]]]},"id":"+119013-6790","properties":{"cls":5,"count":3}},{"type":"Feature","geometry":{"geodesic":false,"type":"Polygon","coordinates":[[[106.91209522420074,-6.099560779171552],[106.91299353948486,-6.099560779171552],[106.91299353948486,-6.098662463887432],[106.91209522420074,-6.098662463887432],[106.91209522420074,-6.099560779171552]]]},"id":"+119014-6790","properties":{"cls":2,"count":1}},{"type":"Feature","geometry":{"geodesic":false,"type":"Polygon","coordinates":[[[106.91119690891662,-6.101357409739791],[106.91299353948486,-6.101357409739791],[106.91299353948486,-6.100459094455671],[106.91119690891662,-6.100459094455671],[106.91119690891662,-6.101357409739791]]]},"id":"+119014-6792","properties":{"cls":4,"count":2}},{"type":"Feature","geometry":{"geodesic":false,"type":"Polygon","coordinates":[[[106.91209522420074,-6.181307470026428],[106.91299353948486,-6.181307470026428],[106.91299353948486,-6.180409154742308],[106.91209522420074,-6.180409154742308],[106.91209522420074,-6.181307470026428]]]},"id":"+119014-6881","properties":{"cls":2,"count":1}},{"type":"Feature","geometry":{"geodesic":false,"type":"Polygon","coordinates":[[[106.91299353948486,-6.101357409739791],[106.91299353948486,-6.10225572502391],[106.91119690891662,-6.10225572502391],[106.91119690891662,-6.104052355592149],[106.9147901700531,-6.104052355592149],[106.9147901700531,-6.103154040308029],[106.91389185476898,-6.103154040308029],[106.91389185476898,-6.101357409739791],[106.91299353948486,-6.101357409739791]]]},"id":"+119015-6793","properties":{"cls":5,"count":8}},{"type":"Feature","geometry":{"geodesic":false,"type":"Polygon","coordinates":[[[106.91299353948486,-6.108543932012746],[106.91389185476898,-6.108543932012746],[106.91389185476898,-6.107645616728627],[106.91299353948486,-6.107645616728627],[106.91299353948486,-6.108543932012746]]]},"id":"+119015-6800","properties":{"cls":5,"count":1}},{"type":"Feature","geometry":{"geodesic":false,"type":"Polygon","coordinates":[[[106.91299353948486,-6.175019263037591],[106.91389185476898,-6.175019263037591],[106.91389185476898,-6.1741209477534715],[106.91299353948486,-6.1741209477534715],[106.91299353948486,-6.175019263037591]]]},"id":"+119015-6874","properties":{"cls":2,"count":1}},{"type":"Feature","geometry":{"geodesic":false,"type":"Polygon","coordinates":[[[106.91299353948486,-6.228918180084762],[106.91389185476898,-6.228918180084762],[106.91389185476898,-6.228019864800642],[106.91299353948486,-6.228019864800642],[106.91299353948486,-6.228918180084762]]]},"id":"+119015-6934","properties":{"cls":4,"count":1}},{"type":"Feature","geometry":{"geodesic":false,"type":"Polygon","coordinates":[[[106.91389185476898,-6.156154642071081],[106.9147901700531,-6.156154642071081],[106.9147901700531,-6.1552563267869616],[106.91389185476898,-6.1552563267869616],[106.91389185476898,-6.156154642071081]]]},"id":"+119016-6853","properties":{"cls":4,"count":1}},{"type":"Feature","geometry":{"geodesic":false,"type":"Polygon","coordinates":[[[106.91389185476898,-6.157052957355201],[106.9147901700531,-6.157052957355201],[106.9147901700531,-6.156154642071081],[106.91389185476898,-6.156154642071081],[106.91389185476898,-6.157052957355201]]]},"id":"+119016-6854","properties":{"cls":5,"count":1}},{"type":"Feature","geometry":{"geodesic":false,"type":"Polygon","coordinates":[[[106.91389185476898,-6.15884958792344],[106.9147901700531,-6.15884958792344],[106.9147901700531,-6.157052957355201],[106.91389185476898,-6.157052957355201],[106.91389185476898,-6.15884958792344]]]},"id":"+119016-6855","properties":{"cls":2,"count":2}},{"type":"Feature","geometry":{"geodesic":false,"type":"Polygon","coordinates":[[[106.91389185476898,-6.298986772246085],[106.9147901700531,-6.298986772246085],[106.9147901700531,-6.298088456961965],[106.91389185476898,-6.298088456961965],[106.91389185476898,-6.298986772246085]]]},"id":"+119016-7012","properties":{"cls":4,"count":1}},{"type":"Feature","geometry":{"geodesic":false,"type":"Polygon","coordinates":[[[106.91389185476898,-6.103154040308029],[106.91568848533721,-6.103154040308029],[106.91568848533721,-6.10225572502391],[106.91389185476898,-6.10225572502391],[106.91389185476898,-6.103154040308029]]]},"id":"+119017-6794","properties":{"cls":7,"count":2}},{"type":"Feature","geometry":{"geodesic":false,"type":"Polygon","coordinates":[[[106.9147901700531,-6.104052355592149],[106.91568848533721,-6.104052355592149],[106.91568848533721,-6.103154040308029],[106.9147901700531,-6.103154040308029],[106.9147901700531,-6.104052355592149]]]},"id":"+119017-6795","properties":{"cls":3,"count":1}},{"type":"Feature","geometry":{"geodesic":false,"type":"Polygon","coordinates":[[[106.9147901700531,-6.15795127263932],[106.91568848533721,-6.15795127263932],[106.91568848533721,-6.156154642071081],[106.9147901700531,-6.156154642071081],[106.9147901700531,-6.15795127263932]]]},"id":"+119017-6854","properties":{"cls":4,"count":2}},{"type":"Feature","geometry":{"geodesic":false,"type":"Polygon","coordinates":[[[106.9147901700531,-6.15884958792344],[106.91568848533721,-6.15884958792344],[106.91568848533721,-6.15795127263932],[106.9147901700531,-6.15795127263932],[106.9147901700531,-6.15884958792344]]]},"id":"+119017-6856","properties":{"cls":3,"count":1}},{"type":"Feature","geometry":{"geodesic":false,"type":"Polygon","coordinates":[[[106.9147901700531,-6.159747903207559],[106.91568848533721,-6.159747903207559],[106.91568848533721,-6.15884958792344],[106.9147901700531,-6.15884958792344],[106.9147901700531,-6.159747903207559]]]},"id":"+119017-6857","properties":{"cls":2,"count":1}},{"type":"Feature","geometry":{"geodesic":false,"type":"Polygon","coordinates":[[[106.9147901700531,-6.310664870939639],[106.91568848533721,-6.310664870939639],[106.91568848533721,-6.30976655565552],[106.9147901700531,-6.30976655565552],[106.9147901700531,-6.310664870939639]]]},"id":"+119017-7025","properties":{"cls":7,"count":1}},{"type":"Feature","geometry":{"geodesic":false,"type":"Polygon","coordinates":[[[106.9147901700531,-6.333122753042627],[106.91568848533721,-6.333122753042627],[106.91568848533721,-6.332224437758508],[106.9147901700531,-6.332224437758508],[106.9147901700531,-6.333122753042627]]]},"id":"+119017-7050","properties":{"cls":3,"count":1}},{"type":"Feature","geometry":{"geodesic":false,"type":"Polygon","coordinates":[[[106.9147901700531,-6.334021068326746],[106.91568848533721,-6.334021068326746],[106.91568848533721,-6.333122753042627],[106.9147901700531,-6.333122753042627],[106.9147901700531,-6.334021068326746]]]},"id":"+119017-7051","properties":{"cls":2,"count":1}},{"type":"Feature","geometry":{"geodesic":false,"type":"Polygon","coordinates":[[[106.91568848533721,-6.10225572502391],[106.91658680062133,-6.10225572502391],[106.91658680062133,-6.101357409739791],[106.91568848533721,-6.101357409739791],[106.91568848533721,-6.10225572502391]]]},"id":"+119018-6793","properties":{"cls":5,"count":1}},{"type":"Feature","geometry":{"geodesic":false,"type":"Polygon","coordinates":[[[106.91568848533721,-6.15884958792344],[106.91658680062133,-6.15884958792344],[106.91658680062133,-6.157052957355201],[106.91568848533721,-6.157052957355201],[106.91568848533721,-6.15884958792344]]]},"id":"+119018-6855","properties":{"cls":2,"count":2}},{"type":"Feature","geometry":{"geodesic":false,"type":"Polygon","coordinates":[[[106.91568848533721,-6.333122753042627],[106.91658680062133,-6.333122753042627],[106.91658680062133,-6.330427807190269],[106.91568848533721,-6.330427807190269],[106.91568848533721,-6.333122753042627]]]},"id":"+119018-7048","properties":{"cls":9,"count":3}},{"type":"Feature","geometry":{"geodesic":false,"type":"Polygon","coordinates":[[[106.91658680062133,-6.381631778385081],[106.91748511590545,-6.381631778385081],[106.91748511590545,-6.379835147816842],[106.91658680062133,-6.379835147816842],[106.91658680062133,-6.381631778385081]]]},"id":"+119019-7103","properties":{"cls":2,"count":2}},{"type":"Feature","geometry":{"geodesic":false,"type":"Polygon","coordinates":[[[106.91748511590545,-6.17771420888995],[106.91838343118957,-6.17771420888995],[106.91838343118957,-6.17681589360583],[106.91748511590545,-6.17681589360583],[106.91748511590545,-6.17771420888995]]]},"id":"+119020-6877","properties":{"cls":7,"count":1}},{"type":"Feature","geometry":{"geodesic":false,"type":"Polygon","coordinates":[[[106.91748511590545,-6.178612524174069],[106.91838343118957,-6.178612524174069],[106.91838343118957,-6.17771420888995],[106.91748511590545,-6.17771420888995],[106.91748511590545,-6.178612524174069]]]},"id":"+119020-6878","properties":{"cls":5,"count":1}},{"type":"Feature","geometry":{"geodesic":false,"type":"Polygon","coordinates":[[[106.91748511590545,-6.337614329463224],[106.91838343118957,-6.337614329463224],[106.91838343118957,-6.336716014179105],[106.91748511590545,-6.336716014179105],[106.91748511590545,-6.337614329463224]]]},"id":"+119020-7055","properties":{"cls":4,"count":1}},{"type":"Feature","geometry":{"geodesic":false,"type":"Polygon","coordinates":[[[106.91748511590545,-6.338512644747344],[106.91838343118957,-6.338512644747344],[106.91838343118957,-6.337614329463224],[106.91748511590545,-6.337614329463224],[106.91748511590545,-6.338512644747344]]]},"id":"+119020-7056","properties":{"cls":3,"count":1}},{"type":"Feature","geometry":{"geodesic":false,"type":"Polygon","coordinates":[[[106.91748511590545,-6.342105905883822],[106.91838343118957,-6.342105905883822],[106.91838343118957,-6.341207590599702],[106.91748511590545,-6.341207590599702],[106.91748511590545,-6.342105905883822]]]},"id":"+119020-7060","properties":{"cls":3,"count":1}},{"type":"Feature","geometry":{"geodesic":false,"type":"Polygon","coordinates":[[[106.91838343118957,-6.189392307583503],[106.91928174647369,-6.189392307583503],[106.91928174647369,-6.188493992299384],[106.91838343118957,-6.188493992299384],[106.91838343118957,-6.189392307583503]]]},"id":"+119021-6890","properties":{"cls":5,"count":1}},{"type":"Feature","geometry":{"geodesic":false,"type":"Polygon","coordinates":[[[106.91838343118957,-6.338512644747344],[106.91928174647369,-6.338512644747344],[106.91928174647369,-6.337614329463224],[106.91838343118957,-6.337614329463224],[106.91838343118957,-6.338512644747344]]]},"id":"+119021-7056","properties":{"cls":2,"count":1}},{"type":"Feature","geometry":{"geodesic":false,"type":"Polygon","coordinates":[[[106.91838343118957,-6.340309275315583],[106.91928174647369,-6.340309275315583],[106.91928174647369,-6.339410960031463],[106.91838343118957,-6.339410960031463],[106.91838343118957,-6.340309275315583]]]},"id":"+119021-7058","properties":{"cls":2,"count":1}},{"type":"Feature","geometry":{"geodesic":false,"type":"Polygon","coordinates":[[[106.91838343118957,-6.341207590599702],[106.91928174647369,-6.341207590599702],[106.91928174647369,-6.340309275315583],[106.91838343118957,-6.340309275315583],[106.91838343118957,-6.341207590599702]]]},"id":"+119021-7059","properties":{"cls":3,"count":1}},{"type":"Feature","geometry":{"geodesic":false,"type":"Polygon","coordinates":[[[106.92018006175782,-6.101357409739791],[106.92107837704194,-6.101357409739791],[106.92107837704194,-6.100459094455671],[106.92018006175782,-6.100459094455671],[106.92018006175782,-6.101357409739791]]]},"id":"+119023-6792","properties":{"cls":5,"count":1}},{"type":"Feature","geometry":{"geodesic":false,"type":"Polygon","coordinates":[[[106.92018006175782,-6.170527686616993],[106.92107837704194,-6.170527686616993],[106.92107837704194,-6.169629371332874],[106.92018006175782,-6.169629371332874],[106.92018006175782,-6.170527686616993]]]},"id":"+119023-6869","properties":{"cls":2,"count":1}},{"type":"Feature","geometry":{"geodesic":false,"type":"Polygon","coordinates":[[[106.92018006175782,-6.228918180084762],[106.92107837704194,-6.228918180084762],[106.92107837704194,-6.228019864800642],[106.92018006175782,-6.228019864800642],[106.92018006175782,-6.228918180084762]]]},"id":"+119023-6934","properties":{"cls":3,"count":1}},{"type":"Feature","geometry":{"geodesic":false,"type":"Polygon","coordinates":[[[106.92107837704194,-6.101357409739791],[106.92197669232606,-6.101357409739791],[106.92197669232606,-6.100459094455671],[106.92107837704194,-6.100459094455671],[106.92107837704194,-6.101357409739791]]]},"id":"+119024-6792","properties":{"cls":7,"count":1}},{"type":"Feature","geometry":{"geodesic":false,"type":"Polygon","coordinates":[[[106.92107837704194,-6.316953077928475],[106.92197669232606,-6.316953077928475],[106.92197669232606,-6.315156447360237],[106.92107837704194,-6.315156447360237],[106.92107837704194,-6.316953077928475]]]},"id":"+119024-7031","properties":{"cls":9,"count":2}},{"type":"Feature","geometry":{"geodesic":false,"type":"Polygon","coordinates":[[[106.92107837704194,-6.380733463100961],[106.92197669232606,-6.380733463100961],[106.92197669232606,-6.379835147816842],[106.92107837704194,-6.379835147816842],[106.92107837704194,-6.380733463100961]]]},"id":"+119024-7103","properties":{"cls":7,"count":1}},{"type":"Feature","geometry":{"geodesic":false,"type":"Polygon","coordinates":[[[106.92107837704194,-6.381631778385081],[106.92197669232606,-6.381631778385081],[106.92197669232606,-6.380733463100961],[106.92107837704194,-6.380733463100961],[106.92107837704194,-6.381631778385081]]]},"id":"+119024-7104","properties":{"cls":2,"count":1}},{"type":"Feature","geometry":{"geodesic":false,"type":"Polygon","coordinates":[[[106.92107837704194,-6.169629371332874],[106.92287500761017,-6.169629371332874],[106.92287500761017,-6.168731056048754],[106.92107837704194,-6.168731056048754],[106.92107837704194,-6.169629371332874]]]},"id":"+119025-6868","properties":{"cls":4,"count":2}},{"type":"Feature","geometry":{"geodesic":false,"type":"Polygon","coordinates":[[[106.92107837704194,-6.170527686616993],[106.92287500761017,-6.170527686616993],[106.92287500761017,-6.169629371332874],[106.92107837704194,-6.169629371332874],[106.92107837704194,-6.170527686616993]]]},"id":"+119025-6869","properties":{"cls":3,"count":2}},{"type":"Feature","geometry":{"geodesic":false,"type":"Polygon","coordinates":[[[106.92287500761017,-6.258562584460707],[106.92377332289429,-6.258562584460707],[106.92377332289429,-6.257664269176587],[106.92287500761017,-6.257664269176587],[106.92287500761017,-6.258562584460707]]]},"id":"+119026-6967","properties":{"cls":3,"count":1}},{"type":"Feature","geometry":{"geodesic":false,"type":"Polygon","coordinates":[[[106.92377332289429,-6.178612524174069],[106.92467163817841,-6.178612524174069],[106.92467163817841,-6.17771420888995],[106.92377332289429,-6.17771420888995],[106.92377332289429,-6.178612524174069]]]},"id":"+119027-6878","properties":{"cls":9,"count":1}},{"type":"Feature","geometry":{"geodesic":false,"type":"Polygon","coordinates":[[[106.92287500761017,-6.179510839458189],[106.92467163817841,-6.179510839458189],[106.92467163817841,-6.178612524174069],[106.92287500761017,-6.178612524174069],[106.92287500761017,-6.179510839458189]]]},"id":"+119027-6879","properties":{"cls":7,"count":2}},{"type":"Feature","geometry":{"geodesic":false,"type":"Polygon","coordinates":[[[106.92377332289429,-6.181307470026428],[106.92467163817841,-6.181307470026428],[106.92467163817841,-6.180409154742308],[106.92377332289429,-6.180409154742308],[106.92377332289429,-6.181307470026428]]]},"id":"+119027-6881","properties":{"cls":3,"count":1}},{"type":"Feature","geometry":{"geodesic":false,"type":"Polygon","coordinates":[[[106.92467163817841,-6.178612524174069],[106.92556995346253,-6.178612524174069],[106.92556995346253,-6.17771420888995],[106.92467163817841,-6.17771420888995],[106.92467163817841,-6.178612524174069]]]},"id":"+119028-6878","properties":{"cls":2,"count":1}},{"type":"Feature","geometry":{"geodesic":false,"type":"Polygon","coordinates":[[[106.92467163817841,-6.181307470026428],[106.92556995346253,-6.181307470026428],[106.92556995346253,-6.180409154742308],[106.92467163817841,-6.180409154742308],[106.92467163817841,-6.181307470026428]]]},"id":"+119028-6881","properties":{"cls":4,"count":1}},{"type":"Feature","geometry":{"geodesic":false,"type":"Polygon","coordinates":[[[106.92467163817841,-6.32863117662203],[106.92556995346253,-6.32863117662203],[106.92556995346253,-6.3268345460537905],[106.92467163817841,-6.3268345460537905],[106.92467163817841,-6.32863117662203]]]},"id":"+119028-7044","properties":{"cls":5,"count":2}},{"type":"Feature","geometry":{"geodesic":false,"type":"Polygon","coordinates":[[[106.92556995346253,-6.166934425480515],[106.92646826874665,-6.166934425480515],[106.92646826874665,-6.166036110196396],[106.92556995346253,-6.166036110196396],[106.92556995346253,-6.166934425480515]]]},"id":"+119029-6865","properties":{"cls":5,"count":1}},{"type":"Feature","geometry":{"geodesic":false,"type":"Polygon","coordinates":[[[106.92556995346253,-6.180409154742308],[106.92646826874665,-6.180409154742308],[106.92646826874665,-6.179510839458189],[106.92556995346253,-6.179510839458189],[106.92556995346253,-6.180409154742308]]]},"id":"+119029-6880","properties":{"cls":9,"count":1}},{"type":"Feature","geometry":{"geodesic":false,"type":"Polygon","coordinates":[[[106.92556995346253,-6.181307470026428],[106.92646826874665,-6.181307470026428],[106.92646826874665,-6.180409154742308],[106.92556995346253,-6.180409154742308],[106.92556995346253,-6.181307470026428]]]},"id":"+119029-6881","properties":{"cls":2,"count":1}},{"type":"Feature","geometry":{"geodesic":false,"type":"Polygon","coordinates":[[[106.92556995346253,-6.212748504970611],[106.92646826874665,-6.212748504970611],[106.92646826874665,-6.2118501896864915],[106.92556995346253,-6.2118501896864915],[106.92556995346253,-6.212748504970611]]]},"id":"+119029-6916","properties":{"cls":3,"count":1}},{"type":"Feature","geometry":{"geodesic":false,"type":"Polygon","coordinates":[[[106.92556995346253,-6.323241284917312],[106.92646826874665,-6.323241284917312],[106.92646826874665,-6.322342969633192],[106.92556995346253,-6.322342969633192],[106.92556995346253,-6.323241284917312]]]},"id":"+119029-7039","properties":{"cls":3,"count":1}},{"type":"Feature","geometry":{"geodesic":false,"type":"Polygon","coordinates":[[[106.92646826874665,-6.228918180084762],[106.92736658403076,-6.228918180084762],[106.92736658403076,-6.228019864800642],[106.92646826874665,-6.228019864800642],[106.92646826874665,-6.228918180084762]]]},"id":"+119030-6934","properties":{"cls":3,"count":1}},{"type":"Feature","geometry":{"geodesic":false,"type":"Polygon","coordinates":[[[106.92556995346253,-6.258562584460707],[106.92736658403076,-6.258562584460707],[106.92736658403076,-6.257664269176587],[106.92556995346253,-6.257664269176587],[106.92556995346253,-6.258562584460707]]]},"id":"+119030-6967","properties":{"cls":5,"count":2}},{"type":"Feature","geometry":{"geodesic":false,"type":"Polygon","coordinates":[[[106.92826489931488,-6.137290021104572],[106.929163214599,-6.137290021104572],[106.929163214599,-6.136391705820452],[106.92826489931488,-6.136391705820452],[106.92826489931488,-6.137290021104572]]]},"id":"+119032-6832","properties":{"cls":2,"count":1}},{"type":"Feature","geometry":{"geodesic":false,"type":"Polygon","coordinates":[[[106.92736658403076,-6.2486811163353915],[106.929163214599,-6.2486811163353915],[106.929163214599,-6.247782801051272],[106.92736658403076,-6.247782801051272],[106.92736658403076,-6.2486811163353915]]]},"id":"+119032-6956","properties":{"cls":5,"count":2}},{"type":"Feature","geometry":{"geodesic":false,"type":"Polygon","coordinates":[[[106.929163214599,-6.368157049123289],[106.93006152988313,-6.368157049123289],[106.93006152988313,-6.367258733839169],[106.929163214599,-6.367258733839169],[106.929163214599,-6.368157049123289]]]},"id":"+119033-7089","properties":{"cls":5,"count":1}},{"type":"Feature","geometry":{"geodesic":false,"type":"Polygon","coordinates":[[[106.93006152988313,-6.117527084853942],[106.93095984516725,-6.117527084853942],[106.93095984516725,-6.1166287695698225],[106.93006152988313,-6.1166287695698225],[106.93006152988313,-6.117527084853942]]]},"id":"+119034-6810","properties":{"cls":5,"count":1}},{"type":"Feature","geometry":{"geodesic":false,"type":"Polygon","coordinates":[[[106.93006152988313,-6.3636654727026905],[106.93095984516725,-6.3636654727026905],[106.93095984516725,-6.362767157418571],[106.93006152988313,-6.362767157418571],[106.93006152988313,-6.3636654727026905]]]},"id":"+119034-7084","properties":{"cls":2,"count":1}},{"type":"Feature","geometry":{"geodesic":false,"type":"Polygon","coordinates":[[[106.93095984516725,-6.2486811163353915],[106.93185816045137,-6.2486811163353915],[106.93185816045137,-6.247782801051272],[106.93095984516725,-6.247782801051272],[106.93095984516725,-6.2486811163353915]]]},"id":"+119035-6956","properties":{"cls":5,"count":1}},{"type":"Feature","geometry":{"geodesic":false,"type":"Polygon","coordinates":[[[106.9336547910196,-6.1534596962187225],[106.93455310630372,-6.1534596962187225],[106.93455310630372,-6.152561380934603],[106.9336547910196,-6.152561380934603],[106.9336547910196,-6.1534596962187225]]]},"id":"+119038-6850","properties":{"cls":7,"count":1}},{"type":"Feature","geometry":{"geodesic":false,"type":"Polygon","coordinates":[[[106.9336547910196,-6.3079699250872805],[106.93455310630372,-6.3079699250872805],[106.93455310630372,-6.3070716098031605],[106.9336547910196,-6.3070716098031605],[106.9336547910196,-6.3079699250872805]]]},"id":"+119038-7022","properties":{"cls":3,"count":1}},{"type":"Feature","geometry":{"geodesic":false,"type":"Polygon","coordinates":[[[106.93455310630372,-6.107645616728627],[106.93545142158784,-6.107645616728627],[106.93545142158784,-6.106747301444507],[106.93455310630372,-6.106747301444507],[106.93455310630372,-6.107645616728627]]]},"id":"+119039-6799","properties":{"cls":2,"count":1}},{"type":"Feature","geometry":{"geodesic":false,"type":"Polygon","coordinates":[[[106.93455310630372,-6.124713607126898],[106.93545142158784,-6.124713607126898],[106.93545142158784,-6.123815291842778],[106.93455310630372,-6.123815291842778],[106.93455310630372,-6.124713607126898]]]},"id":"+119039-6818","properties":{"cls":3,"count":1}},{"type":"Feature","geometry":{"geodesic":false,"type":"Polygon","coordinates":[[[106.93455310630372,-6.125611922411017],[106.93545142158784,-6.125611922411017],[106.93545142158784,-6.124713607126898],[106.93455310630372,-6.124713607126898],[106.93455310630372,-6.125611922411017]]]},"id":"+119039-6819","properties":{"cls":2,"count":1}},{"type":"Feature","geometry":{"geodesic":false,"type":"Polygon","coordinates":[[[106.93455310630372,-6.1552563267869616],[106.93545142158784,-6.1552563267869616],[106.93545142158784,-6.1543580115028425],[106.93455310630372,-6.1543580115028425],[106.93455310630372,-6.1552563267869616]]]},"id":"+119039-6852","properties":{"cls":4,"count":1}},{"type":"Feature","geometry":{"geodesic":false,"type":"Polygon","coordinates":[[[106.93455310630372,-6.322342969633192],[106.9336547910196,-6.324139600201431],[106.93545142158784,-6.324139600201431],[106.93545142158784,-6.322342969633192],[106.93455310630372,-6.322342969633192]]]},"id":"+119039-7039","properties":{"cls":2,"count":3}},{"type":"Feature","geometry":{"geodesic":false,"type":"Polygon","coordinates":[[[106.93545142158784,-6.123815291842778],[106.93634973687196,-6.123815291842778],[106.93634973687196,-6.122916976558659],[106.93545142158784,-6.122916976558659],[106.93545142158784,-6.123815291842778]]]},"id":"+119040-6817","properties":{"cls":5,"count":1}},{"type":"Feature","geometry":{"geodesic":false,"type":"Polygon","coordinates":[[[106.93545142158784,-6.124713607126898],[106.93634973687196,-6.124713607126898],[106.93634973687196,-6.123815291842778],[106.93545142158784,-6.123815291842778],[106.93545142158784,-6.124713607126898]]]},"id":"+119040-6818","properties":{"cls":4,"count":1}},{"type":"Feature","geometry":{"geodesic":false,"type":"Polygon","coordinates":[[[106.93545142158784,-6.125611922411017],[106.93634973687196,-6.125611922411017],[106.93634973687196,-6.124713607126898],[106.93545142158784,-6.124713607126898],[106.93545142158784,-6.125611922411017]]]},"id":"+119040-6819","properties":{"cls":7,"count":1}},{"type":"Feature","geometry":{"geodesic":false,"type":"Polygon","coordinates":[[[106.93545142158784,-6.126510237695137],[106.93634973687196,-6.126510237695137],[106.93634973687196,-6.125611922411017],[106.93545142158784,-6.125611922411017],[106.93545142158784,-6.126510237695137]]]},"id":"+119040-6820","properties":{"cls":2,"count":1}},{"type":"Feature","geometry":{"geodesic":false,"type":"Polygon","coordinates":[[[106.93545142158784,-6.1543580115028425],[106.93634973687196,-6.1543580115028425],[106.93634973687196,-6.1534596962187225],[106.93545142158784,-6.1534596962187225],[106.93545142158784,-6.1543580115028425]]]},"id":"+119040-6851","properties":{"cls":4,"count":1}},{"type":"Feature","geometry":{"geodesic":false,"type":"Polygon","coordinates":[[[106.93545142158784,-6.1552563267869616],[106.93634973687196,-6.1552563267869616],[106.93634973687196,-6.1543580115028425],[106.93545142158784,-6.1543580115028425],[106.93545142158784,-6.1552563267869616]]]},"id":"+119040-6852","properties":{"cls":5,"count":1}},{"type":"Feature","geometry":{"geodesic":false,"type":"Polygon","coordinates":[[[106.93545142158784,-6.213646820254731],[106.93634973687196,-6.213646820254731],[106.93634973687196,-6.212748504970611],[106.93545142158784,-6.212748504970611],[106.93545142158784,-6.213646820254731]]]},"id":"+119040-6917","properties":{"cls":5,"count":1}},{"type":"Feature","geometry":{"geodesic":false,"type":"Polygon","coordinates":[[[106.93634973687196,-6.123815291842778],[106.93724805215608,-6.123815291842778],[106.93724805215608,-6.122916976558659],[106.93634973687196,-6.122916976558659],[106.93634973687196,-6.123815291842778]]]},"id":"+119041-6817","properties":{"cls":7,"count":1}},{"type":"Feature","geometry":{"geodesic":false,"type":"Polygon","coordinates":[[[106.93634973687196,-6.128306868263376],[106.93724805215608,-6.128306868263376],[106.93724805215608,-6.127408552979256],[106.93634973687196,-6.127408552979256],[106.93634973687196,-6.128306868263376]]]},"id":"+119041-6822","properties":{"cls":5,"count":1}},{"type":"Feature","geometry":{"geodesic":false,"type":"Polygon","coordinates":[[[106.93634973687196,-6.152561380934603],[106.93724805215608,-6.152561380934603],[106.93724805215608,-6.151663065650483],[106.93634973687196,-6.151663065650483],[106.93634973687196,-6.152561380934603]]]},"id":"+119041-6849","properties":{"cls":5,"count":1}},{"type":"Feature","geometry":{"geodesic":false,"type":"Polygon","coordinates":[[[106.93634973687196,-6.1543580115028425],[106.93724805215608,-6.1543580115028425],[106.93724805215608,-6.1534596962187225],[106.93634973687196,-6.1534596962187225],[106.93634973687196,-6.1543580115028425]]]},"id":"+119041-6851","properties":{"cls":5,"count":1}},{"type":"Feature","geometry":{"geodesic":false,"type":"Polygon","coordinates":[[[106.93634973687196,-6.299885087530204],[106.93724805215608,-6.299885087530204],[106.93724805215608,-6.298986772246085],[106.93634973687196,-6.298986772246085],[106.93634973687196,-6.299885087530204]]]},"id":"+119041-7013","properties":{"cls":4,"count":1}},{"type":"Feature","geometry":{"geodesic":false,"type":"Polygon","coordinates":[[[106.93724805215608,-6.125611922411017],[106.9381463674402,-6.125611922411017],[106.9381463674402,-6.124713607126898],[106.93724805215608,-6.124713607126898],[106.93724805215608,-6.125611922411017]]]},"id":"+119042-6819","properties":{"cls":7,"count":1}},{"type":"Feature","geometry":{"geodesic":false,"type":"Polygon","coordinates":[[[106.93724805215608,-6.126510237695137],[106.9381463674402,-6.126510237695137],[106.9381463674402,-6.125611922411017],[106.93724805215608,-6.125611922411017],[106.93724805215608,-6.126510237695137]]]},"id":"+119042-6820","properties":{"cls":2,"count":1}},{"type":"Feature","geometry":{"geodesic":false,"type":"Polygon","coordinates":[[[106.9381463674402,-6.100459094455671],[106.93904468272432,-6.100459094455671],[106.93904468272432,-6.099560779171552],[106.9381463674402,-6.099560779171552],[106.9381463674402,-6.100459094455671]]]},"id":"+119043-6791","properties":{"cls":5,"count":1}},{"type":"Feature","geometry":{"geodesic":false,"type":"Polygon","coordinates":[[[106.9381463674402,-6.101357409739791],[106.93904468272432,-6.101357409739791],[106.93904468272432,-6.100459094455671],[106.9381463674402,-6.100459094455671],[106.9381463674402,-6.101357409739791]]]},"id":"+119043-6792","properties":{"cls":4,"count":1}},{"type":"Feature","geometry":{"geodesic":false,"type":"Polygon","coordinates":[[[106.9381463674402,-6.1157304542857025],[106.93904468272432,-6.1157304542857025],[106.93904468272432,-6.114832139001583],[106.9381463674402,-6.114832139001583],[106.9381463674402,-6.1157304542857025]]]},"id":"+119043-6808","properties":{"cls":3,"count":1}},{"type":"Feature","geometry":{"geodesic":false,"type":"Polygon","coordinates":[[[106.9381463674402,-6.250477746903631],[106.93904468272432,-6.250477746903631],[106.93904468272432,-6.2495794316195115],[106.9381463674402,-6.2495794316195115],[106.9381463674402,-6.250477746903631]]]},"id":"+119043-6958","properties":{"cls":4,"count":1}},{"type":"Feature","geometry":{"geodesic":false,"type":"Polygon","coordinates":[[[106.93904468272432,-6.160646218491679],[106.93994299800845,-6.160646218491679],[106.93994299800845,-6.159747903207559],[106.93904468272432,-6.159747903207559],[106.93904468272432,-6.160646218491679]]]},"id":"+119044-6858","properties":{"cls":4,"count":1}},{"type":"Feature","geometry":{"geodesic":false,"type":"Polygon","coordinates":[[[106.93904468272432,-6.179510839458189],[106.93994299800845,-6.179510839458189],[106.93994299800845,-6.178612524174069],[106.93904468272432,-6.178612524174069],[106.93904468272432,-6.179510839458189]]]},"id":"+119044-6879","properties":{"cls":3,"count":1}},{"type":"Feature","geometry":{"geodesic":false,"type":"Polygon","coordinates":[[[106.93904468272432,-6.227121549516523],[106.93994299800845,-6.227121549516523],[106.93994299800845,-6.226223234232404],[106.93904468272432,-6.226223234232404],[106.93904468272432,-6.227121549516523]]]},"id":"+119044-6932","properties":{"cls":5,"count":1}},{"type":"Feature","geometry":{"geodesic":false,"type":"Polygon","coordinates":[[[106.93994299800845,-6.113933823717463],[106.94084131329257,-6.113933823717463],[106.94084131329257,-6.113035508433344],[106.93994299800845,-6.113035508433344],[106.93994299800845,-6.113933823717463]]]},"id":"+119045-6806","properties":{"cls":5,"count":1}},{"type":"Feature","geometry":{"geodesic":false,"type":"Polygon","coordinates":[[[106.94084131329257,-6.12112034599042],[106.94173962857668,-6.12112034599042],[106.94173962857668,-6.120222030706301],[106.94084131329257,-6.120222030706301],[106.94084131329257,-6.12112034599042]]]},"id":"+119046-6814","properties":{"cls":5,"count":1}},{"type":"Feature","geometry":{"geodesic":false,"type":"Polygon","coordinates":[[[106.94084131329257,-6.122018661274539],[106.94173962857668,-6.122018661274539],[106.94173962857668,-6.12112034599042],[106.94084131329257,-6.12112034599042],[106.94084131329257,-6.122018661274539]]]},"id":"+119046-6815","properties":{"cls":2,"count":1}},{"type":"Feature","geometry":{"geodesic":false,"type":"Polygon","coordinates":[[[106.94084131329257,-6.142679912809288],[106.94173962857668,-6.142679912809288],[106.94173962857668,-6.141781597525169],[106.94084131329257,-6.141781597525169],[106.94084131329257,-6.142679912809288]]]},"id":"+119046-6838","properties":{"cls":2,"count":1}},{"type":"Feature","geometry":{"geodesic":false,"type":"Polygon","coordinates":[[[106.94173962857668,-6.12112034599042],[106.9426379438608,-6.12112034599042],[106.9426379438608,-6.120222030706301],[106.94173962857668,-6.120222030706301],[106.94173962857668,-6.12112034599042]]]},"id":"+119047-6814","properties":{"cls":2,"count":1}},{"type":"Feature","geometry":{"geodesic":false,"type":"Polygon","coordinates":[[[106.94173962857668,-6.122018661274539],[106.9426379438608,-6.122018661274539],[106.9426379438608,-6.12112034599042],[106.94173962857668,-6.12112034599042],[106.94173962857668,-6.122018661274539]]]},"id":"+119047-6815","properties":{"cls":7,"count":1}},{"type":"Feature","geometry":{"geodesic":false,"type":"Polygon","coordinates":[[[106.94173962857668,-6.123815291842778],[106.9426379438608,-6.123815291842778],[106.9426379438608,-6.122916976558659],[106.94173962857668,-6.122916976558659],[106.94173962857668,-6.123815291842778]]]},"id":"+119047-6817","properties":{"cls":2,"count":1}},{"type":"Feature","geometry":{"geodesic":false,"type":"Polygon","coordinates":[[[106.9426379438608,-6.132798444683973],[106.94353625914492,-6.132798444683973],[106.94353625914492,-6.131900129399854],[106.9426379438608,-6.131900129399854],[106.9426379438608,-6.132798444683973]]]},"id":"+119048-6827","properties":{"cls":2,"count":1}},{"type":"Feature","geometry":{"geodesic":false,"type":"Polygon","coordinates":[[[106.9426379438608,-6.241494594062436],[106.94353625914492,-6.241494594062436],[106.94353625914492,-6.239697963494197],[106.9426379438608,-6.239697963494197],[106.9426379438608,-6.241494594062436]]]},"id":"+119048-6947","properties":{"cls":2,"count":2}},{"type":"Feature","geometry":{"geodesic":false,"type":"Polygon","coordinates":[[[106.94353625914492,-6.184900731162906],[106.94443457442904,-6.184900731162906],[106.94443457442904,-6.183104100594667],[106.94353625914492,-6.183104100594667],[106.94353625914492,-6.184900731162906]]]},"id":"+119049-6884","properties":{"cls":2,"count":2}},{"type":"Feature","geometry":{"geodesic":false,"type":"Polygon","coordinates":[[[106.94353625914492,-6.243291224630675],[106.94443457442904,-6.243291224630675],[106.94443457442904,-6.242392909346555],[106.94353625914492,-6.242392909346555],[106.94353625914492,-6.243291224630675]]]},"id":"+119049-6950","properties":{"cls":4,"count":1}},{"type":"Feature","geometry":{"geodesic":false,"type":"Polygon","coordinates":[[[106.94443457442904,-6.106747301444507],[106.94533288971316,-6.106747301444507],[106.94533288971316,-6.105848986160388],[106.94443457442904,-6.105848986160388],[106.94443457442904,-6.106747301444507]]]},"id":"+119050-6798","properties":{"cls":5,"count":1}},{"type":"Feature","geometry":{"geodesic":false,"type":"Polygon","coordinates":[[[106.94443457442904,-6.114832139001583],[106.94533288971316,-6.114832139001583],[106.94533288971316,-6.113933823717463],[106.94443457442904,-6.113933823717463],[106.94443457442904,-6.114832139001583]]]},"id":"+119050-6807","properties":{"cls":2,"count":1}},{"type":"Feature","geometry":{"geodesic":false,"type":"Polygon","coordinates":[[[106.94443457442904,-6.1157304542857025],[106.94533288971316,-6.1157304542857025],[106.94533288971316,-6.114832139001583],[106.94443457442904,-6.114832139001583],[106.94443457442904,-6.1157304542857025]]]},"id":"+119050-6808","properties":{"cls":9,"count":1}},{"type":"Feature","geometry":{"geodesic":false,"type":"Polygon","coordinates":[[[106.94443457442904,-6.148968119798125],[106.94533288971316,-6.148968119798125],[106.94533288971316,-6.148069804514005],[106.94443457442904,-6.148069804514005],[106.94443457442904,-6.148968119798125]]]},"id":"+119050-6845","properties":{"cls":2,"count":1}},{"type":"Feature","geometry":{"geodesic":false,"type":"Polygon","coordinates":[[[106.94443457442904,-6.149866435082244],[106.94533288971316,-6.149866435082244],[106.94533288971316,-6.148968119798125],[106.94443457442904,-6.148968119798125],[106.94443457442904,-6.149866435082244]]]},"id":"+119050-6846","properties":{"cls":9,"count":1}},{"type":"Feature","geometry":{"geodesic":false,"type":"Polygon","coordinates":[[[106.94443457442904,-6.162442849059918],[106.94533288971316,-6.162442849059918],[106.94533288971316,-6.161544533775798],[106.94443457442904,-6.161544533775798],[106.94443457442904,-6.162442849059918]]]},"id":"+119050-6860","properties":{"cls":5,"count":1}},{"type":"Feature","geometry":{"geodesic":false,"type":"Polygon","coordinates":[[[106.94443457442904,-6.257664269176587],[106.94533288971316,-6.257664269176587],[106.94533288971316,-6.256765953892468],[106.94443457442904,-6.256765953892468],[106.94443457442904,-6.257664269176587]]]},"id":"+119050-6966","properties":{"cls":4,"count":1}},{"type":"Feature","geometry":{"geodesic":false,"type":"Polygon","coordinates":[[[106.94443457442904,-6.098662463887432],[106.94623120499728,-6.098662463887432],[106.94623120499728,-6.0977641486033125],[106.94443457442904,-6.0977641486033125],[106.94443457442904,-6.098662463887432]]]},"id":"+119051-6789","properties":{"cls":5,"count":2}},{"type":"Feature","geometry":{"geodesic":false,"type":"Polygon","coordinates":[[[106.94533288971316,-6.114832139001583],[106.94623120499728,-6.114832139001583],[106.94623120499728,-6.113933823717463],[106.94533288971316,-6.113933823717463],[106.94533288971316,-6.114832139001583]]]},"id":"+119051-6807","properties":{"cls":3,"count":1}},{"type":"Feature","geometry":{"geodesic":false,"type":"Polygon","coordinates":[[[106.94533288971316,-6.140883282241049],[106.94623120499728,-6.140883282241049],[106.94623120499728,-6.13998496695693],[106.94533288971316,-6.13998496695693],[106.94533288971316,-6.140883282241049]]]},"id":"+119051-6836","properties":{"cls":2,"count":1}},{"type":"Feature","geometry":{"geodesic":false,"type":"Polygon","coordinates":[[[106.94533288971316,-6.149866435082244],[106.94623120499728,-6.149866435082244],[106.94623120499728,-6.148968119798125],[106.94533288971316,-6.148968119798125],[106.94533288971316,-6.149866435082244]]]},"id":"+119051-6846","properties":{"cls":7,"count":1}},{"type":"Feature","geometry":{"geodesic":false,"type":"Polygon","coordinates":[[[106.94623120499728,-6.107645616728627],[106.9471295202814,-6.107645616728627],[106.9471295202814,-6.106747301444507],[106.94623120499728,-6.106747301444507],[106.94623120499728,-6.107645616728627]]]},"id":"+119052-6799","properties":{"cls":4,"count":1}},{"type":"Feature","geometry":{"geodesic":false,"type":"Polygon","coordinates":[[[106.94623120499728,-6.109442247296866],[106.9471295202814,-6.109442247296866],[106.9471295202814,-6.108543932012746],[106.94623120499728,-6.108543932012746],[106.94623120499728,-6.109442247296866]]]},"id":"+119052-6801","properties":{"cls":4,"count":1}},{"type":"Feature","geometry":{"geodesic":false,"type":"Polygon","coordinates":[[[106.94623120499728,-6.117527084853942],[106.9471295202814,-6.117527084853942],[106.9471295202814,-6.1166287695698225],[106.94623120499728,-6.1166287695698225],[106.94623120499728,-6.117527084853942]]]},"id":"+119052-6810","properties":{"cls":4,"count":1}},{"type":"Feature","geometry":{"geodesic":false,"type":"Polygon","coordinates":[[[106.94623120499728,-6.120222030706301],[106.9471295202814,-6.120222030706301],[106.9471295202814,-6.119323715422181],[106.94623120499728,-6.119323715422181],[106.94623120499728,-6.120222030706301]]]},"id":"+119052-6813","properties":{"cls":7,"count":1}},{"type":"Feature","geometry":{"geodesic":false,"type":"Polygon","coordinates":[[[106.94623120499728,-6.132798444683973],[106.9471295202814,-6.132798444683973],[106.9471295202814,-6.131900129399854],[106.94623120499728,-6.131900129399854],[106.94623120499728,-6.132798444683973]]]},"id":"+119052-6827","properties":{"cls":2,"count":1}},{"type":"Feature","geometry":{"geodesic":false,"type":"Polygon","coordinates":[[[106.94623120499728,-6.2118501896864915],[106.9471295202814,-6.2118501896864915],[106.9471295202814,-6.2109518744023715],[106.94623120499728,-6.2109518744023715],[106.94623120499728,-6.2118501896864915]]]},"id":"+119052-6915","properties":{"cls":3,"count":1}},{"type":"Feature","geometry":{"geodesic":false,"type":"Polygon","coordinates":[[[106.94623120499728,-6.236104702357719],[106.9471295202814,-6.236104702357719],[106.9471295202814,-6.235206387073599],[106.94623120499728,-6.235206387073599],[106.94623120499728,-6.236104702357719]]]},"id":"+119052-6942","properties":{"cls":4,"count":1}},{"type":"Feature","geometry":{"geodesic":false,"type":"Polygon","coordinates":[[[106.94533288971316,-6.257664269176587],[106.9471295202814,-6.257664269176587],[106.9471295202814,-6.256765953892468],[106.94533288971316,-6.256765953892468],[106.94533288971316,-6.257664269176587]]]},"id":"+119052-6966","properties":{"cls":5,"count":2}},{"type":"Feature","geometry":{"geodesic":false,"type":"Polygon","coordinates":[[[106.9471295202814,-6.114832139001583],[106.94802783556551,-6.114832139001583],[106.94802783556551,-6.113933823717463],[106.9471295202814,-6.113933823717463],[106.9471295202814,-6.114832139001583]]]},"id":"+119053-6807","properties":{"cls":2,"count":1}},{"type":"Feature","geometry":{"geodesic":false,"type":"Polygon","coordinates":[[[106.9471295202814,-6.118425400138062],[106.94802783556551,-6.118425400138062],[106.94802783556551,-6.117527084853942],[106.9471295202814,-6.117527084853942],[106.9471295202814,-6.118425400138062]]]},"id":"+119053-6811","properties":{"cls":7,"count":1}},{"type":"Feature","geometry":{"geodesic":false,"type":"Polygon","coordinates":[[[106.9471295202814,-6.119323715422181],[106.94802783556551,-6.119323715422181],[106.94802783556551,-6.118425400138062],[106.9471295202814,-6.118425400138062],[106.9471295202814,-6.119323715422181]]]},"id":"+119053-6812","properties":{"cls":9,"count":1}},{"type":"Feature","geometry":{"geodesic":false,"type":"Polygon","coordinates":[[[106.9471295202814,-6.124713607126898],[106.94802783556551,-6.124713607126898],[106.94802783556551,-6.123815291842778],[106.9471295202814,-6.123815291842778],[106.9471295202814,-6.124713607126898]]]},"id":"+119053-6818","properties":{"cls":7,"count":1}},{"type":"Feature","geometry":{"geodesic":false,"type":"Polygon","coordinates":[[[106.9471295202814,-6.133696759968093],[106.94802783556551,-6.133696759968093],[106.94802783556551,-6.132798444683973],[106.9471295202814,-6.132798444683973],[106.9471295202814,-6.133696759968093]]]},"id":"+119053-6828","properties":{"cls":3,"count":1}},{"type":"Feature","geometry":{"geodesic":false,"type":"Polygon","coordinates":[[[106.94802783556551,-6.113933823717463],[106.94892615084963,-6.113933823717463],[106.94892615084963,-6.113035508433344],[106.94802783556551,-6.113035508433344],[106.94802783556551,-6.113933823717463]]]},"id":"+119054-6806","properties":{"cls":2,"count":1}},{"type":"Feature","geometry":{"geodesic":false,"type":"Polygon","coordinates":[[[106.94802783556551,-6.114832139001583],[106.94892615084963,-6.114832139001583],[106.94892615084963,-6.113933823717463],[106.94802783556551,-6.113933823717463],[106.94802783556551,-6.114832139001583]]]},"id":"+119054-6807","properties":{"cls":3,"count":1}},{"type":"Feature","geometry":{"geodesic":false,"type":"Polygon","coordinates":[[[106.94802783556551,-6.119323715422181],[106.94892615084963,-6.119323715422181],[106.94892615084963,-6.117527084853942],[106.94802783556551,-6.117527084853942],[106.94802783556551,-6.119323715422181]]]},"id":"+119054-6811","properties":{"cls":4,"count":2}},{"type":"Feature","geometry":{"geodesic":false,"type":"Polygon","coordinates":[[[106.94802783556551,-6.129205183547495],[106.94892615084963,-6.129205183547495],[106.94892615084963,-6.128306868263376],[106.94802783556551,-6.128306868263376],[106.94802783556551,-6.129205183547495]]]},"id":"+119054-6823","properties":{"cls":2,"count":1}},{"type":"Feature","geometry":{"geodesic":false,"type":"Polygon","coordinates":[[[106.9471295202814,-6.137290021104572],[106.94892615084963,-6.137290021104572],[106.94892615084963,-6.136391705820452],[106.9471295202814,-6.136391705820452],[106.9471295202814,-6.137290021104572]]]},"id":"+119054-6832","properties":{"cls":7,"count":2}},{"type":"Feature","geometry":{"geodesic":false,"type":"Polygon","coordinates":[[[106.94802783556551,-6.236104702357719],[106.94892615084963,-6.236104702357719],[106.94892615084963,-6.235206387073599],[106.94802783556551,-6.235206387073599],[106.94802783556551,-6.236104702357719]]]},"id":"+119054-6942","properties":{"cls":4,"count":1}},{"type":"Feature","geometry":{"geodesic":false,"type":"Polygon","coordinates":[[[106.94802783556551,-6.378038517248603],[106.94892615084963,-6.378038517248603],[106.94892615084963,-6.377140201964483],[106.94802783556551,-6.377140201964483],[106.94802783556551,-6.378038517248603]]]},"id":"+119054-7100","properties":{"cls":5,"count":1}},{"type":"Feature","geometry":{"geodesic":false,"type":"Polygon","coordinates":[[[106.94802783556551,-6.379835147816842],[106.94892615084963,-6.379835147816842],[106.94892615084963,-6.378936832532722],[106.94802783556551,-6.378936832532722],[106.94802783556551,-6.379835147816842]]]},"id":"+119054-7102","properties":{"cls":2,"count":1}},{"type":"Feature","geometry":{"geodesic":false,"type":"Polygon","coordinates":[[[106.94892615084963,-6.106747301444507],[106.94982446613376,-6.106747301444507],[106.94982446613376,-6.105848986160388],[106.94892615084963,-6.105848986160388],[106.94892615084963,-6.106747301444507]]]},"id":"+119055-6798","properties":{"cls":4,"count":1}},{"type":"Feature","geometry":{"geodesic":false,"type":"Polygon","coordinates":[[[106.94892615084963,-6.112137193149224],[106.94982446613376,-6.112137193149224],[106.94982446613376,-6.111238877865105],[106.94892615084963,-6.111238877865105],[106.94892615084963,-6.112137193149224]]]},"id":"+119055-6804","properties":{"cls":7,"count":1}},{"type":"Feature","geometry":{"geodesic":false,"type":"Polygon","coordinates":[[[106.94892615084963,-6.113035508433344],[106.94982446613376,-6.113035508433344],[106.94982446613376,-6.112137193149224],[106.94892615084963,-6.112137193149224],[106.94892615084963,-6.113035508433344]]]},"id":"+119055-6805","properties":{"cls":3,"count":1}},{"type":"Feature","geometry":{"geodesic":false,"type":"Polygon","coordinates":[[[106.94892615084963,-6.1166287695698225],[106.94982446613376,-6.1166287695698225],[106.94982446613376,-6.1157304542857025],[106.94892615084963,-6.1157304542857025],[106.94892615084963,-6.1166287695698225]]]},"id":"+119055-6809","properties":{"cls":3,"count":1}},{"type":"Feature","geometry":{"geodesic":false,"type":"Polygon","coordinates":[[[106.94892615084963,-6.250477746903631],[106.94982446613376,-6.250477746903631],[106.94982446613376,-6.2495794316195115],[106.94892615084963,-6.2495794316195115],[106.94892615084963,-6.250477746903631]]]},"id":"+119055-6958","properties":{"cls":5,"count":1}},{"type":"Feature","geometry":{"geodesic":false,"type":"Polygon","coordinates":[[[106.94982446613376,-6.113933823717463],[106.95072278141788,-6.113933823717463],[106.95072278141788,-6.113035508433344],[106.94982446613376,-6.113035508433344],[106.94982446613376,-6.113933823717463]]]},"id":"+119056-6806","properties":{"cls":4,"count":1}},{"type":"Feature","geometry":{"geodesic":false,"type":"Polygon","coordinates":[[[106.94892615084963,-6.114832139001583],[106.95072278141788,-6.114832139001583],[106.95072278141788,-6.113933823717463],[106.94892615084963,-6.113933823717463],[106.94892615084963,-6.114832139001583]]]},"id":"+119056-6807","properties":{"cls":2,"count":2}},{"type":"Feature","geometry":{"geodesic":false,"type":"Polygon","coordinates":[[[106.94982446613376,-6.118425400138062],[106.95072278141788,-6.118425400138062],[106.95072278141788,-6.117527084853942],[106.94982446613376,-6.117527084853942],[106.94982446613376,-6.118425400138062]]]},"id":"+119056-6811","properties":{"cls":5,"count":1}},{"type":"Feature","geometry":{"geodesic":false,"type":"Polygon","coordinates":[[[106.94982446613376,-6.250477746903631],[106.95072278141788,-6.250477746903631],[106.95072278141788,-6.2495794316195115],[106.94982446613376,-6.2495794316195115],[106.94982446613376,-6.250477746903631]]]},"id":"+119056-6958","properties":{"cls":4,"count":1}},{"type":"Feature","geometry":{"geodesic":false,"type":"Polygon","coordinates":[[[106.95072278141788,-6.111238877865105],[106.951621096702,-6.111238877865105],[106.951621096702,-6.110340562580985],[106.95072278141788,-6.110340562580985],[106.95072278141788,-6.111238877865105]]]},"id":"+119057-6803","properties":{"cls":2,"count":1}},{"type":"Feature","geometry":{"geodesic":false,"type":"Polygon","coordinates":[[[106.95072278141788,-6.125611922411017],[106.951621096702,-6.125611922411017],[106.951621096702,-6.124713607126898],[106.95072278141788,-6.124713607126898],[106.95072278141788,-6.125611922411017]]]},"id":"+119057-6819","properties":{"cls":2,"count":1}},{"type":"Feature","geometry":{"geodesic":false,"type":"Polygon","coordinates":[[[106.95072278141788,-6.166036110196396],[106.951621096702,-6.166036110196396],[106.951621096702,-6.165137794912276],[106.95072278141788,-6.165137794912276],[106.95072278141788,-6.166036110196396]]]},"id":"+119057-6864","properties":{"cls":2,"count":1}},{"type":"Feature","geometry":{"geodesic":false,"type":"Polygon","coordinates":[[[106.951621096702,-6.113933823717463],[106.95251941198612,-6.113933823717463],[106.95251941198612,-6.113035508433344],[106.951621096702,-6.113035508433344],[106.951621096702,-6.113933823717463]]]},"id":"+119058-6806","properties":{"cls":9,"count":1}},{"type":"Feature","geometry":{"geodesic":false,"type":"Polygon","coordinates":[[[106.951621096702,-6.114832139001583],[106.95251941198612,-6.114832139001583],[106.95251941198612,-6.113933823717463],[106.951621096702,-6.113933823717463],[106.951621096702,-6.114832139001583]]]},"id":"+119058-6807","properties":{"cls":7,"count":1}},{"type":"Feature","geometry":{"geodesic":false,"type":"Polygon","coordinates":[[[106.951621096702,-6.118425400138062],[106.95251941198612,-6.118425400138062],[106.95251941198612,-6.117527084853942],[106.951621096702,-6.117527084853942],[106.951621096702,-6.118425400138062]]]},"id":"+119058-6811","properties":{"cls":7,"count":1}},{"type":"Feature","geometry":{"geodesic":false,"type":"Polygon","coordinates":[[[106.951621096702,-6.127408552979256],[106.951621096702,-6.128306868263376],[106.95072278141788,-6.128306868263376],[106.95072278141788,-6.130103498831615],[106.95251941198612,-6.129205183547495],[106.95251941198612,-6.127408552979256],[106.951621096702,-6.127408552979256]]]},"id":"+119058-6822","properties":{"cls":4,"count":4}},{"type":"Feature","geometry":{"geodesic":false,"type":"Polygon","coordinates":[[[106.951621096702,-6.210053559118252],[106.95251941198612,-6.210053559118252],[106.95251941198612,-6.209155243834132],[106.951621096702,-6.209155243834132],[106.951621096702,-6.210053559118252]]]},"id":"+119058-6913","properties":{"cls":3,"count":1}},{"type":"Feature","geometry":{"geodesic":false,"type":"Polygon","coordinates":[[[106.95072278141788,-6.250477746903631],[106.95251941198612,-6.250477746903631],[106.95251941198612,-6.2495794316195115],[106.95072278141788,-6.2495794316195115],[106.95072278141788,-6.250477746903631]]]},"id":"+119058-6958","properties":{"cls":5,"count":2}},{"type":"Feature","geometry":{"geodesic":false,"type":"Polygon","coordinates":[[[106.95251941198612,-6.104052355592149],[106.95341772727024,-6.104052355592149],[106.95341772727024,-6.103154040308029],[106.95251941198612,-6.103154040308029],[106.95251941198612,-6.104052355592149]]]},"id":"+119059-6795","properties":{"cls":2,"count":1}},{"type":"Feature","geometry":{"geodesic":false,"type":"Polygon","coordinates":[[[106.95251941198612,-6.113933823717463],[106.95341772727024,-6.113933823717463],[106.95341772727024,-6.113035508433344],[106.95251941198612,-6.113035508433344],[106.95251941198612,-6.113933823717463]]]},"id":"+119059-6806","properties":{"cls":7,"count":1}},{"type":"Feature","geometry":{"geodesic":false,"type":"Polygon","coordinates":[[[106.95251941198612,-6.117527084853942],[106.95341772727024,-6.117527084853942],[106.95341772727024,-6.1166287695698225],[106.95251941198612,-6.1166287695698225],[106.95251941198612,-6.117527084853942]]]},"id":"+119059-6810","properties":{"cls":5,"count":1}},{"type":"Feature","geometry":{"geodesic":false,"type":"Polygon","coordinates":[[[106.95251941198612,-6.12112034599042],[106.95341772727024,-6.12112034599042],[106.95341772727024,-6.120222030706301],[106.95251941198612,-6.120222030706301],[106.95251941198612,-6.12112034599042]]]},"id":"+119059-6814","properties":{"cls":2,"count":1}},{"type":"Feature","geometry":{"geodesic":false,"type":"Polygon","coordinates":[[[106.951621096702,-6.126510237695137],[106.95341772727024,-6.126510237695137],[106.95341772727024,-6.125611922411017],[106.951621096702,-6.125611922411017],[106.951621096702,-6.126510237695137]]]},"id":"+119059-6820","properties":{"cls":2,"count":2}},{"type":"Feature","geometry":{"geodesic":false,"type":"Polygon","coordinates":[[[106.95251941198612,-6.128306868263376],[106.95341772727024,-6.128306868263376],[106.95341772727024,-6.126510237695137],[106.95251941198612,-6.126510237695137],[106.95251941198612,-6.128306868263376]]]},"id":"+119059-6821","properties":{"cls":3,"count":2}},{"type":"Feature","geometry":{"geodesic":false,"type":"Polygon","coordinates":[[[106.95251941198612,-6.169629371332874],[106.95341772727024,-6.169629371332874],[106.95341772727024,-6.168731056048754],[106.95251941198612,-6.168731056048754],[106.95251941198612,-6.169629371332874]]]},"id":"+119059-6868","properties":{"cls":5,"count":1}},{"type":"Feature","geometry":{"geodesic":false,"type":"Polygon","coordinates":[[[106.95251941198612,-6.110340562580985],[106.95431604255435,-6.110340562580985],[106.95431604255435,-6.109442247296866],[106.95251941198612,-6.109442247296866],[106.95251941198612,-6.110340562580985]]]},"id":"+119060-6802","properties":{"cls":2,"count":2}},{"type":"Feature","geometry":{"geodesic":false,"type":"Polygon","coordinates":[[[106.95341772727024,-6.113035508433344],[106.95431604255435,-6.113035508433344],[106.95431604255435,-6.112137193149224],[106.95341772727024,-6.112137193149224],[106.95341772727024,-6.113035508433344]]]},"id":"+119060-6805","properties":{"cls":9,"count":1}},{"type":"Feature","geometry":{"geodesic":false,"type":"Polygon","coordinates":[[[106.95341772727024,-6.1157304542857025],[106.95431604255435,-6.1157304542857025],[106.95431604255435,-6.114832139001583],[106.95341772727024,-6.114832139001583],[106.95341772727024,-6.1157304542857025]]]},"id":"+119060-6808","properties":{"cls":2,"count":1}},{"type":"Feature","geometry":{"geodesic":false,"type":"Polygon","coordinates":[[[106.95341772727024,-6.118425400138062],[106.95431604255435,-6.118425400138062],[106.95431604255435,-6.117527084853942],[106.95341772727024,-6.117527084853942],[106.95341772727024,-6.118425400138062]]]},"id":"+119060-6811","properties":{"cls":3,"count":1}},{"type":"Feature","geometry":{"geodesic":false,"type":"Polygon","coordinates":[[[106.95341772727024,-6.125611922411017],[106.95431604255435,-6.125611922411017],[106.95431604255435,-6.124713607126898],[106.95341772727024,-6.124713607126898],[106.95341772727024,-6.125611922411017]]]},"id":"+119060-6819","properties":{"cls":5,"count":1}},{"type":"Feature","geometry":{"geodesic":false,"type":"Polygon","coordinates":[[[106.95341772727024,-6.126510237695137],[106.95431604255435,-6.126510237695137],[106.95431604255435,-6.125611922411017],[106.95341772727024,-6.125611922411017],[106.95341772727024,-6.126510237695137]]]},"id":"+119060-6820","properties":{"cls":3,"count":1}},{"type":"Feature","geometry":{"geodesic":false,"type":"Polygon","coordinates":[[[106.95341772727024,-6.240596278778316],[106.95431604255435,-6.240596278778316],[106.95431604255435,-6.239697963494197],[106.95341772727024,-6.239697963494197],[106.95341772727024,-6.240596278778316]]]},"id":"+119060-6947","properties":{"cls":3,"count":1}},{"type":"Feature","geometry":{"geodesic":false,"type":"Polygon","coordinates":[[[106.95431604255435,-6.095967518035073],[106.95521435783847,-6.095967518035073],[106.95521435783847,-6.095069202750953],[106.95431604255435,-6.095069202750953],[106.95431604255435,-6.095967518035073]]]},"id":"+119061-6786","properties":{"cls":3,"count":1}},{"type":"Feature","geometry":{"geodesic":false,"type":"Polygon","coordinates":[[[106.95431604255435,-6.126510237695137],[106.95521435783847,-6.126510237695137],[106.95521435783847,-6.125611922411017],[106.95431604255435,-6.125611922411017],[106.95431604255435,-6.126510237695137]]]},"id":"+119061-6820","properties":{"cls":9,"count":1}},{"type":"Feature","geometry":{"geodesic":false,"type":"Polygon","coordinates":[[[106.95431604255435,-6.173222632469352],[106.95521435783847,-6.173222632469352],[106.95521435783847,-6.1723243171852324],[106.95431604255435,-6.1723243171852324],[106.95431604255435,-6.173222632469352]]]},"id":"+119061-6872","properties":{"cls":5,"count":1}},{"type":"Feature","geometry":{"geodesic":false,"type":"Polygon","coordinates":[[[106.95431604255435,-6.1741209477534715],[106.95521435783847,-6.1741209477534715],[106.95521435783847,-6.173222632469352],[106.95431604255435,-6.173222632469352],[106.95431604255435,-6.1741209477534715]]]},"id":"+119061-6873","properties":{"cls":2,"count":1}},{"type":"Feature","geometry":{"geodesic":false,"type":"Polygon","coordinates":[[[106.95431604255435,-6.2513760621877505],[106.95521435783847,-6.2513760621877505],[106.95521435783847,-6.250477746903631],[106.95431604255435,-6.250477746903631],[106.95431604255435,-6.2513760621877505]]]},"id":"+119061-6959","properties":{"cls":2,"count":1}},{"type":"Feature","geometry":{"geodesic":false,"type":"Polygon","coordinates":[[[106.95431604255435,-6.294495195825488],[106.95521435783847,-6.294495195825488],[106.95521435783847,-6.293596880541368],[106.95431604255435,-6.293596880541368],[106.95431604255435,-6.294495195825488]]]},"id":"+119061-7007","properties":{"cls":2,"count":1}},{"type":"Feature","geometry":{"geodesic":false,"type":"Polygon","coordinates":[[[106.95521435783847,-6.095967518035073],[106.95611267312259,-6.095967518035073],[106.95611267312259,-6.095069202750953],[106.95521435783847,-6.095069202750953],[106.95521435783847,-6.095967518035073]]]},"id":"+119062-6786","properties":{"cls":4,"count":1}},{"type":"Feature","geometry":{"geodesic":false,"type":"Polygon","coordinates":[[[106.95521435783847,-6.098662463887432],[106.95611267312259,-6.098662463887432],[106.95611267312259,-6.0977641486033125],[106.95521435783847,-6.0977641486033125],[106.95521435783847,-6.098662463887432]]]},"id":"+119062-6789","properties":{"cls":9,"count":1}},{"type":"Feature","geometry":{"geodesic":false,"type":"Polygon","coordinates":[[[106.95521435783847,-6.108543932012746],[106.95611267312259,-6.108543932012746],[106.95611267312259,-6.107645616728627],[106.95521435783847,-6.107645616728627],[106.95521435783847,-6.108543932012746]]]},"id":"+119062-6800","properties":{"cls":3,"count":1}},{"type":"Feature","geometry":{"geodesic":false,"type":"Polygon","coordinates":[[[106.95521435783847,-6.109442247296866],[106.95611267312259,-6.109442247296866],[106.95611267312259,-6.108543932012746],[106.95521435783847,-6.108543932012746],[106.95521435783847,-6.109442247296866]]]},"id":"+119062-6801","properties":{"cls":2,"count":1}},{"type":"Feature","geometry":{"geodesic":false,"type":"Polygon","coordinates":[[[106.95521435783847,-6.12112034599042],[106.95611267312259,-6.12112034599042],[106.95611267312259,-6.120222030706301],[106.95521435783847,-6.120222030706301],[106.95521435783847,-6.12112034599042]]]},"id":"+119062-6814","properties":{"cls":7,"count":1}},{"type":"Feature","geometry":{"geodesic":false,"type":"Polygon","coordinates":[[[106.95611267312259,-6.108543932012746],[106.95701098840671,-6.108543932012746],[106.95701098840671,-6.106747301444507],[106.95611267312259,-6.106747301444507],[106.95611267312259,-6.108543932012746]]]},"id":"+119063-6799","properties":{"cls":5,"count":2}},{"type":"Feature","geometry":{"geodesic":false,"type":"Polygon","coordinates":[[[106.95611267312259,-6.161544533775798],[106.95701098840671,-6.161544533775798],[106.95701098840671,-6.160646218491679],[106.95611267312259,-6.160646218491679],[106.95611267312259,-6.161544533775798]]]},"id":"+119063-6859","properties":{"cls":2,"count":1}},{"type":"Feature","geometry":{"geodesic":false,"type":"Polygon","coordinates":[[[106.95611267312259,-6.166934425480515],[106.95701098840671,-6.166934425480515],[106.95701098840671,-6.165137794912276],[106.95611267312259,-6.165137794912276],[106.95611267312259,-6.166934425480515]]]},"id":"+119063-6864","properties":{"cls":2,"count":2}},{"type":"Feature","geometry":{"geodesic":false,"type":"Polygon","coordinates":[[[106.95611267312259,-6.170527686616993],[106.95701098840671,-6.170527686616993],[106.95701098840671,-6.169629371332874],[106.95611267312259,-6.169629371332874],[106.95611267312259,-6.170527686616993]]]},"id":"+119063-6869","properties":{"cls":2,"count":1}},{"type":"Feature","geometry":{"geodesic":false,"type":"Polygon","coordinates":[[[106.95611267312259,-6.245986170483033],[106.95701098840671,-6.245986170483033],[106.95701098840671,-6.245087855198913],[106.95611267312259,-6.245087855198913],[106.95611267312259,-6.245986170483033]]]},"id":"+119063-6953","properties":{"cls":2,"count":1}},{"type":"Feature","geometry":{"geodesic":false,"type":"Polygon","coordinates":[[[106.95611267312259,-6.250477746903631],[106.95701098840671,-6.250477746903631],[106.95701098840671,-6.2495794316195115],[106.95611267312259,-6.2495794316195115],[106.95611267312259,-6.250477746903631]]]},"id":"+119063-6958","properties":{"cls":4,"count":1}},{"type":"Feature","geometry":{"geodesic":false,"type":"Polygon","coordinates":[[[106.95611267312259,-6.254969323324229],[106.95701098840671,-6.254969323324229],[106.95701098840671,-6.254071008040109],[106.95611267312259,-6.254071008040109],[106.95611267312259,-6.254969323324229]]]},"id":"+119063-6963","properties":{"cls":4,"count":1}},{"type":"Feature","geometry":{"geodesic":false,"type":"Polygon","coordinates":[[[106.95701098840671,-6.098662463887432],[106.95790930369083,-6.098662463887432],[106.95790930369083,-6.0977641486033125],[106.95701098840671,-6.0977641486033125],[106.95701098840671,-6.098662463887432]]]},"id":"+119064-6789","properties":{"cls":3,"count":1}},{"type":"Feature","geometry":{"geodesic":false,"type":"Polygon","coordinates":[[[106.95701098840671,-6.108543932012746],[106.95790930369083,-6.108543932012746],[106.95790930369083,-6.107645616728627],[106.95701098840671,-6.107645616728627],[106.95701098840671,-6.108543932012746]]]},"id":"+119064-6800","properties":{"cls":2,"count":1}},{"type":"Feature","geometry":{"geodesic":false,"type":"Polygon","coordinates":[[[106.95701098840671,-6.109442247296866],[106.95790930369083,-6.109442247296866],[106.95790930369083,-6.108543932012746],[106.95701098840671,-6.108543932012746],[106.95701098840671,-6.109442247296866]]]},"id":"+119064-6801","properties":{"cls":7,"count":1}},{"type":"Feature","geometry":{"geodesic":false,"type":"Polygon","coordinates":[[[106.95701098840671,-6.113035508433344],[106.95790930369083,-6.113035508433344],[106.95790930369083,-6.111238877865105],[106.95701098840671,-6.111238877865105],[106.95701098840671,-6.113035508433344]]]},"id":"+119064-6804","properties":{"cls":5,"count":2}},{"type":"Feature","geometry":{"geodesic":false,"type":"Polygon","coordinates":[[[106.95701098840671,-6.117527084853942],[106.95790930369083,-6.117527084853942],[106.95790930369083,-6.1166287695698225],[106.95701098840671,-6.1166287695698225],[106.95701098840671,-6.117527084853942]]]},"id":"+119064-6810","properties":{"cls":3,"count":1}},{"type":"Feature","geometry":{"geodesic":false,"type":"Polygon","coordinates":[[[106.95701098840671,-6.131001814115734],[106.95790930369083,-6.131001814115734],[106.95790930369083,-6.130103498831615],[106.95701098840671,-6.130103498831615],[106.95701098840671,-6.131001814115734]]]},"id":"+119064-6825","properties":{"cls":5,"count":1}},{"type":"Feature","geometry":{"geodesic":false,"type":"Polygon","coordinates":[[[106.95701098840671,-6.1354933905363325],[106.95790930369083,-6.1354933905363325],[106.95790930369083,-6.1345950752522125],[106.95701098840671,-6.1345950752522125],[106.95701098840671,-6.1354933905363325]]]},"id":"+119064-6830","properties":{"cls":5,"count":1}},{"type":"Feature","geometry":{"geodesic":false,"type":"Polygon","coordinates":[[[106.95701098840671,-6.137290021104572],[106.95790930369083,-6.137290021104572],[106.95790930369083,-6.136391705820452],[106.95701098840671,-6.136391705820452],[106.95701098840671,-6.137290021104572]]]},"id":"+119064-6832","properties":{"cls":4,"count":1}},{"type":"Feature","geometry":{"geodesic":false,"type":"Polygon","coordinates":[[[106.95701098840671,-6.166036110196396],[106.95790930369083,-6.166036110196396],[106.95790930369083,-6.165137794912276],[106.95701098840671,-6.165137794912276],[106.95701098840671,-6.166036110196396]]]},"id":"+119064-6864","properties":{"cls":3,"count":1}},{"type":"Feature","geometry":{"geodesic":false,"type":"Polygon","coordinates":[[[106.95790930369083,-6.113933823717463],[106.95880761897494,-6.113933823717463],[106.95880761897494,-6.113035508433344],[106.95790930369083,-6.113035508433344],[106.95790930369083,-6.113933823717463]]]},"id":"+119065-6806","properties":{"cls":2,"count":1}},{"type":"Feature","geometry":{"geodesic":false,"type":"Polygon","coordinates":[[[106.95790930369083,-6.119323715422181],[106.95790930369083,-6.12112034599042],[106.95970593425908,-6.12112034599042],[106.95880761897494,-6.119323715422181],[106.95790930369083,-6.119323715422181]]]},"id":"+119065-6813","properties":{"cls":2,"count":3}},{"type":"Feature","geometry":{"geodesic":false,"type":"Polygon","coordinates":[[[106.95790930369083,-6.136391705820452],[106.95880761897494,-6.136391705820452],[106.95880761897494,-6.1345950752522125],[106.95790930369083,-6.1345950752522125],[106.95790930369083,-6.136391705820452]]]},"id":"+119065-6830","properties":{"cls":7,"count":2}},{"type":"Feature","geometry":{"geodesic":false,"type":"Polygon","coordinates":[[[106.95790930369083,-6.138188336388691],[106.95880761897494,-6.138188336388691],[106.95880761897494,-6.136391705820452],[106.95790930369083,-6.136391705820452],[106.95790930369083,-6.138188336388691]]]},"id":"+119065-6832","properties":{"cls":5,"count":2}},{"type":"Feature","geometry":{"geodesic":false,"type":"Polygon","coordinates":[[[106.95701098840671,-6.166934425480515],[106.95701098840671,-6.167832740764635],[106.95611267312259,-6.167832740764635],[106.95611267312259,-6.169629371332874],[106.95880761897494,-6.169629371332874],[106.95790930369083,-6.167832740764635],[106.95880761897494,-6.167832740764635],[106.95880761897494,-6.166934425480515],[106.95701098840671,-6.166934425480515]]]},"id":"+119065-6866","properties":{"cls":3,"count":7}},{"type":"Feature","geometry":{"geodesic":false,"type":"Polygon","coordinates":[[[106.95790930369083,-6.3448008517361805],[106.95880761897494,-6.3448008517361805],[106.95880761897494,-6.343902536452061],[106.95790930369083,-6.343902536452061],[106.95790930369083,-6.3448008517361805]]]},"id":"+119065-7063","properties":{"cls":9,"count":1}},{"type":"Feature","geometry":{"geodesic":false,"type":"Polygon","coordinates":[[[106.95880761897494,-6.110340562580985],[106.95970593425908,-6.110340562580985],[106.95970593425908,-6.109442247296866],[106.95880761897494,-6.109442247296866],[106.95880761897494,-6.110340562580985]]]},"id":"+119066-6802","properties":{"cls":3,"count":1}},{"type":"Feature","geometry":{"geodesic":false,"type":"Polygon","coordinates":[[[106.95880761897494,-6.118425400138062],[106.95970593425908,-6.118425400138062],[106.95970593425908,-6.117527084853942],[106.95880761897494,-6.117527084853942],[106.95880761897494,-6.118425400138062]]]},"id":"+119066-6811","properties":{"cls":5,"count":1}},{"type":"Feature","geometry":{"geodesic":false,"type":"Polygon","coordinates":[[[106.95880761897494,-6.136391705820452],[106.95970593425908,-6.136391705820452],[106.95970593425908,-6.1345950752522125],[106.95880761897494,-6.1345950752522125],[106.95880761897494,-6.136391705820452]]]},"id":"+119066-6830","properties":{"cls":9,"count":2}},{"type":"Feature","geometry":{"geodesic":false,"type":"Polygon","coordinates":[[[106.95880761897494,-6.138188336388691],[106.95970593425908,-6.138188336388691],[106.95970593425908,-6.137290021104572],[106.95880761897494,-6.137290021104572],[106.95880761897494,-6.138188336388691]]]},"id":"+119066-6833","properties":{"cls":3,"count":1}},{"type":"Feature","geometry":{"geodesic":false,"type":"Polygon","coordinates":[[[106.95790930369083,-6.13908665167281],[106.95970593425908,-6.13908665167281],[106.95970593425908,-6.138188336388691],[106.95790930369083,-6.138188336388691],[106.95790930369083,-6.13908665167281]]]},"id":"+119066-6834","properties":{"cls":4,"count":2}},{"type":"Feature","geometry":{"geodesic":false,"type":"Polygon","coordinates":[[[106.95880761897494,-6.2109518744023715],[106.95970593425908,-6.2109518744023715],[106.95970593425908,-6.210053559118252],[106.95880761897494,-6.210053559118252],[106.95880761897494,-6.2109518744023715]]]},"id":"+119066-6914","properties":{"cls":3,"count":1}},{"type":"Feature","geometry":{"geodesic":false,"type":"Polygon","coordinates":[[[106.95880761897494,-6.2118501896864915],[106.95970593425908,-6.2118501896864915],[106.95970593425908,-6.2109518744023715],[106.95880761897494,-6.2109518744023715],[106.95880761897494,-6.2118501896864915]]]},"id":"+119066-6915","properties":{"cls":7,"count":1}},{"type":"Feature","geometry":{"geodesic":false,"type":"Polygon","coordinates":[[[106.95880761897494,-6.3448008517361805],[106.95970593425908,-6.3448008517361805],[106.95970593425908,-6.343902536452061],[106.95880761897494,-6.343902536452061],[106.95880761897494,-6.3448008517361805]]]},"id":"+119066-7063","properties":{"cls":7,"count":1}},{"type":"Feature","geometry":{"geodesic":false,"type":"Polygon","coordinates":[[[106.95790930369083,-6.371750310259766],[106.95970593425908,-6.371750310259766],[106.95970593425908,-6.370851994975647],[106.95790930369083,-6.370851994975647],[106.95790930369083,-6.371750310259766]]]},"id":"+119066-7093","properties":{"cls":5,"count":2}},{"type":"Feature","geometry":{"geodesic":false,"type":"Polygon","coordinates":[[[106.95970593425908,-6.098662463887432],[106.9606042495432,-6.098662463887432],[106.9606042495432,-6.0977641486033125],[106.95970593425908,-6.0977641486033125],[106.95970593425908,-6.098662463887432]]]},"id":"+119067-6789","properties":{"cls":2,"count":1}},{"type":"Feature","geometry":{"geodesic":false,"type":"Polygon","coordinates":[[[106.95970593425908,-6.112137193149224],[106.9606042495432,-6.112137193149224],[106.9606042495432,-6.111238877865105],[106.95970593425908,-6.111238877865105],[106.95970593425908,-6.112137193149224]]]},"id":"+119067-6804","properties":{"cls":3,"count":1}},{"type":"Feature","geometry":{"geodesic":false,"type":"Polygon","coordinates":[[[106.95970593425908,-6.113035508433344],[106.9606042495432,-6.113035508433344],[106.9606042495432,-6.112137193149224],[106.95970593425908,-6.112137193149224],[106.95970593425908,-6.113035508433344]]]},"id":"+119067-6805","properties":{"cls":5,"count":1}},{"type":"Feature","geometry":{"geodesic":false,"type":"Polygon","coordinates":[[[106.95970593425908,-6.128306868263376],[106.9606042495432,-6.128306868263376],[106.9606042495432,-6.127408552979256],[106.95970593425908,-6.127408552979256],[106.95970593425908,-6.128306868263376]]]},"id":"+119067-6822","properties":{"cls":3,"count":1}},{"type":"Feature","geometry":{"geodesic":false,"type":"Polygon","coordinates":[[[106.95970593425908,-6.13998496695693],[106.9606042495432,-6.13998496695693],[106.9606042495432,-6.13908665167281],[106.95970593425908,-6.13908665167281],[106.95970593425908,-6.13998496695693]]]},"id":"+119067-6835","properties":{"cls":7,"count":1}},{"type":"Feature","geometry":{"geodesic":false,"type":"Polygon","coordinates":[[[106.95970593425908,-6.169629371332874],[106.9606042495432,-6.169629371332874],[106.9606042495432,-6.168731056048754],[106.95970593425908,-6.168731056048754],[106.95970593425908,-6.169629371332874]]]},"id":"+119067-6868","properties":{"cls":3,"count":1}},{"type":"Feature","geometry":{"geodesic":false,"type":"Polygon","coordinates":[[[106.95970593425908,-6.235206387073599],[106.9606042495432,-6.235206387073599],[106.9606042495432,-6.23430807178948],[106.95970593425908,-6.23430807178948],[106.95970593425908,-6.235206387073599]]]},"id":"+119067-6941","properties":{"cls":2,"count":1}},{"type":"Feature","geometry":{"geodesic":false,"type":"Polygon","coordinates":[[[106.95970593425908,-6.099560779171552],[106.96150256482731,-6.099560779171552],[106.96150256482731,-6.098662463887432],[106.95970593425908,-6.098662463887432],[106.95970593425908,-6.099560779171552]]]},"id":"+119068-6790","properties":{"cls":3,"count":2}},{"type":"Feature","geometry":{"geodesic":false,"type":"Polygon","coordinates":[[[106.9606042495432,-6.108543932012746],[106.96150256482731,-6.108543932012746],[106.96150256482731,-6.107645616728627],[106.9606042495432,-6.107645616728627],[106.9606042495432,-6.108543932012746]]]},"id":"+119068-6800","properties":{"cls":3,"count":1}},{"type":"Feature","geometry":{"geodesic":false,"type":"Polygon","coordinates":[[[106.9606042495432,-6.109442247296866],[106.96150256482731,-6.109442247296866],[106.96150256482731,-6.108543932012746],[106.9606042495432,-6.108543932012746],[106.9606042495432,-6.109442247296866]]]},"id":"+119068-6801","properties":{"cls":5,"count":1}},{"type":"Feature","geometry":{"geodesic":false,"type":"Polygon","coordinates":[[[106.9606042495432,-6.113933823717463],[106.96150256482731,-6.113933823717463],[106.96150256482731,-6.113035508433344],[106.9606042495432,-6.113035508433344],[106.9606042495432,-6.113933823717463]]]},"id":"+119068-6806","properties":{"cls":4,"count":1}},{"type":"Feature","geometry":{"geodesic":false,"type":"Polygon","coordinates":[[[106.9606042495432,-6.12112034599042],[106.96150256482731,-6.12112034599042],[106.96150256482731,-6.120222030706301],[106.9606042495432,-6.120222030706301],[106.9606042495432,-6.12112034599042]]]},"id":"+119068-6814","properties":{"cls":2,"count":1}},{"type":"Feature","geometry":{"geodesic":false,"type":"Polygon","coordinates":[[[106.9606042495432,-6.131001814115734],[106.96150256482731,-6.131001814115734],[106.96150256482731,-6.130103498831615],[106.9606042495432,-6.130103498831615],[106.9606042495432,-6.131001814115734]]]},"id":"+119068-6825","properties":{"cls":5,"count":1}},{"type":"Feature","geometry":{"geodesic":false,"type":"Polygon","coordinates":[[[106.9606042495432,-6.132798444683973],[106.96150256482731,-6.132798444683973],[106.96150256482731,-6.131900129399854],[106.9606042495432,-6.131900129399854],[106.9606042495432,-6.132798444683973]]]},"id":"+119068-6827","properties":{"cls":2,"count":1}},{"type":"Feature","geometry":{"geodesic":false,"type":"Polygon","coordinates":[[[106.9606042495432,-6.1354933905363325],[106.96150256482731,-6.1354933905363325],[106.96150256482731,-6.1345950752522125],[106.9606042495432,-6.1345950752522125],[106.9606042495432,-6.1354933905363325]]]},"id":"+119068-6830","properties":{"cls":4,"count":1}},{"type":"Feature","geometry":{"geodesic":false,"type":"Polygon","coordinates":[[[106.9606042495432,-6.13908665167281],[106.96150256482731,-6.13908665167281],[106.96150256482731,-6.137290021104572],[106.9606042495432,-6.137290021104572],[106.9606042495432,-6.13908665167281]]]},"id":"+119068-6833","properties":{"cls":4,"count":2}},{"type":"Feature","geometry":{"geodesic":false,"type":"Polygon","coordinates":[[[106.9606042495432,-6.165137794912276],[106.96150256482731,-6.165137794912276],[106.96150256482731,-6.164239479628157],[106.9606042495432,-6.164239479628157],[106.9606042495432,-6.165137794912276]]]},"id":"+119068-6863","properties":{"cls":2,"count":1}},{"type":"Feature","geometry":{"geodesic":false,"type":"Polygon","coordinates":[[[106.9606042495432,-6.166036110196396],[106.96150256482731,-6.166036110196396],[106.96150256482731,-6.165137794912276],[106.9606042495432,-6.165137794912276],[106.9606042495432,-6.166036110196396]]]},"id":"+119068-6864","properties":{"cls":3,"count":1}},{"type":"Feature","geometry":{"geodesic":false,"type":"Polygon","coordinates":[[[106.9606042495432,-6.209155243834132],[106.96150256482731,-6.209155243834132],[106.96150256482731,-6.208256928550013],[106.9606042495432,-6.208256928550013],[106.9606042495432,-6.209155243834132]]]},"id":"+119068-6912","properties":{"cls":4,"count":1}},{"type":"Feature","geometry":{"geodesic":false,"type":"Polygon","coordinates":[[[106.9606042495432,-6.370851994975647],[106.96150256482731,-6.370851994975647],[106.96150256482731,-6.369953679691527],[106.9606042495432,-6.369953679691527],[106.9606042495432,-6.370851994975647]]]},"id":"+119068-7092","properties":{"cls":2,"count":1}},{"type":"Feature","geometry":{"geodesic":false,"type":"Polygon","coordinates":[[[106.96150256482731,-6.099560779171552],[106.96240088011143,-6.099560779171552],[106.96240088011143,-6.0977641486033125],[106.96150256482731,-6.0977641486033125],[106.96150256482731,-6.099560779171552]]]},"id":"+119069-6789","properties":{"cls":2,"count":2}},{"type":"Feature","geometry":{"geodesic":false,"type":"Polygon","coordinates":[[[106.96150256482731,-6.113933823717463],[106.96240088011143,-6.113933823717463],[106.96240088011143,-6.113035508433344],[106.96150256482731,-6.113035508433344],[106.96150256482731,-6.113933823717463]]]},"id":"+119069-6806","properties":{"cls":9,"count":1}},{"type":"Feature","geometry":{"geodesic":false,"type":"Polygon","coordinates":[[[106.96150256482731,-6.1157304542857025],[106.96240088011143,-6.1157304542857025],[106.96240088011143,-6.114832139001583],[106.96150256482731,-6.114832139001583],[106.96150256482731,-6.1157304542857025]]]},"id":"+119069-6808","properties":{"cls":5,"count":1}},{"type":"Feature","geometry":{"geodesic":false,"type":"Polygon","coordinates":[[[106.96150256482731,-6.12112034599042],[106.96240088011143,-6.12112034599042],[106.96240088011143,-6.120222030706301],[106.96150256482731,-6.120222030706301],[106.96150256482731,-6.12112034599042]]]},"id":"+119069-6814","properties":{"cls":9,"count":1}},{"type":"Feature","geometry":{"geodesic":false,"type":"Polygon","coordinates":[[[106.96150256482731,-6.129205183547495],[106.96240088011143,-6.129205183547495],[106.96240088011143,-6.128306868263376],[106.96150256482731,-6.128306868263376],[106.96150256482731,-6.129205183547495]]]},"id":"+119069-6823","properties":{"cls":5,"count":1}},{"type":"Feature","geometry":{"geodesic":false,"type":"Polygon","coordinates":[[[106.9606042495432,-6.130103498831615],[106.96240088011143,-6.130103498831615],[106.96240088011143,-6.129205183547495],[106.9606042495432,-6.129205183547495],[106.9606042495432,-6.130103498831615]]]},"id":"+119069-6824","properties":{"cls":4,"count":2}},{"type":"Feature","geometry":{"geodesic":false,"type":"Polygon","coordinates":[[[106.96150256482731,-6.1345950752522125],[106.96240088011143,-6.1345950752522125],[106.96240088011143,-6.133696759968093],[106.96150256482731,-6.133696759968093],[106.96150256482731,-6.1345950752522125]]]},"id":"+119069-6829","properties":{"cls":2,"count":1}},{"type":"Feature","geometry":{"geodesic":false,"type":"Polygon","coordinates":[[[106.96150256482731,-6.1345950752522125],[106.96150256482731,-6.138188336388691],[106.96240088011143,-6.138188336388691],[106.96329919539555,-6.136391705820452],[106.96240088011143,-6.136391705820452],[106.96240088011143,-6.1345950752522125],[106.96150256482731,-6.1345950752522125]]]},"id":"+119069-6830","properties":{"cls":3,"count":5}},{"type":"Feature","geometry":{"geodesic":false,"type":"Polygon","coordinates":[[[106.9606042495432,-6.13998496695693],[106.9606042495432,-6.140883282241049],[106.96240088011143,-6.141781597525169],[106.96240088011143,-6.13998496695693],[106.9606042495432,-6.13998496695693]]]},"id":"+119069-6836","properties":{"cls":3,"count":3}},{"type":"Feature","geometry":{"geodesic":false,"type":"Polygon","coordinates":[[[106.96150256482731,-6.166036110196396],[106.96240088011143,-6.166036110196396],[106.96240088011143,-6.165137794912276],[106.96150256482731,-6.165137794912276],[106.96150256482731,-6.166036110196396]]]},"id":"+119069-6864","properties":{"cls":2,"count":1}},{"type":"Feature","geometry":{"geodesic":false,"type":"Polygon","coordinates":[[[106.96150256482731,-6.208256928550013],[106.96240088011143,-6.208256928550013],[106.96240088011143,-6.207358613265894],[106.96150256482731,-6.207358613265894],[106.96150256482731,-6.208256928550013]]]},"id":"+119069-6911","properties":{"cls":4,"count":1}},{"type":"Feature","geometry":{"geodesic":false,"type":"Polygon","coordinates":[[[106.9606042495432,-6.235206387073599],[106.96240088011143,-6.235206387073599],[106.96240088011143,-6.23430807178948],[106.9606042495432,-6.23430807178948],[106.9606042495432,-6.235206387073599]]]},"id":"+119069-6941","properties":{"cls":3,"count":2}},{"type":"Feature","geometry":{"geodesic":false,"type":"Polygon","coordinates":[[[106.9606042495432,-6.371750310259766],[106.96240088011143,-6.371750310259766],[106.96240088011143,-6.370851994975647],[106.9606042495432,-6.370851994975647],[106.9606042495432,-6.371750310259766]]]},"id":"+119069-7093","properties":{"cls":7,"count":2}},{"type":"Feature","geometry":{"geodesic":false,"type":"Polygon","coordinates":[[[106.96240088011143,-6.0977641486033125],[106.96329919539555,-6.0977641486033125],[106.96329919539555,-6.0968658333191925],[106.96240088011143,-6.0968658333191925],[106.96240088011143,-6.0977641486033125]]]},"id":"+119070-6788","properties":{"cls":2,"count":1}},{"type":"Feature","geometry":{"geodesic":false,"type":"Polygon","coordinates":[[[106.96240088011143,-6.112137193149224],[106.96329919539555,-6.112137193149224],[106.96329919539555,-6.111238877865105],[106.96240088011143,-6.111238877865105],[106.96240088011143,-6.112137193149224]]]},"id":"+119070-6804","properties":{"cls":2,"count":1}},{"type":"Feature","geometry":{"geodesic":false,"type":"Polygon","coordinates":[[[106.96240088011143,-6.123815291842778],[106.96329919539555,-6.123815291842778],[106.96329919539555,-6.122916976558659],[106.96240088011143,-6.122916976558659],[106.96240088011143,-6.123815291842778]]]},"id":"+119070-6817","properties":{"cls":5,"count":1}},{"type":"Feature","geometry":{"geodesic":false,"type":"Polygon","coordinates":[[[106.96240088011143,-6.124713607126898],[106.96329919539555,-6.124713607126898],[106.96329919539555,-6.123815291842778],[106.96240088011143,-6.123815291842778],[106.96240088011143,-6.124713607126898]]]},"id":"+119070-6818","properties":{"cls":2,"count":1}},{"type":"Feature","geometry":{"geodesic":false,"type":"Polygon","coordinates":[[[106.96240088011143,-6.126510237695137],[106.96329919539555,-6.126510237695137],[106.96329919539555,-6.125611922411017],[106.96240088011143,-6.125611922411017],[106.96240088011143,-6.126510237695137]]]},"id":"+119070-6820","properties":{"cls":7,"count":1}},{"type":"Feature","geometry":{"geodesic":false,"type":"Polygon","coordinates":[[[106.96240088011143,-6.131900129399854],[106.96329919539555,-6.131900129399854],[106.96329919539555,-6.131001814115734],[106.96240088011143,-6.131001814115734],[106.96240088011143,-6.131900129399854]]]},"id":"+119070-6826","properties":{"cls":2,"count":1}},{"type":"Feature","geometry":{"geodesic":false,"type":"Polygon","coordinates":[[[106.96150256482731,-6.132798444683973],[106.96329919539555,-6.132798444683973],[106.96329919539555,-6.131900129399854],[106.96150256482731,-6.131900129399854],[106.96150256482731,-6.132798444683973]]]},"id":"+119070-6827","properties":{"cls":5,"count":2}},{"type":"Feature","geometry":{"geodesic":false,"type":"Polygon","coordinates":[[[106.96240088011143,-6.133696759968093],[106.96329919539555,-6.133696759968093],[106.96329919539555,-6.132798444683973],[106.96240088011143,-6.132798444683973],[106.96240088011143,-6.133696759968093]]]},"id":"+119070-6828","properties":{"cls":4,"count":1}},{"type":"Feature","geometry":{"geodesic":false,"type":"Polygon","coordinates":[[[106.96240088011143,-6.136391705820452],[106.96329919539555,-6.136391705820452],[106.96329919539555,-6.1354933905363325],[106.96240088011143,-6.1354933905363325],[106.96240088011143,-6.136391705820452]]]},"id":"+119070-6831","properties":{"cls":4,"count":1}},{"type":"Feature","geometry":{"geodesic":false,"type":"Polygon","coordinates":[[[106.96240088011143,-6.13908665167281],[106.96329919539555,-6.13908665167281],[106.96329919539555,-6.138188336388691],[106.96240088011143,-6.138188336388691],[106.96240088011143,-6.13908665167281]]]},"id":"+119070-6834","properties":{"cls":3,"count":1}},{"type":"Feature","geometry":{"geodesic":false,"type":"Polygon","coordinates":[[[106.96240088011143,-6.140883282241049],[106.96240088011143,-6.143578228093408],[106.96419751067967,-6.143578228093408],[106.96419751067967,-6.141781597525169],[106.96240088011143,-6.140883282241049]]]},"id":"+119070-6837","properties":{"cls":2,"count":5}},{"type":"Feature","geometry":{"geodesic":false,"type":"Polygon","coordinates":[[[106.96240088011143,-6.205561982697655],[106.96329919539555,-6.205561982697655],[106.96329919539555,-6.204663667413535],[106.96240088011143,-6.204663667413535],[106.96240088011143,-6.205561982697655]]]},"id":"+119070-6908","properties":{"cls":5,"count":1}},{"type":"Feature","geometry":{"geodesic":false,"type":"Polygon","coordinates":[[[106.96240088011143,-6.2675457373019015],[106.96329919539555,-6.2675457373019015],[106.96329919539555,-6.266647422017782],[106.96240088011143,-6.266647422017782],[106.96240088011143,-6.2675457373019015]]]},"id":"+119070-6977","properties":{"cls":2,"count":1}},{"type":"Feature","geometry":{"geodesic":false,"type":"Polygon","coordinates":[[[106.96240088011143,-6.2693423678701405],[106.96329919539555,-6.2693423678701405],[106.96329919539555,-6.268444052586021],[106.96240088011143,-6.268444052586021],[106.96240088011143,-6.2693423678701405]]]},"id":"+119070-6979","properties":{"cls":4,"count":1}},{"type":"Feature","geometry":{"geodesic":false,"type":"Polygon","coordinates":[[[106.96240088011143,-6.2702406831542605],[106.96329919539555,-6.2702406831542605],[106.96329919539555,-6.2693423678701405],[106.96240088011143,-6.2693423678701405],[106.96240088011143,-6.2702406831542605]]]},"id":"+119070-6980","properties":{"cls":3,"count":1}},{"type":"Feature","geometry":{"geodesic":false,"type":"Polygon","coordinates":[[[106.96240088011143,-6.27113899843838],[106.96329919539555,-6.27113899843838],[106.96329919539555,-6.2702406831542605],[106.96240088011143,-6.2702406831542605],[106.96240088011143,-6.27113899843838]]]},"id":"+119070-6981","properties":{"cls":7,"count":1}},{"type":"Feature","geometry":{"geodesic":false,"type":"Polygon","coordinates":[[[106.96240088011143,-6.283715412416053],[106.96329919539555,-6.283715412416053],[106.96329919539555,-6.282817097131933],[106.96240088011143,-6.282817097131933],[106.96240088011143,-6.283715412416053]]]},"id":"+119070-6995","properties":{"cls":4,"count":1}},{"type":"Feature","geometry":{"geodesic":false,"type":"Polygon","coordinates":[[[106.96329919539555,-6.095069202750953],[106.96419751067967,-6.095069202750953],[106.96419751067967,-6.094170887466834],[106.96329919539555,-6.094170887466834],[106.96329919539555,-6.095069202750953]]]},"id":"+119071-6785","properties":{"cls":3,"count":1}},{"type":"Feature","geometry":{"geodesic":false,"type":"Polygon","coordinates":[[[106.96329919539555,-6.112137193149224],[106.96419751067967,-6.112137193149224],[106.96419751067967,-6.111238877865105],[106.96329919539555,-6.111238877865105],[106.96329919539555,-6.112137193149224]]]},"id":"+119071-6804","properties":{"cls":4,"count":1}},{"type":"Feature","geometry":{"geodesic":false,"type":"Polygon","coordinates":[[[106.96329919539555,-6.119323715422181],[106.96419751067967,-6.119323715422181],[106.96419751067967,-6.118425400138062],[106.96329919539555,-6.118425400138062],[106.96329919539555,-6.119323715422181]]]},"id":"+119071-6812","properties":{"cls":2,"count":1}},{"type":"Feature","geometry":{"geodesic":false,"type":"Polygon","coordinates":[[[106.96329919539555,-6.120222030706301],[106.96419751067967,-6.120222030706301],[106.96419751067967,-6.119323715422181],[106.96329919539555,-6.119323715422181],[106.96329919539555,-6.120222030706301]]]},"id":"+119071-6813","properties":{"cls":5,"count":1}},{"type":"Feature","geometry":{"geodesic":false,"type":"Polygon","coordinates":[[[106.96329919539555,-6.125611922411017],[106.96419751067967,-6.125611922411017],[106.96419751067967,-6.124713607126898],[106.96329919539555,-6.124713607126898],[106.96329919539555,-6.125611922411017]]]},"id":"+119071-6819","properties":{"cls":4,"count":1}},{"type":"Feature","geometry":{"geodesic":false,"type":"Polygon","coordinates":[[[106.96329919539555,-6.129205183547495],[106.96240088011143,-6.131001814115734],[106.96419751067967,-6.131001814115734],[106.96419751067967,-6.129205183547495],[106.96329919539555,-6.129205183547495]]]},"id":"+119071-6824","properties":{"cls":4,"count":3}},{"type":"Feature","geometry":{"geodesic":false,"type":"Polygon","coordinates":[[[106.96329919539555,-6.131001814115734],[106.96329919539555,-6.132798444683973],[106.96509582596379,-6.132798444683973],[106.96419751067967,-6.131001814115734],[106.96329919539555,-6.131001814115734]]]},"id":"+119071-6826","properties":{"cls":7,"count":3}},{"type":"Feature","geometry":{"geodesic":false,"type":"Polygon","coordinates":[[[106.96329919539555,-6.1354933905363325],[106.96419751067967,-6.1354933905363325],[106.96419751067967,-6.1345950752522125],[106.96329919539555,-6.1345950752522125],[106.96329919539555,-6.1354933905363325]]]},"id":"+119071-6830","properties":{"cls":7,"count":1}},{"type":"Feature","geometry":{"geodesic":false,"type":"Polygon","coordinates":[[[106.96329919539555,-6.136391705820452],[106.96419751067967,-6.136391705820452],[106.96419751067967,-6.1354933905363325],[106.96329919539555,-6.1354933905363325],[106.96329919539555,-6.136391705820452]]]},"id":"+119071-6831","properties":{"cls":3,"count":1}},{"type":"Feature","geometry":{"geodesic":false,"type":"Polygon","coordinates":[[[106.96329919539555,-6.13998496695693],[106.96419751067967,-6.13998496695693],[106.96419751067967,-6.13908665167281],[106.96329919539555,-6.13908665167281],[106.96329919539555,-6.13998496695693]]]},"id":"+119071-6835","properties":{"cls":2,"count":1}},{"type":"Feature","geometry":{"geodesic":false,"type":"Polygon","coordinates":[[[106.96329919539555,-6.203765352129416],[106.96419751067967,-6.203765352129416],[106.96419751067967,-6.202867036845296],[106.96329919539555,-6.202867036845296],[106.96329919539555,-6.203765352129416]]]},"id":"+119071-6906","properties":{"cls":7,"count":1}},{"type":"Feature","geometry":{"geodesic":false,"type":"Polygon","coordinates":[[[106.96329919539555,-6.236104702357719],[106.96419751067967,-6.236104702357719],[106.96419751067967,-6.23430807178948],[106.96329919539555,-6.23430807178948],[106.96329919539555,-6.236104702357719]]]},"id":"+119071-6941","properties":{"cls":4,"count":2}},{"type":"Feature","geometry":{"geodesic":false,"type":"Polygon","coordinates":[[[106.96329919539555,-6.274732259574858],[106.96419751067967,-6.274732259574858],[106.96419751067967,-6.273833944290739],[106.96329919539555,-6.273833944290739],[106.96329919539555,-6.274732259574858]]]},"id":"+119071-6985","properties":{"cls":5,"count":1}},{"type":"Feature","geometry":{"geodesic":false,"type":"Polygon","coordinates":[[[106.96419751067967,-6.095069202750953],[106.96509582596379,-6.095069202750953],[106.96509582596379,-6.094170887466834],[106.96419751067967,-6.094170887466834],[106.96419751067967,-6.095069202750953]]]},"id":"+119072-6785","properties":{"cls":2,"count":1}},{"type":"Feature","geometry":{"geodesic":false,"type":"Polygon","coordinates":[[[106.96419751067967,-6.095069202750953],[106.96329919539555,-6.0968658333191925],[106.96509582596379,-6.0968658333191925],[106.96509582596379,-6.095069202750953],[106.96419751067967,-6.095069202750953]]]},"id":"+119072-6786","properties":{"cls":3,"count":3}},{"type":"Feature","geometry":{"geodesic":false,"type":"Polygon","coordinates":[[[106.96329919539555,-6.108543932012746],[106.96509582596379,-6.108543932012746],[106.96509582596379,-6.107645616728627],[106.96329919539555,-6.107645616728627],[106.96329919539555,-6.108543932012746]]]},"id":"+119072-6800","properties":{"cls":4,"count":2}},{"type":"Feature","geometry":{"geodesic":false,"type":"Polygon","coordinates":[[[106.96419751067967,-6.112137193149224],[106.96509582596379,-6.112137193149224],[106.96509582596379,-6.110340562580985],[106.96419751067967,-6.110340562580985],[106.96419751067967,-6.112137193149224]]]},"id":"+119072-6803","properties":{"cls":5,"count":2}},{"type":"Feature","geometry":{"geodesic":false,"type":"Polygon","coordinates":[[[106.96419751067967,-6.118425400138062],[106.96509582596379,-6.118425400138062],[106.96509582596379,-6.117527084853942],[106.96419751067967,-6.117527084853942],[106.96419751067967,-6.118425400138062]]]},"id":"+119072-6811","properties":{"cls":2,"count":1}},{"type":"Feature","geometry":{"geodesic":false,"type":"Polygon","coordinates":[[[106.96419751067967,-6.120222030706301],[106.96509582596379,-6.120222030706301],[106.96509582596379,-6.119323715422181],[106.96419751067967,-6.119323715422181],[106.96419751067967,-6.120222030706301]]]},"id":"+119072-6813","properties":{"cls":3,"count":1}},{"type":"Feature","geometry":{"geodesic":false,"type":"Polygon","coordinates":[[[106.96419751067967,-6.122018661274539],[106.96509582596379,-6.122018661274539],[106.96509582596379,-6.12112034599042],[106.96419751067967,-6.12112034599042],[106.96419751067967,-6.122018661274539]]]},"id":"+119072-6815","properties":{"cls":7,"count":1}},{"type":"Feature","geometry":{"geodesic":false,"type":"Polygon","coordinates":[[[106.96419751067967,-6.124713607126898],[106.96509582596379,-6.124713607126898],[106.96509582596379,-6.123815291842778],[106.96419751067967,-6.123815291842778],[106.96419751067967,-6.124713607126898]]]},"id":"+119072-6818","properties":{"cls":3,"count":1}},{"type":"Feature","geometry":{"geodesic":false,"type":"Polygon","coordinates":[[[106.96419751067967,-6.125611922411017],[106.96509582596379,-6.125611922411017],[106.96509582596379,-6.124713607126898],[106.96419751067967,-6.124713607126898],[106.96419751067967,-6.125611922411017]]]},"id":"+119072-6819","properties":{"cls":7,"count":1}},{"type":"Feature","geometry":{"geodesic":false,"type":"Polygon","coordinates":[[[106.96419751067967,-6.131001814115734],[106.96509582596379,-6.131001814115734],[106.96509582596379,-6.129205183547495],[106.96419751067967,-6.129205183547495],[106.96419751067967,-6.131001814115734]]]},"id":"+119072-6824","properties":{"cls":3,"count":2}},{"type":"Feature","geometry":{"geodesic":false,"type":"Polygon","coordinates":[[[106.96419751067967,-6.131900129399854],[106.96509582596379,-6.131900129399854],[106.96509582596379,-6.131001814115734],[106.96419751067967,-6.131001814115734],[106.96419751067967,-6.131900129399854]]]},"id":"+119072-6826","properties":{"cls":4,"count":1}},{"type":"Feature","geometry":{"geodesic":false,"type":"Polygon","coordinates":[[[106.96329919539555,-6.133696759968093],[106.96509582596379,-6.133696759968093],[106.96509582596379,-6.132798444683973],[106.96329919539555,-6.132798444683973],[106.96329919539555,-6.133696759968093]]]},"id":"+119072-6828","properties":{"cls":5,"count":2}},{"type":"Feature","geometry":{"geodesic":false,"type":"Polygon","coordinates":[[[106.96419751067967,-6.1354933905363325],[106.96509582596379,-6.1354933905363325],[106.96509582596379,-6.1345950752522125],[106.96419751067967,-6.1345950752522125],[106.96419751067967,-6.1354933905363325]]]},"id":"+119072-6830","properties":{"cls":5,"count":1}},{"type":"Feature","geometry":{"geodesic":false,"type":"Polygon","coordinates":[[[106.96329919539555,-6.136391705820452],[106.96329919539555,-6.138188336388691],[106.96419751067967,-6.138188336388691],[106.96509582596379,-6.136391705820452],[106.96329919539555,-6.136391705820452]]]},"id":"+119072-6832","properties":{"cls":4,"count":3}},{"type":"Feature","geometry":{"geodesic":false,"type":"Polygon","coordinates":[[[106.96419751067967,-6.13998496695693],[106.96509582596379,-6.13998496695693],[106.96509582596379,-6.13908665167281],[106.96419751067967,-6.13908665167281],[106.96419751067967,-6.13998496695693]]]},"id":"+119072-6835","properties":{"cls":5,"count":1}},{"type":"Feature","geometry":{"geodesic":false,"type":"Polygon","coordinates":[[[106.96419751067967,-6.140883282241049],[106.96509582596379,-6.140883282241049],[106.96509582596379,-6.13998496695693],[106.96419751067967,-6.13998496695693],[106.96419751067967,-6.140883282241049]]]},"id":"+119072-6836","properties":{"cls":2,"count":1}},{"type":"Feature","geometry":{"geodesic":false,"type":"Polygon","coordinates":[[[106.96329919539555,-6.178612524174069],[106.96509582596379,-6.178612524174069],[106.96509582596379,-6.17771420888995],[106.96329919539555,-6.17771420888995],[106.96329919539555,-6.178612524174069]]]},"id":"+119072-6878","properties":{"cls":2,"count":2}},{"type":"Feature","geometry":{"geodesic":false,"type":"Polygon","coordinates":[[[106.96419751067967,-6.182205785310547],[106.96509582596379,-6.182205785310547],[106.96509582596379,-6.181307470026428],[106.96419751067967,-6.181307470026428],[106.96419751067967,-6.182205785310547]]]},"id":"+119072-6882","properties":{"cls":9,"count":1}},{"type":"Feature","geometry":{"geodesic":false,"type":"Polygon","coordinates":[[[106.96419751067967,-6.266647422017782],[106.96509582596379,-6.266647422017782],[106.96509582596379,-6.265749106733662],[106.96419751067967,-6.265749106733662],[106.96419751067967,-6.266647422017782]]]},"id":"+119072-6976","properties":{"cls":5,"count":1}},{"type":"Feature","geometry":{"geodesic":false,"type":"Polygon","coordinates":[[[106.96419751067967,-6.281020466563694],[106.96509582596379,-6.281020466563694],[106.96509582596379,-6.280122151279575],[106.96419751067967,-6.280122151279575],[106.96419751067967,-6.281020466563694]]]},"id":"+119072-6992","properties":{"cls":2,"count":1}},{"type":"Feature","geometry":{"geodesic":false,"type":"Polygon","coordinates":[[[106.96419751067967,-6.281918781847814],[106.96509582596379,-6.281918781847814],[106.96509582596379,-6.281020466563694],[106.96419751067967,-6.281020466563694],[106.96419751067967,-6.281918781847814]]]},"id":"+119072-6993","properties":{"cls":3,"count":1}},{"type":"Feature","geometry":{"geodesic":false,"type":"Polygon","coordinates":[[[106.96509582596379,-6.117527084853942],[106.9659941412479,-6.117527084853942],[106.9659941412479,-6.1166287695698225],[106.96509582596379,-6.1166287695698225],[106.96509582596379,-6.117527084853942]]]},"id":"+119073-6810","properties":{"cls":4,"count":1}},{"type":"Feature","geometry":{"geodesic":false,"type":"Polygon","coordinates":[[[106.96509582596379,-6.119323715422181],[106.9659941412479,-6.119323715422181],[106.9659941412479,-6.118425400138062],[106.96509582596379,-6.118425400138062],[106.96509582596379,-6.119323715422181]]]},"id":"+119073-6812","properties":{"cls":3,"count":1}},{"type":"Feature","geometry":{"geodesic":false,"type":"Polygon","coordinates":[[[106.96509582596379,-6.120222030706301],[106.9659941412479,-6.120222030706301],[106.9659941412479,-6.119323715422181],[106.96509582596379,-6.119323715422181],[106.96509582596379,-6.120222030706301]]]},"id":"+119073-6813","properties":{"cls":5,"count":1}},{"type":"Feature","geometry":{"geodesic":false,"type":"Polygon","coordinates":[[[106.96329919539555,-6.122916976558659],[106.96329919539555,-6.123815291842778],[106.96509582596379,-6.123815291842778],[106.96509582596379,-6.124713607126898],[106.9659941412479,-6.124713607126898],[106.9659941412479,-6.122916976558659],[106.96329919539555,-6.122916976558659]]]},"id":"+119073-6817","properties":{"cls":4,"count":4}},{"type":"Feature","geometry":{"geodesic":false,"type":"Polygon","coordinates":[[[106.96509582596379,-6.125611922411017],[106.9659941412479,-6.125611922411017],[106.9659941412479,-6.124713607126898],[106.96509582596379,-6.124713607126898],[106.96509582596379,-6.125611922411017]]]},"id":"+119073-6819","properties":{"cls":5,"count":1}},{"type":"Feature","geometry":{"geodesic":false,"type":"Polygon","coordinates":[[[106.96509582596379,-6.126510237695137],[106.9659941412479,-6.126510237695137],[106.9659941412479,-6.125611922411017],[106.96509582596379,-6.125611922411017],[106.96509582596379,-6.126510237695137]]]},"id":"+119073-6820","properties":{"cls":7,"count":1}},{"type":"Feature","geometry":{"geodesic":false,"type":"Polygon","coordinates":[[[106.96509582596379,-6.137290021104572],[106.9659941412479,-6.137290021104572],[106.9659941412479,-6.136391705820452],[106.96509582596379,-6.136391705820452],[106.96509582596379,-6.137290021104572]]]},"id":"+119073-6832","properties":{"cls":3,"count":1}},{"type":"Feature","geometry":{"geodesic":false,"type":"Polygon","coordinates":[[[106.96509582596379,-6.201070406277057],[106.9659941412479,-6.201070406277057],[106.9659941412479,-6.200172090992938],[106.96509582596379,-6.200172090992938],[106.96509582596379,-6.201070406277057]]]},"id":"+119073-6903","properties":{"cls":4,"count":1}},{"type":"Feature","geometry":{"geodesic":false,"type":"Polygon","coordinates":[[[106.96509582596379,-6.36456378798681],[106.9659941412479,-6.36456378798681],[106.9659941412479,-6.3636654727026905],[106.96509582596379,-6.3636654727026905],[106.96509582596379,-6.36456378798681]]]},"id":"+119073-7085","properties":{"cls":2,"count":1}},{"type":"Feature","geometry":{"geodesic":false,"type":"Polygon","coordinates":[[[106.9659941412479,-6.104950670876268],[106.96689245653202,-6.104950670876268],[106.96689245653202,-6.104052355592149],[106.9659941412479,-6.104052355592149],[106.9659941412479,-6.104950670876268]]]},"id":"+119074-6796","properties":{"cls":3,"count":1}},{"type":"Feature","geometry":{"geodesic":false,"type":"Polygon","coordinates":[[[106.9659941412479,-6.105848986160388],[106.96689245653202,-6.105848986160388],[106.96689245653202,-6.104950670876268],[106.9659941412479,-6.104950670876268],[106.9659941412479,-6.105848986160388]]]},"id":"+119074-6797","properties":{"cls":5,"count":1}},{"type":"Feature","geometry":{"geodesic":false,"type":"Polygon","coordinates":[[[106.9659941412479,-6.119323715422181],[106.96689245653202,-6.119323715422181],[106.96689245653202,-6.118425400138062],[106.9659941412479,-6.118425400138062],[106.9659941412479,-6.119323715422181]]]},"id":"+119074-6812","properties":{"cls":2,"count":1}},{"type":"Feature","geometry":{"geodesic":false,"type":"Polygon","coordinates":[[[106.9659941412479,-6.120222030706301],[106.96689245653202,-6.120222030706301],[106.96689245653202,-6.119323715422181],[106.9659941412479,-6.119323715422181],[106.9659941412479,-6.120222030706301]]]},"id":"+119074-6813","properties":{"cls":4,"count":1}},{"type":"Feature","geometry":{"geodesic":false,"type":"Polygon","coordinates":[[[106.9659941412479,-6.126510237695137],[106.96689245653202,-6.126510237695137],[106.96689245653202,-6.125611922411017],[106.9659941412479,-6.125611922411017],[106.9659941412479,-6.126510237695137]]]},"id":"+119074-6820","properties":{"cls":5,"count":1}},{"type":"Feature","geometry":{"geodesic":false,"type":"Polygon","coordinates":[[[106.9659941412479,-6.129205183547495],[106.96689245653202,-6.129205183547495],[106.96689245653202,-6.128306868263376],[106.9659941412479,-6.128306868263376],[106.9659941412479,-6.129205183547495]]]},"id":"+119074-6823","properties":{"cls":5,"count":1}},{"type":"Feature","geometry":{"geodesic":false,"type":"Polygon","coordinates":[[[106.9659941412479,-6.143578228093408],[106.9659941412479,-6.144476543377527],[106.96419751067967,-6.143578228093408],[106.96419751067967,-6.145374858661647],[106.96509582596379,-6.145374858661647],[106.9659941412479,-6.147171489229886],[106.96779077181614,-6.147171489229886],[106.96689245653202,-6.143578228093408],[106.9659941412479,-6.143578228093408]]]},"id":"+119074-6840","properties":{"cls":2,"count":10}},{"type":"Feature","geometry":{"geodesic":false,"type":"Polygon","coordinates":[[[106.9659941412479,-6.236104702357719],[106.96689245653202,-6.236104702357719],[106.96689245653202,-6.235206387073599],[106.9659941412479,-6.235206387073599],[106.9659941412479,-6.236104702357719]]]},"id":"+119074-6942","properties":{"cls":4,"count":1}},{"type":"Feature","geometry":{"geodesic":false,"type":"Polygon","coordinates":[[[106.9659941412479,-6.343004221167941],[106.96689245653202,-6.343004221167941],[106.96689245653202,-6.342105905883822],[106.9659941412479,-6.342105905883822],[106.9659941412479,-6.343004221167941]]]},"id":"+119074-7061","properties":{"cls":2,"count":1}},{"type":"Feature","geometry":{"geodesic":false,"type":"Polygon","coordinates":[[[106.96689245653202,-6.104950670876268],[106.96779077181614,-6.104950670876268],[106.96779077181614,-6.104052355592149],[106.96689245653202,-6.104052355592149],[106.96689245653202,-6.104950670876268]]]},"id":"+119075-6796","properties":{"cls":2,"count":1}},{"type":"Feature","geometry":{"geodesic":false,"type":"Polygon","coordinates":[[[106.96689245653202,-6.110340562580985],[106.96779077181614,-6.110340562580985],[106.96779077181614,-6.109442247296866],[106.96689245653202,-6.109442247296866],[106.96689245653202,-6.110340562580985]]]},"id":"+119075-6802","properties":{"cls":2,"count":1}},{"type":"Feature","geometry":{"geodesic":false,"type":"Polygon","coordinates":[[[106.96689245653202,-6.113035508433344],[106.96779077181614,-6.113035508433344],[106.96779077181614,-6.112137193149224],[106.96689245653202,-6.112137193149224],[106.96689245653202,-6.113035508433344]]]},"id":"+119075-6805","properties":{"cls":9,"count":1}},{"type":"Feature","geometry":{"geodesic":false,"type":"Polygon","coordinates":[[[106.96689245653202,-6.120222030706301],[106.96779077181614,-6.120222030706301],[106.96779077181614,-6.119323715422181],[106.96689245653202,-6.119323715422181],[106.96689245653202,-6.120222030706301]]]},"id":"+119075-6813","properties":{"cls":3,"count":1}},{"type":"Feature","geometry":{"geodesic":false,"type":"Polygon","coordinates":[[[106.96689245653202,-6.123815291842778],[106.96779077181614,-6.123815291842778],[106.96779077181614,-6.122916976558659],[106.96689245653202,-6.122916976558659],[106.96689245653202,-6.123815291842778]]]},"id":"+119075-6817","properties":{"cls":2,"count":1}},{"type":"Feature","geometry":{"geodesic":false,"type":"Polygon","coordinates":[[[106.96689245653202,-6.128306868263376],[106.96779077181614,-6.128306868263376],[106.96779077181614,-6.126510237695137],[106.96689245653202,-6.126510237695137],[106.96689245653202,-6.128306868263376]]]},"id":"+119075-6821","properties":{"cls":5,"count":2}},{"type":"Feature","geometry":{"geodesic":false,"type":"Polygon","coordinates":[[[106.96689245653202,-6.360970526850332],[106.96779077181614,-6.360970526850332],[106.96779077181614,-6.360072211566212],[106.96689245653202,-6.360072211566212],[106.96689245653202,-6.360970526850332]]]},"id":"+119075-7081","properties":{"cls":2,"count":1}},{"type":"Feature","geometry":{"geodesic":false,"type":"Polygon","coordinates":[[[106.96779077181614,-6.104052355592149],[106.96868908710027,-6.104052355592149],[106.96868908710027,-6.103154040308029],[106.96779077181614,-6.103154040308029],[106.96779077181614,-6.104052355592149]]]},"id":"+119076-6795","properties":{"cls":5,"count":1}},{"type":"Feature","geometry":{"geodesic":false,"type":"Polygon","coordinates":[[[106.96779077181614,-6.105848986160388],[106.96868908710027,-6.105848986160388],[106.96868908710027,-6.104950670876268],[106.96779077181614,-6.104950670876268],[106.96779077181614,-6.105848986160388]]]},"id":"+119076-6797","properties":{"cls":7,"count":1}},{"type":"Feature","geometry":{"geodesic":false,"type":"Polygon","coordinates":[[[106.96779077181614,-6.112137193149224],[106.96868908710027,-6.112137193149224],[106.96868908710027,-6.111238877865105],[106.96779077181614,-6.111238877865105],[106.96779077181614,-6.112137193149224]]]},"id":"+119076-6804","properties":{"cls":5,"count":1}},{"type":"Feature","geometry":{"geodesic":false,"type":"Polygon","coordinates":[[[106.96689245653202,-6.1157304542857025],[106.96689245653202,-6.1166287695698225],[106.96868908710027,-6.117527084853942],[106.96868908710027,-6.1157304542857025],[106.96689245653202,-6.1157304542857025]]]},"id":"+119076-6809","properties":{"cls":2,"count":3}},{"type":"Feature","geometry":{"geodesic":false,"type":"Polygon","coordinates":[[[106.96779077181614,-6.120222030706301],[106.96868908710027,-6.120222030706301],[106.96868908710027,-6.118425400138062],[106.96779077181614,-6.118425400138062],[106.96779077181614,-6.120222030706301]]]},"id":"+119076-6812","properties":{"cls":4,"count":2}},{"type":"Feature","geometry":{"geodesic":false,"type":"Polygon","coordinates":[[[106.96779077181614,-6.12112034599042],[106.96868908710027,-6.12112034599042],[106.96868908710027,-6.120222030706301],[106.96779077181614,-6.120222030706301],[106.96779077181614,-6.12112034599042]]]},"id":"+119076-6814","properties":{"cls":5,"count":1}},{"type":"Feature","geometry":{"geodesic":false,"type":"Polygon","coordinates":[[[106.96779077181614,-6.122018661274539],[106.96868908710027,-6.122018661274539],[106.96868908710027,-6.12112034599042],[106.96779077181614,-6.12112034599042],[106.96779077181614,-6.122018661274539]]]},"id":"+119076-6815","properties":{"cls":3,"count":1}},{"type":"Feature","geometry":{"geodesic":false,"type":"Polygon","coordinates":[[[106.96779077181614,-6.122916976558659],[106.96868908710027,-6.122916976558659],[106.96868908710027,-6.122018661274539],[106.96779077181614,-6.122018661274539],[106.96779077181614,-6.122916976558659]]]},"id":"+119076-6816","properties":{"cls":4,"count":1}},{"type":"Feature","geometry":{"geodesic":false,"type":"Polygon","coordinates":[[[106.96779077181614,-6.128306868263376],[106.96868908710027,-6.128306868263376],[106.96868908710027,-6.126510237695137],[106.96779077181614,-6.126510237695137],[106.96779077181614,-6.128306868263376]]]},"id":"+119076-6821","properties":{"cls":4,"count":2}},{"type":"Feature","geometry":{"geodesic":false,"type":"Polygon","coordinates":[[[106.96689245653202,-6.342105905883822],[106.96868908710027,-6.342105905883822],[106.96868908710027,-6.341207590599702],[106.96689245653202,-6.341207590599702],[106.96689245653202,-6.342105905883822]]]},"id":"+119076-7060","properties":{"cls":2,"count":2}},{"type":"Feature","geometry":{"geodesic":false,"type":"Polygon","coordinates":[[[106.96868908710027,-6.113035508433344],[106.96958740238439,-6.113035508433344],[106.96958740238439,-6.112137193149224],[106.96868908710027,-6.112137193149224],[106.96868908710027,-6.113035508433344]]]},"id":"+119077-6805","properties":{"cls":9,"count":1}},{"type":"Feature","geometry":{"geodesic":false,"type":"Polygon","coordinates":[[[106.96868908710027,-6.1157304542857025],[106.96958740238439,-6.1157304542857025],[106.96958740238439,-6.114832139001583],[106.96868908710027,-6.114832139001583],[106.96868908710027,-6.1157304542857025]]]},"id":"+119077-6808","properties":{"cls":9,"count":1}},{"type":"Feature","geometry":{"geodesic":false,"type":"Polygon","coordinates":[[[106.96689245653202,-6.123815291842778],[106.96779077181614,-6.125611922411017],[106.96958740238439,-6.124713607126898],[106.96958740238439,-6.123815291842778],[106.96689245653202,-6.123815291842778]]]},"id":"+119077-6818","properties":{"cls":5,"count":4}},{"type":"Feature","geometry":{"geodesic":false,"type":"Polygon","coordinates":[[[106.96868908710027,-6.126510237695137],[106.96958740238439,-6.126510237695137],[106.96958740238439,-6.125611922411017],[106.96868908710027,-6.125611922411017],[106.96868908710027,-6.126510237695137]]]},"id":"+119077-6820","properties":{"cls":9,"count":1}},{"type":"Feature","geometry":{"geodesic":false,"type":"Polygon","coordinates":[[[106.96868908710027,-6.127408552979256],[106.96958740238439,-6.127408552979256],[106.96958740238439,-6.126510237695137],[106.96868908710027,-6.126510237695137],[106.96868908710027,-6.127408552979256]]]},"id":"+119077-6821","properties":{"cls":5,"count":1}},{"type":"Feature","geometry":{"geodesic":false,"type":"Polygon","coordinates":[[[106.96868908710027,-6.129205183547495],[106.96958740238439,-6.129205183547495],[106.96958740238439,-6.128306868263376],[106.96868908710027,-6.128306868263376],[106.96868908710027,-6.129205183547495]]]},"id":"+119077-6823","properties":{"cls":2,"count":1}},{"type":"Feature","geometry":{"geodesic":false,"type":"Polygon","coordinates":[[[106.96868908710027,-6.130103498831615],[106.96958740238439,-6.130103498831615],[106.96958740238439,-6.129205183547495],[106.96868908710027,-6.129205183547495],[106.96868908710027,-6.130103498831615]]]},"id":"+119077-6824","properties":{"cls":5,"count":1}},{"type":"Feature","geometry":{"geodesic":false,"type":"Polygon","coordinates":[[[106.96868908710027,-6.131001814115734],[106.96958740238439,-6.131001814115734],[106.96958740238439,-6.130103498831615],[106.96868908710027,-6.130103498831615],[106.96868908710027,-6.131001814115734]]]},"id":"+119077-6825","properties":{"cls":9,"count":1}},{"type":"Feature","geometry":{"geodesic":false,"type":"Polygon","coordinates":[[[106.96868908710027,-6.136391705820452],[106.96958740238439,-6.136391705820452],[106.96958740238439,-6.1345950752522125],[106.96868908710027,-6.1345950752522125],[106.96868908710027,-6.136391705820452]]]},"id":"+119077-6830","properties":{"cls":9,"count":2}},{"type":"Feature","geometry":{"geodesic":false,"type":"Polygon","coordinates":[[[106.96868908710027,-6.137290021104572],[106.96958740238439,-6.137290021104572],[106.96958740238439,-6.136391705820452],[106.96868908710027,-6.136391705820452],[106.96868908710027,-6.137290021104572]]]},"id":"+119077-6832","properties":{"cls":2,"count":1}},{"type":"Feature","geometry":{"geodesic":false,"type":"Polygon","coordinates":[[[106.96868908710027,-6.138188336388691],[106.96958740238439,-6.138188336388691],[106.96958740238439,-6.137290021104572],[106.96868908710027,-6.137290021104572],[106.96868908710027,-6.138188336388691]]]},"id":"+119077-6833","properties":{"cls":4,"count":1}},{"type":"Feature","geometry":{"geodesic":false,"type":"Polygon","coordinates":[[[106.96868908710027,-6.13908665167281],[106.96958740238439,-6.13908665167281],[106.96958740238439,-6.138188336388691],[106.96868908710027,-6.138188336388691],[106.96868908710027,-6.13908665167281]]]},"id":"+119077-6834","properties":{"cls":2,"count":1}},{"type":"Feature","geometry":{"geodesic":false,"type":"Polygon","coordinates":[[[106.96868908710027,-6.161544533775798],[106.96958740238439,-6.161544533775798],[106.96958740238439,-6.160646218491679],[106.96868908710027,-6.160646218491679],[106.96868908710027,-6.161544533775798]]]},"id":"+119077-6859","properties":{"cls":2,"count":1}},{"type":"Feature","geometry":{"geodesic":false,"type":"Polygon","coordinates":[[[106.96868908710027,-6.162442849059918],[106.96958740238439,-6.162442849059918],[106.96958740238439,-6.161544533775798],[106.96868908710027,-6.161544533775798],[106.96868908710027,-6.162442849059918]]]},"id":"+119077-6860","properties":{"cls":7,"count":1}},{"type":"Feature","geometry":{"geodesic":false,"type":"Polygon","coordinates":[[[106.96868908710027,-6.166934425480515],[106.96958740238439,-6.166934425480515],[106.96958740238439,-6.166036110196396],[106.96868908710027,-6.166036110196396],[106.96868908710027,-6.166934425480515]]]},"id":"+119077-6865","properties":{"cls":5,"count":1}},{"type":"Feature","geometry":{"geodesic":false,"type":"Polygon","coordinates":[[[106.96868908710027,-6.342105905883822],[106.96958740238439,-6.342105905883822],[106.96958740238439,-6.341207590599702],[106.96868908710027,-6.341207590599702],[106.96868908710027,-6.342105905883822]]]},"id":"+119077-7060","properties":{"cls":3,"count":1}},{"type":"Feature","geometry":{"geodesic":false,"type":"Polygon","coordinates":[[[106.96958740238439,-6.108543932012746],[106.97048571766851,-6.108543932012746],[106.97048571766851,-6.107645616728627],[106.96958740238439,-6.107645616728627],[106.96958740238439,-6.108543932012746]]]},"id":"+119078-6800","properties":{"cls":2,"count":1}},{"type":"Feature","geometry":{"geodesic":false,"type":"Polygon","coordinates":[[[106.96958740238439,-6.110340562580985],[106.97048571766851,-6.110340562580985],[106.97048571766851,-6.109442247296866],[106.96958740238439,-6.109442247296866],[106.96958740238439,-6.110340562580985]]]},"id":"+119078-6802","properties":{"cls":3,"count":1}},{"type":"Feature","geometry":{"geodesic":false,"type":"Polygon","coordinates":[[[106.96958740238439,-6.114832139001583],[106.97048571766851,-6.114832139001583],[106.97048571766851,-6.113933823717463],[106.96958740238439,-6.113933823717463],[106.96958740238439,-6.114832139001583]]]},"id":"+119078-6807","properties":{"cls":2,"count":1}},{"type":"Feature","geometry":{"geodesic":false,"type":"Polygon","coordinates":[[[106.96958740238439,-6.1157304542857025],[106.97048571766851,-6.1157304542857025],[106.97048571766851,-6.114832139001583],[106.96958740238439,-6.114832139001583],[106.96958740238439,-6.1157304542857025]]]},"id":"+119078-6808","properties":{"cls":4,"count":1}},{"type":"Feature","geometry":{"geodesic":false,"type":"Polygon","coordinates":[[[106.96958740238439,-6.119323715422181],[106.97048571766851,-6.119323715422181],[106.97048571766851,-6.117527084853942],[106.96958740238439,-6.117527084853942],[106.96958740238439,-6.119323715422181]]]},"id":"+119078-6811","properties":{"cls":2,"count":2}},{"type":"Feature","geometry":{"geodesic":false,"type":"Polygon","coordinates":[[[106.96958740238439,-6.120222030706301],[106.97048571766851,-6.120222030706301],[106.97048571766851,-6.119323715422181],[106.96958740238439,-6.119323715422181],[106.96958740238439,-6.120222030706301]]]},"id":"+119078-6813","properties":{"cls":3,"count":1}},{"type":"Feature","geometry":{"geodesic":false,"type":"Polygon","coordinates":[[[106.96958740238439,-6.12112034599042],[106.97048571766851,-6.12112034599042],[106.97048571766851,-6.120222030706301],[106.96958740238439,-6.120222030706301],[106.96958740238439,-6.12112034599042]]]},"id":"+119078-6814","properties":{"cls":2,"count":1}},{"type":"Feature","geometry":{"geodesic":false,"type":"Polygon","coordinates":[[[106.96958740238439,-6.122916976558659],[106.97048571766851,-6.122916976558659],[106.97048571766851,-6.122018661274539],[106.96958740238439,-6.122018661274539],[106.96958740238439,-6.122916976558659]]]},"id":"+119078-6816","properties":{"cls":4,"count":1}},{"type":"Feature","geometry":{"geodesic":false,"type":"Polygon","coordinates":[[[106.96958740238439,-6.125611922411017],[106.97048571766851,-6.125611922411017],[106.97048571766851,-6.124713607126898],[106.96958740238439,-6.124713607126898],[106.96958740238439,-6.125611922411017]]]},"id":"+119078-6819","properties":{"cls":2,"count":1}},{"type":"Feature","geometry":{"geodesic":false,"type":"Polygon","coordinates":[[[106.96868908710027,-6.165137794912276],[106.96868908710027,-6.166036110196396],[106.97048571766851,-6.166934425480515],[106.97048571766851,-6.165137794912276],[106.96868908710027,-6.165137794912276]]]},"id":"+119078-6864","properties":{"cls":9,"count":3}},{"type":"Feature","geometry":{"geodesic":false,"type":"Polygon","coordinates":[[[106.96958740238439,-6.167832740764635],[106.97048571766851,-6.167832740764635],[106.97048571766851,-6.166934425480515],[106.96958740238439,-6.166934425480515],[106.96958740238439,-6.167832740764635]]]},"id":"+119078-6866","properties":{"cls":5,"count":1}},{"type":"Feature","geometry":{"geodesic":false,"type":"Polygon","coordinates":[[[106.96958740238439,-6.171426001901113],[106.97048571766851,-6.171426001901113],[106.97048571766851,-6.169629371332874],[106.96958740238439,-6.169629371332874],[106.96958740238439,-6.171426001901113]]]},"id":"+119078-6869","properties":{"cls":4,"count":2}},{"type":"Feature","geometry":{"geodesic":false,"type":"Polygon","coordinates":[[[106.96958740238439,-6.2513760621877505],[106.97048571766851,-6.2513760621877505],[106.97048571766851,-6.250477746903631],[106.96958740238439,-6.250477746903631],[106.96958740238439,-6.2513760621877505]]]},"id":"+119078-6959","properties":{"cls":5,"count":1}},{"type":"Feature","geometry":{"geodesic":false,"type":"Polygon","coordinates":[[[106.96958740238439,-6.380733463100961],[106.97048571766851,-6.380733463100961],[106.97048571766851,-6.379835147816842],[106.96958740238439,-6.379835147816842],[106.96958740238439,-6.380733463100961]]]},"id":"+119078-7103","properties":{"cls":3,"count":1}},{"type":"Feature","geometry":{"geodesic":false,"type":"Polygon","coordinates":[[[106.97048571766851,-6.094170887466834],[106.97138403295263,-6.094170887466834],[106.97138403295263,-6.093272572182714],[106.97048571766851,-6.093272572182714],[106.97048571766851,-6.094170887466834]]]},"id":"+119079-6784","properties":{"cls":3,"count":1}},{"type":"Feature","geometry":{"geodesic":false,"type":"Polygon","coordinates":[[[106.97048571766851,-6.095069202750953],[106.97138403295263,-6.095069202750953],[106.97138403295263,-6.094170887466834],[106.97048571766851,-6.094170887466834],[106.97048571766851,-6.095069202750953]]]},"id":"+119079-6785","properties":{"cls":2,"count":1}},{"type":"Feature","geometry":{"geodesic":false,"type":"Polygon","coordinates":[[[106.97048571766851,-6.0968658333191925],[106.97138403295263,-6.0968658333191925],[106.97138403295263,-6.095967518035073],[106.97048571766851,-6.095967518035073],[106.97048571766851,-6.0968658333191925]]]},"id":"+119079-6787","properties":{"cls":4,"count":1}},{"type":"Feature","geometry":{"geodesic":false,"type":"Polygon","coordinates":[[[106.97048571766851,-6.101357409739791],[106.97138403295263,-6.101357409739791],[106.97138403295263,-6.100459094455671],[106.97048571766851,-6.100459094455671],[106.97048571766851,-6.101357409739791]]]},"id":"+119079-6792","properties":{"cls":3,"count":1}},{"type":"Feature","geometry":{"geodesic":false,"type":"Polygon","coordinates":[[[106.97048571766851,-6.107645616728627],[106.97138403295263,-6.107645616728627],[106.97138403295263,-6.106747301444507],[106.97048571766851,-6.106747301444507],[106.97048571766851,-6.107645616728627]]]},"id":"+119079-6799","properties":{"cls":4,"count":1}},{"type":"Feature","geometry":{"geodesic":false,"type":"Polygon","coordinates":[[[106.96958740238439,-6.113035508433344],[106.97138403295263,-6.113035508433344],[106.97138403295263,-6.112137193149224],[106.96958740238439,-6.112137193149224],[106.96958740238439,-6.113035508433344]]]},"id":"+119079-6805","properties":{"cls":3,"count":2}},{"type":"Feature","geometry":{"geodesic":false,"type":"Polygon","coordinates":[[[106.97048571766851,-6.113933823717463],[106.97138403295263,-6.113933823717463],[106.97138403295263,-6.113035508433344],[106.97048571766851,-6.113035508433344],[106.97048571766851,-6.113933823717463]]]},"id":"+119079-6806","properties":{"cls":2,"count":1}},{"type":"Feature","geometry":{"geodesic":false,"type":"Polygon","coordinates":[[[106.97048571766851,-6.114832139001583],[106.97138403295263,-6.114832139001583],[106.97138403295263,-6.113933823717463],[106.97048571766851,-6.113933823717463],[106.97048571766851,-6.114832139001583]]]},"id":"+119079-6807","properties":{"cls":3,"count":1}},{"type":"Feature","geometry":{"geodesic":false,"type":"Polygon","coordinates":[[[106.97048571766851,-6.1166287695698225],[106.97138403295263,-6.1166287695698225],[106.97138403295263,-6.1157304542857025],[106.97048571766851,-6.1157304542857025],[106.97048571766851,-6.1166287695698225]]]},"id":"+119079-6809","properties":{"cls":7,"count":1}},{"type":"Feature","geometry":{"geodesic":false,"type":"Polygon","coordinates":[[[106.96958740238439,-6.117527084853942],[106.97138403295263,-6.117527084853942],[106.97138403295263,-6.1166287695698225],[106.96958740238439,-6.1166287695698225],[106.96958740238439,-6.117527084853942]]]},"id":"+119079-6810","properties":{"cls":4,"count":2}},{"type":"Feature","geometry":{"geodesic":false,"type":"Polygon","coordinates":[[[106.97048571766851,-6.119323715422181],[106.97138403295263,-6.119323715422181],[106.97138403295263,-6.118425400138062],[106.97048571766851,-6.118425400138062],[106.97048571766851,-6.119323715422181]]]},"id":"+119079-6812","properties":{"cls":4,"count":1}},{"type":"Feature","geometry":{"geodesic":false,"type":"Polygon","coordinates":[[[106.97048571766851,-6.12112034599042],[106.97138403295263,-6.12112034599042],[106.97138403295263,-6.120222030706301],[106.97048571766851,-6.120222030706301],[106.97048571766851,-6.12112034599042]]]},"id":"+119079-6814","properties":{"cls":4,"count":1}},{"type":"Feature","geometry":{"geodesic":false,"type":"Polygon","coordinates":[[[106.97048571766851,-6.130103498831615],[106.97138403295263,-6.130103498831615],[106.97138403295263,-6.129205183547495],[106.97048571766851,-6.129205183547495],[106.97048571766851,-6.130103498831615]]]},"id":"+119079-6824","properties":{"cls":5,"count":1}},{"type":"Feature","geometry":{"geodesic":false,"type":"Polygon","coordinates":[[[106.97048571766851,-6.1345950752522125],[106.97138403295263,-6.1345950752522125],[106.97138403295263,-6.133696759968093],[106.97048571766851,-6.133696759968093],[106.97048571766851,-6.1345950752522125]]]},"id":"+119079-6829","properties":{"cls":4,"count":1}},{"type":"Feature","geometry":{"geodesic":false,"type":"Polygon","coordinates":[[[106.97048571766851,-6.1354933905363325],[106.97138403295263,-6.1354933905363325],[106.97138403295263,-6.1345950752522125],[106.97048571766851,-6.1345950752522125],[106.97048571766851,-6.1354933905363325]]]},"id":"+119079-6830","properties":{"cls":3,"count":1}},{"type":"Feature","geometry":{"geodesic":false,"type":"Polygon","coordinates":[[[106.97048571766851,-6.161544533775798],[106.97138403295263,-6.161544533775798],[106.97138403295263,-6.160646218491679],[106.97048571766851,-6.160646218491679],[106.97048571766851,-6.161544533775798]]]},"id":"+119079-6859","properties":{"cls":5,"count":1}},{"type":"Feature","geometry":{"geodesic":false,"type":"Polygon","coordinates":[[[106.97048571766851,-6.180409154742308],[106.97138403295263,-6.180409154742308],[106.97138403295263,-6.179510839458189],[106.97048571766851,-6.179510839458189],[106.97048571766851,-6.180409154742308]]]},"id":"+119079-6880","properties":{"cls":3,"count":1}},{"type":"Feature","geometry":{"geodesic":false,"type":"Polygon","coordinates":[[[106.97138403295263,-6.092374256898595],[106.97228234823675,-6.092374256898595],[106.97228234823675,-6.091475941614475],[106.97138403295263,-6.091475941614475],[106.97138403295263,-6.092374256898595]]]},"id":"+119080-6782","properties":{"cls":3,"count":1}},{"type":"Feature","geometry":{"geodesic":false,"type":"Polygon","coordinates":[[[106.97138403295263,-6.095069202750953],[106.97228234823675,-6.095069202750953],[106.97228234823675,-6.094170887466834],[106.97138403295263,-6.094170887466834],[106.97138403295263,-6.095069202750953]]]},"id":"+119080-6785","properties":{"cls":3,"count":1}},{"type":"Feature","geometry":{"geodesic":false,"type":"Polygon","coordinates":[[[106.97138403295263,-6.0977641486033125],[106.97228234823675,-6.0977641486033125],[106.97228234823675,-6.0968658333191925],[106.97138403295263,-6.0968658333191925],[106.97138403295263,-6.0977641486033125]]]},"id":"+119080-6788","properties":{"cls":2,"count":1}},{"type":"Feature","geometry":{"geodesic":false,"type":"Polygon","coordinates":[[[106.97138403295263,-6.113933823717463],[106.97228234823675,-6.113933823717463],[106.97228234823675,-6.113035508433344],[106.97138403295263,-6.113035508433344],[106.97138403295263,-6.113933823717463]]]},"id":"+119080-6806","properties":{"cls":3,"count":1}},{"type":"Feature","geometry":{"geodesic":false,"type":"Polygon","coordinates":[[[106.97138403295263,-6.120222030706301],[106.97228234823675,-6.120222030706301],[106.97228234823675,-6.119323715422181],[106.97138403295263,-6.119323715422181],[106.97138403295263,-6.120222030706301]]]},"id":"+119080-6813","properties":{"cls":2,"count":1}},{"type":"Feature","geometry":{"geodesic":false,"type":"Polygon","coordinates":[[[106.97138403295263,-6.129205183547495],[106.97228234823675,-6.129205183547495],[106.97228234823675,-6.128306868263376],[106.97138403295263,-6.128306868263376],[106.97138403295263,-6.129205183547495]]]},"id":"+119080-6823","properties":{"cls":2,"count":1}},{"type":"Feature","geometry":{"geodesic":false,"type":"Polygon","coordinates":[[[106.97138403295263,-6.140883282241049],[106.97228234823675,-6.140883282241049],[106.97228234823675,-6.13998496695693],[106.97138403295263,-6.13998496695693],[106.97138403295263,-6.140883282241049]]]},"id":"+119080-6836","properties":{"cls":7,"count":1}},{"type":"Feature","geometry":{"geodesic":false,"type":"Polygon","coordinates":[[[106.97138403295263,-6.17681589360583],[106.97228234823675,-6.17681589360583],[106.97228234823675,-6.175917578321711],[106.97138403295263,-6.175917578321711],[106.97138403295263,-6.17681589360583]]]},"id":"+119080-6876","properties":{"cls":7,"count":1}},{"type":"Feature","geometry":{"geodesic":false,"type":"Polygon","coordinates":[[[106.97138403295263,-6.180409154742308],[106.97228234823675,-6.180409154742308],[106.97228234823675,-6.17771420888995],[106.97138403295263,-6.17771420888995],[106.97138403295263,-6.180409154742308]]]},"id":"+119080-6878","properties":{"cls":2,"count":3}},{"type":"Feature","geometry":{"geodesic":false,"type":"Polygon","coordinates":[[[106.97138403295263,-6.291800249973129],[106.97228234823675,-6.291800249973129],[106.97228234823675,-6.29090193468901],[106.97138403295263,-6.29090193468901],[106.97138403295263,-6.291800249973129]]]},"id":"+119080-7004","properties":{"cls":2,"count":1}},{"type":"Feature","geometry":{"geodesic":false,"type":"Polygon","coordinates":[[[106.97138403295263,-6.292698565257249],[106.97228234823675,-6.292698565257249],[106.97228234823675,-6.291800249973129],[106.97138403295263,-6.291800249973129],[106.97138403295263,-6.292698565257249]]]},"id":"+119080-7005","properties":{"cls":4,"count":1}},{"type":"Feature","geometry":{"geodesic":false,"type":"Polygon","coordinates":[[[106.97138403295263,-6.304376663950802],[106.97228234823675,-6.304376663950802],[106.97228234823675,-6.303478348666682],[106.97138403295263,-6.303478348666682],[106.97138403295263,-6.304376663950802]]]},"id":"+119080-7018","properties":{"cls":2,"count":1}},{"type":"Feature","geometry":{"geodesic":false,"type":"Polygon","coordinates":[[[106.97138403295263,-6.113035508433344],[106.97318066352086,-6.113035508433344],[106.97318066352086,-6.112137193149224],[106.97138403295263,-6.112137193149224],[106.97138403295263,-6.113035508433344]]]},"id":"+119081-6805","properties":{"cls":5,"count":2}},{"type":"Feature","geometry":{"geodesic":false,"type":"Polygon","coordinates":[[[106.97138403295263,-6.113933823717463],[106.97138403295263,-6.114832139001583],[106.97318066352086,-6.1157304542857025],[106.97318066352086,-6.113933823717463],[106.97138403295263,-6.113933823717463]]]},"id":"+119081-6807","properties":{"cls":2,"count":3}},{"type":"Feature","geometry":{"geodesic":false,"type":"Polygon","coordinates":[[[106.97228234823675,-6.1166287695698225],[106.97228234823675,-6.118425400138062],[106.97407897880498,-6.119323715422181],[106.97407897880498,-6.117527084853942],[106.97228234823675,-6.1166287695698225]]]},"id":"+119081-6810","properties":{"cls":2,"count":4}},{"type":"Feature","geometry":{"geodesic":false,"type":"Polygon","coordinates":[[[106.97228234823675,-6.123815291842778],[106.97318066352086,-6.123815291842778],[106.97318066352086,-6.122916976558659],[106.97228234823675,-6.122916976558659],[106.97228234823675,-6.123815291842778]]]},"id":"+119081-6817","properties":{"cls":2,"count":1}},{"type":"Feature","geometry":{"geodesic":false,"type":"Polygon","coordinates":[[[106.97048571766851,-6.126510237695137],[106.97138403295263,-6.128306868263376],[106.97318066352086,-6.127408552979256],[106.97318066352086,-6.126510237695137],[106.97048571766851,-6.126510237695137]]]},"id":"+119081-6821","properties":{"cls":7,"count":4}},{"type":"Feature","geometry":{"geodesic":false,"type":"Polygon","coordinates":[[[106.97228234823675,-6.130103498831615],[106.97318066352086,-6.130103498831615],[106.97318066352086,-6.129205183547495],[106.97228234823675,-6.129205183547495],[106.97228234823675,-6.130103498831615]]]},"id":"+119081-6824","properties":{"cls":4,"count":1}},{"type":"Feature","geometry":{"geodesic":false,"type":"Polygon","coordinates":[[[106.97228234823675,-6.131001814115734],[106.97318066352086,-6.131001814115734],[106.97318066352086,-6.130103498831615],[106.97228234823675,-6.130103498831615],[106.97228234823675,-6.131001814115734]]]},"id":"+119081-6825","properties":{"cls":3,"count":1}},{"type":"Feature","geometry":{"geodesic":false,"type":"Polygon","coordinates":[[[106.97138403295263,-6.1345950752522125],[106.97138403295263,-6.137290021104572],[106.97228234823675,-6.137290021104572],[106.97228234823675,-6.1354933905363325],[106.97318066352086,-6.1354933905363325],[106.97318066352086,-6.1345950752522125],[106.97138403295263,-6.1345950752522125]]]},"id":"+119081-6830","properties":{"cls":5,"count":4}},{"type":"Feature","geometry":{"geodesic":false,"type":"Polygon","coordinates":[[[106.97228234823675,-6.136391705820452],[106.97318066352086,-6.136391705820452],[106.97318066352086,-6.1354933905363325],[106.97228234823675,-6.1354933905363325],[106.97228234823675,-6.136391705820452]]]},"id":"+119081-6831","properties":{"cls":7,"count":1}},{"type":"Feature","geometry":{"geodesic":false,"type":"Polygon","coordinates":[[[106.97228234823675,-6.13998496695693],[106.97318066352086,-6.13998496695693],[106.97318066352086,-6.13908665167281],[106.97228234823675,-6.13908665167281],[106.97228234823675,-6.13998496695693]]]},"id":"+119081-6835","properties":{"cls":5,"count":1}},{"type":"Feature","geometry":{"geodesic":false,"type":"Polygon","coordinates":[[[106.97138403295263,-6.1534596962187225],[106.97318066352086,-6.1534596962187225],[106.97318066352086,-6.152561380934603],[106.97138403295263,-6.152561380934603],[106.97138403295263,-6.1534596962187225]]]},"id":"+119081-6850","properties":{"cls":4,"count":2}},{"type":"Feature","geometry":{"geodesic":false,"type":"Polygon","coordinates":[[[106.97228234823675,-6.263054160881304],[106.97318066352086,-6.263054160881304],[106.97318066352086,-6.262155845597185],[106.97228234823675,-6.262155845597185],[106.97228234823675,-6.263054160881304]]]},"id":"+119081-6972","properties":{"cls":2,"count":1}},{"type":"Feature","geometry":{"geodesic":false,"type":"Polygon","coordinates":[[[106.97228234823675,-6.29090193468901],[106.97318066352086,-6.29090193468901],[106.97318066352086,-6.29000361940489],[106.97228234823675,-6.29000361940489],[106.97228234823675,-6.29090193468901]]]},"id":"+119081-7003","properties":{"cls":2,"count":1}},{"type":"Feature","geometry":{"geodesic":false,"type":"Polygon","coordinates":[[[106.97228234823675,-6.333122753042627],[106.97318066352086,-6.333122753042627],[106.97318066352086,-6.332224437758508],[106.97228234823675,-6.332224437758508],[106.97228234823675,-6.333122753042627]]]},"id":"+119081-7050","properties":{"cls":4,"count":1}},{"type":"Feature","geometry":{"geodesic":false,"type":"Polygon","coordinates":[[[106.97318066352086,-6.095967518035073],[106.97407897880498,-6.095967518035073],[106.97407897880498,-6.095069202750953],[106.97318066352086,-6.095069202750953],[106.97318066352086,-6.095967518035073]]]},"id":"+119082-6786","properties":{"cls":3,"count":1}},{"type":"Feature","geometry":{"geodesic":false,"type":"Polygon","coordinates":[[[106.97318066352086,-6.0968658333191925],[106.97407897880498,-6.0968658333191925],[106.97407897880498,-6.095967518035073],[106.97318066352086,-6.095967518035073],[106.97318066352086,-6.0968658333191925]]]},"id":"+119082-6787","properties":{"cls":2,"count":1}},{"type":"Feature","geometry":{"geodesic":false,"type":"Polygon","coordinates":[[[106.97228234823675,-6.111238877865105],[106.97407897880498,-6.111238877865105],[106.97407897880498,-6.110340562580985],[106.97228234823675,-6.110340562580985],[106.97228234823675,-6.111238877865105]]]},"id":"+119082-6803","properties":{"cls":3,"count":2}},{"type":"Feature","geometry":{"geodesic":false,"type":"Polygon","coordinates":[[[106.97318066352086,-6.124713607126898],[106.97407897880498,-6.124713607126898],[106.97407897880498,-6.123815291842778],[106.97318066352086,-6.123815291842778],[106.97318066352086,-6.124713607126898]]]},"id":"+119082-6818","properties":{"cls":5,"count":1}},{"type":"Feature","geometry":{"geodesic":false,"type":"Polygon","coordinates":[[[106.97228234823675,-6.126510237695137],[106.97407897880498,-6.126510237695137],[106.97407897880498,-6.125611922411017],[106.97228234823675,-6.125611922411017],[106.97228234823675,-6.126510237695137]]]},"id":"+119082-6820","properties":{"cls":5,"count":2}},{"type":"Feature","geometry":{"geodesic":false,"type":"Polygon","coordinates":[[[106.97318066352086,-6.128306868263376],[106.97407897880498,-6.128306868263376],[106.97407897880498,-6.127408552979256],[106.97318066352086,-6.127408552979256],[106.97318066352086,-6.128306868263376]]]},"id":"+119082-6822","properties":{"cls":7,"count":1}},{"type":"Feature","geometry":{"geodesic":false,"type":"Polygon","coordinates":[[[106.97318066352086,-6.130103498831615],[106.97407897880498,-6.130103498831615],[106.97407897880498,-6.128306868263376],[106.97318066352086,-6.128306868263376],[106.97318066352086,-6.130103498831615]]]},"id":"+119082-6823","properties":{"cls":2,"count":2}},{"type":"Feature","geometry":{"geodesic":false,"type":"Polygon","coordinates":[[[106.97318066352086,-6.131001814115734],[106.97407897880498,-6.131001814115734],[106.97407897880498,-6.130103498831615],[106.97318066352086,-6.130103498831615],[106.97318066352086,-6.131001814115734]]]},"id":"+119082-6825","properties":{"cls":7,"count":1}},{"type":"Feature","geometry":{"geodesic":false,"type":"Polygon","coordinates":[[[106.97318066352086,-6.152561380934603],[106.97407897880498,-6.152561380934603],[106.97407897880498,-6.151663065650483],[106.97318066352086,-6.151663065650483],[106.97318066352086,-6.152561380934603]]]},"id":"+119082-6849","properties":{"cls":2,"count":1}},{"type":"Feature","geometry":{"geodesic":false,"type":"Polygon","coordinates":[[[106.97318066352086,-6.1534596962187225],[106.97407897880498,-6.1534596962187225],[106.97407897880498,-6.152561380934603],[106.97318066352086,-6.152561380934603],[106.97318066352086,-6.1534596962187225]]]},"id":"+119082-6850","properties":{"cls":3,"count":1}},{"type":"Feature","geometry":{"geodesic":false,"type":"Polygon","coordinates":[[[106.97228234823675,-6.156154642071081],[106.97138403295263,-6.15795127263932],[106.97318066352086,-6.15795127263932],[106.97318066352086,-6.15884958792344],[106.97407897880498,-6.15884958792344],[106.97407897880498,-6.156154642071081],[106.97228234823675,-6.156154642071081]]]},"id":"+119082-6854","properties":{"cls":2,"count":6}},{"type":"Feature","geometry":{"geodesic":false,"type":"Polygon","coordinates":[[[106.97318066352086,-6.180409154742308],[106.97407897880498,-6.180409154742308],[106.97407897880498,-6.179510839458189],[106.97318066352086,-6.179510839458189],[106.97318066352086,-6.180409154742308]]]},"id":"+119082-6880","properties":{"cls":4,"count":1}},{"type":"Feature","geometry":{"geodesic":false,"type":"Polygon","coordinates":[[[106.97318066352086,-6.184002415878786],[106.97407897880498,-6.184002415878786],[106.97407897880498,-6.183104100594667],[106.97318066352086,-6.183104100594667],[106.97318066352086,-6.184002415878786]]]},"id":"+119082-6884","properties":{"cls":5,"count":1}},{"type":"Feature","geometry":{"geodesic":false,"type":"Polygon","coordinates":[[[106.97318066352086,-6.275630574858978],[106.97407897880498,-6.275630574858978],[106.97407897880498,-6.274732259574858],[106.97318066352086,-6.274732259574858],[106.97318066352086,-6.275630574858978]]]},"id":"+119082-6986","properties":{"cls":2,"count":1}},{"type":"Feature","geometry":{"geodesic":false,"type":"Polygon","coordinates":[[[106.97318066352086,-6.298088456961965],[106.97407897880498,-6.298088456961965],[106.97407897880498,-6.297190141677846],[106.97318066352086,-6.297190141677846],[106.97318066352086,-6.298088456961965]]]},"id":"+119082-7011","properties":{"cls":4,"count":1}},{"type":"Feature","geometry":{"geodesic":false,"type":"Polygon","coordinates":[[[106.97318066352086,-6.304376663950802],[106.97407897880498,-6.304376663950802],[106.97407897880498,-6.303478348666682],[106.97318066352086,-6.303478348666682],[106.97318066352086,-6.304376663950802]]]},"id":"+119082-7018","properties":{"cls":2,"count":1}},{"type":"Feature","geometry":{"geodesic":false,"type":"Polygon","coordinates":[[[106.97318066352086,-6.312461501507878],[106.97407897880498,-6.312461501507878],[106.97407897880498,-6.311563186223759],[106.97318066352086,-6.311563186223759],[106.97318066352086,-6.312461501507878]]]},"id":"+119082-7027","properties":{"cls":2,"count":1}},{"type":"Feature","geometry":{"geodesic":false,"type":"Polygon","coordinates":[[[106.97318066352086,-6.091475941614475],[106.9749772940891,-6.091475941614475],[106.9749772940891,-6.090577626330356],[106.97318066352086,-6.090577626330356],[106.97318066352086,-6.091475941614475]]]},"id":"+119083-6781","properties":{"cls":2,"count":2}},{"type":"Feature","geometry":{"geodesic":false,"type":"Polygon","coordinates":[[[106.97407897880498,-6.0977641486033125],[106.9749772940891,-6.0977641486033125],[106.9749772940891,-6.0968658333191925],[106.97407897880498,-6.0968658333191925],[106.97407897880498,-6.0977641486033125]]]},"id":"+119083-6788","properties":{"cls":2,"count":1}},{"type":"Feature","geometry":{"geodesic":false,"type":"Polygon","coordinates":[[[106.97407897880498,-6.1166287695698225],[106.9749772940891,-6.1166287695698225],[106.9749772940891,-6.1157304542857025],[106.97407897880498,-6.1157304542857025],[106.97407897880498,-6.1166287695698225]]]},"id":"+119083-6809","properties":{"cls":7,"count":1}},{"type":"Feature","geometry":{"geodesic":false,"type":"Polygon","coordinates":[[[106.97407897880498,-6.119323715422181],[106.9749772940891,-6.119323715422181],[106.9749772940891,-6.117527084853942],[106.97407897880498,-6.117527084853942],[106.97407897880498,-6.119323715422181]]]},"id":"+119083-6811","properties":{"cls":7,"count":2}},{"type":"Feature","geometry":{"geodesic":false,"type":"Polygon","coordinates":[[[106.97407897880498,-6.122018661274539],[106.9749772940891,-6.122018661274539],[106.9749772940891,-6.120222030706301],[106.97407897880498,-6.120222030706301],[106.97407897880498,-6.122018661274539]]]},"id":"+119083-6814","properties":{"cls":7,"count":2}},{"type":"Feature","geometry":{"geodesic":false,"type":"Polygon","coordinates":[[[106.97407897880498,-6.126510237695137],[106.9749772940891,-6.126510237695137],[106.9749772940891,-6.125611922411017],[106.97407897880498,-6.125611922411017],[106.97407897880498,-6.126510237695137]]]},"id":"+119083-6820","properties":{"cls":7,"count":1}},{"type":"Feature","geometry":{"geodesic":false,"type":"Polygon","coordinates":[[[106.97318066352086,-6.126510237695137],[106.97318066352086,-6.127408552979256],[106.9749772940891,-6.128306868263376],[106.9749772940891,-6.126510237695137],[106.97318066352086,-6.126510237695137]]]},"id":"+119083-6821","properties":{"cls":9,"count":3}},{"type":"Feature","geometry":{"geodesic":false,"type":"Polygon","coordinates":[[[106.97407897880498,-6.131900129399854],[106.9749772940891,-6.131900129399854],[106.9749772940891,-6.131001814115734],[106.97407897880498,-6.131001814115734],[106.97407897880498,-6.131900129399854]]]},"id":"+119083-6826","properties":{"cls":5,"count":1}},{"type":"Feature","geometry":{"geodesic":false,"type":"Polygon","coordinates":[[[106.97407897880498,-6.1345950752522125],[106.9749772940891,-6.1345950752522125],[106.9749772940891,-6.133696759968093],[106.97407897880498,-6.133696759968093],[106.97407897880498,-6.1345950752522125]]]},"id":"+119083-6829","properties":{"cls":5,"count":1}},{"type":"Feature","geometry":{"geodesic":false,"type":"Polygon","coordinates":[[[106.97407897880498,-6.137290021104572],[106.9749772940891,-6.137290021104572],[106.9749772940891,-6.136391705820452],[106.97407897880498,-6.136391705820452],[106.97407897880498,-6.137290021104572]]]},"id":"+119083-6832","properties":{"cls":5,"count":1}},{"type":"Feature","geometry":{"geodesic":false,"type":"Polygon","coordinates":[[[106.97318066352086,-6.13998496695693],[106.97318066352086,-6.141781597525169],[106.97407897880498,-6.141781597525169],[106.9749772940891,-6.13998496695693],[106.97318066352086,-6.13998496695693]]]},"id":"+119083-6836","properties":{"cls":5,"count":3}},{"type":"Feature","geometry":{"geodesic":false,"type":"Polygon","coordinates":[[[106.97407897880498,-6.278325520711336],[106.9749772940891,-6.278325520711336],[106.9749772940891,-6.277427205427217],[106.97407897880498,-6.277427205427217],[106.97407897880498,-6.278325520711336]]]},"id":"+119083-6989","properties":{"cls":2,"count":1}},{"type":"Feature","geometry":{"geodesic":false,"type":"Polygon","coordinates":[[[106.97407897880498,-6.281918781847814],[106.9749772940891,-6.281918781847814],[106.9749772940891,-6.281020466563694],[106.97407897880498,-6.281020466563694],[106.97407897880498,-6.281918781847814]]]},"id":"+119083-6993","properties":{"cls":5,"count":1}},{"type":"Feature","geometry":{"geodesic":false,"type":"Polygon","coordinates":[[[106.9749772940891,-6.0968658333191925],[106.97587560937322,-6.0968658333191925],[106.97587560937322,-6.095967518035073],[106.9749772940891,-6.095967518035073],[106.9749772940891,-6.0968658333191925]]]},"id":"+119084-6787","properties":{"cls":4,"count":1}},{"type":"Feature","geometry":{"geodesic":false,"type":"Polygon","coordinates":[[[106.9749772940891,-6.098662463887432],[106.97587560937322,-6.098662463887432],[106.97587560937322,-6.0968658333191925],[106.9749772940891,-6.0968658333191925],[106.9749772940891,-6.098662463887432]]]},"id":"+119084-6788","properties":{"cls":3,"count":2}},{"type":"Feature","geometry":{"geodesic":false,"type":"Polygon","coordinates":[[[106.9749772940891,-6.108543932012746],[106.97587560937322,-6.108543932012746],[106.97587560937322,-6.107645616728627],[106.9749772940891,-6.107645616728627],[106.9749772940891,-6.108543932012746]]]},"id":"+119084-6800","properties":{"cls":2,"count":1}},{"type":"Feature","geometry":{"geodesic":false,"type":"Polygon","coordinates":[[[106.9749772940891,-6.117527084853942],[106.97587560937322,-6.117527084853942],[106.97587560937322,-6.1166287695698225],[106.9749772940891,-6.1166287695698225],[106.9749772940891,-6.117527084853942]]]},"id":"+119084-6810","properties":{"cls":7,"count":1}},{"type":"Feature","geometry":{"geodesic":false,"type":"Polygon","coordinates":[[[106.9749772940891,-6.118425400138062],[106.97587560937322,-6.118425400138062],[106.97587560937322,-6.117527084853942],[106.9749772940891,-6.117527084853942],[106.9749772940891,-6.118425400138062]]]},"id":"+119084-6811","properties":{"cls":5,"count":1}},{"type":"Feature","geometry":{"geodesic":false,"type":"Polygon","coordinates":[[[106.9749772940891,-6.120222030706301],[106.97587560937322,-6.120222030706301],[106.97587560937322,-6.119323715422181],[106.9749772940891,-6.119323715422181],[106.9749772940891,-6.120222030706301]]]},"id":"+119084-6813","properties":{"cls":7,"count":1}},{"type":"Feature","geometry":{"geodesic":false,"type":"Polygon","coordinates":[[[106.97318066352086,-6.122916976558659],[106.97587560937322,-6.122916976558659],[106.97587560937322,-6.122018661274539],[106.97318066352086,-6.122018661274539],[106.97318066352086,-6.122916976558659]]]},"id":"+119084-6816","properties":{"cls":5,"count":3}},{"type":"Feature","geometry":{"geodesic":false,"type":"Polygon","coordinates":[[[106.97407897880498,-6.122916976558659],[106.97407897880498,-6.124713607126898],[106.9749772940891,-6.124713607126898],[106.97587560937322,-6.122916976558659],[106.97407897880498,-6.122916976558659]]]},"id":"+119084-6817","properties":{"cls":7,"count":3}},{"type":"Feature","geometry":{"geodesic":false,"type":"Polygon","coordinates":[[[106.9749772940891,-6.123815291842778],[106.97407897880498,-6.125611922411017],[106.97587560937322,-6.125611922411017],[106.97587560937322,-6.123815291842778],[106.9749772940891,-6.123815291842778]]]},"id":"+119084-6818","properties":{"cls":5,"count":3}},{"type":"Feature","geometry":{"geodesic":false,"type":"Polygon","coordinates":[[[106.9749772940891,-6.127408552979256],[106.97587560937322,-6.127408552979256],[106.97587560937322,-6.126510237695137],[106.9749772940891,-6.126510237695137],[106.9749772940891,-6.127408552979256]]]},"id":"+119084-6821","properties":{"cls":7,"count":1}},{"type":"Feature","geometry":{"geodesic":false,"type":"Polygon","coordinates":[[[106.9749772940891,-6.127408552979256],[106.9749772940891,-6.129205183547495],[106.97407897880498,-6.129205183547495],[106.97407897880498,-6.130103498831615],[106.97587560937322,-6.130103498831615],[106.97587560937322,-6.127408552979256],[106.9749772940891,-6.127408552979256]]]},"id":"+119084-6822","properties":{"cls":5,"count":4}},{"type":"Feature","geometry":{"geodesic":false,"type":"Polygon","coordinates":[[[106.9749772940891,-6.131900129399854],[106.97587560937322,-6.131900129399854],[106.97587560937322,-6.131001814115734],[106.9749772940891,-6.131001814115734],[106.9749772940891,-6.131900129399854]]]},"id":"+119084-6826","properties":{"cls":3,"count":1}},{"type":"Feature","geometry":{"geodesic":false,"type":"Polygon","coordinates":[[[106.9749772940891,-6.156154642071081],[106.97587560937322,-6.156154642071081],[106.97587560937322,-6.1552563267869616],[106.9749772940891,-6.1552563267869616],[106.9749772940891,-6.156154642071081]]]},"id":"+119084-6853","properties":{"cls":7,"count":1}},{"type":"Feature","geometry":{"geodesic":false,"type":"Polygon","coordinates":[[[106.9749772940891,-6.157052957355201],[106.97587560937322,-6.157052957355201],[106.97587560937322,-6.156154642071081],[106.9749772940891,-6.156154642071081],[106.9749772940891,-6.157052957355201]]]},"id":"+119084-6854","properties":{"cls":2,"count":1}},{"type":"Feature","geometry":{"geodesic":false,"type":"Polygon","coordinates":[[[106.9749772940891,-6.281918781847814],[106.97587560937322,-6.281918781847814],[106.97587560937322,-6.281020466563694],[106.9749772940891,-6.281020466563694],[106.9749772940891,-6.281918781847814]]]},"id":"+119084-6993","properties":{"cls":7,"count":1}},{"type":"Feature","geometry":{"geodesic":false,"type":"Polygon","coordinates":[[[106.97587560937322,-6.092374256898595],[106.97677392465734,-6.092374256898595],[106.97677392465734,-6.091475941614475],[106.97587560937322,-6.091475941614475],[106.97587560937322,-6.092374256898595]]]},"id":"+119085-6782","properties":{"cls":4,"count":1}},{"type":"Feature","geometry":{"geodesic":false,"type":"Polygon","coordinates":[[[106.97587560937322,-6.099560779171552],[106.97677392465734,-6.099560779171552],[106.97677392465734,-6.098662463887432],[106.97587560937322,-6.098662463887432],[106.97587560937322,-6.099560779171552]]]},"id":"+119085-6790","properties":{"cls":2,"count":1}},{"type":"Feature","geometry":{"geodesic":false,"type":"Polygon","coordinates":[[[106.97587560937322,-6.107645616728627],[106.97677392465734,-6.107645616728627],[106.97677392465734,-6.106747301444507],[106.97587560937322,-6.106747301444507],[106.97587560937322,-6.107645616728627]]]},"id":"+119085-6799","properties":{"cls":4,"count":1}},{"type":"Feature","geometry":{"geodesic":false,"type":"Polygon","coordinates":[[[106.97587560937322,-6.147171489229886],[106.97677392465734,-6.147171489229886],[106.97677392465734,-6.145374858661647],[106.97587560937322,-6.145374858661647],[106.97587560937322,-6.147171489229886]]]},"id":"+119085-6842","properties":{"cls":3,"count":2}},{"type":"Feature","geometry":{"geodesic":false,"type":"Polygon","coordinates":[[[106.97587560937322,-6.151663065650483],[106.97677392465734,-6.151663065650483],[106.97677392465734,-6.150764750366364],[106.97587560937322,-6.150764750366364],[106.97587560937322,-6.151663065650483]]]},"id":"+119085-6848","properties":{"cls":3,"count":1}},{"type":"Feature","geometry":{"geodesic":false,"type":"Polygon","coordinates":[[[106.97587560937322,-6.151663065650483],[106.97587560937322,-6.152561380934603],[106.97407897880498,-6.152561380934603],[106.97318066352086,-6.1543580115028425],[106.9749772940891,-6.1543580115028425],[106.9749772940891,-6.1552563267869616],[106.97677392465734,-6.156154642071081],[106.97677392465734,-6.151663065650483],[106.97587560937322,-6.151663065650483]]]},"id":"+119085-6849","properties":{"cls":2,"count":11}},{"type":"Feature","geometry":{"geodesic":false,"type":"Polygon","coordinates":[[[106.97587560937322,-6.159747903207559],[106.97677392465734,-6.159747903207559],[106.97677392465734,-6.157052957355201],[106.97587560937322,-6.157052957355201],[106.97587560937322,-6.159747903207559]]]},"id":"+119085-6855","properties":{"cls":2,"count":3}},{"type":"Feature","geometry":{"geodesic":false,"type":"Polygon","coordinates":[[[106.9749772940891,-6.161544533775798],[106.9749772940891,-6.162442849059918],[106.97677392465734,-6.163341164344037],[106.97677392465734,-6.161544533775798],[106.9749772940891,-6.161544533775798]]]},"id":"+119085-6860","properties":{"cls":2,"count":3}},{"type":"Feature","geometry":{"geodesic":false,"type":"Polygon","coordinates":[[[106.97587560937322,-6.2486811163353915],[106.97677392465734,-6.2486811163353915],[106.97677392465734,-6.247782801051272],[106.97587560937322,-6.247782801051272],[106.97587560937322,-6.2486811163353915]]]},"id":"+119085-6956","properties":{"cls":3,"count":1}},{"type":"Feature","geometry":{"geodesic":false,"type":"Polygon","coordinates":[[[106.97587560937322,-6.318749708496714],[106.97677392465734,-6.318749708496714],[106.97677392465734,-6.317851393212595],[106.97587560937322,-6.317851393212595],[106.97587560937322,-6.318749708496714]]]},"id":"+119085-7034","properties":{"cls":3,"count":1}},{"type":"Feature","geometry":{"geodesic":false,"type":"Polygon","coordinates":[[[106.97587560937322,-6.324139600201431],[106.97677392465734,-6.324139600201431],[106.97677392465734,-6.323241284917312],[106.97587560937322,-6.323241284917312],[106.97587560937322,-6.324139600201431]]]},"id":"+119085-7040","properties":{"cls":2,"count":1}},{"type":"Feature","geometry":{"geodesic":false,"type":"Polygon","coordinates":[[[106.97587560937322,-6.373546940828005],[106.97677392465734,-6.373546940828005],[106.97677392465734,-6.372648625543886],[106.97587560937322,-6.372648625543886],[106.97587560937322,-6.373546940828005]]]},"id":"+119085-7095","properties":{"cls":2,"count":1}},{"type":"Feature","geometry":{"geodesic":false,"type":"Polygon","coordinates":[[[106.97677392465734,-6.091475941614475],[106.97767223994146,-6.091475941614475],[106.97767223994146,-6.090577626330356],[106.97677392465734,-6.090577626330356],[106.97677392465734,-6.091475941614475]]]},"id":"+119086-6781","properties":{"cls":7,"count":1}},{"type":"Feature","geometry":{"geodesic":false,"type":"Polygon","coordinates":[[[106.97677392465734,-6.092374256898595],[106.97767223994146,-6.092374256898595],[106.97767223994146,-6.091475941614475],[106.97677392465734,-6.091475941614475],[106.97677392465734,-6.092374256898595]]]},"id":"+119086-6782","properties":{"cls":3,"count":1}},{"type":"Feature","geometry":{"geodesic":false,"type":"Polygon","coordinates":[[[106.97677392465734,-6.109442247296866],[106.97767223994146,-6.109442247296866],[106.97767223994146,-6.108543932012746],[106.97677392465734,-6.108543932012746],[106.97677392465734,-6.109442247296866]]]},"id":"+119086-6801","properties":{"cls":2,"count":1}},{"type":"Feature","geometry":{"geodesic":false,"type":"Polygon","coordinates":[[[106.97677392465734,-6.114832139001583],[106.97767223994146,-6.114832139001583],[106.97767223994146,-6.113933823717463],[106.97677392465734,-6.113933823717463],[106.97677392465734,-6.114832139001583]]]},"id":"+119086-6807","properties":{"cls":3,"count":1}},{"type":"Feature","geometry":{"geodesic":false,"type":"Polygon","coordinates":[[[106.97677392465734,-6.1166287695698225],[106.97767223994146,-6.1166287695698225],[106.97767223994146,-6.1157304542857025],[106.97677392465734,-6.1157304542857025],[106.97677392465734,-6.1166287695698225]]]},"id":"+119086-6809","properties":{"cls":7,"count":1}},{"type":"Feature","geometry":{"geodesic":false,"type":"Polygon","coordinates":[[[106.97677392465734,-6.123815291842778],[106.97767223994146,-6.123815291842778],[106.97767223994146,-6.12112034599042],[106.97677392465734,-6.12112034599042],[106.97677392465734,-6.123815291842778]]]},"id":"+119086-6815","properties":{"cls":5,"count":3}},{"type":"Feature","geometry":{"geodesic":false,"type":"Polygon","coordinates":[[[106.97677392465734,-6.126510237695137],[106.97767223994146,-6.126510237695137],[106.97767223994146,-6.125611922411017],[106.97677392465734,-6.125611922411017],[106.97677392465734,-6.126510237695137]]]},"id":"+119086-6820","properties":{"cls":4,"count":1}},{"type":"Feature","geometry":{"geodesic":false,"type":"Polygon","coordinates":[[[106.97677392465734,-6.203765352129416],[106.97767223994146,-6.203765352129416],[106.97767223994146,-6.202867036845296],[106.97677392465734,-6.202867036845296],[106.97677392465734,-6.203765352129416]]]},"id":"+119086-6906","properties":{"cls":4,"count":1}},{"type":"Feature","geometry":{"geodesic":false,"type":"Polygon","coordinates":[[[106.97677392465734,-6.293596880541368],[106.97767223994146,-6.293596880541368],[106.97767223994146,-6.29090193468901],[106.97677392465734,-6.29090193468901],[106.97677392465734,-6.293596880541368]]]},"id":"+119086-7004","properties":{"cls":5,"count":3}},{"type":"Feature","geometry":{"geodesic":false,"type":"Polygon","coordinates":[[[106.97677392465734,-6.372648625543886],[106.97767223994146,-6.372648625543886],[106.97767223994146,-6.371750310259766],[106.97677392465734,-6.371750310259766],[106.97677392465734,-6.372648625543886]]]},"id":"+119086-7094","properties":{"cls":2,"count":1}},{"type":"Feature","geometry":{"geodesic":false,"type":"Polygon","coordinates":[[[106.97677392465734,-6.373546940828005],[106.97767223994146,-6.373546940828005],[106.97767223994146,-6.372648625543886],[106.97677392465734,-6.372648625543886],[106.97677392465734,-6.373546940828005]]]},"id":"+119086-7095","properties":{"cls":5,"count":1}},{"type":"Feature","geometry":{"geodesic":false,"type":"Polygon","coordinates":[[[106.97767223994146,-6.091475941614475],[106.97857055522559,-6.091475941614475],[106.97857055522559,-6.090577626330356],[106.97767223994146,-6.090577626330356],[106.97767223994146,-6.091475941614475]]]},"id":"+119087-6781","properties":{"cls":4,"count":1}},{"type":"Feature","geometry":{"geodesic":false,"type":"Polygon","coordinates":[[[106.97587560937322,-6.093272572182714],[106.97857055522559,-6.093272572182714],[106.97857055522559,-6.092374256898595],[106.97587560937322,-6.092374256898595],[106.97587560937322,-6.093272572182714]]]},"id":"+119087-6783","properties":{"cls":2,"count":3}},{"type":"Feature","geometry":{"geodesic":false,"type":"Polygon","coordinates":[[[106.97767223994146,-6.106747301444507],[106.97857055522559,-6.106747301444507],[106.97857055522559,-6.105848986160388],[106.97767223994146,-6.105848986160388],[106.97767223994146,-6.106747301444507]]]},"id":"+119087-6798","properties":{"cls":3,"count":1}},{"type":"Feature","geometry":{"geodesic":false,"type":"Polygon","coordinates":[[[106.97767223994146,-6.111238877865105],[106.97857055522559,-6.111238877865105],[106.97857055522559,-6.110340562580985],[106.97767223994146,-6.110340562580985],[106.97767223994146,-6.111238877865105]]]},"id":"+119087-6803","properties":{"cls":5,"count":1}},{"type":"Feature","geometry":{"geodesic":false,"type":"Polygon","coordinates":[[[106.97677392465734,-6.113035508433344],[106.97857055522559,-6.113035508433344],[106.97857055522559,-6.112137193149224],[106.97677392465734,-6.112137193149224],[106.97677392465734,-6.113035508433344]]]},"id":"+119087-6805","properties":{"cls":7,"count":2}},{"type":"Feature","geometry":{"geodesic":false,"type":"Polygon","coordinates":[[[106.97767223994146,-6.114832139001583],[106.97857055522559,-6.114832139001583],[106.97857055522559,-6.113933823717463],[106.97767223994146,-6.113933823717463],[106.97767223994146,-6.114832139001583]]]},"id":"+119087-6807","properties":{"cls":4,"count":1}},{"type":"Feature","geometry":{"geodesic":false,"type":"Polygon","coordinates":[[[106.97767223994146,-6.1157304542857025],[106.97857055522559,-6.1157304542857025],[106.97857055522559,-6.114832139001583],[106.97767223994146,-6.114832139001583],[106.97767223994146,-6.1157304542857025]]]},"id":"+119087-6808","properties":{"cls":2,"count":1}},{"type":"Feature","geometry":{"geodesic":false,"type":"Polygon","coordinates":[[[106.97767223994146,-6.119323715422181],[106.97857055522559,-6.119323715422181],[106.97857055522559,-6.118425400138062],[106.97767223994146,-6.118425400138062],[106.97767223994146,-6.119323715422181]]]},"id":"+119087-6812","properties":{"cls":2,"count":1}},{"type":"Feature","geometry":{"geodesic":false,"type":"Polygon","coordinates":[[[106.97767223994146,-6.123815291842778],[106.97857055522559,-6.123815291842778],[106.97857055522559,-6.122018661274539],[106.97767223994146,-6.122018661274539],[106.97767223994146,-6.123815291842778]]]},"id":"+119087-6816","properties":{"cls":4,"count":2}},{"type":"Feature","geometry":{"geodesic":false,"type":"Polygon","coordinates":[[[106.97767223994146,-6.129205183547495],[106.97857055522559,-6.129205183547495],[106.97857055522559,-6.128306868263376],[106.97767223994146,-6.128306868263376],[106.97767223994146,-6.129205183547495]]]},"id":"+119087-6823","properties":{"cls":4,"count":1}},{"type":"Feature","geometry":{"geodesic":false,"type":"Polygon","coordinates":[[[106.97767223994146,-6.1534596962187225],[106.97857055522559,-6.1534596962187225],[106.97857055522559,-6.152561380934603],[106.97767223994146,-6.152561380934603],[106.97767223994146,-6.1534596962187225]]]},"id":"+119087-6850","properties":{"cls":3,"count":1}},{"type":"Feature","geometry":{"geodesic":false,"type":"Polygon","coordinates":[[[106.97767223994146,-6.15795127263932],[106.97857055522559,-6.15795127263932],[106.97857055522559,-6.157052957355201],[106.97767223994146,-6.157052957355201],[106.97767223994146,-6.15795127263932]]]},"id":"+119087-6855","properties":{"cls":3,"count":1}},{"type":"Feature","geometry":{"geodesic":false,"type":"Polygon","coordinates":[[[106.97767223994146,-6.15795127263932],[106.97767223994146,-6.160646218491679],[106.9794688705097,-6.160646218491679],[106.9794688705097,-6.159747903207559],[106.97857055522559,-6.159747903207559],[106.97857055522559,-6.15795127263932],[106.97767223994146,-6.15795127263932]]]},"id":"+119087-6856","properties":{"cls":4,"count":4}},{"type":"Feature","geometry":{"geodesic":false,"type":"Polygon","coordinates":[[[106.97767223994146,-6.218138396675328],[106.97857055522559,-6.218138396675328],[106.97857055522559,-6.217240081391209],[106.97767223994146,-6.217240081391209],[106.97767223994146,-6.218138396675328]]]},"id":"+119087-6922","properties":{"cls":3,"count":1}},{"type":"Feature","geometry":{"geodesic":false,"type":"Polygon","coordinates":[[[106.97767223994146,-6.2495794316195115],[106.97857055522559,-6.2495794316195115],[106.97857055522559,-6.2486811163353915],[106.97767223994146,-6.2486811163353915],[106.97767223994146,-6.2495794316195115]]]},"id":"+119087-6957","properties":{"cls":3,"count":1}},{"type":"Feature","geometry":{"geodesic":false,"type":"Polygon","coordinates":[[[106.97677392465734,-6.250477746903631],[106.97857055522559,-6.250477746903631],[106.97857055522559,-6.2495794316195115],[106.97677392465734,-6.2495794316195115],[106.97677392465734,-6.250477746903631]]]},"id":"+119087-6958","properties":{"cls":4,"count":2}},{"type":"Feature","geometry":{"geodesic":false,"type":"Polygon","coordinates":[[[106.97767223994146,-6.373546940828005],[106.97857055522559,-6.373546940828005],[106.97857055522559,-6.372648625543886],[106.97767223994146,-6.372648625543886],[106.97767223994146,-6.373546940828005]]]},"id":"+119087-7095","properties":{"cls":7,"count":1}},{"type":"Feature","geometry":{"geodesic":false,"type":"Polygon","coordinates":[[[106.97767223994146,-6.38342840895332],[106.97857055522559,-6.38342840895332],[106.97857055522559,-6.3825300936692],[106.97767223994146,-6.3825300936692],[106.97767223994146,-6.38342840895332]]]},"id":"+119087-7106","properties":{"cls":2,"count":1}},{"type":"Feature","geometry":{"geodesic":false,"type":"Polygon","coordinates":[[[106.97767223994146,-6.388818300658037],[106.97857055522559,-6.388818300658037],[106.97857055522559,-6.387919985373918],[106.97767223994146,-6.387919985373918],[106.97767223994146,-6.388818300658037]]]},"id":"+119087-7112","properties":{"cls":5,"count":1}},{"type":"Feature","geometry":{"geodesic":false,"type":"Polygon","coordinates":[[[106.97857055522559,-6.054645014965575],[106.9794688705097,-6.054645014965575],[106.9794688705097,-6.053746699681455],[106.97857055522559,-6.053746699681455],[106.97857055522559,-6.054645014965575]]]},"id":"+119088-6740","properties":{"cls":2,"count":1}},{"type":"Feature","geometry":{"geodesic":false,"type":"Polygon","coordinates":[[[106.97767223994146,-6.090577626330356],[106.9794688705097,-6.090577626330356],[106.9794688705097,-6.089679311046236],[106.97767223994146,-6.089679311046236],[106.97767223994146,-6.090577626330356]]]},"id":"+119088-6780","properties":{"cls":3,"count":2}},{"type":"Feature","geometry":{"geodesic":false,"type":"Polygon","coordinates":[[[106.97857055522559,-6.106747301444507],[106.9794688705097,-6.106747301444507],[106.9794688705097,-6.105848986160388],[106.97857055522559,-6.105848986160388],[106.97857055522559,-6.106747301444507]]]},"id":"+119088-6798","properties":{"cls":4,"count":1}},{"type":"Feature","geometry":{"geodesic":false,"type":"Polygon","coordinates":[[[106.97857055522559,-6.113933823717463],[106.9794688705097,-6.113933823717463],[106.9794688705097,-6.113035508433344],[106.97857055522559,-6.113035508433344],[106.97857055522559,-6.113933823717463]]]},"id":"+119088-6806","properties":{"cls":4,"count":1}},{"type":"Feature","geometry":{"geodesic":false,"type":"Polygon","coordinates":[[[106.97857055522559,-6.1166287695698225],[106.9794688705097,-6.1166287695698225],[106.9794688705097,-6.1157304542857025],[106.97857055522559,-6.1157304542857025],[106.97857055522559,-6.1166287695698225]]]},"id":"+119088-6809","properties":{"cls":5,"count":1}},{"type":"Feature","geometry":{"geodesic":false,"type":"Polygon","coordinates":[[[106.97857055522559,-6.117527084853942],[106.9794688705097,-6.117527084853942],[106.9794688705097,-6.1166287695698225],[106.97857055522559,-6.1166287695698225],[106.97857055522559,-6.117527084853942]]]},"id":"+119088-6810","properties":{"cls":9,"count":1}},{"type":"Feature","geometry":{"geodesic":false,"type":"Polygon","coordinates":[[[106.97857055522559,-6.118425400138062],[106.9794688705097,-6.118425400138062],[106.9794688705097,-6.117527084853942],[106.97857055522559,-6.117527084853942],[106.97857055522559,-6.118425400138062]]]},"id":"+119088-6811","properties":{"cls":4,"count":1}},{"type":"Feature","geometry":{"geodesic":false,"type":"Polygon","coordinates":[[[106.97857055522559,-6.119323715422181],[106.9794688705097,-6.119323715422181],[106.9794688705097,-6.118425400138062],[106.97857055522559,-6.118425400138062],[106.97857055522559,-6.119323715422181]]]},"id":"+119088-6812","properties":{"cls":3,"count":1}},{"type":"Feature","geometry":{"geodesic":false,"type":"Polygon","coordinates":[[[106.97857055522559,-6.159747903207559],[106.9794688705097,-6.159747903207559],[106.9794688705097,-6.15884958792344],[106.97857055522559,-6.15884958792344],[106.97857055522559,-6.159747903207559]]]},"id":"+119088-6857","properties":{"cls":7,"count":1}},{"type":"Feature","geometry":{"geodesic":false,"type":"Polygon","coordinates":[[[106.97857055522559,-6.19568051457234],[106.9794688705097,-6.19568051457234],[106.9794688705097,-6.194782199288221],[106.97857055522559,-6.194782199288221],[106.97857055522559,-6.19568051457234]]]},"id":"+119088-6897","properties":{"cls":5,"count":1}},{"type":"Feature","geometry":{"geodesic":false,"type":"Polygon","coordinates":[[[106.97857055522559,-6.219036711959448],[106.9794688705097,-6.219036711959448],[106.9794688705097,-6.218138396675328],[106.97857055522559,-6.218138396675328],[106.97857055522559,-6.219036711959448]]]},"id":"+119088-6923","properties":{"cls":2,"count":1}},{"type":"Feature","geometry":{"geodesic":false,"type":"Polygon","coordinates":[[[106.97857055522559,-6.2513760621877505],[106.9794688705097,-6.2513760621877505],[106.9794688705097,-6.250477746903631],[106.97857055522559,-6.250477746903631],[106.97857055522559,-6.2513760621877505]]]},"id":"+119088-6959","properties":{"cls":4,"count":1}},{"type":"Feature","geometry":{"geodesic":false,"type":"Polygon","coordinates":[[[106.97857055522559,-6.3654621032709295],[106.9794688705097,-6.3654621032709295],[106.9794688705097,-6.36456378798681],[106.97857055522559,-6.36456378798681],[106.97857055522559,-6.3654621032709295]]]},"id":"+119088-7086","properties":{"cls":3,"count":1}},{"type":"Feature","geometry":{"geodesic":false,"type":"Polygon","coordinates":[[[106.97857055522559,-6.369953679691527],[106.9794688705097,-6.369953679691527],[106.9794688705097,-6.369055364407408],[106.97857055522559,-6.369055364407408],[106.97857055522559,-6.369953679691527]]]},"id":"+119088-7091","properties":{"cls":4,"count":1}},{"type":"Feature","geometry":{"geodesic":false,"type":"Polygon","coordinates":[[[106.97857055522559,-6.370851994975647],[106.9794688705097,-6.370851994975647],[106.9794688705097,-6.369953679691527],[106.97857055522559,-6.369953679691527],[106.97857055522559,-6.370851994975647]]]},"id":"+119088-7092","properties":{"cls":5,"count":1}},{"type":"Feature","geometry":{"geodesic":false,"type":"Polygon","coordinates":[[[106.97767223994146,-6.371750310259766],[106.9794688705097,-6.371750310259766],[106.9794688705097,-6.370851994975647],[106.97767223994146,-6.370851994975647],[106.97767223994146,-6.371750310259766]]]},"id":"+119088-7093","properties":{"cls":4,"count":2}},{"type":"Feature","geometry":{"geodesic":false,"type":"Polygon","coordinates":[[[106.97857055522559,-6.052848384397336],[106.98036718579382,-6.052848384397336],[106.98036718579382,-6.051950069113216],[106.97857055522559,-6.051950069113216],[106.97857055522559,-6.052848384397336]]]},"id":"+119089-6738","properties":{"cls":3,"count":2}},{"type":"Feature","geometry":{"geodesic":false,"type":"Polygon","coordinates":[[[106.9794688705097,-6.053746699681455],[106.9794688705097,-6.054645014965575],[106.97767223994146,-6.053746699681455],[106.97767223994146,-6.055543330249694],[106.98126550107794,-6.055543330249694],[106.98036718579382,-6.053746699681455],[106.9794688705097,-6.053746699681455]]]},"id":"+119089-6740","properties":{"cls":3,"count":6}},{"type":"Feature","geometry":{"geodesic":false,"type":"Polygon","coordinates":[[[106.9794688705097,-6.090577626330356],[106.98036718579382,-6.090577626330356],[106.98036718579382,-6.089679311046236],[106.9794688705097,-6.089679311046236],[106.9794688705097,-6.090577626330356]]]},"id":"+119089-6780","properties":{"cls":5,"count":1}},{"type":"Feature","geometry":{"geodesic":false,"type":"Polygon","coordinates":[[[106.97857055522559,-6.092374256898595],[106.98036718579382,-6.092374256898595],[106.98036718579382,-6.091475941614475],[106.97857055522559,-6.091475941614475],[106.97857055522559,-6.092374256898595]]]},"id":"+119089-6782","properties":{"cls":5,"count":2}},{"type":"Feature","geometry":{"geodesic":false,"type":"Polygon","coordinates":[[[106.97857055522559,-6.093272572182714],[106.98036718579382,-6.093272572182714],[106.98036718579382,-6.092374256898595],[106.97857055522559,-6.092374256898595],[106.97857055522559,-6.093272572182714]]]},"id":"+119089-6783","properties":{"cls":4,"count":2}},{"type":"Feature","geometry":{"geodesic":false,"type":"Polygon","coordinates":[[[106.9794688705097,-6.095069202750953],[106.98036718579382,-6.095069202750953],[106.98036718579382,-6.094170887466834],[106.9794688705097,-6.094170887466834],[106.9794688705097,-6.095069202750953]]]},"id":"+119089-6785","properties":{"cls":4,"count":1}},{"type":"Feature","geometry":{"geodesic":false,"type":"Polygon","coordinates":[[[106.9794688705097,-6.099560779171552],[106.98036718579382,-6.099560779171552],[106.98036718579382,-6.098662463887432],[106.9794688705097,-6.098662463887432],[106.9794688705097,-6.099560779171552]]]},"id":"+119089-6790","properties":{"cls":2,"count":1}},{"type":"Feature","geometry":{"geodesic":false,"type":"Polygon","coordinates":[[[106.97767223994146,-6.106747301444507],[106.97767223994146,-6.107645616728627],[106.98126550107794,-6.108543932012746],[106.98036718579382,-6.106747301444507],[106.97767223994146,-6.106747301444507]]]},"id":"+119089-6799","properties":{"cls":5,"count":5}},{"type":"Feature","geometry":{"geodesic":false,"type":"Polygon","coordinates":[[[106.9794688705097,-6.112137193149224],[106.98036718579382,-6.112137193149224],[106.98036718579382,-6.111238877865105],[106.9794688705097,-6.111238877865105],[106.9794688705097,-6.112137193149224]]]},"id":"+119089-6804","properties":{"cls":2,"count":1}},{"type":"Feature","geometry":{"geodesic":false,"type":"Polygon","coordinates":[[[106.9794688705097,-6.113035508433344],[106.98036718579382,-6.113035508433344],[106.98036718579382,-6.112137193149224],[106.9794688705097,-6.112137193149224],[106.9794688705097,-6.113035508433344]]]},"id":"+119089-6805","properties":{"cls":3,"count":1}},{"type":"Feature","geometry":{"geodesic":false,"type":"Polygon","coordinates":[[[106.9794688705097,-6.113933823717463],[106.98036718579382,-6.113933823717463],[106.98036718579382,-6.113035508433344],[106.9794688705097,-6.113035508433344],[106.9794688705097,-6.113933823717463]]]},"id":"+119089-6806","properties":{"cls":5,"count":1}},{"type":"Feature","geometry":{"geodesic":false,"type":"Polygon","coordinates":[[[106.97857055522559,-6.114832139001583],[106.98036718579382,-6.114832139001583],[106.98036718579382,-6.113933823717463],[106.97857055522559,-6.113933823717463],[106.97857055522559,-6.114832139001583]]]},"id":"+119089-6807","properties":{"cls":3,"count":2}},{"type":"Feature","geometry":{"geodesic":false,"type":"Polygon","coordinates":[[[106.9794688705097,-6.114832139001583],[106.9794688705097,-6.1166287695698225],[106.98126550107794,-6.117527084853942],[106.98126550107794,-6.1157304542857025],[106.9794688705097,-6.114832139001583]]]},"id":"+119089-6808","properties":{"cls":7,"count":4}},{"type":"Feature","geometry":{"geodesic":false,"type":"Polygon","coordinates":[[[106.9794688705097,-6.117527084853942],[106.98036718579382,-6.117527084853942],[106.98036718579382,-6.1166287695698225],[106.9794688705097,-6.1166287695698225],[106.9794688705097,-6.117527084853942]]]},"id":"+119089-6810","properties":{"cls":5,"count":1}},{"type":"Feature","geometry":{"geodesic":false,"type":"Polygon","coordinates":[[[106.9794688705097,-6.118425400138062],[106.98036718579382,-6.118425400138062],[106.98036718579382,-6.117527084853942],[106.9794688705097,-6.117527084853942],[106.9794688705097,-6.118425400138062]]]},"id":"+119089-6811","properties":{"cls":7,"count":1}},{"type":"Feature","geometry":{"geodesic":false,"type":"Polygon","coordinates":[[[106.9794688705097,-6.122018661274539],[106.98036718579382,-6.122018661274539],[106.98036718579382,-6.12112034599042],[106.9794688705097,-6.12112034599042],[106.9794688705097,-6.122018661274539]]]},"id":"+119089-6815","properties":{"cls":2,"count":1}},{"type":"Feature","geometry":{"geodesic":false,"type":"Polygon","coordinates":[[[106.9794688705097,-6.123815291842778],[106.98036718579382,-6.123815291842778],[106.98036718579382,-6.122916976558659],[106.9794688705097,-6.122916976558659],[106.9794688705097,-6.123815291842778]]]},"id":"+119089-6817","properties":{"cls":5,"count":1}},{"type":"Feature","geometry":{"geodesic":false,"type":"Polygon","coordinates":[[[106.9794688705097,-6.130103498831615],[106.98036718579382,-6.130103498831615],[106.98036718579382,-6.129205183547495],[106.9794688705097,-6.129205183547495],[106.9794688705097,-6.130103498831615]]]},"id":"+119089-6824","properties":{"cls":4,"count":1}},{"type":"Feature","geometry":{"geodesic":false,"type":"Polygon","coordinates":[[[106.9794688705097,-6.1534596962187225],[106.98036718579382,-6.1534596962187225],[106.98036718579382,-6.152561380934603],[106.9794688705097,-6.152561380934603],[106.9794688705097,-6.1534596962187225]]]},"id":"+119089-6850","properties":{"cls":4,"count":1}},{"type":"Feature","geometry":{"geodesic":false,"type":"Polygon","coordinates":[[[106.9794688705097,-6.1543580115028425],[106.98036718579382,-6.1543580115028425],[106.98036718579382,-6.1534596962187225],[106.9794688705097,-6.1534596962187225],[106.9794688705097,-6.1543580115028425]]]},"id":"+119089-6851","properties":{"cls":5,"count":1}},{"type":"Feature","geometry":{"geodesic":false,"type":"Polygon","coordinates":[[[106.9794688705097,-6.25317269275599],[106.9794688705097,-6.254969323324229],[106.98126550107794,-6.254969323324229],[106.98036718579382,-6.25317269275599],[106.9794688705097,-6.25317269275599]]]},"id":"+119089-6962","properties":{"cls":3,"count":3}},{"type":"Feature","geometry":{"geodesic":false,"type":"Polygon","coordinates":[[[106.98036718579382,-6.051950069113216],[106.98126550107794,-6.051950069113216],[106.98126550107794,-6.051051753829097],[106.98036718579382,-6.051051753829097],[106.98036718579382,-6.051950069113216]]]},"id":"+119090-6737","properties":{"cls":3,"count":1}},{"type":"Feature","geometry":{"geodesic":false,"type":"Polygon","coordinates":[[[106.98036718579382,-6.052848384397336],[106.98126550107794,-6.052848384397336],[106.98126550107794,-6.051950069113216],[106.98036718579382,-6.051950069113216],[106.98036718579382,-6.052848384397336]]]},"id":"+119090-6738","properties":{"cls":2,"count":1}},{"type":"Feature","geometry":{"geodesic":false,"type":"Polygon","coordinates":[[[106.98036718579382,-6.091475941614475],[106.98126550107794,-6.091475941614475],[106.98126550107794,-6.090577626330356],[106.98036718579382,-6.090577626330356],[106.98036718579382,-6.091475941614475]]]},"id":"+119090-6781","properties":{"cls":5,"count":1}},{"type":"Feature","geometry":{"geodesic":false,"type":"Polygon","coordinates":[[[106.98036718579382,-6.092374256898595],[106.98126550107794,-6.092374256898595],[106.98126550107794,-6.091475941614475],[106.98036718579382,-6.091475941614475],[106.98036718579382,-6.092374256898595]]]},"id":"+119090-6782","properties":{"cls":4,"count":1}},{"type":"Feature","geometry":{"geodesic":false,"type":"Polygon","coordinates":[[[106.98036718579382,-6.093272572182714],[106.98126550107794,-6.093272572182714],[106.98126550107794,-6.092374256898595],[106.98036718579382,-6.092374256898595],[106.98036718579382,-6.093272572182714]]]},"id":"+119090-6783","properties":{"cls":5,"count":1}},{"type":"Feature","geometry":{"geodesic":false,"type":"Polygon","coordinates":[[[106.98036718579382,-6.095069202750953],[106.98126550107794,-6.095069202750953],[106.98126550107794,-6.094170887466834],[106.98036718579382,-6.094170887466834],[106.98036718579382,-6.095069202750953]]]},"id":"+119090-6785","properties":{"cls":3,"count":1}},{"type":"Feature","geometry":{"geodesic":false,"type":"Polygon","coordinates":[[[106.98036718579382,-6.095967518035073],[106.98126550107794,-6.095967518035073],[106.98126550107794,-6.095069202750953],[106.98036718579382,-6.095069202750953],[106.98036718579382,-6.095967518035073]]]},"id":"+119090-6786","properties":{"cls":2,"count":1}},{"type":"Feature","geometry":{"geodesic":false,"type":"Polygon","coordinates":[[[106.98036718579382,-6.0968658333191925],[106.98126550107794,-6.0968658333191925],[106.98126550107794,-6.095967518035073],[106.98036718579382,-6.095967518035073],[106.98036718579382,-6.0968658333191925]]]},"id":"+119090-6787","properties":{"cls":4,"count":1}},{"type":"Feature","geometry":{"geodesic":false,"type":"Polygon","coordinates":[[[106.98036718579382,-6.107645616728627],[106.98126550107794,-6.107645616728627],[106.98126550107794,-6.106747301444507],[106.98036718579382,-6.106747301444507],[106.98036718579382,-6.107645616728627]]]},"id":"+119090-6799","properties":{"cls":4,"count":1}},{"type":"Feature","geometry":{"geodesic":false,"type":"Polygon","coordinates":[[[106.98036718579382,-6.112137193149224],[106.98126550107794,-6.112137193149224],[106.98126550107794,-6.111238877865105],[106.98036718579382,-6.111238877865105],[106.98036718579382,-6.112137193149224]]]},"id":"+119090-6804","properties":{"cls":3,"count":1}},{"type":"Feature","geometry":{"geodesic":false,"type":"Polygon","coordinates":[[[106.98036718579382,-6.117527084853942],[106.98036718579382,-6.120222030706301],[106.98216381636206,-6.120222030706301],[106.98216381636206,-6.119323715422181],[106.98126550107794,-6.119323715422181],[106.98126550107794,-6.117527084853942],[106.98036718579382,-6.117527084853942]]]},"id":"+119090-6811","properties":{"cls":5,"count":4}},{"type":"Feature","geometry":{"geodesic":false,"type":"Polygon","coordinates":[[[106.98036718579382,-6.122018661274539],[106.98126550107794,-6.122018661274539],[106.98126550107794,-6.12112034599042],[106.98036718579382,-6.12112034599042],[106.98036718579382,-6.122018661274539]]]},"id":"+119090-6815","properties":{"cls":5,"count":1}},{"type":"Feature","geometry":{"geodesic":false,"type":"Polygon","coordinates":[[[106.98036718579382,-6.123815291842778],[106.98126550107794,-6.123815291842778],[106.98126550107794,-6.122916976558659],[106.98036718579382,-6.122916976558659],[106.98036718579382,-6.123815291842778]]]},"id":"+119090-6817","properties":{"cls":3,"count":1}},{"type":"Feature","geometry":{"geodesic":false,"type":"Polygon","coordinates":[[[106.98036718579382,-6.1534596962187225],[106.98126550107794,-6.1534596962187225],[106.98126550107794,-6.152561380934603],[106.98036718579382,-6.152561380934603],[106.98036718579382,-6.1534596962187225]]]},"id":"+119090-6850","properties":{"cls":2,"count":1}},{"type":"Feature","geometry":{"geodesic":false,"type":"Polygon","coordinates":[[[106.98126550107794,-6.052848384397336],[106.98216381636206,-6.052848384397336],[106.98216381636206,-6.051950069113216],[106.98126550107794,-6.051950069113216],[106.98126550107794,-6.052848384397336]]]},"id":"+119091-6738","properties":{"cls":3,"count":1}},{"type":"Feature","geometry":{"geodesic":false,"type":"Polygon","coordinates":[[[106.98126550107794,-6.091475941614475],[106.98216381636206,-6.091475941614475],[106.98216381636206,-6.090577626330356],[106.98126550107794,-6.090577626330356],[106.98126550107794,-6.091475941614475]]]},"id":"+119091-6781","properties":{"cls":7,"count":1}},{"type":"Feature","geometry":{"geodesic":false,"type":"Polygon","coordinates":[[[106.98126550107794,-6.092374256898595],[106.98216381636206,-6.092374256898595],[106.98216381636206,-6.091475941614475],[106.98126550107794,-6.091475941614475],[106.98126550107794,-6.092374256898595]]]},"id":"+119091-6782","properties":{"cls":3,"count":1}},{"type":"Feature","geometry":{"geodesic":false,"type":"Polygon","coordinates":[[[106.98126550107794,-6.093272572182714],[106.98216381636206,-6.093272572182714],[106.98216381636206,-6.092374256898595],[106.98126550107794,-6.092374256898595],[106.98126550107794,-6.093272572182714]]]},"id":"+119091-6783","properties":{"cls":4,"count":1}},{"type":"Feature","geometry":{"geodesic":false,"type":"Polygon","coordinates":[[[106.97857055522559,-6.094170887466834],[106.98216381636206,-6.094170887466834],[106.98216381636206,-6.093272572182714],[106.97857055522559,-6.093272572182714],[106.97857055522559,-6.094170887466834]]]},"id":"+119091-6784","properties":{"cls":2,"count":4}},{"type":"Feature","geometry":{"geodesic":false,"type":"Polygon","coordinates":[[[106.98126550107794,-6.0968658333191925],[106.98216381636206,-6.0968658333191925],[106.98216381636206,-6.095967518035073],[106.98126550107794,-6.095967518035073],[106.98126550107794,-6.0968658333191925]]]},"id":"+119091-6787","properties":{"cls":2,"count":1}},{"type":"Feature","geometry":{"geodesic":false,"type":"Polygon","coordinates":[[[106.98036718579382,-6.104052355592149],[106.98036718579382,-6.105848986160388],[106.98126550107794,-6.105848986160388],[106.98216381636206,-6.104052355592149],[106.98036718579382,-6.104052355592149]]]},"id":"+119091-6796","properties":{"cls":2,"count":3}},{"type":"Feature","geometry":{"geodesic":false,"type":"Polygon","coordinates":[[[106.98126550107794,-6.111238877865105],[106.98216381636206,-6.111238877865105],[106.98216381636206,-6.110340562580985],[106.98126550107794,-6.110340562580985],[106.98126550107794,-6.111238877865105]]]},"id":"+119091-6803","properties":{"cls":3,"count":1}},{"type":"Feature","geometry":{"geodesic":false,"type":"Polygon","coordinates":[[[106.98126550107794,-6.113035508433344],[106.98216381636206,-6.113035508433344],[106.98216381636206,-6.112137193149224],[106.98126550107794,-6.112137193149224],[106.98126550107794,-6.113035508433344]]]},"id":"+119091-6805","properties":{"cls":5,"count":1}},{"type":"Feature","geometry":{"geodesic":false,"type":"Polygon","coordinates":[[[106.98126550107794,-6.114832139001583],[106.98216381636206,-6.114832139001583],[106.98216381636206,-6.113933823717463],[106.98126550107794,-6.113933823717463],[106.98126550107794,-6.114832139001583]]]},"id":"+119091-6807","properties":{"cls":5,"count":1}},{"type":"Feature","geometry":{"geodesic":false,"type":"Polygon","coordinates":[[[106.98126550107794,-6.122018661274539],[106.98216381636206,-6.122018661274539],[106.98216381636206,-6.12112034599042],[106.98126550107794,-6.12112034599042],[106.98126550107794,-6.122018661274539]]]},"id":"+119091-6815","properties":{"cls":7,"count":1}},{"type":"Feature","geometry":{"geodesic":false,"type":"Polygon","coordinates":[[[106.98126550107794,-6.122916976558659],[106.98216381636206,-6.122916976558659],[106.98216381636206,-6.122018661274539],[106.98126550107794,-6.122018661274539],[106.98126550107794,-6.122916976558659]]]},"id":"+119091-6816","properties":{"cls":5,"count":1}},{"type":"Feature","geometry":{"geodesic":false,"type":"Polygon","coordinates":[[[106.98126550107794,-6.125611922411017],[106.98216381636206,-6.125611922411017],[106.98216381636206,-6.124713607126898],[106.98126550107794,-6.124713607126898],[106.98126550107794,-6.125611922411017]]]},"id":"+119091-6819","properties":{"cls":5,"count":1}},{"type":"Feature","geometry":{"geodesic":false,"type":"Polygon","coordinates":[[[106.98126550107794,-6.127408552979256],[106.98216381636206,-6.127408552979256],[106.98216381636206,-6.126510237695137],[106.98126550107794,-6.126510237695137],[106.98126550107794,-6.127408552979256]]]},"id":"+119091-6821","properties":{"cls":7,"count":1}},{"type":"Feature","geometry":{"geodesic":false,"type":"Polygon","coordinates":[[[106.98126550107794,-6.141781597525169],[106.98216381636206,-6.141781597525169],[106.98216381636206,-6.140883282241049],[106.98126550107794,-6.140883282241049],[106.98126550107794,-6.141781597525169]]]},"id":"+119091-6837","properties":{"cls":4,"count":1}},{"type":"Feature","geometry":{"geodesic":false,"type":"Polygon","coordinates":[[[106.98126550107794,-6.157052957355201],[106.98216381636206,-6.157052957355201],[106.98216381636206,-6.156154642071081],[106.98126550107794,-6.156154642071081],[106.98126550107794,-6.157052957355201]]]},"id":"+119091-6854","properties":{"cls":4,"count":1}},{"type":"Feature","geometry":{"geodesic":false,"type":"Polygon","coordinates":[[[106.98126550107794,-6.160646218491679],[106.98216381636206,-6.160646218491679],[106.98216381636206,-6.15884958792344],[106.98126550107794,-6.15884958792344],[106.98126550107794,-6.160646218491679]]]},"id":"+119091-6857","properties":{"cls":4,"count":2}},{"type":"Feature","geometry":{"geodesic":false,"type":"Polygon","coordinates":[[[106.98126550107794,-6.161544533775798],[106.98216381636206,-6.161544533775798],[106.98216381636206,-6.160646218491679],[106.98126550107794,-6.160646218491679],[106.98126550107794,-6.161544533775798]]]},"id":"+119091-6859","properties":{"cls":2,"count":1}},{"type":"Feature","geometry":{"geodesic":false,"type":"Polygon","coordinates":[[[106.98126550107794,-6.162442849059918],[106.98216381636206,-6.162442849059918],[106.98216381636206,-6.161544533775798],[106.98126550107794,-6.161544533775798],[106.98126550107794,-6.162442849059918]]]},"id":"+119091-6860","properties":{"cls":3,"count":1}},{"type":"Feature","geometry":{"geodesic":false,"type":"Polygon","coordinates":[[[106.98126550107794,-6.163341164344037],[106.98216381636206,-6.163341164344037],[106.98216381636206,-6.162442849059918],[106.98126550107794,-6.162442849059918],[106.98126550107794,-6.163341164344037]]]},"id":"+119091-6861","properties":{"cls":2,"count":1}},{"type":"Feature","geometry":{"geodesic":false,"type":"Polygon","coordinates":[[[106.98126550107794,-6.379835147816842],[106.98216381636206,-6.379835147816842],[106.98216381636206,-6.378936832532722],[106.98126550107794,-6.378936832532722],[106.98126550107794,-6.379835147816842]]]},"id":"+119091-7102","properties":{"cls":5,"count":1}},{"type":"Feature","geometry":{"geodesic":false,"type":"Polygon","coordinates":[[[106.98216381636206,-6.055543330249694],[106.98306213164618,-6.055543330249694],[106.98306213164618,-6.054645014965575],[106.98216381636206,-6.054645014965575],[106.98216381636206,-6.055543330249694]]]},"id":"+119092-6741","properties":{"cls":3,"count":1}},{"type":"Feature","geometry":{"geodesic":false,"type":"Polygon","coordinates":[[[106.98216381636206,-6.089679311046236],[106.98306213164618,-6.089679311046236],[106.98306213164618,-6.088780995762117],[106.98216381636206,-6.088780995762117],[106.98216381636206,-6.089679311046236]]]},"id":"+119092-6779","properties":{"cls":3,"count":1}},{"type":"Feature","geometry":{"geodesic":false,"type":"Polygon","coordinates":[[[106.98216381636206,-6.091475941614475],[106.98306213164618,-6.091475941614475],[106.98306213164618,-6.090577626330356],[106.98216381636206,-6.090577626330356],[106.98216381636206,-6.091475941614475]]]},"id":"+119092-6781","properties":{"cls":4,"count":1}},{"type":"Feature","geometry":{"geodesic":false,"type":"Polygon","coordinates":[[[106.98216381636206,-6.095967518035073],[106.98306213164618,-6.095967518035073],[106.98306213164618,-6.095069202750953],[106.98216381636206,-6.095069202750953],[106.98216381636206,-6.095967518035073]]]},"id":"+119092-6786","properties":{"cls":2,"count":1}},{"type":"Feature","geometry":{"geodesic":false,"type":"Polygon","coordinates":[[[106.98216381636206,-6.104950670876268],[106.98306213164618,-6.104950670876268],[106.98306213164618,-6.104052355592149],[106.98216381636206,-6.104052355592149],[106.98216381636206,-6.104950670876268]]]},"id":"+119092-6796","properties":{"cls":5,"count":1}},{"type":"Feature","geometry":{"geodesic":false,"type":"Polygon","coordinates":[[[106.98216381636206,-6.107645616728627],[106.98306213164618,-6.107645616728627],[106.98306213164618,-6.106747301444507],[106.98216381636206,-6.106747301444507],[106.98216381636206,-6.107645616728627]]]},"id":"+119092-6799","properties":{"cls":7,"count":1}},{"type":"Feature","geometry":{"geodesic":false,"type":"Polygon","coordinates":[[[106.98216381636206,-6.109442247296866],[106.98306213164618,-6.109442247296866],[106.98306213164618,-6.108543932012746],[106.98216381636206,-6.108543932012746],[106.98216381636206,-6.109442247296866]]]},"id":"+119092-6801","properties":{"cls":7,"count":1}},{"type":"Feature","geometry":{"geodesic":false,"type":"Polygon","coordinates":[[[106.98216381636206,-6.110340562580985],[106.98306213164618,-6.110340562580985],[106.98306213164618,-6.109442247296866],[106.98216381636206,-6.109442247296866],[106.98216381636206,-6.110340562580985]]]},"id":"+119092-6802","properties":{"cls":2,"count":1}},{"type":"Feature","geometry":{"geodesic":false,"type":"Polygon","coordinates":[[[106.98216381636206,-6.112137193149224],[106.98306213164618,-6.112137193149224],[106.98306213164618,-6.110340562580985],[106.98216381636206,-6.110340562580985],[106.98216381636206,-6.112137193149224]]]},"id":"+119092-6803","properties":{"cls":5,"count":2}},{"type":"Feature","geometry":{"geodesic":false,"type":"Polygon","coordinates":[[[106.98216381636206,-6.113933823717463],[106.98306213164618,-6.113933823717463],[106.98306213164618,-6.113035508433344],[106.98216381636206,-6.113035508433344],[106.98216381636206,-6.113933823717463]]]},"id":"+119092-6806","properties":{"cls":7,"count":1}},{"type":"Feature","geometry":{"geodesic":false,"type":"Polygon","coordinates":[[[106.98216381636206,-6.119323715422181],[106.98306213164618,-6.119323715422181],[106.98306213164618,-6.118425400138062],[106.98216381636206,-6.118425400138062],[106.98216381636206,-6.119323715422181]]]},"id":"+119092-6812","properties":{"cls":3,"count":1}},{"type":"Feature","geometry":{"geodesic":false,"type":"Polygon","coordinates":[[[106.98216381636206,-6.12112034599042],[106.98306213164618,-6.12112034599042],[106.98306213164618,-6.120222030706301],[106.98216381636206,-6.120222030706301],[106.98216381636206,-6.12112034599042]]]},"id":"+119092-6814","properties":{"cls":4,"count":1}},{"type":"Feature","geometry":{"geodesic":false,"type":"Polygon","coordinates":[[[106.98216381636206,-6.131900129399854],[106.98306213164618,-6.131900129399854],[106.98306213164618,-6.131001814115734],[106.98216381636206,-6.131001814115734],[106.98216381636206,-6.131900129399854]]]},"id":"+119092-6826","properties":{"cls":5,"count":1}},{"type":"Feature","geometry":{"geodesic":false,"type":"Polygon","coordinates":[[[106.98216381636206,-6.142679912809288],[106.98306213164618,-6.142679912809288],[106.98306213164618,-6.141781597525169],[106.98216381636206,-6.141781597525169],[106.98216381636206,-6.142679912809288]]]},"id":"+119092-6838","properties":{"cls":4,"count":1}},{"type":"Feature","geometry":{"geodesic":false,"type":"Polygon","coordinates":[[[106.98216381636206,-6.145374858661647],[106.98306213164618,-6.145374858661647],[106.98306213164618,-6.144476543377527],[106.98216381636206,-6.144476543377527],[106.98216381636206,-6.145374858661647]]]},"id":"+119092-6841","properties":{"cls":4,"count":1}},{"type":"Feature","geometry":{"geodesic":false,"type":"Polygon","coordinates":[[[106.98216381636206,-6.146273173945766],[106.98306213164618,-6.146273173945766],[106.98306213164618,-6.145374858661647],[106.98216381636206,-6.145374858661647],[106.98216381636206,-6.146273173945766]]]},"id":"+119092-6842","properties":{"cls":5,"count":1}},{"type":"Feature","geometry":{"geodesic":false,"type":"Polygon","coordinates":[[[106.98216381636206,-6.147171489229886],[106.98306213164618,-6.147171489229886],[106.98306213164618,-6.146273173945766],[106.98216381636206,-6.146273173945766],[106.98216381636206,-6.147171489229886]]]},"id":"+119092-6843","properties":{"cls":7,"count":1}},{"type":"Feature","geometry":{"geodesic":false,"type":"Polygon","coordinates":[[[106.98216381636206,-6.160646218491679],[106.98306213164618,-6.160646218491679],[106.98306213164618,-6.159747903207559],[106.98216381636206,-6.159747903207559],[106.98216381636206,-6.160646218491679]]]},"id":"+119092-6858","properties":{"cls":7,"count":1}},{"type":"Feature","geometry":{"geodesic":false,"type":"Polygon","coordinates":[[[106.98216381636206,-6.161544533775798],[106.98306213164618,-6.161544533775798],[106.98306213164618,-6.160646218491679],[106.98216381636206,-6.160646218491679],[106.98216381636206,-6.161544533775798]]]},"id":"+119092-6859","properties":{"cls":3,"count":1}},{"type":"Feature","geometry":{"geodesic":false,"type":"Polygon","coordinates":[[[106.98216381636206,-6.089679311046236],[106.98216381636206,-6.090577626330356],[106.9839604469303,-6.091475941614475],[106.9839604469303,-6.089679311046236],[106.98216381636206,-6.089679311046236]]]},"id":"+119093-6780","properties":{"cls":5,"count":3}},{"type":"Feature","geometry":{"geodesic":false,"type":"Polygon","coordinates":[[[106.98306213164618,-6.095069202750953],[106.9839604469303,-6.095069202750953],[106.9839604469303,-6.094170887466834],[106.98306213164618,-6.094170887466834],[106.98306213164618,-6.095069202750953]]]},"id":"+119093-6785","properties":{"cls":2,"count":1}},{"type":"Feature","geometry":{"geodesic":false,"type":"Polygon","coordinates":[[[106.98306213164618,-6.095967518035073],[106.9839604469303,-6.095967518035073],[106.9839604469303,-6.095069202750953],[106.98306213164618,-6.095069202750953],[106.98306213164618,-6.095967518035073]]]},"id":"+119093-6786","properties":{"cls":3,"count":1}},{"type":"Feature","geometry":{"geodesic":false,"type":"Polygon","coordinates":[[[106.98306213164618,-6.112137193149224],[106.9839604469303,-6.112137193149224],[106.9839604469303,-6.111238877865105],[106.98306213164618,-6.111238877865105],[106.98306213164618,-6.112137193149224]]]},"id":"+119093-6804","properties":{"cls":4,"count":1}},{"type":"Feature","geometry":{"geodesic":false,"type":"Polygon","coordinates":[[[106.98216381636206,-6.113933823717463],[106.98216381636206,-6.114832139001583],[106.9839604469303,-6.1157304542857025],[106.9839604469303,-6.113933823717463],[106.98216381636206,-6.113933823717463]]]},"id":"+119093-6807","properties":{"cls":4,"count":3}},{"type":"Feature","geometry":{"geodesic":false,"type":"Polygon","coordinates":[[[106.98306213164618,-6.119323715422181],[106.9839604469303,-6.119323715422181],[106.9839604469303,-6.118425400138062],[106.98306213164618,-6.118425400138062],[106.98306213164618,-6.119323715422181]]]},"id":"+119093-6812","properties":{"cls":5,"count":1}},{"type":"Feature","geometry":{"geodesic":false,"type":"Polygon","coordinates":[[[106.98306213164618,-6.120222030706301],[106.9839604469303,-6.120222030706301],[106.9839604469303,-6.119323715422181],[106.98306213164618,-6.119323715422181],[106.98306213164618,-6.120222030706301]]]},"id":"+119093-6813","properties":{"cls":4,"count":1}},{"type":"Feature","geometry":{"geodesic":false,"type":"Polygon","coordinates":[[[106.98306213164618,-6.12112034599042],[106.9839604469303,-6.12112034599042],[106.9839604469303,-6.120222030706301],[106.98306213164618,-6.120222030706301],[106.98306213164618,-6.12112034599042]]]},"id":"+119093-6814","properties":{"cls":5,"count":1}},{"type":"Feature","geometry":{"geodesic":false,"type":"Polygon","coordinates":[[[106.98216381636206,-6.12112034599042],[106.98216381636206,-6.122916976558659],[106.98306213164618,-6.122916976558659],[106.9839604469303,-6.12112034599042],[106.98216381636206,-6.12112034599042]]]},"id":"+119093-6815","properties":{"cls":9,"count":3}},{"type":"Feature","geometry":{"geodesic":false,"type":"Polygon","coordinates":[[[106.98306213164618,-6.124713607126898],[106.9839604469303,-6.124713607126898],[106.9839604469303,-6.123815291842778],[106.98306213164618,-6.123815291842778],[106.98306213164618,-6.124713607126898]]]},"id":"+119093-6818","properties":{"cls":5,"count":1}},{"type":"Feature","geometry":{"geodesic":false,"type":"Polygon","coordinates":[[[106.98216381636206,-6.126510237695137],[106.9839604469303,-6.126510237695137],[106.9839604469303,-6.125611922411017],[106.98216381636206,-6.125611922411017],[106.98216381636206,-6.126510237695137]]]},"id":"+119093-6820","properties":{"cls":7,"count":2}},{"type":"Feature","geometry":{"geodesic":false,"type":"Polygon","coordinates":[[[106.98306213164618,-6.129205183547495],[106.9839604469303,-6.129205183547495],[106.9839604469303,-6.128306868263376],[106.98306213164618,-6.128306868263376],[106.98306213164618,-6.129205183547495]]]},"id":"+119093-6823","properties":{"cls":7,"count":1}},{"type":"Feature","geometry":{"geodesic":false,"type":"Polygon","coordinates":[[[106.98306213164618,-6.133696759968093],[106.9839604469303,-6.133696759968093],[106.9839604469303,-6.131900129399854],[106.98306213164618,-6.131900129399854],[106.98306213164618,-6.133696759968093]]]},"id":"+119093-6827","properties":{"cls":5,"count":2}},{"type":"Feature","geometry":{"geodesic":false,"type":"Polygon","coordinates":[[[106.98216381636206,-6.137290021104572],[106.9839604469303,-6.137290021104572],[106.9839604469303,-6.136391705820452],[106.98216381636206,-6.136391705820452],[106.98216381636206,-6.137290021104572]]]},"id":"+119093-6832","properties":{"cls":4,"count":2}},{"type":"Feature","geometry":{"geodesic":false,"type":"Polygon","coordinates":[[[106.98306213164618,-6.140883282241049],[106.9839604469303,-6.140883282241049],[106.9839604469303,-6.13998496695693],[106.98306213164618,-6.13998496695693],[106.98306213164618,-6.140883282241049]]]},"id":"+119093-6836","properties":{"cls":5,"count":1}},{"type":"Feature","geometry":{"geodesic":false,"type":"Polygon","coordinates":[[[106.98306213164618,-6.166036110196396],[106.98306213164618,-6.167832740764635],[106.98485876221442,-6.167832740764635],[106.9839604469303,-6.166036110196396],[106.98306213164618,-6.166036110196396]]]},"id":"+119093-6865","properties":{"cls":4,"count":3}},{"type":"Feature","geometry":{"geodesic":false,"type":"Polygon","coordinates":[[[106.98306213164618,-6.27113899843838],[106.9839604469303,-6.27113899843838],[106.9839604469303,-6.2702406831542605],[106.98306213164618,-6.2702406831542605],[106.98306213164618,-6.27113899843838]]]},"id":"+119093-6981","properties":{"cls":2,"count":1}},{"type":"Feature","geometry":{"geodesic":false,"type":"Polygon","coordinates":[[[106.98306213164618,-6.274732259574858],[106.9839604469303,-6.274732259574858],[106.9839604469303,-6.273833944290739],[106.98306213164618,-6.273833944290739],[106.98306213164618,-6.274732259574858]]]},"id":"+119093-6985","properties":{"cls":5,"count":1}},{"type":"Feature","geometry":{"geodesic":false,"type":"Polygon","coordinates":[[[106.98306213164618,-6.276528890143097],[106.9839604469303,-6.276528890143097],[106.9839604469303,-6.275630574858978],[106.98306213164618,-6.275630574858978],[106.98306213164618,-6.276528890143097]]]},"id":"+119093-6987","properties":{"cls":2,"count":1}},{"type":"Feature","geometry":{"geodesic":false,"type":"Polygon","coordinates":[[[106.98306213164618,-6.278325520711336],[106.9839604469303,-6.278325520711336],[106.9839604469303,-6.277427205427217],[106.98306213164618,-6.277427205427217],[106.98306213164618,-6.278325520711336]]]},"id":"+119093-6989","properties":{"cls":3,"count":1}},{"type":"Feature","geometry":{"geodesic":false,"type":"Polygon","coordinates":[[[106.98036718579382,-6.053746699681455],[106.98126550107794,-6.055543330249694],[106.98216381636206,-6.055543330249694],[106.98216381636206,-6.054645014965575],[106.9839604469303,-6.055543330249694],[106.9839604469303,-6.054645014965575],[106.98485876221442,-6.054645014965575],[106.98485876221442,-6.053746699681455],[106.98036718579382,-6.053746699681455]]]},"id":"+119094-6740","properties":{"cls":2,"count":7}},{"type":"Feature","geometry":{"geodesic":false,"type":"Polygon","coordinates":[[[106.9839604469303,-6.055543330249694],[106.98485876221442,-6.055543330249694],[106.98485876221442,-6.054645014965575],[106.9839604469303,-6.054645014965575],[106.9839604469303,-6.055543330249694]]]},"id":"+119094-6741","properties":{"cls":3,"count":1}},{"type":"Feature","geometry":{"geodesic":false,"type":"Polygon","coordinates":[[[106.9839604469303,-6.095069202750953],[106.98485876221442,-6.095069202750953],[106.98485876221442,-6.093272572182714],[106.9839604469303,-6.093272572182714],[106.9839604469303,-6.095069202750953]]]},"id":"+119094-6784","properties":{"cls":3,"count":2}},{"type":"Feature","geometry":{"geodesic":false,"type":"Polygon","coordinates":[[[106.9839604469303,-6.095967518035073],[106.98485876221442,-6.095967518035073],[106.98485876221442,-6.095069202750953],[106.9839604469303,-6.095069202750953],[106.9839604469303,-6.095967518035073]]]},"id":"+119094-6786","properties":{"cls":4,"count":1}},{"type":"Feature","geometry":{"geodesic":false,"type":"Polygon","coordinates":[[[106.9839604469303,-6.109442247296866],[106.98485876221442,-6.109442247296866],[106.98485876221442,-6.108543932012746],[106.9839604469303,-6.108543932012746],[106.9839604469303,-6.109442247296866]]]},"id":"+119094-6801","properties":{"cls":5,"count":1}},{"type":"Feature","geometry":{"geodesic":false,"type":"Polygon","coordinates":[[[106.9839604469303,-6.112137193149224],[106.98485876221442,-6.112137193149224],[106.98485876221442,-6.111238877865105],[106.9839604469303,-6.111238877865105],[106.9839604469303,-6.112137193149224]]]},"id":"+119094-6804","properties":{"cls":5,"count":1}},{"type":"Feature","geometry":{"geodesic":false,"type":"Polygon","coordinates":[[[106.9839604469303,-6.120222030706301],[106.98485876221442,-6.120222030706301],[106.98485876221442,-6.118425400138062],[106.9839604469303,-6.118425400138062],[106.9839604469303,-6.120222030706301]]]},"id":"+119094-6812","properties":{"cls":7,"count":2}},{"type":"Feature","geometry":{"geodesic":false,"type":"Polygon","coordinates":[[[106.9839604469303,-6.12112034599042],[106.98485876221442,-6.12112034599042],[106.98485876221442,-6.120222030706301],[106.9839604469303,-6.120222030706301],[106.9839604469303,-6.12112034599042]]]},"id":"+119094-6814","properties":{"cls":4,"count":1}},{"type":"Feature","geometry":{"geodesic":false,"type":"Polygon","coordinates":[[[106.9839604469303,-6.123815291842778],[106.98485876221442,-6.123815291842778],[106.98485876221442,-6.122916976558659],[106.9839604469303,-6.122916976558659],[106.9839604469303,-6.123815291842778]]]},"id":"+119094-6817","properties":{"cls":9,"count":1}},{"type":"Feature","geometry":{"geodesic":false,"type":"Polygon","coordinates":[[[106.9839604469303,-6.124713607126898],[106.98485876221442,-6.124713607126898],[106.98485876221442,-6.123815291842778],[106.9839604469303,-6.123815291842778],[106.9839604469303,-6.124713607126898]]]},"id":"+119094-6818","properties":{"cls":7,"count":1}},{"type":"Feature","geometry":{"geodesic":false,"type":"Polygon","coordinates":[[[106.9839604469303,-6.125611922411017],[106.98485876221442,-6.125611922411017],[106.98485876221442,-6.124713607126898],[106.9839604469303,-6.124713607126898],[106.9839604469303,-6.125611922411017]]]},"id":"+119094-6819","properties":{"cls":5,"count":1}},{"type":"Feature","geometry":{"geodesic":false,"type":"Polygon","coordinates":[[[106.9839604469303,-6.126510237695137],[106.98485876221442,-6.126510237695137],[106.98485876221442,-6.125611922411017],[106.9839604469303,-6.125611922411017],[106.9839604469303,-6.126510237695137]]]},"id":"+119094-6820","properties":{"cls":9,"count":1}},{"type":"Feature","geometry":{"geodesic":false,"type":"Polygon","coordinates":[[[106.9839604469303,-6.128306868263376],[106.98485876221442,-6.128306868263376],[106.98485876221442,-6.127408552979256],[106.9839604469303,-6.127408552979256],[106.9839604469303,-6.128306868263376]]]},"id":"+119094-6822","properties":{"cls":5,"count":1}},{"type":"Feature","geometry":{"geodesic":false,"type":"Polygon","coordinates":[[[106.9839604469303,-6.1354933905363325],[106.98485876221442,-6.1354933905363325],[106.98485876221442,-6.1345950752522125],[106.9839604469303,-6.1345950752522125],[106.9839604469303,-6.1354933905363325]]]},"id":"+119094-6830","properties":{"cls":5,"count":1}},{"type":"Feature","geometry":{"geodesic":false,"type":"Polygon","coordinates":[[[106.9839604469303,-6.136391705820452],[106.9839604469303,-6.137290021104572],[106.98306213164618,-6.137290021104572],[106.98306213164618,-6.13998496695693],[106.9839604469303,-6.13998496695693],[106.9839604469303,-6.138188336388691],[106.98485876221442,-6.138188336388691],[106.98485876221442,-6.136391705820452],[106.9839604469303,-6.136391705820452]]]},"id":"+119094-6832","properties":{"cls":2,"count":5}},{"type":"Feature","geometry":{"geodesic":false,"type":"Polygon","coordinates":[[[106.9839604469303,-6.147171489229886],[106.98485876221442,-6.147171489229886],[106.98485876221442,-6.145374858661647],[106.9839604469303,-6.145374858661647],[106.9839604469303,-6.147171489229886]]]},"id":"+119094-6842","properties":{"cls":5,"count":2}},{"type":"Feature","geometry":{"geodesic":false,"type":"Polygon","coordinates":[[[106.9839604469303,-6.160646218491679],[106.98485876221442,-6.160646218491679],[106.98485876221442,-6.159747903207559],[106.9839604469303,-6.159747903207559],[106.9839604469303,-6.160646218491679]]]},"id":"+119094-6858","properties":{"cls":3,"count":1}},{"type":"Feature","geometry":{"geodesic":false,"type":"Polygon","coordinates":[[[106.9839604469303,-6.161544533775798],[106.98485876221442,-6.161544533775798],[106.98485876221442,-6.160646218491679],[106.9839604469303,-6.160646218491679],[106.9839604469303,-6.161544533775798]]]},"id":"+119094-6859","properties":{"cls":2,"count":1}},{"type":"Feature","geometry":{"geodesic":false,"type":"Polygon","coordinates":[[[106.9839604469303,-6.278325520711336],[106.98485876221442,-6.278325520711336],[106.98485876221442,-6.277427205427217],[106.9839604469303,-6.277427205427217],[106.9839604469303,-6.278325520711336]]]},"id":"+119094-6989","properties":{"cls":2,"count":1}},{"type":"Feature","geometry":{"geodesic":false,"type":"Polygon","coordinates":[[[106.9839604469303,-6.050153438544977],[106.9839604469303,-6.051950069113216],[106.98485876221442,-6.051950069113216],[106.98575707749853,-6.050153438544977],[106.9839604469303,-6.050153438544977]]]},"id":"+119095-6736","properties":{"cls":5,"count":3}},{"type":"Feature","geometry":{"geodesic":false,"type":"Polygon","coordinates":[[[106.98485876221442,-6.051950069113216],[106.98575707749853,-6.051950069113216],[106.98575707749853,-6.051051753829097],[106.98485876221442,-6.051051753829097],[106.98485876221442,-6.051950069113216]]]},"id":"+119095-6737","properties":{"cls":7,"count":1}},{"type":"Feature","geometry":{"geodesic":false,"type":"Polygon","coordinates":[[[106.98485876221442,-6.095069202750953],[106.98575707749853,-6.095069202750953],[106.98575707749853,-6.094170887466834],[106.98485876221442,-6.094170887466834],[106.98485876221442,-6.095069202750953]]]},"id":"+119095-6785","properties":{"cls":2,"count":1}},{"type":"Feature","geometry":{"geodesic":false,"type":"Polygon","coordinates":[[[106.98485876221442,-6.0968658333191925],[106.98575707749853,-6.0968658333191925],[106.98575707749853,-6.095967518035073],[106.98485876221442,-6.095967518035073],[106.98485876221442,-6.0968658333191925]]]},"id":"+119095-6787","properties":{"cls":2,"count":1}},{"type":"Feature","geometry":{"geodesic":false,"type":"Polygon","coordinates":[[[106.98485876221442,-6.104052355592149],[106.98575707749853,-6.104052355592149],[106.98575707749853,-6.103154040308029],[106.98485876221442,-6.103154040308029],[106.98485876221442,-6.104052355592149]]]},"id":"+119095-6795","properties":{"cls":3,"count":1}},{"type":"Feature","geometry":{"geodesic":false,"type":"Polygon","coordinates":[[[106.98485876221442,-6.105848986160388],[106.98575707749853,-6.105848986160388],[106.98575707749853,-6.104950670876268],[106.98485876221442,-6.104950670876268],[106.98485876221442,-6.105848986160388]]]},"id":"+119095-6797","properties":{"cls":7,"count":1}},{"type":"Feature","geometry":{"geodesic":false,"type":"Polygon","coordinates":[[[106.98485876221442,-6.106747301444507],[106.98575707749853,-6.106747301444507],[106.98575707749853,-6.105848986160388],[106.98485876221442,-6.105848986160388],[106.98485876221442,-6.106747301444507]]]},"id":"+119095-6798","properties":{"cls":3,"count":1}},{"type":"Feature","geometry":{"geodesic":false,"type":"Polygon","coordinates":[[[106.9839604469303,-6.1157304542857025],[106.98575707749853,-6.1157304542857025],[106.98575707749853,-6.114832139001583],[106.9839604469303,-6.114832139001583],[106.9839604469303,-6.1157304542857025]]]},"id":"+119095-6808","properties":{"cls":3,"count":2}},{"type":"Feature","geometry":{"geodesic":false,"type":"Polygon","coordinates":[[[106.98485876221442,-6.117527084853942],[106.98575707749853,-6.117527084853942],[106.98575707749853,-6.1166287695698225],[106.98485876221442,-6.1166287695698225],[106.98485876221442,-6.117527084853942]]]},"id":"+119095-6810","properties":{"cls":3,"count":1}},{"type":"Feature","geometry":{"geodesic":false,"type":"Polygon","coordinates":[[[106.98485876221442,-6.119323715422181],[106.98575707749853,-6.119323715422181],[106.98575707749853,-6.118425400138062],[106.98485876221442,-6.118425400138062],[106.98485876221442,-6.119323715422181]]]},"id":"+119095-6812","properties":{"cls":2,"count":1}},{"type":"Feature","geometry":{"geodesic":false,"type":"Polygon","coordinates":[[[106.98485876221442,-6.123815291842778],[106.98575707749853,-6.123815291842778],[106.98575707749853,-6.122916976558659],[106.98485876221442,-6.122916976558659],[106.98485876221442,-6.123815291842778]]]},"id":"+119095-6817","properties":{"cls":7,"count":1}},{"type":"Feature","geometry":{"geodesic":false,"type":"Polygon","coordinates":[[[106.98485876221442,-6.136391705820452],[106.98575707749853,-6.136391705820452],[106.98575707749853,-6.1354933905363325],[106.98485876221442,-6.1354933905363325],[106.98485876221442,-6.136391705820452]]]},"id":"+119095-6831","properties":{"cls":2,"count":1}},{"type":"Feature","geometry":{"geodesic":false,"type":"Polygon","coordinates":[[[106.98485876221442,-6.2486811163353915],[106.98575707749853,-6.2486811163353915],[106.98575707749853,-6.247782801051272],[106.98485876221442,-6.247782801051272],[106.98485876221442,-6.2486811163353915]]]},"id":"+119095-6956","properties":{"cls":5,"count":1}},{"type":"Feature","geometry":{"geodesic":false,"type":"Polygon","coordinates":[[[106.98485876221442,-6.266647422017782],[106.98575707749853,-6.266647422017782],[106.98575707749853,-6.265749106733662],[106.98485876221442,-6.265749106733662],[106.98485876221442,-6.266647422017782]]]},"id":"+119095-6976","properties":{"cls":9,"count":1}},{"type":"Feature","geometry":{"geodesic":false,"type":"Polygon","coordinates":[[[106.98485876221442,-6.268444052586021],[106.98575707749853,-6.268444052586021],[106.98575707749853,-6.2675457373019015],[106.98485876221442,-6.2675457373019015],[106.98485876221442,-6.268444052586021]]]},"id":"+119095-6978","properties":{"cls":2,"count":1}},{"type":"Feature","geometry":{"geodesic":false,"type":"Polygon","coordinates":[[[106.98485876221442,-6.2702406831542605],[106.98575707749853,-6.2702406831542605],[106.98575707749853,-6.2693423678701405],[106.98485876221442,-6.2693423678701405],[106.98485876221442,-6.2702406831542605]]]},"id":"+119095-6980","properties":{"cls":7,"count":1}},{"type":"Feature","geometry":{"geodesic":false,"type":"Polygon","coordinates":[[[106.98485876221442,-6.353784004577376],[106.98575707749853,-6.353784004577376],[106.98575707749853,-6.352885689293256],[106.98485876221442,-6.352885689293256],[106.98485876221442,-6.353784004577376]]]},"id":"+119095-7073","properties":{"cls":3,"count":1}},{"type":"Feature","geometry":{"geodesic":false,"type":"Polygon","coordinates":[[[106.98575707749853,-6.051950069113216],[106.98665539278265,-6.051950069113216],[106.98665539278265,-6.051051753829097],[106.98575707749853,-6.051051753829097],[106.98575707749853,-6.051950069113216]]]},"id":"+119096-6737","properties":{"cls":4,"count":1}},{"type":"Feature","geometry":{"geodesic":false,"type":"Polygon","coordinates":[[[106.98575707749853,-6.087882680477997],[106.98485876221442,-6.089679311046236],[106.98665539278265,-6.089679311046236],[106.98665539278265,-6.087882680477997],[106.98575707749853,-6.087882680477997]]]},"id":"+119096-6778","properties":{"cls":2,"count":3}},{"type":"Feature","geometry":{"geodesic":false,"type":"Polygon","coordinates":[[[106.98575707749853,-6.094170887466834],[106.98665539278265,-6.094170887466834],[106.98665539278265,-6.093272572182714],[106.98575707749853,-6.093272572182714],[106.98575707749853,-6.094170887466834]]]},"id":"+119096-6784","properties":{"cls":2,"count":1}},{"type":"Feature","geometry":{"geodesic":false,"type":"Polygon","coordinates":[[[106.98575707749853,-6.095069202750953],[106.98665539278265,-6.095069202750953],[106.98665539278265,-6.094170887466834],[106.98575707749853,-6.094170887466834],[106.98575707749853,-6.095069202750953]]]},"id":"+119096-6785","properties":{"cls":4,"count":1}},{"type":"Feature","geometry":{"geodesic":false,"type":"Polygon","coordinates":[[[106.98575707749853,-6.095967518035073],[106.98665539278265,-6.095967518035073],[106.98665539278265,-6.095069202750953],[106.98575707749853,-6.095069202750953],[106.98575707749853,-6.095967518035073]]]},"id":"+119096-6786","properties":{"cls":2,"count":1}},{"type":"Feature","geometry":{"geodesic":false,"type":"Polygon","coordinates":[[[106.98575707749853,-6.112137193149224],[106.98665539278265,-6.112137193149224],[106.98665539278265,-6.111238877865105],[106.98575707749853,-6.111238877865105],[106.98575707749853,-6.112137193149224]]]},"id":"+119096-6804","properties":{"cls":2,"count":1}},{"type":"Feature","geometry":{"geodesic":false,"type":"Polygon","coordinates":[[[106.98575707749853,-6.1166287695698225],[106.98665539278265,-6.1166287695698225],[106.98665539278265,-6.114832139001583],[106.98575707749853,-6.114832139001583],[106.98575707749853,-6.1166287695698225]]]},"id":"+119096-6808","properties":{"cls":4,"count":2}},{"type":"Feature","geometry":{"geodesic":false,"type":"Polygon","coordinates":[[[106.98575707749853,-6.117527084853942],[106.98665539278265,-6.117527084853942],[106.98665539278265,-6.1166287695698225],[106.98575707749853,-6.1166287695698225],[106.98575707749853,-6.117527084853942]]]},"id":"+119096-6810","properties":{"cls":2,"count":1}},{"type":"Feature","geometry":{"geodesic":false,"type":"Polygon","coordinates":[[[106.98575707749853,-6.12112034599042],[106.98665539278265,-6.12112034599042],[106.98665539278265,-6.119323715422181],[106.98575707749853,-6.119323715422181],[106.98575707749853,-6.12112034599042]]]},"id":"+119096-6813","properties":{"cls":5,"count":2}},{"type":"Feature","geometry":{"geodesic":false,"type":"Polygon","coordinates":[[[106.98575707749853,-6.126510237695137],[106.98665539278265,-6.126510237695137],[106.98665539278265,-6.125611922411017],[106.98575707749853,-6.125611922411017],[106.98575707749853,-6.126510237695137]]]},"id":"+119096-6820","properties":{"cls":5,"count":1}},{"type":"Feature","geometry":{"geodesic":false,"type":"Polygon","coordinates":[[[106.98575707749853,-6.142679912809288],[106.98665539278265,-6.142679912809288],[106.98665539278265,-6.141781597525169],[106.98575707749853,-6.141781597525169],[106.98575707749853,-6.142679912809288]]]},"id":"+119096-6838","properties":{"cls":4,"count":1}},{"type":"Feature","geometry":{"geodesic":false,"type":"Polygon","coordinates":[[[106.98485876221442,-6.3259362307696705],[106.98665539278265,-6.3259362307696705],[106.98665539278265,-6.325037915485551],[106.98485876221442,-6.325037915485551],[106.98485876221442,-6.3259362307696705]]]},"id":"+119096-7042","properties":{"cls":2,"count":2}},{"type":"Feature","geometry":{"geodesic":false,"type":"Polygon","coordinates":[[[106.98485876221442,-6.089679311046236],[106.98485876221442,-6.091475941614475],[106.9884520233509,-6.091475941614475],[106.98755370806677,-6.089679311046236],[106.98485876221442,-6.089679311046236]]]},"id":"+119097-6780","properties":{"cls":3,"count":7}},{"type":"Feature","geometry":{"geodesic":false,"type":"Polygon","coordinates":[[[106.98665539278265,-6.092374256898595],[106.98755370806677,-6.092374256898595],[106.98755370806677,-6.091475941614475],[106.98665539278265,-6.091475941614475],[106.98665539278265,-6.092374256898595]]]},"id":"+119097-6782","properties":{"cls":2,"count":1}},{"type":"Feature","geometry":{"geodesic":false,"type":"Polygon","coordinates":[[[106.98665539278265,-6.095967518035073],[106.98755370806677,-6.095967518035073],[106.98755370806677,-6.095069202750953],[106.98665539278265,-6.095069202750953],[106.98665539278265,-6.095967518035073]]]},"id":"+119097-6786","properties":{"cls":3,"count":1}},{"type":"Feature","geometry":{"geodesic":false,"type":"Polygon","coordinates":[[[106.98665539278265,-6.0968658333191925],[106.98755370806677,-6.0968658333191925],[106.98755370806677,-6.095967518035073],[106.98665539278265,-6.095967518035073],[106.98665539278265,-6.0968658333191925]]]},"id":"+119097-6787","properties":{"cls":2,"count":1}},{"type":"Feature","geometry":{"geodesic":false,"type":"Polygon","coordinates":[[[106.98665539278265,-6.113933823717463],[106.98755370806677,-6.113933823717463],[106.98755370806677,-6.113035508433344],[106.98665539278265,-6.113035508433344],[106.98665539278265,-6.113933823717463]]]},"id":"+119097-6806","properties":{"cls":3,"count":1}},{"type":"Feature","geometry":{"geodesic":false,"type":"Polygon","coordinates":[[[106.98665539278265,-6.12112034599042],[106.98755370806677,-6.12112034599042],[106.98755370806677,-6.120222030706301],[106.98665539278265,-6.120222030706301],[106.98665539278265,-6.12112034599042]]]},"id":"+119097-6814","properties":{"cls":4,"count":1}},{"type":"Feature","geometry":{"geodesic":false,"type":"Polygon","coordinates":[[[106.98575707749853,-6.122018661274539],[106.98755370806677,-6.122018661274539],[106.98755370806677,-6.12112034599042],[106.98575707749853,-6.12112034599042],[106.98575707749853,-6.122018661274539]]]},"id":"+119097-6815","properties":{"cls":7,"count":2}},{"type":"Feature","geometry":{"geodesic":false,"type":"Polygon","coordinates":[[[106.98575707749853,-6.131001814115734],[106.98575707749853,-6.131900129399854],[106.98755370806677,-6.132798444683973],[106.98755370806677,-6.131001814115734],[106.98575707749853,-6.131001814115734]]]},"id":"+119097-6826","properties":{"cls":3,"count":3}},{"type":"Feature","geometry":{"geodesic":false,"type":"Polygon","coordinates":[[[106.98665539278265,-6.136391705820452],[106.98755370806677,-6.136391705820452],[106.98755370806677,-6.1345950752522125],[106.98665539278265,-6.1345950752522125],[106.98665539278265,-6.136391705820452]]]},"id":"+119097-6830","properties":{"cls":2,"count":2}},{"type":"Feature","geometry":{"geodesic":false,"type":"Polygon","coordinates":[[[106.98665539278265,-6.161544533775798],[106.98755370806677,-6.161544533775798],[106.98755370806677,-6.160646218491679],[106.98665539278265,-6.160646218491679],[106.98665539278265,-6.161544533775798]]]},"id":"+119097-6859","properties":{"cls":3,"count":1}},{"type":"Feature","geometry":{"geodesic":false,"type":"Polygon","coordinates":[[[106.98665539278265,-6.325037915485551],[106.98755370806677,-6.325037915485551],[106.98755370806677,-6.324139600201431],[106.98665539278265,-6.324139600201431],[106.98665539278265,-6.325037915485551]]]},"id":"+119097-7041","properties":{"cls":3,"count":1}},{"type":"Feature","geometry":{"geodesic":false,"type":"Polygon","coordinates":[[[106.98575707749853,-6.352885689293256],[106.98575707749853,-6.354682319861495],[106.98665539278265,-6.354682319861495],[106.98755370806677,-6.352885689293256],[106.98575707749853,-6.352885689293256]]]},"id":"+119097-7073","properties":{"cls":2,"count":3}},{"type":"Feature","geometry":{"geodesic":false,"type":"Polygon","coordinates":[[[106.98755370806677,-6.090577626330356],[106.9884520233509,-6.090577626330356],[106.9884520233509,-6.087882680477997],[106.98755370806677,-6.087882680477997],[106.98755370806677,-6.090577626330356]]]},"id":"+119098-6778","properties":{"cls":2,"count":3}},{"type":"Feature","geometry":{"geodesic":false,"type":"Polygon","coordinates":[[[106.98755370806677,-6.092374256898595],[106.9884520233509,-6.092374256898595],[106.9884520233509,-6.091475941614475],[106.98755370806677,-6.091475941614475],[106.98755370806677,-6.092374256898595]]]},"id":"+119098-6782","properties":{"cls":5,"count":1}},{"type":"Feature","geometry":{"geodesic":false,"type":"Polygon","coordinates":[[[106.98755370806677,-6.094170887466834],[106.9884520233509,-6.094170887466834],[106.9884520233509,-6.093272572182714],[106.98755370806677,-6.093272572182714],[106.98755370806677,-6.094170887466834]]]},"id":"+119098-6784","properties":{"cls":5,"count":1}},{"type":"Feature","geometry":{"geodesic":false,"type":"Polygon","coordinates":[[[106.98665539278265,-6.095069202750953],[106.9884520233509,-6.095069202750953],[106.9884520233509,-6.094170887466834],[106.98665539278265,-6.094170887466834],[106.98665539278265,-6.095069202750953]]]},"id":"+119098-6785","properties":{"cls":2,"count":2}},{"type":"Feature","geometry":{"geodesic":false,"type":"Polygon","coordinates":[[[106.98755370806677,-6.105848986160388],[106.9884520233509,-6.105848986160388],[106.9884520233509,-6.104950670876268],[106.98755370806677,-6.104950670876268],[106.98755370806677,-6.105848986160388]]]},"id":"+119098-6797","properties":{"cls":3,"count":1}},{"type":"Feature","geometry":{"geodesic":false,"type":"Polygon","coordinates":[[[106.98755370806677,-6.113035508433344],[106.9884520233509,-6.113035508433344],[106.9884520233509,-6.112137193149224],[106.98755370806677,-6.112137193149224],[106.98755370806677,-6.113035508433344]]]},"id":"+119098-6805","properties":{"cls":7,"count":1}},{"type":"Feature","geometry":{"geodesic":false,"type":"Polygon","coordinates":[[[106.98755370806677,-6.1157304542857025],[106.9884520233509,-6.1157304542857025],[106.9884520233509,-6.114832139001583],[106.98755370806677,-6.114832139001583],[106.98755370806677,-6.1157304542857025]]]},"id":"+119098-6808","properties":{"cls":5,"count":1}},{"type":"Feature","geometry":{"geodesic":false,"type":"Polygon","coordinates":[[[106.98755370806677,-6.1166287695698225],[106.9884520233509,-6.1166287695698225],[106.9884520233509,-6.1157304542857025],[106.98755370806677,-6.1157304542857025],[106.98755370806677,-6.1166287695698225]]]},"id":"+119098-6809","properties":{"cls":3,"count":1}},{"type":"Feature","geometry":{"geodesic":false,"type":"Polygon","coordinates":[[[106.98755370806677,-6.143578228093408],[106.9884520233509,-6.143578228093408],[106.9884520233509,-6.142679912809288],[106.98755370806677,-6.142679912809288],[106.98755370806677,-6.143578228093408]]]},"id":"+119098-6839","properties":{"cls":2,"count":1}},{"type":"Feature","geometry":{"geodesic":false,"type":"Polygon","coordinates":[[[106.98755370806677,-6.171426001901113],[106.9884520233509,-6.171426001901113],[106.9884520233509,-6.170527686616993],[106.98755370806677,-6.170527686616993],[106.98755370806677,-6.171426001901113]]]},"id":"+119098-6870","properties":{"cls":9,"count":1}},{"type":"Feature","geometry":{"geodesic":false,"type":"Polygon","coordinates":[[[106.98755370806677,-6.263054160881304],[106.9884520233509,-6.263054160881304],[106.9884520233509,-6.262155845597185],[106.98755370806677,-6.262155845597185],[106.98755370806677,-6.263054160881304]]]},"id":"+119098-6972","properties":{"cls":2,"count":1}},{"type":"Feature","geometry":{"geodesic":false,"type":"Polygon","coordinates":[[[106.98755370806677,-6.264850791449543],[106.9884520233509,-6.264850791449543],[106.9884520233509,-6.263952476165423],[106.98755370806677,-6.263952476165423],[106.98755370806677,-6.264850791449543]]]},"id":"+119098-6974","properties":{"cls":4,"count":1}},{"type":"Feature","geometry":{"geodesic":false,"type":"Polygon","coordinates":[[[106.98755370806677,-6.265749106733662],[106.9884520233509,-6.265749106733662],[106.9884520233509,-6.264850791449543],[106.98755370806677,-6.264850791449543],[106.98755370806677,-6.265749106733662]]]},"id":"+119098-6975","properties":{"cls":3,"count":1}},{"type":"Feature","geometry":{"geodesic":false,"type":"Polygon","coordinates":[[[106.98755370806677,-6.2693423678701405],[106.9884520233509,-6.2693423678701405],[106.9884520233509,-6.268444052586021],[106.98755370806677,-6.268444052586021],[106.98755370806677,-6.2693423678701405]]]},"id":"+119098-6979","properties":{"cls":3,"count":1}},{"type":"Feature","geometry":{"geodesic":false,"type":"Polygon","coordinates":[[[106.98755370806677,-6.34659748230442],[106.9884520233509,-6.34659748230442],[106.9884520233509,-6.3456991670203005],[106.98755370806677,-6.3456991670203005],[106.98755370806677,-6.34659748230442]]]},"id":"+119098-7065","properties":{"cls":4,"count":1}},{"type":"Feature","geometry":{"geodesic":false,"type":"Polygon","coordinates":[[[106.98755370806677,-6.351987374009137],[106.9884520233509,-6.351987374009137],[106.9884520233509,-6.351089058725017],[106.98755370806677,-6.351089058725017],[106.98755370806677,-6.351987374009137]]]},"id":"+119098-7071","properties":{"cls":7,"count":1}},{"type":"Feature","geometry":{"geodesic":false,"type":"Polygon","coordinates":[[[106.98665539278265,-6.352885689293256],[106.9884520233509,-6.352885689293256],[106.9884520233509,-6.351987374009137],[106.98665539278265,-6.351987374009137],[106.98665539278265,-6.352885689293256]]]},"id":"+119098-7072","properties":{"cls":5,"count":2}},{"type":"Feature","geometry":{"geodesic":false,"type":"Polygon","coordinates":[[[106.9884520233509,-6.050153438544977],[106.98935033863502,-6.050153438544977],[106.98935033863502,-6.049255123260858],[106.9884520233509,-6.049255123260858],[106.9884520233509,-6.050153438544977]]]},"id":"+119099-6735","properties":{"cls":2,"count":1}},{"type":"Feature","geometry":{"geodesic":false,"type":"Polygon","coordinates":[[[106.9884520233509,-6.088780995762117],[106.98935033863502,-6.088780995762117],[106.98935033863502,-6.087882680477997],[106.9884520233509,-6.087882680477997],[106.9884520233509,-6.088780995762117]]]},"id":"+119099-6778","properties":{"cls":3,"count":1}},{"type":"Feature","geometry":{"geodesic":false,"type":"Polygon","coordinates":[[[106.9884520233509,-6.092374256898595],[106.98935033863502,-6.092374256898595],[106.98935033863502,-6.091475941614475],[106.9884520233509,-6.091475941614475],[106.9884520233509,-6.092374256898595]]]},"id":"+119099-6782","properties":{"cls":2,"count":1}},{"type":"Feature","geometry":{"geodesic":false,"type":"Polygon","coordinates":[[[106.98665539278265,-6.092374256898595],[106.98665539278265,-6.093272572182714],[106.9884520233509,-6.093272572182714],[106.9884520233509,-6.094170887466834],[106.98935033863502,-6.094170887466834],[106.98935033863502,-6.092374256898595],[106.98665539278265,-6.092374256898595]]]},"id":"+119099-6783","properties":{"cls":3,"count":4}},{"type":"Feature","geometry":{"geodesic":false,"type":"Polygon","coordinates":[[[106.9884520233509,-6.095967518035073],[106.98935033863502,-6.095967518035073],[106.98935033863502,-6.095069202750953],[106.9884520233509,-6.095069202750953],[106.9884520233509,-6.095967518035073]]]},"id":"+119099-6786","properties":{"cls":3,"count":1}},{"type":"Feature","geometry":{"geodesic":false,"type":"Polygon","coordinates":[[[106.9884520233509,-6.10225572502391],[106.98935033863502,-6.10225572502391],[106.98935033863502,-6.101357409739791],[106.9884520233509,-6.101357409739791],[106.9884520233509,-6.10225572502391]]]},"id":"+119099-6793","properties":{"cls":3,"count":1}},{"type":"Feature","geometry":{"geodesic":false,"type":"Polygon","coordinates":[[[106.9884520233509,-6.109442247296866],[106.98935033863502,-6.109442247296866],[106.98935033863502,-6.108543932012746],[106.9884520233509,-6.108543932012746],[106.9884520233509,-6.109442247296866]]]},"id":"+119099-6801","properties":{"cls":4,"count":1}},{"type":"Feature","geometry":{"geodesic":false,"type":"Polygon","coordinates":[[[106.9884520233509,-6.114832139001583],[106.98935033863502,-6.114832139001583],[106.98935033863502,-6.113933823717463],[106.9884520233509,-6.113933823717463],[106.9884520233509,-6.114832139001583]]]},"id":"+119099-6807","properties":{"cls":5,"count":1}},{"type":"Feature","geometry":{"geodesic":false,"type":"Polygon","coordinates":[[[106.9884520233509,-6.142679912809288],[106.98935033863502,-6.142679912809288],[106.98935033863502,-6.141781597525169],[106.9884520233509,-6.141781597525169],[106.9884520233509,-6.142679912809288]]]},"id":"+119099-6838","properties":{"cls":3,"count":1}},{"type":"Feature","geometry":{"geodesic":false,"type":"Polygon","coordinates":[[[106.9884520233509,-6.143578228093408],[106.98935033863502,-6.143578228093408],[106.98935033863502,-6.142679912809288],[106.9884520233509,-6.142679912809288],[106.9884520233509,-6.143578228093408]]]},"id":"+119099-6839","properties":{"cls":4,"count":1}},{"type":"Feature","geometry":{"geodesic":false,"type":"Polygon","coordinates":[[[106.9884520233509,-6.157052957355201],[106.98935033863502,-6.157052957355201],[106.98935033863502,-6.156154642071081],[106.9884520233509,-6.156154642071081],[106.9884520233509,-6.157052957355201]]]},"id":"+119099-6854","properties":{"cls":4,"count":1}},{"type":"Feature","geometry":{"geodesic":false,"type":"Polygon","coordinates":[[[106.9884520233509,-6.15795127263932],[106.98935033863502,-6.15795127263932],[106.98935033863502,-6.157052957355201],[106.9884520233509,-6.157052957355201],[106.9884520233509,-6.15795127263932]]]},"id":"+119099-6855","properties":{"cls":5,"count":1}},{"type":"Feature","geometry":{"geodesic":false,"type":"Polygon","coordinates":[[[106.9884520233509,-6.161544533775798],[106.98935033863502,-6.161544533775798],[106.98935033863502,-6.160646218491679],[106.9884520233509,-6.160646218491679],[106.9884520233509,-6.161544533775798]]]},"id":"+119099-6859","properties":{"cls":2,"count":1}},{"type":"Feature","geometry":{"geodesic":false,"type":"Polygon","coordinates":[[[106.9884520233509,-6.164239479628157],[106.98935033863502,-6.164239479628157],[106.98935033863502,-6.163341164344037],[106.9884520233509,-6.163341164344037],[106.9884520233509,-6.164239479628157]]]},"id":"+119099-6862","properties":{"cls":4,"count":1}},{"type":"Feature","geometry":{"geodesic":false,"type":"Polygon","coordinates":[[[106.9884520233509,-6.166934425480515],[106.98935033863502,-6.166934425480515],[106.98935033863502,-6.166036110196396],[106.9884520233509,-6.166036110196396],[106.9884520233509,-6.166934425480515]]]},"id":"+119099-6865","properties":{"cls":2,"count":1}},{"type":"Feature","geometry":{"geodesic":false,"type":"Polygon","coordinates":[[[106.98755370806677,-6.321444654349073],[106.98935033863502,-6.321444654349073],[106.98935033863502,-6.320546339064953],[106.98755370806677,-6.320546339064953],[106.98755370806677,-6.321444654349073]]]},"id":"+119099-7037","properties":{"cls":5,"count":2}},{"type":"Feature","geometry":{"geodesic":false,"type":"Polygon","coordinates":[[[106.9884520233509,-6.351987374009137],[106.98935033863502,-6.351987374009137],[106.98935033863502,-6.350190743440898],[106.9884520233509,-6.350190743440898],[106.9884520233509,-6.351987374009137]]]},"id":"+119099-7070","properties":{"cls":9,"count":2}},{"type":"Feature","geometry":{"geodesic":false,"type":"Polygon","coordinates":[[[106.98935033863502,-6.050153438544977],[106.99024865391914,-6.050153438544977],[106.99024865391914,-6.049255123260858],[106.98935033863502,-6.049255123260858],[106.98935033863502,-6.050153438544977]]]},"id":"+119100-6735","properties":{"cls":4,"count":1}},{"type":"Feature","geometry":{"geodesic":false,"type":"Polygon","coordinates":[[[106.98935033863502,-6.051051753829097],[106.99024865391914,-6.051051753829097],[106.99024865391914,-6.050153438544977],[106.98935033863502,-6.050153438544977],[106.98935033863502,-6.051051753829097]]]},"id":"+119100-6736","properties":{"cls":7,"count":1}},{"type":"Feature","geometry":{"geodesic":false,"type":"Polygon","coordinates":[[[106.98935033863502,-6.087882680477997],[106.99024865391914,-6.087882680477997],[106.99024865391914,-6.086984365193878],[106.98935033863502,-6.086984365193878],[106.98935033863502,-6.087882680477997]]]},"id":"+119100-6777","properties":{"cls":3,"count":1}},{"type":"Feature","geometry":{"geodesic":false,"type":"Polygon","coordinates":[[[106.98935033863502,-6.094170887466834],[106.99024865391914,-6.094170887466834],[106.99024865391914,-6.093272572182714],[106.98935033863502,-6.093272572182714],[106.98935033863502,-6.094170887466834]]]},"id":"+119100-6784","properties":{"cls":4,"count":1}},{"type":"Feature","geometry":{"geodesic":false,"type":"Polygon","coordinates":[[[106.98935033863502,-6.10225572502391],[106.99024865391914,-6.10225572502391],[106.99024865391914,-6.101357409739791],[106.98935033863502,-6.101357409739791],[106.98935033863502,-6.10225572502391]]]},"id":"+119100-6793","properties":{"cls":2,"count":1}},{"type":"Feature","geometry":{"geodesic":false,"type":"Polygon","coordinates":[[[106.98935033863502,-6.103154040308029],[106.99024865391914,-6.103154040308029],[106.99024865391914,-6.10225572502391],[106.98935033863502,-6.10225572502391],[106.98935033863502,-6.103154040308029]]]},"id":"+119100-6794","properties":{"cls":3,"count":1}},{"type":"Feature","geometry":{"geodesic":false,"type":"Polygon","coordinates":[[[106.98935033863502,-6.108543932012746],[106.99024865391914,-6.108543932012746],[106.99024865391914,-6.107645616728627],[106.98935033863502,-6.107645616728627],[106.98935033863502,-6.108543932012746]]]},"id":"+119100-6800","properties":{"cls":4,"count":1}},{"type":"Feature","geometry":{"geodesic":false,"type":"Polygon","coordinates":[[[106.98935033863502,-6.109442247296866],[106.99024865391914,-6.109442247296866],[106.99024865391914,-6.108543932012746],[106.98935033863502,-6.108543932012746],[106.98935033863502,-6.109442247296866]]]},"id":"+119100-6801","properties":{"cls":3,"count":1}},{"type":"Feature","geometry":{"geodesic":false,"type":"Polygon","coordinates":[[[106.98935033863502,-6.112137193149224],[106.99024865391914,-6.112137193149224],[106.99024865391914,-6.111238877865105],[106.98935033863502,-6.111238877865105],[106.98935033863502,-6.112137193149224]]]},"id":"+119100-6804","properties":{"cls":5,"count":1}},{"type":"Feature","geometry":{"geodesic":false,"type":"Polygon","coordinates":[[[106.98935033863502,-6.113933823717463],[106.99024865391914,-6.113933823717463],[106.99024865391914,-6.113035508433344],[106.98935033863502,-6.113035508433344],[106.98935033863502,-6.113933823717463]]]},"id":"+119100-6806","properties":{"cls":5,"count":1}},{"type":"Feature","geometry":{"geodesic":false,"type":"Polygon","coordinates":[[[106.98935033863502,-6.1166287695698225],[106.99024865391914,-6.1166287695698225],[106.99024865391914,-6.1157304542857025],[106.98935033863502,-6.1157304542857025],[106.98935033863502,-6.1166287695698225]]]},"id":"+119100-6809","properties":{"cls":5,"count":1}},{"type":"Feature","geometry":{"geodesic":false,"type":"Polygon","coordinates":[[[106.98935033863502,-6.118425400138062],[106.99024865391914,-6.118425400138062],[106.99024865391914,-6.117527084853942],[106.98935033863502,-6.117527084853942],[106.98935033863502,-6.118425400138062]]]},"id":"+119100-6811","properties":{"cls":3,"count":1}},{"type":"Feature","geometry":{"geodesic":false,"type":"Polygon","coordinates":[[[106.98935033863502,-6.125611922411017],[106.99024865391914,-6.125611922411017],[106.99024865391914,-6.124713607126898],[106.98935033863502,-6.124713607126898],[106.98935033863502,-6.125611922411017]]]},"id":"+119100-6819","properties":{"cls":4,"count":1}},{"type":"Feature","geometry":{"geodesic":false,"type":"Polygon","coordinates":[[[106.98935033863502,-6.126510237695137],[106.99024865391914,-6.126510237695137],[106.99024865391914,-6.125611922411017],[106.98935033863502,-6.125611922411017],[106.98935033863502,-6.126510237695137]]]},"id":"+119100-6820","properties":{"cls":7,"count":1}},{"type":"Feature","geometry":{"geodesic":false,"type":"Polygon","coordinates":[[[106.98935033863502,-6.325037915485551],[106.99024865391914,-6.325037915485551],[106.99024865391914,-6.324139600201431],[106.98935033863502,-6.324139600201431],[106.98935033863502,-6.325037915485551]]]},"id":"+119100-7041","properties":{"cls":2,"count":1}},{"type":"Feature","geometry":{"geodesic":false,"type":"Polygon","coordinates":[[[106.98935033863502,-6.351089058725017],[106.99024865391914,-6.351089058725017],[106.99024865391914,-6.350190743440898],[106.98935033863502,-6.350190743440898],[106.98935033863502,-6.351089058725017]]]},"id":"+119100-7070","properties":{"cls":7,"count":1}},{"type":"Feature","geometry":{"geodesic":false,"type":"Polygon","coordinates":[[[106.98935033863502,-6.351987374009137],[106.99024865391914,-6.351987374009137],[106.99024865391914,-6.351089058725017],[106.98935033863502,-6.351089058725017],[106.98935033863502,-6.351987374009137]]]},"id":"+119100-7071","properties":{"cls":4,"count":1}},{"type":"Feature","geometry":{"geodesic":false,"type":"Polygon","coordinates":[[[106.99024865391914,-6.089679311046236],[106.99114696920326,-6.089679311046236],[106.99114696920326,-6.088780995762117],[106.99024865391914,-6.088780995762117],[106.99024865391914,-6.089679311046236]]]},"id":"+119101-6779","properties":{"cls":3,"count":1}},{"type":"Feature","geometry":{"geodesic":false,"type":"Polygon","coordinates":[[[106.98935033863502,-6.090577626330356],[106.99114696920326,-6.090577626330356],[106.99114696920326,-6.089679311046236],[106.98935033863502,-6.089679311046236],[106.98935033863502,-6.090577626330356]]]},"id":"+119101-6780","properties":{"cls":2,"count":2}},{"type":"Feature","geometry":{"geodesic":false,"type":"Polygon","coordinates":[[[106.99024865391914,-6.094170887466834],[106.99114696920326,-6.094170887466834],[106.99114696920326,-6.093272572182714],[106.99024865391914,-6.093272572182714],[106.99024865391914,-6.094170887466834]]]},"id":"+119101-6784","properties":{"cls":3,"count":1}},{"type":"Feature","geometry":{"geodesic":false,"type":"Polygon","coordinates":[[[106.98935033863502,-6.105848986160388],[106.98935033863502,-6.107645616728627],[106.99024865391914,-6.107645616728627],[106.99114696920326,-6.105848986160388],[106.98935033863502,-6.105848986160388]]]},"id":"+119101-6798","properties":{"cls":3,"count":3}},{"type":"Feature","geometry":{"geodesic":false,"type":"Polygon","coordinates":[[[106.99024865391914,-6.109442247296866],[106.99114696920326,-6.109442247296866],[106.99114696920326,-6.108543932012746],[106.99024865391914,-6.108543932012746],[106.99024865391914,-6.109442247296866]]]},"id":"+119101-6801","properties":{"cls":2,"count":1}},{"type":"Feature","geometry":{"geodesic":false,"type":"Polygon","coordinates":[[[106.99024865391914,-6.110340562580985],[106.99114696920326,-6.110340562580985],[106.99114696920326,-6.109442247296866],[106.99024865391914,-6.109442247296866],[106.99024865391914,-6.110340562580985]]]},"id":"+119101-6802","properties":{"cls":3,"count":1}},{"type":"Feature","geometry":{"geodesic":false,"type":"Polygon","coordinates":[[[106.99024865391914,-6.111238877865105],[106.99114696920326,-6.111238877865105],[106.99114696920326,-6.110340562580985],[106.99024865391914,-6.110340562580985],[106.99024865391914,-6.111238877865105]]]},"id":"+119101-6803","properties":{"cls":2,"count":1}},{"type":"Feature","geometry":{"geodesic":false,"type":"Polygon","coordinates":[[[106.99024865391914,-6.1157304542857025],[106.99114696920326,-6.1157304542857025],[106.99114696920326,-6.114832139001583],[106.99024865391914,-6.114832139001583],[106.99024865391914,-6.1157304542857025]]]},"id":"+119101-6808","properties":{"cls":7,"count":1}},{"type":"Feature","geometry":{"geodesic":false,"type":"Polygon","coordinates":[[[106.99024865391914,-6.118425400138062],[106.99114696920326,-6.118425400138062],[106.99114696920326,-6.117527084853942],[106.99024865391914,-6.117527084853942],[106.99024865391914,-6.118425400138062]]]},"id":"+119101-6811","properties":{"cls":5,"count":1}},{"type":"Feature","geometry":{"geodesic":false,"type":"Polygon","coordinates":[[[106.99024865391914,-6.119323715422181],[106.99114696920326,-6.119323715422181],[106.99114696920326,-6.118425400138062],[106.99024865391914,-6.118425400138062],[106.99024865391914,-6.119323715422181]]]},"id":"+119101-6812","properties":{"cls":7,"count":1}},{"type":"Feature","geometry":{"geodesic":false,"type":"Polygon","coordinates":[[[106.99024865391914,-6.120222030706301],[106.99114696920326,-6.120222030706301],[106.99114696920326,-6.119323715422181],[106.99024865391914,-6.119323715422181],[106.99024865391914,-6.120222030706301]]]},"id":"+119101-6813","properties":{"cls":4,"count":1}},{"type":"Feature","geometry":{"geodesic":false,"type":"Polygon","coordinates":[[[106.98935033863502,-6.352885689293256],[106.99114696920326,-6.352885689293256],[106.99114696920326,-6.351987374009137],[106.98935033863502,-6.351987374009137],[106.98935033863502,-6.352885689293256]]]},"id":"+119101-7072","properties":{"cls":2,"count":2}},{"type":"Feature","geometry":{"geodesic":false,"type":"Polygon","coordinates":[[[106.99114696920326,-6.049255123260858],[106.99204528448738,-6.049255123260858],[106.99204528448738,-6.048356807976739],[106.99114696920326,-6.048356807976739],[106.99114696920326,-6.049255123260858]]]},"id":"+119102-6734","properties":{"cls":4,"count":1}},{"type":"Feature","geometry":{"geodesic":false,"type":"Polygon","coordinates":[[[106.99114696920326,-6.089679311046236],[106.99204528448738,-6.089679311046236],[106.99204528448738,-6.088780995762117],[106.99114696920326,-6.088780995762117],[106.99114696920326,-6.089679311046236]]]},"id":"+119102-6779","properties":{"cls":2,"count":1}},{"type":"Feature","geometry":{"geodesic":false,"type":"Polygon","coordinates":[[[106.99114696920326,-6.091475941614475],[106.99204528448738,-6.091475941614475],[106.99204528448738,-6.089679311046236],[106.99114696920326,-6.089679311046236],[106.99114696920326,-6.091475941614475]]]},"id":"+119102-6780","properties":{"cls":4,"count":2}},{"type":"Feature","geometry":{"geodesic":false,"type":"Polygon","coordinates":[[[106.99114696920326,-6.094170887466834],[106.99204528448738,-6.094170887466834],[106.99204528448738,-6.093272572182714],[106.99114696920326,-6.093272572182714],[106.99114696920326,-6.094170887466834]]]},"id":"+119102-6784","properties":{"cls":4,"count":1}},{"type":"Feature","geometry":{"geodesic":false,"type":"Polygon","coordinates":[[[106.99024865391914,-6.094170887466834],[106.99024865391914,-6.095069202750953],[106.99204528448738,-6.095967518035073],[106.99204528448738,-6.094170887466834],[106.99024865391914,-6.094170887466834]]]},"id":"+119102-6785","properties":{"cls":5,"count":3}},{"type":"Feature","geometry":{"geodesic":false,"type":"Polygon","coordinates":[[[106.99114696920326,-6.100459094455671],[106.99204528448738,-6.100459094455671],[106.99204528448738,-6.099560779171552],[106.99114696920326,-6.099560779171552],[106.99114696920326,-6.100459094455671]]]},"id":"+119102-6791","properties":{"cls":2,"count":1}},{"type":"Feature","geometry":{"geodesic":false,"type":"Polygon","coordinates":[[[106.99114696920326,-6.103154040308029],[106.99204528448738,-6.103154040308029],[106.99204528448738,-6.10225572502391],[106.99114696920326,-6.10225572502391],[106.99114696920326,-6.103154040308029]]]},"id":"+119102-6794","properties":{"cls":3,"count":1}},{"type":"Feature","geometry":{"geodesic":false,"type":"Polygon","coordinates":[[[106.99114696920326,-6.108543932012746],[106.99204528448738,-6.108543932012746],[106.99204528448738,-6.106747301444507],[106.99114696920326,-6.106747301444507],[106.99114696920326,-6.108543932012746]]]},"id":"+119102-6799","properties":{"cls":3,"count":2}},{"type":"Feature","geometry":{"geodesic":false,"type":"Polygon","coordinates":[[[106.99114696920326,-6.110340562580985],[106.99204528448738,-6.110340562580985],[106.99204528448738,-6.109442247296866],[106.99114696920326,-6.109442247296866],[106.99114696920326,-6.110340562580985]]]},"id":"+119102-6802","properties":{"cls":2,"count":1}},{"type":"Feature","geometry":{"geodesic":false,"type":"Polygon","coordinates":[[[106.99024865391914,-6.114832139001583],[106.99204528448738,-6.114832139001583],[106.99204528448738,-6.113933823717463],[106.99024865391914,-6.113933823717463],[106.99024865391914,-6.114832139001583]]]},"id":"+119102-6807","properties":{"cls":5,"count":2}},{"type":"Feature","geometry":{"geodesic":false,"type":"Polygon","coordinates":[[[106.99114696920326,-6.120222030706301],[106.99204528448738,-6.120222030706301],[106.99204528448738,-6.118425400138062],[106.99114696920326,-6.118425400138062],[106.99114696920326,-6.120222030706301]]]},"id":"+119102-6812","properties":{"cls":5,"count":2}},{"type":"Feature","geometry":{"geodesic":false,"type":"Polygon","coordinates":[[[106.99114696920326,-6.165137794912276],[106.99204528448738,-6.165137794912276],[106.99204528448738,-6.164239479628157],[106.99114696920326,-6.164239479628157],[106.99114696920326,-6.165137794912276]]]},"id":"+119102-6863","properties":{"cls":2,"count":1}},{"type":"Feature","geometry":{"geodesic":false,"type":"Polygon","coordinates":[[[106.99024865391914,-6.247782801051272],[106.99204528448738,-6.247782801051272],[106.99204528448738,-6.246884485767152],[106.99024865391914,-6.246884485767152],[106.99024865391914,-6.247782801051272]]]},"id":"+119102-6955","properties":{"cls":5,"count":2}},{"type":"Feature","geometry":{"geodesic":false,"type":"Polygon","coordinates":[[[106.99114696920326,-6.2486811163353915],[106.99204528448738,-6.2486811163353915],[106.99204528448738,-6.247782801051272],[106.99114696920326,-6.247782801051272],[106.99114696920326,-6.2486811163353915]]]},"id":"+119102-6956","properties":{"cls":4,"count":1}},{"type":"Feature","geometry":{"geodesic":false,"type":"Polygon","coordinates":[[[106.99024865391914,-6.316054762644356],[106.99204528448738,-6.316054762644356],[106.99204528448738,-6.315156447360237],[106.99024865391914,-6.315156447360237],[106.99024865391914,-6.316054762644356]]]},"id":"+119102-7031","properties":{"cls":2,"count":2}},{"type":"Feature","geometry":{"geodesic":false,"type":"Polygon","coordinates":[[[106.99114696920326,-6.340309275315583],[106.99204528448738,-6.340309275315583],[106.99204528448738,-6.339410960031463],[106.99114696920326,-6.339410960031463],[106.99114696920326,-6.340309275315583]]]},"id":"+119102-7058","properties":{"cls":2,"count":1}},{"type":"Feature","geometry":{"geodesic":false,"type":"Polygon","coordinates":[[[106.99204528448738,-6.049255123260858],[106.9929435997715,-6.049255123260858],[106.9929435997715,-6.048356807976739],[106.99204528448738,-6.048356807976739],[106.99204528448738,-6.049255123260858]]]},"id":"+119103-6734","properties":{"cls":2,"count":1}},{"type":"Feature","geometry":{"geodesic":false,"type":"Polygon","coordinates":[[[106.99204528448738,-6.095967518035073],[106.9929435997715,-6.095967518035073],[106.9929435997715,-6.095069202750953],[106.99204528448738,-6.095069202750953],[106.99204528448738,-6.095967518035073]]]},"id":"+119103-6786","properties":{"cls":3,"count":1}},{"type":"Feature","geometry":{"geodesic":false,"type":"Polygon","coordinates":[[[106.99204528448738,-6.208256928550013],[106.9929435997715,-6.208256928550013],[106.9929435997715,-6.207358613265894],[106.99204528448738,-6.207358613265894],[106.99204528448738,-6.208256928550013]]]},"id":"+119103-6911","properties":{"cls":4,"count":1}},{"type":"Feature","geometry":{"geodesic":false,"type":"Polygon","coordinates":[[[106.99204528448738,-6.247782801051272],[106.9929435997715,-6.247782801051272],[106.9929435997715,-6.246884485767152],[106.99204528448738,-6.246884485767152],[106.99204528448738,-6.247782801051272]]]},"id":"+119103-6955","properties":{"cls":3,"count":1}},{"type":"Feature","geometry":{"geodesic":false,"type":"Polygon","coordinates":[[[106.9929435997715,-6.088780995762117],[106.99384191505561,-6.088780995762117],[106.99384191505561,-6.087882680477997],[106.9929435997715,-6.087882680477997],[106.9929435997715,-6.088780995762117]]]},"id":"+119104-6778","properties":{"cls":5,"count":1}},{"type":"Feature","geometry":{"geodesic":false,"type":"Polygon","coordinates":[[[106.9929435997715,-6.0977641486033125],[106.99384191505561,-6.0977641486033125],[106.99384191505561,-6.0968658333191925],[106.9929435997715,-6.0968658333191925],[106.9929435997715,-6.0977641486033125]]]},"id":"+119104-6788","properties":{"cls":2,"count":1}},{"type":"Feature","geometry":{"geodesic":false,"type":"Polygon","coordinates":[[[106.9929435997715,-6.160646218491679],[106.99384191505561,-6.160646218491679],[106.99384191505561,-6.15884958792344],[106.9929435997715,-6.15884958792344],[106.9929435997715,-6.160646218491679]]]},"id":"+119104-6857","properties":{"cls":4,"count":2}},{"type":"Feature","geometry":{"geodesic":false,"type":"Polygon","coordinates":[[[106.9929435997715,-6.25317269275599],[106.99384191505561,-6.25317269275599],[106.99384191505561,-6.25227437747187],[106.9929435997715,-6.25227437747187],[106.9929435997715,-6.25317269275599]]]},"id":"+119104-6961","properties":{"cls":7,"count":1}},{"type":"Feature","geometry":{"geodesic":false,"type":"Polygon","coordinates":[[[106.9929435997715,-6.255867638608348],[106.99384191505561,-6.255867638608348],[106.99384191505561,-6.25317269275599],[106.9929435997715,-6.25317269275599],[106.9929435997715,-6.255867638608348]]]},"id":"+119104-6962","properties":{"cls":9,"count":3}},{"type":"Feature","geometry":{"geodesic":false,"type":"Polygon","coordinates":[[[106.9929435997715,-6.256765953892468],[106.99384191505561,-6.256765953892468],[106.99384191505561,-6.255867638608348],[106.9929435997715,-6.255867638608348],[106.9929435997715,-6.256765953892468]]]},"id":"+119104-6965","properties":{"cls":7,"count":1}},{"type":"Feature","geometry":{"geodesic":false,"type":"Polygon","coordinates":[[[106.9929435997715,-6.339410960031463],[106.99384191505561,-6.339410960031463],[106.99384191505561,-6.338512644747344],[106.9929435997715,-6.338512644747344],[106.9929435997715,-6.339410960031463]]]},"id":"+119104-7057","properties":{"cls":2,"count":1}},{"type":"Feature","geometry":{"geodesic":false,"type":"Polygon","coordinates":[[[106.9929435997715,-6.340309275315583],[106.99384191505561,-6.340309275315583],[106.99384191505561,-6.339410960031463],[106.9929435997715,-6.339410960031463],[106.9929435997715,-6.340309275315583]]]},"id":"+119104-7058","properties":{"cls":3,"count":1}},{"type":"Feature","geometry":{"geodesic":false,"type":"Polygon","coordinates":[[[106.99384191505561,-6.104052355592149],[106.99474023033973,-6.104052355592149],[106.99474023033973,-6.103154040308029],[106.99384191505561,-6.103154040308029],[106.99384191505561,-6.104052355592149]]]},"id":"+119105-6795","properties":{"cls":2,"count":1}},{"type":"Feature","geometry":{"geodesic":false,"type":"Polygon","coordinates":[[[106.99384191505561,-6.122018661274539],[106.99474023033973,-6.122018661274539],[106.99474023033973,-6.12112034599042],[106.99384191505561,-6.12112034599042],[106.99384191505561,-6.122018661274539]]]},"id":"+119105-6815","properties":{"cls":2,"count":1}},{"type":"Feature","geometry":{"geodesic":false,"type":"Polygon","coordinates":[[[106.99384191505561,-6.148968119798125],[106.99474023033973,-6.148968119798125],[106.99474023033973,-6.148069804514005],[106.99384191505561,-6.148069804514005],[106.99384191505561,-6.148968119798125]]]},"id":"+119105-6845","properties":{"cls":4,"count":1}},{"type":"Feature","geometry":{"geodesic":false,"type":"Polygon","coordinates":[[[106.99384191505561,-6.150764750366364],[106.99474023033973,-6.150764750366364],[106.99474023033973,-6.149866435082244],[106.99384191505561,-6.149866435082244],[106.99384191505561,-6.150764750366364]]]},"id":"+119105-6847","properties":{"cls":7,"count":1}},{"type":"Feature","geometry":{"geodesic":false,"type":"Polygon","coordinates":[[[106.99384191505561,-6.166036110196396],[106.99474023033973,-6.166036110196396],[106.99474023033973,-6.165137794912276],[106.99384191505561,-6.165137794912276],[106.99384191505561,-6.166036110196396]]]},"id":"+119105-6864","properties":{"cls":3,"count":1}},{"type":"Feature","geometry":{"geodesic":false,"type":"Polygon","coordinates":[[[106.99384191505561,-6.3474957975885395],[106.99474023033973,-6.3474957975885395],[106.99474023033973,-6.34659748230442],[106.99384191505561,-6.34659748230442],[106.99384191505561,-6.3474957975885395]]]},"id":"+119105-7066","properties":{"cls":2,"count":1}},{"type":"Feature","geometry":{"geodesic":false,"type":"Polygon","coordinates":[[[106.99384191505561,-6.091475941614475],[106.99384191505561,-6.093272572182714],[106.99474023033973,-6.093272572182714],[106.99563854562385,-6.091475941614475],[106.99384191505561,-6.091475941614475]]]},"id":"+119106-6782","properties":{"cls":7,"count":3}},{"type":"Feature","geometry":{"geodesic":false,"type":"Polygon","coordinates":[[[106.99474023033973,-6.151663065650483],[106.99563854562385,-6.151663065650483],[106.99563854562385,-6.150764750366364],[106.99474023033973,-6.150764750366364],[106.99474023033973,-6.151663065650483]]]},"id":"+119106-6848","properties":{"cls":9,"count":1}},{"type":"Feature","geometry":{"geodesic":false,"type":"Polygon","coordinates":[[[106.99474023033973,-6.228019864800642],[106.99563854562385,-6.228019864800642],[106.99563854562385,-6.227121549516523],[106.99474023033973,-6.227121549516523],[106.99474023033973,-6.228019864800642]]]},"id":"+119106-6933","properties":{"cls":3,"count":1}},{"type":"Feature","geometry":{"geodesic":false,"type":"Polygon","coordinates":[[[106.99474023033973,-6.2495794316195115],[106.99563854562385,-6.2495794316195115],[106.99563854562385,-6.2486811163353915],[106.99474023033973,-6.2486811163353915],[106.99474023033973,-6.2495794316195115]]]},"id":"+119106-6957","properties":{"cls":2,"count":1}},{"type":"Feature","geometry":{"geodesic":false,"type":"Polygon","coordinates":[[[106.99474023033973,-6.321444654349073],[106.99563854562385,-6.321444654349073],[106.99563854562385,-6.320546339064953],[106.99474023033973,-6.320546339064953],[106.99474023033973,-6.321444654349073]]]},"id":"+119106-7037","properties":{"cls":5,"count":1}},{"type":"Feature","geometry":{"geodesic":false,"type":"Polygon","coordinates":[[[106.99474023033973,-6.348394112872659],[106.99563854562385,-6.348394112872659],[106.99563854562385,-6.3474957975885395],[106.99474023033973,-6.3474957975885395],[106.99474023033973,-6.348394112872659]]]},"id":"+119106-7067","properties":{"cls":7,"count":1}},{"type":"Feature","geometry":{"geodesic":false,"type":"Polygon","coordinates":[[[106.99563854562385,-6.094170887466834],[106.99653686090797,-6.094170887466834],[106.99653686090797,-6.093272572182714],[106.99563854562385,-6.093272572182714],[106.99563854562385,-6.094170887466834]]]},"id":"+119107-6784","properties":{"cls":4,"count":1}},{"type":"Feature","geometry":{"geodesic":false,"type":"Polygon","coordinates":[[[106.99563854562385,-6.104950670876268],[106.99474023033973,-6.106747301444507],[106.99833349147622,-6.106747301444507],[106.99833349147622,-6.105848986160388],[106.99653686090797,-6.105848986160388],[106.99653686090797,-6.104950670876268],[106.99563854562385,-6.104950670876268]]]},"id":"+119107-6797","properties":{"cls":2,"count":5}},{"type":"Feature","geometry":{"geodesic":false,"type":"Polygon","coordinates":[[[106.99563854562385,-6.107645616728627],[106.99653686090797,-6.107645616728627],[106.99653686090797,-6.106747301444507],[106.99563854562385,-6.106747301444507],[106.99563854562385,-6.107645616728627]]]},"id":"+119107-6799","properties":{"cls":3,"count":1}},{"type":"Feature","geometry":{"geodesic":false,"type":"Polygon","coordinates":[[[106.99563854562385,-6.114832139001583],[106.99653686090797,-6.114832139001583],[106.99653686090797,-6.113933823717463],[106.99563854562385,-6.113933823717463],[106.99563854562385,-6.114832139001583]]]},"id":"+119107-6807","properties":{"cls":4,"count":1}},{"type":"Feature","geometry":{"geodesic":false,"type":"Polygon","coordinates":[[[106.99563854562385,-6.125611922411017],[106.99653686090797,-6.125611922411017],[106.99653686090797,-6.124713607126898],[106.99563854562385,-6.124713607126898],[106.99563854562385,-6.125611922411017]]]},"id":"+119107-6819","properties":{"cls":2,"count":1}},{"type":"Feature","geometry":{"geodesic":false,"type":"Polygon","coordinates":[[[106.99653686090797,-6.104950670876268],[106.99743517619208,-6.104950670876268],[106.99743517619208,-6.104052355592149],[106.99653686090797,-6.104052355592149],[106.99653686090797,-6.104950670876268]]]},"id":"+119108-6796","properties":{"cls":2,"count":1}},{"type":"Feature","geometry":{"geodesic":false,"type":"Polygon","coordinates":[[[106.99653686090797,-6.113933823717463],[106.99743517619208,-6.113933823717463],[106.99743517619208,-6.113035508433344],[106.99653686090797,-6.113035508433344],[106.99653686090797,-6.113933823717463]]]},"id":"+119108-6806","properties":{"cls":5,"count":1}},{"type":"Feature","geometry":{"geodesic":false,"type":"Polygon","coordinates":[[[106.99653686090797,-6.1157304542857025],[106.99743517619208,-6.1157304542857025],[106.99743517619208,-6.114832139001583],[106.99653686090797,-6.114832139001583],[106.99653686090797,-6.1157304542857025]]]},"id":"+119108-6808","properties":{"cls":7,"count":1}},{"type":"Feature","geometry":{"geodesic":false,"type":"Polygon","coordinates":[[[106.99653686090797,-6.128306868263376],[106.99743517619208,-6.128306868263376],[106.99743517619208,-6.127408552979256],[106.99653686090797,-6.127408552979256],[106.99653686090797,-6.128306868263376]]]},"id":"+119108-6822","properties":{"cls":5,"count":1}},{"type":"Feature","geometry":{"geodesic":false,"type":"Polygon","coordinates":[[[106.99653686090797,-6.255867638608348],[106.99743517619208,-6.255867638608348],[106.99743517619208,-6.254969323324229],[106.99653686090797,-6.254969323324229],[106.99653686090797,-6.255867638608348]]]},"id":"+119108-6964","properties":{"cls":5,"count":1}},{"type":"Feature","geometry":{"geodesic":false,"type":"Polygon","coordinates":[[[106.99563854562385,-6.258562584460707],[106.99743517619208,-6.258562584460707],[106.99743517619208,-6.257664269176587],[106.99563854562385,-6.257664269176587],[106.99563854562385,-6.258562584460707]]]},"id":"+119108-6967","properties":{"cls":4,"count":2}},{"type":"Feature","geometry":{"geodesic":false,"type":"Polygon","coordinates":[[[106.99653686090797,-6.372648625543886],[106.99743517619208,-6.372648625543886],[106.99743517619208,-6.371750310259766],[106.99653686090797,-6.371750310259766],[106.99653686090797,-6.372648625543886]]]},"id":"+119108-7094","properties":{"cls":2,"count":1}},{"type":"Feature","geometry":{"geodesic":false,"type":"Polygon","coordinates":[[[106.99743517619208,-6.049255123260858],[106.99833349147622,-6.049255123260858],[106.99833349147622,-6.048356807976739],[106.99743517619208,-6.048356807976739],[106.99743517619208,-6.049255123260858]]]},"id":"+119109-6734","properties":{"cls":5,"count":1}},{"type":"Feature","geometry":{"geodesic":false,"type":"Polygon","coordinates":[[[106.99743517619208,-6.095069202750953],[106.99833349147622,-6.095069202750953],[106.99833349147622,-6.094170887466834],[106.99743517619208,-6.094170887466834],[106.99743517619208,-6.095069202750953]]]},"id":"+119109-6785","properties":{"cls":5,"count":1}},{"type":"Feature","geometry":{"geodesic":false,"type":"Polygon","coordinates":[[[106.99743517619208,-6.10225572502391],[106.99833349147622,-6.10225572502391],[106.99833349147622,-6.101357409739791],[106.99743517619208,-6.101357409739791],[106.99743517619208,-6.10225572502391]]]},"id":"+119109-6793","properties":{"cls":3,"count":1}},{"type":"Feature","geometry":{"geodesic":false,"type":"Polygon","coordinates":[[[106.99743517619208,-6.103154040308029],[106.99833349147622,-6.103154040308029],[106.99833349147622,-6.10225572502391],[106.99743517619208,-6.10225572502391],[106.99743517619208,-6.103154040308029]]]},"id":"+119109-6794","properties":{"cls":4,"count":1}},{"type":"Feature","geometry":{"geodesic":false,"type":"Polygon","coordinates":[[[106.99743517619208,-6.104052355592149],[106.99833349147622,-6.104052355592149],[106.99833349147622,-6.103154040308029],[106.99743517619208,-6.103154040308029],[106.99743517619208,-6.104052355592149]]]},"id":"+119109-6795","properties":{"cls":5,"count":1}},{"type":"Feature","geometry":{"geodesic":false,"type":"Polygon","coordinates":[[[106.99743517619208,-6.105848986160388],[106.99833349147622,-6.105848986160388],[106.99833349147622,-6.104950670876268],[106.99743517619208,-6.104950670876268],[106.99743517619208,-6.105848986160388]]]},"id":"+119109-6797","properties":{"cls":3,"count":1}},{"type":"Feature","geometry":{"geodesic":false,"type":"Polygon","coordinates":[[[106.99743517619208,-6.113933823717463],[106.99833349147622,-6.113933823717463],[106.99833349147622,-6.113035508433344],[106.99743517619208,-6.113035508433344],[106.99743517619208,-6.113933823717463]]]},"id":"+119109-6806","properties":{"cls":7,"count":1}},{"type":"Feature","geometry":{"geodesic":false,"type":"Polygon","coordinates":[[[106.99743517619208,-6.131001814115734],[106.99833349147622,-6.131001814115734],[106.99833349147622,-6.130103498831615],[106.99743517619208,-6.130103498831615],[106.99743517619208,-6.131001814115734]]]},"id":"+119109-6825","properties":{"cls":3,"count":1}},{"type":"Feature","geometry":{"geodesic":false,"type":"Polygon","coordinates":[[[106.99743517619208,-6.160646218491679],[106.99833349147622,-6.160646218491679],[106.99833349147622,-6.159747903207559],[106.99743517619208,-6.159747903207559],[106.99743517619208,-6.160646218491679]]]},"id":"+119109-6858","properties":{"cls":3,"count":1}},{"type":"Feature","geometry":{"geodesic":false,"type":"Polygon","coordinates":[[[106.99743517619208,-6.2486811163353915],[106.99833349147622,-6.2486811163353915],[106.99833349147622,-6.247782801051272],[106.99743517619208,-6.247782801051272],[106.99743517619208,-6.2486811163353915]]]},"id":"+119109-6956","properties":{"cls":2,"count":1}},{"type":"Feature","geometry":{"geodesic":false,"type":"Polygon","coordinates":[[[106.99743517619208,-6.387021670089798],[106.99833349147622,-6.387021670089798],[106.99833349147622,-6.386123354805679],[106.99743517619208,-6.386123354805679],[106.99743517619208,-6.387021670089798]]]},"id":"+119109-7110","properties":{"cls":2,"count":1}},{"type":"Feature","geometry":{"geodesic":false,"type":"Polygon","coordinates":[[[106.99833349147622,-6.054645014965575],[106.99923180676033,-6.054645014965575],[106.99923180676033,-6.053746699681455],[106.99833349147622,-6.053746699681455],[106.99833349147622,-6.054645014965575]]]},"id":"+119110-6740","properties":{"cls":4,"count":1}},{"type":"Feature","geometry":{"geodesic":false,"type":"Polygon","coordinates":[[[106.99833349147622,-6.056441645533814],[106.99923180676033,-6.056441645533814],[106.99923180676033,-6.055543330249694],[106.99833349147622,-6.055543330249694],[106.99833349147622,-6.056441645533814]]]},"id":"+119110-6742","properties":{"cls":3,"count":1}},{"type":"Feature","geometry":{"geodesic":false,"type":"Polygon","coordinates":[[[106.99833349147622,-6.0582382761020535],[106.99923180676033,-6.0582382761020535],[106.99923180676033,-6.0573399608179335],[106.99833349147622,-6.0573399608179335],[106.99833349147622,-6.0582382761020535]]]},"id":"+119110-6744","properties":{"cls":4,"count":1}},{"type":"Feature","geometry":{"geodesic":false,"type":"Polygon","coordinates":[[[106.99833349147622,-6.095967518035073],[106.99923180676033,-6.095967518035073],[106.99923180676033,-6.095069202750953],[106.99833349147622,-6.095069202750953],[106.99833349147622,-6.095967518035073]]]},"id":"+119110-6786","properties":{"cls":3,"count":1}},{"type":"Feature","geometry":{"geodesic":false,"type":"Polygon","coordinates":[[[106.99833349147622,-6.0968658333191925],[106.99923180676033,-6.0968658333191925],[106.99923180676033,-6.095967518035073],[106.99833349147622,-6.095967518035073],[106.99833349147622,-6.0968658333191925]]]},"id":"+119110-6787","properties":{"cls":5,"count":1}},{"type":"Feature","geometry":{"geodesic":false,"type":"Polygon","coordinates":[[[106.99833349147622,-6.103154040308029],[106.99923180676033,-6.103154040308029],[106.99923180676033,-6.10225572502391],[106.99833349147622,-6.10225572502391],[106.99833349147622,-6.103154040308029]]]},"id":"+119110-6794","properties":{"cls":3,"count":1}},{"type":"Feature","geometry":{"geodesic":false,"type":"Polygon","coordinates":[[[106.99833349147622,-6.104052355592149],[106.99923180676033,-6.104052355592149],[106.99923180676033,-6.103154040308029],[106.99833349147622,-6.103154040308029],[106.99833349147622,-6.104052355592149]]]},"id":"+119110-6795","properties":{"cls":4,"count":1}},{"type":"Feature","geometry":{"geodesic":false,"type":"Polygon","coordinates":[[[106.99833349147622,-6.104950670876268],[106.99923180676033,-6.104950670876268],[106.99923180676033,-6.104052355592149],[106.99833349147622,-6.104052355592149],[106.99833349147622,-6.104950670876268]]]},"id":"+119110-6796","properties":{"cls":5,"count":1}},{"type":"Feature","geometry":{"geodesic":false,"type":"Polygon","coordinates":[[[106.99833349147622,-6.106747301444507],[106.99923180676033,-6.106747301444507],[106.99923180676033,-6.105848986160388],[106.99833349147622,-6.105848986160388],[106.99833349147622,-6.106747301444507]]]},"id":"+119110-6798","properties":{"cls":5,"count":1}},{"type":"Feature","geometry":{"geodesic":false,"type":"Polygon","coordinates":[[[106.99833349147622,-6.126510237695137],[106.99923180676033,-6.126510237695137],[106.99923180676033,-6.125611922411017],[106.99833349147622,-6.125611922411017],[106.99833349147622,-6.126510237695137]]]},"id":"+119110-6820","properties":{"cls":7,"count":1}},{"type":"Feature","geometry":{"geodesic":false,"type":"Polygon","coordinates":[[[106.99833349147622,-6.127408552979256],[106.99923180676033,-6.127408552979256],[106.99923180676033,-6.126510237695137],[106.99833349147622,-6.126510237695137],[106.99833349147622,-6.127408552979256]]]},"id":"+119110-6821","properties":{"cls":4,"count":1}},{"type":"Feature","geometry":{"geodesic":false,"type":"Polygon","coordinates":[[[106.99833349147622,-6.157052957355201],[106.99923180676033,-6.157052957355201],[106.99923180676033,-6.156154642071081],[106.99833349147622,-6.156154642071081],[106.99833349147622,-6.157052957355201]]]},"id":"+119110-6854","properties":{"cls":3,"count":1}},{"type":"Feature","geometry":{"geodesic":false,"type":"Polygon","coordinates":[[[106.99833349147622,-6.222629973095926],[106.99923180676033,-6.222629973095926],[106.99923180676033,-6.221731657811806],[106.99833349147622,-6.221731657811806],[106.99833349147622,-6.222629973095926]]]},"id":"+119110-6927","properties":{"cls":4,"count":1}},{"type":"Feature","geometry":{"geodesic":false,"type":"Polygon","coordinates":[[[106.99833349147622,-6.305274979234921],[106.99923180676033,-6.305274979234921],[106.99923180676033,-6.304376663950802],[106.99833349147622,-6.304376663950802],[106.99833349147622,-6.305274979234921]]]},"id":"+119110-7019","properties":{"cls":4,"count":1}},{"type":"Feature","geometry":{"geodesic":false,"type":"Polygon","coordinates":[[[106.99833349147622,-6.321444654349073],[106.99923180676033,-6.321444654349073],[106.99923180676033,-6.320546339064953],[106.99833349147622,-6.320546339064953],[106.99833349147622,-6.321444654349073]]]},"id":"+119110-7037","properties":{"cls":2,"count":1}},{"type":"Feature","geometry":{"geodesic":false,"type":"Polygon","coordinates":[[[106.99833349147622,-6.371750310259766],[106.99923180676033,-6.371750310259766],[106.99923180676033,-6.370851994975647],[106.99833349147622,-6.370851994975647],[106.99833349147622,-6.371750310259766]]]},"id":"+119110-7093","properties":{"cls":3,"count":1}},{"type":"Feature","geometry":{"geodesic":false,"type":"Polygon","coordinates":[[[106.99833349147622,-6.374445256112125],[106.99923180676033,-6.374445256112125],[106.99923180676033,-6.373546940828005],[106.99833349147622,-6.373546940828005],[106.99833349147622,-6.374445256112125]]]},"id":"+119110-7096","properties":{"cls":3,"count":1}},{"type":"Feature","geometry":{"geodesic":false,"type":"Polygon","coordinates":[[[106.99923180676033,-6.051051753829097],[107.00013012204445,-6.051051753829097],[107.00013012204445,-6.050153438544977],[106.99923180676033,-6.050153438544977],[106.99923180676033,-6.051051753829097]]]},"id":"+119111-6736","properties":{"cls":3,"count":1}},{"type":"Feature","geometry":{"geodesic":false,"type":"Polygon","coordinates":[[[106.99923180676033,-6.051051753829097],[106.99923180676033,-6.052848384397336],[107.00192675261269,-6.052848384397336],[107.00192675261269,-6.051950069113216],[107.00013012204445,-6.051950069113216],[107.00013012204445,-6.051051753829097],[106.99923180676033,-6.051051753829097]]]},"id":"+119111-6737","properties":{"cls":2,"count":4}},{"type":"Feature","geometry":{"geodesic":false,"type":"Polygon","coordinates":[[[106.99923180676033,-6.054645014965575],[107.00013012204445,-6.054645014965575],[107.00013012204445,-6.053746699681455],[106.99923180676033,-6.053746699681455],[106.99923180676033,-6.054645014965575]]]},"id":"+119111-6740","properties":{"cls":3,"count":1}},{"type":"Feature","geometry":{"geodesic":false,"type":"Polygon","coordinates":[[[106.99923180676033,-6.095967518035073],[107.00013012204445,-6.095967518035073],[107.00013012204445,-6.095069202750953],[106.99923180676033,-6.095069202750953],[106.99923180676033,-6.095967518035073]]]},"id":"+119111-6786","properties":{"cls":2,"count":1}},{"type":"Feature","geometry":{"geodesic":false,"type":"Polygon","coordinates":[[[106.99923180676033,-6.104052355592149],[106.99833349147622,-6.105848986160388],[106.99923180676033,-6.105848986160388],[106.99923180676033,-6.106747301444507],[107.00102843732857,-6.106747301444507],[107.00102843732857,-6.104950670876268],[106.99923180676033,-6.104052355592149]]]},"id":"+119111-6796","properties":{"cls":4,"count":6}},{"type":"Feature","geometry":{"geodesic":false,"type":"Polygon","coordinates":[[[106.99923180676033,-6.113035508433344],[107.00013012204445,-6.113035508433344],[107.00013012204445,-6.112137193149224],[106.99923180676033,-6.112137193149224],[106.99923180676033,-6.113035508433344]]]},"id":"+119111-6805","properties":{"cls":5,"count":1}},{"type":"Feature","geometry":{"geodesic":false,"type":"Polygon","coordinates":[[[106.99923180676033,-6.1157304542857025],[107.00013012204445,-6.1157304542857025],[107.00013012204445,-6.114832139001583],[106.99923180676033,-6.114832139001583],[106.99923180676033,-6.1157304542857025]]]},"id":"+119111-6808","properties":{"cls":2,"count":1}},{"type":"Feature","geometry":{"geodesic":false,"type":"Polygon","coordinates":[[[106.99833349147622,-6.122018661274539],[107.00013012204445,-6.122018661274539],[107.00013012204445,-6.12112034599042],[106.99833349147622,-6.12112034599042],[106.99833349147622,-6.122018661274539]]]},"id":"+119111-6815","properties":{"cls":7,"count":2}},{"type":"Feature","geometry":{"geodesic":false,"type":"Polygon","coordinates":[[[106.99923180676033,-6.129205183547495],[107.00013012204445,-6.129205183547495],[107.00013012204445,-6.128306868263376],[106.99923180676033,-6.128306868263376],[106.99923180676033,-6.129205183547495]]]},"id":"+119111-6823","properties":{"cls":5,"count":1}},{"type":"Feature","geometry":{"geodesic":false,"type":"Polygon","coordinates":[[[106.99923180676033,-6.145374858661647],[106.99923180676033,-6.148069804514005],[107.00102843732857,-6.148069804514005],[107.00102843732857,-6.147171489229886],[107.00013012204445,-6.147171489229886],[107.00013012204445,-6.145374858661647],[106.99923180676033,-6.145374858661647]]]},"id":"+119111-6842","properties":{"cls":4,"count":4}},{"type":"Feature","geometry":{"geodesic":false,"type":"Polygon","coordinates":[[[106.99923180676033,-6.156154642071081],[106.99833349147622,-6.15795127263932],[107.00013012204445,-6.15795127263932],[107.00013012204445,-6.156154642071081],[106.99923180676033,-6.156154642071081]]]},"id":"+119111-6854","properties":{"cls":4,"count":3}},{"type":"Feature","geometry":{"geodesic":false,"type":"Polygon","coordinates":[[[106.99833349147622,-6.164239479628157],[107.00013012204445,-6.164239479628157],[107.00013012204445,-6.163341164344037],[106.99833349147622,-6.163341164344037],[106.99833349147622,-6.164239479628157]]]},"id":"+119111-6862","properties":{"cls":2,"count":2}},{"type":"Feature","geometry":{"geodesic":false,"type":"Polygon","coordinates":[[[106.99923180676033,-6.222629973095926],[107.00013012204445,-6.222629973095926],[107.00013012204445,-6.221731657811806],[106.99923180676033,-6.221731657811806],[106.99923180676033,-6.222629973095926]]]},"id":"+119111-6927","properties":{"cls":3,"count":1}},{"type":"Feature","geometry":{"geodesic":false,"type":"Polygon","coordinates":[[[106.99833349147622,-6.3070716098031605],[107.00013012204445,-6.3070716098031605],[107.00013012204445,-6.306173294519041],[106.99833349147622,-6.306173294519041],[106.99833349147622,-6.3070716098031605]]]},"id":"+119111-7021","properties":{"cls":2,"count":2}},{"type":"Feature","geometry":{"geodesic":false,"type":"Polygon","coordinates":[[[106.99833349147622,-6.329529491906149],[107.00013012204445,-6.329529491906149],[107.00013012204445,-6.32863117662203],[106.99833349147622,-6.32863117662203],[106.99833349147622,-6.329529491906149]]]},"id":"+119111-7046","properties":{"cls":5,"count":2}},{"type":"Feature","geometry":{"geodesic":false,"type":"Polygon","coordinates":[[[106.99833349147622,-6.372648625543886],[107.00013012204445,-6.372648625543886],[107.00013012204445,-6.371750310259766],[106.99833349147622,-6.371750310259766],[106.99833349147622,-6.372648625543886]]]},"id":"+119111-7094","properties":{"cls":5,"count":2}},{"type":"Feature","geometry":{"geodesic":false,"type":"Polygon","coordinates":[[[106.99923180676033,-6.373546940828005],[107.00013012204445,-6.373546940828005],[107.00013012204445,-6.372648625543886],[106.99923180676033,-6.372648625543886],[106.99923180676033,-6.373546940828005]]]},"id":"+119111-7095","properties":{"cls":2,"count":1}},{"type":"Feature","geometry":{"geodesic":false,"type":"Polygon","coordinates":[[[107.00013012204445,-6.055543330249694],[107.00102843732857,-6.055543330249694],[107.00102843732857,-6.054645014965575],[107.00013012204445,-6.054645014965575],[107.00013012204445,-6.055543330249694]]]},"id":"+119112-6741","properties":{"cls":3,"count":1}},{"type":"Feature","geometry":{"geodesic":false,"type":"Polygon","coordinates":[[[107.00013012204445,-6.061831537238532],[107.00102843732857,-6.061831537238532],[107.00102843732857,-6.060933221954412],[107.00013012204445,-6.060933221954412],[107.00013012204445,-6.061831537238532]]]},"id":"+119112-6748","properties":{"cls":4,"count":1}},{"type":"Feature","geometry":{"geodesic":false,"type":"Polygon","coordinates":[[[107.00013012204445,-6.093272572182714],[107.00102843732857,-6.093272572182714],[107.00102843732857,-6.092374256898595],[107.00013012204445,-6.092374256898595],[107.00013012204445,-6.093272572182714]]]},"id":"+119112-6783","properties":{"cls":2,"count":1}},{"type":"Feature","geometry":{"geodesic":false,"type":"Polygon","coordinates":[[[107.00013012204445,-6.126510237695137],[107.00102843732857,-6.126510237695137],[107.00102843732857,-6.125611922411017],[107.00013012204445,-6.125611922411017],[107.00013012204445,-6.126510237695137]]]},"id":"+119112-6820","properties":{"cls":7,"count":1}},{"type":"Feature","geometry":{"geodesic":false,"type":"Polygon","coordinates":[[[106.99923180676033,-6.127408552979256],[107.00102843732857,-6.127408552979256],[107.00102843732857,-6.126510237695137],[106.99923180676033,-6.126510237695137],[106.99923180676033,-6.127408552979256]]]},"id":"+119112-6821","properties":{"cls":5,"count":2}},{"type":"Feature","geometry":{"geodesic":false,"type":"Polygon","coordinates":[[[107.00013012204445,-6.128306868263376],[107.00102843732857,-6.128306868263376],[107.00102843732857,-6.127408552979256],[107.00013012204445,-6.127408552979256],[107.00013012204445,-6.128306868263376]]]},"id":"+119112-6822","properties":{"cls":7,"count":1}},{"type":"Feature","geometry":{"geodesic":false,"type":"Polygon","coordinates":[[[107.00013012204445,-6.144476543377527],[107.00102843732857,-6.144476543377527],[107.00102843732857,-6.143578228093408],[107.00013012204445,-6.143578228093408],[107.00013012204445,-6.144476543377527]]]},"id":"+119112-6840","properties":{"cls":3,"count":1}},{"type":"Feature","geometry":{"geodesic":false,"type":"Polygon","coordinates":[[[107.00013012204445,-6.145374858661647],[107.00102843732857,-6.145374858661647],[107.00102843732857,-6.144476543377527],[107.00013012204445,-6.144476543377527],[107.00013012204445,-6.145374858661647]]]},"id":"+119112-6841","properties":{"cls":7,"count":1}},{"type":"Feature","geometry":{"geodesic":false,"type":"Polygon","coordinates":[[[107.00013012204445,-6.237901332925958],[107.00102843732857,-6.237901332925958],[107.00102843732857,-6.237003017641838],[107.00013012204445,-6.237003017641838],[107.00013012204445,-6.237901332925958]]]},"id":"+119112-6944","properties":{"cls":2,"count":1}},{"type":"Feature","geometry":{"geodesic":false,"type":"Polygon","coordinates":[[[107.00102843732857,-6.051950069113216],[107.00192675261269,-6.051950069113216],[107.00192675261269,-6.051051753829097],[107.00102843732857,-6.051051753829097],[107.00102843732857,-6.051950069113216]]]},"id":"+119113-6737","properties":{"cls":3,"count":1}},{"type":"Feature","geometry":{"geodesic":false,"type":"Polygon","coordinates":[[[107.00102843732857,-6.055543330249694],[107.00192675261269,-6.055543330249694],[107.00192675261269,-6.054645014965575],[107.00102843732857,-6.054645014965575],[107.00102843732857,-6.055543330249694]]]},"id":"+119113-6741","properties":{"cls":2,"count":1}},{"type":"Feature","geometry":{"geodesic":false,"type":"Polygon","coordinates":[[[107.00102843732857,-6.085187734625639],[107.00192675261269,-6.085187734625639],[107.00192675261269,-6.08428941934152],[107.00102843732857,-6.08428941934152],[107.00102843732857,-6.085187734625639]]]},"id":"+119113-6774","properties":{"cls":4,"count":1}},{"type":"Feature","geometry":{"geodesic":false,"type":"Polygon","coordinates":[[[107.00102843732857,-6.087882680477997],[107.00192675261269,-6.087882680477997],[107.00192675261269,-6.086984365193878],[107.00102843732857,-6.086984365193878],[107.00102843732857,-6.087882680477997]]]},"id":"+119113-6777","properties":{"cls":2,"count":1}},{"type":"Feature","geometry":{"geodesic":false,"type":"Polygon","coordinates":[[[107.00102843732857,-6.119323715422181],[107.00192675261269,-6.119323715422181],[107.00192675261269,-6.118425400138062],[107.00102843732857,-6.118425400138062],[107.00102843732857,-6.119323715422181]]]},"id":"+119113-6812","properties":{"cls":4,"count":1}},{"type":"Feature","geometry":{"geodesic":false,"type":"Polygon","coordinates":[[[107.00102843732857,-6.122916976558659],[107.00192675261269,-6.122916976558659],[107.00192675261269,-6.122018661274539],[107.00102843732857,-6.122018661274539],[107.00102843732857,-6.122916976558659]]]},"id":"+119113-6816","properties":{"cls":2,"count":1}},{"type":"Feature","geometry":{"geodesic":false,"type":"Polygon","coordinates":[[[107.00102843732857,-6.146273173945766],[107.00192675261269,-6.146273173945766],[107.00192675261269,-6.145374858661647],[107.00102843732857,-6.145374858661647],[107.00102843732857,-6.146273173945766]]]},"id":"+119113-6842","properties":{"cls":4,"count":1}},{"type":"Feature","geometry":{"geodesic":false,"type":"Polygon","coordinates":[[[107.00102843732857,-6.160646218491679],[107.00192675261269,-6.160646218491679],[107.00192675261269,-6.159747903207559],[107.00102843732857,-6.159747903207559],[107.00102843732857,-6.160646218491679]]]},"id":"+119113-6858","properties":{"cls":9,"count":1}},{"type":"Feature","geometry":{"geodesic":false,"type":"Polygon","coordinates":[[[107.00102843732857,-6.170527686616993],[107.00192675261269,-6.170527686616993],[107.00192675261269,-6.169629371332874],[107.00102843732857,-6.169629371332874],[107.00102843732857,-6.170527686616993]]]},"id":"+119113-6869","properties":{"cls":2,"count":1}},{"type":"Feature","geometry":{"geodesic":false,"type":"Polygon","coordinates":[[[107.00102843732857,-6.279223835995456],[107.00192675261269,-6.279223835995456],[107.00192675261269,-6.278325520711336],[107.00102843732857,-6.278325520711336],[107.00102843732857,-6.279223835995456]]]},"id":"+119113-6990","properties":{"cls":2,"count":1}},{"type":"Feature","geometry":{"geodesic":false,"type":"Polygon","coordinates":[[[107.00102843732857,-6.351987374009137],[107.00192675261269,-6.351987374009137],[107.00192675261269,-6.351089058725017],[107.00102843732857,-6.351089058725017],[107.00102843732857,-6.351987374009137]]]},"id":"+119113-7071","properties":{"cls":4,"count":1}},{"type":"Feature","geometry":{"geodesic":false,"type":"Polygon","coordinates":[[[107.00192675261269,-6.051950069113216],[107.00102843732857,-6.053746699681455],[107.00282506789681,-6.053746699681455],[107.00282506789681,-6.051950069113216],[107.00192675261269,-6.051950069113216]]]},"id":"+119114-6738","properties":{"cls":3,"count":3}},{"type":"Feature","geometry":{"geodesic":false,"type":"Polygon","coordinates":[[[107.00192675261269,-6.056441645533814],[107.00282506789681,-6.056441645533814],[107.00282506789681,-6.055543330249694],[107.00192675261269,-6.055543330249694],[107.00192675261269,-6.056441645533814]]]},"id":"+119114-6742","properties":{"cls":4,"count":1}},{"type":"Feature","geometry":{"geodesic":false,"type":"Polygon","coordinates":[[[107.00192675261269,-6.086086049909758],[107.00282506789681,-6.086086049909758],[107.00282506789681,-6.08428941934152],[107.00192675261269,-6.08428941934152],[107.00192675261269,-6.086086049909758]]]},"id":"+119114-6774","properties":{"cls":5,"count":2}},{"type":"Feature","geometry":{"geodesic":false,"type":"Polygon","coordinates":[[[107.00192675261269,-6.119323715422181],[107.00282506789681,-6.119323715422181],[107.00282506789681,-6.118425400138062],[107.00192675261269,-6.118425400138062],[107.00192675261269,-6.119323715422181]]]},"id":"+119114-6812","properties":{"cls":3,"count":1}},{"type":"Feature","geometry":{"geodesic":false,"type":"Polygon","coordinates":[[[107.00192675261269,-6.147171489229886],[107.00282506789681,-6.147171489229886],[107.00282506789681,-6.146273173945766],[107.00192675261269,-6.146273173945766],[107.00192675261269,-6.147171489229886]]]},"id":"+119114-6843","properties":{"cls":4,"count":1}},{"type":"Feature","geometry":{"geodesic":false,"type":"Polygon","coordinates":[[[107.00192675261269,-6.148968119798125],[107.00282506789681,-6.148968119798125],[107.00282506789681,-6.148069804514005],[107.00192675261269,-6.148069804514005],[107.00192675261269,-6.148968119798125]]]},"id":"+119114-6845","properties":{"cls":4,"count":1}},{"type":"Feature","geometry":{"geodesic":false,"type":"Polygon","coordinates":[[[107.00192675261269,-6.238799648210077],[107.00282506789681,-6.238799648210077],[107.00282506789681,-6.237901332925958],[107.00192675261269,-6.237901332925958],[107.00192675261269,-6.238799648210077]]]},"id":"+119114-6945","properties":{"cls":4,"count":1}},{"type":"Feature","geometry":{"geodesic":false,"type":"Polygon","coordinates":[[[107.00282506789681,-6.052848384397336],[107.00282506789681,-6.054645014965575],[107.00552001374916,-6.054645014965575],[107.00552001374916,-6.053746699681455],[107.00372338318093,-6.053746699681455],[107.00372338318093,-6.052848384397336],[107.00282506789681,-6.052848384397336]]]},"id":"+119115-6739","properties":{"cls":2,"count":4}},{"type":"Feature","geometry":{"geodesic":false,"type":"Polygon","coordinates":[[[107.00282506789681,-6.056441645533814],[107.00372338318093,-6.056441645533814],[107.00372338318093,-6.055543330249694],[107.00282506789681,-6.055543330249694],[107.00282506789681,-6.056441645533814]]]},"id":"+119115-6742","properties":{"cls":2,"count":1}},{"type":"Feature","geometry":{"geodesic":false,"type":"Polygon","coordinates":[[[107.00282506789681,-6.0833911040574],[107.00372338318093,-6.0833911040574],[107.00372338318093,-6.082492788773281],[107.00282506789681,-6.082492788773281],[107.00282506789681,-6.0833911040574]]]},"id":"+119115-6772","properties":{"cls":5,"count":1}},{"type":"Feature","geometry":{"geodesic":false,"type":"Polygon","coordinates":[[[107.00282506789681,-6.091475941614475],[107.00372338318093,-6.091475941614475],[107.00372338318093,-6.090577626330356],[107.00282506789681,-6.090577626330356],[107.00282506789681,-6.091475941614475]]]},"id":"+119115-6781","properties":{"cls":5,"count":1}},{"type":"Feature","geometry":{"geodesic":false,"type":"Polygon","coordinates":[[[107.00282506789681,-6.120222030706301],[107.00372338318093,-6.120222030706301],[107.00372338318093,-6.119323715422181],[107.00282506789681,-6.119323715422181],[107.00282506789681,-6.120222030706301]]]},"id":"+119115-6813","properties":{"cls":4,"count":1}},{"type":"Feature","geometry":{"geodesic":false,"type":"Polygon","coordinates":[[[107.00282506789681,-6.122916976558659],[107.00372338318093,-6.122916976558659],[107.00372338318093,-6.12112034599042],[107.00282506789681,-6.12112034599042],[107.00282506789681,-6.122916976558659]]]},"id":"+119115-6815","properties":{"cls":5,"count":2}},{"type":"Feature","geometry":{"geodesic":false,"type":"Polygon","coordinates":[[[107.00282506789681,-6.128306868263376],[107.00372338318093,-6.128306868263376],[107.00372338318093,-6.127408552979256],[107.00282506789681,-6.127408552979256],[107.00282506789681,-6.128306868263376]]]},"id":"+119115-6822","properties":{"cls":5,"count":1}},{"type":"Feature","geometry":{"geodesic":false,"type":"Polygon","coordinates":[[[107.00102843732857,-6.143578228093408],[107.00372338318093,-6.143578228093408],[107.00372338318093,-6.142679912809288],[107.00102843732857,-6.142679912809288],[107.00102843732857,-6.143578228093408]]]},"id":"+119115-6839","properties":{"cls":7,"count":3}},{"type":"Feature","geometry":{"geodesic":false,"type":"Polygon","coordinates":[[[107.00282506789681,-6.146273173945766],[107.00372338318093,-6.146273173945766],[107.00372338318093,-6.145374858661647],[107.00282506789681,-6.145374858661647],[107.00282506789681,-6.146273173945766]]]},"id":"+119115-6842","properties":{"cls":4,"count":1}},{"type":"Feature","geometry":{"geodesic":false,"type":"Polygon","coordinates":[[[107.00282506789681,-6.169629371332874],[107.00372338318093,-6.169629371332874],[107.00372338318093,-6.168731056048754],[107.00282506789681,-6.168731056048754],[107.00282506789681,-6.169629371332874]]]},"id":"+119115-6868","properties":{"cls":3,"count":1}},{"type":"Feature","geometry":{"geodesic":false,"type":"Polygon","coordinates":[[[107.00282506789681,-6.302580033382563],[107.00372338318093,-6.302580033382563],[107.00372338318093,-6.301681718098443],[107.00282506789681,-6.301681718098443],[107.00282506789681,-6.302580033382563]]]},"id":"+119115-7016","properties":{"cls":4,"count":1}},{"type":"Feature","geometry":{"geodesic":false,"type":"Polygon","coordinates":[[[107.00282506789681,-6.334021068326746],[107.00372338318093,-6.334021068326746],[107.00372338318093,-6.332224437758508],[107.00282506789681,-6.332224437758508],[107.00282506789681,-6.334021068326746]]]},"id":"+119115-7050","properties":{"cls":2,"count":2}},{"type":"Feature","geometry":{"geodesic":false,"type":"Polygon","coordinates":[[[107.00282506789681,-6.340309275315583],[107.00372338318093,-6.340309275315583],[107.00372338318093,-6.339410960031463],[107.00282506789681,-6.339410960031463],[107.00282506789681,-6.340309275315583]]]},"id":"+119115-7058","properties":{"cls":2,"count":1}},{"type":"Feature","geometry":{"geodesic":false,"type":"Polygon","coordinates":[[[107.00282506789681,-6.34659748230442],[107.00372338318093,-6.34659748230442],[107.00372338318093,-6.3456991670203005],[107.00282506789681,-6.3456991670203005],[107.00282506789681,-6.34659748230442]]]},"id":"+119115-7065","properties":{"cls":3,"count":1}},{"type":"Feature","geometry":{"geodesic":false,"type":"Polygon","coordinates":[[[107.00372338318093,-6.053746699681455],[107.00462169846504,-6.053746699681455],[107.00462169846504,-6.052848384397336],[107.00372338318093,-6.052848384397336],[107.00372338318093,-6.053746699681455]]]},"id":"+119116-6739","properties":{"cls":3,"count":1}},{"type":"Feature","geometry":{"geodesic":false,"type":"Polygon","coordinates":[[[107.00372338318093,-6.0977641486033125],[107.00462169846504,-6.0977641486033125],[107.00462169846504,-6.0968658333191925],[107.00372338318093,-6.0968658333191925],[107.00372338318093,-6.0977641486033125]]]},"id":"+119116-6788","properties":{"cls":2,"count":1}},{"type":"Feature","geometry":{"geodesic":false,"type":"Polygon","coordinates":[[[107.00372338318093,-6.1157304542857025],[107.00462169846504,-6.1157304542857025],[107.00462169846504,-6.114832139001583],[107.00372338318093,-6.114832139001583],[107.00372338318093,-6.1157304542857025]]]},"id":"+119116-6808","properties":{"cls":2,"count":1}},{"type":"Feature","geometry":{"geodesic":false,"type":"Polygon","coordinates":[[[107.00372338318093,-6.122018661274539],[107.00462169846504,-6.122018661274539],[107.00462169846504,-6.12112034599042],[107.00372338318093,-6.12112034599042],[107.00372338318093,-6.122018661274539]]]},"id":"+119116-6815","properties":{"cls":4,"count":1}},{"type":"Feature","geometry":{"geodesic":false,"type":"Polygon","coordinates":[[[107.00372338318093,-6.130103498831615],[107.00462169846504,-6.130103498831615],[107.00462169846504,-6.129205183547495],[107.00372338318093,-6.129205183547495],[107.00372338318093,-6.130103498831615]]]},"id":"+119116-6824","properties":{"cls":5,"count":1}},{"type":"Feature","geometry":{"geodesic":false,"type":"Polygon","coordinates":[[[107.00372338318093,-6.131900129399854],[107.00462169846504,-6.131900129399854],[107.00462169846504,-6.131001814115734],[107.00372338318093,-6.131001814115734],[107.00372338318093,-6.131900129399854]]]},"id":"+119116-6826","properties":{"cls":5,"count":1}},{"type":"Feature","geometry":{"geodesic":false,"type":"Polygon","coordinates":[[[107.00372338318093,-6.157052957355201],[107.00462169846504,-6.157052957355201],[107.00462169846504,-6.156154642071081],[107.00372338318093,-6.156154642071081],[107.00372338318093,-6.157052957355201]]]},"id":"+119116-6854","properties":{"cls":2,"count":1}},{"type":"Feature","geometry":{"geodesic":false,"type":"Polygon","coordinates":[[[107.00372338318093,-6.159747903207559],[107.00462169846504,-6.159747903207559],[107.00462169846504,-6.15795127263932],[107.00372338318093,-6.15795127263932],[107.00372338318093,-6.159747903207559]]]},"id":"+119116-6856","properties":{"cls":2,"count":2}},{"type":"Feature","geometry":{"geodesic":false,"type":"Polygon","coordinates":[[[107.00372338318093,-6.301681718098443],[107.00462169846504,-6.301681718098443],[107.00462169846504,-6.300783402814324],[107.00372338318093,-6.300783402814324],[107.00372338318093,-6.301681718098443]]]},"id":"+119116-7015","properties":{"cls":2,"count":1}},{"type":"Feature","geometry":{"geodesic":false,"type":"Polygon","coordinates":[[[107.00372338318093,-6.316953077928475],[107.00462169846504,-6.316953077928475],[107.00462169846504,-6.316054762644356],[107.00372338318093,-6.316054762644356],[107.00372338318093,-6.316953077928475]]]},"id":"+119116-7032","properties":{"cls":2,"count":1}},{"type":"Feature","geometry":{"geodesic":false,"type":"Polygon","coordinates":[[[107.00372338318093,-6.317851393212595],[107.00462169846504,-6.317851393212595],[107.00462169846504,-6.316953077928475],[107.00372338318093,-6.316953077928475],[107.00372338318093,-6.317851393212595]]]},"id":"+119116-7033","properties":{"cls":7,"count":1}},{"type":"Feature","geometry":{"geodesic":false,"type":"Polygon","coordinates":[[[107.00372338318093,-6.318749708496714],[107.00462169846504,-6.318749708496714],[107.00462169846504,-6.317851393212595],[107.00372338318093,-6.317851393212595],[107.00372338318093,-6.318749708496714]]]},"id":"+119116-7034","properties":{"cls":3,"count":1}},{"type":"Feature","geometry":{"geodesic":false,"type":"Polygon","coordinates":[[[107.00372338318093,-6.319648023780834],[107.00462169846504,-6.319648023780834],[107.00462169846504,-6.318749708496714],[107.00372338318093,-6.318749708496714],[107.00372338318093,-6.319648023780834]]]},"id":"+119116-7035","properties":{"cls":4,"count":1}},{"type":"Feature","geometry":{"geodesic":false,"type":"Polygon","coordinates":[[[107.00282506789681,-6.3636654727026905],[107.00462169846504,-6.3636654727026905],[107.00462169846504,-6.362767157418571],[107.00282506789681,-6.362767157418571],[107.00282506789681,-6.3636654727026905]]]},"id":"+119116-7084","properties":{"cls":2,"count":2}},{"type":"Feature","geometry":{"geodesic":false,"type":"Polygon","coordinates":[[[107.00372338318093,-6.3663604185550495],[107.00462169846504,-6.3663604185550495],[107.00462169846504,-6.3654621032709295],[107.00372338318093,-6.3654621032709295],[107.00372338318093,-6.3663604185550495]]]},"id":"+119116-7087","properties":{"cls":2,"count":1}},{"type":"Feature","geometry":{"geodesic":false,"type":"Polygon","coordinates":[[[107.00372338318093,-6.0573399608179335],[107.00552001374916,-6.0573399608179335],[107.00552001374916,-6.056441645533814],[107.00372338318093,-6.056441645533814],[107.00372338318093,-6.0573399608179335]]]},"id":"+119117-6743","properties":{"cls":2,"count":2}},{"type":"Feature","geometry":{"geodesic":false,"type":"Polygon","coordinates":[[[107.00372338318093,-6.0582382761020535],[107.00552001374916,-6.0582382761020535],[107.00552001374916,-6.0573399608179335],[107.00372338318093,-6.0573399608179335],[107.00372338318093,-6.0582382761020535]]]},"id":"+119117-6744","properties":{"cls":3,"count":2}},{"type":"Feature","geometry":{"geodesic":false,"type":"Polygon","coordinates":[[[107.00462169846504,-6.082492788773281],[107.00552001374916,-6.082492788773281],[107.00552001374916,-6.081594473489161],[107.00462169846504,-6.081594473489161],[107.00462169846504,-6.082492788773281]]]},"id":"+119117-6771","properties":{"cls":7,"count":1}},{"type":"Feature","geometry":{"geodesic":false,"type":"Polygon","coordinates":[[[107.00462169846504,-6.0833911040574],[107.00552001374916,-6.0833911040574],[107.00552001374916,-6.082492788773281],[107.00462169846504,-6.082492788773281],[107.00462169846504,-6.0833911040574]]]},"id":"+119117-6772","properties":{"cls":9,"count":1}},{"type":"Feature","geometry":{"geodesic":false,"type":"Polygon","coordinates":[[[107.00462169846504,-6.08428941934152],[107.00552001374916,-6.08428941934152],[107.00552001374916,-6.0833911040574],[107.00462169846504,-6.0833911040574],[107.00462169846504,-6.08428941934152]]]},"id":"+119117-6773","properties":{"cls":3,"count":1}},{"type":"Feature","geometry":{"geodesic":false,"type":"Polygon","coordinates":[[[107.00462169846504,-6.086984365193878],[107.00552001374916,-6.086984365193878],[107.00552001374916,-6.086086049909758],[107.00462169846504,-6.086086049909758],[107.00462169846504,-6.086984365193878]]]},"id":"+119117-6776","properties":{"cls":9,"count":1}},{"type":"Feature","geometry":{"geodesic":false,"type":"Polygon","coordinates":[[[107.00462169846504,-6.140883282241049],[107.00372338318093,-6.142679912809288],[107.00552001374916,-6.142679912809288],[107.00552001374916,-6.140883282241049],[107.00462169846504,-6.140883282241049]]]},"id":"+119117-6837","properties":{"cls":7,"count":3}},{"type":"Feature","geometry":{"geodesic":false,"type":"Polygon","coordinates":[[[107.00372338318093,-6.142679912809288],[107.00372338318093,-6.143578228093408],[107.00102843732857,-6.143578228093408],[107.00192675261269,-6.145374858661647],[107.00552001374916,-6.143578228093408],[107.00552001374916,-6.142679912809288],[107.00372338318093,-6.142679912809288]]]},"id":"+119117-6839","properties":{"cls":5,"count":7}},{"type":"Feature","geometry":{"geodesic":false,"type":"Polygon","coordinates":[[[107.00462169846504,-6.150764750366364],[107.00552001374916,-6.150764750366364],[107.00552001374916,-6.149866435082244],[107.00462169846504,-6.149866435082244],[107.00462169846504,-6.150764750366364]]]},"id":"+119117-6847","properties":{"cls":2,"count":1}},{"type":"Feature","geometry":{"geodesic":false,"type":"Polygon","coordinates":[[[107.00462169846504,-6.162442849059918],[107.00552001374916,-6.162442849059918],[107.00552001374916,-6.161544533775798],[107.00462169846504,-6.161544533775798],[107.00462169846504,-6.162442849059918]]]},"id":"+119117-6860","properties":{"cls":4,"count":1}},{"type":"Feature","geometry":{"geodesic":false,"type":"Polygon","coordinates":[[[107.00462169846504,-6.310664870939639],[107.00552001374916,-6.310664870939639],[107.00552001374916,-6.3088682403714],[107.00462169846504,-6.3088682403714],[107.00462169846504,-6.310664870939639]]]},"id":"+119117-7024","properties":{"cls":3,"count":2}},{"type":"Feature","geometry":{"geodesic":false,"type":"Polygon","coordinates":[[[107.00462169846504,-6.362767157418571],[107.00552001374916,-6.362767157418571],[107.00552001374916,-6.361868842134451],[107.00462169846504,-6.361868842134451],[107.00462169846504,-6.362767157418571]]]},"id":"+119117-7083","properties":{"cls":3,"count":1}},{"type":"Feature","geometry":{"geodesic":false,"type":"Polygon","coordinates":[[[107.00462169846504,-6.052848384397336],[107.00641832903328,-6.052848384397336],[107.00641832903328,-6.051950069113216],[107.00462169846504,-6.051950069113216],[107.00462169846504,-6.052848384397336]]]},"id":"+119118-6738","properties":{"cls":2,"count":2}},{"type":"Feature","geometry":{"geodesic":false,"type":"Polygon","coordinates":[[[107.00462169846504,-6.053746699681455],[107.00641832903328,-6.053746699681455],[107.00641832903328,-6.052848384397336],[107.00462169846504,-6.052848384397336],[107.00462169846504,-6.053746699681455]]]},"id":"+119118-6739","properties":{"cls":4,"count":2}},{"type":"Feature","geometry":{"geodesic":false,"type":"Polygon","coordinates":[[[107.00552001374916,-6.086086049909758],[107.00641832903328,-6.086086049909758],[107.00641832903328,-6.085187734625639],[107.00552001374916,-6.085187734625639],[107.00552001374916,-6.086086049909758]]]},"id":"+119118-6775","properties":{"cls":7,"count":1}},{"type":"Feature","geometry":{"geodesic":false,"type":"Polygon","coordinates":[[[107.00552001374916,-6.119323715422181],[107.00641832903328,-6.119323715422181],[107.00641832903328,-6.118425400138062],[107.00552001374916,-6.118425400138062],[107.00552001374916,-6.119323715422181]]]},"id":"+119118-6812","properties":{"cls":3,"count":1}},{"type":"Feature","geometry":{"geodesic":false,"type":"Polygon","coordinates":[[[107.00552001374916,-6.304376663950802],[107.00641832903328,-6.304376663950802],[107.00641832903328,-6.303478348666682],[107.00552001374916,-6.303478348666682],[107.00552001374916,-6.304376663950802]]]},"id":"+119118-7018","properties":{"cls":2,"count":1}},{"type":"Feature","geometry":{"geodesic":false,"type":"Polygon","coordinates":[[[107.00641832903328,-6.051950069113216],[107.0073166443174,-6.051950069113216],[107.0073166443174,-6.051051753829097],[107.00641832903328,-6.051051753829097],[107.00641832903328,-6.051950069113216]]]},"id":"+119119-6737","properties":{"cls":4,"count":1}},{"type":"Feature","geometry":{"geodesic":false,"type":"Polygon","coordinates":[[[107.00552001374916,-6.053746699681455],[107.00462169846504,-6.055543330249694],[107.00641832903328,-6.055543330249694],[107.0073166443174,-6.053746699681455],[107.00552001374916,-6.053746699681455]]]},"id":"+119119-6740","properties":{"cls":3,"count":4}},{"type":"Feature","geometry":{"geodesic":false,"type":"Polygon","coordinates":[[[107.00641832903328,-6.055543330249694],[107.0073166443174,-6.055543330249694],[107.0073166443174,-6.054645014965575],[107.00641832903328,-6.054645014965575],[107.00641832903328,-6.055543330249694]]]},"id":"+119119-6741","properties":{"cls":7,"count":1}},{"type":"Feature","geometry":{"geodesic":false,"type":"Polygon","coordinates":[[[107.00552001374916,-6.0582382761020535],[107.0073166443174,-6.0582382761020535],[107.0073166443174,-6.0573399608179335],[107.00552001374916,-6.0573399608179335],[107.00552001374916,-6.0582382761020535]]]},"id":"+119119-6744","properties":{"cls":2,"count":2}},{"type":"Feature","geometry":{"geodesic":false,"type":"Polygon","coordinates":[[[107.00641832903328,-6.095967518035073],[107.0073166443174,-6.095967518035073],[107.0073166443174,-6.095069202750953],[107.00641832903328,-6.095069202750953],[107.00641832903328,-6.095967518035073]]]},"id":"+119119-6786","properties":{"cls":2,"count":1}},{"type":"Feature","geometry":{"geodesic":false,"type":"Polygon","coordinates":[[[107.00641832903328,-6.119323715422181],[107.0073166443174,-6.119323715422181],[107.0073166443174,-6.118425400138062],[107.00641832903328,-6.118425400138062],[107.00641832903328,-6.119323715422181]]]},"id":"+119119-6812","properties":{"cls":4,"count":1}},{"type":"Feature","geometry":{"geodesic":false,"type":"Polygon","coordinates":[[[107.00641832903328,-6.13998496695693],[107.0073166443174,-6.13998496695693],[107.0073166443174,-6.13908665167281],[107.00641832903328,-6.13908665167281],[107.00641832903328,-6.13998496695693]]]},"id":"+119119-6835","properties":{"cls":2,"count":1}},{"type":"Feature","geometry":{"geodesic":false,"type":"Polygon","coordinates":[[[107.00641832903328,-6.141781597525169],[107.00641832903328,-6.143578228093408],[107.00821495960153,-6.144476543377527],[107.00911327488565,-6.142679912809288],[107.0073166443174,-6.142679912809288],[107.0073166443174,-6.141781597525169],[107.00641832903328,-6.141781597525169]]]},"id":"+119119-6838","properties":{"cls":4,"count":5}},{"type":"Feature","geometry":{"geodesic":false,"type":"Polygon","coordinates":[[[107.00641832903328,-6.145374858661647],[107.0073166443174,-6.145374858661647],[107.0073166443174,-6.144476543377527],[107.00641832903328,-6.144476543377527],[107.00641832903328,-6.145374858661647]]]},"id":"+119119-6841","properties":{"cls":3,"count":1}},{"type":"Feature","geometry":{"geodesic":false,"type":"Polygon","coordinates":[[[107.00641832903328,-6.152561380934603],[107.0073166443174,-6.152561380934603],[107.0073166443174,-6.151663065650483],[107.00641832903328,-6.151663065650483],[107.00641832903328,-6.152561380934603]]]},"id":"+119119-6849","properties":{"cls":5,"count":1}},{"type":"Feature","geometry":{"geodesic":false,"type":"Polygon","coordinates":[[[107.00641832903328,-6.160646218491679],[107.0073166443174,-6.160646218491679],[107.0073166443174,-6.15884958792344],[107.00641832903328,-6.15884958792344],[107.00641832903328,-6.160646218491679]]]},"id":"+119119-6857","properties":{"cls":5,"count":2}},{"type":"Feature","geometry":{"geodesic":false,"type":"Polygon","coordinates":[[[107.00641832903328,-6.162442849059918],[107.0073166443174,-6.162442849059918],[107.0073166443174,-6.160646218491679],[107.00641832903328,-6.160646218491679],[107.00641832903328,-6.162442849059918]]]},"id":"+119119-6859","properties":{"cls":2,"count":2}},{"type":"Feature","geometry":{"geodesic":false,"type":"Polygon","coordinates":[[[107.0073166443174,-6.051950069113216],[107.00821495960153,-6.051950069113216],[107.00821495960153,-6.051051753829097],[107.0073166443174,-6.051051753829097],[107.0073166443174,-6.051950069113216]]]},"id":"+119120-6737","properties":{"cls":2,"count":1}},{"type":"Feature","geometry":{"geodesic":false,"type":"Polygon","coordinates":[[[107.0073166443174,-6.052848384397336],[107.00821495960153,-6.052848384397336],[107.00821495960153,-6.051950069113216],[107.0073166443174,-6.051950069113216],[107.0073166443174,-6.052848384397336]]]},"id":"+119120-6738","properties":{"cls":4,"count":1}},{"type":"Feature","geometry":{"geodesic":false,"type":"Polygon","coordinates":[[[107.0073166443174,-6.053746699681455],[107.00821495960153,-6.053746699681455],[107.00821495960153,-6.052848384397336],[107.0073166443174,-6.052848384397336],[107.0073166443174,-6.053746699681455]]]},"id":"+119120-6739","properties":{"cls":3,"count":1}},{"type":"Feature","geometry":{"geodesic":false,"type":"Polygon","coordinates":[[[107.0073166443174,-6.054645014965575],[107.00821495960153,-6.054645014965575],[107.00821495960153,-6.053746699681455],[107.0073166443174,-6.053746699681455],[107.0073166443174,-6.054645014965575]]]},"id":"+119120-6740","properties":{"cls":2,"count":1}},{"type":"Feature","geometry":{"geodesic":false,"type":"Polygon","coordinates":[[[107.0073166443174,-6.088780995762117],[107.00821495960153,-6.088780995762117],[107.00821495960153,-6.087882680477997],[107.0073166443174,-6.087882680477997],[107.0073166443174,-6.088780995762117]]]},"id":"+119120-6778","properties":{"cls":3,"count":1}},{"type":"Feature","geometry":{"geodesic":false,"type":"Polygon","coordinates":[[[107.0073166443174,-6.12112034599042],[107.0073166443174,-6.122018661274539],[107.00641832903328,-6.122018661274539],[107.00641832903328,-6.124713607126898],[107.00821495960153,-6.124713607126898],[107.00821495960153,-6.12112034599042],[107.0073166443174,-6.12112034599042]]]},"id":"+119120-6815","properties":{"cls":3,"count":7}},{"type":"Feature","geometry":{"geodesic":false,"type":"Polygon","coordinates":[[[107.00641832903328,-6.126510237695137],[107.00821495960153,-6.126510237695137],[107.00821495960153,-6.125611922411017],[107.00641832903328,-6.125611922411017],[107.00641832903328,-6.126510237695137]]]},"id":"+119120-6820","properties":{"cls":7,"count":2}},{"type":"Feature","geometry":{"geodesic":false,"type":"Polygon","coordinates":[[[107.00552001374916,-6.127408552979256],[107.00821495960153,-6.127408552979256],[107.00821495960153,-6.126510237695137],[107.00552001374916,-6.126510237695137],[107.00552001374916,-6.127408552979256]]]},"id":"+119120-6821","properties":{"cls":5,"count":3}},{"type":"Feature","geometry":{"geodesic":false,"type":"Polygon","coordinates":[[[107.0073166443174,-6.145374858661647],[107.00821495960153,-6.145374858661647],[107.00821495960153,-6.144476543377527],[107.0073166443174,-6.144476543377527],[107.0073166443174,-6.145374858661647]]]},"id":"+119120-6841","properties":{"cls":2,"count":1}},{"type":"Feature","geometry":{"geodesic":false,"type":"Polygon","coordinates":[[[107.0073166443174,-6.161544533775798],[107.00821495960153,-6.161544533775798],[107.00821495960153,-6.160646218491679],[107.0073166443174,-6.160646218491679],[107.0073166443174,-6.161544533775798]]]},"id":"+119120-6859","properties":{"cls":5,"count":1}},{"type":"Feature","geometry":{"geodesic":false,"type":"Polygon","coordinates":[[[107.0073166443174,-6.164239479628157],[107.00821495960153,-6.164239479628157],[107.00821495960153,-6.163341164344037],[107.0073166443174,-6.163341164344037],[107.0073166443174,-6.164239479628157]]]},"id":"+119120-6862","properties":{"cls":2,"count":1}},{"type":"Feature","geometry":{"geodesic":false,"type":"Polygon","coordinates":[[[107.0073166443174,-6.170527686616993],[107.00821495960153,-6.170527686616993],[107.00821495960153,-6.169629371332874],[107.0073166443174,-6.169629371332874],[107.0073166443174,-6.170527686616993]]]},"id":"+119120-6869","properties":{"cls":3,"count":1}},{"type":"Feature","geometry":{"geodesic":false,"type":"Polygon","coordinates":[[[107.0073166443174,-6.220833342527687],[107.00821495960153,-6.220833342527687],[107.00821495960153,-6.219935027243567],[107.0073166443174,-6.219935027243567],[107.0073166443174,-6.220833342527687]]]},"id":"+119120-6925","properties":{"cls":2,"count":1}},{"type":"Feature","geometry":{"geodesic":false,"type":"Polygon","coordinates":[[[107.0073166443174,-6.259460899744826],[107.00821495960153,-6.259460899744826],[107.00821495960153,-6.258562584460707],[107.0073166443174,-6.258562584460707],[107.0073166443174,-6.259460899744826]]]},"id":"+119120-6968","properties":{"cls":4,"count":1}},{"type":"Feature","geometry":{"geodesic":false,"type":"Polygon","coordinates":[[[107.0073166443174,-6.320546339064953],[107.00821495960153,-6.320546339064953],[107.00821495960153,-6.319648023780834],[107.0073166443174,-6.319648023780834],[107.0073166443174,-6.320546339064953]]]},"id":"+119120-7036","properties":{"cls":4,"count":1}},{"type":"Feature","geometry":{"geodesic":false,"type":"Polygon","coordinates":[[[107.00821495960153,-6.053746699681455],[107.00911327488565,-6.053746699681455],[107.00911327488565,-6.052848384397336],[107.00821495960153,-6.052848384397336],[107.00821495960153,-6.053746699681455]]]},"id":"+119121-6739","properties":{"cls":5,"count":1}},{"type":"Feature","geometry":{"geodesic":false,"type":"Polygon","coordinates":[[[107.00821495960153,-6.056441645533814],[107.00911327488565,-6.056441645533814],[107.00911327488565,-6.054645014965575],[107.00821495960153,-6.054645014965575],[107.00821495960153,-6.056441645533814]]]},"id":"+119121-6741","properties":{"cls":3,"count":2}},{"type":"Feature","geometry":{"geodesic":false,"type":"Polygon","coordinates":[[[107.00821495960153,-6.101357409739791],[107.00911327488565,-6.101357409739791],[107.00911327488565,-6.099560779171552],[107.00821495960153,-6.099560779171552],[107.00821495960153,-6.101357409739791]]]},"id":"+119121-6791","properties":{"cls":7,"count":2}},{"type":"Feature","geometry":{"geodesic":false,"type":"Polygon","coordinates":[[[107.00821495960153,-6.111238877865105],[107.00911327488565,-6.111238877865105],[107.00911327488565,-6.110340562580985],[107.00821495960153,-6.110340562580985],[107.00821495960153,-6.111238877865105]]]},"id":"+119121-6803","properties":{"cls":3,"count":1}},{"type":"Feature","geometry":{"geodesic":false,"type":"Polygon","coordinates":[[[107.00821495960153,-6.1166287695698225],[107.00911327488565,-6.1166287695698225],[107.00911327488565,-6.1157304542857025],[107.00821495960153,-6.1157304542857025],[107.00821495960153,-6.1166287695698225]]]},"id":"+119121-6809","properties":{"cls":2,"count":1}},{"type":"Feature","geometry":{"geodesic":false,"type":"Polygon","coordinates":[[[107.00821495960153,-6.122018661274539],[107.00911327488565,-6.122018661274539],[107.00911327488565,-6.12112034599042],[107.00821495960153,-6.12112034599042],[107.00821495960153,-6.122018661274539]]]},"id":"+119121-6815","properties":{"cls":2,"count":1}},{"type":"Feature","geometry":{"geodesic":false,"type":"Polygon","coordinates":[[[107.00821495960153,-6.126510237695137],[107.00911327488565,-6.126510237695137],[107.00911327488565,-6.125611922411017],[107.00821495960153,-6.125611922411017],[107.00821495960153,-6.126510237695137]]]},"id":"+119121-6820","properties":{"cls":4,"count":1}},{"type":"Feature","geometry":{"geodesic":false,"type":"Polygon","coordinates":[[[107.00821495960153,-6.127408552979256],[107.00911327488565,-6.127408552979256],[107.00911327488565,-6.126510237695137],[107.00821495960153,-6.126510237695137],[107.00821495960153,-6.127408552979256]]]},"id":"+119121-6821","properties":{"cls":3,"count":1}},{"type":"Feature","geometry":{"geodesic":false,"type":"Polygon","coordinates":[[[107.00821495960153,-6.131001814115734],[107.00911327488565,-6.131001814115734],[107.00911327488565,-6.129205183547495],[107.00821495960153,-6.129205183547495],[107.00821495960153,-6.131001814115734]]]},"id":"+119121-6824","properties":{"cls":5,"count":2}},{"type":"Feature","geometry":{"geodesic":false,"type":"Polygon","coordinates":[[[107.00821495960153,-6.147171489229886],[107.00911327488565,-6.147171489229886],[107.00911327488565,-6.146273173945766],[107.00821495960153,-6.146273173945766],[107.00821495960153,-6.147171489229886]]]},"id":"+119121-6843","properties":{"cls":3,"count":1}},{"type":"Feature","geometry":{"geodesic":false,"type":"Polygon","coordinates":[[[107.00821495960153,-6.156154642071081],[107.00911327488565,-6.156154642071081],[107.00911327488565,-6.1552563267869616],[107.00821495960153,-6.1552563267869616],[107.00821495960153,-6.156154642071081]]]},"id":"+119121-6853","properties":{"cls":5,"count":1}},{"type":"Feature","geometry":{"geodesic":false,"type":"Polygon","coordinates":[[[107.00821495960153,-6.169629371332874],[107.00911327488565,-6.169629371332874],[107.00911327488565,-6.168731056048754],[107.00821495960153,-6.168731056048754],[107.00821495960153,-6.169629371332874]]]},"id":"+119121-6868","properties":{"cls":2,"count":1}},{"type":"Feature","geometry":{"geodesic":false,"type":"Polygon","coordinates":[[[107.00821495960153,-6.219036711959448],[107.00911327488565,-6.219036711959448],[107.00911327488565,-6.218138396675328],[107.00821495960153,-6.218138396675328],[107.00821495960153,-6.219036711959448]]]},"id":"+119121-6923","properties":{"cls":4,"count":1}},{"type":"Feature","geometry":{"geodesic":false,"type":"Polygon","coordinates":[[[107.00821495960153,-6.260359215028946],[107.00911327488565,-6.260359215028946],[107.00911327488565,-6.259460899744826],[107.00821495960153,-6.259460899744826],[107.00821495960153,-6.260359215028946]]]},"id":"+119121-6969","properties":{"cls":3,"count":1}},{"type":"Feature","geometry":{"geodesic":false,"type":"Polygon","coordinates":[[[107.00821495960153,-6.3088682403714],[107.00821495960153,-6.310664870939639],[107.01001159016977,-6.310664870939639],[107.00911327488565,-6.3088682403714],[107.00821495960153,-6.3088682403714]]]},"id":"+119121-7024","properties":{"cls":3,"count":3}},{"type":"Feature","geometry":{"geodesic":false,"type":"Polygon","coordinates":[[[107.00641832903328,-6.318749708496714],[107.00552001374916,-6.320546339064953],[107.00911327488565,-6.319648023780834],[107.00911327488565,-6.318749708496714],[107.00641832903328,-6.318749708496714]]]},"id":"+119121-7035","properties":{"cls":5,"count":5}},{"type":"Feature","geometry":{"geodesic":false,"type":"Polygon","coordinates":[[[107.00821495960153,-6.3259362307696705],[107.00911327488565,-6.3259362307696705],[107.00911327488565,-6.325037915485551],[107.00821495960153,-6.325037915485551],[107.00821495960153,-6.3259362307696705]]]},"id":"+119121-7042","properties":{"cls":4,"count":1}},{"type":"Feature","geometry":{"geodesic":false,"type":"Polygon","coordinates":[[[107.00911327488565,-6.056441645533814],[107.01001159016977,-6.056441645533814],[107.01001159016977,-6.055543330249694],[107.00911327488565,-6.055543330249694],[107.00911327488565,-6.056441645533814]]]},"id":"+119122-6742","properties":{"cls":4,"count":1}},{"type":"Feature","geometry":{"geodesic":false,"type":"Polygon","coordinates":[[[107.00911327488565,-6.0582382761020535],[107.01001159016977,-6.0582382761020535],[107.01001159016977,-6.0573399608179335],[107.00911327488565,-6.0573399608179335],[107.00911327488565,-6.0582382761020535]]]},"id":"+119122-6744","properties":{"cls":3,"count":1}},{"type":"Feature","geometry":{"geodesic":false,"type":"Polygon","coordinates":[[[107.00911327488565,-6.099560779171552],[107.01001159016977,-6.099560779171552],[107.01001159016977,-6.098662463887432],[107.00911327488565,-6.098662463887432],[107.00911327488565,-6.099560779171552]]]},"id":"+119122-6790","properties":{"cls":7,"count":1}},{"type":"Feature","geometry":{"geodesic":false,"type":"Polygon","coordinates":[[[107.00821495960153,-6.119323715422181],[107.00821495960153,-6.120222030706301],[107.01001159016977,-6.12112034599042],[107.01001159016977,-6.119323715422181],[107.00821495960153,-6.119323715422181]]]},"id":"+119122-6813","properties":{"cls":3,"count":3}},{"type":"Feature","geometry":{"geodesic":false,"type":"Polygon","coordinates":[[[107.00911327488565,-6.13908665167281],[107.01001159016977,-6.13908665167281],[107.01001159016977,-6.138188336388691],[107.00911327488565,-6.138188336388691],[107.00911327488565,-6.13908665167281]]]},"id":"+119122-6834","properties":{"cls":3,"count":1}},{"type":"Feature","geometry":{"geodesic":false,"type":"Polygon","coordinates":[[[107.00821495960153,-6.140883282241049],[107.00821495960153,-6.142679912809288],[107.00911327488565,-6.142679912809288],[107.01001159016977,-6.140883282241049],[107.00821495960153,-6.140883282241049]]]},"id":"+119122-6837","properties":{"cls":3,"count":3}},{"type":"Feature","geometry":{"geodesic":false,"type":"Polygon","coordinates":[[[107.00821495960153,-6.3474957975885395],[107.01001159016977,-6.3474957975885395],[107.01001159016977,-6.34659748230442],[107.00821495960153,-6.34659748230442],[107.00821495960153,-6.3474957975885395]]]},"id":"+119122-7066","properties":{"cls":3,"count":2}},{"type":"Feature","geometry":{"geodesic":false,"type":"Polygon","coordinates":[[[107.01001159016977,-6.048356807976739],[107.01090990545389,-6.048356807976739],[107.01090990545389,-6.047458492692619],[107.01001159016977,-6.047458492692619],[107.01001159016977,-6.048356807976739]]]},"id":"+119123-6733","properties":{"cls":7,"count":1}},{"type":"Feature","geometry":{"geodesic":false,"type":"Polygon","coordinates":[[[107.01001159016977,-6.049255123260858],[107.01090990545389,-6.049255123260858],[107.01090990545389,-6.048356807976739],[107.01001159016977,-6.048356807976739],[107.01001159016977,-6.049255123260858]]]},"id":"+119123-6734","properties":{"cls":5,"count":1}},{"type":"Feature","geometry":{"geodesic":false,"type":"Polygon","coordinates":[[[107.01001159016977,-6.050153438544977],[107.01090990545389,-6.050153438544977],[107.01090990545389,-6.049255123260858],[107.01001159016977,-6.049255123260858],[107.01001159016977,-6.050153438544977]]]},"id":"+119123-6735","properties":{"cls":9,"count":1}},{"type":"Feature","geometry":{"geodesic":false,"type":"Polygon","coordinates":[[[107.01001159016977,-6.061831537238532],[107.01090990545389,-6.061831537238532],[107.01090990545389,-6.060933221954412],[107.01001159016977,-6.060933221954412],[107.01001159016977,-6.061831537238532]]]},"id":"+119123-6748","properties":{"cls":5,"count":1}},{"type":"Feature","geometry":{"geodesic":false,"type":"Polygon","coordinates":[[[107.01001159016977,-6.137290021104572],[107.01090990545389,-6.137290021104572],[107.01090990545389,-6.136391705820452],[107.01001159016977,-6.136391705820452],[107.01001159016977,-6.137290021104572]]]},"id":"+119123-6832","properties":{"cls":2,"count":1}},{"type":"Feature","geometry":{"geodesic":false,"type":"Polygon","coordinates":[[[107.01001159016977,-6.13998496695693],[107.01090990545389,-6.13998496695693],[107.01090990545389,-6.13908665167281],[107.01001159016977,-6.13908665167281],[107.01001159016977,-6.13998496695693]]]},"id":"+119123-6835","properties":{"cls":2,"count":1}},{"type":"Feature","geometry":{"geodesic":false,"type":"Polygon","coordinates":[[[107.01001159016977,-6.140883282241049],[107.01001159016977,-6.143578228093408],[107.01090990545389,-6.143578228093408],[107.011808220738,-6.141781597525169],[107.01001159016977,-6.140883282241049]]]},"id":"+119123-6837","properties":{"cls":2,"count":4}},{"type":"Feature","geometry":{"geodesic":false,"type":"Polygon","coordinates":[[[107.01001159016977,-6.161544533775798],[107.01090990545389,-6.161544533775798],[107.01090990545389,-6.160646218491679],[107.01001159016977,-6.160646218491679],[107.01001159016977,-6.161544533775798]]]},"id":"+119123-6859","properties":{"cls":7,"count":1}},{"type":"Feature","geometry":{"geodesic":false,"type":"Polygon","coordinates":[[[107.01001159016977,-6.2702406831542605],[107.01090990545389,-6.2702406831542605],[107.01090990545389,-6.2693423678701405],[107.01001159016977,-6.2693423678701405],[107.01001159016977,-6.2702406831542605]]]},"id":"+119123-6980","properties":{"cls":7,"count":1}},{"type":"Feature","geometry":{"geodesic":false,"type":"Polygon","coordinates":[[[107.01001159016977,-6.276528890143097],[107.01090990545389,-6.276528890143097],[107.01090990545389,-6.275630574858978],[107.01001159016977,-6.275630574858978],[107.01001159016977,-6.276528890143097]]]},"id":"+119123-6987","properties":{"cls":2,"count":1}},{"type":"Feature","geometry":{"geodesic":false,"type":"Polygon","coordinates":[[[107.00911327488565,-6.324139600201431],[107.01090990545389,-6.324139600201431],[107.01090990545389,-6.323241284917312],[107.00911327488565,-6.323241284917312],[107.00911327488565,-6.324139600201431]]]},"id":"+119123-7040","properties":{"cls":3,"count":2}},{"type":"Feature","geometry":{"geodesic":false,"type":"Polygon","coordinates":[[[107.01001159016977,-6.3259362307696705],[107.01090990545389,-6.3259362307696705],[107.01090990545389,-6.325037915485551],[107.01001159016977,-6.325037915485551],[107.01001159016977,-6.3259362307696705]]]},"id":"+119123-7042","properties":{"cls":3,"count":1}},{"type":"Feature","geometry":{"geodesic":false,"type":"Polygon","coordinates":[[[107.01001159016977,-6.044763546840261],[107.011808220738,-6.044763546840261],[107.011808220738,-6.043865231556141],[107.01001159016977,-6.043865231556141],[107.01001159016977,-6.044763546840261]]]},"id":"+119124-6729","properties":{"cls":5,"count":2}},{"type":"Feature","geometry":{"geodesic":false,"type":"Polygon","coordinates":[[[107.01090990545389,-6.049255123260858],[107.011808220738,-6.049255123260858],[107.011808220738,-6.048356807976739],[107.01090990545389,-6.048356807976739],[107.01090990545389,-6.049255123260858]]]},"id":"+119124-6734","properties":{"cls":7,"count":1}},{"type":"Feature","geometry":{"geodesic":false,"type":"Polygon","coordinates":[[[107.01090990545389,-6.051051753829097],[107.011808220738,-6.051051753829097],[107.011808220738,-6.049255123260858],[107.01090990545389,-6.049255123260858],[107.01090990545389,-6.051051753829097]]]},"id":"+119124-6735","properties":{"cls":5,"count":2}},{"type":"Feature","geometry":{"geodesic":false,"type":"Polygon","coordinates":[[[107.01090990545389,-6.0573399608179335],[107.011808220738,-6.0573399608179335],[107.011808220738,-6.056441645533814],[107.01090990545389,-6.056441645533814],[107.01090990545389,-6.0573399608179335]]]},"id":"+119124-6743","properties":{"cls":5,"count":1}},{"type":"Feature","geometry":{"geodesic":false,"type":"Polygon","coordinates":[[[107.01090990545389,-6.0977641486033125],[107.011808220738,-6.0977641486033125],[107.011808220738,-6.0968658333191925],[107.01090990545389,-6.0968658333191925],[107.01090990545389,-6.0977641486033125]]]},"id":"+119124-6788","properties":{"cls":2,"count":1}},{"type":"Feature","geometry":{"geodesic":false,"type":"Polygon","coordinates":[[[107.01090990545389,-6.100459094455671],[107.011808220738,-6.100459094455671],[107.011808220738,-6.099560779171552],[107.01090990545389,-6.099560779171552],[107.01090990545389,-6.100459094455671]]]},"id":"+119124-6791","properties":{"cls":5,"count":1}},{"type":"Feature","geometry":{"geodesic":false,"type":"Polygon","coordinates":[[[107.01090990545389,-6.10225572502391],[107.011808220738,-6.10225572502391],[107.011808220738,-6.101357409739791],[107.01090990545389,-6.101357409739791],[107.01090990545389,-6.10225572502391]]]},"id":"+119124-6793","properties":{"cls":5,"count":1}},{"type":"Feature","geometry":{"geodesic":false,"type":"Polygon","coordinates":[[[107.01090990545389,-6.12112034599042],[107.01090990545389,-6.123815291842778],[107.01270653602212,-6.123815291842778],[107.01270653602212,-6.124713607126898],[107.01360485130624,-6.124713607126898],[107.01360485130624,-6.122916976558659],[107.01090990545389,-6.12112034599042]]]},"id":"+119124-6815","properties":{"cls":7,"count":7}},{"type":"Feature","geometry":{"geodesic":false,"type":"Polygon","coordinates":[[[107.01090990545389,-6.124713607126898],[107.011808220738,-6.124713607126898],[107.011808220738,-6.123815291842778],[107.01090990545389,-6.123815291842778],[107.01090990545389,-6.124713607126898]]]},"id":"+119124-6818","properties":{"cls":2,"count":1}},{"type":"Feature","geometry":{"geodesic":false,"type":"Polygon","coordinates":[[[107.01090990545389,-6.125611922411017],[107.011808220738,-6.125611922411017],[107.011808220738,-6.124713607126898],[107.01090990545389,-6.124713607126898],[107.01090990545389,-6.125611922411017]]]},"id":"+119124-6819","properties":{"cls":3,"count":1}},{"type":"Feature","geometry":{"geodesic":false,"type":"Polygon","coordinates":[[[107.01090990545389,-6.127408552979256],[107.011808220738,-6.127408552979256],[107.011808220738,-6.126510237695137],[107.01090990545389,-6.126510237695137],[107.01090990545389,-6.127408552979256]]]},"id":"+119124-6821","properties":{"cls":2,"count":1}},{"type":"Feature","geometry":{"geodesic":false,"type":"Polygon","coordinates":[[[107.01090990545389,-6.130103498831615],[107.011808220738,-6.130103498831615],[107.011808220738,-6.129205183547495],[107.01090990545389,-6.129205183547495],[107.01090990545389,-6.130103498831615]]]},"id":"+119124-6824","properties":{"cls":5,"count":1}},{"type":"Feature","geometry":{"geodesic":false,"type":"Polygon","coordinates":[[[107.01090990545389,-6.131001814115734],[107.011808220738,-6.131001814115734],[107.011808220738,-6.130103498831615],[107.01090990545389,-6.130103498831615],[107.01090990545389,-6.131001814115734]]]},"id":"+119124-6825","properties":{"cls":4,"count":1}},{"type":"Feature","geometry":{"geodesic":false,"type":"Polygon","coordinates":[[[107.01090990545389,-6.1354933905363325],[107.011808220738,-6.1354933905363325],[107.011808220738,-6.1345950752522125],[107.01090990545389,-6.1345950752522125],[107.01090990545389,-6.1354933905363325]]]},"id":"+119124-6830","properties":{"cls":5,"count":1}},{"type":"Feature","geometry":{"geodesic":false,"type":"Polygon","coordinates":[[[107.01090990545389,-6.136391705820452],[107.011808220738,-6.136391705820452],[107.011808220738,-6.1354933905363325],[107.01090990545389,-6.1354933905363325],[107.01090990545389,-6.136391705820452]]]},"id":"+119124-6831","properties":{"cls":3,"count":1}},{"type":"Feature","geometry":{"geodesic":false,"type":"Polygon","coordinates":[[[107.01090990545389,-6.148968119798125],[107.011808220738,-6.148968119798125],[107.011808220738,-6.147171489229886],[107.01090990545389,-6.147171489229886],[107.01090990545389,-6.148968119798125]]]},"id":"+119124-6844","properties":{"cls":2,"count":2}},{"type":"Feature","geometry":{"geodesic":false,"type":"Polygon","coordinates":[[[107.01090990545389,-6.150764750366364],[107.011808220738,-6.150764750366364],[107.011808220738,-6.149866435082244],[107.01090990545389,-6.149866435082244],[107.01090990545389,-6.150764750366364]]]},"id":"+119124-6847","properties":{"cls":2,"count":1}},{"type":"Feature","geometry":{"geodesic":false,"type":"Polygon","coordinates":[[[107.01090990545389,-6.151663065650483],[107.011808220738,-6.151663065650483],[107.011808220738,-6.150764750366364],[107.01090990545389,-6.150764750366364],[107.01090990545389,-6.151663065650483]]]},"id":"+119124-6848","properties":{"cls":3,"count":1}},{"type":"Feature","geometry":{"geodesic":false,"type":"Polygon","coordinates":[[[107.01090990545389,-6.161544533775798],[107.011808220738,-6.161544533775798],[107.011808220738,-6.160646218491679],[107.01090990545389,-6.160646218491679],[107.01090990545389,-6.161544533775798]]]},"id":"+119124-6859","properties":{"cls":4,"count":1}},{"type":"Feature","geometry":{"geodesic":false,"type":"Polygon","coordinates":[[[107.01090990545389,-6.162442849059918],[107.011808220738,-6.162442849059918],[107.011808220738,-6.161544533775798],[107.01090990545389,-6.161544533775798],[107.01090990545389,-6.162442849059918]]]},"id":"+119124-6860","properties":{"cls":7,"count":1}},{"type":"Feature","geometry":{"geodesic":false,"type":"Polygon","coordinates":[[[107.01090990545389,-6.218138396675328],[107.01090990545389,-6.219935027243567],[107.01270653602212,-6.219935027243567],[107.011808220738,-6.218138396675328],[107.01090990545389,-6.218138396675328]]]},"id":"+119124-6923","properties":{"cls":2,"count":3}},{"type":"Feature","geometry":{"geodesic":false,"type":"Polygon","coordinates":[[[107.01090990545389,-6.256765953892468],[107.011808220738,-6.256765953892468],[107.011808220738,-6.255867638608348],[107.01090990545389,-6.255867638608348],[107.01090990545389,-6.256765953892468]]]},"id":"+119124-6965","properties":{"cls":5,"count":1}},{"type":"Feature","geometry":{"geodesic":false,"type":"Polygon","coordinates":[[[107.01090990545389,-6.261257530313065],[107.011808220738,-6.261257530313065],[107.011808220738,-6.260359215028946],[107.01090990545389,-6.260359215028946],[107.01090990545389,-6.261257530313065]]]},"id":"+119124-6970","properties":{"cls":3,"count":1}},{"type":"Feature","geometry":{"geodesic":false,"type":"Polygon","coordinates":[[[107.01090990545389,-6.043865231556141],[107.01270653602212,-6.043865231556141],[107.01270653602212,-6.042966916272022],[107.01090990545389,-6.042966916272022],[107.01090990545389,-6.043865231556141]]]},"id":"+119125-6728","properties":{"cls":3,"count":2}},{"type":"Feature","geometry":{"geodesic":false,"type":"Polygon","coordinates":[[[107.011808220738,-6.049255123260858],[107.01270653602212,-6.049255123260858],[107.01270653602212,-6.048356807976739],[107.011808220738,-6.048356807976739],[107.011808220738,-6.049255123260858]]]},"id":"+119125-6734","properties":{"cls":3,"count":1}},{"type":"Feature","geometry":{"geodesic":false,"type":"Polygon","coordinates":[[[107.011808220738,-6.050153438544977],[107.01270653602212,-6.050153438544977],[107.01270653602212,-6.049255123260858],[107.011808220738,-6.049255123260858],[107.011808220738,-6.050153438544977]]]},"id":"+119125-6735","properties":{"cls":2,"count":1}},{"type":"Feature","geometry":{"geodesic":false,"type":"Polygon","coordinates":[[[107.011808220738,-6.051051753829097],[107.01270653602212,-6.051051753829097],[107.01270653602212,-6.050153438544977],[107.011808220738,-6.050153438544977],[107.011808220738,-6.051051753829097]]]},"id":"+119125-6736","properties":{"cls":7,"count":1}},{"type":"Feature","geometry":{"geodesic":false,"type":"Polygon","coordinates":[[[107.011808220738,-6.087882680477997],[107.01270653602212,-6.087882680477997],[107.01270653602212,-6.086984365193878],[107.011808220738,-6.086984365193878],[107.011808220738,-6.087882680477997]]]},"id":"+119125-6777","properties":{"cls":2,"count":1}},{"type":"Feature","geometry":{"geodesic":false,"type":"Polygon","coordinates":[[[107.01090990545389,-6.103154040308029],[107.01270653602212,-6.103154040308029],[107.01270653602212,-6.10225572502391],[107.01090990545389,-6.10225572502391],[107.01090990545389,-6.103154040308029]]]},"id":"+119125-6794","properties":{"cls":7,"count":2}},{"type":"Feature","geometry":{"geodesic":false,"type":"Polygon","coordinates":[[[107.011808220738,-6.114832139001583],[107.01270653602212,-6.114832139001583],[107.01270653602212,-6.113933823717463],[107.011808220738,-6.113933823717463],[107.011808220738,-6.114832139001583]]]},"id":"+119125-6807","properties":{"cls":2,"count":1}},{"type":"Feature","geometry":{"geodesic":false,"type":"Polygon","coordinates":[[[107.011808220738,-6.123815291842778],[107.011808220738,-6.125611922411017],[107.01360485130624,-6.125611922411017],[107.01270653602212,-6.123815291842778],[107.011808220738,-6.123815291842778]]]},"id":"+119125-6818","properties":{"cls":5,"count":3}},{"type":"Feature","geometry":{"geodesic":false,"type":"Polygon","coordinates":[[[107.011808220738,-6.126510237695137],[107.01270653602212,-6.126510237695137],[107.01270653602212,-6.125611922411017],[107.011808220738,-6.125611922411017],[107.011808220738,-6.126510237695137]]]},"id":"+119125-6820","properties":{"cls":2,"count":1}},{"type":"Feature","geometry":{"geodesic":false,"type":"Polygon","coordinates":[[[107.011808220738,-6.127408552979256],[107.01270653602212,-6.127408552979256],[107.01270653602212,-6.126510237695137],[107.011808220738,-6.126510237695137],[107.011808220738,-6.127408552979256]]]},"id":"+119125-6821","properties":{"cls":5,"count":1}},{"type":"Feature","geometry":{"geodesic":false,"type":"Polygon","coordinates":[[[107.01090990545389,-6.128306868263376],[107.01270653602212,-6.128306868263376],[107.01270653602212,-6.127408552979256],[107.01090990545389,-6.127408552979256],[107.01090990545389,-6.128306868263376]]]},"id":"+119125-6822","properties":{"cls":4,"count":2}},{"type":"Feature","geometry":{"geodesic":false,"type":"Polygon","coordinates":[[[107.01090990545389,-6.128306868263376],[107.01090990545389,-6.129205183547495],[107.01270653602212,-6.130103498831615],[107.01270653602212,-6.128306868263376],[107.01090990545389,-6.128306868263376]]]},"id":"+119125-6823","properties":{"cls":3,"count":3}},{"type":"Feature","geometry":{"geodesic":false,"type":"Polygon","coordinates":[[[107.011808220738,-6.13998496695693],[107.01270653602212,-6.13998496695693],[107.01270653602212,-6.13908665167281],[107.011808220738,-6.13908665167281],[107.011808220738,-6.13998496695693]]]},"id":"+119125-6835","properties":{"cls":4,"count":1}},{"type":"Feature","geometry":{"geodesic":false,"type":"Polygon","coordinates":[[[107.011808220738,-6.140883282241049],[107.01270653602212,-6.140883282241049],[107.01270653602212,-6.13998496695693],[107.011808220738,-6.13998496695693],[107.011808220738,-6.140883282241049]]]},"id":"+119125-6836","properties":{"cls":5,"count":1}},{"type":"Feature","geometry":{"geodesic":false,"type":"Polygon","coordinates":[[[107.011808220738,-6.151663065650483],[107.01270653602212,-6.151663065650483],[107.01270653602212,-6.150764750366364],[107.011808220738,-6.150764750366364],[107.011808220738,-6.151663065650483]]]},"id":"+119125-6848","properties":{"cls":9,"count":1}},{"type":"Feature","geometry":{"geodesic":false,"type":"Polygon","coordinates":[[[107.011808220738,-6.152561380934603],[107.01270653602212,-6.152561380934603],[107.01270653602212,-6.151663065650483],[107.011808220738,-6.151663065650483],[107.011808220738,-6.152561380934603]]]},"id":"+119125-6849","properties":{"cls":7,"count":1}},{"type":"Feature","geometry":{"geodesic":false,"type":"Polygon","coordinates":[[[107.011808220738,-6.263952476165423],[107.01270653602212,-6.263952476165423],[107.01270653602212,-6.263054160881304],[107.011808220738,-6.263054160881304],[107.011808220738,-6.263952476165423]]]},"id":"+119125-6973","properties":{"cls":3,"count":1}},{"type":"Feature","geometry":{"geodesic":false,"type":"Polygon","coordinates":[[[107.011808220738,-6.3070716098031605],[107.01270653602212,-6.3070716098031605],[107.01270653602212,-6.306173294519041],[107.011808220738,-6.306173294519041],[107.011808220738,-6.3070716098031605]]]},"id":"+119125-7021","properties":{"cls":4,"count":1}},{"type":"Feature","geometry":{"geodesic":false,"type":"Polygon","coordinates":[[[107.01270653602212,-6.036678709283184],[107.01360485130624,-6.036678709283184],[107.01360485130624,-6.035780393999065],[107.01270653602212,-6.035780393999065],[107.01270653602212,-6.036678709283184]]]},"id":"+119126-6720","properties":{"cls":4,"count":1}},{"type":"Feature","geometry":{"geodesic":false,"type":"Polygon","coordinates":[[[107.01270653602212,-6.044763546840261],[107.01360485130624,-6.044763546840261],[107.01360485130624,-6.042966916272022],[107.01270653602212,-6.042966916272022],[107.01270653602212,-6.044763546840261]]]},"id":"+119126-6728","properties":{"cls":2,"count":2}},{"type":"Feature","geometry":{"geodesic":false,"type":"Polygon","coordinates":[[[107.01270653602212,-6.050153438544977],[107.01360485130624,-6.050153438544977],[107.01360485130624,-6.049255123260858],[107.01270653602212,-6.049255123260858],[107.01270653602212,-6.050153438544977]]]},"id":"+119126-6735","properties":{"cls":3,"count":1}},{"type":"Feature","geometry":{"geodesic":false,"type":"Polygon","coordinates":[[[107.01270653602212,-6.051051753829097],[107.01360485130624,-6.051051753829097],[107.01360485130624,-6.050153438544977],[107.01270653602212,-6.050153438544977],[107.01270653602212,-6.051051753829097]]]},"id":"+119126-6736","properties":{"cls":5,"count":1}},{"type":"Feature","geometry":{"geodesic":false,"type":"Polygon","coordinates":[[[107.01270653602212,-6.095069202750953],[107.01360485130624,-6.095069202750953],[107.01360485130624,-6.094170887466834],[107.01270653602212,-6.094170887466834],[107.01270653602212,-6.095069202750953]]]},"id":"+119126-6785","properties":{"cls":5,"count":1}},{"type":"Feature","geometry":{"geodesic":false,"type":"Polygon","coordinates":[[[107.011808220738,-6.104052355592149],[107.01360485130624,-6.104052355592149],[107.01360485130624,-6.103154040308029],[107.011808220738,-6.103154040308029],[107.011808220738,-6.104052355592149]]]},"id":"+119126-6795","properties":{"cls":9,"count":2}},{"type":"Feature","geometry":{"geodesic":false,"type":"Polygon","coordinates":[[[107.01270653602212,-6.12112034599042],[107.01360485130624,-6.12112034599042],[107.01360485130624,-6.120222030706301],[107.01270653602212,-6.120222030706301],[107.01270653602212,-6.12112034599042]]]},"id":"+119126-6814","properties":{"cls":7,"count":1}},{"type":"Feature","geometry":{"geodesic":false,"type":"Polygon","coordinates":[[[107.01270653602212,-6.122916976558659],[107.01360485130624,-6.122916976558659],[107.01360485130624,-6.122018661274539],[107.01270653602212,-6.122018661274539],[107.01270653602212,-6.122916976558659]]]},"id":"+119126-6816","properties":{"cls":5,"count":1}},{"type":"Feature","geometry":{"geodesic":false,"type":"Polygon","coordinates":[[[107.01270653602212,-6.127408552979256],[107.01360485130624,-6.127408552979256],[107.01360485130624,-6.125611922411017],[107.01270653602212,-6.125611922411017],[107.01270653602212,-6.127408552979256]]]},"id":"+119126-6820","properties":{"cls":7,"count":2}},{"type":"Feature","geometry":{"geodesic":false,"type":"Polygon","coordinates":[[[107.01270653602212,-6.1354933905363325],[107.01360485130624,-6.1354933905363325],[107.01360485130624,-6.1345950752522125],[107.01270653602212,-6.1345950752522125],[107.01270653602212,-6.1354933905363325]]]},"id":"+119126-6830","properties":{"cls":2,"count":1}},{"type":"Feature","geometry":{"geodesic":false,"type":"Polygon","coordinates":[[[107.01270653602212,-6.136391705820452],[107.01360485130624,-6.136391705820452],[107.01360485130624,-6.1354933905363325],[107.01270653602212,-6.1354933905363325],[107.01270653602212,-6.136391705820452]]]},"id":"+119126-6831","properties":{"cls":5,"count":1}},{"type":"Feature","geometry":{"geodesic":false,"type":"Polygon","coordinates":[[[107.01270653602212,-6.137290021104572],[107.01360485130624,-6.137290021104572],[107.01360485130624,-6.136391705820452],[107.01270653602212,-6.136391705820452],[107.01270653602212,-6.137290021104572]]]},"id":"+119126-6832","properties":{"cls":4,"count":1}},{"type":"Feature","geometry":{"geodesic":false,"type":"Polygon","coordinates":[[[107.01270653602212,-6.13908665167281],[107.01360485130624,-6.13908665167281],[107.01360485130624,-6.138188336388691],[107.01270653602212,-6.138188336388691],[107.01270653602212,-6.13908665167281]]]},"id":"+119126-6834","properties":{"cls":2,"count":1}},{"type":"Feature","geometry":{"geodesic":false,"type":"Polygon","coordinates":[[[107.01270653602212,-6.13998496695693],[107.01360485130624,-6.13998496695693],[107.01360485130624,-6.13908665167281],[107.01270653602212,-6.13908665167281],[107.01270653602212,-6.13998496695693]]]},"id":"+119126-6835","properties":{"cls":5,"count":1}},{"type":"Feature","geometry":{"geodesic":false,"type":"Polygon","coordinates":[[[107.01270653602212,-6.140883282241049],[107.01360485130624,-6.140883282241049],[107.01360485130624,-6.13998496695693],[107.01270653602212,-6.13998496695693],[107.01270653602212,-6.140883282241049]]]},"id":"+119126-6836","properties":{"cls":7,"count":1}},{"type":"Feature","geometry":{"geodesic":false,"type":"Polygon","coordinates":[[[107.01270653602212,-6.143578228093408],[107.01360485130624,-6.143578228093408],[107.01360485130624,-6.142679912809288],[107.01270653602212,-6.142679912809288],[107.01270653602212,-6.143578228093408]]]},"id":"+119126-6839","properties":{"cls":4,"count":1}},{"type":"Feature","geometry":{"geodesic":false,"type":"Polygon","coordinates":[[[107.01270653602212,-6.144476543377527],[107.01360485130624,-6.144476543377527],[107.01360485130624,-6.143578228093408],[107.01270653602212,-6.143578228093408],[107.01270653602212,-6.144476543377527]]]},"id":"+119126-6840","properties":{"cls":3,"count":1}},{"type":"Feature","geometry":{"geodesic":false,"type":"Polygon","coordinates":[[[107.011808220738,-6.163341164344037],[107.01360485130624,-6.163341164344037],[107.01360485130624,-6.162442849059918],[107.011808220738,-6.162442849059918],[107.011808220738,-6.163341164344037]]]},"id":"+119126-6861","properties":{"cls":4,"count":2}},{"type":"Feature","geometry":{"geodesic":false,"type":"Polygon","coordinates":[[[107.01270653602212,-6.164239479628157],[107.01360485130624,-6.164239479628157],[107.01360485130624,-6.163341164344037],[107.01270653602212,-6.163341164344037],[107.01270653602212,-6.164239479628157]]]},"id":"+119126-6862","properties":{"cls":5,"count":1}},{"type":"Feature","geometry":{"geodesic":false,"type":"Polygon","coordinates":[[[107.01270653602212,-6.165137794912276],[107.01360485130624,-6.165137794912276],[107.01360485130624,-6.164239479628157],[107.01270653602212,-6.164239479628157],[107.01270653602212,-6.165137794912276]]]},"id":"+119126-6863","properties":{"cls":3,"count":1}},{"type":"Feature","geometry":{"geodesic":false,"type":"Polygon","coordinates":[[[107.011808220738,-6.166036110196396],[107.01360485130624,-6.166036110196396],[107.01360485130624,-6.165137794912276],[107.011808220738,-6.165137794912276],[107.011808220738,-6.166036110196396]]]},"id":"+119126-6864","properties":{"cls":4,"count":2}},{"type":"Feature","geometry":{"geodesic":false,"type":"Polygon","coordinates":[[[107.01270653602212,-6.25317269275599],[107.01360485130624,-6.25317269275599],[107.01360485130624,-6.25227437747187],[107.01270653602212,-6.25227437747187],[107.01270653602212,-6.25317269275599]]]},"id":"+119126-6961","properties":{"cls":4,"count":1}},{"type":"Feature","geometry":{"geodesic":false,"type":"Polygon","coordinates":[[[107.01270653602212,-6.3070716098031605],[107.01360485130624,-6.3070716098031605],[107.01360485130624,-6.306173294519041],[107.01270653602212,-6.306173294519041],[107.01270653602212,-6.3070716098031605]]]},"id":"+119126-7021","properties":{"cls":3,"count":1}},{"type":"Feature","geometry":{"geodesic":false,"type":"Polygon","coordinates":[[[107.011808220738,-6.323241284917312],[107.01360485130624,-6.323241284917312],[107.01360485130624,-6.322342969633192],[107.011808220738,-6.322342969633192],[107.011808220738,-6.323241284917312]]]},"id":"+119126-7039","properties":{"cls":2,"count":2}},{"type":"Feature","geometry":{"geodesic":false,"type":"Polygon","coordinates":[[[107.01360485130624,-6.0393736551355435],[107.01450316659036,-6.0393736551355435],[107.01450316659036,-6.0384753398514235],[107.01360485130624,-6.0384753398514235],[107.01360485130624,-6.0393736551355435]]]},"id":"+119127-6723","properties":{"cls":3,"count":1}},{"type":"Feature","geometry":{"geodesic":false,"type":"Polygon","coordinates":[[[107.01360485130624,-6.043865231556141],[107.01450316659036,-6.043865231556141],[107.01450316659036,-6.042966916272022],[107.01360485130624,-6.042966916272022],[107.01360485130624,-6.043865231556141]]]},"id":"+119127-6728","properties":{"cls":3,"count":1}},{"type":"Feature","geometry":{"geodesic":false,"type":"Polygon","coordinates":[[[107.01360485130624,-6.054645014965575],[107.01450316659036,-6.054645014965575],[107.01450316659036,-6.053746699681455],[107.01360485130624,-6.053746699681455],[107.01360485130624,-6.054645014965575]]]},"id":"+119127-6740","properties":{"cls":5,"count":1}},{"type":"Feature","geometry":{"geodesic":false,"type":"Polygon","coordinates":[[[107.01360485130624,-6.062729852522651],[107.01450316659036,-6.062729852522651],[107.01450316659036,-6.061831537238532],[107.01360485130624,-6.061831537238532],[107.01360485130624,-6.062729852522651]]]},"id":"+119127-6749","properties":{"cls":2,"count":1}},{"type":"Feature","geometry":{"geodesic":false,"type":"Polygon","coordinates":[[[107.01360485130624,-6.06452648309089],[107.01450316659036,-6.06452648309089],[107.01450316659036,-6.063628167806771],[107.01360485130624,-6.063628167806771],[107.01360485130624,-6.06452648309089]]]},"id":"+119127-6751","properties":{"cls":3,"count":1}},{"type":"Feature","geometry":{"geodesic":false,"type":"Polygon","coordinates":[[[107.01360485130624,-6.069916374795607],[107.01450316659036,-6.069916374795607],[107.01450316659036,-6.069018059511487],[107.01360485130624,-6.069018059511487],[107.01360485130624,-6.069916374795607]]]},"id":"+119127-6757","properties":{"cls":5,"count":1}},{"type":"Feature","geometry":{"geodesic":false,"type":"Polygon","coordinates":[[[107.01360485130624,-6.093272572182714],[107.01450316659036,-6.093272572182714],[107.01450316659036,-6.092374256898595],[107.01360485130624,-6.092374256898595],[107.01360485130624,-6.093272572182714]]]},"id":"+119127-6783","properties":{"cls":2,"count":1}},{"type":"Feature","geometry":{"geodesic":false,"type":"Polygon","coordinates":[[[107.01360485130624,-6.104950670876268],[107.01450316659036,-6.104950670876268],[107.01450316659036,-6.104052355592149],[107.01360485130624,-6.104052355592149],[107.01360485130624,-6.104950670876268]]]},"id":"+119127-6796","properties":{"cls":9,"count":1}},{"type":"Feature","geometry":{"geodesic":false,"type":"Polygon","coordinates":[[[107.01360485130624,-6.113035508433344],[107.01450316659036,-6.113035508433344],[107.01450316659036,-6.112137193149224],[107.01360485130624,-6.112137193149224],[107.01360485130624,-6.113035508433344]]]},"id":"+119127-6805","properties":{"cls":7,"count":1}},{"type":"Feature","geometry":{"geodesic":false,"type":"Polygon","coordinates":[[[107.01360485130624,-6.119323715422181],[107.01450316659036,-6.119323715422181],[107.01450316659036,-6.118425400138062],[107.01360485130624,-6.118425400138062],[107.01360485130624,-6.119323715422181]]]},"id":"+119127-6812","properties":{"cls":2,"count":1}},{"type":"Feature","geometry":{"geodesic":false,"type":"Polygon","coordinates":[[[107.01360485130624,-6.123815291842778],[107.01450316659036,-6.123815291842778],[107.01450316659036,-6.122916976558659],[107.01360485130624,-6.122916976558659],[107.01360485130624,-6.123815291842778]]]},"id":"+119127-6817","properties":{"cls":5,"count":1}},{"type":"Feature","geometry":{"geodesic":false,"type":"Polygon","coordinates":[[[107.01360485130624,-6.127408552979256],[107.01450316659036,-6.127408552979256],[107.01450316659036,-6.125611922411017],[107.01360485130624,-6.125611922411017],[107.01360485130624,-6.127408552979256]]]},"id":"+119127-6820","properties":{"cls":5,"count":2}},{"type":"Feature","geometry":{"geodesic":false,"type":"Polygon","coordinates":[[[107.01270653602212,-6.128306868263376],[107.01450316659036,-6.128306868263376],[107.01450316659036,-6.127408552979256],[107.01270653602212,-6.127408552979256],[107.01270653602212,-6.128306868263376]]]},"id":"+119127-6822","properties":{"cls":3,"count":2}},{"type":"Feature","geometry":{"geodesic":false,"type":"Polygon","coordinates":[[[107.01360485130624,-6.1354933905363325],[107.01450316659036,-6.1354933905363325],[107.01450316659036,-6.133696759968093],[107.01360485130624,-6.133696759968093],[107.01360485130624,-6.1354933905363325]]]},"id":"+119127-6829","properties":{"cls":5,"count":2}},{"type":"Feature","geometry":{"geodesic":false,"type":"Polygon","coordinates":[[[107.01360485130624,-6.136391705820452],[107.01450316659036,-6.136391705820452],[107.01450316659036,-6.1354933905363325],[107.01360485130624,-6.1354933905363325],[107.01360485130624,-6.136391705820452]]]},"id":"+119127-6831","properties":{"cls":3,"count":1}},{"type":"Feature","geometry":{"geodesic":false,"type":"Polygon","coordinates":[[[107.01270653602212,-6.137290021104572],[107.01270653602212,-6.138188336388691],[107.01450316659036,-6.13908665167281],[107.01450316659036,-6.137290021104572],[107.01270653602212,-6.137290021104572]]]},"id":"+119127-6833","properties":{"cls":3,"count":3}},{"type":"Feature","geometry":{"geodesic":false,"type":"Polygon","coordinates":[[[107.01360485130624,-6.13998496695693],[107.01450316659036,-6.13998496695693],[107.01450316659036,-6.13908665167281],[107.01360485130624,-6.13908665167281],[107.01360485130624,-6.13998496695693]]]},"id":"+119127-6835","properties":{"cls":4,"count":1}},{"type":"Feature","geometry":{"geodesic":false,"type":"Polygon","coordinates":[[[107.01090990545389,-6.140883282241049],[107.011808220738,-6.142679912809288],[107.01360485130624,-6.142679912809288],[107.01360485130624,-6.141781597525169],[107.01450316659036,-6.141781597525169],[107.01450316659036,-6.140883282241049],[107.01090990545389,-6.140883282241049]]]},"id":"+119127-6837","properties":{"cls":3,"count":6}},{"type":"Feature","geometry":{"geodesic":false,"type":"Polygon","coordinates":[[[107.01360485130624,-6.143578228093408],[107.01450316659036,-6.143578228093408],[107.01450316659036,-6.142679912809288],[107.01360485130624,-6.142679912809288],[107.01360485130624,-6.143578228093408]]]},"id":"+119127-6839","properties":{"cls":2,"count":1}},{"type":"Feature","geometry":{"geodesic":false,"type":"Polygon","coordinates":[[[107.01360485130624,-6.144476543377527],[107.01450316659036,-6.144476543377527],[107.01450316659036,-6.143578228093408],[107.01360485130624,-6.143578228093408],[107.01360485130624,-6.144476543377527]]]},"id":"+119127-6840","properties":{"cls":9,"count":1}},{"type":"Feature","geometry":{"geodesic":false,"type":"Polygon","coordinates":[[[107.01360485130624,-6.148968119798125],[107.01450316659036,-6.148968119798125],[107.01450316659036,-6.147171489229886],[107.01360485130624,-6.147171489229886],[107.01360485130624,-6.148968119798125]]]},"id":"+119127-6844","properties":{"cls":5,"count":2}},{"type":"Feature","geometry":{"geodesic":false,"type":"Polygon","coordinates":[[[107.01360485130624,-6.149866435082244],[107.01450316659036,-6.149866435082244],[107.01450316659036,-6.148968119798125],[107.01360485130624,-6.148968119798125],[107.01360485130624,-6.149866435082244]]]},"id":"+119127-6846","properties":{"cls":2,"count":1}},{"type":"Feature","geometry":{"geodesic":false,"type":"Polygon","coordinates":[[[107.01360485130624,-6.1534596962187225],[107.01450316659036,-6.1534596962187225],[107.01450316659036,-6.152561380934603],[107.01360485130624,-6.152561380934603],[107.01360485130624,-6.1534596962187225]]]},"id":"+119127-6850","properties":{"cls":2,"count":1}},{"type":"Feature","geometry":{"geodesic":false,"type":"Polygon","coordinates":[[[107.01360485130624,-6.1543580115028425],[107.01450316659036,-6.1543580115028425],[107.01450316659036,-6.1534596962187225],[107.01360485130624,-6.1534596962187225],[107.01360485130624,-6.1543580115028425]]]},"id":"+119127-6851","properties":{"cls":4,"count":1}},{"type":"Feature","geometry":{"geodesic":false,"type":"Polygon","coordinates":[[[107.01360485130624,-6.1552563267869616],[107.01450316659036,-6.1552563267869616],[107.01450316659036,-6.1543580115028425],[107.01360485130624,-6.1543580115028425],[107.01360485130624,-6.1552563267869616]]]},"id":"+119127-6852","properties":{"cls":3,"count":1}},{"type":"Feature","geometry":{"geodesic":false,"type":"Polygon","coordinates":[[[107.01360485130624,-6.1552563267869616],[107.01360485130624,-6.159747903207559],[107.01450316659036,-6.159747903207559],[107.01450316659036,-6.160646218491679],[107.0162997971586,-6.160646218491679],[107.01540148187448,-6.15884958792344],[107.0162997971586,-6.15884958792344],[107.0162997971586,-6.156154642071081],[107.01450316659036,-6.156154642071081],[107.01450316659036,-6.1552563267869616],[107.01360485130624,-6.1552563267869616]]]},"id":"+119127-6853","properties":{"cls":4,"count":14}},{"type":"Feature","geometry":{"geodesic":false,"type":"Polygon","coordinates":[[[107.01270653602212,-6.161544533775798],[107.01450316659036,-6.161544533775798],[107.01450316659036,-6.160646218491679],[107.01270653602212,-6.160646218491679],[107.01270653602212,-6.161544533775798]]]},"id":"+119127-6859","properties":{"cls":4,"count":2}},{"type":"Feature","geometry":{"geodesic":false,"type":"Polygon","coordinates":[[[107.01270653602212,-6.161544533775798],[107.01270653602212,-6.162442849059918],[107.01450316659036,-6.163341164344037],[107.01450316659036,-6.161544533775798],[107.01270653602212,-6.161544533775798]]]},"id":"+119127-6860","properties":{"cls":5,"count":3}},{"type":"Feature","geometry":{"geodesic":false,"type":"Polygon","coordinates":[[[107.01360485130624,-6.164239479628157],[107.01450316659036,-6.164239479628157],[107.01450316659036,-6.163341164344037],[107.01360485130624,-6.163341164344037],[107.01360485130624,-6.164239479628157]]]},"id":"+119127-6862","properties":{"cls":7,"count":1}},{"type":"Feature","geometry":{"geodesic":false,"type":"Polygon","coordinates":[[[107.01360485130624,-6.165137794912276],[107.01450316659036,-6.165137794912276],[107.01450316659036,-6.164239479628157],[107.01360485130624,-6.164239479628157],[107.01360485130624,-6.165137794912276]]]},"id":"+119127-6863","properties":{"cls":5,"count":1}},{"type":"Feature","geometry":{"geodesic":false,"type":"Polygon","coordinates":[[[107.01360485130624,-6.169629371332874],[107.01450316659036,-6.169629371332874],[107.01450316659036,-6.168731056048754],[107.01360485130624,-6.168731056048754],[107.01360485130624,-6.169629371332874]]]},"id":"+119127-6868","properties":{"cls":3,"count":1}},{"type":"Feature","geometry":{"geodesic":false,"type":"Polygon","coordinates":[[[107.01360485130624,-6.183104100594667],[107.01450316659036,-6.183104100594667],[107.01450316659036,-6.182205785310547],[107.01360485130624,-6.182205785310547],[107.01360485130624,-6.183104100594667]]]},"id":"+119127-6883","properties":{"cls":2,"count":1}},{"type":"Feature","geometry":{"geodesic":false,"type":"Polygon","coordinates":[[[107.01360485130624,-6.350190743440898],[107.01450316659036,-6.350190743440898],[107.01450316659036,-6.349292428156779],[107.01360485130624,-6.349292428156779],[107.01360485130624,-6.350190743440898]]]},"id":"+119127-7069","properties":{"cls":5,"count":1}},{"type":"Feature","geometry":{"geodesic":false,"type":"Polygon","coordinates":[[[107.01360485130624,-6.371750310259766],[107.01450316659036,-6.371750310259766],[107.01450316659036,-6.370851994975647],[107.01360485130624,-6.370851994975647],[107.01360485130624,-6.371750310259766]]]},"id":"+119127-7093","properties":{"cls":2,"count":1}},{"type":"Feature","geometry":{"geodesic":false,"type":"Polygon","coordinates":[[[107.01450316659036,-6.052848384397336],[107.01540148187448,-6.052848384397336],[107.01540148187448,-6.051950069113216],[107.01450316659036,-6.051950069113216],[107.01450316659036,-6.052848384397336]]]},"id":"+119128-6738","properties":{"cls":7,"count":1}},{"type":"Feature","geometry":{"geodesic":false,"type":"Polygon","coordinates":[[[107.01450316659036,-6.053746699681455],[107.01540148187448,-6.053746699681455],[107.01540148187448,-6.052848384397336],[107.01450316659036,-6.052848384397336],[107.01450316659036,-6.053746699681455]]]},"id":"+119128-6739","properties":{"cls":9,"count":1}},{"type":"Feature","geometry":{"geodesic":false,"type":"Polygon","coordinates":[[[107.01450316659036,-6.117527084853942],[107.01540148187448,-6.117527084853942],[107.01540148187448,-6.1166287695698225],[107.01450316659036,-6.1166287695698225],[107.01450316659036,-6.117527084853942]]]},"id":"+119128-6810","properties":{"cls":4,"count":1}},{"type":"Feature","geometry":{"geodesic":false,"type":"Polygon","coordinates":[[[107.01360485130624,-6.12112034599042],[107.01540148187448,-6.12112034599042],[107.01540148187448,-6.120222030706301],[107.01360485130624,-6.120222030706301],[107.01360485130624,-6.12112034599042]]]},"id":"+119128-6814","properties":{"cls":4,"count":2}},{"type":"Feature","geometry":{"geodesic":false,"type":"Polygon","coordinates":[[[107.01450316659036,-6.122916976558659],[107.01450316659036,-6.124713607126898],[107.01719811244271,-6.124713607126898],[107.01719811244271,-6.125611922411017],[107.01450316659036,-6.125611922411017],[107.01450316659036,-6.128306868263376],[107.0162997971586,-6.127408552979256],[107.0162997971586,-6.126510237695137],[107.01719811244271,-6.126510237695137],[107.01719811244271,-6.128306868263376],[107.01899474301096,-6.128306868263376],[107.01899474301096,-6.125611922411017],[107.01809642772685,-6.125611922411017],[107.01809642772685,-6.124713607126898],[107.01989305829508,-6.124713607126898],[107.01989305829508,-6.123815291842778],[107.01540148187448,-6.123815291842778],[107.01540148187448,-6.122916976558659],[107.01450316659036,-6.122916976558659]]]},"id":"+119128-6817","properties":{"cls":7,"count":20}},{"type":"Feature","geometry":{"geodesic":false,"type":"Polygon","coordinates":[[[107.01450316659036,-6.130103498831615],[107.01540148187448,-6.130103498831615],[107.01540148187448,-6.129205183547495],[107.01450316659036,-6.129205183547495],[107.01450316659036,-6.130103498831615]]]},"id":"+119128-6824","properties":{"cls":3,"count":1}},{"type":"Feature","geometry":{"geodesic":false,"type":"Polygon","coordinates":[[[107.01450316659036,-6.131900129399854],[107.01540148187448,-6.131900129399854],[107.01540148187448,-6.131001814115734],[107.01450316659036,-6.131001814115734],[107.01450316659036,-6.131900129399854]]]},"id":"+119128-6826","properties":{"cls":4,"count":1}},{"type":"Feature","geometry":{"geodesic":false,"type":"Polygon","coordinates":[[[107.01450316659036,-6.1345950752522125],[107.01540148187448,-6.1345950752522125],[107.01540148187448,-6.133696759968093],[107.01450316659036,-6.133696759968093],[107.01450316659036,-6.1345950752522125]]]},"id":"+119128-6829","properties":{"cls":2,"count":1}},{"type":"Feature","geometry":{"geodesic":false,"type":"Polygon","coordinates":[[[107.01450316659036,-6.13908665167281],[107.01540148187448,-6.13908665167281],[107.01540148187448,-6.137290021104572],[107.01450316659036,-6.137290021104572],[107.01450316659036,-6.13908665167281]]]},"id":"+119128-6833","properties":{"cls":2,"count":2}},{"type":"Feature","geometry":{"geodesic":false,"type":"Polygon","coordinates":[[[107.01450316659036,-6.140883282241049],[107.01540148187448,-6.140883282241049],[107.01540148187448,-6.13998496695693],[107.01450316659036,-6.13998496695693],[107.01450316659036,-6.140883282241049]]]},"id":"+119128-6836","properties":{"cls":4,"count":1}},{"type":"Feature","geometry":{"geodesic":false,"type":"Polygon","coordinates":[[[107.01450316659036,-6.144476543377527],[107.01360485130624,-6.146273173945766],[107.01540148187448,-6.146273173945766],[107.01540148187448,-6.144476543377527],[107.01450316659036,-6.144476543377527]]]},"id":"+119128-6841","properties":{"cls":2,"count":3}},{"type":"Feature","geometry":{"geodesic":false,"type":"Polygon","coordinates":[[[107.01450316659036,-6.147171489229886],[107.01540148187448,-6.147171489229886],[107.01540148187448,-6.146273173945766],[107.01450316659036,-6.146273173945766],[107.01450316659036,-6.147171489229886]]]},"id":"+119128-6843","properties":{"cls":5,"count":1}},{"type":"Feature","geometry":{"geodesic":false,"type":"Polygon","coordinates":[[[107.01450316659036,-6.148069804514005],[107.01540148187448,-6.148069804514005],[107.01540148187448,-6.147171489229886],[107.01450316659036,-6.147171489229886],[107.01450316659036,-6.148069804514005]]]},"id":"+119128-6844","properties":{"cls":7,"count":1}},{"type":"Feature","geometry":{"geodesic":false,"type":"Polygon","coordinates":[[[107.01450316659036,-6.148968119798125],[107.01540148187448,-6.148968119798125],[107.01540148187448,-6.148069804514005],[107.01450316659036,-6.148069804514005],[107.01450316659036,-6.148968119798125]]]},"id":"+119128-6845","properties":{"cls":3,"count":1}},{"type":"Feature","geometry":{"geodesic":false,"type":"Polygon","coordinates":[[[107.01450316659036,-6.150764750366364],[107.01540148187448,-6.150764750366364],[107.01540148187448,-6.149866435082244],[107.01450316659036,-6.149866435082244],[107.01450316659036,-6.150764750366364]]]},"id":"+119128-6847","properties":{"cls":2,"count":1}},{"type":"Feature","geometry":{"geodesic":false,"type":"Polygon","coordinates":[[[107.01450316659036,-6.152561380934603],[107.01540148187448,-6.152561380934603],[107.01540148187448,-6.151663065650483],[107.01450316659036,-6.151663065650483],[107.01450316659036,-6.152561380934603]]]},"id":"+119128-6849","properties":{"cls":4,"count":1}},{"type":"Feature","geometry":{"geodesic":false,"type":"Polygon","coordinates":[[[107.01450316659036,-6.1543580115028425],[107.01540148187448,-6.1543580115028425],[107.01540148187448,-6.1534596962187225],[107.01450316659036,-6.1534596962187225],[107.01450316659036,-6.1543580115028425]]]},"id":"+119128-6851","properties":{"cls":3,"count":1}},{"type":"Feature","geometry":{"geodesic":false,"type":"Polygon","coordinates":[[[107.01450316659036,-6.156154642071081],[107.01540148187448,-6.156154642071081],[107.01540148187448,-6.1552563267869616],[107.01450316659036,-6.1552563267869616],[107.01450316659036,-6.156154642071081]]]},"id":"+119128-6853","properties":{"cls":2,"count":1}},{"type":"Feature","geometry":{"geodesic":false,"type":"Polygon","coordinates":[[[107.01450316659036,-6.167832740764635],[107.01540148187448,-6.167832740764635],[107.01540148187448,-6.166934425480515],[107.01450316659036,-6.166934425480515],[107.01450316659036,-6.167832740764635]]]},"id":"+119128-6866","properties":{"cls":3,"count":1}},{"type":"Feature","geometry":{"geodesic":false,"type":"Polygon","coordinates":[[[107.01450316659036,-6.169629371332874],[107.01540148187448,-6.169629371332874],[107.01540148187448,-6.168731056048754],[107.01450316659036,-6.168731056048754],[107.01450316659036,-6.169629371332874]]]},"id":"+119128-6868","properties":{"cls":5,"count":1}},{"type":"Feature","geometry":{"geodesic":false,"type":"Polygon","coordinates":[[[107.01450316659036,-6.281020466563694],[107.01540148187448,-6.281020466563694],[107.01540148187448,-6.280122151279575],[107.01450316659036,-6.280122151279575],[107.01450316659036,-6.281020466563694]]]},"id":"+119128-6992","properties":{"cls":3,"count":1}},{"type":"Feature","geometry":{"geodesic":false,"type":"Polygon","coordinates":[[[107.01540148187448,-6.029492187010229],[107.0162997971586,-6.029492187010229],[107.0162997971586,-6.028593871726109],[107.01540148187448,-6.028593871726109],[107.01540148187448,-6.029492187010229]]]},"id":"+119129-6712","properties":{"cls":2,"count":1}},{"type":"Feature","geometry":{"geodesic":false,"type":"Polygon","coordinates":[[[107.01540148187448,-6.052848384397336],[107.0162997971586,-6.052848384397336],[107.0162997971586,-6.050153438544977],[107.01540148187448,-6.050153438544977],[107.01540148187448,-6.052848384397336]]]},"id":"+119129-6736","properties":{"cls":2,"count":3}},{"type":"Feature","geometry":{"geodesic":false,"type":"Polygon","coordinates":[[[107.01540148187448,-6.0600349066702925],[107.0162997971586,-6.0600349066702925],[107.0162997971586,-6.0591365913861726],[107.01540148187448,-6.0591365913861726],[107.01540148187448,-6.0600349066702925]]]},"id":"+119129-6746","properties":{"cls":2,"count":1}},{"type":"Feature","geometry":{"geodesic":false,"type":"Polygon","coordinates":[[[107.01540148187448,-6.088780995762117],[107.0162997971586,-6.088780995762117],[107.0162997971586,-6.087882680477997],[107.01540148187448,-6.087882680477997],[107.01540148187448,-6.088780995762117]]]},"id":"+119129-6778","properties":{"cls":3,"count":1}},{"type":"Feature","geometry":{"geodesic":false,"type":"Polygon","coordinates":[[[107.01450316659036,-6.091475941614475],[107.0162997971586,-6.091475941614475],[107.0162997971586,-6.090577626330356],[107.01450316659036,-6.090577626330356],[107.01450316659036,-6.091475941614475]]]},"id":"+119129-6781","properties":{"cls":2,"count":2}},{"type":"Feature","geometry":{"geodesic":false,"type":"Polygon","coordinates":[[[107.01540148187448,-6.1166287695698225],[107.0162997971586,-6.1166287695698225],[107.0162997971586,-6.1157304542857025],[107.01540148187448,-6.1157304542857025],[107.01540148187448,-6.1166287695698225]]]},"id":"+119129-6809","properties":{"cls":3,"count":1}},{"type":"Feature","geometry":{"geodesic":false,"type":"Polygon","coordinates":[[[107.01540148187448,-6.117527084853942],[107.0162997971586,-6.117527084853942],[107.0162997971586,-6.1166287695698225],[107.01540148187448,-6.1166287695698225],[107.01540148187448,-6.117527084853942]]]},"id":"+119129-6810","properties":{"cls":7,"count":1}},{"type":"Feature","geometry":{"geodesic":false,"type":"Polygon","coordinates":[[[107.01540148187448,-6.118425400138062],[107.0162997971586,-6.118425400138062],[107.0162997971586,-6.117527084853942],[107.01540148187448,-6.117527084853942],[107.01540148187448,-6.118425400138062]]]},"id":"+119129-6811","properties":{"cls":9,"count":1}},{"type":"Feature","geometry":{"geodesic":false,"type":"Polygon","coordinates":[[[107.01540148187448,-6.128306868263376],[107.0162997971586,-6.128306868263376],[107.0162997971586,-6.127408552979256],[107.01540148187448,-6.127408552979256],[107.01540148187448,-6.128306868263376]]]},"id":"+119129-6822","properties":{"cls":5,"count":1}},{"type":"Feature","geometry":{"geodesic":false,"type":"Polygon","coordinates":[[[107.01540148187448,-6.132798444683973],[107.0162997971586,-6.132798444683973],[107.0162997971586,-6.131001814115734],[107.01540148187448,-6.131001814115734],[107.01540148187448,-6.132798444683973]]]},"id":"+119129-6826","properties":{"cls":7,"count":2}},{"type":"Feature","geometry":{"geodesic":false,"type":"Polygon","coordinates":[[[107.01540148187448,-6.133696759968093],[107.01540148187448,-6.13908665167281],[107.01450316659036,-6.13908665167281],[107.01450316659036,-6.13998496695693],[107.0162997971586,-6.140883282241049],[107.0162997971586,-6.13998496695693],[107.01719811244271,-6.13998496695693],[107.01719811244271,-6.138188336388691],[107.0162997971586,-6.138188336388691],[107.0162997971586,-6.133696759968093],[107.01540148187448,-6.133696759968093]]]},"id":"+119129-6829","properties":{"cls":3,"count":11}},{"type":"Feature","geometry":{"geodesic":false,"type":"Polygon","coordinates":[[[107.01540148187448,-6.145374858661647],[107.0162997971586,-6.145374858661647],[107.0162997971586,-6.144476543377527],[107.01540148187448,-6.144476543377527],[107.01540148187448,-6.145374858661647]]]},"id":"+119129-6841","properties":{"cls":4,"count":1}},{"type":"Feature","geometry":{"geodesic":false,"type":"Polygon","coordinates":[[[107.01540148187448,-6.146273173945766],[107.0162997971586,-6.146273173945766],[107.0162997971586,-6.145374858661647],[107.01540148187448,-6.145374858661647],[107.01540148187448,-6.146273173945766]]]},"id":"+119129-6842","properties":{"cls":3,"count":1}},{"type":"Feature","geometry":{"geodesic":false,"type":"Polygon","coordinates":[[[107.01540148187448,-6.147171489229886],[107.0162997971586,-6.147171489229886],[107.0162997971586,-6.146273173945766],[107.01540148187448,-6.146273173945766],[107.01540148187448,-6.147171489229886]]]},"id":"+119129-6843","properties":{"cls":4,"count":1}},{"type":"Feature","geometry":{"geodesic":false,"type":"Polygon","coordinates":[[[107.01540148187448,-6.148069804514005],[107.01450316659036,-6.149866435082244],[107.0162997971586,-6.150764750366364],[107.0162997971586,-6.148069804514005],[107.01540148187448,-6.148069804514005]]]},"id":"+119129-6845","properties":{"cls":5,"count":4}},{"type":"Feature","geometry":{"geodesic":false,"type":"Polygon","coordinates":[[[107.01450316659036,-6.151663065650483],[107.0162997971586,-6.151663065650483],[107.0162997971586,-6.150764750366364],[107.01450316659036,-6.150764750366364],[107.01450316659036,-6.151663065650483]]]},"id":"+119129-6848","properties":{"cls":3,"count":2}},{"type":"Feature","geometry":{"geodesic":false,"type":"Polygon","coordinates":[[[107.01540148187448,-6.156154642071081],[107.0162997971586,-6.156154642071081],[107.0162997971586,-6.1543580115028425],[107.01540148187448,-6.1543580115028425],[107.01540148187448,-6.156154642071081]]]},"id":"+119129-6852","properties":{"cls":3,"count":2}},{"type":"Feature","geometry":{"geodesic":false,"type":"Polygon","coordinates":[[[107.01540148187448,-6.159747903207559],[107.0162997971586,-6.159747903207559],[107.0162997971586,-6.15884958792344],[107.01540148187448,-6.15884958792344],[107.01540148187448,-6.159747903207559]]]},"id":"+119129-6857","properties":{"cls":3,"count":1}},{"type":"Feature","geometry":{"geodesic":false,"type":"Polygon","coordinates":[[[107.01450316659036,-6.161544533775798],[107.01450316659036,-6.163341164344037],[107.01540148187448,-6.163341164344037],[107.0162997971586,-6.161544533775798],[107.01450316659036,-6.161544533775798]]]},"id":"+119129-6860","properties":{"cls":7,"count":3}},{"type":"Feature","geometry":{"geodesic":false,"type":"Polygon","coordinates":[[[107.01540148187448,-6.163341164344037],[107.0162997971586,-6.163341164344037],[107.0162997971586,-6.162442849059918],[107.01540148187448,-6.162442849059918],[107.01540148187448,-6.163341164344037]]]},"id":"+119129-6861","properties":{"cls":9,"count":1}},{"type":"Feature","geometry":{"geodesic":false,"type":"Polygon","coordinates":[[[107.01540148187448,-6.260359215028946],[107.0162997971586,-6.260359215028946],[107.0162997971586,-6.259460899744826],[107.01540148187448,-6.259460899744826],[107.01540148187448,-6.260359215028946]]]},"id":"+119129-6969","properties":{"cls":2,"count":1}},{"type":"Feature","geometry":{"geodesic":false,"type":"Polygon","coordinates":[[[107.01540148187448,-6.281918781847814],[107.0162997971586,-6.281918781847814],[107.0162997971586,-6.281020466563694],[107.01540148187448,-6.281020466563694],[107.01540148187448,-6.281918781847814]]]},"id":"+119129-6993","properties":{"cls":3,"count":1}},{"type":"Feature","geometry":{"geodesic":false,"type":"Polygon","coordinates":[[[107.01450316659036,-6.355580635145615],[107.0162997971586,-6.355580635145615],[107.0162997971586,-6.354682319861495],[107.01450316659036,-6.354682319861495],[107.01450316659036,-6.355580635145615]]]},"id":"+119129-7075","properties":{"cls":3,"count":2}},{"type":"Feature","geometry":{"geodesic":false,"type":"Polygon","coordinates":[[[107.01540148187448,-6.357377265713854],[107.0162997971586,-6.357377265713854],[107.0162997971586,-6.356478950429734],[107.01540148187448,-6.356478950429734],[107.01540148187448,-6.357377265713854]]]},"id":"+119129-7077","properties":{"cls":3,"count":1}},{"type":"Feature","geometry":{"geodesic":false,"type":"Polygon","coordinates":[[[107.01540148187448,-6.378936832532722],[107.0162997971586,-6.378936832532722],[107.0162997971586,-6.378038517248603],[107.01540148187448,-6.378038517248603],[107.01540148187448,-6.378936832532722]]]},"id":"+119129-7101","properties":{"cls":2,"count":1}},{"type":"Feature","geometry":{"geodesic":false,"type":"Polygon","coordinates":[[[107.0162997971586,-6.030390502294348],[107.01719811244271,-6.030390502294348],[107.01719811244271,-6.029492187010229],[107.0162997971586,-6.029492187010229],[107.0162997971586,-6.030390502294348]]]},"id":"+119130-6713","properties":{"cls":2,"count":1}},{"type":"Feature","geometry":{"geodesic":false,"type":"Polygon","coordinates":[[[107.0162997971586,-6.032187132862587],[107.01719811244271,-6.032187132862587],[107.01719811244271,-6.031288817578468],[107.0162997971586,-6.031288817578468],[107.0162997971586,-6.032187132862587]]]},"id":"+119130-6715","properties":{"cls":2,"count":1}},{"type":"Feature","geometry":{"geodesic":false,"type":"Polygon","coordinates":[[[107.0162997971586,-6.052848384397336],[107.01719811244271,-6.052848384397336],[107.01719811244271,-6.051950069113216],[107.0162997971586,-6.051950069113216],[107.0162997971586,-6.052848384397336]]]},"id":"+119130-6738","properties":{"cls":3,"count":1}},{"type":"Feature","geometry":{"geodesic":false,"type":"Polygon","coordinates":[[[107.0162997971586,-6.053746699681455],[107.01719811244271,-6.053746699681455],[107.01719811244271,-6.052848384397336],[107.0162997971586,-6.052848384397336],[107.0162997971586,-6.053746699681455]]]},"id":"+119130-6739","properties":{"cls":7,"count":1}},{"type":"Feature","geometry":{"geodesic":false,"type":"Polygon","coordinates":[[[107.0162997971586,-6.060933221954412],[107.01719811244271,-6.060933221954412],[107.01719811244271,-6.0600349066702925],[107.0162997971586,-6.0600349066702925],[107.0162997971586,-6.060933221954412]]]},"id":"+119130-6747","properties":{"cls":4,"count":1}},{"type":"Feature","geometry":{"geodesic":false,"type":"Polygon","coordinates":[[[107.0162997971586,-6.069916374795607],[107.01719811244271,-6.069916374795607],[107.01719811244271,-6.069018059511487],[107.0162997971586,-6.069018059511487],[107.0162997971586,-6.069916374795607]]]},"id":"+119130-6757","properties":{"cls":4,"count":1}},{"type":"Feature","geometry":{"geodesic":false,"type":"Polygon","coordinates":[[[107.0162997971586,-6.1157304542857025],[107.01719811244271,-6.1157304542857025],[107.01719811244271,-6.114832139001583],[107.0162997971586,-6.114832139001583],[107.0162997971586,-6.1157304542857025]]]},"id":"+119130-6808","properties":{"cls":7,"count":1}},{"type":"Feature","geometry":{"geodesic":false,"type":"Polygon","coordinates":[[[107.01450316659036,-6.125611922411017],[107.01719811244271,-6.125611922411017],[107.01719811244271,-6.124713607126898],[107.01450316659036,-6.124713607126898],[107.01450316659036,-6.125611922411017]]]},"id":"+119130-6819","properties":{"cls":5,"count":3}},{"type":"Feature","geometry":{"geodesic":false,"type":"Polygon","coordinates":[[[107.0162997971586,-6.127408552979256],[107.01719811244271,-6.127408552979256],[107.01719811244271,-6.126510237695137],[107.0162997971586,-6.126510237695137],[107.0162997971586,-6.127408552979256]]]},"id":"+119130-6821","properties":{"cls":4,"count":1}},{"type":"Feature","geometry":{"geodesic":false,"type":"Polygon","coordinates":[[[107.0162997971586,-6.1345950752522125],[107.01719811244271,-6.1345950752522125],[107.01719811244271,-6.133696759968093],[107.0162997971586,-6.133696759968093],[107.0162997971586,-6.1345950752522125]]]},"id":"+119130-6829","properties":{"cls":4,"count":1}},{"type":"Feature","geometry":{"geodesic":false,"type":"Polygon","coordinates":[[[107.0162997971586,-6.136391705820452],[107.01719811244271,-6.136391705820452],[107.01719811244271,-6.1345950752522125],[107.0162997971586,-6.1345950752522125],[107.0162997971586,-6.136391705820452]]]},"id":"+119130-6830","properties":{"cls":2,"count":2}},{"type":"Feature","geometry":{"geodesic":false,"type":"Polygon","coordinates":[[[107.0162997971586,-6.138188336388691],[107.01719811244271,-6.138188336388691],[107.01719811244271,-6.137290021104572],[107.0162997971586,-6.137290021104572],[107.0162997971586,-6.138188336388691]]]},"id":"+119130-6833","properties":{"cls":2,"count":1}},{"type":"Feature","geometry":{"geodesic":false,"type":"Polygon","coordinates":[[[107.0162997971586,-6.144476543377527],[107.01719811244271,-6.144476543377527],[107.01719811244271,-6.143578228093408],[107.0162997971586,-6.143578228093408],[107.0162997971586,-6.144476543377527]]]},"id":"+119130-6840","properties":{"cls":2,"count":1}},{"type":"Feature","geometry":{"geodesic":false,"type":"Polygon","coordinates":[[[107.0162997971586,-6.145374858661647],[107.01719811244271,-6.145374858661647],[107.01719811244271,-6.144476543377527],[107.0162997971586,-6.144476543377527],[107.0162997971586,-6.145374858661647]]]},"id":"+119130-6841","properties":{"cls":3,"count":1}},{"type":"Feature","geometry":{"geodesic":false,"type":"Polygon","coordinates":[[[107.0162997971586,-6.146273173945766],[107.01719811244271,-6.146273173945766],[107.01719811244271,-6.145374858661647],[107.0162997971586,-6.145374858661647],[107.0162997971586,-6.146273173945766]]]},"id":"+119130-6842","properties":{"cls":5,"count":1}},{"type":"Feature","geometry":{"geodesic":false,"type":"Polygon","coordinates":[[[107.0162997971586,-6.148069804514005],[107.01719811244271,-6.148069804514005],[107.01719811244271,-6.146273173945766],[107.0162997971586,-6.146273173945766],[107.0162997971586,-6.148069804514005]]]},"id":"+119130-6843","properties":{"cls":2,"count":2}},{"type":"Feature","geometry":{"geodesic":false,"type":"Polygon","coordinates":[[[107.0162997971586,-6.161544533775798],[107.01719811244271,-6.161544533775798],[107.01719811244271,-6.160646218491679],[107.0162997971586,-6.160646218491679],[107.0162997971586,-6.161544533775798]]]},"id":"+119130-6859","properties":{"cls":4,"count":1}},{"type":"Feature","geometry":{"geodesic":false,"type":"Polygon","coordinates":[[[107.0162997971586,-6.355580635145615],[107.01719811244271,-6.355580635145615],[107.01719811244271,-6.353784004577376],[107.0162997971586,-6.353784004577376],[107.0162997971586,-6.355580635145615]]]},"id":"+119130-7074","properties":{"cls":5,"count":2}},{"type":"Feature","geometry":{"geodesic":false,"type":"Polygon","coordinates":[[[107.01719811244271,-6.029492187010229],[107.01809642772685,-6.029492187010229],[107.01809642772685,-6.028593871726109],[107.01719811244271,-6.028593871726109],[107.01719811244271,-6.029492187010229]]]},"id":"+119131-6712","properties":{"cls":2,"count":1}},{"type":"Feature","geometry":{"geodesic":false,"type":"Polygon","coordinates":[[[107.01719811244271,-6.030390502294348],[107.01809642772685,-6.030390502294348],[107.01809642772685,-6.029492187010229],[107.01719811244271,-6.029492187010229],[107.01719811244271,-6.030390502294348]]]},"id":"+119131-6713","properties":{"cls":5,"count":1}},{"type":"Feature","geometry":{"geodesic":false,"type":"Polygon","coordinates":[[[107.01719811244271,-6.031288817578468],[107.01809642772685,-6.031288817578468],[107.01809642772685,-6.030390502294348],[107.01719811244271,-6.030390502294348],[107.01719811244271,-6.031288817578468]]]},"id":"+119131-6714","properties":{"cls":2,"count":1}},{"type":"Feature","geometry":{"geodesic":false,"type":"Polygon","coordinates":[[[107.01719811244271,-6.032187132862587],[107.01809642772685,-6.032187132862587],[107.01809642772685,-6.031288817578468],[107.01719811244271,-6.031288817578468],[107.01719811244271,-6.032187132862587]]]},"id":"+119131-6715","properties":{"cls":3,"count":1}},{"type":"Feature","geometry":{"geodesic":false,"type":"Polygon","coordinates":[[[107.01719811244271,-6.060933221954412],[107.01809642772685,-6.060933221954412],[107.01809642772685,-6.0600349066702925],[107.01719811244271,-6.0600349066702925],[107.01719811244271,-6.060933221954412]]]},"id":"+119131-6747","properties":{"cls":2,"count":1}},{"type":"Feature","geometry":{"geodesic":false,"type":"Polygon","coordinates":[[[107.01719811244271,-6.066323113659129],[107.01809642772685,-6.066323113659129],[107.01809642772685,-6.06542479837501],[107.01719811244271,-6.06542479837501],[107.01719811244271,-6.066323113659129]]]},"id":"+119131-6753","properties":{"cls":2,"count":1}},{"type":"Feature","geometry":{"geodesic":false,"type":"Polygon","coordinates":[[[107.01719811244271,-6.101357409739791],[107.01809642772685,-6.101357409739791],[107.01809642772685,-6.100459094455671],[107.01719811244271,-6.100459094455671],[107.01719811244271,-6.101357409739791]]]},"id":"+119131-6792","properties":{"cls":7,"count":1}},{"type":"Feature","geometry":{"geodesic":false,"type":"Polygon","coordinates":[[[107.01719811244271,-6.113933823717463],[107.01809642772685,-6.113933823717463],[107.01809642772685,-6.113035508433344],[107.01719811244271,-6.113035508433344],[107.01719811244271,-6.113933823717463]]]},"id":"+119131-6806","properties":{"cls":3,"count":1}},{"type":"Feature","geometry":{"geodesic":false,"type":"Polygon","coordinates":[[[107.01719811244271,-6.118425400138062],[107.01809642772685,-6.118425400138062],[107.01809642772685,-6.117527084853942],[107.01719811244271,-6.117527084853942],[107.01719811244271,-6.118425400138062]]]},"id":"+119131-6811","properties":{"cls":7,"count":1}},{"type":"Feature","geometry":{"geodesic":false,"type":"Polygon","coordinates":[[[107.01719811244271,-6.133696759968093],[107.01809642772685,-6.133696759968093],[107.01809642772685,-6.132798444683973],[107.01719811244271,-6.132798444683973],[107.01719811244271,-6.133696759968093]]]},"id":"+119131-6828","properties":{"cls":7,"count":1}},{"type":"Feature","geometry":{"geodesic":false,"type":"Polygon","coordinates":[[[107.01719811244271,-6.1345950752522125],[107.01809642772685,-6.1345950752522125],[107.01809642772685,-6.133696759968093],[107.01719811244271,-6.133696759968093],[107.01719811244271,-6.1345950752522125]]]},"id":"+119131-6829","properties":{"cls":5,"count":1}},{"type":"Feature","geometry":{"geodesic":false,"type":"Polygon","coordinates":[[[107.01719811244271,-6.13998496695693],[107.01809642772685,-6.13998496695693],[107.01809642772685,-6.13908665167281],[107.01719811244271,-6.13908665167281],[107.01719811244271,-6.13998496695693]]]},"id":"+119131-6835","properties":{"cls":2,"count":1}},{"type":"Feature","geometry":{"geodesic":false,"type":"Polygon","coordinates":[[[107.01719811244271,-6.143578228093408],[107.01809642772685,-6.143578228093408],[107.01809642772685,-6.142679912809288],[107.01719811244271,-6.142679912809288],[107.01719811244271,-6.143578228093408]]]},"id":"+119131-6839","properties":{"cls":2,"count":1}},{"type":"Feature","geometry":{"geodesic":false,"type":"Polygon","coordinates":[[[107.0162997971586,-6.148968119798125],[107.01809642772685,-6.148968119798125],[107.01809642772685,-6.148069804514005],[107.0162997971586,-6.148069804514005],[107.0162997971586,-6.148968119798125]]]},"id":"+119131-6845","properties":{"cls":4,"count":2}},{"type":"Feature","geometry":{"geodesic":false,"type":"Polygon","coordinates":[[[107.01719811244271,-6.1543580115028425],[107.01809642772685,-6.1543580115028425],[107.01809642772685,-6.1534596962187225],[107.01719811244271,-6.1534596962187225],[107.01719811244271,-6.1543580115028425]]]},"id":"+119131-6851","properties":{"cls":3,"count":1}},{"type":"Feature","geometry":{"geodesic":false,"type":"Polygon","coordinates":[[[107.01719811244271,-6.156154642071081],[107.01809642772685,-6.156154642071081],[107.01809642772685,-6.1552563267869616],[107.01719811244271,-6.1552563267869616],[107.01719811244271,-6.156154642071081]]]},"id":"+119131-6853","properties":{"cls":3,"count":1}},{"type":"Feature","geometry":{"geodesic":false,"type":"Polygon","coordinates":[[[107.01809642772685,-6.030390502294348],[107.01899474301096,-6.030390502294348],[107.01899474301096,-6.029492187010229],[107.01809642772685,-6.029492187010229],[107.01809642772685,-6.030390502294348]]]},"id":"+119132-6713","properties":{"cls":3,"count":1}},{"type":"Feature","geometry":{"geodesic":false,"type":"Polygon","coordinates":[[[107.01809642772685,-6.040271970419663],[107.01899474301096,-6.040271970419663],[107.01899474301096,-6.0393736551355435],[107.01809642772685,-6.0393736551355435],[107.01809642772685,-6.040271970419663]]]},"id":"+119132-6724","properties":{"cls":2,"count":1}},{"type":"Feature","geometry":{"geodesic":false,"type":"Polygon","coordinates":[[[107.01809642772685,-6.053746699681455],[107.01899474301096,-6.053746699681455],[107.01899474301096,-6.052848384397336],[107.01809642772685,-6.052848384397336],[107.01809642772685,-6.053746699681455]]]},"id":"+119132-6739","properties":{"cls":3,"count":1}},{"type":"Feature","geometry":{"geodesic":false,"type":"Polygon","coordinates":[[[107.01809642772685,-6.0582382761020535],[107.01899474301096,-6.0582382761020535],[107.01899474301096,-6.0573399608179335],[107.01809642772685,-6.0573399608179335],[107.01809642772685,-6.0582382761020535]]]},"id":"+119132-6744","properties":{"cls":7,"count":1}},{"type":"Feature","geometry":{"geodesic":false,"type":"Polygon","coordinates":[[[107.01719811244271,-6.0591365913861726],[107.01899474301096,-6.0591365913861726],[107.01899474301096,-6.0582382761020535],[107.01719811244271,-6.0582382761020535],[107.01719811244271,-6.0591365913861726]]]},"id":"+119132-6745","properties":{"cls":4,"count":2}},{"type":"Feature","geometry":{"geodesic":false,"type":"Polygon","coordinates":[[[107.01809642772685,-6.060933221954412],[107.01899474301096,-6.060933221954412],[107.01899474301096,-6.0600349066702925],[107.01809642772685,-6.0600349066702925],[107.01809642772685,-6.060933221954412]]]},"id":"+119132-6747","properties":{"cls":5,"count":1}},{"type":"Feature","geometry":{"geodesic":false,"type":"Polygon","coordinates":[[[107.01809642772685,-6.061831537238532],[107.01899474301096,-6.061831537238532],[107.01899474301096,-6.060933221954412],[107.01809642772685,-6.060933221954412],[107.01809642772685,-6.061831537238532]]]},"id":"+119132-6748","properties":{"cls":9,"count":1}},{"type":"Feature","geometry":{"geodesic":false,"type":"Polygon","coordinates":[[[107.01809642772685,-6.113933823717463],[107.01899474301096,-6.113933823717463],[107.01899474301096,-6.113035508433344],[107.01809642772685,-6.113035508433344],[107.01809642772685,-6.113933823717463]]]},"id":"+119132-6806","properties":{"cls":5,"count":1}},{"type":"Feature","geometry":{"geodesic":false,"type":"Polygon","coordinates":[[[107.01719811244271,-6.114832139001583],[107.01899474301096,-6.114832139001583],[107.01899474301096,-6.113933823717463],[107.01719811244271,-6.113933823717463],[107.01719811244271,-6.114832139001583]]]},"id":"+119132-6807","properties":{"cls":2,"count":2}},{"type":"Feature","geometry":{"geodesic":false,"type":"Polygon","coordinates":[[[107.0162997971586,-6.129205183547495],[107.01719811244271,-6.131001814115734],[107.0162997971586,-6.131001814115734],[107.0162997971586,-6.132798444683973],[107.01450316659036,-6.131900129399854],[107.01450316659036,-6.133696759968093],[107.01719811244271,-6.133696759968093],[107.01719811244271,-6.132798444683973],[107.01899474301096,-6.133696759968093],[107.01899474301096,-6.129205183547495],[107.0162997971586,-6.129205183547495]]]},"id":"+119132-6824","properties":{"cls":5,"count":16}},{"type":"Feature","geometry":{"geodesic":false,"type":"Polygon","coordinates":[[[107.01809642772685,-6.1345950752522125],[107.01899474301096,-6.1345950752522125],[107.01899474301096,-6.133696759968093],[107.01809642772685,-6.133696759968093],[107.01809642772685,-6.1345950752522125]]]},"id":"+119132-6829","properties":{"cls":4,"count":1}},{"type":"Feature","geometry":{"geodesic":false,"type":"Polygon","coordinates":[[[107.01719811244271,-6.137290021104572],[107.01719811244271,-6.138188336388691],[107.01899474301096,-6.13908665167281],[107.01899474301096,-6.137290021104572],[107.01719811244271,-6.137290021104572]]]},"id":"+119132-6833","properties":{"cls":4,"count":3}},{"type":"Feature","geometry":{"geodesic":false,"type":"Polygon","coordinates":[[[107.01809642772685,-6.1534596962187225],[107.01899474301096,-6.1534596962187225],[107.01899474301096,-6.152561380934603],[107.01809642772685,-6.152561380934603],[107.01809642772685,-6.1534596962187225]]]},"id":"+119132-6850","properties":{"cls":4,"count":1}},{"type":"Feature","geometry":{"geodesic":false,"type":"Polygon","coordinates":[[[107.01809642772685,-6.157052957355201],[107.01899474301096,-6.157052957355201],[107.01899474301096,-6.156154642071081],[107.01809642772685,-6.156154642071081],[107.01809642772685,-6.157052957355201]]]},"id":"+119132-6854","properties":{"cls":3,"count":1}},{"type":"Feature","geometry":{"geodesic":false,"type":"Polygon","coordinates":[[[107.01809642772685,-6.160646218491679],[107.01899474301096,-6.160646218491679],[107.01899474301096,-6.159747903207559],[107.01809642772685,-6.159747903207559],[107.01809642772685,-6.160646218491679]]]},"id":"+119132-6858","properties":{"cls":2,"count":1}},{"type":"Feature","geometry":{"geodesic":false,"type":"Polygon","coordinates":[[[107.01809642772685,-6.244189539914794],[107.01899474301096,-6.244189539914794],[107.01899474301096,-6.243291224630675],[107.01809642772685,-6.243291224630675],[107.01809642772685,-6.244189539914794]]]},"id":"+119132-6951","properties":{"cls":5,"count":1}},{"type":"Feature","geometry":{"geodesic":false,"type":"Polygon","coordinates":[[[107.01809642772685,-6.3474957975885395],[107.01899474301096,-6.3474957975885395],[107.01899474301096,-6.34659748230442],[107.01809642772685,-6.34659748230442],[107.01809642772685,-6.3474957975885395]]]},"id":"+119132-7066","properties":{"cls":2,"count":1}},{"type":"Feature","geometry":{"geodesic":false,"type":"Polygon","coordinates":[[[107.01899474301096,-6.029492187010229],[107.01989305829508,-6.029492187010229],[107.01989305829508,-6.028593871726109],[107.01899474301096,-6.028593871726109],[107.01899474301096,-6.029492187010229]]]},"id":"+119133-6712","properties":{"cls":4,"count":1}},{"type":"Feature","geometry":{"geodesic":false,"type":"Polygon","coordinates":[[[107.01899474301096,-6.031288817578468],[107.01989305829508,-6.031288817578468],[107.01989305829508,-6.030390502294348],[107.01899474301096,-6.030390502294348],[107.01899474301096,-6.031288817578468]]]},"id":"+119133-6714","properties":{"cls":3,"count":1}},{"type":"Feature","geometry":{"geodesic":false,"type":"Polygon","coordinates":[[[107.01899474301096,-6.035780393999065],[107.01989305829508,-6.035780393999065],[107.01989305829508,-6.034882078714945],[107.01899474301096,-6.034882078714945],[107.01899474301096,-6.035780393999065]]]},"id":"+119133-6719","properties":{"cls":3,"count":1}},{"type":"Feature","geometry":{"geodesic":false,"type":"Polygon","coordinates":[[[107.01809642772685,-6.037577024567304],[107.01809642772685,-6.0384753398514235],[107.01989305829508,-6.0393736551355435],[107.01989305829508,-6.037577024567304],[107.01809642772685,-6.037577024567304]]]},"id":"+119133-6722","properties":{"cls":2,"count":3}},{"type":"Feature","geometry":{"geodesic":false,"type":"Polygon","coordinates":[[[107.01899474301096,-6.053746699681455],[107.01989305829508,-6.053746699681455],[107.01989305829508,-6.052848384397336],[107.01899474301096,-6.052848384397336],[107.01899474301096,-6.053746699681455]]]},"id":"+119133-6739","properties":{"cls":9,"count":1}},{"type":"Feature","geometry":{"geodesic":false,"type":"Polygon","coordinates":[[[107.01899474301096,-6.060933221954412],[107.01989305829508,-6.060933221954412],[107.01989305829508,-6.0600349066702925],[107.01899474301096,-6.0600349066702925],[107.01899474301096,-6.060933221954412]]]},"id":"+119133-6747","properties":{"cls":3,"count":1}},{"type":"Feature","geometry":{"geodesic":false,"type":"Polygon","coordinates":[[[107.01809642772685,-6.061831537238532],[107.01809642772685,-6.063628167806771],[107.01899474301096,-6.063628167806771],[107.01989305829508,-6.061831537238532],[107.01809642772685,-6.061831537238532]]]},"id":"+119133-6749","properties":{"cls":5,"count":3}},{"type":"Feature","geometry":{"geodesic":false,"type":"Polygon","coordinates":[[[107.01899474301096,-6.063628167806771],[107.01989305829508,-6.063628167806771],[107.01989305829508,-6.062729852522651],[107.01899474301096,-6.062729852522651],[107.01899474301096,-6.063628167806771]]]},"id":"+119133-6750","properties":{"cls":7,"count":1}},{"type":"Feature","geometry":{"geodesic":false,"type":"Polygon","coordinates":[[[107.01899474301096,-6.071713005363846],[107.01989305829508,-6.071713005363846],[107.01989305829508,-6.070814690079726],[107.01899474301096,-6.070814690079726],[107.01899474301096,-6.071713005363846]]]},"id":"+119133-6759","properties":{"cls":2,"count":1}},{"type":"Feature","geometry":{"geodesic":false,"type":"Polygon","coordinates":[[[107.01899474301096,-6.087882680477997],[107.01989305829508,-6.087882680477997],[107.01989305829508,-6.086086049909758],[107.01899474301096,-6.086086049909758],[107.01899474301096,-6.087882680477997]]]},"id":"+119133-6776","properties":{"cls":2,"count":2}},{"type":"Feature","geometry":{"geodesic":false,"type":"Polygon","coordinates":[[[107.01899474301096,-6.099560779171552],[107.01989305829508,-6.099560779171552],[107.01989305829508,-6.098662463887432],[107.01899474301096,-6.098662463887432],[107.01899474301096,-6.099560779171552]]]},"id":"+119133-6790","properties":{"cls":7,"count":1}},{"type":"Feature","geometry":{"geodesic":false,"type":"Polygon","coordinates":[[[107.01899474301096,-6.114832139001583],[107.01989305829508,-6.114832139001583],[107.01989305829508,-6.113933823717463],[107.01899474301096,-6.113933823717463],[107.01899474301096,-6.114832139001583]]]},"id":"+119133-6807","properties":{"cls":5,"count":1}},{"type":"Feature","geometry":{"geodesic":false,"type":"Polygon","coordinates":[[[107.01899474301096,-6.120222030706301],[107.01989305829508,-6.120222030706301],[107.01989305829508,-6.119323715422181],[107.01899474301096,-6.119323715422181],[107.01899474301096,-6.120222030706301]]]},"id":"+119133-6813","properties":{"cls":5,"count":1}},{"type":"Feature","geometry":{"geodesic":false,"type":"Polygon","coordinates":[[[107.01809642772685,-6.124713607126898],[107.01809642772685,-6.125611922411017],[107.01989305829508,-6.126510237695137],[107.01989305829508,-6.124713607126898],[107.01809642772685,-6.124713607126898]]]},"id":"+119133-6819","properties":{"cls":5,"count":3}},{"type":"Feature","geometry":{"geodesic":false,"type":"Polygon","coordinates":[[[107.01899474301096,-6.129205183547495],[107.01989305829508,-6.129205183547495],[107.01989305829508,-6.128306868263376],[107.01899474301096,-6.128306868263376],[107.01899474301096,-6.129205183547495]]]},"id":"+119133-6823","properties":{"cls":5,"count":1}},{"type":"Feature","geometry":{"geodesic":false,"type":"Polygon","coordinates":[[[107.01899474301096,-6.136391705820452],[107.01989305829508,-6.136391705820452],[107.01989305829508,-6.1345950752522125],[107.01899474301096,-6.1345950752522125],[107.01899474301096,-6.136391705820452]]]},"id":"+119133-6830","properties":{"cls":3,"count":2}},{"type":"Feature","geometry":{"geodesic":false,"type":"Polygon","coordinates":[[[107.01899474301096,-6.13908665167281],[107.01989305829508,-6.13908665167281],[107.01989305829508,-6.137290021104572],[107.01899474301096,-6.137290021104572],[107.01899474301096,-6.13908665167281]]]},"id":"+119133-6833","properties":{"cls":5,"count":2}},{"type":"Feature","geometry":{"geodesic":false,"type":"Polygon","coordinates":[[[107.01899474301096,-6.146273173945766],[107.01989305829508,-6.146273173945766],[107.01989305829508,-6.145374858661647],[107.01899474301096,-6.145374858661647],[107.01899474301096,-6.146273173945766]]]},"id":"+119133-6842","properties":{"cls":5,"count":1}},{"type":"Feature","geometry":{"geodesic":false,"type":"Polygon","coordinates":[[[107.01899474301096,-6.149866435082244],[107.01989305829508,-6.149866435082244],[107.01989305829508,-6.148968119798125],[107.01899474301096,-6.148968119798125],[107.01899474301096,-6.149866435082244]]]},"id":"+119133-6846","properties":{"cls":2,"count":1}},{"type":"Feature","geometry":{"geodesic":false,"type":"Polygon","coordinates":[[[107.01899474301096,-6.15795127263932],[107.01989305829508,-6.15795127263932],[107.01989305829508,-6.156154642071081],[107.01899474301096,-6.156154642071081],[107.01899474301096,-6.15795127263932]]]},"id":"+119133-6854","properties":{"cls":2,"count":2}},{"type":"Feature","geometry":{"geodesic":false,"type":"Polygon","coordinates":[[[107.01899474301096,-6.15884958792344],[107.01989305829508,-6.15884958792344],[107.01989305829508,-6.15795127263932],[107.01899474301096,-6.15795127263932],[107.01899474301096,-6.15884958792344]]]},"id":"+119133-6856","properties":{"cls":3,"count":1}},{"type":"Feature","geometry":{"geodesic":false,"type":"Polygon","coordinates":[[[107.01899474301096,-6.169629371332874],[107.01989305829508,-6.169629371332874],[107.01989305829508,-6.168731056048754],[107.01899474301096,-6.168731056048754],[107.01899474301096,-6.169629371332874]]]},"id":"+119133-6868","properties":{"cls":4,"count":1}},{"type":"Feature","geometry":{"geodesic":false,"type":"Polygon","coordinates":[[[107.01899474301096,-6.34659748230442],[107.01989305829508,-6.34659748230442],[107.01989305829508,-6.3456991670203005],[107.01899474301096,-6.3456991670203005],[107.01899474301096,-6.34659748230442]]]},"id":"+119133-7065","properties":{"cls":3,"count":1}},{"type":"Feature","geometry":{"geodesic":false,"type":"Polygon","coordinates":[[[107.01989305829508,-6.030390502294348],[107.0207913735792,-6.030390502294348],[107.0207913735792,-6.029492187010229],[107.01989305829508,-6.029492187010229],[107.01989305829508,-6.030390502294348]]]},"id":"+119134-6713","properties":{"cls":4,"count":1}},{"type":"Feature","geometry":{"geodesic":false,"type":"Polygon","coordinates":[[[107.01989305829508,-6.060933221954412],[107.0207913735792,-6.060933221954412],[107.0207913735792,-6.0600349066702925],[107.01989305829508,-6.0600349066702925],[107.01989305829508,-6.060933221954412]]]},"id":"+119134-6747","properties":{"cls":2,"count":1}},{"type":"Feature","geometry":{"geodesic":false,"type":"Polygon","coordinates":[[[107.01989305829508,-6.063628167806771],[107.0207913735792,-6.063628167806771],[107.0207913735792,-6.062729852522651],[107.01989305829508,-6.062729852522651],[107.01989305829508,-6.063628167806771]]]},"id":"+119134-6750","properties":{"cls":2,"count":1}},{"type":"Feature","geometry":{"geodesic":false,"type":"Polygon","coordinates":[[[107.01989305829508,-6.06542479837501],[107.0207913735792,-6.06542479837501],[107.0207913735792,-6.063628167806771],[107.01989305829508,-6.063628167806771],[107.01989305829508,-6.06542479837501]]]},"id":"+119134-6751","properties":{"cls":5,"count":2}},{"type":"Feature","geometry":{"geodesic":false,"type":"Polygon","coordinates":[[[107.01989305829508,-6.086984365193878],[107.0207913735792,-6.086984365193878],[107.0207913735792,-6.086086049909758],[107.01989305829508,-6.086086049909758],[107.01989305829508,-6.086984365193878]]]},"id":"+119134-6776","properties":{"cls":7,"count":1}},{"type":"Feature","geometry":{"geodesic":false,"type":"Polygon","coordinates":[[[107.01989305829508,-6.090577626330356],[107.0207913735792,-6.090577626330356],[107.0207913735792,-6.089679311046236],[107.01989305829508,-6.089679311046236],[107.01989305829508,-6.090577626330356]]]},"id":"+119134-6780","properties":{"cls":2,"count":1}},{"type":"Feature","geometry":{"geodesic":false,"type":"Polygon","coordinates":[[[107.01989305829508,-6.0977641486033125],[107.0207913735792,-6.0977641486033125],[107.0207913735792,-6.0968658333191925],[107.01989305829508,-6.0968658333191925],[107.01989305829508,-6.0977641486033125]]]},"id":"+119134-6788","properties":{"cls":5,"count":1}},{"type":"Feature","geometry":{"geodesic":false,"type":"Polygon","coordinates":[[[107.01989305829508,-6.098662463887432],[107.0207913735792,-6.098662463887432],[107.0207913735792,-6.0977641486033125],[107.01989305829508,-6.0977641486033125],[107.01989305829508,-6.098662463887432]]]},"id":"+119134-6789","properties":{"cls":7,"count":1}},{"type":"Feature","geometry":{"geodesic":false,"type":"Polygon","coordinates":[[[107.01989305829508,-6.099560779171552],[107.0207913735792,-6.099560779171552],[107.0207913735792,-6.098662463887432],[107.01989305829508,-6.098662463887432],[107.01989305829508,-6.099560779171552]]]},"id":"+119134-6790","properties":{"cls":5,"count":1}},{"type":"Feature","geometry":{"geodesic":false,"type":"Polygon","coordinates":[[[107.01989305829508,-6.100459094455671],[107.0207913735792,-6.100459094455671],[107.0207913735792,-6.099560779171552],[107.01989305829508,-6.099560779171552],[107.01989305829508,-6.100459094455671]]]},"id":"+119134-6791","properties":{"cls":3,"count":1}},{"type":"Feature","geometry":{"geodesic":false,"type":"Polygon","coordinates":[[[107.01989305829508,-6.12112034599042],[107.0207913735792,-6.12112034599042],[107.0207913735792,-6.120222030706301],[107.01989305829508,-6.120222030706301],[107.01989305829508,-6.12112034599042]]]},"id":"+119134-6814","properties":{"cls":4,"count":1}},{"type":"Feature","geometry":{"geodesic":false,"type":"Polygon","coordinates":[[[107.01989305829508,-6.123815291842778],[107.0207913735792,-6.123815291842778],[107.0207913735792,-6.122916976558659],[107.01989305829508,-6.122916976558659],[107.01989305829508,-6.123815291842778]]]},"id":"+119134-6817","properties":{"cls":3,"count":1}},{"type":"Feature","geometry":{"geodesic":false,"type":"Polygon","coordinates":[[[107.01989305829508,-6.130103498831615],[107.0207913735792,-6.130103498831615],[107.0207913735792,-6.129205183547495],[107.01989305829508,-6.129205183547495],[107.01989305829508,-6.130103498831615]]]},"id":"+119134-6824","properties":{"cls":4,"count":1}},{"type":"Feature","geometry":{"geodesic":false,"type":"Polygon","coordinates":[[[107.01989305829508,-6.131001814115734],[107.0207913735792,-6.131001814115734],[107.0207913735792,-6.130103498831615],[107.01989305829508,-6.130103498831615],[107.01989305829508,-6.131001814115734]]]},"id":"+119134-6825","properties":{"cls":3,"count":1}},{"type":"Feature","geometry":{"geodesic":false,"type":"Polygon","coordinates":[[[107.01989305829508,-6.137290021104572],[107.0207913735792,-6.137290021104572],[107.0207913735792,-6.136391705820452],[107.01989305829508,-6.136391705820452],[107.01989305829508,-6.137290021104572]]]},"id":"+119134-6832","properties":{"cls":3,"count":1}},{"type":"Feature","geometry":{"geodesic":false,"type":"Polygon","coordinates":[[[107.01989305829508,-6.138188336388691],[107.0207913735792,-6.138188336388691],[107.0207913735792,-6.137290021104572],[107.01989305829508,-6.137290021104572],[107.01989305829508,-6.138188336388691]]]},"id":"+119134-6833","properties":{"cls":2,"count":1}},{"type":"Feature","geometry":{"geodesic":false,"type":"Polygon","coordinates":[[[107.01989305829508,-6.143578228093408],[107.0207913735792,-6.143578228093408],[107.0207913735792,-6.142679912809288],[107.01989305829508,-6.142679912809288],[107.01989305829508,-6.143578228093408]]]},"id":"+119134-6839","properties":{"cls":4,"count":1}},{"type":"Feature","geometry":{"geodesic":false,"type":"Polygon","coordinates":[[[107.01989305829508,-6.143578228093408],[107.01989305829508,-6.145374858661647],[107.02168968886332,-6.145374858661647],[107.0207913735792,-6.143578228093408],[107.01989305829508,-6.143578228093408]]]},"id":"+119134-6840","properties":{"cls":3,"count":3}},{"type":"Feature","geometry":{"geodesic":false,"type":"Polygon","coordinates":[[[107.01989305829508,-6.146273173945766],[107.0207913735792,-6.146273173945766],[107.0207913735792,-6.145374858661647],[107.01989305829508,-6.145374858661647],[107.01989305829508,-6.146273173945766]]]},"id":"+119134-6842","properties":{"cls":4,"count":1}},{"type":"Feature","geometry":{"geodesic":false,"type":"Polygon","coordinates":[[[107.01989305829508,-6.15795127263932],[107.0207913735792,-6.15795127263932],[107.0207913735792,-6.157052957355201],[107.01989305829508,-6.157052957355201],[107.01989305829508,-6.15795127263932]]]},"id":"+119134-6855","properties":{"cls":3,"count":1}},{"type":"Feature","geometry":{"geodesic":false,"type":"Polygon","coordinates":[[[107.01989305829508,-6.15884958792344],[107.0207913735792,-6.15884958792344],[107.0207913735792,-6.15795127263932],[107.01989305829508,-6.15795127263932],[107.01989305829508,-6.15884958792344]]]},"id":"+119134-6856","properties":{"cls":2,"count":1}},{"type":"Feature","geometry":{"geodesic":false,"type":"Polygon","coordinates":[[[107.01719811244271,-6.15884958792344],[107.01719811244271,-6.159747903207559],[107.01899474301096,-6.159747903207559],[107.01899474301096,-6.160646218491679],[107.0207913735792,-6.159747903207559],[107.0207913735792,-6.15884958792344],[107.01719811244271,-6.15884958792344]]]},"id":"+119134-6857","properties":{"cls":5,"count":5}},{"type":"Feature","geometry":{"geodesic":false,"type":"Polygon","coordinates":[[[107.01989305829508,-6.340309275315583],[107.0207913735792,-6.340309275315583],[107.0207913735792,-6.339410960031463],[107.01989305829508,-6.339410960031463],[107.01989305829508,-6.340309275315583]]]},"id":"+119134-7058","properties":{"cls":3,"count":1}},{"type":"Feature","geometry":{"geodesic":false,"type":"Polygon","coordinates":[[[107.0207913735792,-6.029492187010229],[107.02168968886332,-6.029492187010229],[107.02168968886332,-6.028593871726109],[107.0207913735792,-6.028593871726109],[107.0207913735792,-6.029492187010229]]]},"id":"+119135-6712","properties":{"cls":5,"count":1}},{"type":"Feature","geometry":{"geodesic":false,"type":"Polygon","coordinates":[[[107.0207913735792,-6.033085448146706],[107.02168968886332,-6.033085448146706],[107.02168968886332,-6.032187132862587],[107.0207913735792,-6.032187132862587],[107.0207913735792,-6.033085448146706]]]},"id":"+119135-6716","properties":{"cls":3,"count":1}},{"type":"Feature","geometry":{"geodesic":false,"type":"Polygon","coordinates":[[[107.0207913735792,-6.041170285703783],[107.02168968886332,-6.041170285703783],[107.02168968886332,-6.040271970419663],[107.0207913735792,-6.040271970419663],[107.0207913735792,-6.041170285703783]]]},"id":"+119135-6725","properties":{"cls":5,"count":1}},{"type":"Feature","geometry":{"geodesic":false,"type":"Polygon","coordinates":[[[107.0207913735792,-6.042966916272022],[107.02168968886332,-6.042966916272022],[107.02168968886332,-6.042068600987902],[107.0207913735792,-6.042068600987902],[107.0207913735792,-6.042966916272022]]]},"id":"+119135-6727","properties":{"cls":7,"count":1}},{"type":"Feature","geometry":{"geodesic":false,"type":"Polygon","coordinates":[[[107.0207913735792,-6.06452648309089],[107.02168968886332,-6.06452648309089],[107.02168968886332,-6.063628167806771],[107.0207913735792,-6.063628167806771],[107.0207913735792,-6.06452648309089]]]},"id":"+119135-6751","properties":{"cls":7,"count":1}},{"type":"Feature","geometry":{"geodesic":false,"type":"Polygon","coordinates":[[[107.01989305829508,-6.069018059511487],[107.02168968886332,-6.069018059511487],[107.02168968886332,-6.068119744227368],[107.01989305829508,-6.068119744227368],[107.01989305829508,-6.069018059511487]]]},"id":"+119135-6756","properties":{"cls":3,"count":2}},{"type":"Feature","geometry":{"geodesic":false,"type":"Polygon","coordinates":[[[107.0207913735792,-6.072611320647965],[107.02168968886332,-6.072611320647965],[107.02168968886332,-6.071713005363846],[107.0207913735792,-6.071713005363846],[107.0207913735792,-6.072611320647965]]]},"id":"+119135-6760","properties":{"cls":2,"count":1}},{"type":"Feature","geometry":{"geodesic":false,"type":"Polygon","coordinates":[[[107.0207913735792,-6.08428941934152],[107.02168968886332,-6.08428941934152],[107.02168968886332,-6.0833911040574],[107.0207913735792,-6.0833911040574],[107.0207913735792,-6.08428941934152]]]},"id":"+119135-6773","properties":{"cls":2,"count":1}},{"type":"Feature","geometry":{"geodesic":false,"type":"Polygon","coordinates":[[[107.0207913735792,-6.086984365193878],[107.02168968886332,-6.086984365193878],[107.02168968886332,-6.086086049909758],[107.0207913735792,-6.086086049909758],[107.0207913735792,-6.086984365193878]]]},"id":"+119135-6776","properties":{"cls":5,"count":1}},{"type":"Feature","geometry":{"geodesic":false,"type":"Polygon","coordinates":[[[107.0207913735792,-6.099560779171552],[107.02168968886332,-6.099560779171552],[107.02168968886332,-6.098662463887432],[107.0207913735792,-6.098662463887432],[107.0207913735792,-6.099560779171552]]]},"id":"+119135-6790","properties":{"cls":7,"count":1}},{"type":"Feature","geometry":{"geodesic":false,"type":"Polygon","coordinates":[[[107.0207913735792,-6.099560779171552],[107.01989305829508,-6.101357409739791],[107.02168968886332,-6.101357409739791],[107.02168968886332,-6.099560779171552],[107.0207913735792,-6.099560779171552]]]},"id":"+119135-6791","properties":{"cls":5,"count":3}},{"type":"Feature","geometry":{"geodesic":false,"type":"Polygon","coordinates":[[[107.0207913735792,-6.1157304542857025],[107.02168968886332,-6.1157304542857025],[107.02168968886332,-6.114832139001583],[107.0207913735792,-6.114832139001583],[107.0207913735792,-6.1157304542857025]]]},"id":"+119135-6808","properties":{"cls":3,"count":1}},{"type":"Feature","geometry":{"geodesic":false,"type":"Polygon","coordinates":[[[107.01989305829508,-6.120222030706301],[107.02168968886332,-6.120222030706301],[107.02168968886332,-6.119323715422181],[107.01989305829508,-6.119323715422181],[107.01989305829508,-6.120222030706301]]]},"id":"+119135-6813","properties":{"cls":7,"count":2}},{"type":"Feature","geometry":{"geodesic":false,"type":"Polygon","coordinates":[[[107.0207913735792,-6.12112034599042],[107.02168968886332,-6.12112034599042],[107.02168968886332,-6.120222030706301],[107.0207913735792,-6.120222030706301],[107.0207913735792,-6.12112034599042]]]},"id":"+119135-6814","properties":{"cls":5,"count":1}},{"type":"Feature","geometry":{"geodesic":false,"type":"Polygon","coordinates":[[[107.0207913735792,-6.126510237695137],[107.02168968886332,-6.126510237695137],[107.02168968886332,-6.125611922411017],[107.0207913735792,-6.125611922411017],[107.0207913735792,-6.126510237695137]]]},"id":"+119135-6820","properties":{"cls":2,"count":1}},{"type":"Feature","geometry":{"geodesic":false,"type":"Polygon","coordinates":[[[107.0207913735792,-6.126510237695137],[107.0207913735792,-6.128306868263376],[107.02168968886332,-6.128306868263376],[107.02168968886332,-6.129205183547495],[107.0207913735792,-6.129205183547495],[107.0207913735792,-6.131001814115734],[107.02168968886332,-6.131001814115734],[107.02168968886332,-6.131900129399854],[107.02348631943156,-6.131900129399854],[107.02348631943156,-6.131001814115734],[107.02258800414744,-6.131001814115734],[107.02258800414744,-6.127408552979256],[107.0207913735792,-6.126510237695137]]]},"id":"+119135-6821","properties":{"cls":5,"count":10}},{"type":"Feature","geometry":{"geodesic":false,"type":"Polygon","coordinates":[[[107.0207913735792,-6.129205183547495],[107.02168968886332,-6.129205183547495],[107.02168968886332,-6.128306868263376],[107.0207913735792,-6.128306868263376],[107.0207913735792,-6.129205183547495]]]},"id":"+119135-6823","properties":{"cls":2,"count":1}},{"type":"Feature","geometry":{"geodesic":false,"type":"Polygon","coordinates":[[[107.0207913735792,-6.131900129399854],[107.02168968886332,-6.131900129399854],[107.02168968886332,-6.131001814115734],[107.0207913735792,-6.131001814115734],[107.0207913735792,-6.131900129399854]]]},"id":"+119135-6826","properties":{"cls":2,"count":1}},{"type":"Feature","geometry":{"geodesic":false,"type":"Polygon","coordinates":[[[107.0207913735792,-6.138188336388691],[107.02168968886332,-6.138188336388691],[107.02168968886332,-6.137290021104572],[107.0207913735792,-6.137290021104572],[107.0207913735792,-6.138188336388691]]]},"id":"+119135-6833","properties":{"cls":3,"count":1}},{"type":"Feature","geometry":{"geodesic":false,"type":"Polygon","coordinates":[[[107.0207913735792,-6.142679912809288],[107.02168968886332,-6.142679912809288],[107.02168968886332,-6.141781597525169],[107.0207913735792,-6.141781597525169],[107.0207913735792,-6.142679912809288]]]},"id":"+119135-6838","properties":{"cls":2,"count":1}},{"type":"Feature","geometry":{"geodesic":false,"type":"Polygon","coordinates":[[[107.0207913735792,-6.146273173945766],[107.02168968886332,-6.146273173945766],[107.02168968886332,-6.145374858661647],[107.0207913735792,-6.145374858661647],[107.0207913735792,-6.146273173945766]]]},"id":"+119135-6842","properties":{"cls":5,"count":1}},{"type":"Feature","geometry":{"geodesic":false,"type":"Polygon","coordinates":[[[107.01899474301096,-6.146273173945766],[107.01899474301096,-6.147171489229886],[107.01809642772685,-6.147171489229886],[107.01809642772685,-6.148968119798125],[107.01989305829508,-6.148069804514005],[107.01989305829508,-6.147171489229886],[107.02168968886332,-6.147171489229886],[107.02168968886332,-6.146273173945766],[107.01899474301096,-6.146273173945766]]]},"id":"+119135-6843","properties":{"cls":2,"count":6}},{"type":"Feature","geometry":{"geodesic":false,"type":"Polygon","coordinates":[[[107.01989305829508,-6.150764750366364],[107.02168968886332,-6.150764750366364],[107.02168968886332,-6.149866435082244],[107.01989305829508,-6.149866435082244],[107.01989305829508,-6.150764750366364]]]},"id":"+119135-6847","properties":{"cls":4,"count":2}},{"type":"Feature","geometry":{"geodesic":false,"type":"Polygon","coordinates":[[[107.0207913735792,-6.152561380934603],[107.02168968886332,-6.152561380934603],[107.02168968886332,-6.151663065650483],[107.0207913735792,-6.151663065650483],[107.0207913735792,-6.152561380934603]]]},"id":"+119135-6849","properties":{"cls":3,"count":1}},{"type":"Feature","geometry":{"geodesic":false,"type":"Polygon","coordinates":[[[107.0207913735792,-6.159747903207559],[107.02168968886332,-6.159747903207559],[107.02168968886332,-6.15795127263932],[107.0207913735792,-6.15795127263932],[107.0207913735792,-6.159747903207559]]]},"id":"+119135-6856","properties":{"cls":3,"count":2}},{"type":"Feature","geometry":{"geodesic":false,"type":"Polygon","coordinates":[[[107.01989305829508,-6.160646218491679],[107.02168968886332,-6.160646218491679],[107.02168968886332,-6.159747903207559],[107.01989305829508,-6.159747903207559],[107.01989305829508,-6.160646218491679]]]},"id":"+119135-6858","properties":{"cls":4,"count":2}},{"type":"Feature","geometry":{"geodesic":false,"type":"Polygon","coordinates":[[[107.0207913735792,-6.163341164344037],[107.02168968886332,-6.163341164344037],[107.02168968886332,-6.162442849059918],[107.0207913735792,-6.162442849059918],[107.0207913735792,-6.163341164344037]]]},"id":"+119135-6861","properties":{"cls":3,"count":1}},{"type":"Feature","geometry":{"geodesic":false,"type":"Polygon","coordinates":[[[107.0207913735792,-6.262155845597185],[107.02168968886332,-6.262155845597185],[107.02168968886332,-6.261257530313065],[107.0207913735792,-6.261257530313065],[107.0207913735792,-6.262155845597185]]]},"id":"+119135-6971","properties":{"cls":3,"count":1}},{"type":"Feature","geometry":{"geodesic":false,"type":"Polygon","coordinates":[[[107.0207913735792,-6.340309275315583],[107.02168968886332,-6.340309275315583],[107.02168968886332,-6.339410960031463],[107.0207913735792,-6.339410960031463],[107.0207913735792,-6.340309275315583]]]},"id":"+119135-7058","properties":{"cls":2,"count":1}},{"type":"Feature","geometry":{"geodesic":false,"type":"Polygon","coordinates":[[[107.0207913735792,-6.3474957975885395],[107.02168968886332,-6.3474957975885395],[107.02168968886332,-6.34659748230442],[107.0207913735792,-6.34659748230442],[107.0207913735792,-6.3474957975885395]]]},"id":"+119135-7066","properties":{"cls":3,"count":1}},{"type":"Feature","geometry":{"geodesic":false,"type":"Polygon","coordinates":[[[107.0207913735792,-6.037577024567304],[107.0207913735792,-6.0393736551355435],[107.02168968886332,-6.0393736551355435],[107.02258800414744,-6.037577024567304],[107.0207913735792,-6.037577024567304]]]},"id":"+119136-6722","properties":{"cls":3,"count":3}},{"type":"Feature","geometry":{"geodesic":false,"type":"Polygon","coordinates":[[[107.02168968886332,-6.041170285703783],[107.02258800414744,-6.041170285703783],[107.02258800414744,-6.040271970419663],[107.02168968886332,-6.040271970419663],[107.02168968886332,-6.041170285703783]]]},"id":"+119136-6725","properties":{"cls":2,"count":1}},{"type":"Feature","geometry":{"geodesic":false,"type":"Polygon","coordinates":[[[107.0207913735792,-6.042068600987902],[107.02258800414744,-6.042068600987902],[107.02258800414744,-6.041170285703783],[107.0207913735792,-6.041170285703783],[107.0207913735792,-6.042068600987902]]]},"id":"+119136-6726","properties":{"cls":4,"count":2}},{"type":"Feature","geometry":{"geodesic":false,"type":"Polygon","coordinates":[[[107.02168968886332,-6.042966916272022],[107.02258800414744,-6.042966916272022],[107.02258800414744,-6.042068600987902],[107.02168968886332,-6.042068600987902],[107.02168968886332,-6.042966916272022]]]},"id":"+119136-6727","properties":{"cls":5,"count":1}},{"type":"Feature","geometry":{"geodesic":false,"type":"Polygon","coordinates":[[[107.02168968886332,-6.044763546840261],[107.02258800414744,-6.044763546840261],[107.02258800414744,-6.043865231556141],[107.02168968886332,-6.043865231556141],[107.02168968886332,-6.044763546840261]]]},"id":"+119136-6729","properties":{"cls":5,"count":1}},{"type":"Feature","geometry":{"geodesic":false,"type":"Polygon","coordinates":[[[107.02168968886332,-6.060933221954412],[107.02258800414744,-6.060933221954412],[107.02258800414744,-6.0600349066702925],[107.02168968886332,-6.0600349066702925],[107.02168968886332,-6.060933221954412]]]},"id":"+119136-6747","properties":{"cls":3,"count":1}},{"type":"Feature","geometry":{"geodesic":false,"type":"Polygon","coordinates":[[[107.02168968886332,-6.091475941614475],[107.02258800414744,-6.091475941614475],[107.02258800414744,-6.090577626330356],[107.02168968886332,-6.090577626330356],[107.02168968886332,-6.091475941614475]]]},"id":"+119136-6781","properties":{"cls":5,"count":1}},{"type":"Feature","geometry":{"geodesic":false,"type":"Polygon","coordinates":[[[107.02168968886332,-6.092374256898595],[107.02258800414744,-6.092374256898595],[107.02258800414744,-6.091475941614475],[107.02168968886332,-6.091475941614475],[107.02168968886332,-6.092374256898595]]]},"id":"+119136-6782","properties":{"cls":2,"count":1}},{"type":"Feature","geometry":{"geodesic":false,"type":"Polygon","coordinates":[[[107.02168968886332,-6.094170887466834],[107.02258800414744,-6.094170887466834],[107.02258800414744,-6.093272572182714],[107.02168968886332,-6.093272572182714],[107.02168968886332,-6.094170887466834]]]},"id":"+119136-6784","properties":{"cls":2,"count":1}},{"type":"Feature","geometry":{"geodesic":false,"type":"Polygon","coordinates":[[[107.01989305829508,-6.10225572502391],[107.02258800414744,-6.10225572502391],[107.02258800414744,-6.101357409739791],[107.01989305829508,-6.101357409739791],[107.01989305829508,-6.10225572502391]]]},"id":"+119136-6793","properties":{"cls":3,"count":3}},{"type":"Feature","geometry":{"geodesic":false,"type":"Polygon","coordinates":[[[107.02168968886332,-6.118425400138062],[107.02258800414744,-6.118425400138062],[107.02258800414744,-6.117527084853942],[107.02168968886332,-6.117527084853942],[107.02168968886332,-6.118425400138062]]]},"id":"+119136-6811","properties":{"cls":5,"count":1}},{"type":"Feature","geometry":{"geodesic":false,"type":"Polygon","coordinates":[[[107.02168968886332,-6.12112034599042],[107.02258800414744,-6.12112034599042],[107.02258800414744,-6.120222030706301],[107.02168968886332,-6.120222030706301],[107.02168968886332,-6.12112034599042]]]},"id":"+119136-6814","properties":{"cls":4,"count":1}},{"type":"Feature","geometry":{"geodesic":false,"type":"Polygon","coordinates":[[[107.02168968886332,-6.122916976558659],[107.02258800414744,-6.122916976558659],[107.02258800414744,-6.122018661274539],[107.02168968886332,-6.122018661274539],[107.02168968886332,-6.122916976558659]]]},"id":"+119136-6816","properties":{"cls":3,"count":1}},{"type":"Feature","geometry":{"geodesic":false,"type":"Polygon","coordinates":[[[107.02168968886332,-6.126510237695137],[107.02258800414744,-6.126510237695137],[107.02258800414744,-6.125611922411017],[107.02168968886332,-6.125611922411017],[107.02168968886332,-6.126510237695137]]]},"id":"+119136-6820","properties":{"cls":3,"count":1}},{"type":"Feature","geometry":{"geodesic":false,"type":"Polygon","coordinates":[[[107.02168968886332,-6.138188336388691],[107.02258800414744,-6.138188336388691],[107.02258800414744,-6.137290021104572],[107.02168968886332,-6.137290021104572],[107.02168968886332,-6.138188336388691]]]},"id":"+119136-6833","properties":{"cls":2,"count":1}},{"type":"Feature","geometry":{"geodesic":false,"type":"Polygon","coordinates":[[[107.02168968886332,-6.141781597525169],[107.02168968886332,-6.142679912809288],[107.0207913735792,-6.142679912809288],[107.0207913735792,-6.144476543377527],[107.02258800414744,-6.144476543377527],[107.02258800414744,-6.141781597525169],[107.02168968886332,-6.141781597525169]]]},"id":"+119136-6838","properties":{"cls":5,"count":5}},{"type":"Feature","geometry":{"geodesic":false,"type":"Polygon","coordinates":[[[107.02168968886332,-6.151663065650483],[107.02258800414744,-6.151663065650483],[107.02258800414744,-6.150764750366364],[107.02168968886332,-6.150764750366364],[107.02168968886332,-6.151663065650483]]]},"id":"+119136-6848","properties":{"cls":3,"count":1}},{"type":"Feature","geometry":{"geodesic":false,"type":"Polygon","coordinates":[[[107.02168968886332,-6.156154642071081],[107.02258800414744,-6.156154642071081],[107.02258800414744,-6.1543580115028425],[107.02168968886332,-6.1543580115028425],[107.02168968886332,-6.156154642071081]]]},"id":"+119136-6852","properties":{"cls":5,"count":2}},{"type":"Feature","geometry":{"geodesic":false,"type":"Polygon","coordinates":[[[107.02168968886332,-6.159747903207559],[107.02258800414744,-6.159747903207559],[107.02258800414744,-6.15884958792344],[107.02168968886332,-6.15884958792344],[107.02168968886332,-6.159747903207559]]]},"id":"+119136-6857","properties":{"cls":4,"count":1}},{"type":"Feature","geometry":{"geodesic":false,"type":"Polygon","coordinates":[[[107.02168968886332,-6.160646218491679],[107.02258800414744,-6.160646218491679],[107.02258800414744,-6.159747903207559],[107.02168968886332,-6.159747903207559],[107.02168968886332,-6.160646218491679]]]},"id":"+119136-6858","properties":{"cls":2,"count":1}},{"type":"Feature","geometry":{"geodesic":false,"type":"Polygon","coordinates":[[[107.02168968886332,-6.263054160881304],[107.02258800414744,-6.263054160881304],[107.02258800414744,-6.262155845597185],[107.02168968886332,-6.262155845597185],[107.02168968886332,-6.263054160881304]]]},"id":"+119136-6972","properties":{"cls":4,"count":1}},{"type":"Feature","geometry":{"geodesic":false,"type":"Polygon","coordinates":[[[107.02168968886332,-6.330427807190269],[107.02258800414744,-6.330427807190269],[107.02258800414744,-6.329529491906149],[107.02168968886332,-6.329529491906149],[107.02168968886332,-6.330427807190269]]]},"id":"+119136-7047","properties":{"cls":5,"count":1}},{"type":"Feature","geometry":{"geodesic":false,"type":"Polygon","coordinates":[[[107.02168968886332,-6.333122753042627],[107.02258800414744,-6.333122753042627],[107.02258800414744,-6.331326122474388],[107.02168968886332,-6.331326122474388],[107.02168968886332,-6.333122753042627]]]},"id":"+119136-7049","properties":{"cls":4,"count":2}},{"type":"Feature","geometry":{"geodesic":false,"type":"Polygon","coordinates":[[[107.02168968886332,-6.351089058725017],[107.02258800414744,-6.351089058725017],[107.02258800414744,-6.350190743440898],[107.02168968886332,-6.350190743440898],[107.02168968886332,-6.351089058725017]]]},"id":"+119136-7070","properties":{"cls":2,"count":1}},{"type":"Feature","geometry":{"geodesic":false,"type":"Polygon","coordinates":[[[107.0207913735792,-6.377140201964483],[107.02258800414744,-6.377140201964483],[107.02258800414744,-6.376241886680364],[107.0207913735792,-6.376241886680364],[107.0207913735792,-6.377140201964483]]]},"id":"+119136-7099","properties":{"cls":4,"count":2}},{"type":"Feature","geometry":{"geodesic":false,"type":"Polygon","coordinates":[[[107.02258800414744,-6.032187132862587],[107.02348631943156,-6.032187132862587],[107.02348631943156,-6.031288817578468],[107.02258800414744,-6.031288817578468],[107.02258800414744,-6.032187132862587]]]},"id":"+119137-6715","properties":{"cls":5,"count":1}},{"type":"Feature","geometry":{"geodesic":false,"type":"Polygon","coordinates":[[[107.02258800414744,-6.0393736551355435],[107.02348631943156,-6.0393736551355435],[107.02348631943156,-6.0384753398514235],[107.02258800414744,-6.0384753398514235],[107.02258800414744,-6.0393736551355435]]]},"id":"+119137-6723","properties":{"cls":5,"count":1}},{"type":"Feature","geometry":{"geodesic":false,"type":"Polygon","coordinates":[[[107.02258800414744,-6.042068600987902],[107.02348631943156,-6.042068600987902],[107.02348631943156,-6.040271970419663],[107.02258800414744,-6.040271970419663],[107.02258800414744,-6.042068600987902]]]},"id":"+119137-6725","properties":{"cls":3,"count":2}},{"type":"Feature","geometry":{"geodesic":false,"type":"Polygon","coordinates":[[[107.02258800414744,-6.047458492692619],[107.02348631943156,-6.047458492692619],[107.02348631943156,-6.0465601774085],[107.02258800414744,-6.0465601774085],[107.02258800414744,-6.047458492692619]]]},"id":"+119137-6732","properties":{"cls":2,"count":1}},{"type":"Feature","geometry":{"geodesic":false,"type":"Polygon","coordinates":[[[107.02258800414744,-6.048356807976739],[107.02348631943156,-6.048356807976739],[107.02348631943156,-6.047458492692619],[107.02258800414744,-6.047458492692619],[107.02258800414744,-6.048356807976739]]]},"id":"+119137-6733","properties":{"cls":7,"count":1}},{"type":"Feature","geometry":{"geodesic":false,"type":"Polygon","coordinates":[[[107.02258800414744,-6.055543330249694],[107.02348631943156,-6.055543330249694],[107.02348631943156,-6.054645014965575],[107.02258800414744,-6.054645014965575],[107.02258800414744,-6.055543330249694]]]},"id":"+119137-6741","properties":{"cls":9,"count":1}},{"type":"Feature","geometry":{"geodesic":false,"type":"Polygon","coordinates":[[[107.02258800414744,-6.055543330249694],[107.02168968886332,-6.0573399608179335],[107.02348631943156,-6.0573399608179335],[107.02348631943156,-6.055543330249694],[107.02258800414744,-6.055543330249694]]]},"id":"+119137-6742","properties":{"cls":7,"count":3}},{"type":"Feature","geometry":{"geodesic":false,"type":"Polygon","coordinates":[[[107.02258800414744,-6.061831537238532],[107.02348631943156,-6.061831537238532],[107.02348631943156,-6.060933221954412],[107.02258800414744,-6.060933221954412],[107.02258800414744,-6.061831537238532]]]},"id":"+119137-6748","properties":{"cls":4,"count":1}},{"type":"Feature","geometry":{"geodesic":false,"type":"Polygon","coordinates":[[[107.02258800414744,-6.072611320647965],[107.02348631943156,-6.072611320647965],[107.02348631943156,-6.071713005363846],[107.02258800414744,-6.071713005363846],[107.02258800414744,-6.072611320647965]]]},"id":"+119137-6760","properties":{"cls":2,"count":1}},{"type":"Feature","geometry":{"geodesic":false,"type":"Polygon","coordinates":[[[107.02258800414744,-6.073509635932085],[107.02348631943156,-6.073509635932085],[107.02348631943156,-6.072611320647965],[107.02258800414744,-6.072611320647965],[107.02258800414744,-6.073509635932085]]]},"id":"+119137-6761","properties":{"cls":4,"count":1}},{"type":"Feature","geometry":{"geodesic":false,"type":"Polygon","coordinates":[[[107.02258800414744,-6.080696158205042],[107.02348631943156,-6.080696158205042],[107.02348631943156,-6.079797842920922],[107.02258800414744,-6.079797842920922],[107.02258800414744,-6.080696158205042]]]},"id":"+119137-6769","properties":{"cls":5,"count":1}},{"type":"Feature","geometry":{"geodesic":false,"type":"Polygon","coordinates":[[[107.02258800414744,-6.094170887466834],[107.02348631943156,-6.094170887466834],[107.02348631943156,-6.093272572182714],[107.02258800414744,-6.093272572182714],[107.02258800414744,-6.094170887466834]]]},"id":"+119137-6784","properties":{"cls":5,"count":1}},{"type":"Feature","geometry":{"geodesic":false,"type":"Polygon","coordinates":[[[107.02258800414744,-6.095069202750953],[107.02348631943156,-6.095069202750953],[107.02348631943156,-6.094170887466834],[107.02258800414744,-6.094170887466834],[107.02258800414744,-6.095069202750953]]]},"id":"+119137-6785","properties":{"cls":2,"count":1}},{"type":"Feature","geometry":{"geodesic":false,"type":"Polygon","coordinates":[[[107.02258800414744,-6.1166287695698225],[107.02348631943156,-6.1166287695698225],[107.02348631943156,-6.1157304542857025],[107.02258800414744,-6.1157304542857025],[107.02258800414744,-6.1166287695698225]]]},"id":"+119137-6809","properties":{"cls":5,"count":1}},{"type":"Feature","geometry":{"geodesic":false,"type":"Polygon","coordinates":[[[107.02258800414744,-6.118425400138062],[107.02348631943156,-6.118425400138062],[107.02348631943156,-6.117527084853942],[107.02258800414744,-6.117527084853942],[107.02258800414744,-6.118425400138062]]]},"id":"+119137-6811","properties":{"cls":7,"count":1}},{"type":"Feature","geometry":{"geodesic":false,"type":"Polygon","coordinates":[[[107.02258800414744,-6.122916976558659],[107.02348631943156,-6.122916976558659],[107.02348631943156,-6.12112034599042],[107.02258800414744,-6.12112034599042],[107.02258800414744,-6.122916976558659]]]},"id":"+119137-6815","properties":{"cls":2,"count":2}},{"type":"Feature","geometry":{"geodesic":false,"type":"Polygon","coordinates":[[[107.02258800414744,-6.124713607126898],[107.02348631943156,-6.124713607126898],[107.02348631943156,-6.123815291842778],[107.02258800414744,-6.123815291842778],[107.02258800414744,-6.124713607126898]]]},"id":"+119137-6818","properties":{"cls":4,"count":1}},{"type":"Feature","geometry":{"geodesic":false,"type":"Polygon","coordinates":[[[107.02258800414744,-6.126510237695137],[107.02348631943156,-6.126510237695137],[107.02348631943156,-6.125611922411017],[107.02258800414744,-6.125611922411017],[107.02258800414744,-6.126510237695137]]]},"id":"+119137-6820","properties":{"cls":2,"count":1}},{"type":"Feature","geometry":{"geodesic":false,"type":"Polygon","coordinates":[[[107.02258800414744,-6.127408552979256],[107.02348631943156,-6.127408552979256],[107.02348631943156,-6.126510237695137],[107.02258800414744,-6.126510237695137],[107.02258800414744,-6.127408552979256]]]},"id":"+119137-6821","properties":{"cls":7,"count":1}},{"type":"Feature","geometry":{"geodesic":false,"type":"Polygon","coordinates":[[[107.02258800414744,-6.128306868263376],[107.02348631943156,-6.128306868263376],[107.02348631943156,-6.127408552979256],[107.02258800414744,-6.127408552979256],[107.02258800414744,-6.128306868263376]]]},"id":"+119137-6822","properties":{"cls":9,"count":1}},{"type":"Feature","geometry":{"geodesic":false,"type":"Polygon","coordinates":[[[107.02258800414744,-6.129205183547495],[107.02348631943156,-6.129205183547495],[107.02348631943156,-6.128306868263376],[107.02258800414744,-6.128306868263376],[107.02258800414744,-6.129205183547495]]]},"id":"+119137-6823","properties":{"cls":7,"count":1}},{"type":"Feature","geometry":{"geodesic":false,"type":"Polygon","coordinates":[[[107.02168968886332,-6.131900129399854],[107.02168968886332,-6.132798444683973],[107.02348631943156,-6.133696759968093],[107.02348631943156,-6.131900129399854],[107.02168968886332,-6.131900129399854]]]},"id":"+119137-6827","properties":{"cls":4,"count":3}},{"type":"Feature","geometry":{"geodesic":false,"type":"Polygon","coordinates":[[[107.02258800414744,-6.1345950752522125],[107.02348631943156,-6.1345950752522125],[107.02348631943156,-6.133696759968093],[107.02258800414744,-6.133696759968093],[107.02258800414744,-6.1345950752522125]]]},"id":"+119137-6829","properties":{"cls":3,"count":1}},{"type":"Feature","geometry":{"geodesic":false,"type":"Polygon","coordinates":[[[107.02258800414744,-6.142679912809288],[107.02348631943156,-6.142679912809288],[107.02348631943156,-6.141781597525169],[107.02258800414744,-6.141781597525169],[107.02258800414744,-6.142679912809288]]]},"id":"+119137-6838","properties":{"cls":3,"count":1}},{"type":"Feature","geometry":{"geodesic":false,"type":"Polygon","coordinates":[[[107.02258800414744,-6.143578228093408],[107.02348631943156,-6.143578228093408],[107.02348631943156,-6.142679912809288],[107.02258800414744,-6.142679912809288],[107.02258800414744,-6.143578228093408]]]},"id":"+119137-6839","properties":{"cls":4,"count":1}},{"type":"Feature","geometry":{"geodesic":false,"type":"Polygon","coordinates":[[[107.02258800414744,-6.150764750366364],[107.02258800414744,-6.152561380934603],[107.02438463471567,-6.152561380934603],[107.02348631943156,-6.150764750366364],[107.02258800414744,-6.150764750366364]]]},"id":"+119137-6848","properties":{"cls":2,"count":3}},{"type":"Feature","geometry":{"geodesic":false,"type":"Polygon","coordinates":[[[107.02258800414744,-6.156154642071081],[107.02348631943156,-6.156154642071081],[107.02348631943156,-6.1552563267869616],[107.02258800414744,-6.1552563267869616],[107.02258800414744,-6.156154642071081]]]},"id":"+119137-6853","properties":{"cls":7,"count":1}},{"type":"Feature","geometry":{"geodesic":false,"type":"Polygon","coordinates":[[[107.02258800414744,-6.164239479628157],[107.02348631943156,-6.164239479628157],[107.02348631943156,-6.163341164344037],[107.02258800414744,-6.163341164344037],[107.02258800414744,-6.164239479628157]]]},"id":"+119137-6862","properties":{"cls":2,"count":1}},{"type":"Feature","geometry":{"geodesic":false,"type":"Polygon","coordinates":[[[107.02258800414744,-6.32863117662203],[107.02258800414744,-6.330427807190269],[107.02168968886332,-6.330427807190269],[107.02168968886332,-6.331326122474388],[107.02528294999979,-6.330427807190269],[107.02528294999979,-6.329529491906149],[107.02348631943156,-6.329529491906149],[107.02348631943156,-6.32863117662203],[107.02258800414744,-6.32863117662203]]]},"id":"+119137-7046","properties":{"cls":7,"count":6}},{"type":"Feature","geometry":{"geodesic":false,"type":"Polygon","coordinates":[[[107.02258800414744,-6.332224437758508],[107.02348631943156,-6.332224437758508],[107.02348631943156,-6.331326122474388],[107.02258800414744,-6.331326122474388],[107.02258800414744,-6.332224437758508]]]},"id":"+119137-7049","properties":{"cls":5,"count":1}},{"type":"Feature","geometry":{"geodesic":false,"type":"Polygon","coordinates":[[[107.02348631943156,-6.042068600987902],[107.02438463471567,-6.042068600987902],[107.02438463471567,-6.041170285703783],[107.02348631943156,-6.041170285703783],[107.02348631943156,-6.042068600987902]]]},"id":"+119138-6726","properties":{"cls":5,"count":1}},{"type":"Feature","geometry":{"geodesic":false,"type":"Polygon","coordinates":[[[107.02348631943156,-6.042966916272022],[107.02438463471567,-6.042966916272022],[107.02438463471567,-6.042068600987902],[107.02348631943156,-6.042068600987902],[107.02348631943156,-6.042966916272022]]]},"id":"+119138-6727","properties":{"cls":4,"count":1}},{"type":"Feature","geometry":{"geodesic":false,"type":"Polygon","coordinates":[[[107.02348631943156,-6.0465601774085],[107.02438463471567,-6.0465601774085],[107.02438463471567,-6.04566186212438],[107.02348631943156,-6.04566186212438],[107.02348631943156,-6.0465601774085]]]},"id":"+119138-6731","properties":{"cls":5,"count":1}},{"type":"Feature","geometry":{"geodesic":false,"type":"Polygon","coordinates":[[[107.02348631943156,-6.047458492692619],[107.02438463471567,-6.047458492692619],[107.02438463471567,-6.0465601774085],[107.02348631943156,-6.0465601774085],[107.02348631943156,-6.047458492692619]]]},"id":"+119138-6732","properties":{"cls":4,"count":1}},{"type":"Feature","geometry":{"geodesic":false,"type":"Polygon","coordinates":[[[107.02348631943156,-6.048356807976739],[107.02438463471567,-6.048356807976739],[107.02438463471567,-6.047458492692619],[107.02348631943156,-6.047458492692619],[107.02348631943156,-6.048356807976739]]]},"id":"+119138-6733","properties":{"cls":3,"count":1}},{"type":"Feature","geometry":{"geodesic":false,"type":"Polygon","coordinates":[[[107.02258800414744,-6.060933221954412],[107.02438463471567,-6.060933221954412],[107.02438463471567,-6.0600349066702925],[107.02258800414744,-6.0600349066702925],[107.02258800414744,-6.060933221954412]]]},"id":"+119138-6747","properties":{"cls":5,"count":2}},{"type":"Feature","geometry":{"geodesic":false,"type":"Polygon","coordinates":[[[107.02258800414744,-6.068119744227368],[107.02438463471567,-6.068119744227368],[107.02438463471567,-6.067221428943249],[107.02258800414744,-6.067221428943249],[107.02258800414744,-6.068119744227368]]]},"id":"+119138-6755","properties":{"cls":3,"count":2}},{"type":"Feature","geometry":{"geodesic":false,"type":"Polygon","coordinates":[[[107.02348631943156,-6.113933823717463],[107.02258800414744,-6.1157304542857025],[107.02438463471567,-6.1157304542857025],[107.02438463471567,-6.113933823717463],[107.02348631943156,-6.113933823717463]]]},"id":"+119138-6807","properties":{"cls":4,"count":3}},{"type":"Feature","geometry":{"geodesic":false,"type":"Polygon","coordinates":[[[107.02348631943156,-6.1166287695698225],[107.02438463471567,-6.1166287695698225],[107.02438463471567,-6.1157304542857025],[107.02348631943156,-6.1157304542857025],[107.02348631943156,-6.1166287695698225]]]},"id":"+119138-6809","properties":{"cls":7,"count":1}},{"type":"Feature","geometry":{"geodesic":false,"type":"Polygon","coordinates":[[[107.02348631943156,-6.117527084853942],[107.02438463471567,-6.117527084853942],[107.02438463471567,-6.1166287695698225],[107.02348631943156,-6.1166287695698225],[107.02348631943156,-6.117527084853942]]]},"id":"+119138-6810","properties":{"cls":3,"count":1}},{"type":"Feature","geometry":{"geodesic":false,"type":"Polygon","coordinates":[[[107.02348631943156,-6.125611922411017],[107.02438463471567,-6.125611922411017],[107.02438463471567,-6.123815291842778],[107.02348631943156,-6.123815291842778],[107.02348631943156,-6.125611922411017]]]},"id":"+119138-6818","properties":{"cls":7,"count":2}},{"type":"Feature","geometry":{"geodesic":false,"type":"Polygon","coordinates":[[[107.02348631943156,-6.126510237695137],[107.02438463471567,-6.126510237695137],[107.02438463471567,-6.125611922411017],[107.02348631943156,-6.125611922411017],[107.02348631943156,-6.126510237695137]]]},"id":"+119138-6820","properties":{"cls":4,"count":1}},{"type":"Feature","geometry":{"geodesic":false,"type":"Polygon","coordinates":[[[107.02348631943156,-6.127408552979256],[107.02438463471567,-6.127408552979256],[107.02438463471567,-6.126510237695137],[107.02348631943156,-6.126510237695137],[107.02348631943156,-6.127408552979256]]]},"id":"+119138-6821","properties":{"cls":5,"count":1}},{"type":"Feature","geometry":{"geodesic":false,"type":"Polygon","coordinates":[[[107.02348631943156,-6.128306868263376],[107.02438463471567,-6.128306868263376],[107.02438463471567,-6.127408552979256],[107.02348631943156,-6.127408552979256],[107.02348631943156,-6.128306868263376]]]},"id":"+119138-6822","properties":{"cls":7,"count":1}},{"type":"Feature","geometry":{"geodesic":false,"type":"Polygon","coordinates":[[[107.02348631943156,-6.129205183547495],[107.02438463471567,-6.129205183547495],[107.02438463471567,-6.128306868263376],[107.02348631943156,-6.128306868263376],[107.02348631943156,-6.129205183547495]]]},"id":"+119138-6823","properties":{"cls":9,"count":1}},{"type":"Feature","geometry":{"geodesic":false,"type":"Polygon","coordinates":[[[107.02348631943156,-6.13998496695693],[107.02438463471567,-6.13998496695693],[107.02438463471567,-6.13908665167281],[107.02348631943156,-6.13908665167281],[107.02348631943156,-6.13998496695693]]]},"id":"+119138-6835","properties":{"cls":5,"count":1}},{"type":"Feature","geometry":{"geodesic":false,"type":"Polygon","coordinates":[[[107.02348631943156,-6.142679912809288],[107.02438463471567,-6.142679912809288],[107.02438463471567,-6.141781597525169],[107.02348631943156,-6.141781597525169],[107.02348631943156,-6.142679912809288]]]},"id":"+119138-6838","properties":{"cls":4,"count":1}},{"type":"Feature","geometry":{"geodesic":false,"type":"Polygon","coordinates":[[[107.02348631943156,-6.331326122474388],[107.02438463471567,-6.331326122474388],[107.02438463471567,-6.330427807190269],[107.02348631943156,-6.330427807190269],[107.02348631943156,-6.331326122474388]]]},"id":"+119138-7048","properties":{"cls":3,"count":1}},{"type":"Feature","geometry":{"geodesic":false,"type":"Polygon","coordinates":[[[107.02348631943156,-6.359173896282093],[107.02438463471567,-6.359173896282093],[107.02438463471567,-6.358275580997973],[107.02348631943156,-6.358275580997973],[107.02348631943156,-6.359173896282093]]]},"id":"+119138-7079","properties":{"cls":2,"count":1}},{"type":"Feature","geometry":{"geodesic":false,"type":"Polygon","coordinates":[[[107.02348631943156,-6.032187132862587],[107.02348631943156,-6.033085448146706],[107.02438463471567,-6.033085448146706],[107.02438463471567,-6.034882078714945],[107.02528294999979,-6.034882078714945],[107.02528294999979,-6.032187132862587],[107.02348631943156,-6.032187132862587]]]},"id":"+119139-6716","properties":{"cls":7,"count":4}},{"type":"Feature","geometry":{"geodesic":false,"type":"Polygon","coordinates":[[[107.02438463471567,-6.036678709283184],[107.02528294999979,-6.036678709283184],[107.02528294999979,-6.035780393999065],[107.02438463471567,-6.035780393999065],[107.02438463471567,-6.036678709283184]]]},"id":"+119139-6720","properties":{"cls":7,"count":1}},{"type":"Feature","geometry":{"geodesic":false,"type":"Polygon","coordinates":[[[107.02438463471567,-6.037577024567304],[107.02528294999979,-6.037577024567304],[107.02528294999979,-6.036678709283184],[107.02438463471567,-6.036678709283184],[107.02438463471567,-6.037577024567304]]]},"id":"+119139-6721","properties":{"cls":2,"count":1}},{"type":"Feature","geometry":{"geodesic":false,"type":"Polygon","coordinates":[[[107.02438463471567,-6.0384753398514235],[107.02528294999979,-6.0384753398514235],[107.02528294999979,-6.037577024567304],[107.02438463471567,-6.037577024567304],[107.02438463471567,-6.0384753398514235]]]},"id":"+119139-6722","properties":{"cls":5,"count":1}},{"type":"Feature","geometry":{"geodesic":false,"type":"Polygon","coordinates":[[[107.02348631943156,-6.040271970419663],[107.02348631943156,-6.041170285703783],[107.02528294999979,-6.042068600987902],[107.02528294999979,-6.040271970419663],[107.02348631943156,-6.040271970419663]]]},"id":"+119139-6725","properties":{"cls":4,"count":3}},{"type":"Feature","geometry":{"geodesic":false,"type":"Polygon","coordinates":[[[107.02438463471567,-6.043865231556141],[107.02528294999979,-6.043865231556141],[107.02528294999979,-6.042966916272022],[107.02438463471567,-6.042966916272022],[107.02438463471567,-6.043865231556141]]]},"id":"+119139-6728","properties":{"cls":5,"count":1}},{"type":"Feature","geometry":{"geodesic":false,"type":"Polygon","coordinates":[[[107.02438463471567,-6.0465601774085],[107.02528294999979,-6.0465601774085],[107.02528294999979,-6.04566186212438],[107.02438463471567,-6.04566186212438],[107.02438463471567,-6.0465601774085]]]},"id":"+119139-6731","properties":{"cls":2,"count":1}},{"type":"Feature","geometry":{"geodesic":false,"type":"Polygon","coordinates":[[[107.02438463471567,-6.048356807976739],[107.02528294999979,-6.048356807976739],[107.02528294999979,-6.047458492692619],[107.02438463471567,-6.047458492692619],[107.02438463471567,-6.048356807976739]]]},"id":"+119139-6733","properties":{"cls":4,"count":1}},{"type":"Feature","geometry":{"geodesic":false,"type":"Polygon","coordinates":[[[107.02438463471567,-6.052848384397336],[107.02438463471567,-6.053746699681455],[107.02348631943156,-6.053746699681455],[107.02348631943156,-6.055543330249694],[107.02528294999979,-6.054645014965575],[107.02528294999979,-6.052848384397336],[107.02438463471567,-6.052848384397336]]]},"id":"+119139-6739","properties":{"cls":7,"count":4}},{"type":"Feature","geometry":{"geodesic":false,"type":"Polygon","coordinates":[[[107.02438463471567,-6.055543330249694],[107.02528294999979,-6.055543330249694],[107.02528294999979,-6.054645014965575],[107.02438463471567,-6.054645014965575],[107.02438463471567,-6.055543330249694]]]},"id":"+119139-6741","properties":{"cls":9,"count":1}},{"type":"Feature","geometry":{"geodesic":false,"type":"Polygon","coordinates":[[[107.02348631943156,-6.056441645533814],[107.02528294999979,-6.056441645533814],[107.02528294999979,-6.055543330249694],[107.02348631943156,-6.055543330249694],[107.02348631943156,-6.056441645533814]]]},"id":"+119139-6742","properties":{"cls":5,"count":2}},{"type":"Feature","geometry":{"geodesic":false,"type":"Polygon","coordinates":[[[107.02438463471567,-6.068119744227368],[107.02528294999979,-6.068119744227368],[107.02528294999979,-6.067221428943249],[107.02438463471567,-6.067221428943249],[107.02438463471567,-6.068119744227368]]]},"id":"+119139-6755","properties":{"cls":5,"count":1}},{"type":"Feature","geometry":{"geodesic":false,"type":"Polygon","coordinates":[[[107.02438463471567,-6.069018059511487],[107.02528294999979,-6.069018059511487],[107.02528294999979,-6.068119744227368],[107.02438463471567,-6.068119744227368],[107.02438463471567,-6.069018059511487]]]},"id":"+119139-6756","properties":{"cls":4,"count":1}},{"type":"Feature","geometry":{"geodesic":false,"type":"Polygon","coordinates":[[[107.02438463471567,-6.080696158205042],[107.02528294999979,-6.080696158205042],[107.02528294999979,-6.0788995276368025],[107.02438463471567,-6.0788995276368025],[107.02438463471567,-6.080696158205042]]]},"id":"+119139-6768","properties":{"cls":2,"count":2}},{"type":"Feature","geometry":{"geodesic":false,"type":"Polygon","coordinates":[[[107.02438463471567,-6.087882680477997],[107.02528294999979,-6.087882680477997],[107.02528294999979,-6.086984365193878],[107.02438463471567,-6.086984365193878],[107.02438463471567,-6.087882680477997]]]},"id":"+119139-6777","properties":{"cls":2,"count":1}},{"type":"Feature","geometry":{"geodesic":false,"type":"Polygon","coordinates":[[[107.02438463471567,-6.103154040308029],[107.02528294999979,-6.103154040308029],[107.02528294999979,-6.10225572502391],[107.02438463471567,-6.10225572502391],[107.02438463471567,-6.103154040308029]]]},"id":"+119139-6794","properties":{"cls":2,"count":1}},{"type":"Feature","geometry":{"geodesic":false,"type":"Polygon","coordinates":[[[107.02438463471567,-6.112137193149224],[107.02528294999979,-6.112137193149224],[107.02528294999979,-6.111238877865105],[107.02438463471567,-6.111238877865105],[107.02438463471567,-6.112137193149224]]]},"id":"+119139-6804","properties":{"cls":3,"count":1}},{"type":"Feature","geometry":{"geodesic":false,"type":"Polygon","coordinates":[[[107.02438463471567,-6.113933823717463],[107.02528294999979,-6.113933823717463],[107.02528294999979,-6.113035508433344],[107.02438463471567,-6.113035508433344],[107.02438463471567,-6.113933823717463]]]},"id":"+119139-6806","properties":{"cls":4,"count":1}},{"type":"Feature","geometry":{"geodesic":false,"type":"Polygon","coordinates":[[[107.02438463471567,-6.117527084853942],[107.02528294999979,-6.117527084853942],[107.02528294999979,-6.114832139001583],[107.02438463471567,-6.114832139001583],[107.02438463471567,-6.117527084853942]]]},"id":"+119139-6808","properties":{"cls":5,"count":3}},{"type":"Feature","geometry":{"geodesic":false,"type":"Polygon","coordinates":[[[107.02348631943156,-6.123815291842778],[107.02528294999979,-6.123815291842778],[107.02528294999979,-6.122916976558659],[107.02348631943156,-6.122916976558659],[107.02348631943156,-6.123815291842778]]]},"id":"+119139-6817","properties":{"cls":4,"count":2}},{"type":"Feature","geometry":{"geodesic":false,"type":"Polygon","coordinates":[[[107.02438463471567,-6.128306868263376],[107.02528294999979,-6.128306868263376],[107.02528294999979,-6.127408552979256],[107.02438463471567,-6.127408552979256],[107.02438463471567,-6.128306868263376]]]},"id":"+119139-6822","properties":{"cls":5,"count":1}},{"type":"Feature","geometry":{"geodesic":false,"type":"Polygon","coordinates":[[[107.02438463471567,-6.150764750366364],[107.02528294999979,-6.150764750366364],[107.02528294999979,-6.149866435082244],[107.02438463471567,-6.149866435082244],[107.02438463471567,-6.150764750366364]]]},"id":"+119139-6847","properties":{"cls":2,"count":1}},{"type":"Feature","geometry":{"geodesic":false,"type":"Polygon","coordinates":[[[107.02438463471567,-6.151663065650483],[107.02528294999979,-6.151663065650483],[107.02528294999979,-6.150764750366364],[107.02438463471567,-6.150764750366364],[107.02438463471567,-6.151663065650483]]]},"id":"+119139-6848","properties":{"cls":3,"count":1}},{"type":"Feature","geometry":{"geodesic":false,"type":"Polygon","coordinates":[[[107.02438463471567,-6.263952476165423],[107.02528294999979,-6.263952476165423],[107.02528294999979,-6.263054160881304],[107.02438463471567,-6.263054160881304],[107.02438463471567,-6.263952476165423]]]},"id":"+119139-6973","properties":{"cls":5,"count":1}}]}