{"type": "FeatureCollection", "features": [{"type": "Feature", "properties": {"admin_level": 1, "name": "Dki Jakarta", "name1": null, "name2": null, "name3": null, "adm0_pcode": "ID", "adm0_name": "Indonesia", "valid_on": "2020-04-01", "valid_to": null, "area_sqkm": 653.87470419, "version": "v01", "lang": "en", "lang1": null, "lang2": null, "lang3": null, "y_coord": -6.23000115, "x_coord": 106.84552639, "adm1_pcode": "ID31", "adm1_name": "Dki Jakarta", "adm1_name1": null, "adm1_name2": null, "adm1_name3": null, "adm2_pcode": null, "adm2_name": null, "adm2_name1": null, "adm2_name2": null, "adm2_name3": null, "adm3_pcode": null, "adm3_name": null, "adm3_name1": null, "adm3_name2": null, "adm3_name3": null, "adm4_pcode": null, "adm4_name": null, "adm4_name1": null, "adm4_name2": null, "adm4_name3": null}, "geometry": {"type": "Point", "coordinates": [106.84552638500014, -6.230001149999964]}}, {"type": "Feature", "properties": {"admin_level": 2, "name": "Kota Bekasi", "name1": null, "name2": null, "name3": null, "adm0_pcode": "ID", "adm0_name": "Indonesia", "valid_on": "2020-04-01", "valid_to": null, "area_sqkm": 214.0923279, "version": "v01", "lang": "en", "lang1": null, "lang2": null, "lang3": null, "y_coord": -6.2848799, "x_coord": 106.97348374, "adm1_pcode": "ID32", "adm1_name": "Jawa Barat", "adm1_name1": null, "adm1_name2": null, "adm1_name3": null, "adm2_pcode": "ID3275", "adm2_name": "Kota Bekasi", "adm2_name1": null, "adm2_name2": null, "adm2_name3": null, "adm3_pcode": null, "adm3_name": null, "adm3_name1": null, "adm3_name2": null, "adm3_name3": null, "adm4_pcode": null, "adm4_name": null, "adm4_name1": null, "adm4_name2": null, "adm4_name3": null}, "geometry": {"type": "Point", "coordinates": [106.9734837370001, -6.284879899999964]}}, {"type": "Feature", "properties": {"admin_level": 2, "name": "Kota Jakarta Pusat", "name1": null, "name2": null, "name3": null, "adm0_pcode": "ID", "adm0_name": "Indonesia", "valid_on": "2020-04-01", "valid_to": null, "area_sqkm": 47.88707564, "version": "v01", "lang": "en", "lang1": null, "lang2": null, "lang3": null, "y_coord": -6.18243435, "x_coord": 106.84286354, "adm1_pcode": "ID31", "adm1_name": "Dki Jakarta", "adm1_name1": null, "adm1_name2": null, "adm1_name3": null, "adm2_pcode": "ID3173", "adm2_name": "Kota Jakarta Pusat", "adm2_name1": null, "adm2_name2": null, "adm2_name3": null, "adm3_pcode": null, "adm3_name": null, "adm3_name1": null, "adm3_name2": null, "adm3_name3": null, "adm4_pcode": null, "adm4_name": null, "adm4_name1": null, "adm4_name2": null, "adm4_name3": null}, "geometry": {"type": "Point", "coordinates": [106.84286354400018, -6.18243434999988]}}, {"type": "Feature", "properties": {"admin_level": 2, "name": "Kota Jakarta Selatan", "name1": null, "name2": null, "name3": null, "adm0_pcode": "ID", "adm0_name": "Indonesia", "valid_on": "2020-04-01", "valid_to": null, "area_sqkm": 144.81257224, "version": "v01", "lang": "en", "lang1": null, "lang2": null, "lang3": null, "y_coord": -6.28414445, "x_coord": 106.80460243, "adm1_pcode": "ID31", "adm1_name": "Dki Jakarta", "adm1_name1": null, "adm1_name2": null, "adm1_name3": null, "adm2_pcode": "ID3171", "adm2_name": "Kota Jakarta Selatan", "adm2_name1": null, "adm2_name2": null, "adm2_name3": null, "adm3_pcode": null, "adm3_name": null, "adm3_name1": null, "adm3_name2": null, "adm3_name3": null, "adm4_pcode": null, "adm4_name": null, "adm4_name1": null, "adm4_name2": null, "adm4_name3": null}, "geometry": {"type": "Point", "coordinates": [106.80460242900017, -6.284144449999928]}}, {"type": "Feature", "properties": {"admin_level": 2, "name": "Kota Jakarta Timur", "name1": null, "name2": null, "name3": null, "adm0_pcode": "ID", "adm0_name": "Indonesia", "valid_on": "2020-04-01", "valid_to": null, "area_sqkm": 184.65806312, "version": "v01", "lang": "en", "lang1": null, "lang2": null, "lang3": null, "y_coord": -6.26106915, "x_coord": 106.88226964, "adm1_pcode": "ID31", "adm1_name": "Dki Jakarta", "adm1_name1": null, "adm1_name2": null, "adm1_name3": null, "adm2_pcode": "ID3172", "adm2_name": "Kota Jakarta Timur", "adm2_name1": null, "adm2_name2": null, "adm2_name3": null, "adm3_pcode": null, "adm3_name": null, "adm3_name1": null, "adm3_name2": null, "adm3_name3": null, "adm4_pcode": null, "adm4_name": null, "adm4_name1": null, "adm4_name2": null, "adm4_name3": null}, "geometry": {"type": "Point", "coordinates": [106.88226964300009, -6.261069149999969]}}, {"type": "Feature", "properties": {"admin_level": 2, "name": "Kota Jakarta Utara", "name1": null, "name2": null, "name3": null, "adm0_pcode": "ID", "adm0_name": "Indonesia", "valid_on": "2020-04-01", "valid_to": null, "area_sqkm": 140.26388905, "version": "v01", "lang": "en", "lang1": null, "lang2": null, "lang3": null, "y_coord": -6.1360264, "x_coord": 106.90064405, "adm1_pcode": "ID31", "adm1_name": "Dki Jakarta", "adm1_name1": null, "adm1_name2": null, "adm1_name3": null, "adm2_pcode": "ID3175", "adm2_name": "Kota Jakarta Utara", "adm2_name1": null, "adm2_name2": null, "adm2_name3": null, "adm3_pcode": null, "adm3_name": null, "adm3_name1": null, "adm3_name2": null, "adm3_name3": null, "adm4_pcode": null, "adm4_name": null, "adm4_name1": null, "adm4_name2": null, "adm4_name3": null}, "geometry": {"type": "Point", "coordinates": [106.90064404900016, -6.136026399999935]}}, {"type": "Feature", "properties": {"admin_level": 3, "name": "Babelan", "name1": null, "name2": null, "name3": null, "adm0_pcode": "ID", "adm0_name": "Indonesia", "valid_on": "2020-04-01", "valid_to": null, "area_sqkm": 65.96210591, "version": "v01", "lang": "en", "lang1": null, "lang2": null, "lang3": null, "y_coord": -6.12681625, "x_coord": 107.04016508, "adm1_pcode": "ID32", "adm1_name": "Jawa Barat", "adm1_name1": null, "adm1_name2": null, "adm1_name3": null, "adm2_pcode": "ID3216", "adm2_name": "Bekasi", "adm2_name1": null, "adm2_name2": null, "adm2_name3": null, "adm3_pcode": "ID3216090", "adm3_name": "Babelan", "adm3_name1": null, "adm3_name2": null, "adm3_name3": null, "adm4_pcode": null, "adm4_name": null, "adm4_name1": null, "adm4_name2": null, "adm4_name3": null}, "geometry": {"type": "Point", "coordinates": [107.04016508299998, -6.126816249999933]}}, {"type": "Feature", "properties": {"admin_level": 3, "name": "Bekasi Barat", "name1": null, "name2": null, "name3": null, "adm0_pcode": "ID", "adm0_name": "Indonesia", "valid_on": "2020-04-01", "valid_to": null, "area_sqkm": 14.7607086, "version": "v01", "lang": "en", "lang1": null, "lang2": null, "lang3": null, "y_coord": -6.23184, "x_coord": 106.96454357, "adm1_pcode": "ID32", "adm1_name": "Jawa Barat", "adm1_name1": null, "adm1_name2": null, "adm1_name3": null, "adm2_pcode": "ID3275", "adm2_name": "Kota Bekasi", "adm2_name1": null, "adm2_name2": null, "adm2_name3": null, "adm3_pcode": "ID3275060", "adm3_name": "Bekasi Barat", "adm3_name1": null, "adm3_name2": null, "adm3_name3": null, "adm4_pcode": null, "adm4_name": null, "adm4_name1": null, "adm4_name2": null, "adm4_name3": null}, "geometry": {"type": "Point", "coordinates": [106.96454356700008, -6.23184]}}, {"type": "Feature", "properties": {"admin_level": 3, "name": "Bekasi Selatan", "name1": null, "name2": null, "name3": null, "adm0_pcode": "ID", "adm0_name": "Indonesia", "valid_on": "2020-04-01", "valid_to": null, "area_sqkm": 15.7770357, "version": "v01", "lang": "en", "lang1": null, "lang2": null, "lang3": null, "y_coord": -6.2554062, "x_coord": 106.97782614, "adm1_pcode": "ID32", "adm1_name": "Jawa Barat", "adm1_name1": null, "adm1_name2": null, "adm1_name3": null, "adm2_pcode": "ID3275", "adm2_name": "Kota Bekasi", "adm2_name1": null, "adm2_name2": null, "adm2_name3": null, "adm3_pcode": "ID3275050", "adm3_name": "Bekasi Selatan", "adm3_name1": null, "adm3_name2": null, "adm3_name3": null, "adm4_pcode": null, "adm4_name": null, "adm4_name1": null, "adm4_name2": null, "adm4_name3": null}, "geometry": {"type": "Point", "coordinates": [106.97782614000016, -6.255406199999925]}}, {"type": "Feature", "properties": {"admin_level": 3, "name": "Bekasi Timur", "name1": null, "name2": null, "name3": null, "adm0_pcode": "ID", "adm0_name": "Indonesia", "valid_on": "2020-04-01", "valid_to": null, "area_sqkm": 14.71605952, "version": "v01", "lang": "en", "lang1": null, "lang2": null, "lang3": null, "y_coord": -6.2431156, "x_coord": 107.02135515, "adm1_pcode": "ID32", "adm1_name": "Jawa Barat", "adm1_name1": null, "adm1_name2": null, "adm1_name3": null, "adm2_pcode": "ID3275", "adm2_name": "Kota Bekasi", "adm2_name1": null, "adm2_name2": null, "adm2_name3": null, "adm3_pcode": "ID3275040", "adm3_name": "Bekasi Timur", "adm3_name1": null, "adm3_name2": null, "adm3_name3": null, "adm4_pcode": null, "adm4_name": null, "adm4_name1": null, "adm4_name2": null, "adm4_name3": null}, "geometry": {"type": "Point", "coordinates": [107.02135515200018, -6.243115599999896]}}, {"type": "Feature", "properties": {"admin_level": 3, "name": "Bekasi Utara", "name1": null, "name2": null, "name3": null, "adm0_pcode": "ID", "adm0_name": "Indonesia", "valid_on": "2020-04-01", "valid_to": null, "area_sqkm": 21.31992181, "version": "v01", "lang": "en", "lang1": null, "lang2": null, "lang3": null, "y_coord": -6.2054577, "x_coord": 107.00669535, "adm1_pcode": "ID32", "adm1_name": "Jawa Barat", "adm1_name1": null, "adm1_name2": null, "adm1_name3": null, "adm2_pcode": "ID3275", "adm2_name": "Kota Bekasi", "adm2_name1": null, "adm2_name2": null, "adm2_name3": null, "adm3_pcode": "ID3275070", "adm3_name": "Bekasi Utara", "adm3_name1": null, "adm3_name2": null, "adm3_name3": null, "adm4_pcode": null, "adm4_name": null, "adm4_name1": null, "adm4_name2": null, "adm4_name3": null}, "geometry": {"type": "Point", "coordinates": [107.0066953540001, -6.205457699999954]}}, {"type": "Feature", "properties": {"admin_level": 3, "name": "Cakung", "name1": null, "name2": null, "name3": null, "adm0_pcode": "ID", "adm0_name": "Indonesia", "valid_on": "2020-04-01", "valid_to": null, "area_sqkm": 40.77746878, "version": "v01", "lang": "en", "lang1": null, "lang2": null, "lang3": null, "y_coord": -6.18556, "x_coord": 106.93900356, "adm1_pcode": "ID31", "adm1_name": "Dki Jakarta", "adm1_name1": null, "adm1_name2": null, "adm1_name3": null, "adm2_pcode": "ID3172", "adm2_name": "Kota Jakarta Timur", "adm2_name1": null, "adm2_name2": null, "adm2_name3": null, "adm3_pcode": "ID3172080", "adm3_name": "Cakung", "adm3_name1": null, "adm3_name2": null, "adm3_name3": null, "adm4_pcode": null, "adm4_name": null, "adm4_name1": null, "adm4_name2": null, "adm4_name3": null}, "geometry": {"type": "Point", "coordinates": [106.93900356200015, -6.18556]}}, {"type": "Feature", "properties": {"admin_level": 3, "name": "Cempaka Putih", "name1": null, "name2": null, "name3": null, "adm0_pcode": "ID", "adm0_name": "Indonesia", "valid_on": "2020-04-01", "valid_to": null, "area_sqkm": 4.65611721, "version": "v01", "lang": "en", "lang1": null, "lang2": null, "lang3": null, "y_coord": -6.1812932, "x_coord": 106.86860094, "adm1_pcode": "ID31", "adm1_name": "Dki Jakarta", "adm1_name1": null, "adm1_name2": null, "adm1_name3": null, "adm2_pcode": "ID3173", "adm2_name": "Kota Jakarta Pusat", "adm2_name1": null, "adm2_name2": null, "adm2_name3": null, "adm3_pcode": "ID3173050", "adm3_name": "Cempaka Putih", "adm3_name1": null, "adm3_name2": null, "adm3_name3": null, "adm4_pcode": null, "adm4_name": null, "adm4_name1": null, "adm4_name2": null, "adm4_name3": null}, "geometry": {"type": "Point", "coordinates": [106.8686009430001, -6.181293199999971]}}, {"type": "Feature", "properties": {"admin_level": 3, "name": "Cilandak", "name1": null, "name2": null, "name3": null, "adm0_pcode": "ID", "adm0_name": "Indonesia", "valid_on": "2020-04-01", "valid_to": null, "area_sqkm": 17.70996394, "version": "v01", "lang": "en", "lang1": null, "lang2": null, "lang3": null, "y_coord": -6.28981845, "x_coord": 106.7968457, "adm1_pcode": "ID31", "adm1_name": "Dki Jakarta", "adm1_name1": null, "adm1_name2": null, "adm1_name3": null, "adm2_pcode": "ID3171", "adm2_name": "Kota Jakarta Selatan", "adm2_name1": null, "adm2_name2": null, "adm2_name3": null, "adm3_pcode": "ID3171030", "adm3_name": "Cilandak", "adm3_name1": null, "adm3_name2": null, "adm3_name3": null, "adm4_pcode": null, "adm4_name": null, "adm4_name1": null, "adm4_name2": null, "adm4_name3": null}, "geometry": {"type": "Point", "coordinates": [106.7968456960001, -6.289818449999927]}}, {"type": "Feature", "properties": {"admin_level": 3, "name": "Cilincing", "name1": null, "name2": null, "name3": null, "adm0_pcode": "ID", "adm0_name": "Indonesia", "valid_on": "2020-04-01", "valid_to": null, "area_sqkm": 40.84473797, "version": "v01", "lang": "en", "lang1": null, "lang2": null, "lang3": null, "y_coord": -6.12780915, "x_coord": 106.94467627, "adm1_pcode": "ID31", "adm1_name": "Dki Jakarta", "adm1_name1": null, "adm1_name2": null, "adm1_name3": null, "adm2_pcode": "ID3175", "adm2_name": "Kota Jakarta Utara", "adm2_name1": null, "adm2_name2": null, "adm2_name3": null, "adm3_pcode": "ID3175060", "adm3_name": "Cilincing", "adm3_name1": null, "adm3_name2": null, "adm3_name3": null, "adm4_pcode": null, "adm4_name": null, "adm4_name1": null, "adm4_name2": null, "adm4_name3": null}, "geometry": {"type": "Point", "coordinates": [106.94467627400019, -6.127809149999962]}}, {"type": "Feature", "properties": {"admin_level": 3, "name": "Cipayung", "name1": null, "name2": null, "name3": null, "adm0_pcode": "ID", "adm0_name": "Indonesia", "valid_on": "2020-04-01", "valid_to": null, "area_sqkm": 27.79837822, "version": "v01", "lang": "en", "lang1": null, "lang2": null, "lang3": null, "y_coord": -6.3275272, "x_coord": 106.90268732, "adm1_pcode": "ID31", "adm1_name": "Dki Jakarta", "adm1_name1": null, "adm1_name2": null, "adm1_name3": null, "adm2_pcode": "ID3172", "adm2_name": "Kota Jakarta Timur", "adm2_name1": null, "adm2_name2": null, "adm2_name3": null, "adm3_pcode": "ID3172030", "adm3_name": "Cipayung", "adm3_name1": null, "adm3_name2": null, "adm3_name3": null, "adm4_pcode": null, "adm4_name": null, "adm4_name1": null, "adm4_name2": null, "adm4_name3": null}, "geometry": {"type": "Point", "coordinates": [106.90268732000004, -6.327527199999963]}}, {"type": "Feature", "properties": {"admin_level": 3, "name": "Ciputat Timur", "name1": null, "name2": null, "name3": null, "adm0_pcode": "ID", "adm0_name": "Indonesia", "valid_on": "2020-04-01", "valid_to": null, "area_sqkm": 17.94098933, "version": "v01", "lang": "en", "lang1": null, "lang2": null, "lang3": null, "y_coord": -6.29784955, "x_coord": 106.75752468, "adm1_pcode": "ID36", "adm1_name": "Banten", "adm1_name1": null, "adm1_name2": null, "adm1_name3": null, "adm2_pcode": "ID3674", "adm2_name": "Kota Tangerang Selatan", "adm2_name1": null, "adm2_name2": null, "adm2_name3": null, "adm3_pcode": "ID3674050", "adm3_name": "Ciputat Timur", "adm3_name1": null, "adm3_name2": null, "adm3_name3": null, "adm4_pcode": null, "adm4_name": null, "adm4_name1": null, "adm4_name2": null, "adm4_name3": null}, "geometry": {"type": "Point", "coordinates": [106.75752468100012, -6.297849549999967]}}, {"type": "Feature", "properties": {"admin_level": 3, "name": "Ciracas", "name1": null, "name2": null, "name3": null, "adm0_pcode": "ID", "adm0_name": "Indonesia", "valid_on": "2020-04-01", "valid_to": null, "area_sqkm": 16.65653207, "version": "v01", "lang": "en", "lang1": null, "lang2": null, "lang3": null, "y_coord": -6.328965, "x_coord": 106.8761002, "adm1_pcode": "ID31", "adm1_name": "Dki Jakarta", "adm1_name1": null, "adm1_name2": null, "adm1_name3": null, "adm2_pcode": "ID3172", "adm2_name": "Kota Jakarta Timur", "adm2_name1": null, "adm2_name2": null, "adm2_name3": null, "adm3_pcode": "ID3172020", "adm3_name": "Ciracas", "adm3_name1": null, "adm3_name2": null, "adm3_name3": null, "adm4_pcode": null, "adm4_name": null, "adm4_name1": null, "adm4_name2": null, "adm4_name3": null}, "geometry": {"type": "Point", "coordinates": [106.8761002010001, -6.328964999999812]}}, {"type": "Feature", "properties": {"admin_level": 3, "name": "Danau Sunter", "name1": null, "name2": null, "name3": null, "adm0_pcode": "ID", "adm0_name": "Indonesia", "valid_on": "2020-04-01", "valid_to": null, "area_sqkm": 0.14728103, "version": "v01", "lang": "en", "lang1": null, "lang2": null, "lang3": null, "y_coord": -6.1513653, "x_coord": 106.85812415, "adm1_pcode": "ID31", "adm1_name": "Dki Jakarta", "adm1_name1": null, "adm1_name2": null, "adm1_name3": null, "adm2_pcode": "ID3175", "adm2_name": "Kota Jakarta Utara", "adm2_name1": null, "adm2_name2": null, "adm2_name3": null, "adm3_pcode": "ID3175888", "adm3_name": "Danau Sunter", "adm3_name1": null, "adm3_name2": null, "adm3_name3": null, "adm4_pcode": null, "adm4_name": null, "adm4_name1": null, "adm4_name2": null, "adm4_name3": null}, "geometry": {"type": "Point", "coordinates": [106.85812415400005, -6.151365299999952]}}, {"type": "Feature", "properties": {"admin_level": 3, "name": "Danau Sunter Dll", "name1": null, "name2": null, "name3": null, "adm0_pcode": "ID", "adm0_name": "Indonesia", "valid_on": "2020-04-01", "valid_to": null, "area_sqkm": 0.50052296, "version": "v01", "lang": "en", "lang1": null, "lang2": null, "lang3": null, "y_coord": -6.1495025, "x_coord": 106.84737959, "adm1_pcode": "ID31", "adm1_name": "Dki Jakarta", "adm1_name1": null, "adm1_name2": null, "adm1_name3": null, "adm2_pcode": "ID3175", "adm2_name": "Kota Jakarta Utara", "adm2_name1": null, "adm2_name2": null, "adm2_name3": null, "adm3_pcode": "ID3175555", "adm3_name": "Danau Sunter Dll", "adm3_name1": null, "adm3_name2": null, "adm3_name3": null, "adm4_pcode": null, "adm4_name": null, "adm4_name1": null, "adm4_name2": null, "adm4_name3": null}, "geometry": {"type": "Point", "coordinates": [106.84737958699998, -6.149502499999926]}}, {"type": "Feature", "properties": {"admin_level": 3, "name": "Duren Sawit", "name1": null, "name2": null, "name3": null, "adm0_pcode": "ID", "adm0_name": "Indonesia", "valid_on": "2020-04-01", "valid_to": null, "area_sqkm": 21.80183814, "version": "v01", "lang": "en", "lang1": null, "lang2": null, "lang3": null, "y_coord": -6.234075, "x_coord": 106.91895558, "adm1_pcode": "ID31", "adm1_name": "Dki Jakarta", "adm1_name1": null, "adm1_name2": null, "adm1_name3": null, "adm2_pcode": "ID3172", "adm2_name": "Kota Jakarta Timur", "adm2_name1": null, "adm2_name2": null, "adm2_name3": null, "adm3_pcode": "ID3172070", "adm3_name": "Duren Sawit", "adm3_name1": null, "adm3_name2": null, "adm3_name3": null, "adm4_pcode": null, "adm4_name": null, "adm4_name1": null, "adm4_name2": null, "adm4_name3": null}, "geometry": {"type": "Point", "coordinates": [106.91895557600014, -6.234075]}}, {"type": "Feature", "properties": {"admin_level": 3, "name": "Gambir", "name1": null, "name2": null, "name3": null, "adm0_pcode": "ID", "adm0_name": "Indonesia", "valid_on": "2020-04-01", "valid_to": null, "area_sqkm": 7.51344127, "version": "v01", "lang": "en", "lang1": null, "lang2": null, "lang3": null, "y_coord": -6.171475, "x_coord": 106.81743534, "adm1_pcode": "ID31", "adm1_name": "Dki Jakarta", "adm1_name1": null, "adm1_name2": null, "adm1_name3": null, "adm2_pcode": "ID3173", "adm2_name": "Kota Jakarta Pusat", "adm2_name1": null, "adm2_name2": null, "adm2_name3": null, "adm3_pcode": "ID3173080", "adm3_name": "Gambir", "adm3_name1": null, "adm3_name2": null, "adm3_name3": null, "adm4_pcode": null, "adm4_name": null, "adm4_name1": null, "adm4_name2": null, "adm4_name3": null}, "geometry": {"type": "Point", "coordinates": [106.81743533500008, -6.171475]}}, {"type": "Feature", "properties": {"admin_level": 3, "name": "Grogol Petamburan", "name1": null, "name2": null, "name3": null, "adm0_pcode": "ID", "adm0_name": "Indonesia", "valid_on": "2020-04-01", "valid_to": null, "area_sqkm": 10.82528112, "version": "v01", "lang": "en", "lang1": null, "lang2": null, "lang3": null, "y_coord": -6.163915, "x_coord": 106.78781002, "adm1_pcode": "ID31", "adm1_name": "Dki Jakarta", "adm1_name1": null, "adm1_name2": null, "adm1_name3": null, "adm2_pcode": "ID3174", "adm2_name": "Kota Jakarta Barat", "adm2_name1": null, "adm2_name2": null, "adm2_name3": null, "adm3_pcode": "ID3174040", "adm3_name": "Grogol Petamburan", "adm3_name1": null, "adm3_name2": null, "adm3_name3": null, "adm4_pcode": null, "adm4_name": null, "adm4_name1": null, "adm4_name2": null, "adm4_name3": null}, "geometry": {"type": "Point", "coordinates": [106.78781002100004, -6.163915]}}, {"type": "Feature", "properties": {"admin_level": 3, "name": "Jatiasih", "name1": null, "name2": null, "name3": null, "adm0_pcode": "ID", "adm0_name": "Indonesia", "valid_on": "2020-04-01", "valid_to": null, "area_sqkm": 23.98960722, "version": "v01", "lang": "en", "lang1": null, "lang2": null, "lang3": null, "y_coord": -6.3102587, "x_coord": 106.95150996, "adm1_pcode": "ID32", "adm1_name": "Jawa Barat", "adm1_name1": null, "adm1_name2": null, "adm1_name3": null, "adm2_pcode": "ID3275", "adm2_name": "Kota Bekasi", "adm2_name1": null, "adm2_name2": null, "adm2_name3": null, "adm3_pcode": "ID3275020", "adm3_name": "Jatiasih", "adm3_name1": null, "adm3_name2": null, "adm3_name3": null, "adm4_pcode": null, "adm4_name": null, "adm4_name1": null, "adm4_name2": null, "adm4_name3": null}, "geometry": {"type": "Point", "coordinates": [106.95150996199999, -6.310258699999963]}}, {"type": "Feature", "properties": {"admin_level": 3, "name": "Jatinegara", "name1": null, "name2": null, "name3": null, "adm0_pcode": "ID", "adm0_name": "Indonesia", "valid_on": "2020-04-01", "valid_to": null, "area_sqkm": 10.36154298, "version": "v01", "lang": "en", "lang1": null, "lang2": null, "lang3": null, "y_coord": -6.22924975, "x_coord": 106.87742241, "adm1_pcode": "ID31", "adm1_name": "Dki Jakarta", "adm1_name1": null, "adm1_name2": null, "adm1_name3": null, "adm2_pcode": "ID3172", "adm2_name": "Kota Jakarta Timur", "adm2_name1": null, "adm2_name2": null, "adm2_name3": null, "adm3_pcode": "ID3172060", "adm3_name": "Jatinegara", "adm3_name1": null, "adm3_name2": null, "adm3_name3": null, "adm4_pcode": null, "adm4_name": null, "adm4_name1": null, "adm4_name2": null, "adm4_name3": null}, "geometry": {"type": "Point", "coordinates": [106.8774224080002, -6.229249749999894]}}, {"type": "Feature", "properties": {"admin_level": 3, "name": "Johar Baru", "name1": null, "name2": null, "name3": null, "adm0_pcode": "ID", "adm0_name": "Indonesia", "valid_on": "2020-04-01", "valid_to": null, "area_sqkm": 2.36485076, "version": "v01", "lang": "en", "lang1": null, "lang2": null, "lang3": null, "y_coord": -6.18307175, "x_coord": 106.85526399, "adm1_pcode": "ID31", "adm1_name": "Dki Jakarta", "adm1_name1": null, "adm1_name2": null, "adm1_name3": null, "adm2_pcode": "ID3173", "adm2_name": "Kota Jakarta Pusat", "adm2_name1": null, "adm2_name2": null, "adm2_name3": null, "adm3_pcode": "ID3173040", "adm3_name": "Johar Baru", "adm3_name1": null, "adm3_name2": null, "adm3_name3": null, "adm4_pcode": null, "adm4_name": null, "adm4_name1": null, "adm4_name2": null, "adm4_name3": null}, "geometry": {"type": "Point", "coordinates": [106.85526399400015, -6.183071749999954]}}, {"type": "Feature", "properties": {"admin_level": 3, "name": "Kebayoran Baru", "name1": null, "name2": null, "name3": null, "adm0_pcode": "ID", "adm0_name": "Indonesia", "valid_on": "2020-04-01", "valid_to": null, "area_sqkm": 12.69463679, "version": "v01", "lang": "en", "lang1": null, "lang2": null, "lang3": null, "y_coord": -6.24332, "x_coord": 106.80027399, "adm1_pcode": "ID31", "adm1_name": "Dki Jakarta", "adm1_name1": null, "adm1_name2": null, "adm1_name3": null, "adm2_pcode": "ID3171", "adm2_name": "Kota Jakarta Selatan", "adm2_name1": null, "adm2_name2": null, "adm2_name3": null, "adm3_pcode": "ID3171060", "adm3_name": "Kebayoran Baru", "adm3_name1": null, "adm3_name2": null, "adm3_name3": null, "adm4_pcode": null, "adm4_name": null, "adm4_name1": null, "adm4_name2": null, "adm4_name3": null}, "geometry": {"type": "Point", "coordinates": [106.80027399400007, -6.24332]}}, {"type": "Feature", "properties": {"admin_level": 3, "name": "Kebayoran Lama", "name1": null, "name2": null, "name3": null, "adm0_pcode": "ID", "adm0_name": "Indonesia", "valid_on": "2020-04-01", "valid_to": null, "area_sqkm": 19.05475339, "version": "v01", "lang": "en", "lang1": null, "lang2": null, "lang3": null, "y_coord": -6.24942, "x_coord": 106.77784364, "adm1_pcode": "ID31", "adm1_name": "Dki Jakarta", "adm1_name1": null, "adm1_name2": null, "adm1_name3": null, "adm2_pcode": "ID3171", "adm2_name": "Kota Jakarta Selatan", "adm2_name1": null, "adm2_name2": null, "adm2_name3": null, "adm3_pcode": "ID3171050", "adm3_name": "Kebayoran Lama", "adm3_name1": null, "adm3_name2": null, "adm3_name3": null, "adm4_pcode": null, "adm4_name": null, "adm4_name1": null, "adm4_name2": null, "adm4_name3": null}, "geometry": {"type": "Point", "coordinates": [106.77784364000013, -6.249419999999873]}}, {"type": "Feature", "properties": {"admin_level": 3, "name": "Kebon Jeruk", "name1": null, "name2": null, "name3": null, "adm0_pcode": "ID", "adm0_name": "Indonesia", "valid_on": "2020-04-01", "valid_to": null, "area_sqkm": 17.62927574, "version": "v01", "lang": "en", "lang1": null, "lang2": null, "lang3": null, "y_coord": -6.192595, "x_coord": 106.76964711, "adm1_pcode": "ID31", "adm1_name": "Dki Jakarta", "adm1_name1": null, "adm1_name2": null, "adm1_name3": null, "adm2_pcode": "ID3174", "adm2_name": "Kota Jakarta Barat", "adm2_name1": null, "adm2_name2": null, "adm2_name3": null, "adm3_pcode": "ID3174020", "adm3_name": "Kebon Jeruk", "adm3_name1": null, "adm3_name2": null, "adm3_name3": null, "adm4_pcode": null, "adm4_name": null, "adm4_name1": null, "adm4_name2": null, "adm4_name3": null}, "geometry": {"type": "Point", "coordinates": [106.76964710500005, -6.192595]}}, {"type": "Feature", "properties": {"admin_level": 3, "name": "Kelapa Gading", "name1": null, "name2": null, "name3": null, "adm0_pcode": "ID", "adm0_name": "Indonesia", "valid_on": "2020-04-01", "valid_to": null, "area_sqkm": 16.10122503, "version": "v01", "lang": "en", "lang1": null, "lang2": null, "lang3": null, "y_coord": -6.1596864, "x_coord": 106.90217199, "adm1_pcode": "ID31", "adm1_name": "Dki Jakarta", "adm1_name1": null, "adm1_name2": null, "adm1_name3": null, "adm2_pcode": "ID3175", "adm2_name": "Kota Jakarta Utara", "adm2_name1": null, "adm2_name2": null, "adm2_name3": null, "adm3_pcode": "ID3175050", "adm3_name": "Kelapa Gading", "adm3_name1": null, "adm3_name2": null, "adm3_name3": null, "adm4_pcode": null, "adm4_name": null, "adm4_name1": null, "adm4_name2": null, "adm4_name3": null}, "geometry": {"type": "Point", "coordinates": [106.90217198900012, -6.159686399999941]}}, {"type": "Feature", "properties": {"admin_level": 3, "name": "Kemayoran", "name1": null, "name2": null, "name3": null, "adm0_pcode": "ID", "adm0_name": "Indonesia", "valid_on": "2020-04-01", "valid_to": null, "area_sqkm": 7.13053047, "version": "v01", "lang": "en", "lang1": null, "lang2": null, "lang3": null, "y_coord": -6.16274575, "x_coord": 106.85683648, "adm1_pcode": "ID31", "adm1_name": "Dki Jakarta", "adm1_name1": null, "adm1_name2": null, "adm1_name3": null, "adm2_pcode": "ID3173", "adm2_name": "Kota Jakarta Pusat", "adm2_name1": null, "adm2_name2": null, "adm2_name3": null, "adm3_pcode": "ID3173060", "adm3_name": "Kemayoran", "adm3_name1": null, "adm3_name2": null, "adm3_name3": null, "adm4_pcode": null, "adm4_name": null, "adm4_name1": null, "adm4_name2": null, "adm4_name3": null}, "geometry": {"type": "Point", "coordinates": [106.85683648100019, -6.162745749999942]}}, {"type": "Feature", "properties": {"admin_level": 3, "name": "Koja", "name1": null, "name2": null, "name3": null, "adm0_pcode": "ID", "adm0_name": "Indonesia", "valid_on": "2020-04-01", "valid_to": null, "area_sqkm": 11.43430556, "version": "v01", "lang": "en", "lang1": null, "lang2": null, "lang3": null, "y_coord": -6.12045925, "x_coord": 106.90696201, "adm1_pcode": "ID31", "adm1_name": "Dki Jakarta", "adm1_name1": null, "adm1_name2": null, "adm1_name3": null, "adm2_pcode": "ID3175", "adm2_name": "Kota Jakarta Utara", "adm2_name1": null, "adm2_name2": null, "adm2_name3": null, "adm3_pcode": "ID3175040", "adm3_name": "Koja", "adm3_name1": null, "adm3_name2": null, "adm3_name3": null, "adm4_pcode": null, "adm4_name": null, "adm4_name1": null, "adm4_name2": null, "adm4_name3": null}, "geometry": {"type": "Point", "coordinates": [106.90696200900015, -6.120459249999953]}}, {"type": "Feature", "properties": {"admin_level": 3, "name": "Kramat Jati", "name1": null, "name2": null, "name3": null, "adm0_pcode": "ID", "adm0_name": "Indonesia", "valid_on": "2020-04-01", "valid_to": null, "area_sqkm": 13.0610765, "version": "v01", "lang": "en", "lang1": null, "lang2": null, "lang3": null, "y_coord": -6.27485845, "x_coord": 106.86242482, "adm1_pcode": "ID31", "adm1_name": "Dki Jakarta", "adm1_name1": null, "adm1_name2": null, "adm1_name3": null, "adm2_pcode": "ID3172", "adm2_name": "Kota Jakarta Timur", "adm2_name1": null, "adm2_name2": null, "adm2_name3": null, "adm3_pcode": "ID3172050", "adm3_name": "Kramat Jati", "adm3_name1": null, "adm3_name2": null, "adm3_name3": null, "adm4_pcode": null, "adm4_name": null, "adm4_name1": null, "adm4_name2": null, "adm4_name3": null}, "geometry": {"type": "Point", "coordinates": [106.8624248220001, -6.274858449999954]}}, {"type": "Feature", "properties": {"admin_level": 3, "name": "Makasar", "name1": null, "name2": null, "name3": null, "adm0_pcode": "ID", "adm0_name": "Indonesia", "valid_on": "2020-04-01", "valid_to": null, "area_sqkm": 21.30665544, "version": "v01", "lang": "en", "lang1": null, "lang2": null, "lang3": null, "y_coord": -6.27091735, "x_coord": 106.88908465, "adm1_pcode": "ID31", "adm1_name": "Dki Jakarta", "adm1_name1": null, "adm1_name2": null, "adm1_name3": null, "adm2_pcode": "ID3172", "adm2_name": "Kota Jakarta Timur", "adm2_name1": null, "adm2_name2": null, "adm2_name3": null, "adm3_pcode": "ID3172040", "adm3_name": "Makasar", "adm3_name1": null, "adm3_name2": null, "adm3_name3": null, "adm4_pcode": null, "adm4_name": null, "adm4_name1": null, "adm4_name2": null, "adm4_name3": null}, "geometry": {"type": "Point", "coordinates": [106.88908465500015, -6.270917349999934]}}, {"type": "Feature", "properties": {"admin_level": 3, "name": "Mampang Prapatan", "name1": null, "name2": null, "name3": null, "adm0_pcode": "ID", "adm0_name": "Indonesia", "valid_on": "2020-04-01", "valid_to": null, "area_sqkm": 7.91636946, "version": "v01", "lang": "en", "lang1": null, "lang2": null, "lang3": null, "y_coord": -6.2502716, "x_coord": 106.82283634, "adm1_pcode": "ID31", "adm1_name": "Dki Jakarta", "adm1_name1": null, "adm1_name2": null, "adm1_name3": null, "adm2_pcode": "ID3171", "adm2_name": "Kota Jakarta Selatan", "adm2_name1": null, "adm2_name2": null, "adm2_name3": null, "adm3_pcode": "ID3171070", "adm3_name": "Mampang Prapatan", "adm3_name1": null, "adm3_name2": null, "adm3_name3": null, "adm4_pcode": null, "adm4_name": null, "adm4_name1": null, "adm4_name2": null, "adm4_name3": null}, "geometry": {"type": "Point", "coordinates": [106.82283633800012, -6.250271599999905]}}, {"type": "Feature", "properties": {"admin_level": 3, "name": "Matraman", "name1": null, "name2": null, "name3": null, "adm0_pcode": "ID", "adm0_name": "Indonesia", "valid_on": "2020-04-01", "valid_to": null, "area_sqkm": 4.834545, "version": "v01", "lang": "en", "lang1": null, "lang2": null, "lang3": null, "y_coord": -6.203525, "x_coord": 106.86448842, "adm1_pcode": "ID31", "adm1_name": "Dki Jakarta", "adm1_name1": null, "adm1_name2": null, "adm1_name3": null, "adm2_pcode": "ID3172", "adm2_name": "Kota Jakarta Timur", "adm2_name1": null, "adm2_name2": null, "adm2_name3": null, "adm3_pcode": "ID3172100", "adm3_name": "Matraman", "adm3_name1": null, "adm3_name2": null, "adm3_name3": null, "adm4_pcode": null, "adm4_name": null, "adm4_name1": null, "adm4_name2": null, "adm4_name3": null}, "geometry": {"type": "Point", "coordinates": [106.86448841600009, -6.203525]}}, {"type": "Feature", "properties": {"admin_level": 3, "name": "Medan Satria", "name1": null, "name2": null, "name3": null, "adm0_pcode": "ID", "adm0_name": "Indonesia", "valid_on": "2020-04-01", "valid_to": null, "area_sqkm": 13.29012865, "version": "v01", "lang": "en", "lang1": null, "lang2": null, "lang3": null, "y_coord": -6.20366375, "x_coord": 106.9727553, "adm1_pcode": "ID32", "adm1_name": "Jawa Barat", "adm1_name1": null, "adm1_name2": null, "adm1_name3": null, "adm2_pcode": "ID3275", "adm2_name": "Kota Bekasi", "adm2_name1": null, "adm2_name2": null, "adm2_name3": null, "adm3_pcode": "ID3275061", "adm3_name": "Medan Satria", "adm3_name1": null, "adm3_name2": null, "adm3_name3": null, "adm4_pcode": null, "adm4_name": null, "adm4_name1": null, "adm4_name2": null, "adm4_name3": null}, "geometry": {"type": "Point", "coordinates": [106.97275530000013, -6.203663749999976]}}, {"type": "Feature", "properties": {"admin_level": 3, "name": "Menteng", "name1": null, "name2": null, "name3": null, "adm0_pcode": "ID", "adm0_name": "Indonesia", "valid_on": "2020-04-01", "valid_to": null, "area_sqkm": 6.5021695, "version": "v01", "lang": "en", "lang1": null, "lang2": null, "lang3": null, "y_coord": -6.194995, "x_coord": 106.8321727, "adm1_pcode": "ID31", "adm1_name": "Dki Jakarta", "adm1_name1": null, "adm1_name2": null, "adm1_name3": null, "adm2_pcode": "ID3173", "adm2_name": "Kota Jakarta Pusat", "adm2_name1": null, "adm2_name2": null, "adm2_name3": null, "adm3_pcode": "ID3173020", "adm3_name": "Menteng", "adm3_name1": null, "adm3_name2": null, "adm3_name3": null, "adm4_pcode": null, "adm4_name": null, "adm4_name1": null, "adm4_name2": null, "adm4_name3": null}, "geometry": {"type": "Point", "coordinates": [106.83217269700015, -6.194994999999892]}}, {"type": "Feature", "properties": {"admin_level": 3, "name": "Mustikajaya", "name1": null, "name2": null, "name3": null, "adm0_pcode": "ID", "adm0_name": "Indonesia", "valid_on": "2020-04-01", "valid_to": null, "area_sqkm": 26.14353237, "version": "v01", "lang": "en", "lang1": null, "lang2": null, "lang3": null, "y_coord": -6.3075298, "x_coord": 107.01899918, "adm1_pcode": "ID32", "adm1_name": "Jawa Barat", "adm1_name1": null, "adm1_name2": null, "adm1_name3": null, "adm2_pcode": "ID3275", "adm2_name": "Kota Bekasi", "adm2_name1": null, "adm2_name2": null, "adm2_name3": null, "adm3_pcode": "ID3275031", "adm3_name": "Mustikajaya", "adm3_name1": null, "adm3_name2": null, "adm3_name3": null, "adm4_pcode": null, "adm4_name": null, "adm4_name1": null, "adm4_name2": null, "adm4_name3": null}, "geometry": {"type": "Point", "coordinates": [107.01899918200013, -6.307529799999941]}}, {"type": "Feature", "properties": {"admin_level": 3, "name": "Pademangan", "name1": null, "name2": null, "name3": null, "adm0_pcode": "ID", "adm0_name": "Indonesia", "valid_on": "2020-04-01", "valid_to": null, "area_sqkm": 12.48418682, "version": "v01", "lang": "en", "lang1": null, "lang2": null, "lang3": null, "y_coord": -6.12861, "x_coord": 106.82871036, "adm1_pcode": "ID31", "adm1_name": "Dki Jakarta", "adm1_name1": null, "adm1_name2": null, "adm1_name3": null, "adm2_pcode": "ID3175", "adm2_name": "Kota Jakarta Utara", "adm2_name1": null, "adm2_name2": null, "adm2_name3": null, "adm3_pcode": "ID3175020", "adm3_name": "Pademangan", "adm3_name1": null, "adm3_name2": null, "adm3_name3": null, "adm4_pcode": null, "adm4_name": null, "adm4_name1": null, "adm4_name2": null, "adm4_name3": null}, "geometry": {"type": "Point", "coordinates": [106.82871035700003, -6.12861]}}, {"type": "Feature", "properties": {"admin_level": 3, "name": "Palmerah", "name1": null, "name2": null, "name3": null, "adm0_pcode": "ID", "adm0_name": "Indonesia", "valid_on": "2020-04-01", "valid_to": null, "area_sqkm": 7.36059062, "version": "v01", "lang": "en", "lang1": null, "lang2": null, "lang3": null, "y_coord": -6.1912258, "x_coord": 106.79423221, "adm1_pcode": "ID31", "adm1_name": "Dki Jakarta", "adm1_name1": null, "adm1_name2": null, "adm1_name3": null, "adm2_pcode": "ID3174", "adm2_name": "Kota Jakarta Barat", "adm2_name1": null, "adm2_name2": null, "adm2_name3": null, "adm3_pcode": "ID3174030", "adm3_name": "Palmerah", "adm3_name1": null, "adm3_name2": null, "adm3_name3": null, "adm4_pcode": null, "adm4_name": null, "adm4_name1": null, "adm4_name2": null, "adm4_name3": null}, "geometry": {"type": "Point", "coordinates": [106.79423221100012, -6.19122579999987]}}, {"type": "Feature", "properties": {"admin_level": 3, "name": "Pancoran", "name1": null, "name2": null, "name3": null, "adm0_pcode": "ID", "adm0_name": "Indonesia", "valid_on": "2020-04-01", "valid_to": null, "area_sqkm": 8.81394498, "version": "v01", "lang": "en", "lang1": null, "lang2": null, "lang3": null, "y_coord": -6.25731295, "x_coord": 106.84265421, "adm1_pcode": "ID31", "adm1_name": "Dki Jakarta", "adm1_name1": null, "adm1_name2": null, "adm1_name3": null, "adm2_pcode": "ID3171", "adm2_name": "Kota Jakarta Selatan", "adm2_name1": null, "adm2_name2": null, "adm2_name3": null, "adm3_pcode": "ID3171080", "adm3_name": "Pancoran", "adm3_name1": null, "adm3_name2": null, "adm3_name3": null, "adm4_pcode": null, "adm4_name": null, "adm4_name1": null, "adm4_name2": null, "adm4_name3": null}, "geometry": {"type": "Point", "coordinates": [106.84265421200007, -6.257312949999971]}}, {"type": "Feature", "properties": {"admin_level": 3, "name": "Pasar Minggu", "name1": null, "name2": null, "name3": null, "adm0_pcode": "ID", "adm0_name": "Indonesia", "valid_on": "2020-04-01", "valid_to": null, "area_sqkm": 21.63181953, "version": "v01", "lang": "en", "lang1": null, "lang2": null, "lang3": null, "y_coord": -6.2920577, "x_coord": 106.82777241, "adm1_pcode": "ID31", "adm1_name": "Dki Jakarta", "adm1_name1": null, "adm1_name2": null, "adm1_name3": null, "adm2_pcode": "ID3171", "adm2_name": "Kota Jakarta Selatan", "adm2_name1": null, "adm2_name2": null, "adm2_name3": null, "adm3_pcode": "ID3171020", "adm3_name": "Pasar Minggu", "adm3_name1": null, "adm3_name2": null, "adm3_name3": null, "adm4_pcode": null, "adm4_name": null, "adm4_name1": null, "adm4_name2": null, "adm4_name3": null}, "geometry": {"type": "Point", "coordinates": [106.82777240800016, -6.29205769999993]}}, {"type": "Feature", "properties": {"admin_level": 3, "name": "Pasar Rebo", "name1": null, "name2": null, "name3": null, "adm0_pcode": "ID", "adm0_name": "Indonesia", "valid_on": "2020-04-01", "valid_to": null, "area_sqkm": 13.07567501, "version": "v01", "lang": "en", "lang1": null, "lang2": null, "lang3": null, "y_coord": -6.3240615, "x_coord": 106.85298955, "adm1_pcode": "ID31", "adm1_name": "Dki Jakarta", "adm1_name1": null, "adm1_name2": null, "adm1_name3": null, "adm2_pcode": "ID3172", "adm2_name": "Kota Jakarta Timur", "adm2_name1": null, "adm2_name2": null, "adm2_name3": null, "adm3_pcode": "ID3172010", "adm3_name": "Pasar Rebo", "adm3_name1": null, "adm3_name2": null, "adm3_name3": null, "adm4_pcode": null, "adm4_name": null, "adm4_name1": null, "adm4_name2": null, "adm4_name3": null}, "geometry": {"type": "Point", "coordinates": [106.85298955500019, -6.324061499999971]}}, {"type": "Feature", "properties": {"admin_level": 3, "name": "Penjaringan", "name1": null, "name2": null, "name3": null, "adm0_pcode": "ID", "adm0_name": "Indonesia", "valid_on": "2020-04-01", "valid_to": null, "area_sqkm": 36.31889533, "version": "v01", "lang": "en", "lang1": null, "lang2": null, "lang3": null, "y_coord": -6.11710365, "x_coord": 106.76750233, "adm1_pcode": "ID31", "adm1_name": "Dki Jakarta", "adm1_name1": null, "adm1_name2": null, "adm1_name3": null, "adm2_pcode": "ID3175", "adm2_name": "Kota Jakarta Utara", "adm2_name1": null, "adm2_name2": null, "adm2_name3": null, "adm3_pcode": "ID3175010", "adm3_name": "Penjaringan", "adm3_name1": null, "adm3_name2": null, "adm3_name3": null, "adm4_pcode": null, "adm4_name": null, "adm4_name1": null, "adm4_name2": null, "adm4_name3": null}, "geometry": {"type": "Point", "coordinates": [106.76750232500007, -6.117103649999933]}}, {"type": "Feature", "properties": {"admin_level": 3, "name": "Pesanggrahan", "name1": null, "name2": null, "name3": null, "adm0_pcode": "ID", "adm0_name": "Indonesia", "valid_on": "2020-04-01", "valid_to": null, "area_sqkm": 13.50821619, "version": "v01", "lang": "en", "lang1": null, "lang2": null, "lang3": null, "y_coord": -6.2564928, "x_coord": 106.76175795, "adm1_pcode": "ID31", "adm1_name": "Dki Jakarta", "adm1_name1": null, "adm1_name2": null, "adm1_name3": null, "adm2_pcode": "ID3171", "adm2_name": "Kota Jakarta Selatan", "adm2_name1": null, "adm2_name2": null, "adm2_name3": null, "adm3_pcode": "ID3171040", "adm3_name": "Pesanggrahan", "adm3_name1": null, "adm3_name2": null, "adm3_name3": null, "adm4_pcode": null, "adm4_name": null, "adm4_name1": null, "adm4_name2": null, "adm4_name3": null}, "geometry": {"type": "Point", "coordinates": [106.76175795000017, -6.256492799999876]}}, {"type": "Feature", "properties": {"admin_level": 3, "name": "Pondokgede", "name1": null, "name2": null, "name3": null, "adm0_pcode": "ID", "adm0_name": "Indonesia", "valid_on": "2020-04-01", "valid_to": null, "area_sqkm": 17.639899, "version": "v01", "lang": "en", "lang1": null, "lang2": null, "lang3": null, "y_coord": -6.27173885, "x_coord": 106.92210934, "adm1_pcode": "ID32", "adm1_name": "Jawa Barat", "adm1_name1": null, "adm1_name2": null, "adm1_name3": null, "adm2_pcode": "ID3275", "adm2_name": "Kota Bekasi", "adm2_name1": null, "adm2_name2": null, "adm2_name3": null, "adm3_pcode": "ID3275010", "adm3_name": "Pondokgede", "adm3_name1": null, "adm3_name2": null, "adm3_name3": null, "adm4_pcode": null, "adm4_name": null, "adm4_name1": null, "adm4_name2": null, "adm4_name3": null}, "geometry": {"type": "Point", "coordinates": [106.92210934400009, -6.271738849999963]}}, {"type": "Feature", "properties": {"admin_level": 3, "name": "Pondokmelati", "name1": null, "name2": null, "name3": null, "adm0_pcode": "ID", "adm0_name": "Indonesia", "valid_on": "2020-04-01", "valid_to": null, "area_sqkm": 11.3589276, "version": "v01", "lang": "en", "lang1": null, "lang2": null, "lang3": null, "y_coord": -6.3102243, "x_coord": 106.93077982, "adm1_pcode": "ID32", "adm1_name": "Jawa Barat", "adm1_name1": null, "adm1_name2": null, "adm1_name3": null, "adm2_pcode": "ID3275", "adm2_name": "Kota Bekasi", "adm2_name1": null, "adm2_name2": null, "adm2_name3": null, "adm3_pcode": "ID3275012", "adm3_name": "Pondokmelati", "adm3_name1": null, "adm3_name2": null, "adm3_name3": null, "adm4_pcode": null, "adm4_name": null, "adm4_name1": null, "adm4_name2": null, "adm4_name3": null}, "geometry": {"type": "Point", "coordinates": [106.93077982300014, -6.310224299999959]}}, {"type": "Feature", "properties": {"admin_level": 3, "name": "Pulo Gadung", "name1": null, "name2": null, "name3": null, "adm0_pcode": "ID", "adm0_name": "Indonesia", "valid_on": "2020-04-01", "valid_to": null, "area_sqkm": 14.98435098, "version": "v01", "lang": "en", "lang1": null, "lang2": null, "lang3": null, "y_coord": -6.1908, "x_coord": 106.89060724, "adm1_pcode": "ID31", "adm1_name": "Dki Jakarta", "adm1_name1": null, "adm1_name2": null, "adm1_name3": null, "adm2_pcode": "ID3172", "adm2_name": "Kota Jakarta Timur", "adm2_name1": null, "adm2_name2": null, "adm2_name3": null, "adm3_pcode": "ID3172090", "adm3_name": "Pulo Gadung", "adm3_name1": null, "adm3_name2": null, "adm3_name3": null, "adm4_pcode": null, "adm4_name": null, "adm4_name1": null, "adm4_name2": null, "adm4_name3": null}, "geometry": {"type": "Point", "coordinates": [106.89060724200004, -6.1908]}}, {"type": "Feature", "properties": {"admin_level": 3, "name": "Rawalumbu", "name1": null, "name2": null, "name3": null, "adm0_pcode": "ID", "adm0_name": "Indonesia", "valid_on": "2020-04-01", "valid_to": null, "area_sqkm": 16.8481061, "version": "v01", "lang": "en", "lang1": null, "lang2": null, "lang3": null, "y_coord": -6.2803954, "x_coord": 106.99886176, "adm1_pcode": "ID32", "adm1_name": "Jawa Barat", "adm1_name1": null, "adm1_name2": null, "adm1_name3": null, "adm2_pcode": "ID3275", "adm2_name": "Kota Bekasi", "adm2_name1": null, "adm2_name2": null, "adm2_name3": null, "adm3_pcode": "ID3275041", "adm3_name": "Rawalumbu", "adm3_name1": null, "adm3_name2": null, "adm3_name3": null, "adm4_pcode": null, "adm4_name": null, "adm4_name1": null, "adm4_name2": null, "adm4_name3": null}, "geometry": {"type": "Point", "coordinates": [106.99886175900008, -6.280395399999975]}}, {"type": "Feature", "properties": {"admin_level": 3, "name": "Sawah Besar", "name1": null, "name2": null, "name3": null, "adm0_pcode": "ID", "adm0_name": "Indonesia", "valid_on": "2020-04-01", "valid_to": null, "area_sqkm": 5.35701424, "version": "v01", "lang": "en", "lang1": null, "lang2": null, "lang3": null, "y_coord": -6.15553355, "x_coord": 106.83356613, "adm1_pcode": "ID31", "adm1_name": "Dki Jakarta", "adm1_name1": null, "adm1_name2": null, "adm1_name3": null, "adm2_pcode": "ID3173", "adm2_name": "Kota Jakarta Pusat", "adm2_name1": null, "adm2_name2": null, "adm2_name3": null, "adm3_pcode": "ID3173070", "adm3_name": "Sawah Besar", "adm3_name1": null, "adm3_name2": null, "adm3_name3": null, "adm4_pcode": null, "adm4_name": null, "adm4_name1": null, "adm4_name2": null, "adm4_name3": null}, "geometry": {"type": "Point", "coordinates": [106.83356612700015, -6.155533549999973]}}, {"type": "Feature", "properties": {"admin_level": 3, "name": "Senen", "name1": null, "name2": null, "name3": null, "adm0_pcode": "ID", "adm0_name": "Indonesia", "valid_on": "2020-04-01", "valid_to": null, "area_sqkm": 4.35458538, "version": "v01", "lang": "en", "lang1": null, "lang2": null, "lang3": null, "y_coord": -6.184855, "x_coord": 106.84312573, "adm1_pcode": "ID31", "adm1_name": "Dki Jakarta", "adm1_name1": null, "adm1_name2": null, "adm1_name3": null, "adm2_pcode": "ID3173", "adm2_name": "Kota Jakarta Pusat", "adm2_name1": null, "adm2_name2": null, "adm2_name3": null, "adm3_pcode": "ID3173030", "adm3_name": "Senen", "adm3_name1": null, "adm3_name2": null, "adm3_name3": null, "adm4_pcode": null, "adm4_name": null, "adm4_name1": null, "adm4_name2": null, "adm4_name3": null}, "geometry": {"type": "Point", "coordinates": [106.84312572700009, -6.184855]}}, {"type": "Feature", "properties": {"admin_level": 3, "name": "Setia Budi", "name1": null, "name2": null, "name3": null, "adm0_pcode": "ID", "adm0_name": "Indonesia", "valid_on": "2020-04-01", "valid_to": null, "area_sqkm": 8.84037049, "version": "v01", "lang": "en", "lang1": null, "lang2": null, "lang3": null, "y_coord": -6.22173905, "x_coord": 106.82619168, "adm1_pcode": "ID31", "adm1_name": "Dki Jakarta", "adm1_name1": null, "adm1_name2": null, "adm1_name3": null, "adm2_pcode": "ID3171", "adm2_name": "Kota Jakarta Selatan", "adm2_name1": null, "adm2_name2": null, "adm2_name3": null, "adm3_pcode": "ID3171100", "adm3_name": "Setia Budi", "adm3_name1": null, "adm3_name2": null, "adm3_name3": null, "adm4_pcode": null, "adm4_name": null, "adm4_name1": null, "adm4_name2": null, "adm4_name3": null}, "geometry": {"type": "Point", "coordinates": [106.82619167899998, -6.221739049999826]}}, {"type": "Feature", "properties": {"admin_level": 3, "name": "Taman Sari", "name1": null, "name2": null, "name3": null, "adm0_pcode": "ID", "adm0_name": "Indonesia", "valid_on": "2020-04-01", "valid_to": null, "area_sqkm": 4.55305112, "version": "v01", "lang": "en", "lang1": null, "lang2": null, "lang3": null, "y_coord": -6.14608, "x_coord": 106.81842026, "adm1_pcode": "ID31", "adm1_name": "Dki Jakarta", "adm1_name1": null, "adm1_name2": null, "adm1_name3": null, "adm2_pcode": "ID3174", "adm2_name": "Kota Jakarta Barat", "adm2_name1": null, "adm2_name2": null, "adm2_name3": null, "adm3_pcode": "ID3174060", "adm3_name": "Taman Sari", "adm3_name1": null, "adm3_name2": null, "adm3_name3": null, "adm4_pcode": null, "adm4_name": null, "adm4_name1": null, "adm4_name2": null, "adm4_name3": null}, "geometry": {"type": "Point", "coordinates": [106.81842025700018, -6.14608]}}, {"type": "Feature", "properties": {"admin_level": 3, "name": "Tambora", "name1": null, "name2": null, "name3": null, "adm0_pcode": "ID", "adm0_name": "Indonesia", "valid_on": "2020-04-01", "valid_to": null, "area_sqkm": 5.36143397, "version": "v01", "lang": "en", "lang1": null, "lang2": null, "lang3": null, "y_coord": -6.146325, "x_coord": 106.8011409, "adm1_pcode": "ID31", "adm1_name": "Dki Jakarta", "adm1_name1": null, "adm1_name2": null, "adm1_name3": null, "adm2_pcode": "ID3174", "adm2_name": "Kota Jakarta Barat", "adm2_name1": null, "adm2_name2": null, "adm2_name3": null, "adm3_pcode": "ID3174050", "adm3_name": "Tambora", "adm3_name1": null, "adm3_name2": null, "adm3_name3": null, "adm4_pcode": null, "adm4_name": null, "adm4_name1": null, "adm4_name2": null, "adm4_name3": null}, "geometry": {"type": "Point", "coordinates": [106.8011408980002, -6.146325]}}, {"type": "Feature", "properties": {"admin_level": 3, "name": "Tanah Abang", "name1": null, "name2": null, "name3": null, "adm0_pcode": "ID", "adm0_name": "Indonesia", "valid_on": "2020-04-01", "valid_to": null, "area_sqkm": 10.0083668, "version": "v01", "lang": "en", "lang1": null, "lang2": null, "lang3": null, "y_coord": -6.2053881, "x_coord": 106.80943384, "adm1_pcode": "ID31", "adm1_name": "Dki Jakarta", "adm1_name1": null, "adm1_name2": null, "adm1_name3": null, "adm2_pcode": "ID3173", "adm2_name": "Kota Jakarta Pusat", "adm2_name1": null, "adm2_name2": null, "adm2_name3": null, "adm3_pcode": "ID3173010", "adm3_name": "Tanah Abang", "adm3_name1": null, "adm3_name2": null, "adm3_name3": null, "adm4_pcode": null, "adm4_name": null, "adm4_name1": null, "adm4_name2": null, "adm4_name3": null}, "geometry": {"type": "Point", "coordinates": [106.80943383800013, -6.20538809999988]}}, {"type": "Feature", "properties": {"admin_level": 3, "name": "Tanjung Priok", "name1": null, "name2": null, "name3": null, "adm0_pcode": "ID", "adm0_name": "Indonesia", "valid_on": "2020-04-01", "valid_to": null, "area_sqkm": 22.43273436, "version": "v01", "lang": "en", "lang1": null, "lang2": null, "lang3": null, "y_coord": -6.12855, "x_coord": 106.87066834, "adm1_pcode": "ID31", "adm1_name": "Dki Jakarta", "adm1_name1": null, "adm1_name2": null, "adm1_name3": null, "adm2_pcode": "ID3175", "adm2_name": "Kota Jakarta Utara", "adm2_name1": null, "adm2_name2": null, "adm2_name3": null, "adm3_pcode": "ID3175030", "adm3_name": "Tanjung Priok", "adm3_name1": null, "adm3_name2": null, "adm3_name3": null, "adm4_pcode": null, "adm4_name": null, "adm4_name1": null, "adm4_name2": null, "adm4_name3": null}, "geometry": {"type": "Point", "coordinates": [106.8706683380002, -6.12855]}}, {"type": "Feature", "properties": {"admin_level": 3, "name": "Tarumajaya", "name1": null, "name2": null, "name3": null, "adm0_pcode": "ID", "adm0_name": "Indonesia", "valid_on": "2020-04-01", "valid_to": null, "area_sqkm": 55.72764857, "version": "v01", "lang": "en", "lang1": null, "lang2": null, "lang3": null, "y_coord": -6.12117805, "x_coord": 106.99774132, "adm1_pcode": "ID32", "adm1_name": "Jawa Barat", "adm1_name1": null, "adm1_name2": null, "adm1_name3": null, "adm2_pcode": "ID3216", "adm2_name": "Bekasi", "adm2_name1": null, "adm2_name2": null, "adm2_name3": null, "adm3_pcode": "ID3216100", "adm3_name": "Tarumajaya", "adm3_name1": null, "adm3_name2": null, "adm3_name3": null, "adm4_pcode": null, "adm4_name": null, "adm4_name1": null, "adm4_name2": null, "adm4_name3": null}, "geometry": {"type": "Point", "coordinates": [106.99774131800018, -6.121178049999912]}}, {"type": "Feature", "properties": {"admin_level": 3, "name": "Tebet", "name1": null, "name2": null, "name3": null, "adm0_pcode": "ID", "adm0_name": "Indonesia", "valid_on": "2020-04-01", "valid_to": null, "area_sqkm": 9.4376162, "version": "v01", "lang": "en", "lang1": null, "lang2": null, "lang3": null, "y_coord": -6.22552175, "x_coord": 106.84947323, "adm1_pcode": "ID31", "adm1_name": "Dki Jakarta", "adm1_name1": null, "adm1_name2": null, "adm1_name3": null, "adm2_pcode": "ID3171", "adm2_name": "Kota Jakarta Selatan", "adm2_name1": null, "adm2_name2": null, "adm2_name3": null, "adm3_pcode": "ID3171090", "adm3_name": "Tebet", "adm3_name1": null, "adm3_name2": null, "adm3_name3": null, "adm4_pcode": null, "adm4_name": null, "adm4_name1": null, "adm4_name2": null, "adm4_name3": null}, "geometry": {"type": "Point", "coordinates": [106.84947322800014, -6.225521749999814]}}, {"type": "Feature", "properties": {"admin_level": 4, "name": "Ancol", "name1": null, "name2": null, "name3": null, "adm0_pcode": "ID", "adm0_name": "Indonesia", "valid_on": "2020-04-01", "valid_to": null, "area_sqkm": 8.07265743, "version": "v01", "lang": "en", "lang1": null, "lang2": null, "lang3": null, "y_coord": -6.1229772, "x_coord": 106.82418948, "adm1_pcode": "ID31", "adm1_name": "Dki Jakarta", "adm1_name1": null, "adm1_name2": null, "adm1_name3": null, "adm2_pcode": "ID3175", "adm2_name": "Kota Jakarta Utara", "adm2_name1": null, "adm2_name2": null, "adm2_name3": null, "adm3_pcode": "ID3175020", "adm3_name": "Pademangan", "adm3_name1": null, "adm3_name2": null, "adm3_name3": null, "adm4_pcode": "ID3175020003", "adm4_name": "Ancol", "adm4_name1": null, "adm4_name2": null, "adm4_name3": null}, "geometry": {"type": "Point", "coordinates": [106.82418948200018, -6.12297719999998]}}, {"type": "Feature", "properties": {"admin_level": 4, "name": "Angke", "name1": null, "name2": null, "name3": null, "adm0_pcode": "ID", "adm0_name": "Indonesia", "valid_on": "2020-04-01", "valid_to": null, "area_sqkm": 0.78659207, "version": "v01", "lang": "en", "lang1": null, "lang2": null, "lang3": null, "y_coord": -6.14572, "x_coord": 106.79575795, "adm1_pcode": "ID31", "adm1_name": "Dki Jakarta", "adm1_name1": null, "adm1_name2": null, "adm1_name3": null, "adm2_pcode": "ID3174", "adm2_name": "Kota Jakarta Barat", "adm2_name1": null, "adm2_name2": null, "adm2_name3": null, "adm3_pcode": "ID3174050", "adm3_name": "Tambora", "adm3_name1": null, "adm3_name2": null, "adm3_name3": null, "adm4_pcode": "ID3174050007", "adm4_name": "Angke", "adm4_name1": null, "adm4_name2": null, "adm4_name3": null}, "geometry": {"type": "Point", "coordinates": [106.79575795000017, -6.145719999999869]}}, {"type": "Feature", "properties": {"admin_level": 4, "name": "Aren Jaya", "name1": null, "name2": null, "name3": null, "adm0_pcode": "ID", "adm0_name": "Indonesia", "valid_on": "2020-04-01", "valid_to": null, "area_sqkm": 2.87165923, "version": "v01", "lang": "en", "lang1": null, "lang2": null, "lang3": null, "y_coord": -6.2405205, "x_coord": 107.03448189, "adm1_pcode": "ID32", "adm1_name": "Jawa Barat", "adm1_name1": null, "adm1_name2": null, "adm1_name3": null, "adm2_pcode": "ID3275", "adm2_name": "Kota Bekasi", "adm2_name1": null, "adm2_name2": null, "adm2_name3": null, "adm3_pcode": "ID3275040", "adm3_name": "Bekasi Timur", "adm3_name1": null, "adm3_name2": null, "adm3_name3": null, "adm4_pcode": "ID3275040008", "adm4_name": "Aren Jaya", "adm4_name1": null, "adm4_name2": null, "adm4_name3": null}, "geometry": {"type": "Point", "coordinates": [107.03448189300013, -6.240520499999946]}}, {"type": "Feature", "properties": {"admin_level": 4, "name": "Babelan Kota", "name1": null, "name2": null, "name3": null, "adm0_pcode": "ID", "adm0_name": "Indonesia", "valid_on": "2020-04-01", "valid_to": null, "area_sqkm": 6.23639659, "version": "v01", "lang": "en", "lang1": null, "lang2": null, "lang3": null, "y_coord": -6.16439, "x_coord": 107.0291249, "adm1_pcode": "ID32", "adm1_name": "Jawa Barat", "adm1_name1": null, "adm1_name2": null, "adm1_name3": null, "adm2_pcode": "ID3216", "adm2_name": "Bekasi", "adm2_name1": null, "adm2_name2": null, "adm2_name3": null, "adm3_pcode": "ID3216090", "adm3_name": "Babelan", "adm3_name1": null, "adm3_name2": null, "adm3_name3": null, "adm4_pcode": "ID3216090003", "adm4_name": "Babelan Kota", "adm4_name1": null, "adm4_name2": null, "adm4_name3": null}, "geometry": {"type": "Point", "coordinates": [107.0291249010001, -6.16439]}}, {"type": "Feature", "properties": {"admin_level": 4, "name": "Bahagia", "name1": null, "name2": null, "name3": null, "adm0_pcode": "ID", "adm0_name": "Indonesia", "valid_on": "2020-04-01", "valid_to": null, "area_sqkm": 7.2055667, "version": "v01", "lang": "en", "lang1": null, "lang2": null, "lang3": null, "y_coord": -6.1845879, "x_coord": 107.01890602, "adm1_pcode": "ID32", "adm1_name": "Jawa Barat", "adm1_name1": null, "adm1_name2": null, "adm1_name3": null, "adm2_pcode": "ID3216", "adm2_name": "Bekasi", "adm2_name1": null, "adm2_name2": null, "adm2_name3": null, "adm3_pcode": "ID3216090", "adm3_name": "Babelan", "adm3_name1": null, "adm3_name2": null, "adm3_name3": null, "adm4_pcode": "ID3216090001", "adm4_name": "Bahagia", "adm4_name1": null, "adm4_name2": null, "adm4_name3": null}, "geometry": {"type": "Point", "coordinates": [107.01890601900016, -6.184587899999883]}}, {"type": "Feature", "properties": {"admin_level": 4, "name": "Bale Kambang", "name1": null, "name2": null, "name3": null, "adm0_pcode": "ID", "adm0_name": "Indonesia", "valid_on": "2020-04-01", "valid_to": null, "area_sqkm": 1.68706535, "version": "v01", "lang": "en", "lang1": null, "lang2": null, "lang3": null, "y_coord": -6.2810859, "x_coord": 106.85200686, "adm1_pcode": "ID31", "adm1_name": "Dki Jakarta", "adm1_name1": null, "adm1_name2": null, "adm1_name3": null, "adm2_pcode": "ID3172", "adm2_name": "Kota Jakarta Timur", "adm2_name1": null, "adm2_name2": null, "adm2_name3": null, "adm3_pcode": "ID3172050", "adm3_name": "Kramat Jati", "adm3_name1": null, "adm3_name2": null, "adm3_name3": null, "adm4_pcode": "ID3172050001", "adm4_name": "Bale Kambang", "adm4_name1": null, "adm4_name2": null, "adm4_name3": null}, "geometry": {"type": "Point", "coordinates": [106.85200685900008, -6.281085899999823]}}, {"type": "Feature", "properties": {"admin_level": 4, "name": "Bali Mester", "name1": null, "name2": null, "name3": null, "adm0_pcode": "ID", "adm0_name": "Indonesia", "valid_on": "2020-04-01", "valid_to": null, "area_sqkm": 0.67410962, "version": "v01", "lang": "en", "lang1": null, "lang2": null, "lang3": null, "y_coord": -6.2193, "x_coord": 106.86650816, "adm1_pcode": "ID31", "adm1_name": "Dki Jakarta", "adm1_name1": null, "adm1_name2": null, "adm1_name3": null, "adm2_pcode": "ID3172", "adm2_name": "Kota Jakarta Timur", "adm2_name1": null, "adm2_name2": null, "adm2_name3": null, "adm3_pcode": "ID3172060", "adm3_name": "Jatinegara", "adm3_name1": null, "adm3_name2": null, "adm3_name3": null, "adm4_pcode": "ID3172060007", "adm4_name": "Bali Mester", "adm4_name1": null, "adm4_name2": null, "adm4_name3": null}, "geometry": {"type": "Point", "coordinates": [106.86650816300016, -6.2193]}}, {"type": "Feature", "properties": {"admin_level": 4, "name": "Bambu Apus", "name1": null, "name2": null, "name3": null, "adm0_pcode": "ID", "adm0_name": "Indonesia", "valid_on": "2020-04-01", "valid_to": null, "area_sqkm": 3.35253494, "version": "v01", "lang": "en", "lang1": null, "lang2": null, "lang3": null, "y_coord": -6.3137962, "x_coord": 106.90005196, "adm1_pcode": "ID31", "adm1_name": "Dki Jakarta", "adm1_name1": null, "adm1_name2": null, "adm1_name3": null, "adm2_pcode": "ID3172", "adm2_name": "Kota Jakarta Timur", "adm2_name1": null, "adm2_name2": null, "adm2_name3": null, "adm3_pcode": "ID3172030", "adm3_name": "Cipayung", "adm3_name1": null, "adm3_name2": null, "adm3_name3": null, "adm4_pcode": "ID3172030006", "adm4_name": "Bambu Apus", "adm4_name1": null, "adm4_name2": null, "adm4_name3": null}, "geometry": {"type": "Point", "coordinates": [106.900051959, -6.313796199999899]}}, {"type": "Feature", "properties": {"admin_level": 4, "name": "Bangka", "name1": null, "name2": null, "name3": null, "adm0_pcode": "ID", "adm0_name": "Indonesia", "valid_on": "2020-04-01", "valid_to": null, "area_sqkm": 3.16105133, "version": "v01", "lang": "en", "lang1": null, "lang2": null, "lang3": null, "y_coord": -6.2640848, "x_coord": 106.81929872, "adm1_pcode": "ID31", "adm1_name": "Dki Jakarta", "adm1_name1": null, "adm1_name2": null, "adm1_name3": null, "adm2_pcode": "ID3171", "adm2_name": "Kota Jakarta Selatan", "adm2_name1": null, "adm2_name2": null, "adm2_name3": null, "adm3_pcode": "ID3171070", "adm3_name": "Mampang Prapatan", "adm3_name1": null, "adm3_name2": null, "adm3_name3": null, "adm4_pcode": "ID3171070001", "adm4_name": "Bangka", "adm4_name1": null, "adm4_name2": null, "adm4_name3": null}, "geometry": {"type": "Point", "coordinates": [106.81929871800014, -6.264084799999921]}}, {"type": "Feature", "properties": {"admin_level": 4, "name": "Bantargebang", "name1": null, "name2": null, "name3": null, "adm0_pcode": "ID", "adm0_name": "Indonesia", "valid_on": "2020-04-01", "valid_to": null, "area_sqkm": 4.05966191, "version": "v01", "lang": "en", "lang1": null, "lang2": null, "lang3": null, "y_coord": -6.3185873, "x_coord": 106.98225184, "adm1_pcode": "ID32", "adm1_name": "Jawa Barat", "adm1_name1": null, "adm1_name2": null, "adm1_name3": null, "adm2_pcode": "ID3275", "adm2_name": "Kota Bekasi", "adm2_name1": null, "adm2_name2": null, "adm2_name3": null, "adm3_pcode": "ID3275030", "adm3_name": "Bantargebang", "adm3_name1": null, "adm3_name2": null, "adm3_name3": null, "adm4_pcode": "ID3275030004", "adm4_name": "Bantargebang", "adm4_name1": null, "adm4_name2": null, "adm4_name3": null}, "geometry": {"type": "Point", "coordinates": [106.98225183900013, -6.318587299999933]}}, {"type": "Feature", "properties": {"admin_level": 4, "name": "Baru", "name1": null, "name2": null, "name3": null, "adm0_pcode": "ID", "adm0_name": "Indonesia", "valid_on": "2020-04-01", "valid_to": null, "area_sqkm": 1.88061921, "version": "v01", "lang": "en", "lang1": null, "lang2": null, "lang3": null, "y_coord": -6.3232903, "x_coord": 106.84670853, "adm1_pcode": "ID31", "adm1_name": "Dki Jakarta", "adm1_name1": null, "adm1_name2": null, "adm1_name3": null, "adm2_pcode": "ID3172", "adm2_name": "Kota Jakarta Timur", "adm2_name1": null, "adm2_name2": null, "adm2_name3": null, "adm3_pcode": "ID3172010", "adm3_name": "Pasar Rebo", "adm3_name1": null, "adm3_name2": null, "adm3_name3": null, "adm4_pcode": "ID3172010003", "adm4_name": "Baru", "adm4_name1": null, "adm4_name2": null, "adm4_name3": null}, "geometry": {"type": "Point", "coordinates": [106.84670853400019, -6.32329029999994]}}, {"type": "Feature", "properties": {"admin_level": 4, "name": "Batu Ampar", "name1": null, "name2": null, "name3": null, "adm0_pcode": "ID", "adm0_name": "Indonesia", "valid_on": "2020-04-01", "valid_to": null, "area_sqkm": 2.47639583, "version": "v01", "lang": "en", "lang1": null, "lang2": null, "lang3": null, "y_coord": -6.28039845, "x_coord": 106.86159586, "adm1_pcode": "ID31", "adm1_name": "Dki Jakarta", "adm1_name1": null, "adm1_name2": null, "adm1_name3": null, "adm2_pcode": "ID3172", "adm2_name": "Kota Jakarta Timur", "adm2_name1": null, "adm2_name2": null, "adm2_name3": null, "adm3_pcode": "ID3172050", "adm3_name": "Kramat Jati", "adm3_name1": null, "adm3_name2": null, "adm3_name3": null, "adm4_pcode": "ID3172050002", "adm4_name": "Batu Ampar", "adm4_name1": null, "adm4_name2": null, "adm4_name3": null}, "geometry": {"type": "Point", "coordinates": [106.86159585600006, -6.28039844999995]}}, {"type": "Feature", "properties": {"admin_level": 4, "name": "Bekasi Jaya", "name1": null, "name2": null, "name3": null, "adm0_pcode": "ID", "adm0_name": "Indonesia", "valid_on": "2020-04-01", "valid_to": null, "area_sqkm": 3.538317, "version": "v01", "lang": "en", "lang1": null, "lang2": null, "lang3": null, "y_coord": -6.2347917, "x_coord": 107.00997114, "adm1_pcode": "ID32", "adm1_name": "Jawa Barat", "adm1_name1": null, "adm1_name2": null, "adm1_name3": null, "adm2_pcode": "ID3275", "adm2_name": "Kota Bekasi", "adm2_name1": null, "adm2_name2": null, "adm2_name3": null, "adm3_pcode": "ID3275040", "adm3_name": "Bekasi Timur", "adm3_name1": null, "adm3_name2": null, "adm3_name3": null, "adm4_pcode": "ID3275040006", "adm4_name": "Bekasi Jaya", "adm4_name1": null, "adm4_name2": null, "adm4_name3": null}, "geometry": {"type": "Point", "coordinates": [107.0099711430002, -6.23479169999996]}}, {"type": "Feature", "properties": {"admin_level": 4, "name": "Bendungan Hilir", "name1": null, "name2": null, "name3": null, "adm0_pcode": "ID", "adm0_name": "Indonesia", "valid_on": "2020-04-01", "valid_to": null, "area_sqkm": 1.58423064, "version": "v01", "lang": "en", "lang1": null, "lang2": null, "lang3": null, "y_coord": -6.20881275, "x_coord": 106.80840778, "adm1_pcode": "ID31", "adm1_name": "Dki Jakarta", "adm1_name1": null, "adm1_name2": null, "adm1_name3": null, "adm2_pcode": "ID3173", "adm2_name": "Kota Jakarta Pusat", "adm2_name1": null, "adm2_name2": null, "adm2_name3": null, "adm3_pcode": "ID3173010", "adm3_name": "Tanah Abang", "adm3_name1": null, "adm3_name2": null, "adm3_name3": null, "adm4_pcode": "ID3173010002", "adm4_name": "Bendungan Hilir", "adm4_name1": null, "adm4_name2": null, "adm4_name3": null}, "geometry": {"type": "Point", "coordinates": [106.8084077760002, -6.208812749999936]}}, {"type": "Feature", "properties": {"admin_level": 4, "name": "Bidara Cina", "name1": null, "name2": null, "name3": null, "adm0_pcode": "ID", "adm0_name": "Indonesia", "valid_on": "2020-04-01", "valid_to": null, "area_sqkm": 1.25840892, "version": "v01", "lang": "en", "lang1": null, "lang2": null, "lang3": null, "y_coord": -6.23448355, "x_coord": 106.86808108, "adm1_pcode": "ID31", "adm1_name": "Dki Jakarta", "adm1_name1": null, "adm1_name2": null, "adm1_name3": null, "adm2_pcode": "ID3172", "adm2_name": "Kota Jakarta Timur", "adm2_name1": null, "adm2_name2": null, "adm2_name3": null, "adm3_pcode": "ID3172060", "adm3_name": "Jatinegara", "adm3_name1": null, "adm3_name2": null, "adm3_name3": null, "adm4_pcode": "ID3172060001", "adm4_name": "Bidara Cina", "adm4_name1": null, "adm4_name2": null, "adm4_name3": null}, "geometry": {"type": "Point", "coordinates": [106.86808107900009, -6.234483549999936]}}, {"type": "Feature", "properties": {"admin_level": 4, "name": "Bintara", "name1": null, "name2": null, "name3": null, "adm0_pcode": "ID", "adm0_name": "Indonesia", "valid_on": "2020-04-01", "valid_to": null, "area_sqkm": 3.49589278, "version": "v01", "lang": "en", "lang1": null, "lang2": null, "lang3": null, "y_coord": -6.22730445, "x_coord": 106.95827378, "adm1_pcode": "ID32", "adm1_name": "Jawa Barat", "adm1_name1": null, "adm1_name2": null, "adm1_name3": null, "adm2_pcode": "ID3275", "adm2_name": "Kota Bekasi", "adm2_name1": null, "adm2_name2": null, "adm2_name3": null, "adm3_pcode": "ID3275060", "adm3_name": "Bekasi Barat", "adm3_name1": null, "adm3_name2": null, "adm3_name3": null, "adm4_pcode": "ID3275060002", "adm4_name": "Bintara", "adm4_name1": null, "adm4_name2": null, "adm4_name3": null}, "geometry": {"type": "Point", "coordinates": [106.95827378400008, -6.227304449999963]}}, {"type": "Feature", "properties": {"admin_level": 4, "name": "Bintara Jaya", "name1": null, "name2": null, "name3": null, "adm0_pcode": "ID", "adm0_name": "Indonesia", "valid_on": "2020-04-01", "valid_to": null, "area_sqkm": 2.59512678, "version": "v01", "lang": "en", "lang1": null, "lang2": null, "lang3": null, "y_coord": -6.24016175, "x_coord": 106.950885, "adm1_pcode": "ID32", "adm1_name": "Jawa Barat", "adm1_name1": null, "adm1_name2": null, "adm1_name3": null, "adm2_pcode": "ID3275", "adm2_name": "Kota Bekasi", "adm2_name1": null, "adm2_name2": null, "adm2_name3": null, "adm3_pcode": "ID3275060", "adm3_name": "Bekasi Barat", "adm3_name1": null, "adm3_name2": null, "adm3_name3": null, "adm4_pcode": "ID3275060001", "adm4_name": "Bintara Jaya", "adm4_name1": null, "adm4_name2": null, "adm4_name3": null}, "geometry": {"type": "Point", "coordinates": [106.9508850000002, -6.240161749999913]}}, {"type": "Feature", "properties": {"admin_level": 4, "name": "Bintaro", "name1": null, "name2": null, "name3": null, "adm0_pcode": "ID", "adm0_name": "Indonesia", "valid_on": "2020-04-01", "valid_to": null, "area_sqkm": 4.61225131, "version": "v01", "lang": "en", "lang1": null, "lang2": null, "lang3": null, "y_coord": -6.27225, "x_coord": 106.761147, "adm1_pcode": "ID31", "adm1_name": "Dki Jakarta", "adm1_name1": null, "adm1_name2": null, "adm1_name3": null, "adm2_pcode": "ID3171", "adm2_name": "Kota Jakarta Selatan", "adm2_name1": null, "adm2_name2": null, "adm2_name3": null, "adm3_pcode": "ID3171040", "adm3_name": "Pesanggrahan", "adm3_name1": null, "adm3_name2": null, "adm3_name3": null, "adm4_pcode": "ID3171040001", "adm4_name": "Bintaro", "adm4_name1": null, "adm4_name2": null, "adm4_name3": null}, "geometry": {"type": "Point", "coordinates": [106.76114700300019, -6.272249999999872]}}, {"type": "Feature", "properties": {"admin_level": 4, "name": "Bojong Kulur", "name1": null, "name2": null, "name3": null, "adm0_pcode": "ID", "adm0_name": "Indonesia", "valid_on": "2020-04-01", "valid_to": null, "area_sqkm": 5.21177973, "version": "v01", "lang": "en", "lang1": null, "lang2": null, "lang3": null, "y_coord": -6.32024295, "x_coord": 106.96915955, "adm1_pcode": "ID32", "adm1_name": "Jawa Barat", "adm1_name1": null, "adm1_name2": null, "adm1_name3": null, "adm2_pcode": "ID3201", "adm2_name": "Bogor", "adm2_name1": null, "adm2_name2": null, "adm2_name3": null, "adm3_pcode": "ID3201190", "adm3_name": "Gunung Putri", "adm3_name1": null, "adm3_name2": null, "adm3_name3": null, "adm4_pcode": "ID3201190010", "adm4_name": "Bojong Kulur", "adm4_name1": null, "adm4_name2": null, "adm4_name3": null}, "geometry": {"type": "Point", "coordinates": [106.96915955300011, -6.320242949999965]}}, {"type": "Feature", "properties": {"admin_level": 4, "name": "Bojong Menteng", "name1": null, "name2": null, "name3": null, "adm0_pcode": "ID", "adm0_name": "Indonesia", "valid_on": "2020-04-01", "valid_to": null, "area_sqkm": 3.90833147, "version": "v01", "lang": "en", "lang1": null, "lang2": null, "lang3": null, "y_coord": -6.29734975, "x_coord": 106.9861048, "adm1_pcode": "ID32", "adm1_name": "Jawa Barat", "adm1_name1": null, "adm1_name2": null, "adm1_name3": null, "adm2_pcode": "ID3275", "adm2_name": "Kota Bekasi", "adm2_name1": null, "adm2_name2": null, "adm2_name3": null, "adm3_pcode": "ID3275041", "adm3_name": "Rawalumbu", "adm3_name1": null, "adm3_name2": null, "adm3_name3": null, "adm4_pcode": "ID3275041001", "adm4_name": "Bojong Menteng", "adm4_name1": null, "adm4_name2": null, "adm4_name3": null}, "geometry": {"type": "Point", "coordinates": [106.98610479600018, -6.29734974999991]}}, {"type": "Feature", "properties": {"admin_level": 4, "name": "Bojong Rawalumbu", "name1": null, "name2": null, "name3": null, "adm0_pcode": "ID", "adm0_name": "Indonesia", "valid_on": "2020-04-01", "valid_to": null, "area_sqkm": 6.37201805, "version": "v01", "lang": "en", "lang1": null, "lang2": null, "lang3": null, "y_coord": -6.28080675, "x_coord": 106.99254356, "adm1_pcode": "ID32", "adm1_name": "Jawa Barat", "adm1_name1": null, "adm1_name2": null, "adm1_name3": null, "adm2_pcode": "ID3275", "adm2_name": "Kota Bekasi", "adm2_name1": null, "adm2_name2": null, "adm2_name3": null, "adm3_pcode": "ID3275041", "adm3_name": "Rawalumbu", "adm3_name1": null, "adm3_name2": null, "adm3_name3": null, "adm4_pcode": "ID3275041002", "adm4_name": "Bojong Rawalumbu", "adm4_name1": null, "adm4_name2": null, "adm4_name3": null}, "geometry": {"type": "Point", "coordinates": [106.99254355500011, -6.280806749999897]}}, {"type": "Feature", "properties": {"admin_level": 4, "name": "Bukit Duri", "name1": null, "name2": null, "name3": null, "adm0_pcode": "ID", "adm0_name": "Indonesia", "valid_on": "2020-04-01", "valid_to": null, "area_sqkm": 1.07673975, "version": "v01", "lang": "en", "lang1": null, "lang2": null, "lang3": null, "y_coord": -6.2203766, "x_coord": 106.85650912, "adm1_pcode": "ID31", "adm1_name": "Dki Jakarta", "adm1_name1": null, "adm1_name2": null, "adm1_name3": null, "adm2_pcode": "ID3171", "adm2_name": "Kota Jakarta Selatan", "adm2_name1": null, "adm2_name2": null, "adm2_name3": null, "adm3_pcode": "ID3171090", "adm3_name": "Tebet", "adm3_name1": null, "adm3_name2": null, "adm3_name3": null, "adm4_pcode": "ID3171090005", "adm4_name": "Bukit Duri", "adm4_name1": null, "adm4_name2": null, "adm4_name3": null}, "geometry": {"type": "Point", "coordinates": [106.85650912400018, -6.220376599999895]}}, {"type": "Feature", "properties": {"admin_level": 4, "name": "Bungur", "name1": null, "name2": null, "name3": null, "adm0_pcode": "ID", "adm0_name": "Indonesia", "valid_on": "2020-04-01", "valid_to": null, "area_sqkm": 0.66089532, "version": "v01", "lang": "en", "lang1": null, "lang2": null, "lang3": null, "y_coord": -6.1717331, "x_coord": 106.84783173, "adm1_pcode": "ID31", "adm1_name": "Dki Jakarta", "adm1_name1": null, "adm1_name2": null, "adm1_name3": null, "adm2_pcode": "ID3173", "adm2_name": "Kota Jakarta Pusat", "adm2_name1": null, "adm2_name2": null, "adm2_name3": null, "adm3_pcode": "ID3173030", "adm3_name": "Senen", "adm3_name1": null, "adm3_name2": null, "adm3_name3": null, "adm4_pcode": "ID3173030006", "adm4_name": "Bungur", "adm4_name1": null, "adm4_name2": null, "adm4_name3": null}, "geometry": {"type": "Point", "coordinates": [106.84783173400018, -6.171733099999869]}}, {"type": "Feature", "properties": {"admin_level": 4, "name": "Bunibakti", "name1": null, "name2": null, "name3": null, "adm0_pcode": "ID", "adm0_name": "Indonesia", "valid_on": "2020-04-01", "valid_to": null, "area_sqkm": 7.49699226, "version": "v01", "lang": "en", "lang1": null, "lang2": null, "lang3": null, "y_coord": -6.10656, "x_coord": 107.03811011, "adm1_pcode": "ID32", "adm1_name": "Jawa Barat", "adm1_name1": null, "adm1_name2": null, "adm1_name3": null, "adm2_pcode": "ID3216", "adm2_name": "Bekasi", "adm2_name1": null, "adm2_name2": null, "adm2_name3": null, "adm3_pcode": "ID3216090", "adm3_name": "Babelan", "adm3_name1": null, "adm3_name2": null, "adm3_name3": null, "adm4_pcode": "ID3216090006", "adm4_name": "Bunibakti", "adm4_name1": null, "adm4_name2": null, "adm4_name3": null}, "geometry": {"type": "Point", "coordinates": [107.03811011500017, -6.10656]}}, {"type": "Feature", "properties": {"admin_level": 4, "name": "Cakung Barat", "name1": null, "name2": null, "name3": null, "adm0_pcode": "ID", "adm0_name": "Indonesia", "valid_on": "2020-04-01", "valid_to": null, "area_sqkm": 6.0366158, "version": "v01", "lang": "en", "lang1": null, "lang2": null, "lang3": null, "y_coord": -6.172365, "x_coord": 106.93437467, "adm1_pcode": "ID31", "adm1_name": "Dki Jakarta", "adm1_name1": null, "adm1_name2": null, "adm1_name3": null, "adm2_pcode": "ID3172", "adm2_name": "Kota Jakarta Timur", "adm2_name1": null, "adm2_name2": null, "adm2_name3": null, "adm3_pcode": "ID3172080", "adm3_name": "Cakung", "adm3_name1": null, "adm3_name2": null, "adm3_name3": null, "adm4_pcode": "ID3172080006", "adm4_name": "Cakung Barat", "adm4_name1": null, "adm4_name2": null, "adm4_name3": null}, "geometry": {"type": "Point", "coordinates": [106.93437466700004, -6.172365]}}, {"type": "Feature", "properties": {"admin_level": 4, "name": "Cakung Timur", "name1": null, "name2": null, "name3": null, "adm0_pcode": "ID", "adm0_name": "Indonesia", "valid_on": "2020-04-01", "valid_to": null, "area_sqkm": 8.85106472, "version": "v01", "lang": "en", "lang1": null, "lang2": null, "lang3": null, "y_coord": -6.17399, "x_coord": 106.95302656, "adm1_pcode": "ID31", "adm1_name": "Dki Jakarta", "adm1_name1": null, "adm1_name2": null, "adm1_name3": null, "adm2_pcode": "ID3172", "adm2_name": "Kota Jakarta Timur", "adm2_name1": null, "adm2_name2": null, "adm2_name3": null, "adm3_pcode": "ID3172080", "adm3_name": "Cakung", "adm3_name1": null, "adm3_name2": null, "adm3_name3": null, "adm4_pcode": "ID3172080005", "adm4_name": "Cakung Timur", "adm4_name1": null, "adm4_name2": null, "adm4_name3": null}, "geometry": {"type": "Point", "coordinates": [106.95302655800009, -6.17399]}}, {"type": "Feature", "properties": {"admin_level": 4, "name": "Cawang", "name1": null, "name2": null, "name3": null, "adm0_pcode": "ID", "adm0_name": "Indonesia", "valid_on": "2020-04-01", "valid_to": null, "area_sqkm": 1.97510779, "version": "v01", "lang": "en", "lang1": null, "lang2": null, "lang3": null, "y_coord": -6.2507656, "x_coord": 106.86827352, "adm1_pcode": "ID31", "adm1_name": "Dki Jakarta", "adm1_name1": null, "adm1_name2": null, "adm1_name3": null, "adm2_pcode": "ID3172", "adm2_name": "Kota Jakarta Timur", "adm2_name1": null, "adm2_name2": null, "adm2_name3": null, "adm3_pcode": "ID3172050", "adm3_name": "Kramat Jati", "adm3_name1": null, "adm3_name2": null, "adm3_name3": null, "adm4_pcode": "ID3172050007", "adm4_name": "Cawang", "adm4_name1": null, "adm4_name2": null, "adm4_name3": null}, "geometry": {"type": "Point", "coordinates": [106.86827351800014, -6.250765599999966]}}, {"type": "Feature", "properties": {"admin_level": 4, "name": "Ceger", "name1": null, "name2": null, "name3": null, "adm0_pcode": "ID", "adm0_name": "Indonesia", "valid_on": "2020-04-01", "valid_to": null, "area_sqkm": 3.17768126, "version": "v01", "lang": "en", "lang1": null, "lang2": null, "lang3": null, "y_coord": -6.3106177, "x_coord": 106.88974582, "adm1_pcode": "ID31", "adm1_name": "Dki Jakarta", "adm1_name1": null, "adm1_name2": null, "adm1_name3": null, "adm2_pcode": "ID3172", "adm2_name": "Kota Jakarta Timur", "adm2_name1": null, "adm2_name2": null, "adm2_name3": null, "adm3_pcode": "ID3172030", "adm3_name": "Cipayung", "adm3_name1": null, "adm3_name2": null, "adm3_name3": null, "adm4_pcode": "ID3172030007", "adm4_name": "Ceger", "adm4_name1": null, "adm4_name2": null, "adm4_name3": null}, "geometry": {"type": "Point", "coordinates": [106.8897458190001, -6.310617699999909]}}, {"type": "Feature", "properties": {"admin_level": 4, "name": "Cempaka Baru", "name1": null, "name2": null, "name3": null, "adm0_pcode": "ID", "adm0_name": "Indonesia", "valid_on": "2020-04-01", "valid_to": null, "area_sqkm": 0.96378622, "version": "v01", "lang": "en", "lang1": null, "lang2": null, "lang3": null, "y_coord": -6.16791, "x_coord": 106.86525023, "adm1_pcode": "ID31", "adm1_name": "Dki Jakarta", "adm1_name1": null, "adm1_name2": null, "adm1_name3": null, "adm2_pcode": "ID3173", "adm2_name": "Kota Jakarta Pusat", "adm2_name1": null, "adm2_name2": null, "adm2_name3": null, "adm3_pcode": "ID3173060", "adm3_name": "Kemayoran", "adm3_name1": null, "adm3_name2": null, "adm3_name3": null, "adm4_pcode": "ID3173060002", "adm4_name": "Cempaka Baru", "adm4_name1": null, "adm4_name2": null, "adm4_name3": null}, "geometry": {"type": "Point", "coordinates": [106.86525022700016, -6.16791]}}, {"type": "Feature", "properties": {"admin_level": 4, "name": "Cempaka Putih", "name1": null, "name2": null, "name3": null, "adm0_pcode": "ID", "adm0_name": "Indonesia", "valid_on": "2020-04-01", "valid_to": null, "area_sqkm": 2.35198479, "version": "v01", "lang": "en", "lang1": null, "lang2": null, "lang3": null, "y_coord": -6.301945, "x_coord": 106.75431834, "adm1_pcode": "ID36", "adm1_name": "Banten", "adm1_name1": null, "adm1_name2": null, "adm1_name3": null, "adm2_pcode": "ID3674", "adm2_name": "Kota Tangerang Selatan", "adm2_name1": null, "adm2_name2": null, "adm2_name3": null, "adm3_pcode": "ID3674050", "adm3_name": "Ciputat Timur", "adm3_name1": null, "adm3_name2": null, "adm3_name3": null, "adm4_pcode": "ID3674050003", "adm4_name": "Cempaka Putih", "adm4_name1": null, "adm4_name2": null, "adm4_name3": null}, "geometry": {"type": "Point", "coordinates": [106.75431834100004, -6.301944999999876]}}, {"type": "Feature", "properties": {"admin_level": 4, "name": "Cempaka Putih Barat", "name1": null, "name2": null, "name3": null, "adm0_pcode": "ID", "adm0_name": "Indonesia", "valid_on": "2020-04-01", "valid_to": null, "area_sqkm": 1.2514756, "version": "v01", "lang": "en", "lang1": null, "lang2": null, "lang3": null, "y_coord": -6.179555, "x_coord": 106.86291352, "adm1_pcode": "ID31", "adm1_name": "Dki Jakarta", "adm1_name1": null, "adm1_name2": null, "adm1_name3": null, "adm2_pcode": "ID3173", "adm2_name": "Kota Jakarta Pusat", "adm2_name1": null, "adm2_name2": null, "adm2_name3": null, "adm3_pcode": "ID3173050", "adm3_name": "Cempaka Putih", "adm3_name1": null, "adm3_name2": null, "adm3_name3": null, "adm4_pcode": "ID3173050003", "adm4_name": "Cempaka Putih Barat", "adm4_name1": null, "adm4_name2": null, "adm4_name3": null}, "geometry": {"type": "Point", "coordinates": [106.86291351500012, -6.179555]}}, {"type": "Feature", "properties": {"admin_level": 4, "name": "Cempaka Putih Timur", "name1": null, "name2": null, "name3": null, "adm0_pcode": "ID", "adm0_name": "Indonesia", "valid_on": "2020-04-01", "valid_to": null, "area_sqkm": 2.17538775, "version": "v01", "lang": "en", "lang1": null, "lang2": null, "lang3": null, "y_coord": -6.17732165, "x_coord": 106.87027252, "adm1_pcode": "ID31", "adm1_name": "Dki Jakarta", "adm1_name1": null, "adm1_name2": null, "adm1_name3": null, "adm2_pcode": "ID3173", "adm2_name": "Kota Jakarta Pusat", "adm2_name1": null, "adm2_name2": null, "adm2_name3": null, "adm3_pcode": "ID3173050", "adm3_name": "Cempaka Putih", "adm3_name1": null, "adm3_name2": null, "adm3_name3": null, "adm4_pcode": "ID3173050002", "adm4_name": "Cempaka Putih Timur", "adm4_name1": null, "adm4_name2": null, "adm4_name3": null}, "geometry": {"type": "Point", "coordinates": [106.87027251800015, -6.177321649999897]}}, {"type": "Feature", "properties": {"admin_level": 4, "name": "Cideng", "name1": null, "name2": null, "name3": null, "adm0_pcode": "ID", "adm0_name": "Indonesia", "valid_on": "2020-04-01", "valid_to": null, "area_sqkm": 1.25329634, "version": "v01", "lang": "en", "lang1": null, "lang2": null, "lang3": null, "y_coord": -6.17523885, "x_coord": 106.80925749, "adm1_pcode": "ID31", "adm1_name": "Dki Jakarta", "adm1_name1": null, "adm1_name2": null, "adm1_name3": null, "adm2_pcode": "ID3173", "adm2_name": "Kota Jakarta Pusat", "adm2_name1": null, "adm2_name2": null, "adm2_name3": null, "adm3_pcode": "ID3173080", "adm3_name": "Gambir", "adm3_name1": null, "adm3_name2": null, "adm3_name3": null, "adm4_pcode": "ID3173080001", "adm4_name": "Cideng", "adm4_name1": null, "adm4_name2": null, "adm4_name3": null}, "geometry": {"type": "Point", "coordinates": [106.8092574900001, -6.175238849999971]}}, {"type": "Feature", "properties": {"admin_level": 4, "name": "Cijantung", "name1": null, "name2": null, "name3": null, "adm0_pcode": "ID", "adm0_name": "Indonesia", "valid_on": "2020-04-01", "valid_to": null, "area_sqkm": 2.60610413, "version": "v01", "lang": "en", "lang1": null, "lang2": null, "lang3": null, "y_coord": -6.32205495, "x_coord": 106.85790854, "adm1_pcode": "ID31", "adm1_name": "Dki Jakarta", "adm1_name1": null, "adm1_name2": null, "adm1_name3": null, "adm2_pcode": "ID3172", "adm2_name": "Kota Jakarta Timur", "adm2_name1": null, "adm2_name2": null, "adm2_name3": null, "adm3_pcode": "ID3172010", "adm3_name": "Pasar Rebo", "adm3_name1": null, "adm3_name2": null, "adm3_name3": null, "adm4_pcode": "ID3172010004", "adm4_name": "Cijantung", "adm4_name1": null, "adm4_name2": null, "adm4_name3": null}, "geometry": {"type": "Point", "coordinates": [106.85790853700007, -6.322054949999881]}}, {"type": "Feature", "properties": {"admin_level": 4, "name": "Cijengkol", "name1": null, "name2": null, "name3": null, "adm0_pcode": "ID", "adm0_name": "Indonesia", "valid_on": "2020-04-01", "valid_to": null, "area_sqkm": 3.78041782, "version": "v01", "lang": "en", "lang1": null, "lang2": null, "lang3": null, "y_coord": -6.32183285, "x_coord": 107.04038091, "adm1_pcode": "ID32", "adm1_name": "Jawa Barat", "adm1_name1": null, "adm1_name2": null, "adm1_name3": null, "adm2_pcode": "ID3216", "adm2_name": "Bekasi", "adm2_name1": null, "adm2_name2": null, "adm2_name3": null, "adm3_pcode": "ID3216010", "adm3_name": "Setu", "adm3_name1": null, "adm3_name2": null, "adm3_name3": null, "adm4_pcode": "ID3216010012", "adm4_name": "Cijengkol", "adm4_name1": null, "adm4_name2": null, "adm4_name3": null}, "geometry": {"type": "Point", "coordinates": [107.04038091300009, -6.321832849999964]}}, {"type": "Feature", "properties": {"admin_level": 4, "name": "Cikini", "name1": null, "name2": null, "name3": null, "adm0_pcode": "ID", "adm0_name": "Indonesia", "valid_on": "2020-04-01", "valid_to": null, "area_sqkm": 0.78885222, "version": "v01", "lang": "en", "lang1": null, "lang2": null, "lang3": null, "y_coord": -6.19209, "x_coord": 106.84079136, "adm1_pcode": "ID31", "adm1_name": "Dki Jakarta", "adm1_name1": null, "adm1_name2": null, "adm1_name3": null, "adm2_pcode": "ID3173", "adm2_name": "Kota Jakarta Pusat", "adm2_name1": null, "adm2_name2": null, "adm2_name3": null, "adm3_pcode": "ID3173020", "adm3_name": "Menteng", "adm3_name1": null, "adm3_name2": null, "adm3_name3": null, "adm4_pcode": "ID3173020003", "adm4_name": "Cikini", "adm4_name1": null, "adm4_name2": null, "adm4_name3": null}, "geometry": {"type": "Point", "coordinates": [106.84079136100007, -6.19209]}}, {"type": "Feature", "properties": {"admin_level": 4, "name": "Cikoko", "name1": null, "name2": null, "name3": null, "adm0_pcode": "ID", "adm0_name": "Indonesia", "valid_on": "2020-04-01", "valid_to": null, "area_sqkm": 0.69243397, "version": "v01", "lang": "en", "lang1": null, "lang2": null, "lang3": null, "y_coord": -6.24525555, "x_coord": 106.8544067, "adm1_pcode": "ID31", "adm1_name": "Dki Jakarta", "adm1_name1": null, "adm1_name2": null, "adm1_name3": null, "adm2_pcode": "ID3171", "adm2_name": "Kota Jakarta Selatan", "adm2_name1": null, "adm2_name2": null, "adm2_name3": null, "adm3_pcode": "ID3171080", "adm3_name": "Pancoran", "adm3_name1": null, "adm3_name2": null, "adm3_name3": null, "adm4_pcode": "ID3171080006", "adm4_name": "Cikoko", "adm4_name1": null, "adm4_name2": null, "adm4_name3": null}, "geometry": {"type": "Point", "coordinates": [106.85440670000014, -6.245255549999854]}}, {"type": "Feature", "properties": {"admin_level": 4, "name": "Cilandak Barat", "name1": null, "name2": null, "name3": null, "adm0_pcode": "ID", "adm0_name": "Indonesia", "valid_on": "2020-04-01", "valid_to": null, "area_sqkm": 5.868797, "version": "v01", "lang": "en", "lang1": null, "lang2": null, "lang3": null, "y_coord": -6.29035, "x_coord": 106.79610019, "adm1_pcode": "ID31", "adm1_name": "Dki Jakarta", "adm1_name1": null, "adm1_name2": null, "adm1_name3": null, "adm2_pcode": "ID3171", "adm2_name": "Kota Jakarta Selatan", "adm2_name1": null, "adm2_name2": null, "adm2_name3": null, "adm3_pcode": "ID3171030", "adm3_name": "Cilandak", "adm3_name1": null, "adm3_name2": null, "adm3_name3": null, "adm4_pcode": "ID3171030003", "adm4_name": "Cilandak Barat", "adm4_name1": null, "adm4_name2": null, "adm4_name3": null}, "geometry": {"type": "Point", "coordinates": [106.79610019400002, -6.29035]}}, {"type": "Feature", "properties": {"admin_level": 4, "name": "Cilandak Timur", "name1": null, "name2": null, "name3": null, "adm0_pcode": "ID", "adm0_name": "Indonesia", "valid_on": "2020-04-01", "valid_to": null, "area_sqkm": 3.83940566, "version": "v01", "lang": "en", "lang1": null, "lang2": null, "lang3": null, "y_coord": -6.29222, "x_coord": 106.81112258, "adm1_pcode": "ID31", "adm1_name": "Dki Jakarta", "adm1_name1": null, "adm1_name2": null, "adm1_name3": null, "adm2_pcode": "ID3171", "adm2_name": "Kota Jakarta Selatan", "adm2_name1": null, "adm2_name2": null, "adm2_name3": null, "adm3_pcode": "ID3171020", "adm3_name": "Pasar Minggu", "adm3_name1": null, "adm3_name2": null, "adm3_name3": null, "adm4_pcode": "ID3171020001", "adm4_name": "Cilandak Timur", "adm4_name1": null, "adm4_name2": null, "adm4_name3": null}, "geometry": {"type": "Point", "coordinates": [106.81112258200011, -6.29222]}}, {"type": "Feature", "properties": {"admin_level": 4, "name": "Cililitan", "name1": null, "name2": null, "name3": null, "adm0_pcode": "ID", "adm0_name": "Indonesia", "valid_on": "2020-04-01", "valid_to": null, "area_sqkm": 1.75441453, "version": "v01", "lang": "en", "lang1": null, "lang2": null, "lang3": null, "y_coord": -6.26230835, "x_coord": 106.86621282, "adm1_pcode": "ID31", "adm1_name": "Dki Jakarta", "adm1_name1": null, "adm1_name2": null, "adm1_name3": null, "adm2_pcode": "ID3172", "adm2_name": "Kota Jakarta Timur", "adm2_name1": null, "adm2_name2": null, "adm2_name3": null, "adm3_pcode": "ID3172050", "adm3_name": "Kramat Jati", "adm3_name1": null, "adm3_name2": null, "adm3_name3": null, "adm4_pcode": "ID3172050006", "adm4_name": "Cililitan", "adm4_name1": null, "adm4_name2": null, "adm4_name3": null}, "geometry": {"type": "Point", "coordinates": [106.86621282200014, -6.262308349999955]}}, {"type": "Feature", "properties": {"admin_level": 4, "name": "Cilincing", "name1": null, "name2": null, "name3": null, "adm0_pcode": "ID", "adm0_name": "Indonesia", "valid_on": "2020-04-01", "valid_to": null, "area_sqkm": 7.00293222, "version": "v01", "lang": "en", "lang1": null, "lang2": null, "lang3": null, "y_coord": -6.11483235, "x_coord": 106.94090619, "adm1_pcode": "ID31", "adm1_name": "Dki Jakarta", "adm1_name1": null, "adm1_name2": null, "adm1_name3": null, "adm2_pcode": "ID3175", "adm2_name": "Kota Jakarta Utara", "adm2_name1": null, "adm2_name2": null, "adm2_name3": null, "adm3_pcode": "ID3175060", "adm3_name": "Cilincing", "adm3_name1": null, "adm3_name2": null, "adm3_name3": null, "adm4_pcode": "ID3175060004", "adm4_name": "Cilincing", "adm4_name1": null, "adm4_name2": null, "adm4_name3": null}, "geometry": {"type": "Point", "coordinates": [106.94090619100007, -6.114832349999972]}}, {"type": "Feature", "properties": {"admin_level": 4, "name": "Cimuning", "name1": null, "name2": null, "name3": null, "adm0_pcode": "ID", "adm0_name": "Indonesia", "valid_on": "2020-04-01", "valid_to": null, "area_sqkm": 5.61289034, "version": "v01", "lang": "en", "lang1": null, "lang2": null, "lang3": null, "y_coord": -6.3225645, "x_coord": 107.02542245, "adm1_pcode": "ID32", "adm1_name": "Jawa Barat", "adm1_name1": null, "adm1_name2": null, "adm1_name3": null, "adm2_pcode": "ID3275", "adm2_name": "Kota Bekasi", "adm2_name1": null, "adm2_name2": null, "adm2_name3": null, "adm3_pcode": "ID3275031", "adm3_name": "Mustikajaya", "adm3_name1": null, "adm3_name2": null, "adm3_name3": null, "adm4_pcode": "ID3275031002", "adm4_name": "Cimuning", "adm4_name1": null, "adm4_name2": null, "adm4_name3": null}, "geometry": {"type": "Point", "coordinates": [107.02542245400008, -6.322564499999942]}}, {"type": "Feature", "properties": {"admin_level": 4, "name": "Cipayung", "name1": null, "name2": null, "name3": null, "adm0_pcode": "ID", "adm0_name": "Indonesia", "valid_on": "2020-04-01", "valid_to": null, "area_sqkm": 2.81679484, "version": "v01", "lang": "en", "lang1": null, "lang2": null, "lang3": null, "y_coord": -6.3264747, "x_coord": 106.75159597, "adm1_pcode": "ID36", "adm1_name": "Banten", "adm1_name1": null, "adm1_name2": null, "adm1_name3": null, "adm2_pcode": "ID3674", "adm2_name": "Kota Tangerang Selatan", "adm2_name1": null, "adm2_name2": null, "adm2_name3": null, "adm3_pcode": "ID3674040", "adm3_name": "Ciputat", "adm3_name1": null, "adm3_name2": null, "adm3_name3": null, "adm4_pcode": "ID3674040007", "adm4_name": "Cipayung", "adm4_name1": null, "adm4_name2": null, "adm4_name3": null}, "geometry": {"type": "Point", "coordinates": [106.75159597200013, -6.326474699999892]}}, {"type": "Feature", "properties": {"admin_level": 4, "name": "Cipete Selatan", "name1": null, "name2": null, "name3": null, "adm0_pcode": "ID", "adm0_name": "Indonesia", "valid_on": "2020-04-01", "valid_to": null, "area_sqkm": 2.37753869, "version": "v01", "lang": "en", "lang1": null, "lang2": null, "lang3": null, "y_coord": -6.2727, "x_coord": 106.80571905, "adm1_pcode": "ID31", "adm1_name": "Dki Jakarta", "adm1_name1": null, "adm1_name2": null, "adm1_name3": null, "adm2_pcode": "ID3171", "adm2_name": "Kota Jakarta Selatan", "adm2_name1": null, "adm2_name2": null, "adm2_name3": null, "adm3_pcode": "ID3171030", "adm3_name": "Cilandak", "adm3_name1": null, "adm3_name2": null, "adm3_name3": null, "adm4_pcode": "ID3171030005", "adm4_name": "Cipete Selatan", "adm4_name1": null, "adm4_name2": null, "adm4_name3": null}, "geometry": {"type": "Point", "coordinates": [106.80571904800013, -6.272699999999816]}}, {"type": "Feature", "properties": {"admin_level": 4, "name": "Cipete Utara", "name1": null, "name2": null, "name3": null, "adm0_pcode": "ID", "adm0_name": "Indonesia", "valid_on": "2020-04-01", "valid_to": null, "area_sqkm": 1.71941237, "version": "v01", "lang": "en", "lang1": null, "lang2": null, "lang3": null, "y_coord": -6.26109465, "x_coord": 106.8040744, "adm1_pcode": "ID31", "adm1_name": "Dki Jakarta", "adm1_name1": null, "adm1_name2": null, "adm1_name3": null, "adm2_pcode": "ID3171", "adm2_name": "Kota Jakarta Selatan", "adm2_name1": null, "adm2_name2": null, "adm2_name3": null, "adm3_pcode": "ID3171060", "adm3_name": "Kebayoran Baru", "adm3_name1": null, "adm3_name2": null, "adm3_name3": null, "adm4_pcode": "ID3171060002", "adm4_name": "Cipete Utara", "adm4_name1": null, "adm4_name2": null, "adm4_name3": null}, "geometry": {"type": "Point", "coordinates": [106.80407439600009, -6.261094649999961]}}, {"type": "Feature", "properties": {"admin_level": 4, "name": "Cipinang", "name1": null, "name2": null, "name3": null, "adm0_pcode": "ID", "adm0_name": "Indonesia", "valid_on": "2020-04-01", "valid_to": null, "area_sqkm": 1.52001546, "version": "v01", "lang": "en", "lang1": null, "lang2": null, "lang3": null, "y_coord": -6.207975, "x_coord": 106.89084982, "adm1_pcode": "ID31", "adm1_name": "Dki Jakarta", "adm1_name1": null, "adm1_name2": null, "adm1_name3": null, "adm2_pcode": "ID3172", "adm2_name": "Kota Jakarta Timur", "adm2_name1": null, "adm2_name2": null, "adm2_name3": null, "adm3_pcode": "ID3172090", "adm3_name": "Pulo Gadung", "adm3_name1": null, "adm3_name2": null, "adm3_name3": null, "adm4_pcode": "ID3172090002", "adm4_name": "Cipinang", "adm4_name1": null, "adm4_name2": null, "adm4_name3": null}, "geometry": {"type": "Point", "coordinates": [106.89084982100013, -6.207975]}}, {"type": "Feature", "properties": {"admin_level": 4, "name": "Cipinang Besar Selatan", "name1": null, "name2": null, "name3": null, "adm0_pcode": "ID", "adm0_name": "Indonesia", "valid_on": "2020-04-01", "valid_to": null, "area_sqkm": 1.72422902, "version": "v01", "lang": "en", "lang1": null, "lang2": null, "lang3": null, "y_coord": -6.22867555, "x_coord": 106.87935091, "adm1_pcode": "ID31", "adm1_name": "Dki Jakarta", "adm1_name1": null, "adm1_name2": null, "adm1_name3": null, "adm2_pcode": "ID3172", "adm2_name": "Kota Jakarta Timur", "adm2_name1": null, "adm2_name2": null, "adm2_name3": null, "adm3_pcode": "ID3172060", "adm3_name": "Jatinegara", "adm3_name1": null, "adm3_name2": null, "adm3_name3": null, "adm4_pcode": "ID3172060003", "adm4_name": "Cipinang Besar Selatan", "adm4_name1": null, "adm4_name2": null, "adm4_name3": null}, "geometry": {"type": "Point", "coordinates": [106.87935090700017, -6.228675549999878]}}, {"type": "Feature", "properties": {"admin_level": 4, "name": "Cipinang Besar Utara", "name1": null, "name2": null, "name3": null, "adm0_pcode": "ID", "adm0_name": "Indonesia", "valid_on": "2020-04-01", "valid_to": null, "area_sqkm": 1.0936729, "version": "v01", "lang": "en", "lang1": null, "lang2": null, "lang3": null, "y_coord": -6.220205, "x_coord": 106.87815519, "adm1_pcode": "ID31", "adm1_name": "Dki Jakarta", "adm1_name1": null, "adm1_name2": null, "adm1_name3": null, "adm2_pcode": "ID3172", "adm2_name": "Kota Jakarta Timur", "adm2_name1": null, "adm2_name2": null, "adm2_name3": null, "adm3_pcode": "ID3172060", "adm3_name": "Jatinegara", "adm3_name1": null, "adm3_name2": null, "adm3_name3": null, "adm4_pcode": "ID3172060005", "adm4_name": "Cipinang Besar Utara", "adm4_name1": null, "adm4_name2": null, "adm4_name3": null}, "geometry": {"type": "Point", "coordinates": [106.87815519100013, -6.220205]}}, {"type": "Feature", "properties": {"admin_level": 4, "name": "Cipinang Cempedak", "name1": null, "name2": null, "name3": null, "adm0_pcode": "ID", "adm0_name": "Indonesia", "valid_on": "2020-04-01", "valid_to": null, "area_sqkm": 1.6682475, "version": "v01", "lang": "en", "lang1": null, "lang2": null, "lang3": null, "y_coord": -6.236405, "x_coord": 106.87368994, "adm1_pcode": "ID31", "adm1_name": "Dki Jakarta", "adm1_name1": null, "adm1_name2": null, "adm1_name3": null, "adm2_pcode": "ID3172", "adm2_name": "Kota Jakarta Timur", "adm2_name1": null, "adm2_name2": null, "adm2_name3": null, "adm3_pcode": "ID3172060", "adm3_name": "Jatinegara", "adm3_name1": null, "adm3_name2": null, "adm3_name3": null, "adm4_pcode": "ID3172060002", "adm4_name": "Cipinang Cempedak", "adm4_name1": null, "adm4_name2": null, "adm4_name3": null}, "geometry": {"type": "Point", "coordinates": [106.8736899380001, -6.236405]}}, {"type": "Feature", "properties": {"admin_level": 4, "name": "Cipinang Melayu", "name1": null, "name2": null, "name3": null, "adm0_pcode": "ID", "adm0_name": "Indonesia", "valid_on": "2020-04-01", "valid_to": null, "area_sqkm": 2.53599281, "version": "v01", "lang": "en", "lang1": null, "lang2": null, "lang3": null, "y_coord": -6.2497565, "x_coord": 106.91126078, "adm1_pcode": "ID31", "adm1_name": "Dki Jakarta", "adm1_name1": null, "adm1_name2": null, "adm1_name3": null, "adm2_pcode": "ID3172", "adm2_name": "Kota Jakarta Timur", "adm2_name1": null, "adm2_name2": null, "adm2_name3": null, "adm3_pcode": "ID3172040", "adm3_name": "Makasar", "adm3_name1": null, "adm3_name2": null, "adm3_name3": null, "adm4_pcode": "ID3172040005", "adm4_name": "Cipinang Melayu", "adm4_name1": null, "adm4_name2": null, "adm4_name3": null}, "geometry": {"type": "Point", "coordinates": [106.91126078000008, -6.249756499999933]}}, {"type": "Feature", "properties": {"admin_level": 4, "name": "Cipinang Muara", "name1": null, "name2": null, "name3": null, "adm0_pcode": "ID", "adm0_name": "Indonesia", "valid_on": "2020-04-01", "valid_to": null, "area_sqkm": 2.6434725, "version": "v01", "lang": "en", "lang1": null, "lang2": null, "lang3": null, "y_coord": -6.226515, "x_coord": 106.88837035, "adm1_pcode": "ID31", "adm1_name": "Dki Jakarta", "adm1_name1": null, "adm1_name2": null, "adm1_name3": null, "adm2_pcode": "ID3172", "adm2_name": "Kota Jakarta Timur", "adm2_name1": null, "adm2_name2": null, "adm2_name3": null, "adm3_pcode": "ID3172060", "adm3_name": "Jatinegara", "adm3_name1": null, "adm3_name2": null, "adm3_name3": null, "adm4_pcode": "ID3172060004", "adm4_name": "Cipinang Muara", "adm4_name1": null, "adm4_name2": null, "adm4_name3": null}, "geometry": {"type": "Point", "coordinates": [106.88837034699998, -6.226514999999836]}}, {"type": "Feature", "properties": {"admin_level": 4, "name": "Cipulir", "name1": null, "name2": null, "name3": null, "adm0_pcode": "ID", "adm0_name": "Indonesia", "valid_on": "2020-04-01", "valid_to": null, "area_sqkm": 1.68324014, "version": "v01", "lang": "en", "lang1": null, "lang2": null, "lang3": null, "y_coord": -6.2383, "x_coord": 106.77334776, "adm1_pcode": "ID31", "adm1_name": "Dki Jakarta", "adm1_name1": null, "adm1_name2": null, "adm1_name3": null, "adm2_pcode": "ID3171", "adm2_name": "Kota Jakarta Selatan", "adm2_name1": null, "adm2_name2": null, "adm2_name3": null, "adm3_pcode": "ID3171050", "adm3_name": "Kebayoran Lama", "adm3_name1": null, "adm3_name2": null, "adm3_name3": null, "adm4_pcode": "ID3171050004", "adm4_name": "Cipulir", "adm4_name1": null, "adm4_name2": null, "adm4_name3": null}, "geometry": {"type": "Point", "coordinates": [106.77334775700018, -6.2383]}}, {"type": "Feature", "properties": {"admin_level": 4, "name": "Ciracas", "name1": null, "name2": null, "name3": null, "adm0_pcode": "ID", "adm0_name": "Indonesia", "valid_on": "2020-04-01", "valid_to": null, "area_sqkm": 3.98131109, "version": "v01", "lang": "en", "lang1": null, "lang2": null, "lang3": null, "y_coord": -6.32622, "x_coord": 106.87531705, "adm1_pcode": "ID31", "adm1_name": "Dki Jakarta", "adm1_name1": null, "adm1_name2": null, "adm1_name3": null, "adm2_pcode": "ID3172", "adm2_name": "Kota Jakarta Timur", "adm2_name1": null, "adm2_name2": null, "adm2_name3": null, "adm3_pcode": "ID3172020", "adm3_name": "Ciracas", "adm3_name1": null, "adm3_name2": null, "adm3_name3": null, "adm4_pcode": "ID3172020003", "adm4_name": "Ciracas", "adm4_name1": null, "adm4_name2": null, "adm4_name3": null}, "geometry": {"type": "Point", "coordinates": [106.87531705300017, -6.32622]}}, {"type": "Feature", "properties": {"admin_level": 4, "name": "Cireundeu", "name1": null, "name2": null, "name3": null, "adm0_pcode": "ID", "adm0_name": "Indonesia", "valid_on": "2020-04-01", "valid_to": null, "area_sqkm": 3.28074146, "version": "v01", "lang": "en", "lang1": null, "lang2": null, "lang3": null, "y_coord": -6.30401235, "x_coord": 106.76612498, "adm1_pcode": "ID36", "adm1_name": "Banten", "adm1_name1": null, "adm1_name2": null, "adm1_name3": null, "adm2_pcode": "ID3674", "adm2_name": "Kota Tangerang Selatan", "adm2_name1": null, "adm2_name2": null, "adm2_name3": null, "adm3_pcode": "ID3674050", "adm3_name": "Ciputat Timur", "adm3_name1": null, "adm3_name2": null, "adm3_name3": null, "adm4_pcode": "ID3674050002", "adm4_name": "Cireundeu", "adm4_name1": null, "adm4_name2": null, "adm4_name3": null}, "geometry": {"type": "Point", "coordinates": [106.76612497500014, -6.30401234999988]}}, {"type": "Feature", "properties": {"admin_level": 4, "name": "Danau Sunter", "name1": null, "name2": null, "name3": null, "adm0_pcode": "ID", "adm0_name": "Indonesia", "valid_on": "2020-04-01", "valid_to": null, "area_sqkm": 0.14728103, "version": "v01", "lang": "en", "lang1": null, "lang2": null, "lang3": null, "y_coord": -6.1513653, "x_coord": 106.85812415, "adm1_pcode": "ID31", "adm1_name": "Dki Jakarta", "adm1_name1": null, "adm1_name2": null, "adm1_name3": null, "adm2_pcode": "ID3175", "adm2_name": "Kota Jakarta Utara", "adm2_name1": null, "adm2_name2": null, "adm2_name3": null, "adm3_pcode": "ID3175888", "adm3_name": "Danau Sunter", "adm3_name1": null, "adm3_name2": null, "adm3_name3": null, "adm4_pcode": "ID3175888888", "adm4_name": "Danau Sunter", "adm4_name1": null, "adm4_name2": null, "adm4_name3": null}, "geometry": {"type": "Point", "coordinates": [106.85812415400005, -6.151365299999952]}}, {"type": "Feature", "properties": {"admin_level": 4, "name": "Danau Sunter Dll", "name1": null, "name2": null, "name3": null, "adm0_pcode": "ID", "adm0_name": "Indonesia", "valid_on": "2020-04-01", "valid_to": null, "area_sqkm": 0.50052296, "version": "v01", "lang": "en", "lang1": null, "lang2": null, "lang3": null, "y_coord": -6.1495025, "x_coord": 106.84737959, "adm1_pcode": "ID31", "adm1_name": "Dki Jakarta", "adm1_name1": null, "adm1_name2": null, "adm1_name3": null, "adm2_pcode": "ID3175", "adm2_name": "Kota Jakarta Utara", "adm2_name1": null, "adm2_name2": null, "adm2_name3": null, "adm3_pcode": "ID3175555", "adm3_name": "Danau Sunter Dll", "adm3_name1": null, "adm3_name2": null, "adm3_name3": null, "adm4_pcode": "ID3175555888", "adm4_name": "Danau Sunter Dll", "adm4_name1": null, "adm4_name2": null, "adm4_name3": null}, "geometry": {"type": "Point", "coordinates": [106.84737958699998, -6.149502499999926]}}, {"type": "Feature", "properties": {"admin_level": 4, "name": "Dukuh", "name1": null, "name2": null, "name3": null, "adm0_pcode": "ID", "adm0_name": "Indonesia", "valid_on": "2020-04-01", "valid_to": null, "area_sqkm": 1.69196388, "version": "v01", "lang": "en", "lang1": null, "lang2": null, "lang3": null, "y_coord": -6.295535, "x_coord": 106.87816593, "adm1_pcode": "ID31", "adm1_name": "Dki Jakarta", "adm1_name1": null, "adm1_name2": null, "adm1_name3": null, "adm2_pcode": "ID3172", "adm2_name": "Kota Jakarta Timur", "adm2_name1": null, "adm2_name2": null, "adm2_name3": null, "adm3_pcode": "ID3172050", "adm3_name": "Kramat Jati", "adm3_name1": null, "adm3_name2": null, "adm3_name3": null, "adm4_pcode": "ID3172050004", "adm4_name": "Dukuh", "adm4_name1": null, "adm4_name2": null, "adm4_name3": null}, "geometry": {"type": "Point", "coordinates": [106.87816593300016, -6.295534999999859]}}, {"type": "Feature", "properties": {"admin_level": 4, "name": "Duren Jaya", "name1": null, "name2": null, "name3": null, "adm0_pcode": "ID", "adm0_name": "Indonesia", "valid_on": "2020-04-01", "valid_to": null, "area_sqkm": 3.63507485, "version": "v01", "lang": "en", "lang1": null, "lang2": null, "lang3": null, "y_coord": -6.23772205, "x_coord": 107.0223411, "adm1_pcode": "ID32", "adm1_name": "Jawa Barat", "adm1_name1": null, "adm1_name2": null, "adm1_name3": null, "adm2_pcode": "ID3275", "adm2_name": "Kota Bekasi", "adm2_name1": null, "adm2_name2": null, "adm2_name3": null, "adm3_pcode": "ID3275040", "adm3_name": "Bekasi Timur", "adm3_name1": null, "adm3_name2": null, "adm3_name3": null, "adm4_pcode": "ID3275040007", "adm4_name": "Duren Jaya", "adm4_name1": null, "adm4_name2": null, "adm4_name3": null}, "geometry": {"type": "Point", "coordinates": [107.02234109900013, -6.237722049999945]}}, {"type": "Feature", "properties": {"admin_level": 4, "name": "Duren Sawit", "name1": null, "name2": null, "name3": null, "adm0_pcode": "ID", "adm0_name": "Indonesia", "valid_on": "2020-04-01", "valid_to": null, "area_sqkm": 4.50104404, "version": "v01", "lang": "en", "lang1": null, "lang2": null, "lang3": null, "y_coord": -6.23441, "x_coord": 106.91722725, "adm1_pcode": "ID31", "adm1_name": "Dki Jakarta", "adm1_name1": null, "adm1_name2": null, "adm1_name3": null, "adm2_pcode": "ID3172", "adm2_name": "Kota Jakarta Timur", "adm2_name1": null, "adm2_name2": null, "adm2_name3": null, "adm3_pcode": "ID3172070", "adm3_name": "Duren Sawit", "adm3_name1": null, "adm3_name2": null, "adm3_name3": null, "adm4_pcode": "ID3172070002", "adm4_name": "Duren Sawit", "adm4_name1": null, "adm4_name2": null, "adm4_name3": null}, "geometry": {"type": "Point", "coordinates": [106.91722725000011, -6.23441]}}, {"type": "Feature", "properties": {"admin_level": 4, "name": "Duren Tiga", "name1": null, "name2": null, "name3": null, "adm0_pcode": "ID", "adm0_name": "Indonesia", "valid_on": "2020-04-01", "valid_to": null, "area_sqkm": 1.98818518, "version": "v01", "lang": "en", "lang1": null, "lang2": null, "lang3": null, "y_coord": -6.2561101, "x_coord": 106.83389221, "adm1_pcode": "ID31", "adm1_name": "Dki Jakarta", "adm1_name1": null, "adm1_name2": null, "adm1_name3": null, "adm2_pcode": "ID3171", "adm2_name": "Kota Jakarta Selatan", "adm2_name1": null, "adm2_name2": null, "adm2_name3": null, "adm3_pcode": "ID3171080", "adm3_name": "Pancoran", "adm3_name1": null, "adm3_name2": null, "adm3_name3": null, "adm4_pcode": "ID3171080003", "adm4_name": "Duren Tiga", "adm4_name1": null, "adm4_name2": null, "adm4_name3": null}, "geometry": {"type": "Point", "coordinates": [106.83389220900011, -6.256110099999944]}}, {"type": "Feature", "properties": {"admin_level": 4, "name": "Duri Kepa", "name1": null, "name2": null, "name3": null, "adm0_pcode": "ID", "adm0_name": "Indonesia", "valid_on": "2020-04-01", "valid_to": null, "area_sqkm": 3.69428697, "version": "v01", "lang": "en", "lang1": null, "lang2": null, "lang3": null, "y_coord": -6.1763276, "x_coord": 106.77364055, "adm1_pcode": "ID31", "adm1_name": "Dki Jakarta", "adm1_name1": null, "adm1_name2": null, "adm1_name3": null, "adm2_pcode": "ID3174", "adm2_name": "Kota Jakarta Barat", "adm2_name1": null, "adm2_name2": null, "adm2_name3": null, "adm3_pcode": "ID3174020", "adm3_name": "Kebon Jeruk", "adm3_name1": null, "adm3_name2": null, "adm3_name3": null, "adm4_pcode": "ID3174020005", "adm4_name": "Duri Kepa", "adm4_name1": null, "adm4_name2": null, "adm4_name3": null}, "geometry": {"type": "Point", "coordinates": [106.77364055200013, -6.176327599999979]}}, {"type": "Feature", "properties": {"admin_level": 4, "name": "Duri Pulo", "name1": null, "name2": null, "name3": null, "adm0_pcode": "ID", "adm0_name": "Indonesia", "valid_on": "2020-04-01", "valid_to": null, "area_sqkm": 0.68468346, "version": "v01", "lang": "en", "lang1": null, "lang2": null, "lang3": null, "y_coord": -6.16219725, "x_coord": 106.80456367, "adm1_pcode": "ID31", "adm1_name": "Dki Jakarta", "adm1_name1": null, "adm1_name2": null, "adm1_name3": null, "adm2_pcode": "ID3173", "adm2_name": "Kota Jakarta Pusat", "adm2_name1": null, "adm2_name2": null, "adm2_name3": null, "adm3_pcode": "ID3173080", "adm3_name": "Gambir", "adm3_name1": null, "adm3_name2": null, "adm3_name3": null, "adm4_pcode": "ID3173080006", "adm4_name": "Duri Pulo", "adm4_name1": null, "adm4_name2": null, "adm4_name3": null}, "geometry": {"type": "Point", "coordinates": [106.80456367100015, -6.162197249999963]}}, {"type": "Feature", "properties": {"admin_level": 4, "name": "Duri Selatan", "name1": null, "name2": null, "name3": null, "adm0_pcode": "ID", "adm0_name": "Indonesia", "valid_on": "2020-04-01", "valid_to": null, "area_sqkm": 0.3821664, "version": "v01", "lang": "en", "lang1": null, "lang2": null, "lang3": null, "y_coord": -6.15919, "x_coord": 106.80484429, "adm1_pcode": "ID31", "adm1_name": "Dki Jakarta", "adm1_name1": null, "adm1_name2": null, "adm1_name3": null, "adm2_pcode": "ID3174", "adm2_name": "Kota Jakarta Barat", "adm2_name1": null, "adm2_name2": null, "adm2_name3": null, "adm3_pcode": "ID3174050", "adm3_name": "Tambora", "adm3_name1": null, "adm3_name2": null, "adm3_name3": null, "adm4_pcode": "ID3174050002", "adm4_name": "Duri Selatan", "adm4_name1": null, "adm4_name2": null, "adm4_name3": null}, "geometry": {"type": "Point", "coordinates": [106.8048442880002, -6.15919]}}, {"type": "Feature", "properties": {"admin_level": 4, "name": "Duri Utara", "name1": null, "name2": null, "name3": null, "adm0_pcode": "ID", "adm0_name": "Indonesia", "valid_on": "2020-04-01", "valid_to": null, "area_sqkm": 0.36833327, "version": "v01", "lang": "en", "lang1": null, "lang2": null, "lang3": null, "y_coord": -6.154255, "x_coord": 106.80460429, "adm1_pcode": "ID31", "adm1_name": "Dki Jakarta", "adm1_name1": null, "adm1_name2": null, "adm1_name3": null, "adm2_pcode": "ID3174", "adm2_name": "Kota Jakarta Barat", "adm2_name1": null, "adm2_name2": null, "adm2_name3": null, "adm3_pcode": "ID3174050", "adm3_name": "Tambora", "adm3_name1": null, "adm3_name2": null, "adm3_name3": null, "adm4_pcode": "ID3174050004", "adm4_name": "Duri Utara", "adm4_name1": null, "adm4_name2": null, "adm4_name3": null}, "geometry": {"type": "Point", "coordinates": [106.80460428600009, -6.154255]}}, {"type": "Feature", "properties": {"admin_level": 4, "name": "Galur", "name1": null, "name2": null, "name3": null, "adm0_pcode": "ID", "adm0_name": "Indonesia", "valid_on": "2020-04-01", "valid_to": null, "area_sqkm": 0.28275802, "version": "v01", "lang": "en", "lang1": null, "lang2": null, "lang3": null, "y_coord": -6.17608915, "x_coord": 106.85506691, "adm1_pcode": "ID31", "adm1_name": "Dki Jakarta", "adm1_name1": null, "adm1_name2": null, "adm1_name3": null, "adm2_pcode": "ID3173", "adm2_name": "Kota Jakarta Pusat", "adm2_name1": null, "adm2_name2": null, "adm2_name3": null, "adm3_pcode": "ID3173040", "adm3_name": "Johar Baru", "adm3_name1": null, "adm3_name2": null, "adm3_name3": null, "adm4_pcode": "ID3173040004", "adm4_name": "Galur", "adm4_name1": null, "adm4_name2": null, "adm4_name3": null}, "geometry": {"type": "Point", "coordinates": [106.85506691, -6.176089149999882]}}, {"type": "Feature", "properties": {"admin_level": 4, "name": "Gambir", "name1": null, "name2": null, "name3": null, "adm0_pcode": "ID", "adm0_name": "Indonesia", "valid_on": "2020-04-01", "valid_to": null, "area_sqkm": 2.52712445, "version": "v01", "lang": "en", "lang1": null, "lang2": null, "lang3": null, "y_coord": -6.17529, "x_coord": 106.82635972, "adm1_pcode": "ID31", "adm1_name": "Dki Jakarta", "adm1_name1": null, "adm1_name2": null, "adm1_name3": null, "adm2_pcode": "ID3173", "adm2_name": "Kota Jakarta Pusat", "adm2_name1": null, "adm2_name2": null, "adm2_name3": null, "adm3_pcode": "ID3173080", "adm3_name": "Gambir", "adm3_name1": null, "adm3_name2": null, "adm3_name3": null, "adm4_pcode": "ID3173080003", "adm4_name": "Gambir", "adm4_name1": null, "adm4_name2": null, "adm4_name3": null}, "geometry": {"type": "Point", "coordinates": [106.82635972200012, -6.175289999999848]}}, {"type": "Feature", "properties": {"admin_level": 4, "name": "Gandaria Selatan", "name1": null, "name2": null, "name3": null, "adm0_pcode": "ID", "adm0_name": "Indonesia", "valid_on": "2020-04-01", "valid_to": null, "area_sqkm": 1.59965338, "version": "v01", "lang": "en", "lang1": null, "lang2": null, "lang3": null, "y_coord": -6.2715351, "x_coord": 106.79441932, "adm1_pcode": "ID31", "adm1_name": "Dki Jakarta", "adm1_name1": null, "adm1_name2": null, "adm1_name3": null, "adm2_pcode": "ID3171", "adm2_name": "Kota Jakarta Selatan", "adm2_name1": null, "adm2_name2": null, "adm2_name3": null, "adm3_pcode": "ID3171030", "adm3_name": "Cilandak", "adm3_name1": null, "adm3_name2": null, "adm3_name3": null, "adm4_pcode": "ID3171030004", "adm4_name": "Gandaria Selatan", "adm4_name1": null, "adm4_name2": null, "adm4_name3": null}, "geometry": {"type": "Point", "coordinates": [106.79441931500014, -6.27153509999988]}}, {"type": "Feature", "properties": {"admin_level": 4, "name": "Gandaria Utara", "name1": null, "name2": null, "name3": null, "adm0_pcode": "ID", "adm0_name": "Indonesia", "valid_on": "2020-04-01", "valid_to": null, "area_sqkm": 1.54791172, "version": "v01", "lang": "en", "lang1": null, "lang2": null, "lang3": null, "y_coord": -6.256675, "x_coord": 106.79029675, "adm1_pcode": "ID31", "adm1_name": "Dki Jakarta", "adm1_name1": null, "adm1_name2": null, "adm1_name3": null, "adm2_pcode": "ID3171", "adm2_name": "Kota Jakarta Selatan", "adm2_name1": null, "adm2_name2": null, "adm2_name3": null, "adm3_pcode": "ID3171060", "adm3_name": "Kebayoran Baru", "adm3_name1": null, "adm3_name2": null, "adm3_name3": null, "adm4_pcode": "ID3171060001", "adm4_name": "Gandaria Utara", "adm4_name1": null, "adm4_name2": null, "adm4_name3": null}, "geometry": {"type": "Point", "coordinates": [106.79029674500009, -6.256674999999859]}}, {"type": "Feature", "properties": {"admin_level": 4, "name": "Gedong", "name1": null, "name2": null, "name3": null, "adm0_pcode": "ID", "adm0_name": "Indonesia", "valid_on": "2020-04-01", "valid_to": null, "area_sqkm": 2.5154213, "version": "v01", "lang": "en", "lang1": null, "lang2": null, "lang3": null, "y_coord": -6.3031693, "x_coord": 106.86070942, "adm1_pcode": "ID31", "adm1_name": "Dki Jakarta", "adm1_name1": null, "adm1_name2": null, "adm1_name3": null, "adm2_pcode": "ID3172", "adm2_name": "Kota Jakarta Timur", "adm2_name1": null, "adm2_name2": null, "adm2_name3": null, "adm3_pcode": "ID3172010", "adm3_name": "Pasar Rebo", "adm3_name1": null, "adm3_name2": null, "adm3_name3": null, "adm4_pcode": "ID3172010005", "adm4_name": "Gedong", "adm4_name1": null, "adm4_name2": null, "adm4_name3": null}, "geometry": {"type": "Point", "coordinates": [106.86070941600008, -6.303169299999922]}}, {"type": "Feature", "properties": {"admin_level": 4, "name": "Gelora", "name1": null, "name2": null, "name3": null, "adm0_pcode": "ID", "adm0_name": "Indonesia", "valid_on": "2020-04-01", "valid_to": null, "area_sqkm": 3.33815697, "version": "v01", "lang": "en", "lang1": null, "lang2": null, "lang3": null, "y_coord": -6.2154319, "x_coord": 106.80291718, "adm1_pcode": "ID31", "adm1_name": "Dki Jakarta", "adm1_name1": null, "adm1_name2": null, "adm1_name3": null, "adm2_pcode": "ID3173", "adm2_name": "Kota Jakarta Pusat", "adm2_name1": null, "adm2_name2": null, "adm2_name3": null, "adm3_pcode": "ID3173010", "adm3_name": "Tanah Abang", "adm3_name1": null, "adm3_name2": null, "adm3_name3": null, "adm4_pcode": "ID3173010001", "adm4_name": "Gelora", "adm4_name1": null, "adm4_name2": null, "adm4_name3": null}, "geometry": {"type": "Point", "coordinates": [106.80291717600011, -6.215431899999942]}}, {"type": "Feature", "properties": {"admin_level": 4, "name": "Glodok", "name1": null, "name2": null, "name3": null, "adm0_pcode": "ID", "adm0_name": "Indonesia", "valid_on": "2020-04-01", "valid_to": null, "area_sqkm": 0.36551882, "version": "v01", "lang": "en", "lang1": null, "lang2": null, "lang3": null, "y_coord": -6.144725, "x_coord": 106.81303815, "adm1_pcode": "ID31", "adm1_name": "Dki Jakarta", "adm1_name1": null, "adm1_name2": null, "adm1_name3": null, "adm2_pcode": "ID3174", "adm2_name": "Kota Jakarta Barat", "adm2_name1": null, "adm2_name2": null, "adm2_name3": null, "adm3_pcode": "ID3174060", "adm3_name": "Taman Sari", "adm3_name1": null, "adm3_name2": null, "adm3_name3": null, "adm4_pcode": "ID3174060007", "adm4_name": "Glodok", "adm4_name1": null, "adm4_name2": null, "adm4_name3": null}, "geometry": {"type": "Point", "coordinates": [106.81303814500006, -6.14472499999988]}}, {"type": "Feature", "properties": {"admin_level": 4, "name": "Gondangdia", "name1": null, "name2": null, "name3": null, "adm0_pcode": "ID", "adm0_name": "Indonesia", "valid_on": "2020-04-01", "valid_to": null, "area_sqkm": 1.47554228, "version": "v01", "lang": "en", "lang1": null, "lang2": null, "lang3": null, "y_coord": -6.19238, "x_coord": 106.82881396, "adm1_pcode": "ID31", "adm1_name": "Dki Jakarta", "adm1_name1": null, "adm1_name2": null, "adm1_name3": null, "adm2_pcode": "ID3173", "adm2_name": "Kota Jakarta Pusat", "adm2_name1": null, "adm2_name2": null, "adm2_name3": null, "adm3_pcode": "ID3173020", "adm3_name": "Menteng", "adm3_name1": null, "adm3_name2": null, "adm3_name3": null, "adm4_pcode": "ID3173020004", "adm4_name": "Gondangdia", "adm4_name1": null, "adm4_name2": null, "adm4_name3": null}, "geometry": {"type": "Point", "coordinates": [106.82881396000016, -6.19238]}}, {"type": "Feature", "properties": {"admin_level": 4, "name": "Grogol", "name1": null, "name2": null, "name3": null, "adm0_pcode": "ID", "adm0_name": "Indonesia", "valid_on": "2020-04-01", "valid_to": null, "area_sqkm": 1.06275843, "version": "v01", "lang": "en", "lang1": null, "lang2": null, "lang3": null, "y_coord": -6.159615, "x_coord": 106.79428, "adm1_pcode": "ID31", "adm1_name": "Dki Jakarta", "adm1_name1": null, "adm1_name2": null, "adm1_name3": null, "adm2_pcode": "ID3174", "adm2_name": "Kota Jakarta Barat", "adm2_name1": null, "adm2_name2": null, "adm2_name3": null, "adm3_pcode": "ID3174040", "adm3_name": "Grogol Petamburan", "adm3_name1": null, "adm3_name2": null, "adm3_name3": null, "adm4_pcode": "ID3174040004", "adm4_name": "Grogol", "adm4_name1": null, "adm4_name2": null, "adm4_name3": null}, "geometry": {"type": "Point", "coordinates": [106.79428, -6.159615]}}, {"type": "Feature", "properties": {"admin_level": 4, "name": "Grogol Selatan", "name1": null, "name2": null, "name3": null, "adm0_pcode": "ID", "adm0_name": "Indonesia", "valid_on": "2020-04-01", "valid_to": null, "area_sqkm": 2.96351559, "version": "v01", "lang": "en", "lang1": null, "lang2": null, "lang3": null, "y_coord": -6.2274941, "x_coord": 106.78009053, "adm1_pcode": "ID31", "adm1_name": "Dki Jakarta", "adm1_name1": null, "adm1_name2": null, "adm1_name3": null, "adm2_pcode": "ID3171", "adm2_name": "Kota Jakarta Selatan", "adm2_name1": null, "adm2_name2": null, "adm2_name3": null, "adm3_pcode": "ID3171050", "adm3_name": "Kebayoran Lama", "adm3_name1": null, "adm3_name2": null, "adm3_name3": null, "adm4_pcode": "ID3171050005", "adm4_name": "Grogol Selatan", "adm4_name1": null, "adm4_name2": null, "adm4_name3": null}, "geometry": {"type": "Point", "coordinates": [106.78009053400001, -6.227494099999944]}}, {"type": "Feature", "properties": {"admin_level": 4, "name": "Grogol Utara", "name1": null, "name2": null, "name3": null, "adm0_pcode": "ID", "adm0_name": "Indonesia", "valid_on": "2020-04-01", "valid_to": null, "area_sqkm": 3.22288836, "version": "v01", "lang": "en", "lang1": null, "lang2": null, "lang3": null, "y_coord": -6.2164892, "x_coord": 106.78659029, "adm1_pcode": "ID31", "adm1_name": "Dki Jakarta", "adm1_name1": null, "adm1_name2": null, "adm1_name3": null, "adm2_pcode": "ID3171", "adm2_name": "Kota Jakarta Selatan", "adm2_name1": null, "adm2_name2": null, "adm2_name3": null, "adm3_pcode": "ID3171050", "adm3_name": "Kebayoran Lama", "adm3_name1": null, "adm3_name2": null, "adm3_name3": null, "adm4_pcode": "ID3171050006", "adm4_name": "Grogol Utara", "adm4_name1": null, "adm4_name2": null, "adm4_name3": null}, "geometry": {"type": "Point", "coordinates": [106.78659028500005, -6.216489199999955]}}, {"type": "Feature", "properties": {"admin_level": 4, "name": "Guntur", "name1": null, "name2": null, "name3": null, "adm0_pcode": "ID", "adm0_name": "Indonesia", "valid_on": "2020-04-01", "valid_to": null, "area_sqkm": 0.55049432, "version": "v01", "lang": "en", "lang1": null, "lang2": null, "lang3": null, "y_coord": -6.20727535, "x_coord": 106.8338437, "adm1_pcode": "ID31", "adm1_name": "Dki Jakarta", "adm1_name1": null, "adm1_name2": null, "adm1_name3": null, "adm2_pcode": "ID3171", "adm2_name": "Kota Jakarta Selatan", "adm2_name1": null, "adm2_name2": null, "adm2_name3": null, "adm3_pcode": "ID3171100", "adm3_name": "Setia Budi", "adm3_name1": null, "adm3_name2": null, "adm3_name3": null, "adm4_pcode": "ID3171100007", "adm4_name": "Guntur", "adm4_name1": null, "adm4_name2": null, "adm4_name3": null}, "geometry": {"type": "Point", "coordinates": [106.83384370300001, -6.207275349999975]}}, {"type": "Feature", "properties": {"admin_level": 4, "name": "Gunung", "name1": null, "name2": null, "name3": null, "adm0_pcode": "ID", "adm0_name": "Indonesia", "valid_on": "2020-04-01", "valid_to": null, "area_sqkm": 1.41937182, "version": "v01", "lang": "en", "lang1": null, "lang2": null, "lang3": null, "y_coord": -6.23542, "x_coord": 106.79229879, "adm1_pcode": "ID31", "adm1_name": "Dki Jakarta", "adm1_name1": null, "adm1_name2": null, "adm1_name3": null, "adm2_pcode": "ID3171", "adm2_name": "Kota Jakarta Selatan", "adm2_name1": null, "adm2_name2": null, "adm2_name3": null, "adm3_pcode": "ID3171060", "adm3_name": "Kebayoran Baru", "adm3_name1": null, "adm3_name2": null, "adm3_name3": null, "adm4_pcode": "ID3171060007", "adm4_name": "Gunung", "adm4_name1": null, "adm4_name2": null, "adm4_name3": null}, "geometry": {"type": "Point", "coordinates": [106.79229879300004, -6.23542]}}, {"type": "Feature", "properties": {"admin_level": 4, "name": "Gunung Sahari Selatan", "name1": null, "name2": null, "name3": null, "adm0_pcode": "ID", "adm0_name": "Indonesia", "valid_on": "2020-04-01", "valid_to": null, "area_sqkm": 1.55351264, "version": "v01", "lang": "en", "lang1": null, "lang2": null, "lang3": null, "y_coord": -6.1624088, "x_coord": 106.84026935, "adm1_pcode": "ID31", "adm1_name": "Dki Jakarta", "adm1_name1": null, "adm1_name2": null, "adm1_name3": null, "adm2_pcode": "ID3173", "adm2_name": "Kota Jakarta Pusat", "adm2_name1": null, "adm2_name2": null, "adm2_name3": null, "adm3_pcode": "ID3173060", "adm3_name": "Kemayoran", "adm3_name1": null, "adm3_name2": null, "adm3_name3": null, "adm4_pcode": "ID3173060008", "adm4_name": "Gunung Sahari Selatan", "adm4_name1": null, "adm4_name2": null, "adm4_name3": null}, "geometry": {"type": "Point", "coordinates": [106.8402693450002, -6.162408799999866]}}, {"type": "Feature", "properties": {"admin_level": 4, "name": "Gunung Sahari Utara", "name1": null, "name2": null, "name3": null, "adm0_pcode": "ID", "adm0_name": "Indonesia", "valid_on": "2020-04-01", "valid_to": null, "area_sqkm": 1.30125666, "version": "v01", "lang": "en", "lang1": null, "lang2": null, "lang3": null, "y_coord": -6.1505118, "x_coord": 106.83814125, "adm1_pcode": "ID31", "adm1_name": "Dki Jakarta", "adm1_name1": null, "adm1_name2": null, "adm1_name3": null, "adm2_pcode": "ID3173", "adm2_name": "Kota Jakarta Pusat", "adm2_name1": null, "adm2_name2": null, "adm2_name3": null, "adm3_pcode": "ID3173070", "adm3_name": "Sawah Besar", "adm3_name1": null, "adm3_name2": null, "adm3_name3": null, "adm4_pcode": "ID3173070002", "adm4_name": "Gunung Sahari Utara", "adm4_name1": null, "adm4_name2": null, "adm4_name3": null}, "geometry": {"type": "Point", "coordinates": [106.83814125300017, -6.150511799999947]}}, {"type": "Feature", "properties": {"admin_level": 4, "name": "Halim Perdana Kusumah", "name1": null, "name2": null, "name3": null, "adm0_pcode": "ID", "adm0_name": "Indonesia", "valid_on": "2020-04-01", "valid_to": null, "area_sqkm": 12.85645951, "version": "v01", "lang": "en", "lang1": null, "lang2": null, "lang3": null, "y_coord": -6.26568, "x_coord": 106.89400567, "adm1_pcode": "ID31", "adm1_name": "Dki Jakarta", "adm1_name1": null, "adm1_name2": null, "adm1_name3": null, "adm2_pcode": "ID3172", "adm2_name": "Kota Jakarta Timur", "adm2_name1": null, "adm2_name2": null, "adm2_name3": null, "adm3_pcode": "ID3172040", "adm3_name": "Makasar", "adm3_name1": null, "adm3_name2": null, "adm3_name3": null, "adm4_pcode": "ID3172040004", "adm4_name": "Halim Perdana Kusumah", "adm4_name1": null, "adm4_name2": null, "adm4_name3": null}, "geometry": {"type": "Point", "coordinates": [106.89400567000007, -6.26568]}}, {"type": "Feature", "properties": {"admin_level": 4, "name": "Harapan Baru", "name1": null, "name2": null, "name3": null, "adm0_pcode": "ID", "adm0_name": "Indonesia", "valid_on": "2020-04-01", "valid_to": null, "area_sqkm": 2.49635323, "version": "v01", "lang": "en", "lang1": null, "lang2": null, "lang3": null, "y_coord": -6.2156356, "x_coord": 107.0161891, "adm1_pcode": "ID32", "adm1_name": "Jawa Barat", "adm1_name1": null, "adm1_name2": null, "adm1_name3": null, "adm2_pcode": "ID3275", "adm2_name": "Kota Bekasi", "adm2_name1": null, "adm2_name2": null, "adm2_name3": null, "adm3_pcode": "ID3275070", "adm3_name": "Bekasi Utara", "adm3_name1": null, "adm3_name2": null, "adm3_name3": null, "adm4_pcode": "ID3275070004", "adm4_name": "Harapan Baru", "adm4_name1": null, "adm4_name2": null, "adm4_name3": null}, "geometry": {"type": "Point", "coordinates": [107.01618909900003, -6.215635599999928]}}, {"type": "Feature", "properties": {"admin_level": 4, "name": "Harapan Jaya", "name1": null, "name2": null, "name3": null, "adm0_pcode": "ID", "adm0_name": "Indonesia", "valid_on": "2020-04-01", "valid_to": null, "area_sqkm": 4.99174512, "version": "v01", "lang": "en", "lang1": null, "lang2": null, "lang3": null, "y_coord": -6.2084284, "x_coord": 106.99042862, "adm1_pcode": "ID32", "adm1_name": "Jawa Barat", "adm1_name1": null, "adm1_name2": null, "adm1_name3": null, "adm2_pcode": "ID3275", "adm2_name": "Kota Bekasi", "adm2_name1": null, "adm2_name2": null, "adm2_name3": null, "adm3_pcode": "ID3275070", "adm3_name": "Bekasi Utara", "adm3_name1": null, "adm3_name2": null, "adm3_name3": null, "adm4_pcode": "ID3275070001", "adm4_name": "Harapan Jaya", "adm4_name1": null, "adm4_name2": null, "adm4_name3": null}, "geometry": {"type": "Point", "coordinates": [106.99042862100009, -6.208428399999946]}}, {"type": "Feature", "properties": {"admin_level": 4, "name": "Harapan Mulya", "name1": null, "name2": null, "name3": null, "adm0_pcode": "ID", "adm0_name": "Indonesia", "valid_on": "2020-04-01", "valid_to": null, "area_sqkm": 0.5279016, "version": "v01", "lang": "en", "lang1": null, "lang2": null, "lang3": null, "y_coord": -6.170015, "x_coord": 106.85573669, "adm1_pcode": "ID31", "adm1_name": "Dki Jakarta", "adm1_name1": null, "adm1_name2": null, "adm1_name3": null, "adm2_pcode": "ID3173", "adm2_name": "Kota Jakarta Pusat", "adm2_name1": null, "adm2_name2": null, "adm2_name3": null, "adm3_pcode": "ID3173060", "adm3_name": "Kemayoran", "adm3_name1": null, "adm3_name2": null, "adm3_name3": null, "adm4_pcode": "ID3173060001", "adm4_name": "Harapan Mulya", "adm4_name1": null, "adm4_name2": null, "adm4_name3": null}, "geometry": {"type": "Point", "coordinates": [106.855736686, -6.170015]}}, {"type": "Feature", "properties": {"admin_level": 4, "name": "Harapan Mulya", "name1": null, "name2": null, "name3": null, "adm0_pcode": "ID", "adm0_name": "Indonesia", "valid_on": "2020-04-01", "valid_to": null, "area_sqkm": 1.76349725, "version": "v01", "lang": "en", "lang1": null, "lang2": null, "lang3": null, "y_coord": -6.2274252, "x_coord": 106.98831506, "adm1_pcode": "ID32", "adm1_name": "Jawa Barat", "adm1_name1": null, "adm1_name2": null, "adm1_name3": null, "adm2_pcode": "ID3275", "adm2_name": "Kota Bekasi", "adm2_name1": null, "adm2_name2": null, "adm2_name3": null, "adm3_pcode": "ID3275061", "adm3_name": "Medan Satria", "adm3_name1": null, "adm3_name2": null, "adm3_name3": null, "adm4_pcode": "ID3275061001", "adm4_name": "Harapan Mulya", "adm4_name1": null, "adm4_name2": null, "adm4_name3": null}, "geometry": {"type": "Point", "coordinates": [106.98831505600009, -6.227425199999914]}}, {"type": "Feature", "properties": {"admin_level": 4, "name": "Huripjaya", "name1": null, "name2": null, "name3": null, "adm0_pcode": "ID", "adm0_name": "Indonesia", "valid_on": "2020-04-01", "valid_to": null, "area_sqkm": 11.42664384, "version": "v01", "lang": "en", "lang1": null, "lang2": null, "lang3": null, "y_coord": -6.0693911, "x_coord": 107.0319367, "adm1_pcode": "ID32", "adm1_name": "Jawa Barat", "adm1_name1": null, "adm1_name2": null, "adm1_name3": null, "adm2_pcode": "ID3216", "adm2_name": "Bekasi", "adm2_name1": null, "adm2_name2": null, "adm2_name3": null, "adm3_pcode": "ID3216090", "adm3_name": "Babelan", "adm3_name1": null, "adm3_name2": null, "adm3_name3": null, "adm4_pcode": "ID3216090009", "adm4_name": "Huripjaya", "adm4_name1": null, "adm4_name2": null, "adm4_name3": null}, "geometry": {"type": "Point", "coordinates": [107.03193669900003, -6.069391099999962]}}, {"type": "Feature", "properties": {"admin_level": 4, "name": "Jagakarsa", "name1": null, "name2": null, "name3": null, "adm0_pcode": "ID", "adm0_name": "Indonesia", "valid_on": "2020-04-01", "valid_to": null, "area_sqkm": 5.15941791, "version": "v01", "lang": "en", "lang1": null, "lang2": null, "lang3": null, "y_coord": -6.32427, "x_coord": 106.8191833, "adm1_pcode": "ID31", "adm1_name": "Dki Jakarta", "adm1_name1": null, "adm1_name2": null, "adm1_name3": null, "adm2_pcode": "ID3171", "adm2_name": "Kota Jakarta Selatan", "adm2_name1": null, "adm2_name2": null, "adm2_name3": null, "adm3_pcode": "ID3171010", "adm3_name": "Jagakarsa", "adm3_name1": null, "adm3_name2": null, "adm3_name3": null, "adm4_pcode": "ID3171010004", "adm4_name": "Jagakarsa", "adm4_name1": null, "adm4_name2": null, "adm4_name3": null}, "geometry": {"type": "Point", "coordinates": [106.8191833030001, -6.324269999999899]}}, {"type": "Feature", "properties": {"admin_level": 4, "name": "Jaka Mulya", "name1": null, "name2": null, "name3": null, "adm0_pcode": "ID", "adm0_name": "Indonesia", "valid_on": "2020-04-01", "valid_to": null, "area_sqkm": 3.12064468, "version": "v01", "lang": "en", "lang1": null, "lang2": null, "lang3": null, "y_coord": -6.2681662, "x_coord": 106.96067508, "adm1_pcode": "ID32", "adm1_name": "Jawa Barat", "adm1_name1": null, "adm1_name2": null, "adm1_name3": null, "adm2_pcode": "ID3275", "adm2_name": "Kota Bekasi", "adm2_name1": null, "adm2_name2": null, "adm2_name3": null, "adm3_pcode": "ID3275050", "adm3_name": "Bekasi Selatan", "adm3_name1": null, "adm3_name2": null, "adm3_name3": null, "adm4_pcode": "ID3275050001", "adm4_name": "Jaka Mulya", "adm4_name1": null, "adm4_name2": null, "adm4_name3": null}, "geometry": {"type": "Point", "coordinates": [106.9606750750001, -6.268166199999939]}}, {"type": "Feature", "properties": {"admin_level": 4, "name": "Jaka Sampurna", "name1": null, "name2": null, "name3": null, "adm0_pcode": "ID", "adm0_name": "Indonesia", "valid_on": "2020-04-01", "valid_to": null, "area_sqkm": 5.00685623, "version": "v01", "lang": "en", "lang1": null, "lang2": null, "lang3": null, "y_coord": -6.24362, "x_coord": 106.96467172, "adm1_pcode": "ID32", "adm1_name": "Jawa Barat", "adm1_name1": null, "adm1_name2": null, "adm1_name3": null, "adm2_pcode": "ID3275", "adm2_name": "Kota Bekasi", "adm2_name1": null, "adm2_name2": null, "adm2_name3": null, "adm3_pcode": "ID3275060", "adm3_name": "Bekasi Barat", "adm3_name1": null, "adm3_name2": null, "adm3_name3": null, "adm4_pcode": "ID3275060008", "adm4_name": "Jaka Sampurna", "adm4_name1": null, "adm4_name2": null, "adm4_name3": null}, "geometry": {"type": "Point", "coordinates": [106.96467172300004, -6.24362]}}, {"type": "Feature", "properties": {"admin_level": 4, "name": "Jaka Setia", "name1": null, "name2": null, "name3": null, "adm0_pcode": "ID", "adm0_name": "Indonesia", "valid_on": "2020-04-01", "valid_to": null, "area_sqkm": 3.82861603, "version": "v01", "lang": "en", "lang1": null, "lang2": null, "lang3": null, "y_coord": -6.26499045, "x_coord": 106.96930601, "adm1_pcode": "ID32", "adm1_name": "Jawa Barat", "adm1_name1": null, "adm1_name2": null, "adm1_name3": null, "adm2_pcode": "ID3275", "adm2_name": "Kota Bekasi", "adm2_name1": null, "adm2_name2": null, "adm2_name3": null, "adm3_pcode": "ID3275050", "adm3_name": "Bekasi Selatan", "adm3_name1": null, "adm3_name2": null, "adm3_name3": null, "adm4_pcode": "ID3275050002", "adm4_name": "Jaka Setia", "adm4_name1": null, "adm4_name2": null, "adm4_name3": null}, "geometry": {"type": "Point", "coordinates": [106.96930601400004, -6.264990449999971]}}, {"type": "Feature", "properties": {"admin_level": 4, "name": "Jati", "name1": null, "name2": null, "name3": null, "adm0_pcode": "ID", "adm0_name": "Indonesia", "valid_on": "2020-04-01", "valid_to": null, "area_sqkm": 2.06347303, "version": "v01", "lang": "en", "lang1": null, "lang2": null, "lang3": null, "y_coord": -6.1946172, "x_coord": 106.89677266, "adm1_pcode": "ID31", "adm1_name": "Dki Jakarta", "adm1_name1": null, "adm1_name2": null, "adm1_name3": null, "adm2_pcode": "ID3172", "adm2_name": "Kota Jakarta Timur", "adm2_name1": null, "adm2_name2": null, "adm2_name3": null, "adm3_pcode": "ID3172090", "adm3_name": "Pulo Gadung", "adm3_name1": null, "adm3_name2": null, "adm3_name3": null, "adm4_pcode": "ID3172090004", "adm4_name": "Jati", "adm4_name1": null, "adm4_name2": null, "adm4_name3": null}, "geometry": {"type": "Point", "coordinates": [106.89677266300009, -6.194617199999925]}}, {"type": "Feature", "properties": {"admin_level": 4, "name": "Jati Padang", "name1": null, "name2": null, "name3": null, "adm0_pcode": "ID", "adm0_name": "Indonesia", "valid_on": "2020-04-01", "valid_to": null, "area_sqkm": 2.4318443, "version": "v01", "lang": "en", "lang1": null, "lang2": null, "lang3": null, "y_coord": -6.28902025, "x_coord": 106.83002614, "adm1_pcode": "ID31", "adm1_name": "Dki Jakarta", "adm1_name1": null, "adm1_name2": null, "adm1_name3": null, "adm2_pcode": "ID3171", "adm2_name": "Kota Jakarta Selatan", "adm2_name1": null, "adm2_name2": null, "adm2_name3": null, "adm3_pcode": "ID3171020", "adm3_name": "Pasar Minggu", "adm3_name1": null, "adm3_name2": null, "adm3_name3": null, "adm4_pcode": "ID3171020005", "adm4_name": "Jati Padang", "adm4_name1": null, "adm4_name2": null, "adm4_name3": null}, "geometry": {"type": "Point", "coordinates": [106.8300261440001, -6.289020249999965]}}, {"type": "Feature", "properties": {"admin_level": 4, "name": "Jati Pulo", "name1": null, "name2": null, "name3": null, "adm0_pcode": "ID", "adm0_name": "Indonesia", "valid_on": "2020-04-01", "valid_to": null, "area_sqkm": 0.83300666, "version": "v01", "lang": "en", "lang1": null, "lang2": null, "lang3": null, "y_coord": -6.1780945, "x_coord": 106.80366455, "adm1_pcode": "ID31", "adm1_name": "Dki Jakarta", "adm1_name1": null, "adm1_name2": null, "adm1_name3": null, "adm2_pcode": "ID3174", "adm2_name": "Kota Jakarta Barat", "adm2_name1": null, "adm2_name2": null, "adm2_name3": null, "adm3_pcode": "ID3174030", "adm3_name": "Palmerah", "adm3_name1": null, "adm3_name2": null, "adm3_name3": null, "adm4_pcode": "ID3174030006", "adm4_name": "Jati Pulo", "adm4_name1": null, "adm4_name2": null, "adm4_name3": null}, "geometry": {"type": "Point", "coordinates": [106.80366455000012, -6.178094499999816]}}, {"type": "Feature", "properties": {"admin_level": 4, "name": "Jatiasih", "name1": null, "name2": null, "name3": null, "adm0_pcode": "ID", "adm0_name": "Indonesia", "valid_on": "2020-04-01", "valid_to": null, "area_sqkm": 4.07595564, "version": "v01", "lang": "en", "lang1": null, "lang2": null, "lang3": null, "y_coord": -6.29908945, "x_coord": 106.95686099, "adm1_pcode": "ID32", "adm1_name": "Jawa Barat", "adm1_name1": null, "adm1_name2": null, "adm1_name3": null, "adm2_pcode": "ID3275", "adm2_name": "Kota Bekasi", "adm2_name1": null, "adm2_name2": null, "adm2_name3": null, "adm3_pcode": "ID3275020", "adm3_name": "Jatiasih", "adm3_name1": null, "adm3_name2": null, "adm3_name3": null, "adm4_pcode": "ID3275020004", "adm4_name": "Jatiasih", "adm4_name1": null, "adm4_name2": null, "adm4_name3": null}, "geometry": {"type": "Point", "coordinates": [106.95686098800007, -6.29908944999994]}}, {"type": "Feature", "properties": {"admin_level": 4, "name": "Jatibening", "name1": null, "name2": null, "name3": null, "adm0_pcode": "ID", "adm0_name": "Indonesia", "valid_on": "2020-04-01", "valid_to": null, "area_sqkm": 3.30424718, "version": "v01", "lang": "en", "lang1": null, "lang2": null, "lang3": null, "y_coord": -6.2608743, "x_coord": 106.95019745, "adm1_pcode": "ID32", "adm1_name": "Jawa Barat", "adm1_name1": null, "adm1_name2": null, "adm1_name3": null, "adm2_pcode": "ID3275", "adm2_name": "Kota Bekasi", "adm2_name1": null, "adm2_name2": null, "adm2_name3": null, "adm3_pcode": "ID3275010", "adm3_name": "Pondokgede", "adm3_name1": null, "adm3_name2": null, "adm3_name3": null, "adm4_pcode": "ID3275010010", "adm4_name": "Jatibening", "adm4_name1": null, "adm4_name2": null, "adm4_name3": null}, "geometry": {"type": "Point", "coordinates": [106.9501974490002, -6.260874299999955]}}, {"type": "Feature", "properties": {"admin_level": 4, "name": "Jatibening Baru", "name1": null, "name2": null, "name3": null, "adm0_pcode": "ID", "adm0_name": "Indonesia", "valid_on": "2020-04-01", "valid_to": null, "area_sqkm": 3.55972214, "version": "v01", "lang": "en", "lang1": null, "lang2": null, "lang3": null, "y_coord": -6.26227295, "x_coord": 106.93592797, "adm1_pcode": "ID32", "adm1_name": "Jawa Barat", "adm1_name1": null, "adm1_name2": null, "adm1_name3": null, "adm2_pcode": "ID3275", "adm2_name": "Kota Bekasi", "adm2_name1": null, "adm2_name2": null, "adm2_name3": null, "adm3_pcode": "ID3275010", "adm3_name": "Pondokgede", "adm3_name1": null, "adm3_name2": null, "adm3_name3": null, "adm4_pcode": "ID3275010012", "adm4_name": "Jatibening Baru", "adm4_name1": null, "adm4_name2": null, "adm4_name3": null}, "geometry": {"type": "Point", "coordinates": [106.935927966, -6.262272949999954]}}, {"type": "Feature", "properties": {"admin_level": 4, "name": "Jaticempaka", "name1": null, "name2": null, "name3": null, "adm0_pcode": "ID", "adm0_name": "Indonesia", "valid_on": "2020-04-01", "valid_to": null, "area_sqkm": 3.48618332, "version": "v01", "lang": "en", "lang1": null, "lang2": null, "lang3": null, "y_coord": -6.2606057, "x_coord": 106.91627435, "adm1_pcode": "ID32", "adm1_name": "Jawa Barat", "adm1_name1": null, "adm1_name2": null, "adm1_name3": null, "adm2_pcode": "ID3275", "adm2_name": "Kota Bekasi", "adm2_name1": null, "adm2_name2": null, "adm2_name3": null, "adm3_pcode": "ID3275010", "adm3_name": "Pondokgede", "adm3_name1": null, "adm3_name2": null, "adm3_name3": null, "adm4_pcode": "ID3275010011", "adm4_name": "Jaticempaka", "adm4_name1": null, "adm4_name2": null, "adm4_name3": null}, "geometry": {"type": "Point", "coordinates": [106.91627435500004, -6.260605699999928]}}, {"type": "Feature", "properties": {"admin_level": 4, "name": "Jatikramat", "name1": null, "name2": null, "name3": null, "adm0_pcode": "ID", "adm0_name": "Indonesia", "valid_on": "2020-04-01", "valid_to": null, "area_sqkm": 3.31949867, "version": "v01", "lang": "en", "lang1": null, "lang2": null, "lang3": null, "y_coord": -6.2780612, "x_coord": 106.9467124, "adm1_pcode": "ID32", "adm1_name": "Jawa Barat", "adm1_name1": null, "adm1_name2": null, "adm1_name3": null, "adm2_pcode": "ID3275", "adm2_name": "Kota Bekasi", "adm2_name1": null, "adm2_name2": null, "adm2_name3": null, "adm3_pcode": "ID3275020", "adm3_name": "Jatiasih", "adm3_name1": null, "adm3_name2": null, "adm3_name3": null, "adm4_pcode": "ID3275020006", "adm4_name": "Jatikramat", "adm4_name1": null, "adm4_name2": null, "adm4_name3": null}, "geometry": {"type": "Point", "coordinates": [106.94671239700017, -6.278061199999911]}}, {"type": "Feature", "properties": {"admin_level": 4, "name": "Jatiluhur", "name1": null, "name2": null, "name3": null, "adm0_pcode": "ID", "adm0_name": "Indonesia", "valid_on": "2020-04-01", "valid_to": null, "area_sqkm": 3.86264368, "version": "v01", "lang": "en", "lang1": null, "lang2": null, "lang3": null, "y_coord": -6.31957475, "x_coord": 106.95150317, "adm1_pcode": "ID32", "adm1_name": "Jawa Barat", "adm1_name1": null, "adm1_name2": null, "adm1_name3": null, "adm2_pcode": "ID3275", "adm2_name": "Kota Bekasi", "adm2_name1": null, "adm2_name2": null, "adm2_name3": null, "adm3_pcode": "ID3275020", "adm3_name": "Jatiasih", "adm3_name1": null, "adm3_name2": null, "adm3_name3": null, "adm4_pcode": "ID3275020002", "adm4_name": "Jatiluhur", "adm4_name1": null, "adm4_name2": null, "adm4_name3": null}, "geometry": {"type": "Point", "coordinates": [106.95150316700006, -6.319574749999902]}}, {"type": "Feature", "properties": {"admin_level": 4, "name": "Jatimakmur", "name1": null, "name2": null, "name3": null, "adm0_pcode": "ID", "adm0_name": "Indonesia", "valid_on": "2020-04-01", "valid_to": null, "area_sqkm": 4.50829446, "version": "v01", "lang": "en", "lang1": null, "lang2": null, "lang3": null, "y_coord": -6.2823866, "x_coord": 106.9284899, "adm1_pcode": "ID32", "adm1_name": "Jawa Barat", "adm1_name1": null, "adm1_name2": null, "adm1_name3": null, "adm2_pcode": "ID3275", "adm2_name": "Kota Bekasi", "adm2_name1": null, "adm2_name2": null, "adm2_name3": null, "adm3_pcode": "ID3275010", "adm3_name": "Pondokgede", "adm3_name1": null, "adm3_name2": null, "adm3_name3": null, "adm4_pcode": "ID3275010008", "adm4_name": "Jatimakmur", "adm4_name1": null, "adm4_name2": null, "adm4_name3": null}, "geometry": {"type": "Point", "coordinates": [106.92848990400012, -6.282386599999882]}}, {"type": "Feature", "properties": {"admin_level": 4, "name": "Jatimekar", "name1": null, "name2": null, "name3": null, "adm0_pcode": "ID", "adm0_name": "Indonesia", "valid_on": "2020-04-01", "valid_to": null, "area_sqkm": 4.20240876, "version": "v01", "lang": "en", "lang1": null, "lang2": null, "lang3": null, "y_coord": -6.29570585, "x_coord": 106.94494179, "adm1_pcode": "ID32", "adm1_name": "Jawa Barat", "adm1_name1": null, "adm1_name2": null, "adm1_name3": null, "adm2_pcode": "ID3275", "adm2_name": "Kota Bekasi", "adm2_name1": null, "adm2_name2": null, "adm2_name3": null, "adm3_pcode": "ID3275020", "adm3_name": "Jatiasih", "adm3_name1": null, "adm3_name2": null, "adm3_name3": null, "adm4_pcode": "ID3275020005", "adm4_name": "Jatimekar", "adm4_name1": null, "adm4_name2": null, "adm4_name3": null}, "geometry": {"type": "Point", "coordinates": [106.94494179500003, -6.295705849999933]}}, {"type": "Feature", "properties": {"admin_level": 4, "name": "Jatimelati", "name1": null, "name2": null, "name3": null, "adm0_pcode": "ID", "adm0_name": "Indonesia", "valid_on": "2020-04-01", "valid_to": null, "area_sqkm": 2.99749427, "version": "v01", "lang": "en", "lang1": null, "lang2": null, "lang3": null, "y_coord": -6.31562335, "x_coord": 106.93133447, "adm1_pcode": "ID32", "adm1_name": "Jawa Barat", "adm1_name1": null, "adm1_name2": null, "adm1_name3": null, "adm2_pcode": "ID3275", "adm2_name": "Kota Bekasi", "adm2_name1": null, "adm2_name2": null, "adm2_name3": null, "adm3_pcode": "ID3275012", "adm3_name": "Pondokmelati", "adm3_name1": null, "adm3_name2": null, "adm3_name3": null, "adm4_pcode": "ID3275012002", "adm4_name": "Jatimelati", "adm4_name1": null, "adm4_name2": null, "adm4_name3": null}, "geometry": {"type": "Point", "coordinates": [106.931334467, -6.315623349999839]}}, {"type": "Feature", "properties": {"admin_level": 4, "name": "Jatimulya", "name1": null, "name2": null, "name3": null, "adm0_pcode": "ID", "adm0_name": "Indonesia", "valid_on": "2020-04-01", "valid_to": null, "area_sqkm": 6.23425614, "version": "v01", "lang": "en", "lang1": null, "lang2": null, "lang3": null, "y_coord": -6.2661433, "x_coord": 107.03222726, "adm1_pcode": "ID32", "adm1_name": "Jawa Barat", "adm1_name1": null, "adm1_name2": null, "adm1_name3": null, "adm2_pcode": "ID3216", "adm2_name": "Bekasi", "adm2_name1": null, "adm2_name2": null, "adm2_name3": null, "adm3_pcode": "ID3216081", "adm3_name": "Tambun Selatan", "adm3_name1": null, "adm3_name2": null, "adm3_name3": null, "adm4_pcode": "ID3216081001", "adm4_name": "Jatimulya", "adm4_name1": null, "adm4_name2": null, "adm4_name3": null}, "geometry": {"type": "Point", "coordinates": [107.032227256, -6.266143299999896]}}, {"type": "Feature", "properties": {"admin_level": 4, "name": "Jatimurni", "name1": null, "name2": null, "name3": null, "adm0_pcode": "ID", "adm0_name": "Indonesia", "valid_on": "2020-04-01", "valid_to": null, "area_sqkm": 2.87373075, "version": "v01", "lang": "en", "lang1": null, "lang2": null, "lang3": null, "y_coord": -6.3277617, "x_coord": 106.92994875, "adm1_pcode": "ID32", "adm1_name": "Jawa Barat", "adm1_name1": null, "adm1_name2": null, "adm1_name3": null, "adm2_pcode": "ID3275", "adm2_name": "Kota Bekasi", "adm2_name1": null, "adm2_name2": null, "adm2_name3": null, "adm3_pcode": "ID3275012", "adm3_name": "Pondokmelati", "adm3_name1": null, "adm3_name2": null, "adm3_name3": null, "adm4_pcode": "ID3275012001", "adm4_name": "Jatimurni", "adm4_name1": null, "adm4_name2": null, "adm4_name3": null}, "geometry": {"type": "Point", "coordinates": [106.92994874800019, -6.327761699999883]}}, {"type": "Feature", "properties": {"admin_level": 4, "name": "Jatinegara", "name1": null, "name2": null, "name3": null, "adm0_pcode": "ID", "adm0_name": "Indonesia", "valid_on": "2020-04-01", "valid_to": null, "area_sqkm": 6.56992732, "version": "v01", "lang": "en", "lang1": null, "lang2": null, "lang3": null, "y_coord": -6.203485, "x_coord": 106.91582839, "adm1_pcode": "ID31", "adm1_name": "Dki Jakarta", "adm1_name1": null, "adm1_name2": null, "adm1_name3": null, "adm2_pcode": "ID3172", "adm2_name": "Kota Jakarta Timur", "adm2_name1": null, "adm2_name2": null, "adm2_name3": null, "adm3_pcode": "ID3172080", "adm3_name": "Cakung", "adm3_name1": null, "adm3_name2": null, "adm3_name3": null, "adm4_pcode": "ID3172080001", "adm4_name": "Jatinegara", "adm4_name1": null, "adm4_name2": null, "adm4_name3": null}, "geometry": {"type": "Point", "coordinates": [106.91582839200004, -6.203484999999887]}}, {"type": "Feature", "properties": {"admin_level": 4, "name": "Jatinegara Kaum", "name1": null, "name2": null, "name3": null, "adm0_pcode": "ID", "adm0_name": "Indonesia", "valid_on": "2020-04-01", "valid_to": null, "area_sqkm": 1.2964088, "version": "v01", "lang": "en", "lang1": null, "lang2": null, "lang3": null, "y_coord": -6.199945, "x_coord": 106.90295506, "adm1_pcode": "ID31", "adm1_name": "Dki Jakarta", "adm1_name1": null, "adm1_name2": null, "adm1_name3": null, "adm2_pcode": "ID3172", "adm2_name": "Kota Jakarta Timur", "adm2_name1": null, "adm2_name2": null, "adm2_name3": null, "adm3_pcode": "ID3172090", "adm3_name": "Pulo Gadung", "adm3_name1": null, "adm3_name2": null, "adm3_name3": null, "adm4_pcode": "ID3172090003", "adm4_name": "Jatinegara Kaum", "adm4_name1": null, "adm4_name2": null, "adm4_name3": null}, "geometry": {"type": "Point", "coordinates": [106.90295505700004, -6.199944999999843]}}, {"type": "Feature", "properties": {"admin_level": 4, "name": "Jatirahayu", "name1": null, "name2": null, "name3": null, "adm0_pcode": "ID", "adm0_name": "Indonesia", "valid_on": "2020-04-01", "valid_to": null, "area_sqkm": 3.60815713, "version": "v01", "lang": "en", "lang1": null, "lang2": null, "lang3": null, "y_coord": -6.2925594, "x_coord": 106.9209249, "adm1_pcode": "ID32", "adm1_name": "Jawa Barat", "adm1_name1": null, "adm1_name2": null, "adm1_name3": null, "adm2_pcode": "ID3275", "adm2_name": "Kota Bekasi", "adm2_name1": null, "adm2_name2": null, "adm2_name3": null, "adm3_pcode": "ID3275012", "adm3_name": "Pondokmelati", "adm3_name1": null, "adm3_name2": null, "adm3_name3": null, "adm4_pcode": "ID3275012004", "adm4_name": "Jatirahayu", "adm4_name1": null, "adm4_name2": null, "adm4_name3": null}, "geometry": {"type": "Point", "coordinates": [106.92092489700008, -6.292559399999959]}}, {"type": "Feature", "properties": {"admin_level": 4, "name": "Jatirasa", "name1": null, "name2": null, "name3": null, "adm0_pcode": "ID", "adm0_name": "Indonesia", "valid_on": "2020-04-01", "valid_to": null, "area_sqkm": 2.96363259, "version": "v01", "lang": "en", "lang1": null, "lang2": null, "lang3": null, "y_coord": -6.29603475, "x_coord": 106.96956989, "adm1_pcode": "ID32", "adm1_name": "Jawa Barat", "adm1_name1": null, "adm1_name2": null, "adm1_name3": null, "adm2_pcode": "ID3275", "adm2_name": "Kota Bekasi", "adm2_name1": null, "adm2_name2": null, "adm2_name3": null, "adm3_pcode": "ID3275020", "adm3_name": "Jatiasih", "adm3_name1": null, "adm3_name2": null, "adm3_name3": null, "adm4_pcode": "ID3275020003", "adm4_name": "Jatirasa", "adm4_name1": null, "adm4_name2": null, "adm4_name3": null}, "geometry": {"type": "Point", "coordinates": [106.96956989400019, -6.296034749999819]}}, {"type": "Feature", "properties": {"admin_level": 4, "name": "Jatiwaringin", "name1": null, "name2": null, "name3": null, "adm0_pcode": "ID", "adm0_name": "Indonesia", "valid_on": "2020-04-01", "valid_to": null, "area_sqkm": 2.7814519, "version": "v01", "lang": "en", "lang1": null, "lang2": null, "lang3": null, "y_coord": -6.27634815, "x_coord": 106.91596203, "adm1_pcode": "ID32", "adm1_name": "Jawa Barat", "adm1_name1": null, "adm1_name2": null, "adm1_name3": null, "adm2_pcode": "ID3275", "adm2_name": "Kota Bekasi", "adm2_name1": null, "adm2_name2": null, "adm2_name3": null, "adm3_pcode": "ID3275010", "adm3_name": "Pondokgede", "adm3_name1": null, "adm3_name2": null, "adm3_name3": null, "adm4_pcode": "ID3275010009", "adm4_name": "Jatiwaringin", "adm4_name1": null, "adm4_name2": null, "adm4_name3": null}, "geometry": {"type": "Point", "coordinates": [106.91596202500017, -6.276348149999933]}}, {"type": "Feature", "properties": {"admin_level": 4, "name": "Jatiwarna", "name1": null, "name2": null, "name3": null, "adm0_pcode": "ID", "adm0_name": "Indonesia", "valid_on": "2020-04-01", "valid_to": null, "area_sqkm": 1.87954545, "version": "v01", "lang": "en", "lang1": null, "lang2": null, "lang3": null, "y_coord": -6.30534025, "x_coord": 106.9293256, "adm1_pcode": "ID32", "adm1_name": "Jawa Barat", "adm1_name1": null, "adm1_name2": null, "adm1_name3": null, "adm2_pcode": "ID3275", "adm2_name": "Kota Bekasi", "adm2_name1": null, "adm2_name2": null, "adm2_name3": null, "adm3_pcode": "ID3275012", "adm3_name": "Pondokmelati", "adm3_name1": null, "adm3_name2": null, "adm3_name3": null, "adm4_pcode": "ID3275012003", "adm4_name": "Jatiwarna", "adm4_name1": null, "adm4_name2": null, "adm4_name3": null}, "geometry": {"type": "Point", "coordinates": [106.92932560300005, -6.305340249999972]}}, {"type": "Feature", "properties": {"admin_level": 4, "name": "Jelambar", "name1": null, "name2": null, "name3": null, "adm0_pcode": "ID", "adm0_name": "Indonesia", "valid_on": "2020-04-01", "valid_to": null, "area_sqkm": 1.52886768, "version": "v01", "lang": "en", "lang1": null, "lang2": null, "lang3": null, "y_coord": -6.15964, "x_coord": 106.78541276, "adm1_pcode": "ID31", "adm1_name": "Dki Jakarta", "adm1_name1": null, "adm1_name2": null, "adm1_name3": null, "adm2_pcode": "ID3174", "adm2_name": "Kota Jakarta Barat", "adm2_name1": null, "adm2_name2": null, "adm2_name3": null, "adm3_pcode": "ID3174040", "adm3_name": "Grogol Petamburan", "adm3_name1": null, "adm3_name2": null, "adm3_name3": null, "adm4_pcode": "ID3174040005", "adm4_name": "Jelambar", "adm4_name1": null, "adm4_name2": null, "adm4_name3": null}, "geometry": {"type": "Point", "coordinates": [106.78541275900011, -6.15964]}}, {"type": "Feature", "properties": {"admin_level": 4, "name": "Jelambar Baru", "name1": null, "name2": null, "name3": null, "adm0_pcode": "ID", "adm0_name": "Indonesia", "valid_on": "2020-04-01", "valid_to": null, "area_sqkm": 1.48340077, "version": "v01", "lang": "en", "lang1": null, "lang2": null, "lang3": null, "y_coord": -6.148875, "x_coord": 106.78664639, "adm1_pcode": "ID31", "adm1_name": "Dki Jakarta", "adm1_name1": null, "adm1_name2": null, "adm1_name3": null, "adm2_pcode": "ID3174", "adm2_name": "Kota Jakarta Barat", "adm2_name1": null, "adm2_name2": null, "adm2_name3": null, "adm3_pcode": "ID3174040", "adm3_name": "Grogol Petamburan", "adm3_name1": null, "adm3_name2": null, "adm3_name3": null, "adm4_pcode": "ID3174040007", "adm4_name": "Jelambar Baru", "adm4_name1": null, "adm4_name2": null, "adm4_name3": null}, "geometry": {"type": "Point", "coordinates": [106.78664639200014, -6.148875]}}, {"type": "Feature", "properties": {"admin_level": 4, "name": "Jembatan Besi", "name1": null, "name2": null, "name3": null, "adm0_pcode": "ID", "adm0_name": "Indonesia", "valid_on": "2020-04-01", "valid_to": null, "area_sqkm": 0.52267913, "version": "v01", "lang": "en", "lang1": null, "lang2": null, "lang3": null, "y_coord": -6.15192, "x_coord": 106.79765342, "adm1_pcode": "ID31", "adm1_name": "Dki Jakarta", "adm1_name1": null, "adm1_name2": null, "adm1_name3": null, "adm2_pcode": "ID3174", "adm2_name": "Kota Jakarta Barat", "adm2_name1": null, "adm2_name2": null, "adm2_name3": null, "adm3_pcode": "ID3174050", "adm3_name": "Tambora", "adm3_name1": null, "adm3_name2": null, "adm3_name3": null, "adm4_pcode": "ID3174050006", "adm4_name": "Jembatan Besi", "adm4_name1": null, "adm4_name2": null, "adm4_name3": null}, "geometry": {"type": "Point", "coordinates": [106.79765341800015, -6.15192]}}, {"type": "Feature", "properties": {"admin_level": 4, "name": "Jembatan Lima", "name1": null, "name2": null, "name3": null, "adm0_pcode": "ID", "adm0_name": "Indonesia", "valid_on": "2020-04-01", "valid_to": null, "area_sqkm": 0.48863314, "version": "v01", "lang": "en", "lang1": null, "lang2": null, "lang3": null, "y_coord": -6.145175, "x_coord": 106.80377065, "adm1_pcode": "ID31", "adm1_name": "Dki Jakarta", "adm1_name1": null, "adm1_name2": null, "adm1_name3": null, "adm2_pcode": "ID3174", "adm2_name": "Kota Jakarta Barat", "adm2_name1": null, "adm2_name2": null, "adm2_name3": null, "adm3_pcode": "ID3174050", "adm3_name": "Tambora", "adm3_name1": null, "adm3_name2": null, "adm3_name3": null, "adm4_pcode": "ID3174050008", "adm4_name": "Jembatan Lima", "adm4_name1": null, "adm4_name2": null, "adm4_name3": null}, "geometry": {"type": "Point", "coordinates": [106.80377064600003, -6.145174999999881]}}]}