{"type":"FeatureCollection","features":[{"type":"Feature","geometry":{"geodesic":false,"type":"Polygon","coordinates":[[[106.75039847305922,-6.0833911040574],[106.75129678834334,-6.0833911040574],[106.75129678834334,-6.082492788773281],[106.75039847305922,-6.082492788773281],[106.75039847305922,-6.0833911040574]]]},"id":"+118834-6772","properties":{"cls":1,"count":1}},{"type":"Feature","geometry":{"geodesic":false,"type":"Polygon","coordinates":[[[106.75039847305922,-6.104052355592149],[106.75129678834334,-6.104052355592149],[106.75129678834334,-6.10225572502391],[106.75039847305922,-6.10225572502391],[106.75039847305922,-6.104052355592149]]]},"id":"+118834-6794","properties":{"cls":1,"count":2}},{"type":"Feature","geometry":{"geodesic":false,"type":"Polygon","coordinates":[[[106.75039847305922,-6.106747301444507],[106.75129678834334,-6.117527084853942],[106.75219510362746,-6.117527084853942],[106.75219510362746,-6.110340562580985],[106.75129678834334,-6.110340562580985],[106.75129678834334,-6.106747301444507],[106.75039847305922,-6.106747301444507]]]},"id":"+118834-6799","properties":{"cls":1,"count":13}},{"type":"Feature","geometry":{"geodesic":false,"type":"Polygon","coordinates":[[[106.75039847305922,-6.131001814115734],[106.75129678834334,-6.131001814115734],[106.75129678834334,-6.130103498831615],[106.75039847305922,-6.130103498831615],[106.75039847305922,-6.131001814115734]]]},"id":"+118834-6825","properties":{"cls":1,"count":1}},{"type":"Feature","geometry":{"geodesic":false,"type":"Polygon","coordinates":[[[106.75039847305922,-6.074407951216204],[106.75039847305922,-6.0780012123526825],[106.75129678834334,-6.0780012123526825],[106.75129678834334,-6.077102897068563],[106.75219510362746,-6.077102897068563],[106.75219510362746,-6.074407951216204],[106.75039847305922,-6.074407951216204]]]},"id":"+118835-6763","properties":{"cls":1,"count":7}},{"type":"Feature","geometry":{"geodesic":false,"type":"Polygon","coordinates":[[[106.75039847305922,-6.087882680477997],[106.75219510362746,-6.087882680477997],[106.75219510362746,-6.086984365193878],[106.75039847305922,-6.086984365193878],[106.75039847305922,-6.087882680477997]]]},"id":"+118835-6777","properties":{"cls":1,"count":2}},{"type":"Feature","geometry":{"geodesic":false,"type":"Polygon","coordinates":[[[106.75129678834334,-6.0968658333191925],[106.75219510362746,-6.0968658333191925],[106.75219510362746,-6.095967518035073],[106.75129678834334,-6.095967518035073],[106.75129678834334,-6.0968658333191925]]]},"id":"+118835-6787","properties":{"cls":1,"count":1}},{"type":"Feature","geometry":{"geodesic":false,"type":"Polygon","coordinates":[[[106.75129678834334,-6.099560779171552],[106.75129678834334,-6.101357409739791],[106.75309341891158,-6.101357409739791],[106.75219510362746,-6.099560779171552],[106.75129678834334,-6.099560779171552]]]},"id":"+118835-6791","properties":{"cls":1,"count":3}},{"type":"Feature","geometry":{"geodesic":false,"type":"Polygon","coordinates":[[[106.75129678834334,-6.132798444683973],[106.75219510362746,-6.132798444683973],[106.75219510362746,-6.131900129399854],[106.75129678834334,-6.131900129399854],[106.75129678834334,-6.132798444683973]]]},"id":"+118835-6827","properties":{"cls":1,"count":1}},{"type":"Feature","geometry":{"geodesic":false,"type":"Polygon","coordinates":[[[106.75129678834334,-6.136391705820452],[106.75039847305922,-6.140883282241049],[106.75129678834334,-6.140883282241049],[106.75129678834334,-6.13908665167281],[106.75219510362746,-6.13908665167281],[106.75219510362746,-6.136391705820452],[106.75129678834334,-6.136391705820452]]]},"id":"+118835-6832","properties":{"cls":1,"count":6}},{"type":"Feature","geometry":{"geodesic":false,"type":"Polygon","coordinates":[[[106.75219510362746,-6.089679311046236],[106.75309341891158,-6.089679311046236],[106.75309341891158,-6.088780995762117],[106.75219510362746,-6.088780995762117],[106.75219510362746,-6.089679311046236]]]},"id":"+118836-6779","properties":{"cls":1,"count":1}},{"type":"Feature","geometry":{"geodesic":false,"type":"Polygon","coordinates":[[[106.75219510362746,-6.123815291842778],[106.75309341891158,-6.123815291842778],[106.75309341891158,-6.122018661274539],[106.75219510362746,-6.122018661274539],[106.75219510362746,-6.123815291842778]]]},"id":"+118836-6816","properties":{"cls":1,"count":2}},{"type":"Feature","geometry":{"geodesic":false,"type":"Polygon","coordinates":[[[106.75219510362746,-6.126510237695137],[106.75309341891158,-6.126510237695137],[106.75309341891158,-6.124713607126898],[106.75219510362746,-6.124713607126898],[106.75219510362746,-6.126510237695137]]]},"id":"+118836-6819","properties":{"cls":1,"count":2}},{"type":"Feature","geometry":{"geodesic":false,"type":"Polygon","coordinates":[[[106.75219510362746,-6.130103498831615],[106.75219510362746,-6.131900129399854],[106.7539917341957,-6.131900129399854],[106.75309341891158,-6.130103498831615],[106.75219510362746,-6.130103498831615]]]},"id":"+118836-6825","properties":{"cls":1,"count":3}},{"type":"Feature","geometry":{"geodesic":false,"type":"Polygon","coordinates":[[[106.75219510362746,-6.1345950752522125],[106.75309341891158,-6.1345950752522125],[106.75309341891158,-6.133696759968093],[106.75219510362746,-6.133696759968093],[106.75219510362746,-6.1345950752522125]]]},"id":"+118836-6829","properties":{"cls":1,"count":1}},{"type":"Feature","geometry":{"geodesic":false,"type":"Polygon","coordinates":[[[106.75219510362746,-6.145374858661647],[106.75309341891158,-6.145374858661647],[106.75309341891158,-6.141781597525169],[106.75219510362746,-6.141781597525169],[106.75219510362746,-6.145374858661647]]]},"id":"+118836-6838","properties":{"cls":1,"count":4}},{"type":"Feature","geometry":{"geodesic":false,"type":"Polygon","coordinates":[[[106.75219510362746,-6.209155243834132],[106.75309341891158,-6.209155243834132],[106.75309341891158,-6.208256928550013],[106.75219510362746,-6.208256928550013],[106.75219510362746,-6.209155243834132]]]},"id":"+118836-6912","properties":{"cls":1,"count":1}},{"type":"Feature","geometry":{"geodesic":false,"type":"Polygon","coordinates":[[[106.75219510362746,-6.295393511109607],[106.75309341891158,-6.295393511109607],[106.75309341891158,-6.294495195825488],[106.75219510362746,-6.294495195825488],[106.75219510362746,-6.295393511109607]]]},"id":"+118836-7008","properties":{"cls":1,"count":1}},{"type":"Feature","geometry":{"geodesic":false,"type":"Polygon","coordinates":[[[106.75309341891158,-6.074407951216204],[106.75309341891158,-6.0762045817844434],[106.7539917341957,-6.0762045817844434],[106.7539917341957,-6.077102897068563],[106.75219510362746,-6.0780012123526825],[106.75219510362746,-6.079797842920922],[106.75039847305922,-6.0788995276368025],[106.75039847305922,-6.081594473489161],[106.75129678834334,-6.081594473489161],[106.75129678834334,-6.082492788773281],[106.75309341891158,-6.082492788773281],[106.75309341891158,-6.080696158205042],[106.75489004947983,-6.079797842920922],[106.75489004947983,-6.077102897068563],[106.75668668004806,-6.077102897068563],[106.75578836476394,-6.081594473489161],[106.75668668004806,-6.081594473489161],[106.75668668004806,-6.079797842920922],[106.75758499533218,-6.079797842920922],[106.75758499533218,-6.0762045817844434],[106.75489004947983,-6.0762045817844434],[106.7539917341957,-6.074407951216204],[106.75309341891158,-6.074407951216204]]]},"id":"+118837-6763","properties":{"cls":1,"count":31}},{"type":"Feature","geometry":{"geodesic":false,"type":"Polygon","coordinates":[[[106.75309341891158,-6.10225572502391],[106.7539917341957,-6.10225572502391],[106.7539917341957,-6.101357409739791],[106.75309341891158,-6.101357409739791],[106.75309341891158,-6.10225572502391]]]},"id":"+118837-6793","properties":{"cls":1,"count":1}},{"type":"Feature","geometry":{"geodesic":false,"type":"Polygon","coordinates":[[[106.7539917341957,-6.0833911040574],[106.75489004947983,-6.0833911040574],[106.75489004947983,-6.082492788773281],[106.7539917341957,-6.082492788773281],[106.7539917341957,-6.0833911040574]]]},"id":"+118838-6772","properties":{"cls":1,"count":1}},{"type":"Feature","geometry":{"geodesic":false,"type":"Polygon","coordinates":[[[106.75309341891158,-6.08428941934152],[106.75219510362746,-6.086086049909758],[106.75309341891158,-6.086086049909758],[106.75309341891158,-6.088780995762117],[106.7539917341957,-6.088780995762117],[106.7539917341957,-6.087882680477997],[106.75489004947983,-6.087882680477997],[106.75489004947983,-6.08428941934152],[106.75309341891158,-6.08428941934152]]]},"id":"+118838-6774","properties":{"cls":1,"count":10}},{"type":"Feature","geometry":{"geodesic":false,"type":"Polygon","coordinates":[[[106.75489004947983,-6.082492788773281],[106.75578836476394,-6.082492788773281],[106.75578836476394,-6.081594473489161],[106.75489004947983,-6.081594473489161],[106.75489004947983,-6.082492788773281]]]},"id":"+118839-6771","properties":{"cls":1,"count":1}},{"type":"Feature","geometry":{"geodesic":false,"type":"Polygon","coordinates":[[[106.75489004947983,-6.242392909346555],[106.75578836476394,-6.242392909346555],[106.75578836476394,-6.241494594062436],[106.75489004947983,-6.241494594062436],[106.75489004947983,-6.242392909346555]]]},"id":"+118839-6949","properties":{"cls":1,"count":1}},{"type":"Feature","geometry":{"geodesic":false,"type":"Polygon","coordinates":[[[106.75489004947983,-6.296291826393727],[106.75578836476394,-6.296291826393727],[106.75578836476394,-6.295393511109607],[106.75489004947983,-6.295393511109607],[106.75489004947983,-6.296291826393727]]]},"id":"+118839-7009","properties":{"cls":1,"count":1}},{"type":"Feature","geometry":{"geodesic":false,"type":"Polygon","coordinates":[[[106.75668668004806,-6.148069804514005],[106.75758499533218,-6.148069804514005],[106.75758499533218,-6.147171489229886],[106.75668668004806,-6.147171489229886],[106.75668668004806,-6.148069804514005]]]},"id":"+118841-6844","properties":{"cls":1,"count":1}},{"type":"Feature","geometry":{"geodesic":false,"type":"Polygon","coordinates":[[[106.76027994118454,-6.152561380934603],[106.76117825646865,-6.152561380934603],[106.76117825646865,-6.151663065650483],[106.76027994118454,-6.151663065650483],[106.76027994118454,-6.152561380934603]]]},"id":"+118845-6849","properties":{"cls":1,"count":1}},{"type":"Feature","geometry":{"geodesic":false,"type":"Polygon","coordinates":[[[106.76117825646865,-6.1345950752522125],[106.76207657175277,-6.1345950752522125],[106.76207657175277,-6.133696759968093],[106.76117825646865,-6.133696759968093],[106.76117825646865,-6.1345950752522125]]]},"id":"+118846-6829","properties":{"cls":1,"count":1}},{"type":"Feature","geometry":{"geodesic":false,"type":"Polygon","coordinates":[[[106.76207657175277,-6.151663065650483],[106.76207657175277,-6.1534596962187225],[106.76387320232101,-6.1534596962187225],[106.76297488703689,-6.151663065650483],[106.76207657175277,-6.151663065650483]]]},"id":"+118847-6849","properties":{"cls":1,"count":3}},{"type":"Feature","geometry":{"geodesic":false,"type":"Polygon","coordinates":[[[106.76207657175277,-6.15884958792344],[106.76297488703689,-6.15884958792344],[106.76297488703689,-6.15795127263932],[106.76207657175277,-6.15795127263932],[106.76207657175277,-6.15884958792344]]]},"id":"+118847-6856","properties":{"cls":1,"count":1}},{"type":"Feature","geometry":{"geodesic":false,"type":"Polygon","coordinates":[[[106.76387320232101,-6.100459094455671],[106.76477151760514,-6.100459094455671],[106.76477151760514,-6.098662463887432],[106.76387320232101,-6.098662463887432],[106.76387320232101,-6.100459094455671]]]},"id":"+118849-6790","properties":{"cls":1,"count":2}},{"type":"Feature","geometry":{"geodesic":false,"type":"Polygon","coordinates":[[[106.76387320232101,-6.1543580115028425],[106.76477151760514,-6.1543580115028425],[106.76477151760514,-6.1534596962187225],[106.76387320232101,-6.1534596962187225],[106.76387320232101,-6.1543580115028425]]]},"id":"+118849-6851","properties":{"cls":1,"count":1}},{"type":"Feature","geometry":{"geodesic":false,"type":"Polygon","coordinates":[[[106.76207657175277,-6.301681718098443],[106.76117825646865,-6.306173294519041],[106.76027994118454,-6.306173294519041],[106.76027994118454,-6.3070716098031605],[106.76117825646865,-6.3070716098031605],[106.76117825646865,-6.3079699250872805],[106.76027994118454,-6.3079699250872805],[106.76027994118454,-6.30976655565552],[106.76117825646865,-6.30976655565552],[106.76117825646865,-6.3088682403714],[106.76387320232101,-6.3088682403714],[106.76297488703689,-6.303478348666682],[106.76477151760514,-6.302580033382563],[106.76477151760514,-6.301681718098443],[106.76207657175277,-6.301681718098443]]]},"id":"+118849-7016","properties":{"cls":1,"count":23}},{"type":"Feature","geometry":{"geodesic":false,"type":"Polygon","coordinates":[[[106.76387320232101,-6.10225572502391],[106.76566983288926,-6.10225572502391],[106.76566983288926,-6.101357409739791],[106.76387320232101,-6.101357409739791],[106.76387320232101,-6.10225572502391]]]},"id":"+118850-6793","properties":{"cls":1,"count":2}},{"type":"Feature","geometry":{"geodesic":false,"type":"Polygon","coordinates":[[[106.76477151760514,-6.105848986160388],[106.76566983288926,-6.105848986160388],[106.76566983288926,-6.104052355592149],[106.76477151760514,-6.104052355592149],[106.76477151760514,-6.105848986160388]]]},"id":"+118850-6796","properties":{"cls":1,"count":2}},{"type":"Feature","geometry":{"geodesic":false,"type":"Polygon","coordinates":[[[106.76477151760514,-6.107645616728627],[106.76566983288926,-6.107645616728627],[106.76566983288926,-6.106747301444507],[106.76477151760514,-6.106747301444507],[106.76477151760514,-6.107645616728627]]]},"id":"+118850-6799","properties":{"cls":1,"count":1}},{"type":"Feature","geometry":{"geodesic":false,"type":"Polygon","coordinates":[[[106.76387320232101,-6.30976655565552],[106.76566983288926,-6.30976655565552],[106.76566983288926,-6.3088682403714],[106.76387320232101,-6.3088682403714],[106.76387320232101,-6.30976655565552]]]},"id":"+118850-7024","properties":{"cls":1,"count":2}},{"type":"Feature","geometry":{"geodesic":false,"type":"Polygon","coordinates":[[[106.76566983288926,-6.109442247296866],[106.76656814817338,-6.109442247296866],[106.76656814817338,-6.108543932012746],[106.76566983288926,-6.108543932012746],[106.76566983288926,-6.109442247296866]]]},"id":"+118851-6801","properties":{"cls":1,"count":1}},{"type":"Feature","geometry":{"geodesic":false,"type":"Polygon","coordinates":[[[106.76566983288926,-6.1157304542857025],[106.76656814817338,-6.1157304542857025],[106.76656814817338,-6.111238877865105],[106.76566983288926,-6.111238877865105],[106.76566983288926,-6.1157304542857025]]]},"id":"+118851-6804","properties":{"cls":1,"count":5}},{"type":"Feature","geometry":{"geodesic":false,"type":"Polygon","coordinates":[[[106.76566983288926,-6.25317269275599],[106.76656814817338,-6.25317269275599],[106.76656814817338,-6.25227437747187],[106.76566983288926,-6.25227437747187],[106.76566983288926,-6.25317269275599]]]},"id":"+118851-6961","properties":{"cls":1,"count":1}},{"type":"Feature","geometry":{"geodesic":false,"type":"Polygon","coordinates":[[[106.76656814817338,-6.104052355592149],[106.7674664634575,-6.104052355592149],[106.7674664634575,-6.10225572502391],[106.76656814817338,-6.10225572502391],[106.76656814817338,-6.104052355592149]]]},"id":"+118852-6794","properties":{"cls":1,"count":2}},{"type":"Feature","geometry":{"geodesic":false,"type":"Polygon","coordinates":[[[106.76656814817338,-6.108543932012746],[106.7674664634575,-6.108543932012746],[106.7674664634575,-6.107645616728627],[106.76656814817338,-6.107645616728627],[106.76656814817338,-6.108543932012746]]]},"id":"+118852-6800","properties":{"cls":1,"count":1}},{"type":"Feature","geometry":{"geodesic":false,"type":"Polygon","coordinates":[[[106.76566983288926,-6.12112034599042],[106.7674664634575,-6.12112034599042],[106.7674664634575,-6.120222030706301],[106.76566983288926,-6.120222030706301],[106.76566983288926,-6.12112034599042]]]},"id":"+118852-6814","properties":{"cls":1,"count":2}},{"type":"Feature","geometry":{"geodesic":false,"type":"Polygon","coordinates":[[[106.76656814817338,-6.167832740764635],[106.7674664634575,-6.167832740764635],[106.7674664634575,-6.166934425480515],[106.76656814817338,-6.166934425480515],[106.76656814817338,-6.167832740764635]]]},"id":"+118852-6866","properties":{"cls":1,"count":1}},{"type":"Feature","geometry":{"geodesic":false,"type":"Polygon","coordinates":[[[106.76656814817338,-6.101357409739791],[106.76836477874161,-6.101357409739791],[106.76836477874161,-6.100459094455671],[106.76656814817338,-6.100459094455671],[106.76656814817338,-6.101357409739791]]]},"id":"+118853-6792","properties":{"cls":1,"count":2}},{"type":"Feature","geometry":{"geodesic":false,"type":"Polygon","coordinates":[[[106.7674664634575,-6.107645616728627],[106.76836477874161,-6.107645616728627],[106.76836477874161,-6.104052355592149],[106.7674664634575,-6.104052355592149],[106.7674664634575,-6.107645616728627]]]},"id":"+118853-6796","properties":{"cls":1,"count":4}},{"type":"Feature","geometry":{"geodesic":false,"type":"Polygon","coordinates":[[[106.7674664634575,-6.109442247296866],[106.76836477874161,-6.109442247296866],[106.76836477874161,-6.108543932012746],[106.7674664634575,-6.108543932012746],[106.7674664634575,-6.109442247296866]]]},"id":"+118853-6801","properties":{"cls":1,"count":1}},{"type":"Feature","geometry":{"geodesic":false,"type":"Polygon","coordinates":[[[106.7674664634575,-6.113933823717463],[106.76836477874161,-6.113933823717463],[106.76836477874161,-6.113035508433344],[106.7674664634575,-6.113035508433344],[106.7674664634575,-6.113933823717463]]]},"id":"+118853-6806","properties":{"cls":1,"count":1}},{"type":"Feature","geometry":{"geodesic":false,"type":"Polygon","coordinates":[[[106.7674664634575,-6.15795127263932],[106.76836477874161,-6.15795127263932],[106.76836477874161,-6.156154642071081],[106.7674664634575,-6.156154642071081],[106.7674664634575,-6.15795127263932]]]},"id":"+118853-6854","properties":{"cls":1,"count":2}},{"type":"Feature","geometry":{"geodesic":false,"type":"Polygon","coordinates":[[[106.76836477874161,-6.113035508433344],[106.76926309402573,-6.113035508433344],[106.76926309402573,-6.112137193149224],[106.76836477874161,-6.112137193149224],[106.76836477874161,-6.113035508433344]]]},"id":"+118854-6805","properties":{"cls":1,"count":1}},{"type":"Feature","geometry":{"geodesic":false,"type":"Polygon","coordinates":[[[106.76836477874161,-6.156154642071081],[106.76926309402573,-6.156154642071081],[106.76926309402573,-6.1552563267869616],[106.76836477874161,-6.1552563267869616],[106.76836477874161,-6.156154642071081]]]},"id":"+118854-6853","properties":{"cls":1,"count":1}},{"type":"Feature","geometry":{"geodesic":false,"type":"Polygon","coordinates":[[[106.76836477874161,-6.167832740764635],[106.76926309402573,-6.167832740764635],[106.76926309402573,-6.166934425480515],[106.76836477874161,-6.166934425480515],[106.76836477874161,-6.167832740764635]]]},"id":"+118854-6866","properties":{"cls":1,"count":1}},{"type":"Feature","geometry":{"geodesic":false,"type":"Polygon","coordinates":[[[106.76926309402573,-6.103154040308029],[106.76926309402573,-6.104950670876268],[106.77016140930985,-6.104950670876268],[106.77105972459397,-6.103154040308029],[106.76926309402573,-6.103154040308029]]]},"id":"+118856-6795","properties":{"cls":1,"count":3}},{"type":"Feature","geometry":{"geodesic":false,"type":"Polygon","coordinates":[[[106.77016140930985,-6.105848986160388],[106.77105972459397,-6.105848986160388],[106.77105972459397,-6.104950670876268],[106.77016140930985,-6.104950670876268],[106.77016140930985,-6.105848986160388]]]},"id":"+118856-6797","properties":{"cls":1,"count":1}},{"type":"Feature","geometry":{"geodesic":false,"type":"Polygon","coordinates":[[[106.77016140930985,-6.13998496695693],[106.76926309402573,-6.141781597525169],[106.77105972459397,-6.141781597525169],[106.77105972459397,-6.142679912809288],[106.7728563551622,-6.143578228093408],[106.77375467044634,-6.141781597525169],[106.77195803987809,-6.141781597525169],[106.77105972459397,-6.13998496695693],[106.77016140930985,-6.13998496695693]]]},"id":"+118856-6836","properties":{"cls":1,"count":8}},{"type":"Feature","geometry":{"geodesic":false,"type":"Polygon","coordinates":[[[106.77016140930985,-6.143578228093408],[106.77105972459397,-6.143578228093408],[106.77105972459397,-6.142679912809288],[106.77016140930985,-6.142679912809288],[106.77016140930985,-6.143578228093408]]]},"id":"+118856-6839","properties":{"cls":1,"count":1}},{"type":"Feature","geometry":{"geodesic":false,"type":"Polygon","coordinates":[[[106.76926309402573,-6.15795127263932],[106.77105972459397,-6.15795127263932],[106.77105972459397,-6.157052957355201],[106.76926309402573,-6.157052957355201],[106.76926309402573,-6.15795127263932]]]},"id":"+118856-6855","properties":{"cls":1,"count":2}},{"type":"Feature","geometry":{"geodesic":false,"type":"Polygon","coordinates":[[[106.76836477874161,-6.162442849059918],[106.76836477874161,-6.163341164344037],[106.76926309402573,-6.163341164344037],[106.76926309402573,-6.166036110196396],[106.77105972459397,-6.166036110196396],[106.76926309402573,-6.168731056048754],[106.7728563551622,-6.168731056048754],[106.7728563551622,-6.166934425480515],[106.77375467044634,-6.166934425480515],[106.77375467044634,-6.166036110196396],[106.7728563551622,-6.166036110196396],[106.7728563551622,-6.165137794912276],[106.77375467044634,-6.165137794912276],[106.77375467044634,-6.164239479628157],[106.7728563551622,-6.164239479628157],[106.7728563551622,-6.163341164344037],[106.77105972459397,-6.163341164344037],[106.77105972459397,-6.162442849059918],[106.76836477874161,-6.162442849059918]],[[106.77195803987809,-6.164239479628157],[106.77105972459397,-6.164239479628157],[106.77105972459397,-6.165137794912276],[106.77195803987809,-6.165137794912276],[106.77195803987809,-6.164239479628157]]]},"id":"+118856-6861","properties":{"cls":1,"count":25}},{"type":"Feature","geometry":{"geodesic":false,"type":"Polygon","coordinates":[[[106.77105972459397,-6.104950670876268],[106.77195803987809,-6.104950670876268],[106.77195803987809,-6.104052355592149],[106.77105972459397,-6.104052355592149],[106.77105972459397,-6.104950670876268]]]},"id":"+118857-6796","properties":{"cls":1,"count":1}},{"type":"Feature","geometry":{"geodesic":false,"type":"Polygon","coordinates":[[[106.77105972459397,-6.138188336388691],[106.77105972459397,-6.13998496695693],[106.77195803987809,-6.13998496695693],[106.77195803987809,-6.140883282241049],[106.77375467044634,-6.140883282241049],[106.77195803987809,-6.138188336388691],[106.77105972459397,-6.138188336388691]]]},"id":"+118857-6834","properties":{"cls":1,"count":5}},{"type":"Feature","geometry":{"geodesic":false,"type":"Polygon","coordinates":[[[106.77195803987809,-6.107645616728627],[106.7728563551622,-6.107645616728627],[106.7728563551622,-6.106747301444507],[106.77195803987809,-6.106747301444507],[106.77195803987809,-6.107645616728627]]]},"id":"+118858-6799","properties":{"cls":1,"count":1}},{"type":"Feature","geometry":{"geodesic":false,"type":"Polygon","coordinates":[[[106.77195803987809,-6.138188336388691],[106.7728563551622,-6.138188336388691],[106.7728563551622,-6.137290021104572],[106.77195803987809,-6.137290021104572],[106.77195803987809,-6.138188336388691]]]},"id":"+118858-6833","properties":{"cls":1,"count":1}},{"type":"Feature","geometry":{"geodesic":false,"type":"Polygon","coordinates":[[[106.77195803987809,-6.149866435082244],[106.7728563551622,-6.149866435082244],[106.7728563551622,-6.148069804514005],[106.77195803987809,-6.148069804514005],[106.77195803987809,-6.149866435082244]]]},"id":"+118858-6845","properties":{"cls":1,"count":2}},{"type":"Feature","geometry":{"geodesic":false,"type":"Polygon","coordinates":[[[106.77195803987809,-6.1166287695698225],[106.77375467044634,-6.1166287695698225],[106.77375467044634,-6.1157304542857025],[106.77195803987809,-6.1157304542857025],[106.77195803987809,-6.1166287695698225]]]},"id":"+118859-6809","properties":{"cls":1,"count":2}},{"type":"Feature","geometry":{"geodesic":false,"type":"Polygon","coordinates":[[[106.77195803987809,-6.12112034599042],[106.77375467044634,-6.12112034599042],[106.77375467044634,-6.120222030706301],[106.77195803987809,-6.120222030706301],[106.77195803987809,-6.12112034599042]]]},"id":"+118859-6814","properties":{"cls":1,"count":2}},{"type":"Feature","geometry":{"geodesic":false,"type":"Polygon","coordinates":[[[106.7728563551622,-6.13908665167281],[106.77375467044634,-6.13908665167281],[106.77375467044634,-6.138188336388691],[106.7728563551622,-6.138188336388691],[106.7728563551622,-6.13908665167281]]]},"id":"+118859-6834","properties":{"cls":1,"count":1}},{"type":"Feature","geometry":{"geodesic":false,"type":"Polygon","coordinates":[[[106.77375467044634,-6.118425400138062],[106.77465298573046,-6.118425400138062],[106.77465298573046,-6.1166287695698225],[106.77375467044634,-6.1166287695698225],[106.77375467044634,-6.118425400138062]]]},"id":"+118860-6810","properties":{"cls":1,"count":2}},{"type":"Feature","geometry":{"geodesic":false,"type":"Polygon","coordinates":[[[106.77375467044634,-6.122018661274539],[106.77375467044634,-6.124713607126898],[106.77644961629869,-6.126510237695137],[106.77644961629869,-6.123815291842778],[106.77465298573046,-6.123815291842778],[106.77465298573046,-6.122018661274539],[106.77375467044634,-6.122018661274539]]]},"id":"+118860-6816","properties":{"cls":1,"count":8}},{"type":"Feature","geometry":{"geodesic":false,"type":"Polygon","coordinates":[[[106.77375467044634,-6.141781597525169],[106.77465298573046,-6.141781597525169],[106.77465298573046,-6.140883282241049],[106.77375467044634,-6.140883282241049],[106.77375467044634,-6.141781597525169]]]},"id":"+118860-6837","properties":{"cls":1,"count":1}},{"type":"Feature","geometry":{"geodesic":false,"type":"Polygon","coordinates":[[[106.77375467044634,-6.148968119798125],[106.77465298573046,-6.148968119798125],[106.77465298573046,-6.148069804514005],[106.77375467044634,-6.148069804514005],[106.77375467044634,-6.148968119798125]]]},"id":"+118860-6845","properties":{"cls":1,"count":1}},{"type":"Feature","geometry":{"geodesic":false,"type":"Polygon","coordinates":[[[106.77375467044634,-6.15795127263932],[106.77465298573046,-6.15795127263932],[106.77465298573046,-6.156154642071081],[106.77375467044634,-6.156154642071081],[106.77375467044634,-6.15795127263932]]]},"id":"+118860-6854","properties":{"cls":1,"count":2}},{"type":"Feature","geometry":{"geodesic":false,"type":"Polygon","coordinates":[[[106.77375467044634,-6.168731056048754],[106.77465298573046,-6.168731056048754],[106.77465298573046,-6.166934425480515],[106.77375467044634,-6.166934425480515],[106.77375467044634,-6.168731056048754]]]},"id":"+118860-6866","properties":{"cls":1,"count":2}},{"type":"Feature","geometry":{"geodesic":false,"type":"Polygon","coordinates":[[[106.77375467044634,-6.13908665167281],[106.77375467044634,-6.13998496695693],[106.77644961629869,-6.141781597525169],[106.77644961629869,-6.13998496695693],[106.77555130101457,-6.13998496695693],[106.77555130101457,-6.13908665167281],[106.77375467044634,-6.13908665167281]]]},"id":"+118861-6835","properties":{"cls":1,"count":5}},{"type":"Feature","geometry":{"geodesic":false,"type":"Polygon","coordinates":[[[106.77465298573046,-6.142679912809288],[106.77555130101457,-6.142679912809288],[106.77555130101457,-6.141781597525169],[106.77465298573046,-6.141781597525169],[106.77465298573046,-6.142679912809288]]]},"id":"+118861-6838","properties":{"cls":1,"count":1}},{"type":"Feature","geometry":{"geodesic":false,"type":"Polygon","coordinates":[[[106.77375467044634,-6.159747903207559],[106.77375467044634,-6.164239479628157],[106.77465298573046,-6.164239479628157],[106.77465298573046,-6.161544533775798],[106.77644961629869,-6.161544533775798],[106.77644961629869,-6.160646218491679],[106.77555130101457,-6.160646218491679],[106.77555130101457,-6.159747903207559],[106.77375467044634,-6.159747903207559]]]},"id":"+118861-6858","properties":{"cls":1,"count":8}},{"type":"Feature","geometry":{"geodesic":false,"type":"Polygon","coordinates":[[[106.77465298573046,-6.165137794912276],[106.77555130101457,-6.165137794912276],[106.77555130101457,-6.164239479628157],[106.77465298573046,-6.164239479628157],[106.77465298573046,-6.165137794912276]]]},"id":"+118861-6863","properties":{"cls":1,"count":1}},{"type":"Feature","geometry":{"geodesic":false,"type":"Polygon","coordinates":[[[106.77465298573046,-6.171426001901113],[106.77555130101457,-6.171426001901113],[106.77555130101457,-6.170527686616993],[106.77465298573046,-6.170527686616993],[106.77465298573046,-6.171426001901113]]]},"id":"+118861-6870","properties":{"cls":1,"count":1}},{"type":"Feature","geometry":{"geodesic":false,"type":"Polygon","coordinates":[[[106.77555130101457,-6.10225572502391],[106.77555130101457,-6.103154040308029],[106.77734793158281,-6.104052355592149],[106.77734793158281,-6.10225572502391],[106.77555130101457,-6.10225572502391]]]},"id":"+118863-6794","properties":{"cls":1,"count":3}},{"type":"Feature","geometry":{"geodesic":false,"type":"Polygon","coordinates":[[[106.77644961629869,-6.126510237695137],[106.77644961629869,-6.127408552979256],[106.77555130101457,-6.127408552979256],[106.77555130101457,-6.126510237695137],[106.77375467044634,-6.127408552979256],[106.77555130101457,-6.130103498831615],[106.77644961629869,-6.130103498831615],[106.77644961629869,-6.128306868263376],[106.77824624686693,-6.128306868263376],[106.77734793158281,-6.126510237695137],[106.77644961629869,-6.126510237695137]]]},"id":"+118863-6821","properties":{"cls":1,"count":10}},{"type":"Feature","geometry":{"geodesic":false,"type":"Polygon","coordinates":[[[106.77644961629869,-6.142679912809288],[106.77734793158281,-6.142679912809288],[106.77734793158281,-6.141781597525169],[106.77644961629869,-6.141781597525169],[106.77644961629869,-6.142679912809288]]]},"id":"+118863-6838","properties":{"cls":1,"count":1}},{"type":"Feature","geometry":{"geodesic":false,"type":"Polygon","coordinates":[[[106.77644961629869,-6.162442849059918],[106.77555130101457,-6.164239479628157],[106.77734793158281,-6.164239479628157],[106.77734793158281,-6.162442849059918],[106.77644961629869,-6.162442849059918]]]},"id":"+118863-6861","properties":{"cls":1,"count":3}},{"type":"Feature","geometry":{"geodesic":false,"type":"Polygon","coordinates":[[[106.77555130101457,-6.104950670876268],[106.77555130101457,-6.105848986160388],[106.77465298573046,-6.105848986160388],[106.77465298573046,-6.107645616728627],[106.77734793158281,-6.107645616728627],[106.77734793158281,-6.109442247296866],[106.77914456215105,-6.109442247296866],[106.77914456215105,-6.106747301444507],[106.77734793158281,-6.106747301444507],[106.77824624686693,-6.104950670876268],[106.77555130101457,-6.104950670876268]]]},"id":"+118864-6797","properties":{"cls":1,"count":15}},{"type":"Feature","geometry":{"geodesic":false,"type":"Polygon","coordinates":[[[106.77734793158281,-6.131900129399854],[106.77734793158281,-6.132798444683973],[106.77644961629869,-6.132798444683973],[106.77734793158281,-6.136391705820452],[106.77644961629869,-6.136391705820452],[106.77644961629869,-6.1345950752522125],[106.77465298573046,-6.1345950752522125],[106.77465298573046,-6.136391705820452],[106.77555130101457,-6.136391705820452],[106.77555130101457,-6.138188336388691],[106.77734793158281,-6.137290021104572],[106.77644961629869,-6.13908665167281],[106.77734793158281,-6.13908665167281],[106.77824624686693,-6.140883282241049],[106.77914456215105,-6.140883282241049],[106.77914456215105,-6.137290021104572],[106.78543276913989,-6.136391705820452],[106.78543276913989,-6.137290021104572],[106.786331084424,-6.137290021104572],[106.786331084424,-6.1354933905363325],[106.78543276913989,-6.1354933905363325],[106.78543276913989,-6.1345950752522125],[106.78453445385577,-6.1345950752522125],[106.78453445385577,-6.1354933905363325],[106.78273782328752,-6.1345950752522125],[106.78273782328752,-6.1354933905363325],[106.78094119271928,-6.1354933905363325],[106.77824624686693,-6.131900129399854],[106.77734793158281,-6.131900129399854]]]},"id":"+118864-6827","properties":{"cls":1,"count":45}},{"type":"Feature","geometry":{"geodesic":false,"type":"Polygon","coordinates":[[[106.77734793158281,-6.162442849059918],[106.77914456215105,-6.162442849059918],[106.77914456215105,-6.161544533775798],[106.77734793158281,-6.161544533775798],[106.77734793158281,-6.162442849059918]]]},"id":"+118865-6860","properties":{"cls":1,"count":2}},{"type":"Feature","geometry":{"geodesic":false,"type":"Polygon","coordinates":[[[106.77644961629869,-6.165137794912276],[106.77644961629869,-6.166934425480515],[106.77824624686693,-6.166934425480515],[106.77824624686693,-6.166036110196396],[106.77914456215105,-6.166036110196396],[106.77914456215105,-6.165137794912276],[106.77644961629869,-6.165137794912276]]]},"id":"+118865-6864","properties":{"cls":1,"count":5}},{"type":"Feature","geometry":{"geodesic":false,"type":"Polygon","coordinates":[[[106.77914456215105,-6.092374256898595],[106.78004287743516,-6.092374256898595],[106.78004287743516,-6.091475941614475],[106.77914456215105,-6.091475941614475],[106.77914456215105,-6.092374256898595]]]},"id":"+118866-6782","properties":{"cls":1,"count":1}},{"type":"Feature","geometry":{"geodesic":false,"type":"Polygon","coordinates":[[[106.77914456215105,-6.131001814115734],[106.78004287743516,-6.131001814115734],[106.78004287743516,-6.130103498831615],[106.77914456215105,-6.130103498831615],[106.77914456215105,-6.131001814115734]]]},"id":"+118866-6825","properties":{"cls":1,"count":1}},{"type":"Feature","geometry":{"geodesic":false,"type":"Polygon","coordinates":[[[106.77914456215105,-6.132798444683973],[106.78004287743516,-6.132798444683973],[106.78004287743516,-6.131900129399854],[106.77914456215105,-6.131900129399854],[106.77914456215105,-6.132798444683973]]]},"id":"+118866-6827","properties":{"cls":1,"count":1}},{"type":"Feature","geometry":{"geodesic":false,"type":"Polygon","coordinates":[[[106.77914456215105,-6.145374858661647],[106.78094119271928,-6.145374858661647],[106.78094119271928,-6.144476543377527],[106.77914456215105,-6.144476543377527],[106.77914456215105,-6.145374858661647]]]},"id":"+118867-6841","properties":{"cls":1,"count":2}},{"type":"Feature","geometry":{"geodesic":false,"type":"Polygon","coordinates":[[[106.78004287743516,-6.168731056048754],[106.78094119271928,-6.168731056048754],[106.78094119271928,-6.167832740764635],[106.78004287743516,-6.167832740764635],[106.78004287743516,-6.168731056048754]]]},"id":"+118867-6867","properties":{"cls":1,"count":1}},{"type":"Feature","geometry":{"geodesic":false,"type":"Polygon","coordinates":[[[106.77914456215105,-6.264850791449543],[106.78094119271928,-6.264850791449543],[106.78094119271928,-6.263952476165423],[106.77914456215105,-6.263952476165423],[106.77914456215105,-6.264850791449543]]]},"id":"+118867-6974","properties":{"cls":1,"count":2}},{"type":"Feature","geometry":{"geodesic":false,"type":"Polygon","coordinates":[[[106.78004287743516,-6.093272572182714],[106.7818395080034,-6.093272572182714],[106.7818395080034,-6.092374256898595],[106.78004287743516,-6.092374256898595],[106.78004287743516,-6.093272572182714]]]},"id":"+118868-6783","properties":{"cls":1,"count":2}},{"type":"Feature","geometry":{"geodesic":false,"type":"Polygon","coordinates":[[[106.78094119271928,-6.095967518035073],[106.7818395080034,-6.095967518035073],[106.7818395080034,-6.094170887466834],[106.78094119271928,-6.094170887466834],[106.78094119271928,-6.095967518035073]]]},"id":"+118868-6785","properties":{"cls":1,"count":2}},{"type":"Feature","geometry":{"geodesic":false,"type":"Polygon","coordinates":[[[106.78094119271928,-6.131900129399854],[106.7818395080034,-6.131900129399854],[106.7818395080034,-6.131001814115734],[106.78094119271928,-6.131001814115734],[106.78094119271928,-6.131900129399854]]]},"id":"+118868-6826","properties":{"cls":1,"count":1}},{"type":"Feature","geometry":{"geodesic":false,"type":"Polygon","coordinates":[[[106.78094119271928,-6.162442849059918],[106.78094119271928,-6.164239479628157],[106.78273782328752,-6.164239479628157],[106.7818395080034,-6.162442849059918],[106.78094119271928,-6.162442849059918]]]},"id":"+118868-6861","properties":{"cls":1,"count":3}},{"type":"Feature","geometry":{"geodesic":false,"type":"Polygon","coordinates":[[[106.7818395080034,-6.132798444683973],[106.78273782328752,-6.132798444683973],[106.78273782328752,-6.131900129399854],[106.7818395080034,-6.131900129399854],[106.7818395080034,-6.132798444683973]]]},"id":"+118869-6827","properties":{"cls":1,"count":1}},{"type":"Feature","geometry":{"geodesic":false,"type":"Polygon","coordinates":[[[106.7818395080034,-6.138188336388691],[106.78273782328752,-6.138188336388691],[106.78273782328752,-6.137290021104572],[106.7818395080034,-6.137290021104572],[106.7818395080034,-6.138188336388691]]]},"id":"+118869-6833","properties":{"cls":1,"count":1}},{"type":"Feature","geometry":{"geodesic":false,"type":"Polygon","coordinates":[[[106.7818395080034,-6.145374858661647],[106.78273782328752,-6.145374858661647],[106.78273782328752,-6.144476543377527],[106.7818395080034,-6.144476543377527],[106.7818395080034,-6.145374858661647]]]},"id":"+118869-6841","properties":{"cls":1,"count":1}},{"type":"Feature","geometry":{"geodesic":false,"type":"Polygon","coordinates":[[[106.7818395080034,-6.166036110196396],[106.78273782328752,-6.166036110196396],[106.78273782328752,-6.165137794912276],[106.7818395080034,-6.165137794912276],[106.7818395080034,-6.166036110196396]]]},"id":"+118869-6864","properties":{"cls":1,"count":1}},{"type":"Feature","geometry":{"geodesic":false,"type":"Polygon","coordinates":[[[106.78363613857165,-6.109442247296866],[106.78453445385577,-6.109442247296866],[106.78453445385577,-6.108543932012746],[106.78363613857165,-6.108543932012746],[106.78363613857165,-6.109442247296866]]]},"id":"+118871-6801","properties":{"cls":1,"count":1}},{"type":"Feature","geometry":{"geodesic":false,"type":"Polygon","coordinates":[[[106.78363613857165,-6.117527084853942],[106.78453445385577,-6.117527084853942],[106.78453445385577,-6.1157304542857025],[106.78363613857165,-6.1157304542857025],[106.78363613857165,-6.117527084853942]]]},"id":"+118871-6809","properties":{"cls":1,"count":2}},{"type":"Feature","geometry":{"geodesic":false,"type":"Polygon","coordinates":[[[106.78363613857165,-6.12112034599042],[106.78453445385577,-6.12112034599042],[106.78453445385577,-6.120222030706301],[106.78363613857165,-6.120222030706301],[106.78363613857165,-6.12112034599042]]]},"id":"+118871-6814","properties":{"cls":1,"count":1}},{"type":"Feature","geometry":{"geodesic":false,"type":"Polygon","coordinates":[[[106.78273782328752,-6.122018661274539],[106.78273782328752,-6.122916976558659],[106.78363613857165,-6.122916976558659],[106.78363613857165,-6.129205183547495],[106.78543276913989,-6.129205183547495],[106.78543276913989,-6.128306868263376],[106.78453445385577,-6.128306868263376],[106.78453445385577,-6.122018661274539],[106.78273782328752,-6.122018661274539]]]},"id":"+118871-6816","properties":{"cls":1,"count":10}},{"type":"Feature","geometry":{"geodesic":false,"type":"Polygon","coordinates":[[[106.78363613857165,-6.1345950752522125],[106.78453445385577,-6.1345950752522125],[106.78453445385577,-6.133696759968093],[106.78363613857165,-6.133696759968093],[106.78363613857165,-6.1345950752522125]]]},"id":"+118871-6829","properties":{"cls":1,"count":1}},{"type":"Feature","geometry":{"geodesic":false,"type":"Polygon","coordinates":[[[106.78453445385577,-6.112137193149224],[106.78543276913989,-6.112137193149224],[106.78543276913989,-6.110340562580985],[106.78453445385577,-6.110340562580985],[106.78453445385577,-6.112137193149224]]]},"id":"+118872-6803","properties":{"cls":1,"count":2}},{"type":"Feature","geometry":{"geodesic":false,"type":"Polygon","coordinates":[[[106.78453445385577,-6.113933823717463],[106.78543276913989,-6.113933823717463],[106.78543276913989,-6.113035508433344],[106.78453445385577,-6.113035508433344],[106.78453445385577,-6.113933823717463]]]},"id":"+118872-6806","properties":{"cls":1,"count":1}},{"type":"Feature","geometry":{"geodesic":false,"type":"Polygon","coordinates":[[[106.78453445385577,-6.147171489229886],[106.78543276913989,-6.147171489229886],[106.78543276913989,-6.145374858661647],[106.78453445385577,-6.145374858661647],[106.78453445385577,-6.147171489229886]]]},"id":"+118872-6842","properties":{"cls":1,"count":2}},{"type":"Feature","geometry":{"geodesic":false,"type":"Polygon","coordinates":[[[106.786331084424,-6.138188336388691],[106.78722939970812,-6.138188336388691],[106.78722939970812,-6.137290021104572],[106.786331084424,-6.137290021104572],[106.786331084424,-6.138188336388691]]]},"id":"+118874-6833","properties":{"cls":1,"count":1}},{"type":"Feature","geometry":{"geodesic":false,"type":"Polygon","coordinates":[[[106.78722939970812,-6.13908665167281],[106.78722939970812,-6.142679912809288],[106.78992434556048,-6.144476543377527],[106.78992434556048,-6.142679912809288],[106.78812771499224,-6.141781597525169],[106.78812771499224,-6.13908665167281],[106.78722939970812,-6.13908665167281]]]},"id":"+118875-6835","properties":{"cls":1,"count":8}},{"type":"Feature","geometry":{"geodesic":false,"type":"Polygon","coordinates":[[[106.78722939970812,-6.144476543377527],[106.78812771499224,-6.144476543377527],[106.78812771499224,-6.143578228093408],[106.78722939970812,-6.143578228093408],[106.78722939970812,-6.144476543377527]]]},"id":"+118875-6840","properties":{"cls":1,"count":1}},{"type":"Feature","geometry":{"geodesic":false,"type":"Polygon","coordinates":[[[106.78722939970812,-6.166036110196396],[106.78812771499224,-6.166036110196396],[106.78812771499224,-6.165137794912276],[106.78722939970812,-6.165137794912276],[106.78722939970812,-6.166036110196396]]]},"id":"+118875-6864","properties":{"cls":1,"count":1}},{"type":"Feature","geometry":{"geodesic":false,"type":"Polygon","coordinates":[[[106.78902603027636,-6.133696759968093],[106.78902603027636,-6.1345950752522125],[106.78812771499224,-6.1345950752522125],[106.78812771499224,-6.137290021104572],[106.78992434556048,-6.137290021104572],[106.78992434556048,-6.136391705820452],[106.7908226608446,-6.136391705820452],[106.7908226608446,-6.138188336388691],[106.79172097612872,-6.138188336388691],[106.79172097612872,-6.136391705820452],[106.79261929141283,-6.136391705820452],[106.79261929141283,-6.1354933905363325],[106.79441592198108,-6.1354933905363325],[106.79441592198108,-6.1345950752522125],[106.7908226608446,-6.1345950752522125],[106.7908226608446,-6.1354933905363325],[106.78992434556048,-6.1354933905363325],[106.78992434556048,-6.133696759968093],[106.78902603027636,-6.133696759968093]]]},"id":"+118877-6829","properties":{"cls":1,"count":16}},{"type":"Feature","geometry":{"geodesic":false,"type":"Polygon","coordinates":[[[106.78992434556048,-6.117527084853942],[106.7908226608446,-6.117527084853942],[106.7908226608446,-6.1166287695698225],[106.78992434556048,-6.1166287695698225],[106.78992434556048,-6.117527084853942]]]},"id":"+118878-6810","properties":{"cls":1,"count":1}},{"type":"Feature","geometry":{"geodesic":false,"type":"Polygon","coordinates":[[[106.78902603027636,-6.140883282241049],[106.7908226608446,-6.140883282241049],[106.7908226608446,-6.13998496695693],[106.78902603027636,-6.13998496695693],[106.78902603027636,-6.140883282241049]]]},"id":"+118878-6836","properties":{"cls":1,"count":2}},{"type":"Feature","geometry":{"geodesic":false,"type":"Polygon","coordinates":[[[106.7908226608446,-6.098662463887432],[106.79172097612872,-6.098662463887432],[106.79172097612872,-6.0968658333191925],[106.7908226608446,-6.0968658333191925],[106.7908226608446,-6.098662463887432]]]},"id":"+118879-6788","properties":{"cls":1,"count":2}},{"type":"Feature","geometry":{"geodesic":false,"type":"Polygon","coordinates":[[[106.7908226608446,-6.100459094455671],[106.79172097612872,-6.100459094455671],[106.79172097612872,-6.099560779171552],[106.7908226608446,-6.099560779171552],[106.7908226608446,-6.100459094455671]]]},"id":"+118879-6791","properties":{"cls":1,"count":1}},{"type":"Feature","geometry":{"geodesic":false,"type":"Polygon","coordinates":[[[106.7908226608446,-6.133696759968093],[106.79172097612872,-6.133696759968093],[106.79172097612872,-6.132798444683973],[106.7908226608446,-6.132798444683973],[106.7908226608446,-6.133696759968093]]]},"id":"+118879-6828","properties":{"cls":1,"count":1}},{"type":"Feature","geometry":{"geodesic":false,"type":"Polygon","coordinates":[[[106.7908226608446,-6.146273173945766],[106.7908226608446,-6.148069804514005],[106.79261929141283,-6.148069804514005],[106.79172097612872,-6.146273173945766],[106.7908226608446,-6.146273173945766]]]},"id":"+118879-6843","properties":{"cls":1,"count":3}},{"type":"Feature","geometry":{"geodesic":false,"type":"Polygon","coordinates":[[[106.7908226608446,-6.179510839458189],[106.79172097612872,-6.179510839458189],[106.79172097612872,-6.178612524174069],[106.7908226608446,-6.178612524174069],[106.7908226608446,-6.179510839458189]]]},"id":"+118879-6879","properties":{"cls":1,"count":1}},{"type":"Feature","geometry":{"geodesic":false,"type":"Polygon","coordinates":[[[106.7908226608446,-6.181307470026428],[106.79172097612872,-6.181307470026428],[106.79172097612872,-6.180409154742308],[106.7908226608446,-6.180409154742308],[106.7908226608446,-6.181307470026428]]]},"id":"+118879-6881","properties":{"cls":1,"count":1}},{"type":"Feature","geometry":{"geodesic":false,"type":"Polygon","coordinates":[[[106.79172097612872,-6.15795127263932],[106.79261929141283,-6.15795127263932],[106.79261929141283,-6.156154642071081],[106.79172097612872,-6.156154642071081],[106.79172097612872,-6.15795127263932]]]},"id":"+118880-6854","properties":{"cls":1,"count":2}},{"type":"Feature","geometry":{"geodesic":false,"type":"Polygon","coordinates":[[[106.79172097612872,-6.094170887466834],[106.79351760669697,-6.094170887466834],[106.79351760669697,-6.093272572182714],[106.79172097612872,-6.093272572182714],[106.79172097612872,-6.094170887466834]]]},"id":"+118881-6784","properties":{"cls":1,"count":2}},{"type":"Feature","geometry":{"geodesic":false,"type":"Polygon","coordinates":[[[106.79261929141283,-6.0977641486033125],[106.79261929141283,-6.099560779171552],[106.79441592198108,-6.099560779171552],[106.79351760669697,-6.0977641486033125],[106.79261929141283,-6.0977641486033125]]]},"id":"+118881-6789","properties":{"cls":1,"count":3}},{"type":"Feature","geometry":{"geodesic":false,"type":"Polygon","coordinates":[[[106.79261929141283,-6.104052355592149],[106.79261929141283,-6.104950670876268],[106.7908226608446,-6.104950670876268],[106.78992434556048,-6.106747301444507],[106.79351760669697,-6.105848986160388],[106.79351760669697,-6.104052355592149],[106.79261929141283,-6.104052355592149]]]},"id":"+118881-6796","properties":{"cls":1,"count":6}},{"type":"Feature","geometry":{"geodesic":false,"type":"Polygon","coordinates":[[[106.79261929141283,-6.137290021104572],[106.79351760669697,-6.137290021104572],[106.79351760669697,-6.136391705820452],[106.79261929141283,-6.136391705820452],[106.79261929141283,-6.137290021104572]]]},"id":"+118881-6832","properties":{"cls":1,"count":1}},{"type":"Feature","geometry":{"geodesic":false,"type":"Polygon","coordinates":[[[106.79172097612872,-6.138188336388691],[106.7908226608446,-6.13998496695693],[106.79261929141283,-6.13998496695693],[106.79351760669697,-6.138188336388691],[106.79172097612872,-6.138188336388691]]]},"id":"+118881-6834","properties":{"cls":1,"count":4}},{"type":"Feature","geometry":{"geodesic":false,"type":"Polygon","coordinates":[[[106.79261929141283,-6.151663065650483],[106.79351760669697,-6.151663065650483],[106.79351760669697,-6.150764750366364],[106.79261929141283,-6.150764750366364],[106.79261929141283,-6.151663065650483]]]},"id":"+118881-6848","properties":{"cls":1,"count":1}},{"type":"Feature","geometry":{"geodesic":false,"type":"Polygon","coordinates":[[[106.79261929141283,-6.15795127263932],[106.79261929141283,-6.160646218491679],[106.79441592198108,-6.159747903207559],[106.79441592198108,-6.160646218491679],[106.7953142372652,-6.160646218491679],[106.7953142372652,-6.15884958792344],[106.79351760669697,-6.15884958792344],[106.79351760669697,-6.15795127263932],[106.79261929141283,-6.15795127263932]]]},"id":"+118881-6856","properties":{"cls":1,"count":6}},{"type":"Feature","geometry":{"geodesic":false,"type":"Polygon","coordinates":[[[106.79351760669697,-6.095967518035073],[106.79441592198108,-6.095967518035073],[106.79441592198108,-6.094170887466834],[106.79351760669697,-6.094170887466834],[106.79351760669697,-6.095967518035073]]]},"id":"+118882-6785","properties":{"cls":1,"count":2}},{"type":"Feature","geometry":{"geodesic":false,"type":"Polygon","coordinates":[[[106.79351760669697,-6.152561380934603],[106.79441592198108,-6.152561380934603],[106.79441592198108,-6.151663065650483],[106.79351760669697,-6.151663065650483],[106.79351760669697,-6.152561380934603]]]},"id":"+118882-6849","properties":{"cls":1,"count":1}},{"type":"Feature","geometry":{"geodesic":false,"type":"Polygon","coordinates":[[[106.79441592198108,-6.094170887466834],[106.7953142372652,-6.094170887466834],[106.7953142372652,-6.093272572182714],[106.79441592198108,-6.093272572182714],[106.79441592198108,-6.094170887466834]]]},"id":"+118883-6784","properties":{"cls":1,"count":1}},{"type":"Feature","geometry":{"geodesic":false,"type":"Polygon","coordinates":[[[106.79441592198108,-6.130103498831615],[106.79441592198108,-6.131001814115734],[106.79261929141283,-6.131001814115734],[106.79261929141283,-6.131900129399854],[106.7953142372652,-6.131900129399854],[106.7953142372652,-6.130103498831615],[106.79441592198108,-6.130103498831615]]]},"id":"+118883-6825","properties":{"cls":1,"count":4}},{"type":"Feature","geometry":{"geodesic":false,"type":"Polygon","coordinates":[[[106.79441592198108,-6.1534596962187225],[106.7953142372652,-6.1534596962187225],[106.7953142372652,-6.152561380934603],[106.79441592198108,-6.152561380934603],[106.79441592198108,-6.1534596962187225]]]},"id":"+118883-6850","properties":{"cls":1,"count":1}},{"type":"Feature","geometry":{"geodesic":false,"type":"Polygon","coordinates":[[[106.79441592198108,-6.188493992299384],[106.7953142372652,-6.188493992299384],[106.7953142372652,-6.187595677015264],[106.79441592198108,-6.187595677015264],[106.79441592198108,-6.188493992299384]]]},"id":"+118883-6889","properties":{"cls":1,"count":1}},{"type":"Feature","geometry":{"geodesic":false,"type":"Polygon","coordinates":[[[106.7953142372652,-6.113933823717463],[106.79621255254932,-6.113933823717463],[106.79621255254932,-6.113035508433344],[106.7953142372652,-6.113035508433344],[106.7953142372652,-6.113933823717463]]]},"id":"+118884-6806","properties":{"cls":1,"count":1}},{"type":"Feature","geometry":{"geodesic":false,"type":"Polygon","coordinates":[[[106.7953142372652,-6.118425400138062],[106.79621255254932,-6.118425400138062],[106.79621255254932,-6.117527084853942],[106.7953142372652,-6.117527084853942],[106.7953142372652,-6.118425400138062]]]},"id":"+118884-6811","properties":{"cls":1,"count":1}},{"type":"Feature","geometry":{"geodesic":false,"type":"Polygon","coordinates":[[[106.79441592198108,-6.128306868263376],[106.79621255254932,-6.128306868263376],[106.79621255254932,-6.127408552979256],[106.79441592198108,-6.127408552979256],[106.79441592198108,-6.128306868263376]]]},"id":"+118884-6822","properties":{"cls":1,"count":2}},{"type":"Feature","geometry":{"geodesic":false,"type":"Polygon","coordinates":[[[106.7953142372652,-6.1552563267869616],[106.79621255254932,-6.1552563267869616],[106.79621255254932,-6.1543580115028425],[106.7953142372652,-6.1543580115028425],[106.7953142372652,-6.1552563267869616]]]},"id":"+118884-6852","properties":{"cls":1,"count":1}},{"type":"Feature","geometry":{"geodesic":false,"type":"Polygon","coordinates":[[[106.7953142372652,-6.162442849059918],[106.79621255254932,-6.162442849059918],[106.79621255254932,-6.161544533775798],[106.7953142372652,-6.161544533775798],[106.7953142372652,-6.162442849059918]]]},"id":"+118884-6860","properties":{"cls":1,"count":1}},{"type":"Feature","geometry":{"geodesic":false,"type":"Polygon","coordinates":[[[106.7953142372652,-6.094170887466834],[106.7953142372652,-6.095069202750953],[106.79621255254932,-6.095069202750953],[106.79621255254932,-6.0968658333191925],[106.79711086783344,-6.0968658333191925],[106.79711086783344,-6.094170887466834],[106.7953142372652,-6.094170887466834]]]},"id":"+118885-6785","properties":{"cls":1,"count":4}},{"type":"Feature","geometry":{"geodesic":false,"type":"Polygon","coordinates":[[[106.79621255254932,-6.099560779171552],[106.79711086783344,-6.099560779171552],[106.79711086783344,-6.0977641486033125],[106.79621255254932,-6.0977641486033125],[106.79621255254932,-6.099560779171552]]]},"id":"+118885-6789","properties":{"cls":1,"count":2}},{"type":"Feature","geometry":{"geodesic":false,"type":"Polygon","coordinates":[[[106.79621255254932,-6.159747903207559],[106.79711086783344,-6.159747903207559],[106.79711086783344,-6.15884958792344],[106.79621255254932,-6.15884958792344],[106.79621255254932,-6.159747903207559]]]},"id":"+118885-6857","properties":{"cls":1,"count":1}},{"type":"Feature","geometry":{"geodesic":false,"type":"Polygon","coordinates":[[[106.79621255254932,-6.183104100594667],[106.79711086783344,-6.183104100594667],[106.79711086783344,-6.182205785310547],[106.79621255254932,-6.182205785310547],[106.79621255254932,-6.183104100594667]]]},"id":"+118885-6883","properties":{"cls":1,"count":1}},{"type":"Feature","geometry":{"geodesic":false,"type":"Polygon","coordinates":[[[106.7953142372652,-6.187595677015264],[106.79711086783344,-6.187595677015264],[106.79711086783344,-6.186697361731145],[106.7953142372652,-6.186697361731145],[106.7953142372652,-6.187595677015264]]]},"id":"+118885-6888","properties":{"cls":1,"count":2}},{"type":"Feature","geometry":{"geodesic":false,"type":"Polygon","coordinates":[[[106.79621255254932,-6.189392307583503],[106.7953142372652,-6.191188938151742],[106.79800918311756,-6.191188938151742],[106.79711086783344,-6.189392307583503],[106.79621255254932,-6.189392307583503]]]},"id":"+118885-6891","properties":{"cls":1,"count":4}},{"type":"Feature","geometry":{"geodesic":false,"type":"Polygon","coordinates":[[[106.79711086783344,-6.108543932012746],[106.79800918311756,-6.108543932012746],[106.79800918311756,-6.107645616728627],[106.79711086783344,-6.107645616728627],[106.79711086783344,-6.108543932012746]]]},"id":"+118886-6800","properties":{"cls":1,"count":1}},{"type":"Feature","geometry":{"geodesic":false,"type":"Polygon","coordinates":[[[106.79711086783344,-6.112137193149224],[106.79800918311756,-6.112137193149224],[106.79800918311756,-6.111238877865105],[106.79711086783344,-6.111238877865105],[106.79711086783344,-6.112137193149224]]]},"id":"+118886-6804","properties":{"cls":1,"count":1}},{"type":"Feature","geometry":{"geodesic":false,"type":"Polygon","coordinates":[[[106.79711086783344,-6.137290021104572],[106.79800918311756,-6.137290021104572],[106.79800918311756,-6.136391705820452],[106.79711086783344,-6.136391705820452],[106.79711086783344,-6.137290021104572]]]},"id":"+118886-6832","properties":{"cls":1,"count":1}},{"type":"Feature","geometry":{"geodesic":false,"type":"Polygon","coordinates":[[[106.79711086783344,-6.189392307583503],[106.79800918311756,-6.189392307583503],[106.79800918311756,-6.188493992299384],[106.79711086783344,-6.188493992299384],[106.79711086783344,-6.189392307583503]]]},"id":"+118886-6890","properties":{"cls":1,"count":1}},{"type":"Feature","geometry":{"geodesic":false,"type":"Polygon","coordinates":[[[106.79800918311756,-6.095967518035073],[106.79890749840168,-6.095967518035073],[106.79890749840168,-6.094170887466834],[106.79800918311756,-6.094170887466834],[106.79800918311756,-6.095967518035073]]]},"id":"+118887-6785","properties":{"cls":1,"count":2}},{"type":"Feature","geometry":{"geodesic":false,"type":"Polygon","coordinates":[[[106.79800918311756,-6.107645616728627],[106.79890749840168,-6.107645616728627],[106.79890749840168,-6.106747301444507],[106.79800918311756,-6.106747301444507],[106.79800918311756,-6.107645616728627]]]},"id":"+118887-6799","properties":{"cls":1,"count":1}},{"type":"Feature","geometry":{"geodesic":false,"type":"Polygon","coordinates":[[[106.79800918311756,-6.117527084853942],[106.79800918311756,-6.12112034599042],[106.7998058136858,-6.122018661274539],[106.80070412896991,-6.118425400138062],[106.79890749840168,-6.118425400138062],[106.79890749840168,-6.117527084853942],[106.79800918311756,-6.117527084853942]]]},"id":"+118887-6811","properties":{"cls":1,"count":10}},{"type":"Feature","geometry":{"geodesic":false,"type":"Polygon","coordinates":[[[106.79621255254932,-6.129205183547495],[106.79621255254932,-6.130103498831615],[106.79800918311756,-6.131001814115734],[106.79711086783344,-6.132798444683973],[106.79890749840168,-6.133696759968093],[106.79890749840168,-6.129205183547495],[106.79621255254932,-6.129205183547495]]]},"id":"+118887-6824","properties":{"cls":1,"count":9}},{"type":"Feature","geometry":{"geodesic":false,"type":"Polygon","coordinates":[[[106.79711086783344,-6.185799046447025],[106.79890749840168,-6.185799046447025],[106.79890749840168,-6.184002415878786],[106.79711086783344,-6.184002415878786],[106.79711086783344,-6.185799046447025]]]},"id":"+118887-6885","properties":{"cls":1,"count":4}},{"type":"Feature","geometry":{"geodesic":false,"type":"Polygon","coordinates":[[[106.79800918311756,-6.190290622867623],[106.79890749840168,-6.190290622867623],[106.79890749840168,-6.189392307583503],[106.79800918311756,-6.189392307583503],[106.79800918311756,-6.190290622867623]]]},"id":"+118887-6891","properties":{"cls":1,"count":1}},{"type":"Feature","geometry":{"geodesic":false,"type":"Polygon","coordinates":[[[106.79890749840168,-6.094170887466834],[106.7998058136858,-6.094170887466834],[106.7998058136858,-6.093272572182714],[106.79890749840168,-6.093272572182714],[106.79890749840168,-6.094170887466834]]]},"id":"+118888-6784","properties":{"cls":1,"count":1}},{"type":"Feature","geometry":{"geodesic":false,"type":"Polygon","coordinates":[[[106.79890749840168,-6.103154040308029],[106.7998058136858,-6.103154040308029],[106.7998058136858,-6.10225572502391],[106.79890749840168,-6.10225572502391],[106.79890749840168,-6.103154040308029]]]},"id":"+118888-6794","properties":{"cls":1,"count":1}},{"type":"Feature","geometry":{"geodesic":false,"type":"Polygon","coordinates":[[[106.79800918311756,-6.125611922411017],[106.7998058136858,-6.125611922411017],[106.7998058136858,-6.124713607126898],[106.79800918311756,-6.124713607126898],[106.79800918311756,-6.125611922411017]]]},"id":"+118888-6819","properties":{"cls":1,"count":2}},{"type":"Feature","geometry":{"geodesic":false,"type":"Polygon","coordinates":[[[106.79890749840168,-6.1552563267869616],[106.7998058136858,-6.1552563267869616],[106.7998058136858,-6.1543580115028425],[106.79890749840168,-6.1543580115028425],[106.79890749840168,-6.1552563267869616]]]},"id":"+118888-6852","properties":{"cls":1,"count":1}},{"type":"Feature","geometry":{"geodesic":false,"type":"Polygon","coordinates":[[[106.79890749840168,-6.186697361731145],[106.7998058136858,-6.186697361731145],[106.7998058136858,-6.185799046447025],[106.79890749840168,-6.185799046447025],[106.79890749840168,-6.186697361731145]]]},"id":"+118888-6887","properties":{"cls":1,"count":1}},{"type":"Feature","geometry":{"geodesic":false,"type":"Polygon","coordinates":[[[106.7998058136858,-6.095069202750953],[106.80070412896991,-6.095069202750953],[106.80070412896991,-6.094170887466834],[106.7998058136858,-6.094170887466834],[106.7998058136858,-6.095069202750953]]]},"id":"+118889-6785","properties":{"cls":1,"count":1}},{"type":"Feature","geometry":{"geodesic":false,"type":"Polygon","coordinates":[[[106.7998058136858,-6.104052355592149],[106.80070412896991,-6.104052355592149],[106.80070412896991,-6.103154040308029],[106.7998058136858,-6.103154040308029],[106.7998058136858,-6.104052355592149]]]},"id":"+118889-6795","properties":{"cls":1,"count":1}},{"type":"Feature","geometry":{"geodesic":false,"type":"Polygon","coordinates":[[[106.7998058136858,-6.105848986160388],[106.80070412896991,-6.105848986160388],[106.80070412896991,-6.104950670876268],[106.7998058136858,-6.104950670876268],[106.7998058136858,-6.105848986160388]]]},"id":"+118889-6797","properties":{"cls":1,"count":1}},{"type":"Feature","geometry":{"geodesic":false,"type":"Polygon","coordinates":[[[106.7998058136858,-6.108543932012746],[106.80070412896991,-6.108543932012746],[106.80070412896991,-6.107645616728627],[106.7998058136858,-6.107645616728627],[106.7998058136858,-6.108543932012746]]]},"id":"+118889-6800","properties":{"cls":1,"count":1}},{"type":"Feature","geometry":{"geodesic":false,"type":"Polygon","coordinates":[[[106.79890749840168,-6.128306868263376],[106.79890749840168,-6.129205183547495],[106.80070412896991,-6.130103498831615],[106.7998058136858,-6.131900129399854],[106.80160244425403,-6.132798444683973],[106.80160244425403,-6.130103498831615],[106.80339907482228,-6.130103498831615],[106.80339907482228,-6.129205183547495],[106.79890749840168,-6.128306868263376]]]},"id":"+118889-6823","properties":{"cls":1,"count":10}},{"type":"Feature","geometry":{"geodesic":false,"type":"Polygon","coordinates":[[[106.7998058136858,-6.147171489229886],[106.79890749840168,-6.148968119798125],[106.7998058136858,-6.148968119798125],[106.7998058136858,-6.150764750366364],[106.80160244425403,-6.151663065650483],[106.80160244425403,-6.149866435082244],[106.80070412896991,-6.149866435082244],[106.80070412896991,-6.148968119798125],[106.80250075953815,-6.149866435082244],[106.80339907482228,-6.148069804514005],[106.80070412896991,-6.148069804514005],[106.80070412896991,-6.147171489229886],[106.7998058136858,-6.147171489229886]]]},"id":"+118889-6844","properties":{"cls":1,"count":11}},{"type":"Feature","geometry":{"geodesic":false,"type":"Polygon","coordinates":[[[106.79890749840168,-6.161544533775798],[106.79800918311756,-6.161544533775798],[106.79800918311756,-6.162442849059918],[106.79621255254932,-6.162442849059918],[106.7953142372652,-6.164239479628157],[106.7998058136858,-6.164239479628157],[106.7998058136858,-6.166036110196396],[106.80070412896991,-6.166036110196396],[106.80070412896991,-6.164239479628157],[106.80160244425403,-6.164239479628157],[106.80160244425403,-6.15884958792344],[106.80070412896991,-6.15884958792344],[106.80070412896991,-6.15795127263932],[106.79800918311756,-6.15795127263932],[106.79800918311756,-6.15884958792344],[106.7998058136858,-6.15884958792344],[106.7998058136858,-6.159747903207559],[106.79711086783344,-6.159747903207559],[106.79711086783344,-6.160646218491679],[106.79890749840168,-6.160646218491679],[106.79890749840168,-6.161544533775798]],[[106.79890749840168,-6.161544533775798],[106.79890749840168,-6.163341164344037],[106.7998058136858,-6.163341164344037],[106.7998058136858,-6.161544533775798],[106.79890749840168,-6.161544533775798]]]},"id":"+118889-6856","properties":{"cls":1,"count":30}},{"type":"Feature","geometry":{"geodesic":false,"type":"Polygon","coordinates":[[[106.79890749840168,-6.187595677015264],[106.79890749840168,-6.188493992299384],[106.80070412896991,-6.189392307583503],[106.80070412896991,-6.187595677015264],[106.79890749840168,-6.187595677015264]]]},"id":"+118889-6889","properties":{"cls":1,"count":3}},{"type":"Feature","geometry":{"geodesic":false,"type":"Polygon","coordinates":[[[106.79890749840168,-6.0968658333191925],[106.79890749840168,-6.0977641486033125],[106.80160244425403,-6.099560779171552],[106.80160244425403,-6.0968658333191925],[106.79890749840168,-6.0968658333191925]]]},"id":"+118890-6788","properties":{"cls":1,"count":6}},{"type":"Feature","geometry":{"geodesic":false,"type":"Polygon","coordinates":[[[106.80070412896991,-6.107645616728627],[106.80160244425403,-6.107645616728627],[106.80160244425403,-6.106747301444507],[106.80070412896991,-6.106747301444507],[106.80070412896991,-6.107645616728627]]]},"id":"+118890-6799","properties":{"cls":1,"count":1}},{"type":"Feature","geometry":{"geodesic":false,"type":"Polygon","coordinates":[[[106.7998058136858,-6.124713607126898],[106.80160244425403,-6.124713607126898],[106.80160244425403,-6.123815291842778],[106.7998058136858,-6.123815291842778],[106.7998058136858,-6.124713607126898]]]},"id":"+118890-6818","properties":{"cls":1,"count":2}},{"type":"Feature","geometry":{"geodesic":false,"type":"Polygon","coordinates":[[[106.80070412896991,-6.147171489229886],[106.80160244425403,-6.147171489229886],[106.80160244425403,-6.146273173945766],[106.80070412896991,-6.146273173945766],[106.80070412896991,-6.147171489229886]]]},"id":"+118890-6843","properties":{"cls":1,"count":1}},{"type":"Feature","geometry":{"geodesic":false,"type":"Polygon","coordinates":[[[106.80160244425403,-6.099560779171552],[106.80160244425403,-6.10225572502391],[106.80339907482228,-6.10225572502391],[106.80339907482228,-6.101357409739791],[106.80250075953815,-6.101357409739791],[106.80250075953815,-6.099560779171552],[106.80160244425403,-6.099560779171552]]]},"id":"+118891-6791","properties":{"cls":1,"count":4}},{"type":"Feature","geometry":{"geodesic":false,"type":"Polygon","coordinates":[[[106.80160244425403,-6.1157304542857025],[106.80250075953815,-6.1157304542857025],[106.80250075953815,-6.114832139001583],[106.80160244425403,-6.114832139001583],[106.80160244425403,-6.1157304542857025]]]},"id":"+118891-6808","properties":{"cls":1,"count":1}},{"type":"Feature","geometry":{"geodesic":false,"type":"Polygon","coordinates":[[[106.80160244425403,-6.126510237695137],[106.80250075953815,-6.126510237695137],[106.80250075953815,-6.125611922411017],[106.80160244425403,-6.125611922411017],[106.80160244425403,-6.126510237695137]]]},"id":"+118891-6820","properties":{"cls":1,"count":1}},{"type":"Feature","geometry":{"geodesic":false,"type":"Polygon","coordinates":[[[106.80160244425403,-6.1534596962187225],[106.80250075953815,-6.1534596962187225],[106.80250075953815,-6.152561380934603],[106.80160244425403,-6.152561380934603],[106.80160244425403,-6.1534596962187225]]]},"id":"+118891-6850","properties":{"cls":1,"count":1}},{"type":"Feature","geometry":{"geodesic":false,"type":"Polygon","coordinates":[[[106.80160244425403,-6.15884958792344],[106.80250075953815,-6.15884958792344],[106.80250075953815,-6.15795127263932],[106.80160244425403,-6.15795127263932],[106.80160244425403,-6.15884958792344]]]},"id":"+118891-6856","properties":{"cls":1,"count":1}},{"type":"Feature","geometry":{"geodesic":false,"type":"Polygon","coordinates":[[[106.80250075953815,-6.0968658333191925],[106.80339907482228,-6.0968658333191925],[106.80339907482228,-6.094170887466834],[106.80250075953815,-6.094170887466834],[106.80250075953815,-6.0968658333191925]]]},"id":"+118892-6785","properties":{"cls":1,"count":3}},{"type":"Feature","geometry":{"geodesic":false,"type":"Polygon","coordinates":[[[106.80250075953815,-6.120222030706301],[106.80250075953815,-6.12112034599042],[106.80160244425403,-6.12112034599042],[106.80160244425403,-6.122916976558659],[106.80339907482228,-6.122916976558659],[106.80339907482228,-6.120222030706301],[106.80250075953815,-6.120222030706301]]]},"id":"+118892-6814","properties":{"cls":1,"count":5}},{"type":"Feature","geometry":{"geodesic":false,"type":"Polygon","coordinates":[[[106.80250075953815,-6.212748504970611],[106.80339907482228,-6.212748504970611],[106.80339907482228,-6.2109518744023715],[106.80250075953815,-6.2109518744023715],[106.80250075953815,-6.212748504970611]]]},"id":"+118892-6915","properties":{"cls":1,"count":2}},{"type":"Feature","geometry":{"geodesic":false,"type":"Polygon","coordinates":[[[106.80250075953815,-6.245087855198913],[106.80339907482228,-6.245087855198913],[106.80339907482228,-6.244189539914794],[106.80250075953815,-6.244189539914794],[106.80250075953815,-6.245087855198913]]]},"id":"+118892-6952","properties":{"cls":1,"count":1}},{"type":"Feature","geometry":{"geodesic":false,"type":"Polygon","coordinates":[[[106.80339907482228,-6.100459094455671],[106.8042973901064,-6.100459094455671],[106.8042973901064,-6.0968658333191925],[106.80339907482228,-6.0968658333191925],[106.80339907482228,-6.100459094455671]]]},"id":"+118893-6788","properties":{"cls":1,"count":4}},{"type":"Feature","geometry":{"geodesic":false,"type":"Polygon","coordinates":[[[106.80250075953815,-6.1552563267869616],[106.8042973901064,-6.1552563267869616],[106.8042973901064,-6.1543580115028425],[106.80250075953815,-6.1543580115028425],[106.80250075953815,-6.1552563267869616]]]},"id":"+118893-6852","properties":{"cls":1,"count":2}},{"type":"Feature","geometry":{"geodesic":false,"type":"Polygon","coordinates":[[[106.8042973901064,-6.10225572502391],[106.80519570539052,-6.10225572502391],[106.80519570539052,-6.101357409739791],[106.8042973901064,-6.101357409739791],[106.8042973901064,-6.10225572502391]]]},"id":"+118894-6793","properties":{"cls":1,"count":1}},{"type":"Feature","geometry":{"geodesic":false,"type":"Polygon","coordinates":[[[106.8042973901064,-6.103154040308029],[106.8042973901064,-6.104950670876268],[106.80250075953815,-6.104950670876268],[106.80250075953815,-6.106747301444507],[106.8042973901064,-6.106747301444507],[106.8042973901064,-6.110340562580985],[106.80609402067464,-6.110340562580985],[106.80609402067464,-6.104950670876268],[106.80519570539052,-6.104950670876268],[106.80519570539052,-6.103154040308029],[106.8042973901064,-6.103154040308029]]]},"id":"+118894-6795","properties":{"cls":1,"count":18}},{"type":"Feature","geometry":{"geodesic":false,"type":"Polygon","coordinates":[[[106.8042973901064,-6.295393511109607],[106.80519570539052,-6.295393511109607],[106.80519570539052,-6.294495195825488],[106.8042973901064,-6.294495195825488],[106.8042973901064,-6.295393511109607]]]},"id":"+118894-7008","properties":{"cls":1,"count":1}},{"type":"Feature","geometry":{"geodesic":false,"type":"Polygon","coordinates":[[[106.80519570539052,-6.171426001901113],[106.80519570539052,-6.1723243171852324],[106.80339907482228,-6.171426001901113],[106.80339907482228,-6.173222632469352],[106.8042973901064,-6.173222632469352],[106.8042973901064,-6.1741209477534715],[106.80609402067464,-6.1741209477534715],[106.80609402067464,-6.175019263037591],[106.8042973901064,-6.175917578321711],[106.80519570539052,-6.17771420888995],[106.80339907482228,-6.17771420888995],[106.8042973901064,-6.179510839458189],[106.80609402067464,-6.178612524174069],[106.80609402067464,-6.175917578321711],[106.80789065124287,-6.175019263037591],[106.80789065124287,-6.1741209477534715],[106.80968728181111,-6.1741209477534715],[106.80968728181111,-6.1723243171852324],[106.80878896652699,-6.1723243171852324],[106.80878896652699,-6.173222632469352],[106.80699233595875,-6.173222632469352],[106.80609402067464,-6.171426001901113],[106.80519570539052,-6.171426001901113]]]},"id":"+118895-6871","properties":{"cls":1,"count":24}},{"type":"Feature","geometry":{"geodesic":false,"type":"Polygon","coordinates":[[[106.80519570539052,-6.179510839458189],[106.80519570539052,-6.180409154742308],[106.80339907482228,-6.180409154742308],[106.80339907482228,-6.181307470026428],[106.80250075953815,-6.181307470026428],[106.80250075953815,-6.180409154742308],[106.80070412896991,-6.180409154742308],[106.80160244425403,-6.182205785310547],[106.80339907482228,-6.182205785310547],[106.80339907482228,-6.183104100594667],[106.80070412896991,-6.183104100594667],[106.80070412896991,-6.184900731162906],[106.80250075953815,-6.184900731162906],[106.80250075953815,-6.185799046447025],[106.80339907482228,-6.185799046447025],[106.80339907482228,-6.184002415878786],[106.8042973901064,-6.184002415878786],[106.8042973901064,-6.183104100594667],[106.80609402067464,-6.184002415878786],[106.80699233595875,-6.180409154742308],[106.80519570539052,-6.179510839458189]]]},"id":"+118895-6880","properties":{"cls":1,"count":25}},{"type":"Feature","geometry":{"geodesic":false,"type":"Polygon","coordinates":[[[106.80519570539052,-6.227121549516523],[106.80609402067464,-6.227121549516523],[106.80609402067464,-6.226223234232404],[106.80519570539052,-6.226223234232404],[106.80519570539052,-6.227121549516523]]]},"id":"+118895-6932","properties":{"cls":1,"count":1}},{"type":"Feature","geometry":{"geodesic":false,"type":"Polygon","coordinates":[[[106.80609402067464,-6.1157304542857025],[106.80699233595875,-6.1157304542857025],[106.80699233595875,-6.113035508433344],[106.80609402067464,-6.113035508433344],[106.80609402067464,-6.1157304542857025]]]},"id":"+118896-6806","properties":{"cls":1,"count":3}},{"type":"Feature","geometry":{"geodesic":false,"type":"Polygon","coordinates":[[[106.8042973901064,-6.15884958792344],[106.8042973901064,-6.159747903207559],[106.80609402067464,-6.159747903207559],[106.80609402067464,-6.160646218491679],[106.80699233595875,-6.160646218491679],[106.80699233595875,-6.15884958792344],[106.8042973901064,-6.15884958792344]]]},"id":"+118896-6857","properties":{"cls":1,"count":4}},{"type":"Feature","geometry":{"geodesic":false,"type":"Polygon","coordinates":[[[106.80609402067464,-6.170527686616993],[106.80699233595875,-6.170527686616993],[106.80699233595875,-6.169629371332874],[106.80609402067464,-6.169629371332874],[106.80609402067464,-6.170527686616993]]]},"id":"+118896-6869","properties":{"cls":1,"count":1}},{"type":"Feature","geometry":{"geodesic":false,"type":"Polygon","coordinates":[[[106.80609402067464,-6.228019864800642],[106.80609402067464,-6.228918180084762],[106.8042973901064,-6.228918180084762],[106.8042973901064,-6.2298164953688815],[106.80609402067464,-6.2298164953688815],[106.80609402067464,-6.2307148106530015],[106.80699233595875,-6.2307148106530015],[106.80699233595875,-6.228019864800642],[106.80609402067464,-6.228019864800642]]]},"id":"+118896-6934","properties":{"cls":1,"count":5}},{"type":"Feature","geometry":{"geodesic":false,"type":"Polygon","coordinates":[[[106.80609402067464,-6.297190141677846],[106.80789065124287,-6.297190141677846],[106.80789065124287,-6.296291826393727],[106.80609402067464,-6.296291826393727],[106.80609402067464,-6.297190141677846]]]},"id":"+118897-7010","properties":{"cls":1,"count":2}},{"type":"Feature","geometry":{"geodesic":false,"type":"Polygon","coordinates":[[[106.80789065124287,-6.1166287695698225],[106.80878896652699,-6.1166287695698225],[106.80878896652699,-6.1157304542857025],[106.80789065124287,-6.1157304542857025],[106.80789065124287,-6.1166287695698225]]]},"id":"+118898-6809","properties":{"cls":1,"count":1}},{"type":"Feature","geometry":{"geodesic":false,"type":"Polygon","coordinates":[[[106.80789065124287,-6.119323715422181],[106.80878896652699,-6.119323715422181],[106.80878896652699,-6.117527084853942],[106.80789065124287,-6.117527084853942],[106.80789065124287,-6.119323715422181]]]},"id":"+118898-6811","properties":{"cls":1,"count":2}},{"type":"Feature","geometry":{"geodesic":false,"type":"Polygon","coordinates":[[[106.80789065124287,-6.122916976558659],[106.80789065124287,-6.124713607126898],[106.80878896652699,-6.124713607126898],[106.80878896652699,-6.126510237695137],[106.80968728181111,-6.126510237695137],[106.80968728181111,-6.123815291842778],[106.80789065124287,-6.122916976558659]]]},"id":"+118898-6817","properties":{"cls":1,"count":5}},{"type":"Feature","geometry":{"geodesic":false,"type":"Polygon","coordinates":[[[106.80878896652699,-6.156154642071081],[106.80968728181111,-6.156154642071081],[106.80968728181111,-6.1552563267869616],[106.80878896652699,-6.1552563267869616],[106.80878896652699,-6.156154642071081]]]},"id":"+118899-6853","properties":{"cls":1,"count":1}},{"type":"Feature","geometry":{"geodesic":false,"type":"Polygon","coordinates":[[[106.80789065124287,-6.175019263037591],[106.80789065124287,-6.175917578321711],[106.80699233595875,-6.175917578321711],[106.80699233595875,-6.17771420888995],[106.80878896652699,-6.17771420888995],[106.80878896652699,-6.17681589360583],[106.80968728181111,-6.17681589360583],[106.80968728181111,-6.175019263037591],[106.80789065124287,-6.175019263037591]]]},"id":"+118899-6875","properties":{"cls":1,"count":7}},{"type":"Feature","geometry":{"geodesic":false,"type":"Polygon","coordinates":[[[106.80878896652699,-6.19568051457234],[106.80968728181111,-6.19568051457234],[106.80968728181111,-6.191188938151742],[106.80878896652699,-6.191188938151742],[106.80878896652699,-6.19568051457234]]]},"id":"+118899-6893","properties":{"cls":1,"count":5}},{"type":"Feature","geometry":{"geodesic":false,"type":"Polygon","coordinates":[[[106.80968728181111,-6.132798444683973],[106.81058559709523,-6.132798444683973],[106.81058559709523,-6.131900129399854],[106.80968728181111,-6.131900129399854],[106.80968728181111,-6.132798444683973]]]},"id":"+118900-6827","properties":{"cls":1,"count":1}},{"type":"Feature","geometry":{"geodesic":false,"type":"Polygon","coordinates":[[[106.80968728181111,-6.166934425480515],[106.81058559709523,-6.166934425480515],[106.81058559709523,-6.166036110196396],[106.80968728181111,-6.166036110196396],[106.80968728181111,-6.166934425480515]]]},"id":"+118900-6865","properties":{"cls":1,"count":1}},{"type":"Feature","geometry":{"geodesic":false,"type":"Polygon","coordinates":[[[106.80968728181111,-6.170527686616993],[106.81058559709523,-6.170527686616993],[106.81058559709523,-6.169629371332874],[106.80968728181111,-6.169629371332874],[106.80968728181111,-6.170527686616993]]]},"id":"+118900-6869","properties":{"cls":1,"count":1}},{"type":"Feature","geometry":{"geodesic":false,"type":"Polygon","coordinates":[[[106.81058559709523,-6.12112034599042],[106.81148391237934,-6.12112034599042],[106.81148391237934,-6.120222030706301],[106.81058559709523,-6.120222030706301],[106.81058559709523,-6.12112034599042]]]},"id":"+118901-6814","properties":{"cls":1,"count":1}},{"type":"Feature","geometry":{"geodesic":false,"type":"Polygon","coordinates":[[[106.81058559709523,-6.188493992299384],[106.81148391237934,-6.188493992299384],[106.81148391237934,-6.186697361731145],[106.81058559709523,-6.186697361731145],[106.81058559709523,-6.188493992299384]]]},"id":"+118901-6888","properties":{"cls":1,"count":2}},{"type":"Feature","geometry":{"geodesic":false,"type":"Polygon","coordinates":[[[106.81148391237934,-6.122916976558659],[106.81238222766346,-6.122916976558659],[106.81238222766346,-6.122018661274539],[106.81148391237934,-6.122018661274539],[106.81148391237934,-6.122916976558659]]]},"id":"+118902-6816","properties":{"cls":1,"count":1}},{"type":"Feature","geometry":{"geodesic":false,"type":"Polygon","coordinates":[[[106.81148391237934,-6.166036110196396],[106.81058559709523,-6.167832740764635],[106.80699233595875,-6.166934425480515],[106.80699233595875,-6.168731056048754],[106.80789065124287,-6.168731056048754],[106.80789065124287,-6.169629371332874],[106.80878896652699,-6.169629371332874],[106.80878896652699,-6.168731056048754],[106.81058559709523,-6.168731056048754],[106.81058559709523,-6.169629371332874],[106.81148391237934,-6.169629371332874],[106.81148391237934,-6.168731056048754],[106.81238222766346,-6.168731056048754],[106.81238222766346,-6.166036110196396],[106.81148391237934,-6.166036110196396]]]},"id":"+118902-6865","properties":{"cls":1,"count":13}},{"type":"Feature","geometry":{"geodesic":false,"type":"Polygon","coordinates":[[[106.81148391237934,-6.219036711959448],[106.81238222766346,-6.219036711959448],[106.81238222766346,-6.218138396675328],[106.81148391237934,-6.218138396675328],[106.81148391237934,-6.219036711959448]]]},"id":"+118902-6923","properties":{"cls":1,"count":1}},{"type":"Feature","geometry":{"geodesic":false,"type":"Polygon","coordinates":[[[106.81238222766346,-6.120222030706301],[106.8132805429476,-6.120222030706301],[106.8132805429476,-6.119323715422181],[106.81238222766346,-6.119323715422181],[106.81238222766346,-6.120222030706301]]]},"id":"+118903-6813","properties":{"cls":1,"count":1}},{"type":"Feature","geometry":{"geodesic":false,"type":"Polygon","coordinates":[[[106.81238222766346,-6.161544533775798],[106.81238222766346,-6.164239479628157],[106.8132805429476,-6.164239479628157],[106.8132805429476,-6.162442849059918],[106.81417885823171,-6.162442849059918],[106.81417885823171,-6.161544533775798],[106.81238222766346,-6.161544533775798]]]},"id":"+118904-6860","properties":{"cls":1,"count":4}},{"type":"Feature","geometry":{"geodesic":false,"type":"Polygon","coordinates":[[[106.8132805429476,-6.166036110196396],[106.81417885823171,-6.166036110196396],[106.81417885823171,-6.164239479628157],[106.8132805429476,-6.164239479628157],[106.8132805429476,-6.166036110196396]]]},"id":"+118904-6863","properties":{"cls":1,"count":2}},{"type":"Feature","geometry":{"geodesic":false,"type":"Polygon","coordinates":[[[106.81417885823171,-6.145374858661647],[106.81507717351583,-6.145374858661647],[106.81507717351583,-6.144476543377527],[106.81417885823171,-6.144476543377527],[106.81417885823171,-6.145374858661647]]]},"id":"+118905-6841","properties":{"cls":1,"count":1}},{"type":"Feature","geometry":{"geodesic":false,"type":"Polygon","coordinates":[[[106.81148391237934,-6.169629371332874],[106.81148391237934,-6.171426001901113],[106.81238222766346,-6.171426001901113],[106.81238222766346,-6.1723243171852324],[106.8132805429476,-6.1723243171852324],[106.8132805429476,-6.171426001901113],[106.81507717351583,-6.171426001901113],[106.81507717351583,-6.169629371332874],[106.81148391237934,-6.169629371332874]]]},"id":"+118905-6869","properties":{"cls":1,"count":9}},{"type":"Feature","geometry":{"geodesic":false,"type":"Polygon","coordinates":[[[106.81417885823171,-6.221731657811806],[106.81507717351583,-6.221731657811806],[106.81507717351583,-6.220833342527687],[106.81417885823171,-6.220833342527687],[106.81417885823171,-6.221731657811806]]]},"id":"+118905-6926","properties":{"cls":1,"count":1}},{"type":"Feature","geometry":{"geodesic":false,"type":"Polygon","coordinates":[[[106.81507717351583,-6.120222030706301],[106.81597548879995,-6.120222030706301],[106.81597548879995,-6.119323715422181],[106.81507717351583,-6.119323715422181],[106.81507717351583,-6.120222030706301]]]},"id":"+118906-6813","properties":{"cls":1,"count":1}},{"type":"Feature","geometry":{"geodesic":false,"type":"Polygon","coordinates":[[[106.81417885823171,-6.148968119798125],[106.81417885823171,-6.150764750366364],[106.81507717351583,-6.150764750366364],[106.81597548879995,-6.148968119798125],[106.81417885823171,-6.148968119798125]]]},"id":"+118906-6846","properties":{"cls":1,"count":3}},{"type":"Feature","geometry":{"geodesic":false,"type":"Polygon","coordinates":[[[106.81597548879995,-6.224426603664165],[106.81687380408407,-6.224426603664165],[106.81687380408407,-6.223528288380045],[106.81597548879995,-6.223528288380045],[106.81597548879995,-6.224426603664165]]]},"id":"+118907-6929","properties":{"cls":1,"count":1}},{"type":"Feature","geometry":{"geodesic":false,"type":"Polygon","coordinates":[[[106.81687380408407,-6.151663065650483],[106.81777211936819,-6.151663065650483],[106.81777211936819,-6.150764750366364],[106.81687380408407,-6.150764750366364],[106.81687380408407,-6.151663065650483]]]},"id":"+118908-6848","properties":{"cls":1,"count":1}},{"type":"Feature","geometry":{"geodesic":false,"type":"Polygon","coordinates":[[[106.81777211936819,-6.114832139001583],[106.81777211936819,-6.1157304542857025],[106.81687380408407,-6.1157304542857025],[106.81687380408407,-6.117527084853942],[106.81777211936819,-6.117527084853942],[106.81777211936819,-6.1166287695698225],[106.82046706522054,-6.1166287695698225],[106.81956874993642,-6.114832139001583],[106.81777211936819,-6.114832139001583]]]},"id":"+118910-6808","properties":{"cls":1,"count":7}},{"type":"Feature","geometry":{"geodesic":false,"type":"Polygon","coordinates":[[[106.81956874993642,-6.316953077928475],[106.82046706522054,-6.316953077928475],[106.82046706522054,-6.316054762644356],[106.81956874993642,-6.316054762644356],[106.81956874993642,-6.316953077928475]]]},"id":"+118911-7032","properties":{"cls":1,"count":1}},{"type":"Feature","geometry":{"geodesic":false,"type":"Polygon","coordinates":[[[106.82046706522054,-6.235206387073599],[106.82136538050466,-6.235206387073599],[106.82136538050466,-6.23430807178948],[106.82046706522054,-6.23430807178948],[106.82046706522054,-6.235206387073599]]]},"id":"+118912-6941","properties":{"cls":1,"count":1}},{"type":"Feature","geometry":{"geodesic":false,"type":"Polygon","coordinates":[[[106.82136538050466,-6.316953077928475],[106.82226369578878,-6.316953077928475],[106.82226369578878,-6.316054762644356],[106.82136538050466,-6.316054762644356],[106.82136538050466,-6.316953077928475]]]},"id":"+118913-7032","properties":{"cls":1,"count":1}},{"type":"Feature","geometry":{"geodesic":false,"type":"Polygon","coordinates":[[[106.82226369578878,-6.147171489229886],[106.82316201107291,-6.147171489229886],[106.82316201107291,-6.146273173945766],[106.82226369578878,-6.146273173945766],[106.82226369578878,-6.147171489229886]]]},"id":"+118914-6843","properties":{"cls":1,"count":1}},{"type":"Feature","geometry":{"geodesic":false,"type":"Polygon","coordinates":[[[106.82226369578878,-6.194782199288221],[106.82316201107291,-6.194782199288221],[106.82316201107291,-6.193883884004101],[106.82226369578878,-6.193883884004101],[106.82226369578878,-6.194782199288221]]]},"id":"+118914-6896","properties":{"cls":1,"count":1}},{"type":"Feature","geometry":{"geodesic":false,"type":"Polygon","coordinates":[[[106.82226369578878,-6.313359816791998],[106.82316201107291,-6.313359816791998],[106.82316201107291,-6.312461501507878],[106.82226369578878,-6.312461501507878],[106.82226369578878,-6.313359816791998]]]},"id":"+118914-7028","properties":{"cls":1,"count":1}},{"type":"Feature","geometry":{"geodesic":false,"type":"Polygon","coordinates":[[[106.82316201107291,-6.19568051457234],[106.82406032635703,-6.19568051457234],[106.82406032635703,-6.194782199288221],[106.82316201107291,-6.194782199288221],[106.82316201107291,-6.19568051457234]]]},"id":"+118915-6897","properties":{"cls":1,"count":1}},{"type":"Feature","geometry":{"geodesic":false,"type":"Polygon","coordinates":[[[106.82316201107291,-6.143578228093408],[106.82495864164115,-6.143578228093408],[106.82495864164115,-6.142679912809288],[106.82316201107291,-6.142679912809288],[106.82316201107291,-6.143578228093408]]]},"id":"+118916-6839","properties":{"cls":1,"count":2}},{"type":"Feature","geometry":{"geodesic":false,"type":"Polygon","coordinates":[[[106.82495864164115,-6.142679912809288],[106.82585695692526,-6.142679912809288],[106.82585695692526,-6.141781597525169],[106.82495864164115,-6.141781597525169],[106.82495864164115,-6.142679912809288]]]},"id":"+118917-6838","properties":{"cls":1,"count":1}},{"type":"Feature","geometry":{"geodesic":false,"type":"Polygon","coordinates":[[[106.82316201107291,-6.148968119798125],[106.82585695692526,-6.148968119798125],[106.82585695692526,-6.148069804514005],[106.82316201107291,-6.148069804514005],[106.82316201107291,-6.148968119798125]]]},"id":"+118917-6845","properties":{"cls":1,"count":3}},{"type":"Feature","geometry":{"geodesic":false,"type":"Polygon","coordinates":[[[106.82585695692526,-6.1166287695698225],[106.82675527220938,-6.1166287695698225],[106.82675527220938,-6.1157304542857025],[106.82585695692526,-6.1157304542857025],[106.82585695692526,-6.1166287695698225]]]},"id":"+118918-6809","properties":{"cls":1,"count":1}},{"type":"Feature","geometry":{"geodesic":false,"type":"Polygon","coordinates":[[[106.82585695692526,-6.131001814115734],[106.82675527220938,-6.131001814115734],[106.82675527220938,-6.130103498831615],[106.82585695692526,-6.130103498831615],[106.82585695692526,-6.131001814115734]]]},"id":"+118918-6825","properties":{"cls":1,"count":1}},{"type":"Feature","geometry":{"geodesic":false,"type":"Polygon","coordinates":[[[106.82675527220938,-6.117527084853942],[106.8276535874935,-6.117527084853942],[106.8276535874935,-6.1166287695698225],[106.82675527220938,-6.1166287695698225],[106.82675527220938,-6.117527084853942]]]},"id":"+118919-6810","properties":{"cls":1,"count":1}},{"type":"Feature","geometry":{"geodesic":false,"type":"Polygon","coordinates":[[[106.82675527220938,-6.143578228093408],[106.8276535874935,-6.143578228093408],[106.8276535874935,-6.142679912809288],[106.82675527220938,-6.142679912809288],[106.82675527220938,-6.143578228093408]]]},"id":"+118919-6839","properties":{"cls":1,"count":1}},{"type":"Feature","geometry":{"geodesic":false,"type":"Polygon","coordinates":[[[106.82406032635703,-6.204663667413535],[106.8276535874935,-6.204663667413535],[106.8276535874935,-6.203765352129416],[106.82406032635703,-6.203765352129416],[106.82406032635703,-6.204663667413535]]]},"id":"+118919-6907","properties":{"cls":1,"count":4}},{"type":"Feature","geometry":{"geodesic":false,"type":"Polygon","coordinates":[[[106.8276535874935,-6.129205183547495],[106.82855190277762,-6.129205183547495],[106.82855190277762,-6.128306868263376],[106.8276535874935,-6.128306868263376],[106.8276535874935,-6.129205183547495]]]},"id":"+118920-6823","properties":{"cls":1,"count":1}},{"type":"Feature","geometry":{"geodesic":false,"type":"Polygon","coordinates":[[[106.82585695692526,-6.180409154742308],[106.82585695692526,-6.181307470026428],[106.82495864164115,-6.181307470026428],[106.82495864164115,-6.182205785310547],[106.82585695692526,-6.182205785310547],[106.82585695692526,-6.183104100594667],[106.82495864164115,-6.183104100594667],[106.82495864164115,-6.184900731162906],[106.82585695692526,-6.184900731162906],[106.82585695692526,-6.184002415878786],[106.8276535874935,-6.184002415878786],[106.8276535874935,-6.182205785310547],[106.82855190277762,-6.182205785310547],[106.82855190277762,-6.180409154742308],[106.82585695692526,-6.180409154742308]]]},"id":"+118920-6881","properties":{"cls":1,"count":13}},{"type":"Feature","geometry":{"geodesic":false,"type":"Polygon","coordinates":[[[106.8276535874935,-6.225324918948284],[106.82855190277762,-6.225324918948284],[106.82855190277762,-6.223528288380045],[106.8276535874935,-6.223528288380045],[106.8276535874935,-6.225324918948284]]]},"id":"+118920-6929","properties":{"cls":1,"count":2}},{"type":"Feature","geometry":{"geodesic":false,"type":"Polygon","coordinates":[[[106.8276535874935,-6.236104702357719],[106.82855190277762,-6.236104702357719],[106.82855190277762,-6.235206387073599],[106.8276535874935,-6.235206387073599],[106.8276535874935,-6.236104702357719]]]},"id":"+118920-6942","properties":{"cls":1,"count":1}},{"type":"Feature","geometry":{"geodesic":false,"type":"Polygon","coordinates":[[[106.82855190277762,-6.122916976558659],[106.82945021806174,-6.122916976558659],[106.82945021806174,-6.119323715422181],[106.82855190277762,-6.119323715422181],[106.82855190277762,-6.122916976558659]]]},"id":"+118921-6813","properties":{"cls":1,"count":4}},{"type":"Feature","geometry":{"geodesic":false,"type":"Polygon","coordinates":[[[106.82855190277762,-6.206460297981774],[106.82945021806174,-6.206460297981774],[106.82945021806174,-6.205561982697655],[106.82855190277762,-6.205561982697655],[106.82855190277762,-6.206460297981774]]]},"id":"+118921-6909","properties":{"cls":1,"count":1}},{"type":"Feature","geometry":{"geodesic":false,"type":"Polygon","coordinates":[[[106.82945021806174,-6.125611922411017],[106.83034853334586,-6.125611922411017],[106.83034853334586,-6.123815291842778],[106.82945021806174,-6.123815291842778],[106.82945021806174,-6.125611922411017]]]},"id":"+118922-6818","properties":{"cls":1,"count":2}},{"type":"Feature","geometry":{"geodesic":false,"type":"Polygon","coordinates":[[[106.82945021806174,-6.127408552979256],[106.83034853334586,-6.127408552979256],[106.83034853334586,-6.126510237695137],[106.82945021806174,-6.126510237695137],[106.82945021806174,-6.127408552979256]]]},"id":"+118922-6821","properties":{"cls":1,"count":1}},{"type":"Feature","geometry":{"geodesic":false,"type":"Polygon","coordinates":[[[106.82945021806174,-6.219036711959448],[106.83034853334586,-6.219036711959448],[106.83034853334586,-6.217240081391209],[106.82945021806174,-6.217240081391209],[106.82945021806174,-6.219036711959448]]]},"id":"+118922-6922","properties":{"cls":1,"count":2}},{"type":"Feature","geometry":{"geodesic":false,"type":"Polygon","coordinates":[[[106.83034853334586,-6.131900129399854],[106.83034853334586,-6.1345950752522125],[106.83124684862997,-6.1345950752522125],[106.83124684862997,-6.1354933905363325],[106.83034853334586,-6.1354933905363325],[106.83034853334586,-6.137290021104572],[106.83573842505058,-6.136391705820452],[106.83573842505058,-6.133696759968093],[106.83484010976646,-6.133696759968093],[106.83484010976646,-6.1345950752522125],[106.83304347919822,-6.1345950752522125],[106.83304347919822,-6.132798444683973],[106.83124684862997,-6.133696759968093],[106.83124684862997,-6.131900129399854],[106.83034853334586,-6.131900129399854]]]},"id":"+118923-6827","properties":{"cls":1,"count":21}},{"type":"Feature","geometry":{"geodesic":false,"type":"Polygon","coordinates":[[[106.83034853334586,-6.13998496695693],[106.83124684862997,-6.13998496695693],[106.83124684862997,-6.13908665167281],[106.83034853334586,-6.13908665167281],[106.83034853334586,-6.13998496695693]]]},"id":"+118923-6835","properties":{"cls":1,"count":1}},{"type":"Feature","geometry":{"geodesic":false,"type":"Polygon","coordinates":[[[106.83034853334586,-6.17771420888995],[106.83124684862997,-6.17771420888995],[106.83124684862997,-6.17681589360583],[106.83034853334586,-6.17681589360583],[106.83034853334586,-6.17771420888995]]]},"id":"+118923-6877","properties":{"cls":1,"count":1}},{"type":"Feature","geometry":{"geodesic":false,"type":"Polygon","coordinates":[[[106.83034853334586,-6.209155243834132],[106.83124684862997,-6.209155243834132],[106.83124684862997,-6.208256928550013],[106.83034853334586,-6.208256928550013],[106.83034853334586,-6.209155243834132]]]},"id":"+118923-6912","properties":{"cls":1,"count":1}},{"type":"Feature","geometry":{"geodesic":false,"type":"Polygon","coordinates":[[[106.83124684862997,-6.159747903207559],[106.83214516391409,-6.159747903207559],[106.83214516391409,-6.15884958792344],[106.83124684862997,-6.15884958792344],[106.83124684862997,-6.159747903207559]]]},"id":"+118924-6857","properties":{"cls":1,"count":1}},{"type":"Feature","geometry":{"geodesic":false,"type":"Polygon","coordinates":[[[106.83124684862997,-6.178612524174069],[106.83214516391409,-6.178612524174069],[106.83214516391409,-6.17771420888995],[106.83124684862997,-6.17771420888995],[106.83124684862997,-6.178612524174069]]]},"id":"+118924-6878","properties":{"cls":1,"count":1}},{"type":"Feature","geometry":{"geodesic":false,"type":"Polygon","coordinates":[[[106.83124684862997,-6.130103498831615],[106.83304347919822,-6.130103498831615],[106.83304347919822,-6.129205183547495],[106.83124684862997,-6.129205183547495],[106.83124684862997,-6.130103498831615]]]},"id":"+118925-6824","properties":{"cls":1,"count":2}},{"type":"Feature","geometry":{"geodesic":false,"type":"Polygon","coordinates":[[[106.83124684862997,-6.166036110196396],[106.83124684862997,-6.166934425480515],[106.83304347919822,-6.167832740764635],[106.83304347919822,-6.166036110196396],[106.83124684862997,-6.166036110196396]]]},"id":"+118925-6865","properties":{"cls":1,"count":3}},{"type":"Feature","geometry":{"geodesic":false,"type":"Polygon","coordinates":[[[106.83214516391409,-6.223528288380045],[106.83214516391409,-6.225324918948284],[106.83394179448234,-6.225324918948284],[106.83304347919822,-6.223528288380045],[106.83214516391409,-6.223528288380045]]]},"id":"+118925-6929","properties":{"cls":1,"count":3}},{"type":"Feature","geometry":{"geodesic":false,"type":"Polygon","coordinates":[[[106.83214516391409,-6.227121549516523],[106.83304347919822,-6.227121549516523],[106.83304347919822,-6.226223234232404],[106.83214516391409,-6.226223234232404],[106.83214516391409,-6.227121549516523]]]},"id":"+118925-6932","properties":{"cls":1,"count":1}},{"type":"Feature","geometry":{"geodesic":false,"type":"Polygon","coordinates":[[[106.8366367403347,-6.125611922411017],[106.83753505561882,-6.125611922411017],[106.83753505561882,-6.124713607126898],[106.8366367403347,-6.124713607126898],[106.8366367403347,-6.125611922411017]]]},"id":"+118930-6819","properties":{"cls":1,"count":1}},{"type":"Feature","geometry":{"geodesic":false,"type":"Polygon","coordinates":[[[106.8366367403347,-6.129205183547495],[106.83753505561882,-6.129205183547495],[106.83753505561882,-6.128306868263376],[106.8366367403347,-6.128306868263376],[106.8366367403347,-6.129205183547495]]]},"id":"+118930-6823","properties":{"cls":1,"count":1}},{"type":"Feature","geometry":{"geodesic":false,"type":"Polygon","coordinates":[[[106.8366367403347,-6.152561380934603],[106.83753505561882,-6.152561380934603],[106.83753505561882,-6.151663065650483],[106.8366367403347,-6.151663065650483],[106.8366367403347,-6.152561380934603]]]},"id":"+118930-6849","properties":{"cls":1,"count":1}},{"type":"Feature","geometry":{"geodesic":false,"type":"Polygon","coordinates":[[[106.8366367403347,-6.1543580115028425],[106.8366367403347,-6.156154642071081],[106.83484010976646,-6.1552563267869616],[106.83484010976646,-6.156154642071081],[106.83394179448234,-6.156154642071081],[106.83394179448234,-6.15795127263932],[106.83214516391409,-6.15795127263932],[106.83214516391409,-6.15884958792344],[106.83304347919822,-6.15884958792344],[106.83304347919822,-6.161544533775798],[106.83214516391409,-6.161544533775798],[106.83124684862997,-6.163341164344037],[106.83573842505058,-6.164239479628157],[106.8366367403347,-6.159747903207559],[106.83843337090293,-6.15884958792344],[106.83843337090293,-6.15795127263932],[106.83753505561882,-6.15795127263932],[106.83753505561882,-6.1552563267869616],[106.83843337090293,-6.1552563267869616],[106.83843337090293,-6.1543580115028425],[106.8366367403347,-6.1543580115028425]],[[106.83484010976646,-6.160646218491679],[106.83394179448234,-6.160646218491679],[106.83394179448234,-6.161544533775798],[106.83484010976646,-6.161544533775798],[106.83484010976646,-6.160646218491679]]]},"id":"+118931-6852","properties":{"cls":1,"count":43}},{"type":"Feature","geometry":{"geodesic":false,"type":"Polygon","coordinates":[[[106.84023000147117,-6.1543580115028425],[106.84202663203942,-6.1543580115028425],[106.84202663203942,-6.1534596962187225],[106.84023000147117,-6.1534596962187225],[106.84023000147117,-6.1543580115028425]]]},"id":"+118935-6851","properties":{"cls":1,"count":2}},{"type":"Feature","geometry":{"geodesic":false,"type":"Polygon","coordinates":[[[106.84112831675529,-6.1552563267869616],[106.84023000147117,-6.157052957355201],[106.84202663203942,-6.157052957355201],[106.84202663203942,-6.1552563267869616],[106.84112831675529,-6.1552563267869616]]]},"id":"+118935-6853","properties":{"cls":1,"count":3}},{"type":"Feature","geometry":{"geodesic":false,"type":"Polygon","coordinates":[[[106.84202663203942,-6.128306868263376],[106.84292494732354,-6.128306868263376],[106.84292494732354,-6.127408552979256],[106.84202663203942,-6.127408552979256],[106.84202663203942,-6.128306868263376]]]},"id":"+118936-6822","properties":{"cls":1,"count":1}},{"type":"Feature","geometry":{"geodesic":false,"type":"Polygon","coordinates":[[[106.84202663203942,-6.12112034599042],[106.84202663203942,-6.122916976558659],[106.84292494732354,-6.122916976558659],[106.84382326260766,-6.12112034599042],[106.84202663203942,-6.12112034599042]]]},"id":"+118937-6815","properties":{"cls":1,"count":3}},{"type":"Feature","geometry":{"geodesic":false,"type":"Polygon","coordinates":[[[106.84292494732354,-6.199273775708818],[106.84382326260766,-6.199273775708818],[106.84382326260766,-6.198375460424699],[106.84292494732354,-6.198375460424699],[106.84292494732354,-6.199273775708818]]]},"id":"+118937-6901","properties":{"cls":1,"count":1}},{"type":"Feature","geometry":{"geodesic":false,"type":"Polygon","coordinates":[[[106.84382326260766,-6.128306868263376],[106.84472157789178,-6.128306868263376],[106.84472157789178,-6.127408552979256],[106.84382326260766,-6.127408552979256],[106.84382326260766,-6.128306868263376]]]},"id":"+118938-6822","properties":{"cls":1,"count":1}},{"type":"Feature","geometry":{"geodesic":false,"type":"Polygon","coordinates":[[[106.84472157789178,-6.127408552979256],[106.8456198931759,-6.127408552979256],[106.8456198931759,-6.126510237695137],[106.84472157789178,-6.126510237695137],[106.84472157789178,-6.127408552979256]]]},"id":"+118939-6821","properties":{"cls":1,"count":1}},{"type":"Feature","geometry":{"geodesic":false,"type":"Polygon","coordinates":[[[106.8456198931759,-6.128306868263376],[106.84651820846001,-6.128306868263376],[106.84651820846001,-6.127408552979256],[106.8456198931759,-6.127408552979256],[106.8456198931759,-6.128306868263376]]]},"id":"+118940-6822","properties":{"cls":1,"count":1}},{"type":"Feature","geometry":{"geodesic":false,"type":"Polygon","coordinates":[[[106.8456198931759,-6.13908665167281],[106.84651820846001,-6.13908665167281],[106.84651820846001,-6.138188336388691],[106.8456198931759,-6.138188336388691],[106.8456198931759,-6.13908665167281]]]},"id":"+118940-6834","properties":{"cls":1,"count":1}},{"type":"Feature","geometry":{"geodesic":false,"type":"Polygon","coordinates":[[[106.84651820846001,-6.127408552979256],[106.84741652374413,-6.127408552979256],[106.84741652374413,-6.126510237695137],[106.84651820846001,-6.126510237695137],[106.84651820846001,-6.127408552979256]]]},"id":"+118941-6821","properties":{"cls":1,"count":1}},{"type":"Feature","geometry":{"geodesic":false,"type":"Polygon","coordinates":[[[106.84472157789178,-6.150764750366364],[106.84741652374413,-6.150764750366364],[106.84741652374413,-6.149866435082244],[106.84472157789178,-6.149866435082244],[106.84472157789178,-6.150764750366364]]]},"id":"+118941-6847","properties":{"cls":1,"count":3}},{"type":"Feature","geometry":{"geodesic":false,"type":"Polygon","coordinates":[[[106.84741652374413,-6.131900129399854],[106.84831483902825,-6.131900129399854],[106.84831483902825,-6.131001814115734],[106.84741652374413,-6.131001814115734],[106.84741652374413,-6.131900129399854]]]},"id":"+118942-6826","properties":{"cls":1,"count":1}},{"type":"Feature","geometry":{"geodesic":false,"type":"Polygon","coordinates":[[[106.84741652374413,-6.1345950752522125],[106.84831483902825,-6.1345950752522125],[106.84831483902825,-6.133696759968093],[106.84741652374413,-6.133696759968093],[106.84741652374413,-6.1345950752522125]]]},"id":"+118942-6829","properties":{"cls":1,"count":1}},{"type":"Feature","geometry":{"geodesic":false,"type":"Polygon","coordinates":[[[106.84741652374413,-6.136391705820452],[106.84831483902825,-6.136391705820452],[106.84831483902825,-6.1354933905363325],[106.84741652374413,-6.1354933905363325],[106.84741652374413,-6.136391705820452]]]},"id":"+118942-6831","properties":{"cls":1,"count":1}},{"type":"Feature","geometry":{"geodesic":false,"type":"Polygon","coordinates":[[[106.84831483902825,-6.120222030706301],[106.84921315431237,-6.120222030706301],[106.84921315431237,-6.119323715422181],[106.84831483902825,-6.119323715422181],[106.84831483902825,-6.120222030706301]]]},"id":"+118943-6813","properties":{"cls":1,"count":1}},{"type":"Feature","geometry":{"geodesic":false,"type":"Polygon","coordinates":[[[106.84831483902825,-6.137290021104572],[106.84921315431237,-6.137290021104572],[106.84921315431237,-6.136391705820452],[106.84831483902825,-6.136391705820452],[106.84831483902825,-6.137290021104572]]]},"id":"+118943-6832","properties":{"cls":1,"count":1}},{"type":"Feature","geometry":{"geodesic":false,"type":"Polygon","coordinates":[[[106.84741652374413,-6.256765953892468],[106.84921315431237,-6.256765953892468],[106.84921315431237,-6.255867638608348],[106.84741652374413,-6.255867638608348],[106.84741652374413,-6.256765953892468]]]},"id":"+118943-6965","properties":{"cls":1,"count":2}},{"type":"Feature","geometry":{"geodesic":false,"type":"Polygon","coordinates":[[[106.84831483902825,-6.13908665167281],[106.8510097848806,-6.13908665167281],[106.8510097848806,-6.138188336388691],[106.84831483902825,-6.138188336388691],[106.84831483902825,-6.13908665167281]]]},"id":"+118945-6834","properties":{"cls":1,"count":3}},{"type":"Feature","geometry":{"geodesic":false,"type":"Polygon","coordinates":[[[106.84831483902825,-6.126510237695137],[106.85190810016474,-6.126510237695137],[106.85190810016474,-6.125611922411017],[106.84831483902825,-6.125611922411017],[106.84831483902825,-6.126510237695137]]]},"id":"+118946-6820","properties":{"cls":1,"count":4}},{"type":"Feature","geometry":{"geodesic":false,"type":"Polygon","coordinates":[[[106.8510097848806,-6.137290021104572],[106.85190810016474,-6.137290021104572],[106.85190810016474,-6.136391705820452],[106.8510097848806,-6.136391705820452],[106.8510097848806,-6.137290021104572]]]},"id":"+118946-6832","properties":{"cls":1,"count":1}},{"type":"Feature","geometry":{"geodesic":false,"type":"Polygon","coordinates":[[[106.85280641544885,-6.1166287695698225],[106.85370473073297,-6.1166287695698225],[106.85370473073297,-6.1157304542857025],[106.85280641544885,-6.1157304542857025],[106.85280641544885,-6.1166287695698225]]]},"id":"+118948-6809","properties":{"cls":1,"count":1}},{"type":"Feature","geometry":{"geodesic":false,"type":"Polygon","coordinates":[[[106.85280641544885,-6.150764750366364],[106.85370473073297,-6.150764750366364],[106.85370473073297,-6.149866435082244],[106.85280641544885,-6.149866435082244],[106.85280641544885,-6.150764750366364]]]},"id":"+118948-6847","properties":{"cls":1,"count":1}},{"type":"Feature","geometry":{"geodesic":false,"type":"Polygon","coordinates":[[[106.85280641544885,-6.125611922411017],[106.85460304601709,-6.125611922411017],[106.85460304601709,-6.124713607126898],[106.85280641544885,-6.124713607126898],[106.85280641544885,-6.125611922411017]]]},"id":"+118949-6819","properties":{"cls":1,"count":2}},{"type":"Feature","geometry":{"geodesic":false,"type":"Polygon","coordinates":[[[106.85460304601709,-6.124713607126898],[106.85639967658533,-6.124713607126898],[106.85639967658533,-6.123815291842778],[106.85460304601709,-6.123815291842778],[106.85460304601709,-6.124713607126898]]]},"id":"+118951-6818","properties":{"cls":1,"count":2}},{"type":"Feature","geometry":{"geodesic":false,"type":"Polygon","coordinates":[[[106.85639967658533,-6.114832139001583],[106.85729799186944,-6.114832139001583],[106.85729799186944,-6.113933823717463],[106.85639967658533,-6.113933823717463],[106.85639967658533,-6.114832139001583]]]},"id":"+118952-6807","properties":{"cls":1,"count":1}},{"type":"Feature","geometry":{"geodesic":false,"type":"Polygon","coordinates":[[[106.85729799186944,-6.296291826393727],[106.85819630715356,-6.296291826393727],[106.85819630715356,-6.295393511109607],[106.85729799186944,-6.295393511109607],[106.85729799186944,-6.296291826393727]]]},"id":"+118953-7009","properties":{"cls":1,"count":1}},{"type":"Feature","geometry":{"geodesic":false,"type":"Polygon","coordinates":[[[106.85819630715356,-6.110340562580985],[106.85819630715356,-6.113035508433344],[106.8599929377218,-6.113035508433344],[106.8599929377218,-6.113933823717463],[106.86089125300592,-6.113933823717463],[106.86089125300592,-6.111238877865105],[106.85909462243768,-6.111238877865105],[106.85909462243768,-6.110340562580985],[106.85819630715356,-6.110340562580985]]]},"id":"+118954-6803","properties":{"cls":1,"count":8}},{"type":"Feature","geometry":{"geodesic":false,"type":"Polygon","coordinates":[[[106.8599929377218,-6.122916976558659],[106.86089125300592,-6.122916976558659],[106.86089125300592,-6.122018661274539],[106.8599929377218,-6.122018661274539],[106.8599929377218,-6.122916976558659]]]},"id":"+118956-6816","properties":{"cls":1,"count":1}},{"type":"Feature","geometry":{"geodesic":false,"type":"Polygon","coordinates":[[[106.8599929377218,-6.126510237695137],[106.86089125300592,-6.126510237695137],[106.86089125300592,-6.125611922411017],[106.8599929377218,-6.125611922411017],[106.8599929377218,-6.126510237695137]]]},"id":"+118956-6820","properties":{"cls":1,"count":1}},{"type":"Feature","geometry":{"geodesic":false,"type":"Polygon","coordinates":[[[106.8599929377218,-6.149866435082244],[106.86178956829005,-6.149866435082244],[106.86178956829005,-6.148069804514005],[106.8599929377218,-6.148069804514005],[106.8599929377218,-6.149866435082244]]]},"id":"+118957-6845","properties":{"cls":1,"count":4}},{"type":"Feature","geometry":{"geodesic":false,"type":"Polygon","coordinates":[[[106.86089125300592,-6.122018661274539],[106.86268788357417,-6.122018661274539],[106.86268788357417,-6.12112034599042],[106.86089125300592,-6.12112034599042],[106.86089125300592,-6.122018661274539]]]},"id":"+118958-6815","properties":{"cls":1,"count":2}},{"type":"Feature","geometry":{"geodesic":false,"type":"Polygon","coordinates":[[[106.86268788357417,-6.123815291842778],[106.86358619885829,-6.123815291842778],[106.86358619885829,-6.122916976558659],[106.86268788357417,-6.122916976558659],[106.86268788357417,-6.123815291842778]]]},"id":"+118959-6817","properties":{"cls":1,"count":1}},{"type":"Feature","geometry":{"geodesic":false,"type":"Polygon","coordinates":[[[106.86268788357417,-6.2307148106530015],[106.86358619885829,-6.2307148106530015],[106.86358619885829,-6.2298164953688815],[106.86268788357417,-6.2298164953688815],[106.86268788357417,-6.2307148106530015]]]},"id":"+118959-6936","properties":{"cls":1,"count":1}},{"type":"Feature","geometry":{"geodesic":false,"type":"Polygon","coordinates":[[[106.86358619885829,-6.124713607126898],[106.8644845141424,-6.124713607126898],[106.8644845141424,-6.123815291842778],[106.86358619885829,-6.123815291842778],[106.86358619885829,-6.124713607126898]]]},"id":"+118960-6818","properties":{"cls":1,"count":1}},{"type":"Feature","geometry":{"geodesic":false,"type":"Polygon","coordinates":[[[106.86358619885829,-6.224426603664165],[106.8644845141424,-6.224426603664165],[106.8644845141424,-6.223528288380045],[106.86358619885829,-6.223528288380045],[106.86358619885829,-6.224426603664165]]]},"id":"+118960-6929","properties":{"cls":1,"count":1}},{"type":"Feature","geometry":{"geodesic":false,"type":"Polygon","coordinates":[[[106.8644845141424,-6.114832139001583],[106.86538282942652,-6.114832139001583],[106.86538282942652,-6.112137193149224],[106.8644845141424,-6.112137193149224],[106.8644845141424,-6.114832139001583]]]},"id":"+118961-6805","properties":{"cls":1,"count":3}},{"type":"Feature","geometry":{"geodesic":false,"type":"Polygon","coordinates":[[[106.8644845141424,-6.117527084853942],[106.8644845141424,-6.120222030706301],[106.86358619885829,-6.120222030706301],[106.86358619885829,-6.12112034599042],[106.86538282942652,-6.12112034599042],[106.86538282942652,-6.117527084853942],[106.8644845141424,-6.117527084853942]]]},"id":"+118961-6811","properties":{"cls":1,"count":5}},{"type":"Feature","geometry":{"geodesic":false,"type":"Polygon","coordinates":[[[106.8644845141424,-6.228019864800642],[106.86538282942652,-6.228019864800642],[106.86538282942652,-6.227121549516523],[106.8644845141424,-6.227121549516523],[106.8644845141424,-6.228019864800642]]]},"id":"+118961-6933","properties":{"cls":1,"count":1}},{"type":"Feature","geometry":{"geodesic":false,"type":"Polygon","coordinates":[[[106.86538282942652,-6.1166287695698225],[106.86628114471064,-6.1166287695698225],[106.86628114471064,-6.1157304542857025],[106.86538282942652,-6.1157304542857025],[106.86538282942652,-6.1166287695698225]]]},"id":"+118962-6809","properties":{"cls":1,"count":1}},{"type":"Feature","geometry":{"geodesic":false,"type":"Polygon","coordinates":[[[106.86358619885829,-6.147171489229886],[106.86268788357417,-6.148968119798125],[106.86717945999476,-6.148069804514005],[106.86717945999476,-6.147171489229886],[106.86358619885829,-6.147171489229886]]]},"id":"+118963-6844","properties":{"cls":1,"count":6}},{"type":"Feature","geometry":{"geodesic":false,"type":"Polygon","coordinates":[[[106.86717945999476,-6.109442247296866],[106.86807777527888,-6.109442247296866],[106.86807777527888,-6.108543932012746],[106.86717945999476,-6.108543932012746],[106.86717945999476,-6.109442247296866]]]},"id":"+118964-6801","properties":{"cls":1,"count":1}},{"type":"Feature","geometry":{"geodesic":false,"type":"Polygon","coordinates":[[[106.86717945999476,-6.111238877865105],[106.86807777527888,-6.111238877865105],[106.86807777527888,-6.110340562580985],[106.86717945999476,-6.110340562580985],[106.86717945999476,-6.111238877865105]]]},"id":"+118964-6803","properties":{"cls":1,"count":1}},{"type":"Feature","geometry":{"geodesic":false,"type":"Polygon","coordinates":[[[106.86538282942652,-6.124713607126898],[106.86807777527888,-6.124713607126898],[106.86807777527888,-6.123815291842778],[106.86538282942652,-6.123815291842778],[106.86538282942652,-6.124713607126898]]]},"id":"+118964-6818","properties":{"cls":1,"count":3}},{"type":"Feature","geometry":{"geodesic":false,"type":"Polygon","coordinates":[[[106.86807777527888,-6.113035508433344],[106.868976090563,-6.113035508433344],[106.868976090563,-6.112137193149224],[106.86807777527888,-6.112137193149224],[106.86807777527888,-6.113035508433344]]]},"id":"+118965-6805","properties":{"cls":1,"count":1}},{"type":"Feature","geometry":{"geodesic":false,"type":"Polygon","coordinates":[[[106.868976090563,-6.107645616728627],[106.86987440584711,-6.107645616728627],[106.86987440584711,-6.106747301444507],[106.868976090563,-6.106747301444507],[106.868976090563,-6.107645616728627]]]},"id":"+118966-6799","properties":{"cls":1,"count":1}},{"type":"Feature","geometry":{"geodesic":false,"type":"Polygon","coordinates":[[[106.868976090563,-6.111238877865105],[106.86987440584711,-6.111238877865105],[106.86987440584711,-6.110340562580985],[106.868976090563,-6.110340562580985],[106.868976090563,-6.111238877865105]]]},"id":"+118966-6803","properties":{"cls":1,"count":1}},{"type":"Feature","geometry":{"geodesic":false,"type":"Polygon","coordinates":[[[106.868976090563,-6.113933823717463],[106.86987440584711,-6.113933823717463],[106.86987440584711,-6.113035508433344],[106.868976090563,-6.113035508433344],[106.868976090563,-6.113933823717463]]]},"id":"+118966-6806","properties":{"cls":1,"count":1}},{"type":"Feature","geometry":{"geodesic":false,"type":"Polygon","coordinates":[[[106.868976090563,-6.128306868263376],[106.86987440584711,-6.128306868263376],[106.86987440584711,-6.127408552979256],[106.868976090563,-6.127408552979256],[106.868976090563,-6.128306868263376]]]},"id":"+118966-6822","properties":{"cls":1,"count":1}},{"type":"Feature","geometry":{"geodesic":false,"type":"Polygon","coordinates":[[[106.86987440584711,-6.125611922411017],[106.87077272113123,-6.125611922411017],[106.87077272113123,-6.124713607126898],[106.86987440584711,-6.124713607126898],[106.86987440584711,-6.125611922411017]]]},"id":"+118967-6819","properties":{"cls":1,"count":1}},{"type":"Feature","geometry":{"geodesic":false,"type":"Polygon","coordinates":[[[106.868976090563,-6.148069804514005],[106.87077272113123,-6.148069804514005],[106.87077272113123,-6.147171489229886],[106.868976090563,-6.147171489229886],[106.868976090563,-6.148069804514005]]]},"id":"+118967-6844","properties":{"cls":1,"count":2}},{"type":"Feature","geometry":{"geodesic":false,"type":"Polygon","coordinates":[[[106.87077272113123,-6.108543932012746],[106.87167103641536,-6.108543932012746],[106.87167103641536,-6.106747301444507],[106.87077272113123,-6.106747301444507],[106.87077272113123,-6.108543932012746]]]},"id":"+118968-6799","properties":{"cls":1,"count":2}},{"type":"Feature","geometry":{"geodesic":false,"type":"Polygon","coordinates":[[[106.87077272113123,-6.113933823717463],[106.87167103641536,-6.113933823717463],[106.87167103641536,-6.113035508433344],[106.87077272113123,-6.113035508433344],[106.87077272113123,-6.113933823717463]]]},"id":"+118968-6806","properties":{"cls":1,"count":1}},{"type":"Feature","geometry":{"geodesic":false,"type":"Polygon","coordinates":[[[106.86987440584711,-6.1157304542857025],[106.87167103641536,-6.1157304542857025],[106.87167103641536,-6.114832139001583],[106.86987440584711,-6.114832139001583],[106.86987440584711,-6.1157304542857025]]]},"id":"+118968-6808","properties":{"cls":1,"count":2}},{"type":"Feature","geometry":{"geodesic":false,"type":"Polygon","coordinates":[[[106.87167103641536,-6.106747301444507],[106.87256935169948,-6.106747301444507],[106.87256935169948,-6.104950670876268],[106.87167103641536,-6.104950670876268],[106.87167103641536,-6.106747301444507]]]},"id":"+118969-6797","properties":{"cls":1,"count":2}},{"type":"Feature","geometry":{"geodesic":false,"type":"Polygon","coordinates":[[[106.87167103641536,-6.127408552979256],[106.87256935169948,-6.127408552979256],[106.87256935169948,-6.126510237695137],[106.87167103641536,-6.126510237695137],[106.87167103641536,-6.127408552979256]]]},"id":"+118969-6821","properties":{"cls":1,"count":1}},{"type":"Feature","geometry":{"geodesic":false,"type":"Polygon","coordinates":[[[106.87256935169948,-6.113035508433344],[106.8734676669836,-6.113035508433344],[106.8734676669836,-6.112137193149224],[106.87256935169948,-6.112137193149224],[106.87256935169948,-6.113035508433344]]]},"id":"+118970-6805","properties":{"cls":1,"count":1}},{"type":"Feature","geometry":{"geodesic":false,"type":"Polygon","coordinates":[[[106.87077272113123,-6.147171489229886],[106.8734676669836,-6.147171489229886],[106.8734676669836,-6.146273173945766],[106.87077272113123,-6.146273173945766],[106.87077272113123,-6.147171489229886]]]},"id":"+118970-6843","properties":{"cls":1,"count":3}},{"type":"Feature","geometry":{"geodesic":false,"type":"Polygon","coordinates":[[[106.87256935169948,-6.187595677015264],[106.87256935169948,-6.190290622867623],[106.87436598226772,-6.190290622867623],[106.87436598226772,-6.188493992299384],[106.87256935169948,-6.187595677015264]]]},"id":"+118970-6889","properties":{"cls":1,"count":5}},{"type":"Feature","geometry":{"geodesic":false,"type":"Polygon","coordinates":[[[106.8734676669836,-6.107645616728627],[106.87436598226772,-6.107645616728627],[106.87436598226772,-6.106747301444507],[106.8734676669836,-6.106747301444507],[106.8734676669836,-6.107645616728627]]]},"id":"+118971-6799","properties":{"cls":1,"count":1}},{"type":"Feature","geometry":{"geodesic":false,"type":"Polygon","coordinates":[[[106.8734676669836,-6.220833342527687],[106.87436598226772,-6.220833342527687],[106.87436598226772,-6.219935027243567],[106.8734676669836,-6.219935027243567],[106.8734676669836,-6.220833342527687]]]},"id":"+118971-6925","properties":{"cls":1,"count":1}},{"type":"Feature","geometry":{"geodesic":false,"type":"Polygon","coordinates":[[[106.87436598226772,-6.104052355592149],[106.87526429755184,-6.104052355592149],[106.87526429755184,-6.103154040308029],[106.87436598226772,-6.103154040308029],[106.87436598226772,-6.104052355592149]]]},"id":"+118972-6795","properties":{"cls":1,"count":1}},{"type":"Feature","geometry":{"geodesic":false,"type":"Polygon","coordinates":[[[106.87526429755184,-6.107645616728627],[106.87616261283596,-6.107645616728627],[106.87616261283596,-6.106747301444507],[106.87526429755184,-6.106747301444507],[106.87526429755184,-6.107645616728627]]]},"id":"+118973-6799","properties":{"cls":1,"count":1}},{"type":"Feature","geometry":{"geodesic":false,"type":"Polygon","coordinates":[[[106.87526429755184,-6.2298164953688815],[106.87616261283596,-6.2298164953688815],[106.87616261283596,-6.228918180084762],[106.87526429755184,-6.228918180084762],[106.87526429755184,-6.2298164953688815]]]},"id":"+118973-6935","properties":{"cls":1,"count":1}},{"type":"Feature","geometry":{"geodesic":false,"type":"Polygon","coordinates":[[[106.87616261283596,-6.0968658333191925],[106.87706092812007,-6.0968658333191925],[106.87706092812007,-6.095967518035073],[106.87616261283596,-6.095967518035073],[106.87616261283596,-6.0968658333191925]]]},"id":"+118974-6787","properties":{"cls":1,"count":1}},{"type":"Feature","geometry":{"geodesic":false,"type":"Polygon","coordinates":[[[106.87616261283596,-6.101357409739791],[106.87526429755184,-6.103154040308029],[106.87616261283596,-6.103154040308029],[106.87616261283596,-6.104950670876268],[106.87706092812007,-6.104950670876268],[106.87706092812007,-6.101357409739791],[106.87616261283596,-6.101357409739791]]]},"id":"+118974-6793","properties":{"cls":1,"count":5}},{"type":"Feature","geometry":{"geodesic":false,"type":"Polygon","coordinates":[[[106.87616261283596,-6.106747301444507],[106.87706092812007,-6.106747301444507],[106.87706092812007,-6.105848986160388],[106.87616261283596,-6.105848986160388],[106.87616261283596,-6.106747301444507]]]},"id":"+118974-6798","properties":{"cls":1,"count":1}},{"type":"Feature","geometry":{"geodesic":false,"type":"Polygon","coordinates":[[[106.87616261283596,-6.108543932012746],[106.87706092812007,-6.108543932012746],[106.87706092812007,-6.107645616728627],[106.87616261283596,-6.107645616728627],[106.87616261283596,-6.108543932012746]]]},"id":"+118974-6800","properties":{"cls":1,"count":1}},{"type":"Feature","geometry":{"geodesic":false,"type":"Polygon","coordinates":[[[106.87616261283596,-6.146273173945766],[106.87706092812007,-6.146273173945766],[106.87706092812007,-6.145374858661647],[106.87616261283596,-6.145374858661647],[106.87616261283596,-6.146273173945766]]]},"id":"+118974-6842","properties":{"cls":1,"count":1}},{"type":"Feature","geometry":{"geodesic":false,"type":"Polygon","coordinates":[[[106.87616261283596,-6.167832740764635],[106.87706092812007,-6.167832740764635],[106.87706092812007,-6.166934425480515],[106.87616261283596,-6.166934425480515],[106.87616261283596,-6.167832740764635]]]},"id":"+118974-6866","properties":{"cls":1,"count":1}},{"type":"Feature","geometry":{"geodesic":false,"type":"Polygon","coordinates":[[[106.87706092812007,-6.099560779171552],[106.87795924340419,-6.099560779171552],[106.87795924340419,-6.098662463887432],[106.87706092812007,-6.098662463887432],[106.87706092812007,-6.099560779171552]]]},"id":"+118975-6790","properties":{"cls":1,"count":1}},{"type":"Feature","geometry":{"geodesic":false,"type":"Polygon","coordinates":[[[106.87706092812007,-6.110340562580985],[106.87795924340419,-6.110340562580985],[106.87795924340419,-6.109442247296866],[106.87706092812007,-6.109442247296866],[106.87706092812007,-6.110340562580985]]]},"id":"+118975-6802","properties":{"cls":1,"count":1}},{"type":"Feature","geometry":{"geodesic":false,"type":"Polygon","coordinates":[[[106.87706092812007,-6.238799648210077],[106.87795924340419,-6.238799648210077],[106.87795924340419,-6.237901332925958],[106.87706092812007,-6.237901332925958],[106.87706092812007,-6.238799648210077]]]},"id":"+118975-6945","properties":{"cls":1,"count":1}},{"type":"Feature","geometry":{"geodesic":false,"type":"Polygon","coordinates":[[[106.87885755868831,-6.0968658333191925],[106.87975587397243,-6.0968658333191925],[106.87975587397243,-6.095069202750953],[106.87885755868831,-6.095069202750953],[106.87885755868831,-6.0968658333191925]]]},"id":"+118977-6786","properties":{"cls":1,"count":2}},{"type":"Feature","geometry":{"geodesic":false,"type":"Polygon","coordinates":[[[106.87885755868831,-6.104052355592149],[106.87975587397243,-6.104052355592149],[106.87975587397243,-6.10225572502391],[106.87885755868831,-6.10225572502391],[106.87885755868831,-6.104052355592149]]]},"id":"+118977-6794","properties":{"cls":1,"count":2}},{"type":"Feature","geometry":{"geodesic":false,"type":"Polygon","coordinates":[[[106.87885755868831,-6.105848986160388],[106.87975587397243,-6.105848986160388],[106.87975587397243,-6.104950670876268],[106.87885755868831,-6.104950670876268],[106.87885755868831,-6.105848986160388]]]},"id":"+118977-6797","properties":{"cls":1,"count":1}},{"type":"Feature","geometry":{"geodesic":false,"type":"Polygon","coordinates":[[[106.87885755868831,-6.169629371332874],[106.87975587397243,-6.169629371332874],[106.87975587397243,-6.168731056048754],[106.87885755868831,-6.168731056048754],[106.87885755868831,-6.169629371332874]]]},"id":"+118977-6868","properties":{"cls":1,"count":1}},{"type":"Feature","geometry":{"geodesic":false,"type":"Polygon","coordinates":[[[106.87975587397243,-6.137290021104572],[106.88065418925655,-6.137290021104572],[106.88065418925655,-6.136391705820452],[106.87975587397243,-6.136391705820452],[106.87975587397243,-6.137290021104572]]]},"id":"+118978-6832","properties":{"cls":1,"count":1}},{"type":"Feature","geometry":{"geodesic":false,"type":"Polygon","coordinates":[[[106.87885755868831,-6.144476543377527],[106.87885755868831,-6.145374858661647],[106.88065418925655,-6.146273173945766],[106.88065418925655,-6.144476543377527],[106.87885755868831,-6.144476543377527]]]},"id":"+118978-6841","properties":{"cls":1,"count":3}},{"type":"Feature","geometry":{"geodesic":false,"type":"Polygon","coordinates":[[[106.87975587397243,-6.323241284917312],[106.88065418925655,-6.323241284917312],[106.88065418925655,-6.322342969633192],[106.87975587397243,-6.322342969633192],[106.87975587397243,-6.323241284917312]]]},"id":"+118978-7039","properties":{"cls":1,"count":1}},{"type":"Feature","geometry":{"geodesic":false,"type":"Polygon","coordinates":[[[106.88155250454068,-6.103154040308029],[106.8824508198248,-6.103154040308029],[106.8824508198248,-6.095967518035073],[106.88155250454068,-6.095967518035073],[106.88155250454068,-6.103154040308029]]]},"id":"+118980-6787","properties":{"cls":1,"count":8}},{"type":"Feature","geometry":{"geodesic":false,"type":"Polygon","coordinates":[[[106.88155250454068,-6.105848986160388],[106.8824508198248,-6.105848986160388],[106.8824508198248,-6.104950670876268],[106.88155250454068,-6.104950670876268],[106.88155250454068,-6.105848986160388]]]},"id":"+118980-6797","properties":{"cls":1,"count":1}},{"type":"Feature","geometry":{"geodesic":false,"type":"Polygon","coordinates":[[[106.88155250454068,-6.136391705820452],[106.87975587397243,-6.13908665167281],[106.88334913510892,-6.13908665167281],[106.88334913510892,-6.138188336388691],[106.8824508198248,-6.138188336388691],[106.8824508198248,-6.136391705820452],[106.88155250454068,-6.136391705820452]]]},"id":"+118980-6832","properties":{"cls":1,"count":7}},{"type":"Feature","geometry":{"geodesic":false,"type":"Polygon","coordinates":[[[106.88424745039303,-6.0977641486033125],[106.88514576567715,-6.0977641486033125],[106.88514576567715,-6.0968658333191925],[106.88424745039303,-6.0968658333191925],[106.88424745039303,-6.0977641486033125]]]},"id":"+118983-6788","properties":{"cls":1,"count":1}},{"type":"Feature","geometry":{"geodesic":false,"type":"Polygon","coordinates":[[[106.88424745039303,-6.105848986160388],[106.88604408096127,-6.105848986160388],[106.88604408096127,-6.104950670876268],[106.88424745039303,-6.104950670876268],[106.88424745039303,-6.105848986160388]]]},"id":"+118984-6797","properties":{"cls":1,"count":2}},{"type":"Feature","geometry":{"geodesic":false,"type":"Polygon","coordinates":[[[106.88604408096127,-6.098662463887432],[106.88694239624539,-6.098662463887432],[106.88694239624539,-6.0968658333191925],[106.88604408096127,-6.0968658333191925],[106.88604408096127,-6.098662463887432]]]},"id":"+118985-6788","properties":{"cls":1,"count":2}},{"type":"Feature","geometry":{"geodesic":false,"type":"Polygon","coordinates":[[[106.88424745039303,-6.099560779171552],[106.88424745039303,-6.100459094455671],[106.88514576567715,-6.100459094455671],[106.88514576567715,-6.10225572502391],[106.88694239624539,-6.103154040308029],[106.88694239624539,-6.099560779171552],[106.88424745039303,-6.099560779171552]]]},"id":"+118985-6791","properties":{"cls":1,"count":8}},{"type":"Feature","geometry":{"geodesic":false,"type":"Polygon","coordinates":[[[106.88604408096127,-6.106747301444507],[106.88694239624539,-6.106747301444507],[106.88694239624539,-6.105848986160388],[106.88604408096127,-6.105848986160388],[106.88604408096127,-6.106747301444507]]]},"id":"+118985-6798","properties":{"cls":1,"count":1}},{"type":"Feature","geometry":{"geodesic":false,"type":"Polygon","coordinates":[[[106.88514576567715,-6.274732259574858],[106.88694239624539,-6.274732259574858],[106.88694239624539,-6.273833944290739],[106.88514576567715,-6.273833944290739],[106.88514576567715,-6.274732259574858]]]},"id":"+118985-6985","properties":{"cls":1,"count":2}},{"type":"Feature","geometry":{"geodesic":false,"type":"Polygon","coordinates":[[[106.88694239624539,-6.1552563267869616],[106.8878407115295,-6.1552563267869616],[106.8878407115295,-6.1543580115028425],[106.88694239624539,-6.1543580115028425],[106.88694239624539,-6.1552563267869616]]]},"id":"+118986-6852","properties":{"cls":1,"count":1}},{"type":"Feature","geometry":{"geodesic":false,"type":"Polygon","coordinates":[[[106.8878407115295,-6.098662463887432],[106.88873902681362,-6.098662463887432],[106.88873902681362,-6.0977641486033125],[106.8878407115295,-6.0977641486033125],[106.8878407115295,-6.098662463887432]]]},"id":"+118987-6789","properties":{"cls":1,"count":1}},{"type":"Feature","geometry":{"geodesic":false,"type":"Polygon","coordinates":[[[106.8878407115295,-6.10225572502391],[106.88873902681362,-6.10225572502391],[106.88873902681362,-6.101357409739791],[106.8878407115295,-6.101357409739791],[106.8878407115295,-6.10225572502391]]]},"id":"+118987-6793","properties":{"cls":1,"count":1}},{"type":"Feature","geometry":{"geodesic":false,"type":"Polygon","coordinates":[[[106.8878407115295,-6.239697963494197],[106.88873902681362,-6.239697963494197],[106.88873902681362,-6.238799648210077],[106.8878407115295,-6.238799648210077],[106.8878407115295,-6.239697963494197]]]},"id":"+118987-6946","properties":{"cls":1,"count":1}},{"type":"Feature","geometry":{"geodesic":false,"type":"Polygon","coordinates":[[[106.88873902681362,-6.151663065650483],[106.88873902681362,-6.152561380934603],[106.8878407115295,-6.152561380934603],[106.8878407115295,-6.1543580115028425],[106.88963734209774,-6.1534596962187225],[106.88963734209774,-6.151663065650483],[106.88873902681362,-6.151663065650483]]]},"id":"+118988-6849","properties":{"cls":1,"count":4}},{"type":"Feature","geometry":{"geodesic":false,"type":"Polygon","coordinates":[[[106.88963734209774,-6.0977641486033125],[106.88963734209774,-6.098662463887432],[106.88873902681362,-6.098662463887432],[106.88873902681362,-6.099560779171552],[106.88963734209774,-6.099560779171552],[106.88963734209774,-6.10225572502391],[106.88873902681362,-6.10225572502391],[106.88873902681362,-6.103154040308029],[106.89053565738186,-6.103154040308029],[106.89053565738186,-6.0977641486033125],[106.88963734209774,-6.0977641486033125]]]},"id":"+118989-6789","properties":{"cls":1,"count":8}},{"type":"Feature","geometry":{"geodesic":false,"type":"Polygon","coordinates":[[[106.88963734209774,-6.104950670876268],[106.89053565738186,-6.104950670876268],[106.89053565738186,-6.104052355592149],[106.88963734209774,-6.104052355592149],[106.88963734209774,-6.104950670876268]]]},"id":"+118989-6796","properties":{"cls":1,"count":1}},{"type":"Feature","geometry":{"geodesic":false,"type":"Polygon","coordinates":[[[106.88963734209774,-6.178612524174069],[106.89053565738186,-6.178612524174069],[106.89053565738186,-6.17771420888995],[106.88963734209774,-6.17771420888995],[106.88963734209774,-6.178612524174069]]]},"id":"+118989-6878","properties":{"cls":1,"count":1}},{"type":"Feature","geometry":{"geodesic":false,"type":"Polygon","coordinates":[[[106.88963734209774,-6.2702406831542605],[106.891433972666,-6.2702406831542605],[106.891433972666,-6.2693423678701405],[106.88963734209774,-6.2693423678701405],[106.88963734209774,-6.2702406831542605]]]},"id":"+118990-6980","properties":{"cls":1,"count":2}},{"type":"Feature","geometry":{"geodesic":false,"type":"Polygon","coordinates":[[[106.89233228795011,-6.099560779171552],[106.89323060323423,-6.099560779171552],[106.89323060323423,-6.0977641486033125],[106.89233228795011,-6.0977641486033125],[106.89233228795011,-6.099560779171552]]]},"id":"+118992-6789","properties":{"cls":1,"count":2}},{"type":"Feature","geometry":{"geodesic":false,"type":"Polygon","coordinates":[[[106.89233228795011,-6.1534596962187225],[106.89323060323423,-6.1534596962187225],[106.89323060323423,-6.151663065650483],[106.89233228795011,-6.151663065650483],[106.89233228795011,-6.1534596962187225]]]},"id":"+118992-6849","properties":{"cls":1,"count":2}},{"type":"Feature","geometry":{"geodesic":false,"type":"Polygon","coordinates":[[[106.89233228795011,-6.17681589360583],[106.89323060323423,-6.17681589360583],[106.89323060323423,-6.175917578321711],[106.89233228795011,-6.175917578321711],[106.89233228795011,-6.17681589360583]]]},"id":"+118992-6876","properties":{"cls":1,"count":1}},{"type":"Feature","geometry":{"geodesic":false,"type":"Polygon","coordinates":[[[106.89233228795011,-6.239697963494197],[106.89323060323423,-6.239697963494197],[106.89323060323423,-6.238799648210077],[106.89233228795011,-6.238799648210077],[106.89233228795011,-6.239697963494197]]]},"id":"+118992-6946","properties":{"cls":1,"count":1}},{"type":"Feature","geometry":{"geodesic":false,"type":"Polygon","coordinates":[[[106.89323060323423,-6.151663065650483],[106.89412891851835,-6.151663065650483],[106.89412891851835,-6.150764750366364],[106.89323060323423,-6.150764750366364],[106.89323060323423,-6.151663065650483]]]},"id":"+118993-6848","properties":{"cls":1,"count":1}},{"type":"Feature","geometry":{"geodesic":false,"type":"Polygon","coordinates":[[[106.89323060323423,-6.305274979234921],[106.89412891851835,-6.305274979234921],[106.89412891851835,-6.304376663950802],[106.89323060323423,-6.304376663950802],[106.89323060323423,-6.305274979234921]]]},"id":"+118993-7019","properties":{"cls":1,"count":1}},{"type":"Feature","geometry":{"geodesic":false,"type":"Polygon","coordinates":[[[106.89412891851835,-6.0977641486033125],[106.89502723380247,-6.0977641486033125],[106.89502723380247,-6.0968658333191925],[106.89412891851835,-6.0968658333191925],[106.89412891851835,-6.0977641486033125]]]},"id":"+118994-6788","properties":{"cls":1,"count":1}},{"type":"Feature","geometry":{"geodesic":false,"type":"Polygon","coordinates":[[[106.89323060323423,-6.175019263037591],[106.89502723380247,-6.175019263037591],[106.89502723380247,-6.1741209477534715],[106.89323060323423,-6.1741209477534715],[106.89323060323423,-6.175019263037591]]]},"id":"+118994-6874","properties":{"cls":1,"count":2}},{"type":"Feature","geometry":{"geodesic":false,"type":"Polygon","coordinates":[[[106.89412891851835,-6.304376663950802],[106.89502723380247,-6.304376663950802],[106.89502723380247,-6.303478348666682],[106.89412891851835,-6.303478348666682],[106.89412891851835,-6.304376663950802]]]},"id":"+118994-7018","properties":{"cls":1,"count":1}},{"type":"Feature","geometry":{"geodesic":false,"type":"Polygon","coordinates":[[[106.89502723380247,-6.1543580115028425],[106.89592554908658,-6.1543580115028425],[106.89592554908658,-6.1534596962187225],[106.89502723380247,-6.1534596962187225],[106.89502723380247,-6.1543580115028425]]]},"id":"+118995-6851","properties":{"cls":1,"count":1}},{"type":"Feature","geometry":{"geodesic":false,"type":"Polygon","coordinates":[[[106.89502723380247,-6.241494594062436],[106.89592554908658,-6.241494594062436],[106.89592554908658,-6.240596278778316],[106.89502723380247,-6.240596278778316],[106.89502723380247,-6.241494594062436]]]},"id":"+118995-6948","properties":{"cls":1,"count":1}},{"type":"Feature","geometry":{"geodesic":false,"type":"Polygon","coordinates":[[[106.89412891851835,-6.301681718098443],[106.89592554908658,-6.301681718098443],[106.89592554908658,-6.300783402814324],[106.89412891851835,-6.300783402814324],[106.89412891851835,-6.301681718098443]]]},"id":"+118995-7015","properties":{"cls":1,"count":2}},{"type":"Feature","geometry":{"geodesic":false,"type":"Polygon","coordinates":[[[106.89592554908658,-6.122916976558659],[106.8968238643707,-6.122916976558659],[106.8968238643707,-6.12112034599042],[106.89592554908658,-6.12112034599042],[106.89592554908658,-6.122916976558659]]]},"id":"+118996-6815","properties":{"cls":1,"count":2}},{"type":"Feature","geometry":{"geodesic":false,"type":"Polygon","coordinates":[[[106.89592554908658,-6.274732259574858],[106.8968238643707,-6.274732259574858],[106.8968238643707,-6.2720373137225],[106.89592554908658,-6.2720373137225],[106.89592554908658,-6.274732259574858]]]},"id":"+118996-6983","properties":{"cls":1,"count":3}},{"type":"Feature","geometry":{"geodesic":false,"type":"Polygon","coordinates":[[[106.89502723380247,-6.277427205427217],[106.8968238643707,-6.277427205427217],[106.8968238643707,-6.276528890143097],[106.89502723380247,-6.276528890143097],[106.89502723380247,-6.277427205427217]]]},"id":"+118996-6988","properties":{"cls":1,"count":2}},{"type":"Feature","geometry":{"geodesic":false,"type":"Polygon","coordinates":[[[106.89592554908658,-6.304376663950802],[106.8968238643707,-6.304376663950802],[106.8968238643707,-6.303478348666682],[106.89592554908658,-6.303478348666682],[106.89592554908658,-6.304376663950802]]]},"id":"+118996-7018","properties":{"cls":1,"count":1}},{"type":"Feature","geometry":{"geodesic":false,"type":"Polygon","coordinates":[[[106.8968238643707,-6.099560779171552],[106.8968238643707,-6.101357409739791],[106.89502723380247,-6.101357409739791],[106.89502723380247,-6.100459094455671],[106.89412891851835,-6.100459094455671],[106.89412891851835,-6.101357409739791],[106.89323060323423,-6.101357409739791],[106.89323060323423,-6.100459094455671],[106.89233228795011,-6.100459094455671],[106.89233228795011,-6.106747301444507],[106.89053565738186,-6.106747301444507],[106.89053565738186,-6.105848986160388],[106.88963734209774,-6.105848986160388],[106.88963734209774,-6.110340562580985],[106.89233228795011,-6.110340562580985],[106.89502723380247,-6.106747301444507],[106.89592554908658,-6.106747301444507],[106.89502723380247,-6.104950670876268],[106.8968238643707,-6.105848986160388],[106.8968238643707,-6.103154040308029],[106.89772217965482,-6.103154040308029],[106.89772217965482,-6.10225572502391],[106.89951881022306,-6.10225572502391],[106.89951881022306,-6.101357409739791],[106.89862049493894,-6.101357409739791],[106.89862049493894,-6.099560779171552],[106.8968238643707,-6.099560779171552]],[[106.89412891851835,-6.103154040308029],[106.89323060323423,-6.103154040308029],[106.89323060323423,-6.104052355592149],[106.89412891851835,-6.104052355592149],[106.89412891851835,-6.103154040308029]]]},"id":"+118998-6791","properties":{"cls":1,"count":56}},{"type":"Feature","geometry":{"geodesic":false,"type":"Polygon","coordinates":[[[106.89772217965482,-6.104950670876268],[106.89862049493894,-6.104950670876268],[106.89862049493894,-6.104052355592149],[106.89772217965482,-6.104052355592149],[106.89772217965482,-6.104950670876268]]]},"id":"+118998-6796","properties":{"cls":1,"count":1}},{"type":"Feature","geometry":{"geodesic":false,"type":"Polygon","coordinates":[[[106.89772217965482,-6.106747301444507],[106.89862049493894,-6.106747301444507],[106.89862049493894,-6.105848986160388],[106.89772217965482,-6.105848986160388],[106.89772217965482,-6.106747301444507]]]},"id":"+118998-6798","properties":{"cls":1,"count":1}},{"type":"Feature","geometry":{"geodesic":false,"type":"Polygon","coordinates":[[[106.89772217965482,-6.243291224630675],[106.89862049493894,-6.243291224630675],[106.89862049493894,-6.242392909346555],[106.89772217965482,-6.242392909346555],[106.89772217965482,-6.243291224630675]]]},"id":"+118998-6950","properties":{"cls":1,"count":1}},{"type":"Feature","geometry":{"geodesic":false,"type":"Polygon","coordinates":[[[106.8968238643707,-6.301681718098443],[106.89862049493894,-6.301681718098443],[106.89862049493894,-6.300783402814324],[106.8968238643707,-6.300783402814324],[106.8968238643707,-6.301681718098443]]]},"id":"+118998-7015","properties":{"cls":1,"count":2}},{"type":"Feature","geometry":{"geodesic":false,"type":"Polygon","coordinates":[[[106.89862049493894,-6.088780995762117],[106.89862049493894,-6.090577626330356],[106.90131544079131,-6.090577626330356],[106.90131544079131,-6.089679311046236],[106.89951881022306,-6.089679311046236],[106.89951881022306,-6.088780995762117],[106.89862049493894,-6.088780995762117]]]},"id":"+118999-6779","properties":{"cls":1,"count":4}},{"type":"Feature","geometry":{"geodesic":false,"type":"Polygon","coordinates":[[[106.89862049493894,-6.104052355592149],[106.89951881022306,-6.104052355592149],[106.89951881022306,-6.103154040308029],[106.89862049493894,-6.103154040308029],[106.89862049493894,-6.104052355592149]]]},"id":"+118999-6795","properties":{"cls":1,"count":1}},{"type":"Feature","geometry":{"geodesic":false,"type":"Polygon","coordinates":[[[106.89862049493894,-6.105848986160388],[106.89951881022306,-6.105848986160388],[106.89951881022306,-6.104950670876268],[106.89862049493894,-6.104950670876268],[106.89862049493894,-6.105848986160388]]]},"id":"+118999-6797","properties":{"cls":1,"count":1}},{"type":"Feature","geometry":{"geodesic":false,"type":"Polygon","coordinates":[[[106.89772217965482,-6.205561982697655],[106.89951881022306,-6.205561982697655],[106.89951881022306,-6.204663667413535],[106.89772217965482,-6.204663667413535],[106.89772217965482,-6.205561982697655]]]},"id":"+118999-6908","properties":{"cls":1,"count":2}},{"type":"Feature","geometry":{"geodesic":false,"type":"Polygon","coordinates":[[[106.89862049493894,-6.276528890143097],[106.89951881022306,-6.276528890143097],[106.89951881022306,-6.274732259574858],[106.89862049493894,-6.274732259574858],[106.89862049493894,-6.276528890143097]]]},"id":"+118999-6986","properties":{"cls":1,"count":2}},{"type":"Feature","geometry":{"geodesic":false,"type":"Polygon","coordinates":[[[106.89951881022306,-6.098662463887432],[106.90041712550718,-6.098662463887432],[106.90041712550718,-6.0977641486033125],[106.89951881022306,-6.0977641486033125],[106.89951881022306,-6.098662463887432]]]},"id":"+119000-6789","properties":{"cls":1,"count":1}},{"type":"Feature","geometry":{"geodesic":false,"type":"Polygon","coordinates":[[[106.89951881022306,-6.100459094455671],[106.90041712550718,-6.100459094455671],[106.90041712550718,-6.099560779171552],[106.89951881022306,-6.099560779171552],[106.89951881022306,-6.100459094455671]]]},"id":"+119000-6791","properties":{"cls":1,"count":1}},{"type":"Feature","geometry":{"geodesic":false,"type":"Polygon","coordinates":[[[106.89951881022306,-6.274732259574858],[106.90041712550718,-6.274732259574858],[106.90041712550718,-6.272935629006619],[106.89951881022306,-6.272935629006619],[106.89951881022306,-6.274732259574858]]]},"id":"+119000-6984","properties":{"cls":1,"count":2}},{"type":"Feature","geometry":{"geodesic":false,"type":"Polygon","coordinates":[[[106.89951881022306,-6.32773286133791],[106.90041712550718,-6.32773286133791],[106.90041712550718,-6.3268345460537905],[106.89951881022306,-6.3268345460537905],[106.89951881022306,-6.32773286133791]]]},"id":"+119000-7044","properties":{"cls":1,"count":1}},{"type":"Feature","geometry":{"geodesic":false,"type":"Polygon","coordinates":[[[106.90131544079131,-6.087882680477997],[106.90131544079131,-6.089679311046236],[106.90311207135954,-6.089679311046236],[106.90221375607543,-6.087882680477997],[106.90131544079131,-6.087882680477997]]]},"id":"+119002-6778","properties":{"cls":1,"count":3}},{"type":"Feature","geometry":{"geodesic":false,"type":"Polygon","coordinates":[[[106.90131544079131,-6.268444052586021],[106.90311207135954,-6.268444052586021],[106.90311207135954,-6.266647422017782],[106.90131544079131,-6.266647422017782],[106.90131544079131,-6.268444052586021]]]},"id":"+119003-6977","properties":{"cls":1,"count":4}},{"type":"Feature","geometry":{"geodesic":false,"type":"Polygon","coordinates":[[[106.90311207135954,-6.100459094455671],[106.90401038664366,-6.100459094455671],[106.90401038664366,-6.099560779171552],[106.90311207135954,-6.099560779171552],[106.90311207135954,-6.100459094455671]]]},"id":"+119004-6791","properties":{"cls":1,"count":1}},{"type":"Feature","geometry":{"geodesic":false,"type":"Polygon","coordinates":[[[106.90311207135954,-6.101357409739791],[106.90221375607543,-6.103154040308029],[106.90401038664366,-6.104052355592149],[106.90401038664366,-6.101357409739791],[106.90311207135954,-6.101357409739791]]]},"id":"+119004-6793","properties":{"cls":1,"count":4}},{"type":"Feature","geometry":{"geodesic":false,"type":"Polygon","coordinates":[[[106.90311207135954,-6.098662463887432],[106.90490870192778,-6.098662463887432],[106.90490870192778,-6.0977641486033125],[106.90311207135954,-6.0977641486033125],[106.90311207135954,-6.098662463887432]]]},"id":"+119005-6789","properties":{"cls":1,"count":2}},{"type":"Feature","geometry":{"geodesic":false,"type":"Polygon","coordinates":[[[106.90401038664366,-6.245986170483033],[106.90490870192778,-6.245986170483033],[106.90490870192778,-6.245087855198913],[106.90401038664366,-6.245087855198913],[106.90401038664366,-6.245986170483033]]]},"id":"+119005-6953","properties":{"cls":1,"count":1}},{"type":"Feature","geometry":{"geodesic":false,"type":"Polygon","coordinates":[[[106.90490870192778,-6.104950670876268],[106.9058070172119,-6.104950670876268],[106.9058070172119,-6.104052355592149],[106.90490870192778,-6.104052355592149],[106.90490870192778,-6.104950670876268]]]},"id":"+119006-6796","properties":{"cls":1,"count":1}},{"type":"Feature","geometry":{"geodesic":false,"type":"Polygon","coordinates":[[[106.90490870192778,-6.106747301444507],[106.9058070172119,-6.106747301444507],[106.9058070172119,-6.105848986160388],[106.90490870192778,-6.105848986160388],[106.90490870192778,-6.106747301444507]]]},"id":"+119006-6798","properties":{"cls":1,"count":1}},{"type":"Feature","geometry":{"geodesic":false,"type":"Polygon","coordinates":[[[106.9058070172119,-6.109442247296866],[106.90670533249602,-6.109442247296866],[106.90670533249602,-6.108543932012746],[106.9058070172119,-6.108543932012746],[106.9058070172119,-6.109442247296866]]]},"id":"+119007-6801","properties":{"cls":1,"count":1}},{"type":"Feature","geometry":{"geodesic":false,"type":"Polygon","coordinates":[[[106.9058070172119,-6.112137193149224],[106.90670533249602,-6.112137193149224],[106.90670533249602,-6.111238877865105],[106.9058070172119,-6.111238877865105],[106.9058070172119,-6.112137193149224]]]},"id":"+119007-6804","properties":{"cls":1,"count":1}},{"type":"Feature","geometry":{"geodesic":false,"type":"Polygon","coordinates":[[[106.90670533249602,-6.106747301444507],[106.90760364778014,-6.106747301444507],[106.90760364778014,-6.105848986160388],[106.90670533249602,-6.105848986160388],[106.90670533249602,-6.106747301444507]]]},"id":"+119008-6798","properties":{"cls":1,"count":1}},{"type":"Feature","geometry":{"geodesic":false,"type":"Polygon","coordinates":[[[106.90670533249602,-6.274732259574858],[106.90760364778014,-6.274732259574858],[106.90760364778014,-6.273833944290739],[106.90670533249602,-6.273833944290739],[106.90670533249602,-6.274732259574858]]]},"id":"+119008-6985","properties":{"cls":1,"count":1}},{"type":"Feature","geometry":{"geodesic":false,"type":"Polygon","coordinates":[[[106.90760364778014,-6.101357409739791],[106.90850196306425,-6.101357409739791],[106.90850196306425,-6.099560779171552],[106.90760364778014,-6.099560779171552],[106.90760364778014,-6.101357409739791]]]},"id":"+119009-6791","properties":{"cls":1,"count":2}},{"type":"Feature","geometry":{"geodesic":false,"type":"Polygon","coordinates":[[[106.90760364778014,-6.273833944290739],[106.90850196306425,-6.273833944290739],[106.90850196306425,-6.272935629006619],[106.90760364778014,-6.272935629006619],[106.90760364778014,-6.273833944290739]]]},"id":"+119009-6984","properties":{"cls":1,"count":1}},{"type":"Feature","geometry":{"geodesic":false,"type":"Polygon","coordinates":[[[106.90670533249602,-6.276528890143097],[106.90670533249602,-6.277427205427217],[106.90850196306425,-6.278325520711336],[106.90850196306425,-6.276528890143097],[106.90670533249602,-6.276528890143097]]]},"id":"+119009-6988","properties":{"cls":1,"count":3}},{"type":"Feature","geometry":{"geodesic":false,"type":"Polygon","coordinates":[[[106.90940027834837,-6.188493992299384],[106.9102985936325,-6.188493992299384],[106.9102985936325,-6.186697361731145],[106.90940027834837,-6.186697361731145],[106.90940027834837,-6.188493992299384]]]},"id":"+119011-6888","properties":{"cls":1,"count":2}},{"type":"Feature","geometry":{"geodesic":false,"type":"Polygon","coordinates":[[[106.91119690891662,-6.101357409739791],[106.91299353948486,-6.101357409739791],[106.91299353948486,-6.098662463887432],[106.91119690891662,-6.098662463887432],[106.91119690891662,-6.101357409739791]]]},"id":"+119014-6790","properties":{"cls":1,"count":6}},{"type":"Feature","geometry":{"geodesic":false,"type":"Polygon","coordinates":[[[106.91209522420074,-6.181307470026428],[106.91299353948486,-6.181307470026428],[106.91299353948486,-6.180409154742308],[106.91209522420074,-6.180409154742308],[106.91209522420074,-6.181307470026428]]]},"id":"+119014-6881","properties":{"cls":1,"count":1}},{"type":"Feature","geometry":{"geodesic":false,"type":"Polygon","coordinates":[[[106.91299353948486,-6.101357409739791],[106.91299353948486,-6.10225572502391],[106.91119690891662,-6.10225572502391],[106.91119690891662,-6.104052355592149],[106.9147901700531,-6.104052355592149],[106.91568848533721,-6.10225572502391],[106.91389185476898,-6.10225572502391],[106.91389185476898,-6.101357409739791],[106.91299353948486,-6.101357409739791]]]},"id":"+119015-6793","properties":{"cls":1,"count":10}},{"type":"Feature","geometry":{"geodesic":false,"type":"Polygon","coordinates":[[[106.91299353948486,-6.108543932012746],[106.91389185476898,-6.108543932012746],[106.91389185476898,-6.107645616728627],[106.91299353948486,-6.107645616728627],[106.91299353948486,-6.108543932012746]]]},"id":"+119015-6800","properties":{"cls":1,"count":1}},{"type":"Feature","geometry":{"geodesic":false,"type":"Polygon","coordinates":[[[106.91389185476898,-6.298986772246085],[106.9147901700531,-6.298986772246085],[106.9147901700531,-6.298088456961965],[106.91389185476898,-6.298088456961965],[106.91389185476898,-6.298986772246085]]]},"id":"+119016-7012","properties":{"cls":1,"count":1}},{"type":"Feature","geometry":{"geodesic":false,"type":"Polygon","coordinates":[[[106.91389185476898,-6.156154642071081],[106.91389185476898,-6.15884958792344],[106.91568848533721,-6.159747903207559],[106.91568848533721,-6.15884958792344],[106.91658680062133,-6.15884958792344],[106.91658680062133,-6.157052957355201],[106.91568848533721,-6.157052957355201],[106.91568848533721,-6.156154642071081],[106.91389185476898,-6.156154642071081]]]},"id":"+119017-6854","properties":{"cls":1,"count":9}},{"type":"Feature","geometry":{"geodesic":false,"type":"Polygon","coordinates":[[[106.9147901700531,-6.311563186223759],[106.91568848533721,-6.311563186223759],[106.91568848533721,-6.30976655565552],[106.9147901700531,-6.30976655565552],[106.9147901700531,-6.311563186223759]]]},"id":"+119017-7025","properties":{"cls":1,"count":2}},{"type":"Feature","geometry":{"geodesic":false,"type":"Polygon","coordinates":[[[106.91209522420074,-6.088780995762117],[106.91568848533721,-6.088780995762117],[106.91568848533721,-6.089679311046236],[106.91748511590545,-6.089679311046236],[106.91748511590545,-6.088780995762117],[106.91838343118957,-6.088780995762117],[106.91838343118957,-6.089679311046236],[106.92018006175782,-6.089679311046236],[106.92018006175782,-6.088780995762117],[106.92107837704194,-6.088780995762117],[106.92107837704194,-6.089679311046236],[106.92197669232606,-6.089679311046236],[106.92197669232606,-6.088780995762117],[106.92287500761017,-6.088780995762117],[106.92287500761017,-6.087882680477997],[106.92018006175782,-6.087882680477997],[106.92018006175782,-6.086984365193878],[106.91928174647369,-6.086984365193878],[106.91928174647369,-6.087882680477997],[106.91748511590545,-6.087882680477997],[106.91748511590545,-6.086086049909759],[106.91838343118957,-6.086086049909759],[106.91838343118957,-6.085187734625639],[106.91658680062133,-6.08428941934152],[106.91658680062133,-6.0833911040574],[106.9147901700531,-6.0833911040574],[106.9147901700531,-6.08428941934152],[106.91299353948486,-6.08428941934152],[106.91299353948486,-6.085187734625639],[106.9102985936325,-6.085187734625639],[106.9102985936325,-6.08428941934152],[106.90850196306425,-6.08428941934152],[106.90850196306425,-6.0833911040574],[106.90670533249602,-6.08428941934152],[106.90670533249602,-6.0833911040574],[106.90311207135954,-6.0833911040574],[106.90311207135954,-6.085187734625639],[106.90221375607543,-6.085187734625639],[106.90221375607543,-6.086086049909759],[106.90401038664366,-6.086086049909759],[106.90401038664366,-6.086984365193878],[106.90311207135954,-6.086984365193878],[106.90311207135954,-6.087882680477997],[106.90401038664366,-6.087882680477997],[106.90401038664366,-6.089679311046236],[106.90490870192778,-6.089679311046236],[106.90490870192778,-6.088780995762117],[106.90670533249602,-6.088780995762117],[106.90760364778014,-6.090577626330356],[106.91209522420074,-6.090577626330356],[106.91209522420074,-6.088780995762117]],[[106.91209522420074,-6.088780995762117],[106.91299353948486,-6.086984365193878],[106.91209522420074,-6.086984365193878],[106.91209522420074,-6.087882680477997],[106.91119690891662,-6.087882680477997],[106.91119690891662,-6.088780995762117],[106.91209522420074,-6.088780995762117]],[[106.90670533249602,-6.087882680477997],[106.90850196306425,-6.087882680477997],[106.90850196306425,-6.086984365193878],[106.90670533249602,-6.086984365193878],[106.90670533249602,-6.087882680477997]]]},"id":"+119018-6773","properties":{"cls":1,"count":104}},{"type":"Feature","geometry":{"geodesic":false,"type":"Polygon","coordinates":[[[106.9147901700531,-6.099560779171552],[106.91658680062133,-6.099560779171552],[106.91658680062133,-6.098662463887432],[106.9147901700531,-6.098662463887432],[106.9147901700531,-6.099560779171552]]]},"id":"+119018-6790","properties":{"cls":1,"count":2}},{"type":"Feature","geometry":{"geodesic":false,"type":"Polygon","coordinates":[[[106.91568848533721,-6.10225572502391],[106.91658680062133,-6.10225572502391],[106.91658680062133,-6.101357409739791],[106.91568848533721,-6.101357409739791],[106.91568848533721,-6.10225572502391]]]},"id":"+119018-6793","properties":{"cls":1,"count":1}},{"type":"Feature","geometry":{"geodesic":false,"type":"Polygon","coordinates":[[[106.91748511590545,-6.178612524174069],[106.91838343118957,-6.178612524174069],[106.91838343118957,-6.17681589360583],[106.91748511590545,-6.17681589360583],[106.91748511590545,-6.178612524174069]]]},"id":"+119020-6877","properties":{"cls":1,"count":2}},{"type":"Feature","geometry":{"geodesic":false,"type":"Polygon","coordinates":[[[106.91928174647369,-6.104052355592149],[106.92018006175782,-6.104052355592149],[106.92018006175782,-6.103154040308029],[106.91928174647369,-6.103154040308029],[106.91928174647369,-6.104052355592149]]]},"id":"+119022-6795","properties":{"cls":1,"count":1}},{"type":"Feature","geometry":{"geodesic":false,"type":"Polygon","coordinates":[[[106.92018006175782,-6.17771420888995],[106.92107837704194,-6.17771420888995],[106.92107837704194,-6.17681589360583],[106.92018006175782,-6.17681589360583],[106.92018006175782,-6.17771420888995]]]},"id":"+119023-6877","properties":{"cls":1,"count":1}},{"type":"Feature","geometry":{"geodesic":false,"type":"Polygon","coordinates":[[[106.92018006175782,-6.101357409739791],[106.92197669232606,-6.101357409739791],[106.92197669232606,-6.100459094455671],[106.92018006175782,-6.100459094455671],[106.92018006175782,-6.101357409739791]]]},"id":"+119024-6792","properties":{"cls":1,"count":2}},{"type":"Feature","geometry":{"geodesic":false,"type":"Polygon","coordinates":[[[106.92107837704194,-6.316953077928475],[106.92197669232606,-6.316953077928475],[106.92197669232606,-6.314258132076117],[106.92107837704194,-6.314258132076117],[106.92107837704194,-6.316953077928475]]]},"id":"+119024-7030","properties":{"cls":1,"count":3}},{"type":"Feature","geometry":{"geodesic":false,"type":"Polygon","coordinates":[[[106.92018006175782,-6.0977641486033125],[106.92287500761017,-6.0977641486033125],[106.92287500761017,-6.090577626330356],[106.92018006175782,-6.090577626330356],[106.92018006175782,-6.0977641486033125]]]},"id":"+119025-6781","properties":{"cls":1,"count":24}},{"type":"Feature","geometry":{"geodesic":false,"type":"Polygon","coordinates":[[[106.92197669232606,-6.2118501896864915],[106.92287500761017,-6.2118501896864915],[106.92287500761017,-6.2109518744023715],[106.92197669232606,-6.2109518744023715],[106.92197669232606,-6.2118501896864915]]]},"id":"+119025-6915","properties":{"cls":1,"count":1}},{"type":"Feature","geometry":{"geodesic":false,"type":"Polygon","coordinates":[[[106.92287500761017,-6.17771420888995],[106.92287500761017,-6.179510839458189],[106.92467163817841,-6.179510839458189],[106.92467163817841,-6.178612524174069],[106.92556995346253,-6.178612524174069],[106.92556995346253,-6.17771420888995],[106.92287500761017,-6.17771420888995]]]},"id":"+119028-6878","properties":{"cls":1,"count":5}},{"type":"Feature","geometry":{"geodesic":false,"type":"Polygon","coordinates":[[[106.92467163817841,-6.32773286133791],[106.92556995346253,-6.32773286133791],[106.92556995346253,-6.3268345460537905],[106.92467163817841,-6.3268345460537905],[106.92467163817841,-6.32773286133791]]]},"id":"+119028-7044","properties":{"cls":1,"count":1}},{"type":"Feature","geometry":{"geodesic":false,"type":"Polygon","coordinates":[[[106.92556995346253,-6.166934425480515],[106.92646826874665,-6.166934425480515],[106.92646826874665,-6.166036110196396],[106.92556995346253,-6.166036110196396],[106.92556995346253,-6.166934425480515]]]},"id":"+119029-6865","properties":{"cls":1,"count":1}},{"type":"Feature","geometry":{"geodesic":false,"type":"Polygon","coordinates":[[[106.92556995346253,-6.179510839458189],[106.92556995346253,-6.180409154742308],[106.92377332289429,-6.180409154742308],[106.92377332289429,-6.181307470026428],[106.92646826874665,-6.181307470026428],[106.92646826874665,-6.179510839458189],[106.92556995346253,-6.179510839458189]]]},"id":"+119029-6880","properties":{"cls":1,"count":4}},{"type":"Feature","geometry":{"geodesic":false,"type":"Polygon","coordinates":[[[106.92556995346253,-6.323241284917312],[106.92646826874665,-6.323241284917312],[106.92646826874665,-6.322342969633192],[106.92556995346253,-6.322342969633192],[106.92556995346253,-6.323241284917312]]]},"id":"+119029-7039","properties":{"cls":1,"count":1}},{"type":"Feature","geometry":{"geodesic":false,"type":"Polygon","coordinates":[[[106.92556995346253,-6.0968658333191925],[106.92556995346253,-6.098662463887432],[106.92467163817841,-6.098662463887432],[106.92467163817841,-6.099560779171552],[106.92646826874665,-6.099560779171552],[106.92646826874665,-6.0977641486033125],[106.92736658403076,-6.0977641486033125],[106.92736658403076,-6.0968658333191925],[106.92556995346253,-6.0968658333191925]]]},"id":"+119030-6788","properties":{"cls":1,"count":5}},{"type":"Feature","geometry":{"geodesic":false,"type":"Polygon","coordinates":[[[106.92556995346253,-6.258562584460707],[106.92736658403076,-6.258562584460707],[106.92736658403076,-6.257664269176587],[106.92556995346253,-6.257664269176587],[106.92556995346253,-6.258562584460707]]]},"id":"+119030-6967","properties":{"cls":1,"count":2}},{"type":"Feature","geometry":{"geodesic":false,"type":"Polygon","coordinates":[[[106.92736658403076,-6.2486811163353915],[106.929163214599,-6.2486811163353915],[106.929163214599,-6.247782801051272],[106.92736658403076,-6.247782801051272],[106.92736658403076,-6.2486811163353915]]]},"id":"+119032-6956","properties":{"cls":1,"count":2}},{"type":"Feature","geometry":{"geodesic":false,"type":"Polygon","coordinates":[[[106.92826489931488,-6.137290021104572],[106.93006152988313,-6.137290021104572],[106.93006152988313,-6.136391705820452],[106.92826489931488,-6.136391705820452],[106.92826489931488,-6.137290021104572]]]},"id":"+119033-6832","properties":{"cls":1,"count":2}},{"type":"Feature","geometry":{"geodesic":false,"type":"Polygon","coordinates":[[[106.93006152988313,-6.117527084853942],[106.93095984516725,-6.117527084853942],[106.93095984516725,-6.1166287695698225],[106.93006152988313,-6.1166287695698225],[106.93006152988313,-6.117527084853942]]]},"id":"+119034-6810","properties":{"cls":1,"count":1}},{"type":"Feature","geometry":{"geodesic":false,"type":"Polygon","coordinates":[[[106.93095984516725,-6.2486811163353915],[106.93185816045137,-6.2486811163353915],[106.93185816045137,-6.247782801051272],[106.93095984516725,-6.247782801051272],[106.93095984516725,-6.2486811163353915]]]},"id":"+119035-6956","properties":{"cls":1,"count":1}},{"type":"Feature","geometry":{"geodesic":false,"type":"Polygon","coordinates":[[[106.93275647573549,-6.0968658333191925],[106.9336547910196,-6.0968658333191925],[106.9336547910196,-6.095967518035073],[106.93275647573549,-6.095967518035073],[106.93275647573549,-6.0968658333191925]]]},"id":"+119037-6787","properties":{"cls":1,"count":1}},{"type":"Feature","geometry":{"geodesic":false,"type":"Polygon","coordinates":[[[106.9336547910196,-6.1534596962187225],[106.93455310630372,-6.1534596962187225],[106.93455310630372,-6.152561380934603],[106.9336547910196,-6.152561380934603],[106.9336547910196,-6.1534596962187225]]]},"id":"+119038-6850","properties":{"cls":1,"count":1}},{"type":"Feature","geometry":{"geodesic":false,"type":"Polygon","coordinates":[[[106.93455310630372,-6.107645616728627],[106.93545142158784,-6.107645616728627],[106.93545142158784,-6.106747301444507],[106.93455310630372,-6.106747301444507],[106.93455310630372,-6.107645616728627]]]},"id":"+119039-6799","properties":{"cls":1,"count":1}},{"type":"Feature","geometry":{"geodesic":false,"type":"Polygon","coordinates":[[[106.93545142158784,-6.213646820254731],[106.93634973687196,-6.213646820254731],[106.93634973687196,-6.212748504970611],[106.93545142158784,-6.212748504970611],[106.93545142158784,-6.213646820254731]]]},"id":"+119040-6917","properties":{"cls":1,"count":1}},{"type":"Feature","geometry":{"geodesic":false,"type":"Polygon","coordinates":[[[106.93634973687196,-6.152561380934603],[106.93724805215608,-6.152561380934603],[106.93724805215608,-6.151663065650483],[106.93634973687196,-6.151663065650483],[106.93634973687196,-6.152561380934603]]]},"id":"+119041-6849","properties":{"cls":1,"count":1}},{"type":"Feature","geometry":{"geodesic":false,"type":"Polygon","coordinates":[[[106.93545142158784,-6.1534596962187225],[106.93455310630372,-6.1552563267869616],[106.93634973687196,-6.1552563267869616],[106.93634973687196,-6.1543580115028425],[106.93724805215608,-6.1543580115028425],[106.93724805215608,-6.1534596962187225],[106.93545142158784,-6.1534596962187225]]]},"id":"+119041-6851","properties":{"cls":1,"count":4}},{"type":"Feature","geometry":{"geodesic":false,"type":"Polygon","coordinates":[[[106.93634973687196,-6.128306868263376],[106.9381463674402,-6.128306868263376],[106.9381463674402,-6.127408552979256],[106.93634973687196,-6.127408552979256],[106.93634973687196,-6.128306868263376]]]},"id":"+119042-6822","properties":{"cls":1,"count":2}},{"type":"Feature","geometry":{"geodesic":false,"type":"Polygon","coordinates":[[[106.93545142158784,-6.122916976558659],[106.93545142158784,-6.123815291842778],[106.93634973687196,-6.123815291842778],[106.93545142158784,-6.125611922411017],[106.9381463674402,-6.125611922411017],[106.9381463674402,-6.123815291842778],[106.93904468272432,-6.123815291842778],[106.93904468272432,-6.122916976558659],[106.93545142158784,-6.122916976558659]]]},"id":"+119043-6817","properties":{"cls":1,"count":9}},{"type":"Feature","geometry":{"geodesic":false,"type":"Polygon","coordinates":[[[106.9381463674402,-6.19568051457234],[106.93904468272432,-6.19568051457234],[106.93904468272432,-6.194782199288221],[106.9381463674402,-6.194782199288221],[106.9381463674402,-6.19568051457234]]]},"id":"+119043-6897","properties":{"cls":1,"count":1}},{"type":"Feature","geometry":{"geodesic":false,"type":"Polygon","coordinates":[[[106.93904468272432,-6.160646218491679],[106.93994299800845,-6.160646218491679],[106.93994299800845,-6.159747903207559],[106.93904468272432,-6.159747903207559],[106.93904468272432,-6.160646218491679]]]},"id":"+119044-6858","properties":{"cls":1,"count":1}},{"type":"Feature","geometry":{"geodesic":false,"type":"Polygon","coordinates":[[[106.9381463674402,-6.0968658333191925],[106.93904468272432,-6.098662463887432],[106.94084131329257,-6.098662463887432],[106.94084131329257,-6.0968658333191925],[106.9381463674402,-6.0968658333191925]]]},"id":"+119045-6788","properties":{"cls":1,"count":5}},{"type":"Feature","geometry":{"geodesic":false,"type":"Polygon","coordinates":[[[106.94084131329257,-6.142679912809288],[106.94173962857668,-6.142679912809288],[106.94173962857668,-6.141781597525169],[106.94084131329257,-6.141781597525169],[106.94084131329257,-6.142679912809288]]]},"id":"+119046-6838","properties":{"cls":1,"count":1}},{"type":"Feature","geometry":{"geodesic":false,"type":"Polygon","coordinates":[[[106.94353625914492,-6.184900731162906],[106.94443457442904,-6.184900731162906],[106.94443457442904,-6.183104100594667],[106.94353625914492,-6.183104100594667],[106.94353625914492,-6.184900731162906]]]},"id":"+119049-6884","properties":{"cls":1,"count":2}},{"type":"Feature","geometry":{"geodesic":false,"type":"Polygon","coordinates":[[[106.94443457442904,-6.106747301444507],[106.94533288971316,-6.106747301444507],[106.94533288971316,-6.105848986160388],[106.94443457442904,-6.105848986160388],[106.94443457442904,-6.106747301444507]]]},"id":"+119050-6798","properties":{"cls":1,"count":1}},{"type":"Feature","geometry":{"geodesic":false,"type":"Polygon","coordinates":[[[106.94443457442904,-6.1166287695698225],[106.94533288971316,-6.1166287695698225],[106.94533288971316,-6.114832139001583],[106.94443457442904,-6.114832139001583],[106.94443457442904,-6.1166287695698225]]]},"id":"+119050-6808","properties":{"cls":1,"count":2}},{"type":"Feature","geometry":{"geodesic":false,"type":"Polygon","coordinates":[[[106.9426379438608,-6.132798444683973],[106.9426379438608,-6.1345950752522125],[106.94443457442904,-6.1345950752522125],[106.94443457442904,-6.133696759968093],[106.94533288971316,-6.133696759968093],[106.94533288971316,-6.132798444683973],[106.9426379438608,-6.132798444683973]]]},"id":"+119050-6828","properties":{"cls":1,"count":5}},{"type":"Feature","geometry":{"geodesic":false,"type":"Polygon","coordinates":[[[106.94443457442904,-6.149866435082244],[106.94533288971316,-6.149866435082244],[106.94533288971316,-6.148968119798125],[106.94443457442904,-6.148968119798125],[106.94443457442904,-6.149866435082244]]]},"id":"+119050-6846","properties":{"cls":1,"count":1}},{"type":"Feature","geometry":{"geodesic":false,"type":"Polygon","coordinates":[[[106.94443457442904,-6.162442849059918],[106.94533288971316,-6.162442849059918],[106.94533288971316,-6.161544533775798],[106.94443457442904,-6.161544533775798],[106.94443457442904,-6.162442849059918]]]},"id":"+119050-6860","properties":{"cls":1,"count":1}},{"type":"Feature","geometry":{"geodesic":false,"type":"Polygon","coordinates":[[[106.94533288971316,-6.0968658333191925],[106.94443457442904,-6.098662463887432],[106.94623120499728,-6.098662463887432],[106.94623120499728,-6.0968658333191925],[106.94533288971316,-6.0968658333191925]]]},"id":"+119051-6788","properties":{"cls":1,"count":3}},{"type":"Feature","geometry":{"geodesic":false,"type":"Polygon","coordinates":[[[106.94533288971316,-6.120222030706301],[106.94533288971316,-6.12112034599042],[106.94443457442904,-6.12112034599042],[106.94443457442904,-6.120222030706301],[106.9426379438608,-6.120222030706301],[106.9426379438608,-6.122018661274539],[106.94353625914492,-6.122018661274539],[106.94353625914492,-6.122916976558659],[106.94623120499728,-6.122916976558659],[106.94623120499728,-6.120222030706301],[106.94533288971316,-6.120222030706301]]]},"id":"+119051-6814","properties":{"cls":1,"count":10}},{"type":"Feature","geometry":{"geodesic":false,"type":"Polygon","coordinates":[[[106.94533288971316,-6.117527084853942],[106.94533288971316,-6.118425400138062],[106.94623120499728,-6.118425400138062],[106.94623120499728,-6.120222030706301],[106.9471295202814,-6.120222030706301],[106.94802783556551,-6.118425400138062],[106.9471295202814,-6.118425400138062],[106.9471295202814,-6.117527084853942],[106.94533288971316,-6.117527084853942]]]},"id":"+119052-6811","properties":{"cls":1,"count":5}},{"type":"Feature","geometry":{"geodesic":false,"type":"Polygon","coordinates":[[[106.94623120499728,-6.123815291842778],[106.9471295202814,-6.123815291842778],[106.9471295202814,-6.122916976558659],[106.94623120499728,-6.122916976558659],[106.94623120499728,-6.123815291842778]]]},"id":"+119052-6817","properties":{"cls":1,"count":1}},{"type":"Feature","geometry":{"geodesic":false,"type":"Polygon","coordinates":[[[106.94623120499728,-6.257664269176587],[106.9471295202814,-6.257664269176587],[106.9471295202814,-6.256765953892468],[106.94623120499728,-6.256765953892468],[106.94623120499728,-6.257664269176587]]]},"id":"+119052-6966","properties":{"cls":1,"count":1}},{"type":"Feature","geometry":{"geodesic":false,"type":"Polygon","coordinates":[[[106.9471295202814,-6.114832139001583],[106.94802783556551,-6.114832139001583],[106.94802783556551,-6.113933823717463],[106.9471295202814,-6.113933823717463],[106.9471295202814,-6.114832139001583]]]},"id":"+119053-6807","properties":{"cls":1,"count":1}},{"type":"Feature","geometry":{"geodesic":false,"type":"Polygon","coordinates":[[[106.9471295202814,-6.122916976558659],[106.94802783556551,-6.122916976558659],[106.94802783556551,-6.122018661274539],[106.9471295202814,-6.122018661274539],[106.9471295202814,-6.122916976558659]]]},"id":"+119053-6816","properties":{"cls":1,"count":1}},{"type":"Feature","geometry":{"geodesic":false,"type":"Polygon","coordinates":[[[106.9471295202814,-6.125611922411017],[106.94802783556551,-6.125611922411017],[106.94802783556551,-6.123815291842778],[106.9471295202814,-6.123815291842778],[106.9471295202814,-6.125611922411017]]]},"id":"+119053-6818","properties":{"cls":1,"count":2}},{"type":"Feature","geometry":{"geodesic":false,"type":"Polygon","coordinates":[[[106.94623120499728,-6.133696759968093],[106.94802783556551,-6.133696759968093],[106.94802783556551,-6.132798444683973],[106.94623120499728,-6.132798444683973],[106.94623120499728,-6.133696759968093]]]},"id":"+119053-6828","properties":{"cls":1,"count":2}},{"type":"Feature","geometry":{"geodesic":false,"type":"Polygon","coordinates":[[[106.9471295202814,-6.160646218491679],[106.94802783556551,-6.160646218491679],[106.94802783556551,-6.159747903207559],[106.9471295202814,-6.159747903207559],[106.9471295202814,-6.160646218491679]]]},"id":"+119053-6858","properties":{"cls":1,"count":1}},{"type":"Feature","geometry":{"geodesic":false,"type":"Polygon","coordinates":[[[106.94802783556551,-6.0968658333191925],[106.94892615084963,-6.0968658333191925],[106.94892615084963,-6.095069202750953],[106.94802783556551,-6.095069202750953],[106.94802783556551,-6.0968658333191925]]]},"id":"+119054-6786","properties":{"cls":1,"count":2}},{"type":"Feature","geometry":{"geodesic":false,"type":"Polygon","coordinates":[[[106.94802783556551,-6.1157304542857025],[106.94892615084963,-6.1157304542857025],[106.94892615084963,-6.114832139001583],[106.94802783556551,-6.114832139001583],[106.94802783556551,-6.1157304542857025]]]},"id":"+119054-6808","properties":{"cls":1,"count":1}},{"type":"Feature","geometry":{"geodesic":false,"type":"Polygon","coordinates":[[[106.94802783556551,-6.129205183547495],[106.94892615084963,-6.129205183547495],[106.94892615084963,-6.128306868263376],[106.94802783556551,-6.128306868263376],[106.94802783556551,-6.129205183547495]]]},"id":"+119054-6823","properties":{"cls":1,"count":1}},{"type":"Feature","geometry":{"geodesic":false,"type":"Polygon","coordinates":[[[106.94892615084963,-6.119323715422181],[106.94982446613376,-6.119323715422181],[106.94982446613376,-6.118425400138062],[106.94892615084963,-6.118425400138062],[106.94892615084963,-6.119323715422181]]]},"id":"+119055-6812","properties":{"cls":1,"count":1}},{"type":"Feature","geometry":{"geodesic":false,"type":"Polygon","coordinates":[[[106.94892615084963,-6.250477746903631],[106.94982446613376,-6.250477746903631],[106.94982446613376,-6.2495794316195115],[106.94892615084963,-6.2495794316195115],[106.94892615084963,-6.250477746903631]]]},"id":"+119055-6958","properties":{"cls":1,"count":1}},{"type":"Feature","geometry":{"geodesic":false,"type":"Polygon","coordinates":[[[106.94982446613376,-6.112137193149224],[106.95072278141788,-6.112137193149224],[106.95072278141788,-6.111238877865105],[106.94982446613376,-6.111238877865105],[106.94982446613376,-6.112137193149224]]]},"id":"+119056-6804","properties":{"cls":1,"count":1}},{"type":"Feature","geometry":{"geodesic":false,"type":"Polygon","coordinates":[[[106.94982446613376,-6.122018661274539],[106.951621096702,-6.122018661274539],[106.951621096702,-6.12112034599042],[106.94982446613376,-6.12112034599042],[106.94982446613376,-6.122018661274539]]]},"id":"+119057-6815","properties":{"cls":1,"count":2}},{"type":"Feature","geometry":{"geodesic":false,"type":"Polygon","coordinates":[[[106.95072278141788,-6.130103498831615],[106.951621096702,-6.130103498831615],[106.951621096702,-6.128306868263376],[106.95072278141788,-6.128306868263376],[106.95072278141788,-6.130103498831615]]]},"id":"+119057-6823","properties":{"cls":1,"count":2}},{"type":"Feature","geometry":{"geodesic":false,"type":"Polygon","coordinates":[[[106.95072278141788,-6.166036110196396],[106.951621096702,-6.166036110196396],[106.951621096702,-6.165137794912276],[106.95072278141788,-6.165137794912276],[106.95072278141788,-6.166036110196396]]]},"id":"+119057-6864","properties":{"cls":1,"count":1}},{"type":"Feature","geometry":{"geodesic":false,"type":"Polygon","coordinates":[[[106.95072278141788,-6.093272572182714],[106.95072278141788,-6.095069202750953],[106.94982446613376,-6.095069202750953],[106.94982446613376,-6.095967518035073],[106.95431604255435,-6.095967518035073],[106.95431604255435,-6.095069202750953],[106.95251941198612,-6.095069202750953],[106.95251941198612,-6.093272572182714],[106.95072278141788,-6.093272572182714]]]},"id":"+119058-6784","properties":{"cls":1,"count":9}},{"type":"Feature","geometry":{"geodesic":false,"type":"Polygon","coordinates":[[[106.951621096702,-6.112137193149224],[106.95251941198612,-6.112137193149224],[106.95251941198612,-6.111238877865105],[106.951621096702,-6.111238877865105],[106.951621096702,-6.112137193149224]]]},"id":"+119058-6804","properties":{"cls":1,"count":1}},{"type":"Feature","geometry":{"geodesic":false,"type":"Polygon","coordinates":[[[106.94982446613376,-6.117527084853942],[106.94982446613376,-6.118425400138062],[106.95072278141788,-6.118425400138062],[106.94982446613376,-6.120222030706301],[106.951621096702,-6.120222030706301],[106.951621096702,-6.12112034599042],[106.95251941198612,-6.12112034599042],[106.95251941198612,-6.119323715422181],[106.951621096702,-6.119323715422181],[106.951621096702,-6.118425400138062],[106.95251941198612,-6.118425400138062],[106.95251941198612,-6.117527084853942],[106.94982446613376,-6.117527084853942]]]},"id":"+119058-6811","properties":{"cls":1,"count":8}},{"type":"Feature","geometry":{"geodesic":false,"type":"Polygon","coordinates":[[[106.951621096702,-6.123815291842778],[106.95251941198612,-6.123815291842778],[106.95251941198612,-6.122018661274539],[106.951621096702,-6.122018661274539],[106.951621096702,-6.123815291842778]]]},"id":"+119058-6816","properties":{"cls":1,"count":2}},{"type":"Feature","geometry":{"geodesic":false,"type":"Polygon","coordinates":[[[106.951621096702,-6.250477746903631],[106.95251941198612,-6.250477746903631],[106.95251941198612,-6.2495794316195115],[106.951621096702,-6.2495794316195115],[106.951621096702,-6.250477746903631]]]},"id":"+119058-6958","properties":{"cls":1,"count":1}},{"type":"Feature","geometry":{"geodesic":false,"type":"Polygon","coordinates":[[[106.95251941198612,-6.104052355592149],[106.95341772727024,-6.104052355592149],[106.95341772727024,-6.103154040308029],[106.95251941198612,-6.103154040308029],[106.95251941198612,-6.104052355592149]]]},"id":"+119059-6795","properties":{"cls":1,"count":1}},{"type":"Feature","geometry":{"geodesic":false,"type":"Polygon","coordinates":[[[106.95251941198612,-6.1166287695698225],[106.95341772727024,-6.1166287695698225],[106.95341772727024,-6.1157304542857025],[106.95251941198612,-6.1157304542857025],[106.95251941198612,-6.1166287695698225]]]},"id":"+119059-6809","properties":{"cls":1,"count":1}},{"type":"Feature","geometry":{"geodesic":false,"type":"Polygon","coordinates":[[[106.95251941198612,-6.169629371332874],[106.95341772727024,-6.169629371332874],[106.95341772727024,-6.168731056048754],[106.95251941198612,-6.168731056048754],[106.95251941198612,-6.169629371332874]]]},"id":"+119059-6868","properties":{"cls":1,"count":1}},{"type":"Feature","geometry":{"geodesic":false,"type":"Polygon","coordinates":[[[106.95341772727024,-6.094170887466834],[106.95431604255435,-6.094170887466834],[106.95431604255435,-6.093272572182714],[106.95341772727024,-6.093272572182714],[106.95341772727024,-6.094170887466834]]]},"id":"+119060-6784","properties":{"cls":1,"count":1}},{"type":"Feature","geometry":{"geodesic":false,"type":"Polygon","coordinates":[[[106.95251941198612,-6.110340562580985],[106.95251941198612,-6.111238877865105],[106.95431604255435,-6.112137193149224],[106.95431604255435,-6.110340562580985],[106.95251941198612,-6.110340562580985]]]},"id":"+119060-6803","properties":{"cls":1,"count":3}},{"type":"Feature","geometry":{"geodesic":false,"type":"Polygon","coordinates":[[[106.95341772727024,-6.240596278778316],[106.95431604255435,-6.240596278778316],[106.95431604255435,-6.239697963494197],[106.95341772727024,-6.239697963494197],[106.95341772727024,-6.240596278778316]]]},"id":"+119060-6947","properties":{"cls":1,"count":1}},{"type":"Feature","geometry":{"geodesic":false,"type":"Polygon","coordinates":[[[106.951621096702,-6.089679311046236],[106.951621096702,-6.090577626330356],[106.94982446613376,-6.090577626330356],[106.95072278141788,-6.092374256898595],[106.95251941198612,-6.091475941614475],[106.95251941198612,-6.090577626330356],[106.95521435783847,-6.092374256898595],[106.95521435783847,-6.089679311046236],[106.951621096702,-6.089679311046236]]]},"id":"+119061-6780","properties":{"cls":1,"count":11}},{"type":"Feature","geometry":{"geodesic":false,"type":"Polygon","coordinates":[[[106.95431604255435,-6.10225572502391],[106.95521435783847,-6.10225572502391],[106.95521435783847,-6.101357409739791],[106.95431604255435,-6.101357409739791],[106.95431604255435,-6.10225572502391]]]},"id":"+119061-6793","properties":{"cls":1,"count":1}},{"type":"Feature","geometry":{"geodesic":false,"type":"Polygon","coordinates":[[[106.95431604255435,-6.104052355592149],[106.95521435783847,-6.104052355592149],[106.95521435783847,-6.103154040308029],[106.95431604255435,-6.103154040308029],[106.95431604255435,-6.104052355592149]]]},"id":"+119061-6795","properties":{"cls":1,"count":1}},{"type":"Feature","geometry":{"geodesic":false,"type":"Polygon","coordinates":[[[106.95431604255435,-6.119323715422181],[106.95521435783847,-6.119323715422181],[106.95521435783847,-6.118425400138062],[106.95431604255435,-6.118425400138062],[106.95431604255435,-6.119323715422181]]]},"id":"+119061-6812","properties":{"cls":1,"count":1}},{"type":"Feature","geometry":{"geodesic":false,"type":"Polygon","coordinates":[[[106.95341772727024,-6.12112034599042],[106.95341772727024,-6.122916976558659],[106.95521435783847,-6.123815291842778],[106.95521435783847,-6.12112034599042],[106.95341772727024,-6.12112034599042]]]},"id":"+119061-6815","properties":{"cls":1,"count":5}},{"type":"Feature","geometry":{"geodesic":false,"type":"Polygon","coordinates":[[[106.95431604255435,-6.126510237695137],[106.95521435783847,-6.126510237695137],[106.95521435783847,-6.125611922411017],[106.95431604255435,-6.125611922411017],[106.95431604255435,-6.126510237695137]]]},"id":"+119061-6820","properties":{"cls":1,"count":1}},{"type":"Feature","geometry":{"geodesic":false,"type":"Polygon","coordinates":[[[106.95521435783847,-6.098662463887432],[106.95611267312259,-6.098662463887432],[106.95611267312259,-6.0977641486033125],[106.95521435783847,-6.0977641486033125],[106.95521435783847,-6.098662463887432]]]},"id":"+119062-6789","properties":{"cls":1,"count":1}},{"type":"Feature","geometry":{"geodesic":false,"type":"Polygon","coordinates":[[[106.95521435783847,-6.106747301444507],[106.95701098840671,-6.106747301444507],[106.95701098840671,-6.105848986160388],[106.95521435783847,-6.105848986160388],[106.95521435783847,-6.106747301444507]]]},"id":"+119063-6798","properties":{"cls":1,"count":2}},{"type":"Feature","geometry":{"geodesic":false,"type":"Polygon","coordinates":[[[106.95611267312259,-6.113035508433344],[106.95611267312259,-6.113933823717463],[106.95431604255435,-6.114832139001583],[106.95431604255435,-6.1166287695698225],[106.95341772727024,-6.1166287695698225],[106.95341772727024,-6.117527084853942],[106.95521435783847,-6.117527084853942],[106.95521435783847,-6.1157304542857025],[106.95701098840671,-6.114832139001583],[106.95701098840671,-6.113035508433344],[106.95611267312259,-6.113035508433344]]]},"id":"+119063-6806","properties":{"cls":1,"count":8}},{"type":"Feature","geometry":{"geodesic":false,"type":"Polygon","coordinates":[[[106.95611267312259,-6.165137794912276],[106.95701098840671,-6.165137794912276],[106.95701098840671,-6.164239479628157],[106.95611267312259,-6.164239479628157],[106.95611267312259,-6.165137794912276]]]},"id":"+119063-6863","properties":{"cls":1,"count":1}},{"type":"Feature","geometry":{"geodesic":false,"type":"Polygon","coordinates":[[[106.95611267312259,-6.170527686616993],[106.95701098840671,-6.170527686616993],[106.95701098840671,-6.169629371332874],[106.95611267312259,-6.169629371332874],[106.95611267312259,-6.170527686616993]]]},"id":"+119063-6869","properties":{"cls":1,"count":1}},{"type":"Feature","geometry":{"geodesic":false,"type":"Polygon","coordinates":[[[106.95611267312259,-6.245986170483033],[106.95701098840671,-6.245986170483033],[106.95701098840671,-6.245087855198913],[106.95611267312259,-6.245087855198913],[106.95611267312259,-6.245986170483033]]]},"id":"+119063-6953","properties":{"cls":1,"count":1}},{"type":"Feature","geometry":{"geodesic":false,"type":"Polygon","coordinates":[[[106.95611267312259,-6.250477746903631],[106.95701098840671,-6.250477746903631],[106.95701098840671,-6.2495794316195115],[106.95611267312259,-6.2495794316195115],[106.95611267312259,-6.250477746903631]]]},"id":"+119063-6958","properties":{"cls":1,"count":1}},{"type":"Feature","geometry":{"geodesic":false,"type":"Polygon","coordinates":[[[106.95611267312259,-6.254969323324229],[106.95701098840671,-6.254969323324229],[106.95701098840671,-6.254071008040109],[106.95611267312259,-6.254071008040109],[106.95611267312259,-6.254969323324229]]]},"id":"+119063-6963","properties":{"cls":1,"count":1}},{"type":"Feature","geometry":{"geodesic":false,"type":"Polygon","coordinates":[[[106.95701098840671,-6.101357409739791],[106.95790930369083,-6.101357409739791],[106.95790930369083,-6.100459094455671],[106.95701098840671,-6.100459094455671],[106.95701098840671,-6.101357409739791]]]},"id":"+119064-6792","properties":{"cls":1,"count":1}},{"type":"Feature","geometry":{"geodesic":false,"type":"Polygon","coordinates":[[[106.95701098840671,-6.107645616728627],[106.95790930369083,-6.107645616728627],[106.95790930369083,-6.106747301444507],[106.95701098840671,-6.106747301444507],[106.95701098840671,-6.107645616728627]]]},"id":"+119064-6799","properties":{"cls":1,"count":1}},{"type":"Feature","geometry":{"geodesic":false,"type":"Polygon","coordinates":[[[106.95611267312259,-6.109442247296866],[106.95611267312259,-6.111238877865105],[106.95521435783847,-6.111238877865105],[106.95521435783847,-6.112137193149224],[106.95701098840671,-6.112137193149224],[106.95701098840671,-6.110340562580985],[106.95790930369083,-6.110340562580985],[106.95790930369083,-6.109442247296866],[106.95611267312259,-6.109442247296866]]]},"id":"+119064-6802","properties":{"cls":1,"count":5}},{"type":"Feature","geometry":{"geodesic":false,"type":"Polygon","coordinates":[[[106.95790930369083,-6.095069202750953],[106.95880761897494,-6.095069202750953],[106.95880761897494,-6.094170887466834],[106.95790930369083,-6.094170887466834],[106.95790930369083,-6.095069202750953]]]},"id":"+119065-6785","properties":{"cls":1,"count":1}},{"type":"Feature","geometry":{"geodesic":false,"type":"Polygon","coordinates":[[[106.95790930369083,-6.099560779171552],[106.95880761897494,-6.099560779171552],[106.95880761897494,-6.098662463887432],[106.95790930369083,-6.098662463887432],[106.95790930369083,-6.099560779171552]]]},"id":"+119065-6790","properties":{"cls":1,"count":1}},{"type":"Feature","geometry":{"geodesic":false,"type":"Polygon","coordinates":[[[106.95790930369083,-6.117527084853942],[106.95880761897494,-6.117527084853942],[106.95880761897494,-6.1166287695698225],[106.95790930369083,-6.1166287695698225],[106.95790930369083,-6.117527084853942]]]},"id":"+119065-6810","properties":{"cls":1,"count":1}},{"type":"Feature","geometry":{"geodesic":false,"type":"Polygon","coordinates":[[[106.95880761897494,-6.094170887466834],[106.95970593425908,-6.094170887466834],[106.95970593425908,-6.093272572182714],[106.95880761897494,-6.093272572182714],[106.95880761897494,-6.094170887466834]]]},"id":"+119066-6784","properties":{"cls":1,"count":1}},{"type":"Feature","geometry":{"geodesic":false,"type":"Polygon","coordinates":[[[106.95880761897494,-6.110340562580985],[106.95790930369083,-6.114832139001583],[106.95970593425908,-6.113933823717463],[106.95970593425908,-6.110340562580985],[106.95880761897494,-6.110340562580985]]]},"id":"+119066-6803","properties":{"cls":1,"count":6}},{"type":"Feature","geometry":{"geodesic":false,"type":"Polygon","coordinates":[[[106.95880761897494,-6.1157304542857025],[106.95970593425908,-6.1157304542857025],[106.95970593425908,-6.114832139001583],[106.95880761897494,-6.114832139001583],[106.95880761897494,-6.1157304542857025]]]},"id":"+119066-6808","properties":{"cls":1,"count":1}},{"type":"Feature","geometry":{"geodesic":false,"type":"Polygon","coordinates":[[[106.95880761897494,-6.2118501896864915],[106.95970593425908,-6.2118501896864915],[106.95970593425908,-6.2109518744023715],[106.95880761897494,-6.2109518744023715],[106.95880761897494,-6.2118501896864915]]]},"id":"+119066-6915","properties":{"cls":1,"count":1}},{"type":"Feature","geometry":{"geodesic":false,"type":"Polygon","coordinates":[[[106.95970593425908,-6.110340562580985],[106.9606042495432,-6.110340562580985],[106.9606042495432,-6.109442247296866],[106.95970593425908,-6.109442247296866],[106.95970593425908,-6.110340562580985]]]},"id":"+119067-6802","properties":{"cls":1,"count":1}},{"type":"Feature","geometry":{"geodesic":false,"type":"Polygon","coordinates":[[[106.95970593425908,-6.13998496695693],[106.9606042495432,-6.13998496695693],[106.9606042495432,-6.13908665167281],[106.95970593425908,-6.13908665167281],[106.95970593425908,-6.13998496695693]]]},"id":"+119067-6835","properties":{"cls":1,"count":1}},{"type":"Feature","geometry":{"geodesic":false,"type":"Polygon","coordinates":[[[106.9606042495432,-6.093272572182714],[106.96150256482731,-6.093272572182714],[106.96150256482731,-6.092374256898595],[106.9606042495432,-6.092374256898595],[106.9606042495432,-6.093272572182714]]]},"id":"+119068-6783","properties":{"cls":1,"count":1}},{"type":"Feature","geometry":{"geodesic":false,"type":"Polygon","coordinates":[[[106.9606042495432,-6.101357409739791],[106.9606042495432,-6.103154040308029],[106.96150256482731,-6.103154040308029],[106.96150256482731,-6.104950670876268],[106.96240088011143,-6.104950670876268],[106.96240088011143,-6.10225572502391],[106.9606042495432,-6.101357409739791]]]},"id":"+119068-6793","properties":{"cls":1,"count":5}},{"type":"Feature","geometry":{"geodesic":false,"type":"Polygon","coordinates":[[[106.9606042495432,-6.111238877865105],[106.96150256482731,-6.111238877865105],[106.96150256482731,-6.110340562580985],[106.9606042495432,-6.110340562580985],[106.9606042495432,-6.111238877865105]]]},"id":"+119068-6803","properties":{"cls":1,"count":1}},{"type":"Feature","geometry":{"geodesic":false,"type":"Polygon","coordinates":[[[106.9606042495432,-6.129205183547495],[106.9606042495432,-6.131001814115734],[106.96240088011143,-6.131001814115734],[106.96150256482731,-6.129205183547495],[106.9606042495432,-6.129205183547495]]]},"id":"+119068-6824","properties":{"cls":1,"count":3}},{"type":"Feature","geometry":{"geodesic":false,"type":"Polygon","coordinates":[[[106.9606042495432,-6.209155243834132],[106.96150256482731,-6.209155243834132],[106.96150256482731,-6.208256928550013],[106.9606042495432,-6.208256928550013],[106.9606042495432,-6.209155243834132]]]},"id":"+119068-6912","properties":{"cls":1,"count":1}},{"type":"Feature","geometry":{"geodesic":false,"type":"Polygon","coordinates":[[[106.96150256482731,-6.110340562580985],[106.96240088011143,-6.110340562580985],[106.96240088011143,-6.109442247296866],[106.96150256482731,-6.109442247296866],[106.96150256482731,-6.110340562580985]]]},"id":"+119069-6802","properties":{"cls":1,"count":1}},{"type":"Feature","geometry":{"geodesic":false,"type":"Polygon","coordinates":[[[106.96150256482731,-6.114832139001583],[106.96240088011143,-6.114832139001583],[106.96240088011143,-6.113035508433344],[106.96150256482731,-6.113035508433344],[106.96150256482731,-6.114832139001583]]]},"id":"+119069-6806","properties":{"cls":1,"count":2}},{"type":"Feature","geometry":{"geodesic":false,"type":"Polygon","coordinates":[[[106.96150256482731,-6.137290021104572],[106.96150256482731,-6.13908665167281],[106.96329919539555,-6.13908665167281],[106.96240088011143,-6.137290021104572],[106.96150256482731,-6.137290021104572]]]},"id":"+119069-6833","properties":{"cls":1,"count":3}},{"type":"Feature","geometry":{"geodesic":false,"type":"Polygon","coordinates":[[[106.9606042495432,-6.13998496695693],[106.9606042495432,-6.140883282241049],[106.96240088011143,-6.141781597525169],[106.96240088011143,-6.143578228093408],[106.96419751067967,-6.143578228093408],[106.96419751067967,-6.141781597525169],[106.96240088011143,-6.140883282241049],[106.96240088011143,-6.13998496695693],[106.9606042495432,-6.13998496695693]]]},"id":"+119069-6836","properties":{"cls":1,"count":8}},{"type":"Feature","geometry":{"geodesic":false,"type":"Polygon","coordinates":[[[106.9606042495432,-6.235206387073599],[106.96240088011143,-6.235206387073599],[106.96240088011143,-6.23430807178948],[106.9606042495432,-6.23430807178948],[106.9606042495432,-6.235206387073599]]]},"id":"+119069-6941","properties":{"cls":1,"count":2}},{"type":"Feature","geometry":{"geodesic":false,"type":"Polygon","coordinates":[[[106.96240088011143,-6.094170887466834],[106.96329919539555,-6.094170887466834],[106.96329919539555,-6.093272572182714],[106.96240088011143,-6.093272572182714],[106.96240088011143,-6.094170887466834]]]},"id":"+119070-6784","properties":{"cls":1,"count":1}},{"type":"Feature","geometry":{"geodesic":false,"type":"Polygon","coordinates":[[[106.96150256482731,-6.101357409739791],[106.96329919539555,-6.101357409739791],[106.96329919539555,-6.100459094455671],[106.96150256482731,-6.100459094455671],[106.96150256482731,-6.101357409739791]]]},"id":"+119070-6792","properties":{"cls":1,"count":2}},{"type":"Feature","geometry":{"geodesic":false,"type":"Polygon","coordinates":[[[106.96240088011143,-6.114832139001583],[106.96240088011143,-6.1157304542857025],[106.9606042495432,-6.1157304542857025],[106.95970593425908,-6.119323715422181],[106.95790930369083,-6.119323715422181],[106.95790930369083,-6.120222030706301],[106.96419751067967,-6.12112034599042],[106.96329919539555,-6.122916976558659],[106.96509582596379,-6.122916976558659],[106.96509582596379,-6.123815291842778],[106.9659941412479,-6.123815291842778],[106.9659941412479,-6.122916976558659],[106.96868908710027,-6.122916976558659],[106.96868908710027,-6.119323715422181],[106.96779077181614,-6.119323715422181],[106.96779077181614,-6.120222030706301],[106.96689245653202,-6.120222030706301],[106.96689245653202,-6.119323715422181],[106.9659941412479,-6.119323715422181],[106.9659941412479,-6.120222030706301],[106.96240088011143,-6.120222030706301],[106.96240088011143,-6.118425400138062],[106.96419751067967,-6.118425400138062],[106.96419751067967,-6.1157304542857025],[106.96240088011143,-6.114832139001583]]]},"id":"+119070-6808","properties":{"cls":1,"count":44}},{"type":"Feature","geometry":{"geodesic":false,"type":"Polygon","coordinates":[[[106.96240088011143,-6.126510237695137],[106.96329919539555,-6.126510237695137],[106.96329919539555,-6.125611922411017],[106.96240088011143,-6.125611922411017],[106.96240088011143,-6.126510237695137]]]},"id":"+119070-6820","properties":{"cls":1,"count":1}},{"type":"Feature","geometry":{"geodesic":false,"type":"Polygon","coordinates":[[[106.96150256482731,-6.129205183547495],[106.96329919539555,-6.129205183547495],[106.96329919539555,-6.128306868263376],[106.96150256482731,-6.128306868263376],[106.96150256482731,-6.129205183547495]]]},"id":"+119070-6823","properties":{"cls":1,"count":2}},{"type":"Feature","geometry":{"geodesic":false,"type":"Polygon","coordinates":[[[106.96240088011143,-6.1354933905363325],[106.96240088011143,-6.137290021104572],[106.96419751067967,-6.138188336388691],[106.96509582596379,-6.136391705820452],[106.96329919539555,-6.136391705820452],[106.96329919539555,-6.1354933905363325],[106.96240088011143,-6.1354933905363325]]]},"id":"+119070-6831","properties":{"cls":1,"count":5}},{"type":"Feature","geometry":{"geodesic":false,"type":"Polygon","coordinates":[[[106.96240088011143,-6.206460297981774],[106.96329919539555,-6.206460297981774],[106.96329919539555,-6.204663667413535],[106.96240088011143,-6.204663667413535],[106.96240088011143,-6.206460297981774]]]},"id":"+119070-6908","properties":{"cls":1,"count":2}},{"type":"Feature","geometry":{"geodesic":false,"type":"Polygon","coordinates":[[[106.96240088011143,-6.283715412416053],[106.96329919539555,-6.283715412416053],[106.96329919539555,-6.282817097131933],[106.96240088011143,-6.282817097131933],[106.96240088011143,-6.283715412416053]]]},"id":"+119070-6995","properties":{"cls":1,"count":1}},{"type":"Feature","geometry":{"geodesic":false,"type":"Polygon","coordinates":[[[106.96329919539555,-6.100459094455671],[106.96419751067967,-6.100459094455671],[106.96419751067967,-6.099560779171552],[106.96329919539555,-6.099560779171552],[106.96329919539555,-6.100459094455671]]]},"id":"+119071-6791","properties":{"cls":1,"count":1}},{"type":"Feature","geometry":{"geodesic":false,"type":"Polygon","coordinates":[[[106.96329919539555,-6.131001814115734],[106.96329919539555,-6.131900129399854],[106.96150256482731,-6.131900129399854],[106.96150256482731,-6.132798444683973],[106.9606042495432,-6.132798444683973],[106.96150256482731,-6.1345950752522125],[106.9606042495432,-6.1345950752522125],[106.9606042495432,-6.133696759968093],[106.95790930369083,-6.133696759968093],[106.95790930369083,-6.136391705820452],[106.95880761897494,-6.136391705820452],[106.95880761897494,-6.137290021104572],[106.9606042495432,-6.137290021104572],[106.9606042495432,-6.1354933905363325],[106.96240088011143,-6.1354933905363325],[106.96329919539555,-6.133696759968093],[106.96509582596379,-6.133696759968093],[106.96509582596379,-6.131900129399854],[106.96329919539555,-6.131001814115734]]]},"id":"+119071-6826","properties":{"cls":1,"count":25}},{"type":"Feature","geometry":{"geodesic":false,"type":"Polygon","coordinates":[[[106.96329919539555,-6.203765352129416],[106.96419751067967,-6.203765352129416],[106.96419751067967,-6.202867036845296],[106.96329919539555,-6.202867036845296],[106.96329919539555,-6.203765352129416]]]},"id":"+119071-6906","properties":{"cls":1,"count":1}},{"type":"Feature","geometry":{"geodesic":false,"type":"Polygon","coordinates":[[[106.96329919539555,-6.236104702357719],[106.96419751067967,-6.236104702357719],[106.96419751067967,-6.23430807178948],[106.96329919539555,-6.23430807178948],[106.96329919539555,-6.236104702357719]]]},"id":"+119071-6941","properties":{"cls":1,"count":2}},{"type":"Feature","geometry":{"geodesic":false,"type":"Polygon","coordinates":[[[106.96419751067967,-6.110340562580985],[106.96509582596379,-6.110340562580985],[106.96509582596379,-6.109442247296866],[106.96419751067967,-6.109442247296866],[106.96419751067967,-6.110340562580985]]]},"id":"+119072-6802","properties":{"cls":1,"count":1}},{"type":"Feature","geometry":{"geodesic":false,"type":"Polygon","coordinates":[[[106.96419751067967,-6.113035508433344],[106.96509582596379,-6.113035508433344],[106.96509582596379,-6.112137193149224],[106.96419751067967,-6.112137193149224],[106.96419751067967,-6.113035508433344]]]},"id":"+119072-6805","properties":{"cls":1,"count":1}},{"type":"Feature","geometry":{"geodesic":false,"type":"Polygon","coordinates":[[[106.96329919539555,-6.13908665167281],[106.96329919539555,-6.13998496695693],[106.96509582596379,-6.140883282241049],[106.96509582596379,-6.13908665167281],[106.96329919539555,-6.13908665167281]]]},"id":"+119072-6835","properties":{"cls":1,"count":3}},{"type":"Feature","geometry":{"geodesic":false,"type":"Polygon","coordinates":[[[106.96509582596379,-6.094170887466834],[106.9659941412479,-6.094170887466834],[106.9659941412479,-6.093272572182714],[106.96509582596379,-6.093272572182714],[106.96509582596379,-6.094170887466834]]]},"id":"+119073-6784","properties":{"cls":1,"count":1}},{"type":"Feature","geometry":{"geodesic":false,"type":"Polygon","coordinates":[[[106.96509582596379,-6.118425400138062],[106.9659941412479,-6.118425400138062],[106.9659941412479,-6.117527084853942],[106.96509582596379,-6.117527084853942],[106.96509582596379,-6.118425400138062]]]},"id":"+119073-6811","properties":{"cls":1,"count":1}},{"type":"Feature","geometry":{"geodesic":false,"type":"Polygon","coordinates":[[[106.96329919539555,-6.124713607126898],[106.96329919539555,-6.125611922411017],[106.96689245653202,-6.126510237695137],[106.9659941412479,-6.124713607126898],[106.96329919539555,-6.124713607126898]]]},"id":"+119073-6819","properties":{"cls":1,"count":5}},{"type":"Feature","geometry":{"geodesic":false,"type":"Polygon","coordinates":[[[106.96329919539555,-6.1354933905363325],[106.9659941412479,-6.1354933905363325],[106.9659941412479,-6.1345950752522125],[106.96329919539555,-6.1345950752522125],[106.96329919539555,-6.1354933905363325]]]},"id":"+119073-6830","properties":{"cls":1,"count":3}},{"type":"Feature","geometry":{"geodesic":false,"type":"Polygon","coordinates":[[[106.96509582596379,-6.201070406277057],[106.9659941412479,-6.201070406277057],[106.9659941412479,-6.200172090992938],[106.96509582596379,-6.200172090992938],[106.96509582596379,-6.201070406277057]]]},"id":"+119073-6903","properties":{"cls":1,"count":1}},{"type":"Feature","geometry":{"geodesic":false,"type":"Polygon","coordinates":[[[106.9659941412479,-6.114832139001583],[106.9659941412479,-6.117527084853942],[106.96689245653202,-6.117527084853942],[106.96779077181614,-6.1157304542857025],[106.9659941412479,-6.114832139001583]]]},"id":"+119074-6808","properties":{"cls":1,"count":4}},{"type":"Feature","geometry":{"geodesic":false,"type":"Polygon","coordinates":[[[106.9659941412479,-6.143578228093408],[106.9659941412479,-6.144476543377527],[106.96419751067967,-6.143578228093408],[106.96419751067967,-6.145374858661647],[106.96509582596379,-6.145374858661647],[106.9659941412479,-6.147171489229886],[106.96779077181614,-6.147171489229886],[106.96689245653202,-6.143578228093408],[106.9659941412479,-6.143578228093408]]]},"id":"+119074-6840","properties":{"cls":1,"count":10}},{"type":"Feature","geometry":{"geodesic":false,"type":"Polygon","coordinates":[[[106.9659941412479,-6.236104702357719],[106.96689245653202,-6.236104702357719],[106.96689245653202,-6.235206387073599],[106.9659941412479,-6.235206387073599],[106.9659941412479,-6.236104702357719]]]},"id":"+119074-6942","properties":{"cls":1,"count":1}},{"type":"Feature","geometry":{"geodesic":false,"type":"Polygon","coordinates":[[[106.96689245653202,-6.108543932012746],[106.96779077181614,-6.108543932012746],[106.96779077181614,-6.107645616728627],[106.96689245653202,-6.107645616728627],[106.96689245653202,-6.108543932012746]]]},"id":"+119075-6800","properties":{"cls":1,"count":1}},{"type":"Feature","geometry":{"geodesic":false,"type":"Polygon","coordinates":[[[106.9659941412479,-6.113035508433344],[106.96779077181614,-6.113035508433344],[106.96779077181614,-6.112137193149224],[106.9659941412479,-6.112137193149224],[106.9659941412479,-6.113035508433344]]]},"id":"+119075-6805","properties":{"cls":1,"count":2}},{"type":"Feature","geometry":{"geodesic":false,"type":"Polygon","coordinates":[[[106.96689245653202,-6.118425400138062],[106.96779077181614,-6.118425400138062],[106.96779077181614,-6.117527084853942],[106.96689245653202,-6.117527084853942],[106.96689245653202,-6.118425400138062]]]},"id":"+119075-6811","properties":{"cls":1,"count":1}},{"type":"Feature","geometry":{"geodesic":false,"type":"Polygon","coordinates":[[[106.96689245653202,-6.128306868263376],[106.96779077181614,-6.128306868263376],[106.96779077181614,-6.126510237695137],[106.96689245653202,-6.126510237695137],[106.96689245653202,-6.128306868263376]]]},"id":"+119075-6821","properties":{"cls":1,"count":2}},{"type":"Feature","geometry":{"geodesic":false,"type":"Polygon","coordinates":[[[106.96779077181614,-6.092374256898595],[106.96868908710027,-6.092374256898595],[106.96868908710027,-6.091475941614475],[106.96779077181614,-6.091475941614475],[106.96779077181614,-6.092374256898595]]]},"id":"+119076-6782","properties":{"cls":1,"count":1}},{"type":"Feature","geometry":{"geodesic":false,"type":"Polygon","coordinates":[[[106.96779077181614,-6.105848986160388],[106.96868908710027,-6.105848986160388],[106.96868908710027,-6.104950670876268],[106.96779077181614,-6.104950670876268],[106.96779077181614,-6.105848986160388]]]},"id":"+119076-6797","properties":{"cls":1,"count":1}},{"type":"Feature","geometry":{"geodesic":false,"type":"Polygon","coordinates":[[[106.96779077181614,-6.107645616728627],[106.96868908710027,-6.107645616728627],[106.96868908710027,-6.106747301444507],[106.96779077181614,-6.106747301444507],[106.96779077181614,-6.107645616728627]]]},"id":"+119076-6799","properties":{"cls":1,"count":1}},{"type":"Feature","geometry":{"geodesic":false,"type":"Polygon","coordinates":[[[106.96779077181614,-6.113933823717463],[106.96868908710027,-6.113933823717463],[106.96868908710027,-6.113035508433344],[106.96779077181614,-6.113035508433344],[106.96779077181614,-6.113933823717463]]]},"id":"+119076-6806","properties":{"cls":1,"count":1}},{"type":"Feature","geometry":{"geodesic":false,"type":"Polygon","coordinates":[[[106.96689245653202,-6.123815291842778],[106.96689245653202,-6.124713607126898],[106.96868908710027,-6.125611922411017],[106.96868908710027,-6.123815291842778],[106.96689245653202,-6.123815291842778]]]},"id":"+119076-6818","properties":{"cls":1,"count":3}},{"type":"Feature","geometry":{"geodesic":false,"type":"Polygon","coordinates":[[[106.96868908710027,-6.0968658333191925],[106.96958740238439,-6.0968658333191925],[106.96958740238439,-6.095069202750953],[106.96868908710027,-6.095069202750953],[106.96868908710027,-6.0968658333191925]]]},"id":"+119077-6786","properties":{"cls":1,"count":2}},{"type":"Feature","geometry":{"geodesic":false,"type":"Polygon","coordinates":[[[106.96868908710027,-6.103154040308029],[106.96958740238439,-6.103154040308029],[106.96958740238439,-6.10225572502391],[106.96868908710027,-6.10225572502391],[106.96868908710027,-6.103154040308029]]]},"id":"+119077-6794","properties":{"cls":1,"count":1}},{"type":"Feature","geometry":{"geodesic":false,"type":"Polygon","coordinates":[[[106.96868908710027,-6.107645616728627],[106.96779077181614,-6.109442247296866],[106.96868908710027,-6.109442247296866],[106.96868908710027,-6.113035508433344],[106.96958740238439,-6.113035508433344],[106.96958740238439,-6.110340562580985],[106.97048571766851,-6.110340562580985],[106.97048571766851,-6.109442247296866],[106.96958740238439,-6.109442247296866],[106.96958740238439,-6.107645616728627],[106.96868908710027,-6.107645616728627]]]},"id":"+119077-6800","properties":{"cls":1,"count":8}},{"type":"Feature","geometry":{"geodesic":false,"type":"Polygon","coordinates":[[[106.96868908710027,-6.127408552979256],[106.96958740238439,-6.127408552979256],[106.96958740238439,-6.125611922411017],[106.96868908710027,-6.125611922411017],[106.96868908710027,-6.127408552979256]]]},"id":"+119077-6820","properties":{"cls":1,"count":2}},{"type":"Feature","geometry":{"geodesic":false,"type":"Polygon","coordinates":[[[106.96868908710027,-6.131900129399854],[106.96958740238439,-6.131900129399854],[106.96958740238439,-6.128306868263376],[106.96868908710027,-6.128306868263376],[106.96868908710027,-6.131900129399854]]]},"id":"+119077-6823","properties":{"cls":1,"count":4}},{"type":"Feature","geometry":{"geodesic":false,"type":"Polygon","coordinates":[[[106.96868908710027,-6.13908665167281],[106.96958740238439,-6.13908665167281],[106.96958740238439,-6.1345950752522125],[106.96868908710027,-6.1345950752522125],[106.96868908710027,-6.13908665167281]]]},"id":"+119077-6830","properties":{"cls":1,"count":5}},{"type":"Feature","geometry":{"geodesic":false,"type":"Polygon","coordinates":[[[106.96868908710027,-6.162442849059918],[106.96958740238439,-6.162442849059918],[106.96958740238439,-6.160646218491679],[106.96868908710027,-6.160646218491679],[106.96868908710027,-6.162442849059918]]]},"id":"+119077-6859","properties":{"cls":1,"count":2}},{"type":"Feature","geometry":{"geodesic":false,"type":"Polygon","coordinates":[[[106.96868908710027,-6.166036110196396],[106.96958740238439,-6.166036110196396],[106.96958740238439,-6.165137794912276],[106.96868908710027,-6.165137794912276],[106.96868908710027,-6.166036110196396]]]},"id":"+119077-6864","properties":{"cls":1,"count":1}},{"type":"Feature","geometry":{"geodesic":false,"type":"Polygon","coordinates":[[[106.96958740238439,-6.140883282241049],[106.97048571766851,-6.140883282241049],[106.97048571766851,-6.13998496695693],[106.96958740238439,-6.13998496695693],[106.96958740238439,-6.140883282241049]]]},"id":"+119078-6836","properties":{"cls":1,"count":1}},{"type":"Feature","geometry":{"geodesic":false,"type":"Polygon","coordinates":[[[106.96958740238439,-6.171426001901113],[106.97048571766851,-6.171426001901113],[106.97048571766851,-6.169629371332874],[106.96958740238439,-6.169629371332874],[106.96958740238439,-6.171426001901113]]]},"id":"+119078-6869","properties":{"cls":1,"count":2}},{"type":"Feature","geometry":{"geodesic":false,"type":"Polygon","coordinates":[[[106.96958740238439,-6.2513760621877505],[106.97048571766851,-6.2513760621877505],[106.97048571766851,-6.250477746903631],[106.96958740238439,-6.250477746903631],[106.96958740238439,-6.2513760621877505]]]},"id":"+119078-6959","properties":{"cls":1,"count":1}},{"type":"Feature","geometry":{"geodesic":false,"type":"Polygon","coordinates":[[[106.97048571766851,-6.0762045817844434],[106.97138403295263,-6.0762045817844434],[106.97138403295263,-6.075306266500324],[106.97048571766851,-6.075306266500324],[106.97048571766851,-6.0762045817844434]]]},"id":"+119079-6764","properties":{"cls":1,"count":1}},{"type":"Feature","geometry":{"geodesic":false,"type":"Polygon","coordinates":[[[106.97048571766851,-6.107645616728627],[106.97138403295263,-6.107645616728627],[106.97138403295263,-6.106747301444507],[106.97048571766851,-6.106747301444507],[106.97048571766851,-6.107645616728627]]]},"id":"+119079-6799","properties":{"cls":1,"count":1}},{"type":"Feature","geometry":{"geodesic":false,"type":"Polygon","coordinates":[[[106.96958740238439,-6.113933823717463],[106.96868908710027,-6.1157304542857025],[106.97048571766851,-6.1157304542857025],[106.97048571766851,-6.114832139001583],[106.97138403295263,-6.114832139001583],[106.97138403295263,-6.113933823717463],[106.96958740238439,-6.113933823717463]]]},"id":"+119079-6807","properties":{"cls":1,"count":4}},{"type":"Feature","geometry":{"geodesic":false,"type":"Polygon","coordinates":[[[106.97048571766851,-6.130103498831615],[106.97138403295263,-6.130103498831615],[106.97138403295263,-6.129205183547495],[106.97048571766851,-6.129205183547495],[106.97048571766851,-6.130103498831615]]]},"id":"+119079-6824","properties":{"cls":1,"count":1}},{"type":"Feature","geometry":{"geodesic":false,"type":"Polygon","coordinates":[[[106.97048571766851,-6.133696759968093],[106.97048571766851,-6.1354933905363325],[106.97138403295263,-6.1354933905363325],[106.97138403295263,-6.137290021104572],[106.97228234823675,-6.137290021104572],[106.97228234823675,-6.136391705820452],[106.97318066352086,-6.136391705820452],[106.97318066352086,-6.1345950752522125],[106.97138403295263,-6.1345950752522125],[106.97138403295263,-6.133696759968093],[106.97048571766851,-6.133696759968093]]]},"id":"+119079-6829","properties":{"cls":1,"count":7}},{"type":"Feature","geometry":{"geodesic":false,"type":"Polygon","coordinates":[[[106.97048571766851,-6.161544533775798],[106.97138403295263,-6.161544533775798],[106.97138403295263,-6.160646218491679],[106.97048571766851,-6.160646218491679],[106.97048571766851,-6.161544533775798]]]},"id":"+119079-6859","properties":{"cls":1,"count":1}},{"type":"Feature","geometry":{"geodesic":false,"type":"Polygon","coordinates":[[[106.97048571766851,-6.163341164344037],[106.96958740238439,-6.165137794912276],[106.97138403295263,-6.166036110196396],[106.97138403295263,-6.163341164344037],[106.97048571766851,-6.163341164344037]]]},"id":"+119079-6862","properties":{"cls":1,"count":4}},{"type":"Feature","geometry":{"geodesic":false,"type":"Polygon","coordinates":[[[106.97048571766851,-6.169629371332874],[106.97138403295263,-6.169629371332874],[106.97138403295263,-6.166934425480515],[106.97048571766851,-6.166934425480515],[106.97048571766851,-6.169629371332874]]]},"id":"+119079-6866","properties":{"cls":1,"count":3}},{"type":"Feature","geometry":{"geodesic":false,"type":"Polygon","coordinates":[[[106.97048571766851,-6.188493992299384],[106.97138403295263,-6.188493992299384],[106.97138403295263,-6.187595677015264],[106.97048571766851,-6.187595677015264],[106.97048571766851,-6.188493992299384]]]},"id":"+119079-6889","properties":{"cls":1,"count":1}},{"type":"Feature","geometry":{"geodesic":false,"type":"Polygon","coordinates":[[[106.97138403295263,-6.113035508433344],[106.97228234823675,-6.113035508433344],[106.97228234823675,-6.112137193149224],[106.97138403295263,-6.112137193149224],[106.97138403295263,-6.113035508433344]]]},"id":"+119080-6805","properties":{"cls":1,"count":1}},{"type":"Feature","geometry":{"geodesic":false,"type":"Polygon","coordinates":[[[106.97138403295263,-6.140883282241049],[106.97228234823675,-6.140883282241049],[106.97228234823675,-6.13998496695693],[106.97138403295263,-6.13998496695693],[106.97138403295263,-6.140883282241049]]]},"id":"+119080-6836","properties":{"cls":1,"count":1}},{"type":"Feature","geometry":{"geodesic":false,"type":"Polygon","coordinates":[[[106.97138403295263,-6.163341164344037],[106.97228234823675,-6.163341164344037],[106.97228234823675,-6.162442849059918],[106.97138403295263,-6.162442849059918],[106.97138403295263,-6.163341164344037]]]},"id":"+119080-6861","properties":{"cls":1,"count":1}},{"type":"Feature","geometry":{"geodesic":false,"type":"Polygon","coordinates":[[[106.97138403295263,-6.17681589360583],[106.97228234823675,-6.17681589360583],[106.97228234823675,-6.175917578321711],[106.97138403295263,-6.175917578321711],[106.97138403295263,-6.17681589360583]]]},"id":"+119080-6876","properties":{"cls":1,"count":1}},{"type":"Feature","geometry":{"geodesic":false,"type":"Polygon","coordinates":[[[106.97138403295263,-6.180409154742308],[106.97228234823675,-6.180409154742308],[106.97228234823675,-6.178612524174069],[106.97138403295263,-6.178612524174069],[106.97138403295263,-6.180409154742308]]]},"id":"+119080-6879","properties":{"cls":1,"count":2}},{"type":"Feature","geometry":{"geodesic":false,"type":"Polygon","coordinates":[[[106.97138403295263,-6.292698565257249],[106.97228234823675,-6.292698565257249],[106.97228234823675,-6.291800249973129],[106.97138403295263,-6.291800249973129],[106.97138403295263,-6.292698565257249]]]},"id":"+119080-7005","properties":{"cls":1,"count":1}},{"type":"Feature","geometry":{"geodesic":false,"type":"Polygon","coordinates":[[[106.97138403295263,-6.108543932012746],[106.97318066352086,-6.108543932012746],[106.97318066352086,-6.107645616728627],[106.97138403295263,-6.107645616728627],[106.97138403295263,-6.108543932012746]]]},"id":"+119081-6800","properties":{"cls":1,"count":2}},{"type":"Feature","geometry":{"geodesic":false,"type":"Polygon","coordinates":[[[106.97228234823675,-6.1157304542857025],[106.97318066352086,-6.1157304542857025],[106.97318066352086,-6.114832139001583],[106.97228234823675,-6.114832139001583],[106.97228234823675,-6.1157304542857025]]]},"id":"+119081-6808","properties":{"cls":1,"count":1}},{"type":"Feature","geometry":{"geodesic":false,"type":"Polygon","coordinates":[[[106.97228234823675,-6.13998496695693],[106.97318066352086,-6.13998496695693],[106.97318066352086,-6.13908665167281],[106.97228234823675,-6.13908665167281],[106.97228234823675,-6.13998496695693]]]},"id":"+119081-6835","properties":{"cls":1,"count":1}},{"type":"Feature","geometry":{"geodesic":false,"type":"Polygon","coordinates":[[[106.97318066352086,-6.053746699681455],[106.97407897880498,-6.053746699681455],[106.97407897880498,-6.052848384397336],[106.97318066352086,-6.052848384397336],[106.97318066352086,-6.053746699681455]]]},"id":"+119082-6739","properties":{"cls":1,"count":1}},{"type":"Feature","geometry":{"geodesic":false,"type":"Polygon","coordinates":[[[106.97318066352086,-6.109442247296866],[106.97407897880498,-6.109442247296866],[106.97407897880498,-6.108543932012746],[106.97318066352086,-6.108543932012746],[106.97318066352086,-6.109442247296866]]]},"id":"+119082-6801","properties":{"cls":1,"count":1}},{"type":"Feature","geometry":{"geodesic":false,"type":"Polygon","coordinates":[[[106.97318066352086,-6.184002415878786],[106.97407897880498,-6.184002415878786],[106.97407897880498,-6.183104100594667],[106.97318066352086,-6.183104100594667],[106.97318066352086,-6.184002415878786]]]},"id":"+119082-6884","properties":{"cls":1,"count":1}},{"type":"Feature","geometry":{"geodesic":false,"type":"Polygon","coordinates":[[[106.97318066352086,-6.298088456961965],[106.97407897880498,-6.298088456961965],[106.97407897880498,-6.297190141677846],[106.97318066352086,-6.297190141677846],[106.97318066352086,-6.298088456961965]]]},"id":"+119082-7011","properties":{"cls":1,"count":1}},{"type":"Feature","geometry":{"geodesic":false,"type":"Polygon","coordinates":[[[106.97407897880498,-6.086984365193878],[106.9749772940891,-6.086984365193878],[106.9749772940891,-6.086086049909758],[106.97407897880498,-6.086086049909758],[106.97407897880498,-6.086984365193878]]]},"id":"+119083-6776","properties":{"cls":1,"count":1}},{"type":"Feature","geometry":{"geodesic":false,"type":"Polygon","coordinates":[[[106.97407897880498,-6.091475941614475],[106.9749772940891,-6.091475941614475],[106.9749772940891,-6.090577626330356],[106.97407897880498,-6.090577626330356],[106.97407897880498,-6.091475941614475]]]},"id":"+119083-6781","properties":{"cls":1,"count":1}},{"type":"Feature","geometry":{"geodesic":false,"type":"Polygon","coordinates":[[[106.97407897880498,-6.1345950752522125],[106.9749772940891,-6.1345950752522125],[106.9749772940891,-6.133696759968093],[106.97407897880498,-6.133696759968093],[106.97407897880498,-6.1345950752522125]]]},"id":"+119083-6829","properties":{"cls":1,"count":1}},{"type":"Feature","geometry":{"geodesic":false,"type":"Polygon","coordinates":[[[106.97407897880498,-6.137290021104572],[106.9749772940891,-6.137290021104572],[106.9749772940891,-6.136391705820452],[106.97407897880498,-6.136391705820452],[106.97407897880498,-6.137290021104572]]]},"id":"+119083-6832","properties":{"cls":1,"count":1}},{"type":"Feature","geometry":{"geodesic":false,"type":"Polygon","coordinates":[[[106.97318066352086,-6.13998496695693],[106.97318066352086,-6.141781597525169],[106.97407897880498,-6.141781597525169],[106.9749772940891,-6.13998496695693],[106.97318066352086,-6.13998496695693]]]},"id":"+119083-6836","properties":{"cls":1,"count":3}},{"type":"Feature","geometry":{"geodesic":false,"type":"Polygon","coordinates":[[[106.9749772940891,-6.047458492692619],[106.97587560937322,-6.047458492692619],[106.97587560937322,-6.04566186212438],[106.9749772940891,-6.04566186212438],[106.9749772940891,-6.047458492692619]]]},"id":"+119084-6731","properties":{"cls":1,"count":2}},{"type":"Feature","geometry":{"geodesic":false,"type":"Polygon","coordinates":[[[106.9749772940891,-6.087882680477997],[106.97587560937322,-6.087882680477997],[106.97587560937322,-6.086984365193878],[106.9749772940891,-6.086984365193878],[106.9749772940891,-6.087882680477997]]]},"id":"+119084-6777","properties":{"cls":1,"count":1}},{"type":"Feature","geometry":{"geodesic":false,"type":"Polygon","coordinates":[[[106.9749772940891,-6.110340562580985],[106.97587560937322,-6.110340562580985],[106.97587560937322,-6.109442247296866],[106.9749772940891,-6.109442247296866],[106.9749772940891,-6.110340562580985]]]},"id":"+119084-6802","properties":{"cls":1,"count":1}},{"type":"Feature","geometry":{"geodesic":false,"type":"Polygon","coordinates":[[[106.97407897880498,-6.131900129399854],[106.97587560937322,-6.131900129399854],[106.97587560937322,-6.131001814115734],[106.97407897880498,-6.131001814115734],[106.97407897880498,-6.131900129399854]]]},"id":"+119084-6826","properties":{"cls":1,"count":2}},{"type":"Feature","geometry":{"geodesic":false,"type":"Polygon","coordinates":[[[106.9749772940891,-6.049255123260858],[106.97677392465734,-6.049255123260858],[106.97677392465734,-6.048356807976739],[106.9749772940891,-6.048356807976739],[106.9749772940891,-6.049255123260858]]]},"id":"+119085-6734","properties":{"cls":1,"count":2}},{"type":"Feature","geometry":{"geodesic":false,"type":"Polygon","coordinates":[[[106.9749772940891,-6.055543330249694],[106.97677392465734,-6.055543330249694],[106.97677392465734,-6.053746699681455],[106.9749772940891,-6.053746699681455],[106.9749772940891,-6.055543330249694]]]},"id":"+119085-6740","properties":{"cls":1,"count":4}},{"type":"Feature","geometry":{"geodesic":false,"type":"Polygon","coordinates":[[[106.97587560937322,-6.093272572182714],[106.97677392465734,-6.093272572182714],[106.97677392465734,-6.091475941614475],[106.97587560937322,-6.091475941614475],[106.97587560937322,-6.093272572182714]]]},"id":"+119085-6782","properties":{"cls":1,"count":2}},{"type":"Feature","geometry":{"geodesic":false,"type":"Polygon","coordinates":[[[106.9749772940891,-6.107645616728627],[106.97677392465734,-6.107645616728627],[106.97677392465734,-6.106747301444507],[106.9749772940891,-6.106747301444507],[106.9749772940891,-6.107645616728627]]]},"id":"+119085-6799","properties":{"cls":1,"count":2}},{"type":"Feature","geometry":{"geodesic":false,"type":"Polygon","coordinates":[[[106.97587560937322,-6.146273173945766],[106.97677392465734,-6.146273173945766],[106.97677392465734,-6.145374858661647],[106.97587560937322,-6.145374858661647],[106.97587560937322,-6.146273173945766]]]},"id":"+119085-6842","properties":{"cls":1,"count":1}},{"type":"Feature","geometry":{"geodesic":false,"type":"Polygon","coordinates":[[[106.97587560937322,-6.318749708496714],[106.97677392465734,-6.318749708496714],[106.97677392465734,-6.317851393212595],[106.97587560937322,-6.317851393212595],[106.97587560937322,-6.318749708496714]]]},"id":"+119085-7034","properties":{"cls":1,"count":1}},{"type":"Feature","geometry":{"geodesic":false,"type":"Polygon","coordinates":[[[106.97677392465734,-6.091475941614475],[106.97767223994146,-6.091475941614475],[106.97767223994146,-6.090577626330356],[106.97677392465734,-6.090577626330356],[106.97677392465734,-6.091475941614475]]]},"id":"+119086-6781","properties":{"cls":1,"count":1}},{"type":"Feature","geometry":{"geodesic":false,"type":"Polygon","coordinates":[[[106.97677392465734,-6.1166287695698225],[106.97767223994146,-6.1166287695698225],[106.97767223994146,-6.1157304542857025],[106.97677392465734,-6.1157304542857025],[106.97677392465734,-6.1166287695698225]]]},"id":"+119086-6809","properties":{"cls":1,"count":1}},{"type":"Feature","geometry":{"geodesic":false,"type":"Polygon","coordinates":[[[106.97677392465734,-6.12112034599042],[106.97677392465734,-6.123815291842778],[106.97857055522559,-6.123815291842778],[106.97857055522559,-6.122018661274539],[106.97677392465734,-6.12112034599042]]]},"id":"+119086-6815","properties":{"cls":1,"count":5}},{"type":"Feature","geometry":{"geodesic":false,"type":"Polygon","coordinates":[[[106.97677392465734,-6.126510237695137],[106.97767223994146,-6.126510237695137],[106.97767223994146,-6.125611922411017],[106.97677392465734,-6.125611922411017],[106.97677392465734,-6.126510237695137]]]},"id":"+119086-6820","properties":{"cls":1,"count":1}},{"type":"Feature","geometry":{"geodesic":false,"type":"Polygon","coordinates":[[[106.97677392465734,-6.203765352129416],[106.97767223994146,-6.203765352129416],[106.97767223994146,-6.202867036845296],[106.97677392465734,-6.202867036845296],[106.97677392465734,-6.203765352129416]]]},"id":"+119086-6906","properties":{"cls":1,"count":1}},{"type":"Feature","geometry":{"geodesic":false,"type":"Polygon","coordinates":[[[106.97677392465734,-6.250477746903631],[106.97767223994146,-6.250477746903631],[106.97767223994146,-6.2495794316195115],[106.97677392465734,-6.2495794316195115],[106.97677392465734,-6.250477746903631]]]},"id":"+119086-6958","properties":{"cls":1,"count":1}},{"type":"Feature","geometry":{"geodesic":false,"type":"Polygon","coordinates":[[[106.97767223994146,-6.107645616728627],[106.97857055522559,-6.107645616728627],[106.97857055522559,-6.105848986160388],[106.97767223994146,-6.105848986160388],[106.97767223994146,-6.107645616728627]]]},"id":"+119087-6798","properties":{"cls":1,"count":2}},{"type":"Feature","geometry":{"geodesic":false,"type":"Polygon","coordinates":[[[106.97767223994146,-6.129205183547495],[106.97857055522559,-6.129205183547495],[106.97857055522559,-6.128306868263376],[106.97767223994146,-6.128306868263376],[106.97767223994146,-6.129205183547495]]]},"id":"+119087-6823","properties":{"cls":1,"count":1}},{"type":"Feature","geometry":{"geodesic":false,"type":"Polygon","coordinates":[[[106.97767223994146,-6.15795127263932],[106.97767223994146,-6.160646218491679],[106.9794688705097,-6.160646218491679],[106.9794688705097,-6.15884958792344],[106.97767223994146,-6.15795127263932]]]},"id":"+119087-6856","properties":{"cls":1,"count":5}},{"type":"Feature","geometry":{"geodesic":false,"type":"Polygon","coordinates":[[[106.97767223994146,-6.218138396675328],[106.97857055522559,-6.218138396675328],[106.97857055522559,-6.217240081391209],[106.97767223994146,-6.217240081391209],[106.97767223994146,-6.218138396675328]]]},"id":"+119087-6922","properties":{"cls":1,"count":1}},{"type":"Feature","geometry":{"geodesic":false,"type":"Polygon","coordinates":[[[106.97767223994146,-6.277427205427217],[106.97857055522559,-6.277427205427217],[106.97857055522559,-6.276528890143097],[106.97767223994146,-6.276528890143097],[106.97767223994146,-6.277427205427217]]]},"id":"+119087-6988","properties":{"cls":1,"count":1}},{"type":"Feature","geometry":{"geodesic":false,"type":"Polygon","coordinates":[[[106.97677392465734,-6.29090193468901],[106.97677392465734,-6.293596880541368],[106.97767223994146,-6.293596880541368],[106.97767223994146,-6.291800249973129],[106.97857055522559,-6.291800249973129],[106.97857055522559,-6.29090193468901],[106.97677392465734,-6.29090193468901]]]},"id":"+119087-7004","properties":{"cls":1,"count":4}},{"type":"Feature","geometry":{"geodesic":false,"type":"Polygon","coordinates":[[[106.97857055522559,-6.042966916272022],[106.97857055522559,-6.044763546840261],[106.97767223994146,-6.044763546840261],[106.97767223994146,-6.048356807976739],[106.97857055522559,-6.048356807976739],[106.97857055522559,-6.050153438544977],[106.9794688705097,-6.050153438544977],[106.9794688705097,-6.047458492692619],[106.98036718579382,-6.047458492692619],[106.98036718579382,-6.0465601774085],[106.98216381636206,-6.0465601774085],[106.98216381636206,-6.044763546840261],[106.97857055522559,-6.042966916272022]]]},"id":"+119088-6728","properties":{"cls":1,"count":21}},{"type":"Feature","geometry":{"geodesic":false,"type":"Polygon","coordinates":[[[106.97857055522559,-6.053746699681455],[106.9794688705097,-6.053746699681455],[106.9794688705097,-6.052848384397336],[106.97857055522559,-6.052848384397336],[106.97857055522559,-6.053746699681455]]]},"id":"+119088-6739","properties":{"cls":1,"count":1}},{"type":"Feature","geometry":{"geodesic":false,"type":"Polygon","coordinates":[[[106.97857055522559,-6.19568051457234],[106.9794688705097,-6.19568051457234],[106.9794688705097,-6.194782199288221],[106.97857055522559,-6.194782199288221],[106.97857055522559,-6.19568051457234]]]},"id":"+119088-6897","properties":{"cls":1,"count":1}},{"type":"Feature","geometry":{"geodesic":false,"type":"Polygon","coordinates":[[[106.97857055522559,-6.219036711959448],[106.9794688705097,-6.219036711959448],[106.9794688705097,-6.218138396675328],[106.97857055522559,-6.218138396675328],[106.97857055522559,-6.219036711959448]]]},"id":"+119088-6923","properties":{"cls":1,"count":1}},{"type":"Feature","geometry":{"geodesic":false,"type":"Polygon","coordinates":[[[106.9794688705097,-6.130103498831615],[106.98036718579382,-6.130103498831615],[106.98036718579382,-6.129205183547495],[106.9794688705097,-6.129205183547495],[106.9794688705097,-6.130103498831615]]]},"id":"+119089-6824","properties":{"cls":1,"count":1}},{"type":"Feature","geometry":{"geodesic":false,"type":"Polygon","coordinates":[[[106.97767223994146,-6.1552563267869616],[106.97857055522559,-6.157052957355201],[106.98036718579382,-6.156154642071081],[106.98036718579382,-6.1552563267869616],[106.97767223994146,-6.1552563267869616]]]},"id":"+119089-6853","properties":{"cls":1,"count":4}},{"type":"Feature","geometry":{"geodesic":false,"type":"Polygon","coordinates":[[[106.98036718579382,-6.048356807976739],[106.98126550107794,-6.048356807976739],[106.98126550107794,-6.047458492692619],[106.98036718579382,-6.047458492692619],[106.98036718579382,-6.048356807976739]]]},"id":"+119090-6733","properties":{"cls":1,"count":1}},{"type":"Feature","geometry":{"geodesic":false,"type":"Polygon","coordinates":[[[106.97767223994146,-6.056441645533814],[106.98126550107794,-6.056441645533814],[106.98126550107794,-6.055543330249694],[106.97767223994146,-6.055543330249694],[106.97767223994146,-6.056441645533814]]]},"id":"+119090-6742","properties":{"cls":1,"count":4}},{"type":"Feature","geometry":{"geodesic":false,"type":"Polygon","coordinates":[[[106.98036718579382,-6.0968658333191925],[106.98126550107794,-6.0968658333191925],[106.98126550107794,-6.095967518035073],[106.98036718579382,-6.095967518035073],[106.98036718579382,-6.0968658333191925]]]},"id":"+119090-6787","properties":{"cls":1,"count":1}},{"type":"Feature","geometry":{"geodesic":false,"type":"Polygon","coordinates":[[[106.9794688705097,-6.123815291842778],[106.98126550107794,-6.123815291842778],[106.98126550107794,-6.122916976558659],[106.9794688705097,-6.122916976558659],[106.9794688705097,-6.123815291842778]]]},"id":"+119090-6817","properties":{"cls":1,"count":2}},{"type":"Feature","geometry":{"geodesic":false,"type":"Polygon","coordinates":[[[106.98126550107794,-6.050153438544977],[106.98216381636206,-6.050153438544977],[106.98216381636206,-6.049255123260858],[106.98126550107794,-6.049255123260858],[106.98126550107794,-6.050153438544977]]]},"id":"+119091-6735","properties":{"cls":1,"count":1}},{"type":"Feature","geometry":{"geodesic":false,"type":"Polygon","coordinates":[[[106.98126550107794,-6.125611922411017],[106.98216381636206,-6.125611922411017],[106.98216381636206,-6.124713607126898],[106.98126550107794,-6.124713607126898],[106.98126550107794,-6.125611922411017]]]},"id":"+119091-6819","properties":{"cls":1,"count":1}},{"type":"Feature","geometry":{"geodesic":false,"type":"Polygon","coordinates":[[[106.98126550107794,-6.127408552979256],[106.98216381636206,-6.127408552979256],[106.98216381636206,-6.126510237695137],[106.98126550107794,-6.126510237695137],[106.98126550107794,-6.127408552979256]]]},"id":"+119091-6821","properties":{"cls":1,"count":1}},{"type":"Feature","geometry":{"geodesic":false,"type":"Polygon","coordinates":[[[106.98126550107794,-6.141781597525169],[106.98216381636206,-6.141781597525169],[106.98216381636206,-6.140883282241049],[106.98126550107794,-6.140883282241049],[106.98126550107794,-6.141781597525169]]]},"id":"+119091-6837","properties":{"cls":1,"count":1}},{"type":"Feature","geometry":{"geodesic":false,"type":"Polygon","coordinates":[[[106.98216381636206,-6.104950670876268],[106.98306213164618,-6.104950670876268],[106.98306213164618,-6.104052355592149],[106.98216381636206,-6.104052355592149],[106.98216381636206,-6.104950670876268]]]},"id":"+119092-6796","properties":{"cls":1,"count":1}},{"type":"Feature","geometry":{"geodesic":false,"type":"Polygon","coordinates":[[[106.98216381636206,-6.131900129399854],[106.98306213164618,-6.131900129399854],[106.98306213164618,-6.131001814115734],[106.98216381636206,-6.131001814115734],[106.98216381636206,-6.131900129399854]]]},"id":"+119092-6826","properties":{"cls":1,"count":1}},{"type":"Feature","geometry":{"geodesic":false,"type":"Polygon","coordinates":[[[106.98216381636206,-6.142679912809288],[106.98306213164618,-6.142679912809288],[106.98306213164618,-6.141781597525169],[106.98216381636206,-6.141781597525169],[106.98216381636206,-6.142679912809288]]]},"id":"+119092-6838","properties":{"cls":1,"count":1}},{"type":"Feature","geometry":{"geodesic":false,"type":"Polygon","coordinates":[[[106.98216381636206,-6.147171489229886],[106.98306213164618,-6.147171489229886],[106.98306213164618,-6.144476543377527],[106.98216381636206,-6.144476543377527],[106.98216381636206,-6.147171489229886]]]},"id":"+119092-6841","properties":{"cls":1,"count":3}},{"type":"Feature","geometry":{"geodesic":false,"type":"Polygon","coordinates":[[[106.98216381636206,-6.160646218491679],[106.98306213164618,-6.160646218491679],[106.98306213164618,-6.159747903207559],[106.98216381636206,-6.159747903207559],[106.98216381636206,-6.160646218491679]]]},"id":"+119092-6858","properties":{"cls":1,"count":1}},{"type":"Feature","geometry":{"geodesic":false,"type":"Polygon","coordinates":[[[106.98216381636206,-6.163341164344037],[106.98306213164618,-6.163341164344037],[106.98306213164618,-6.161544533775798],[106.98216381636206,-6.161544533775798],[106.98216381636206,-6.163341164344037]]]},"id":"+119092-6860","properties":{"cls":1,"count":2}},{"type":"Feature","geometry":{"geodesic":false,"type":"Polygon","coordinates":[[[106.98306213164618,-6.106747301444507],[106.9839604469303,-6.106747301444507],[106.9839604469303,-6.105848986160388],[106.98306213164618,-6.105848986160388],[106.98306213164618,-6.106747301444507]]]},"id":"+119093-6798","properties":{"cls":1,"count":1}},{"type":"Feature","geometry":{"geodesic":false,"type":"Polygon","coordinates":[[[106.98306213164618,-6.129205183547495],[106.9839604469303,-6.129205183547495],[106.9839604469303,-6.128306868263376],[106.98306213164618,-6.128306868263376],[106.98306213164618,-6.129205183547495]]]},"id":"+119093-6823","properties":{"cls":1,"count":1}},{"type":"Feature","geometry":{"geodesic":false,"type":"Polygon","coordinates":[[[106.98306213164618,-6.133696759968093],[106.9839604469303,-6.133696759968093],[106.9839604469303,-6.131900129399854],[106.98306213164618,-6.131900129399854],[106.98306213164618,-6.133696759968093]]]},"id":"+119093-6827","properties":{"cls":1,"count":2}},{"type":"Feature","geometry":{"geodesic":false,"type":"Polygon","coordinates":[[[106.98306213164618,-6.274732259574858],[106.9839604469303,-6.274732259574858],[106.9839604469303,-6.273833944290739],[106.98306213164618,-6.273833944290739],[106.98306213164618,-6.274732259574858]]]},"id":"+119093-6985","properties":{"cls":1,"count":1}},{"type":"Feature","geometry":{"geodesic":false,"type":"Polygon","coordinates":[[[106.98306213164618,-6.276528890143097],[106.9839604469303,-6.276528890143097],[106.9839604469303,-6.275630574858978],[106.98306213164618,-6.275630574858978],[106.98306213164618,-6.276528890143097]]]},"id":"+119093-6987","properties":{"cls":1,"count":1}},{"type":"Feature","geometry":{"geodesic":false,"type":"Polygon","coordinates":[[[106.9839604469303,-6.0465601774085],[106.98485876221442,-6.0465601774085],[106.98485876221442,-6.04566186212438],[106.9839604469303,-6.04566186212438],[106.9839604469303,-6.0465601774085]]]},"id":"+119094-6731","properties":{"cls":1,"count":1}},{"type":"Feature","geometry":{"geodesic":false,"type":"Polygon","coordinates":[[[106.98216381636206,-6.050153438544977],[106.98216381636206,-6.051051753829097],[106.98306213164618,-6.051051753829097],[106.98306213164618,-6.051950069113216],[106.98216381636206,-6.051950069113216],[106.98216381636206,-6.053746699681455],[106.98575707749853,-6.051950069113216],[106.98485876221442,-6.050153438544977],[106.98216381636206,-6.050153438544977]]]},"id":"+119094-6736","properties":{"cls":1,"count":10}},{"type":"Feature","geometry":{"geodesic":false,"type":"Polygon","coordinates":[[[106.98216381636206,-6.113035508433344],[106.98126550107794,-6.114832139001583],[106.98306213164618,-6.114832139001583],[106.98306213164618,-6.113933823717463],[106.9839604469303,-6.113933823717463],[106.98306213164618,-6.1157304542857025],[106.98485876221442,-6.1157304542857025],[106.98485876221442,-6.114832139001583],[106.98575707749853,-6.114832139001583],[106.98485876221442,-6.113035508433344],[106.98216381636206,-6.113035508433344]]]},"id":"+119094-6806","properties":{"cls":1,"count":9}},{"type":"Feature","geometry":{"geodesic":false,"type":"Polygon","coordinates":[[[106.9839604469303,-6.128306868263376],[106.98485876221442,-6.128306868263376],[106.98485876221442,-6.127408552979256],[106.9839604469303,-6.127408552979256],[106.9839604469303,-6.128306868263376]]]},"id":"+119094-6822","properties":{"cls":1,"count":1}},{"type":"Feature","geometry":{"geodesic":false,"type":"Polygon","coordinates":[[[106.9839604469303,-6.1354933905363325],[106.98485876221442,-6.1354933905363325],[106.98485876221442,-6.1345950752522125],[106.9839604469303,-6.1345950752522125],[106.9839604469303,-6.1354933905363325]]]},"id":"+119094-6830","properties":{"cls":1,"count":1}},{"type":"Feature","geometry":{"geodesic":false,"type":"Polygon","coordinates":[[[106.98216381636206,-6.136391705820452],[106.98216381636206,-6.137290021104572],[106.98306213164618,-6.137290021104572],[106.98306213164618,-6.140883282241049],[106.9839604469303,-6.140883282241049],[106.98485876221442,-6.136391705820452],[106.98216381636206,-6.136391705820452]]]},"id":"+119094-6832","properties":{"cls":1,"count":8}},{"type":"Feature","geometry":{"geodesic":false,"type":"Polygon","coordinates":[[[106.9839604469303,-6.147171489229886],[106.98485876221442,-6.147171489229886],[106.98485876221442,-6.145374858661647],[106.9839604469303,-6.145374858661647],[106.9839604469303,-6.147171489229886]]]},"id":"+119094-6842","properties":{"cls":1,"count":2}},{"type":"Feature","geometry":{"geodesic":false,"type":"Polygon","coordinates":[[[106.9839604469303,-6.15884958792344],[106.98485876221442,-6.15884958792344],[106.98485876221442,-6.15795127263932],[106.9839604469303,-6.15795127263932],[106.9839604469303,-6.15884958792344]]]},"id":"+119094-6856","properties":{"cls":1,"count":1}},{"type":"Feature","geometry":{"geodesic":false,"type":"Polygon","coordinates":[[[106.98485876221442,-6.105848986160388],[106.98575707749853,-6.105848986160388],[106.98575707749853,-6.104950670876268],[106.98485876221442,-6.104950670876268],[106.98485876221442,-6.105848986160388]]]},"id":"+119095-6797","properties":{"cls":1,"count":1}},{"type":"Feature","geometry":{"geodesic":false,"type":"Polygon","coordinates":[[[106.98485876221442,-6.136391705820452],[106.98575707749853,-6.136391705820452],[106.98575707749853,-6.1354933905363325],[106.98485876221442,-6.1354933905363325],[106.98485876221442,-6.136391705820452]]]},"id":"+119095-6831","properties":{"cls":1,"count":1}},{"type":"Feature","geometry":{"geodesic":false,"type":"Polygon","coordinates":[[[106.98485876221442,-6.2486811163353915],[106.98575707749853,-6.2486811163353915],[106.98575707749853,-6.247782801051272],[106.98485876221442,-6.247782801051272],[106.98485876221442,-6.2486811163353915]]]},"id":"+119095-6956","properties":{"cls":1,"count":1}},{"type":"Feature","geometry":{"geodesic":false,"type":"Polygon","coordinates":[[[106.98485876221442,-6.266647422017782],[106.98575707749853,-6.266647422017782],[106.98575707749853,-6.265749106733662],[106.98485876221442,-6.265749106733662],[106.98485876221442,-6.266647422017782]]]},"id":"+119095-6976","properties":{"cls":1,"count":1}},{"type":"Feature","geometry":{"geodesic":false,"type":"Polygon","coordinates":[[[106.98575707749853,-6.047458492692619],[106.98665539278265,-6.047458492692619],[106.98665539278265,-6.0465601774085],[106.98575707749853,-6.0465601774085],[106.98575707749853,-6.047458492692619]]]},"id":"+119096-6732","properties":{"cls":1,"count":1}},{"type":"Feature","geometry":{"geodesic":false,"type":"Polygon","coordinates":[[[106.98575707749853,-6.051051753829097],[106.98665539278265,-6.051051753829097],[106.98665539278265,-6.050153438544977],[106.98575707749853,-6.050153438544977],[106.98575707749853,-6.051051753829097]]]},"id":"+119096-6736","properties":{"cls":1,"count":1}},{"type":"Feature","geometry":{"geodesic":false,"type":"Polygon","coordinates":[[[106.98575707749853,-6.082492788773281],[106.98575707749853,-6.0833911040574],[106.9839604469303,-6.0833911040574],[106.9839604469303,-6.08428941934152],[106.98665539278265,-6.08428941934152],[106.98665539278265,-6.082492788773281],[106.98575707749853,-6.082492788773281]]]},"id":"+119096-6772","properties":{"cls":1,"count":4}},{"type":"Feature","geometry":{"geodesic":false,"type":"Polygon","coordinates":[[[106.98575707749853,-6.126510237695137],[106.98665539278265,-6.126510237695137],[106.98665539278265,-6.125611922411017],[106.98575707749853,-6.125611922411017],[106.98575707749853,-6.126510237695137]]]},"id":"+119096-6820","properties":{"cls":1,"count":1}},{"type":"Feature","geometry":{"geodesic":false,"type":"Polygon","coordinates":[[[106.98575707749853,-6.142679912809288],[106.98665539278265,-6.142679912809288],[106.98665539278265,-6.141781597525169],[106.98575707749853,-6.141781597525169],[106.98575707749853,-6.142679912809288]]]},"id":"+119096-6838","properties":{"cls":1,"count":1}},{"type":"Feature","geometry":{"geodesic":false,"type":"Polygon","coordinates":[[[106.98485876221442,-6.106747301444507],[106.98485876221442,-6.107645616728627],[106.98306213164618,-6.108543932012746],[106.98306213164618,-6.106747301444507],[106.98126550107794,-6.107645616728627],[106.98126550107794,-6.106747301444507],[106.9794688705097,-6.106747301444507],[106.9794688705097,-6.107645616728627],[106.98036718579382,-6.107645616728627],[106.98036718579382,-6.108543932012746],[106.9794688705097,-6.108543932012746],[106.9794688705097,-6.109442247296866],[106.98036718579382,-6.109442247296866],[106.98036718579382,-6.111238877865105],[106.97587560937322,-6.110340562580985],[106.97587560937322,-6.111238877865105],[106.97228234823675,-6.111238877865105],[106.97228234823675,-6.112137193149224],[106.97318066352086,-6.112137193149224],[106.97318066352086,-6.114832139001583],[106.97407897880498,-6.114832139001583],[106.97407897880498,-6.1166287695698225],[106.9749772940891,-6.1166287695698225],[106.9749772940891,-6.117527084853942],[106.97228234823675,-6.117527084853942],[106.97228234823675,-6.1157304542857025],[106.97048571766851,-6.1157304542857025],[106.97048571766851,-6.117527084853942],[106.97228234823675,-6.118425400138062],[106.97228234823675,-6.119323715422181],[106.97138403295263,-6.119323715422181],[106.97138403295263,-6.118425400138062],[106.97048571766851,-6.118425400138062],[106.97048571766851,-6.120222030706301],[106.97228234823675,-6.120222030706301],[106.97228234823675,-6.12112034599042],[106.97318066352086,-6.12112034599042],[106.97318066352086,-6.122916976558659],[106.97407897880498,-6.122916976558659],[106.97407897880498,-6.123815291842778],[106.97318066352086,-6.123815291842778],[106.97407897880498,-6.125611922411017],[106.97228234823675,-6.125611922411017],[106.97228234823675,-6.126510237695137],[106.97048571766851,-6.126510237695137],[106.97048571766851,-6.127408552979256],[106.97138403295263,-6.127408552979256],[106.97138403295263,-6.129205183547495],[106.97228234823675,-6.129205183547495],[106.97228234823675,-6.127408552979256],[106.97318066352086,-6.127408552979256],[106.97318066352086,-6.131001814115734],[106.97407897880498,-6.131001814115734],[106.97407897880498,-6.130103498831615],[106.97587560937322,-6.130103498831615],[106.97587560937322,-6.126510237695137],[106.9749772940891,-6.126510237695137],[106.9749772940891,-6.125611922411017],[106.97587560937322,-6.125611922411017],[106.97587560937322,-6.122018661274539],[106.9749772940891,-6.122018661274539],[106.9749772940891,-6.120222030706301],[106.97587560937322,-6.120222030706301],[106.97587560937322,-6.118425400138062],[106.97677392465734,-6.118425400138062],[106.97677392465734,-6.117527084853942],[106.97587560937322,-6.117527084853942],[106.97587560937322,-6.1157304542857025],[106.97677392465734,-6.1157304542857025],[106.97677392465734,-6.114832139001583],[106.9794688705097,-6.114832139001583],[106.9794688705097,-6.1157304542857025],[106.97857055522559,-6.1157304542857025],[106.97857055522559,-6.119323715422181],[106.98036718579382,-6.118425400138062],[106.98036718579382,-6.120222030706301],[106.98216381636206,-6.120222030706301],[106.98216381636206,-6.119323715422181],[106.98126550107794,-6.119323715422181],[106.98126550107794,-6.114832139001583],[106.98036718579382,-6.114832139001583],[106.98126550107794,-6.113035508433344],[106.98216381636206,-6.113035508433344],[106.98126550107794,-6.111238877865105],[106.98216381636206,-6.111238877865105],[106.98216381636206,-6.112137193149224],[106.98575707749853,-6.112137193149224],[106.98575707749853,-6.111238877865105],[106.98485876221442,-6.111238877865105],[106.98485876221442,-6.109442247296866],[106.98755370806677,-6.109442247296866],[106.98665539278265,-6.107645616728627],[106.98755370806677,-6.107645616728627],[106.98755370806677,-6.106747301444507],[106.98485876221442,-6.106747301444507]],[[106.9749772940891,-6.128306868263376],[106.97407897880498,-6.128306868263376],[106.97407897880498,-6.129205183547495],[106.9749772940891,-6.129205183547495],[106.9749772940891,-6.128306868263376]],[[106.97407897880498,-6.119323715422181],[106.97318066352086,-6.119323715422181],[106.97318066352086,-6.120222030706301],[106.97407897880498,-6.120222030706301],[106.97407897880498,-6.119323715422181]],[[106.97767223994146,-6.113035508433344],[106.97677392465734,-6.113035508433344],[106.97677392465734,-6.113933823717463],[106.97767223994146,-6.113933823717463],[106.97767223994146,-6.113035508433344]],[[106.9794688705097,-6.112137193149224],[106.97857055522559,-6.112137193149224],[106.97857055522559,-6.113035508433344],[106.9794688705097,-6.113035508433344],[106.9794688705097,-6.112137193149224]],[[106.98216381636206,-6.109442247296866],[106.98126550107794,-6.109442247296866],[106.98126550107794,-6.110340562580985],[106.98216381636206,-6.110340562580985],[106.98216381636206,-6.109442247296866]]]},"id":"+119097-6799","properties":{"cls":1,"count":148}},{"type":"Feature","geometry":{"geodesic":false,"type":"Polygon","coordinates":[[[106.98216381636206,-6.118425400138062],[106.98216381636206,-6.119323715422181],[106.98306213164618,-6.119323715422181],[106.98306213164618,-6.12112034599042],[106.9794688705097,-6.12112034599042],[106.9794688705097,-6.122018661274539],[106.98306213164618,-6.122916976558659],[106.98306213164618,-6.122018661274539],[106.9839604469303,-6.122018661274539],[106.9839604469303,-6.123815291842778],[106.98306213164618,-6.123815291842778],[106.9839604469303,-6.125611922411017],[106.98216381636206,-6.125611922411017],[106.98216381636206,-6.126510237695137],[106.98485876221442,-6.126510237695137],[106.98575707749853,-6.122018661274539],[106.98755370806677,-6.122018661274539],[106.98665539278265,-6.120222030706301],[106.9884520233509,-6.120222030706301],[106.9884520233509,-6.119323715422181],[106.98755370806677,-6.119323715422181],[106.98755370806677,-6.118425400138062],[106.98216381636206,-6.118425400138062]],[[106.98575707749853,-6.119323715422181],[106.98485876221442,-6.119323715422181],[106.98485876221442,-6.120222030706301],[106.98575707749853,-6.120222030706301],[106.98575707749853,-6.119323715422181]]]},"id":"+119097-6812","properties":{"cls":1,"count":36}},{"type":"Feature","geometry":{"geodesic":false,"type":"Polygon","coordinates":[[[106.98575707749853,-6.131001814115734],[106.98575707749853,-6.131900129399854],[106.98755370806677,-6.132798444683973],[106.98755370806677,-6.131001814115734],[106.98575707749853,-6.131001814115734]]]},"id":"+119097-6826","properties":{"cls":1,"count":3}},{"type":"Feature","geometry":{"geodesic":false,"type":"Polygon","coordinates":[[[106.98665539278265,-6.136391705820452],[106.98755370806677,-6.136391705820452],[106.98755370806677,-6.1345950752522125],[106.98665539278265,-6.1345950752522125],[106.98665539278265,-6.136391705820452]]]},"id":"+119097-6830","properties":{"cls":1,"count":2}},{"type":"Feature","geometry":{"geodesic":false,"type":"Polygon","coordinates":[[[106.98575707749853,-6.168731056048754],[106.98575707749853,-6.171426001901113],[106.98935033863502,-6.1723243171852324],[106.98935033863502,-6.169629371332874],[106.98575707749853,-6.168731056048754]]]},"id":"+119097-6868","properties":{"cls":1,"count":12}},{"type":"Feature","geometry":{"geodesic":false,"type":"Polygon","coordinates":[[[106.98755370806677,-6.048356807976739],[106.9884520233509,-6.048356807976739],[106.9884520233509,-6.047458492692619],[106.98755370806677,-6.047458492692619],[106.98755370806677,-6.048356807976739]]]},"id":"+119098-6733","properties":{"cls":1,"count":1}},{"type":"Feature","geometry":{"geodesic":false,"type":"Polygon","coordinates":[[[106.98755370806677,-6.050153438544977],[106.9884520233509,-6.050153438544977],[106.9884520233509,-6.049255123260858],[106.98755370806677,-6.049255123260858],[106.98755370806677,-6.050153438544977]]]},"id":"+119098-6735","properties":{"cls":1,"count":1}},{"type":"Feature","geometry":{"geodesic":false,"type":"Polygon","coordinates":[[[106.98755370806677,-6.105848986160388],[106.9884520233509,-6.105848986160388],[106.9884520233509,-6.104950670876268],[106.98755370806677,-6.104950670876268],[106.98755370806677,-6.105848986160388]]]},"id":"+119098-6797","properties":{"cls":1,"count":1}},{"type":"Feature","geometry":{"geodesic":false,"type":"Polygon","coordinates":[[[106.98665539278265,-6.161544533775798],[106.9884520233509,-6.161544533775798],[106.9884520233509,-6.160646218491679],[106.98665539278265,-6.160646218491679],[106.98665539278265,-6.161544533775798]]]},"id":"+119098-6859","properties":{"cls":1,"count":2}},{"type":"Feature","geometry":{"geodesic":false,"type":"Polygon","coordinates":[[[106.98755370806677,-6.265749106733662],[106.9884520233509,-6.265749106733662],[106.9884520233509,-6.264850791449543],[106.98755370806677,-6.264850791449543],[106.98755370806677,-6.265749106733662]]]},"id":"+119098-6975","properties":{"cls":1,"count":1}},{"type":"Feature","geometry":{"geodesic":false,"type":"Polygon","coordinates":[[[106.98755370806677,-6.2693423678701405],[106.9884520233509,-6.2693423678701405],[106.9884520233509,-6.268444052586021],[106.98755370806677,-6.268444052586021],[106.98755370806677,-6.2693423678701405]]]},"id":"+119098-6979","properties":{"cls":1,"count":1}},{"type":"Feature","geometry":{"geodesic":false,"type":"Polygon","coordinates":[[[106.9884520233509,-6.049255123260858],[106.98935033863502,-6.049255123260858],[106.98935033863502,-6.048356807976739],[106.9884520233509,-6.048356807976739],[106.9884520233509,-6.049255123260858]]]},"id":"+119099-6734","properties":{"cls":1,"count":1}},{"type":"Feature","geometry":{"geodesic":false,"type":"Polygon","coordinates":[[[106.9884520233509,-6.052848384397336],[106.98755370806677,-6.054645014965575],[106.98935033863502,-6.054645014965575],[106.98935033863502,-6.052848384397336],[106.9884520233509,-6.052848384397336]]]},"id":"+119099-6739","properties":{"cls":1,"count":3}},{"type":"Feature","geometry":{"geodesic":false,"type":"Polygon","coordinates":[[[106.9884520233509,-6.08428941934152],[106.98935033863502,-6.08428941934152],[106.98935033863502,-6.0833911040574],[106.9884520233509,-6.0833911040574],[106.9884520233509,-6.08428941934152]]]},"id":"+119099-6773","properties":{"cls":1,"count":1}},{"type":"Feature","geometry":{"geodesic":false,"type":"Polygon","coordinates":[[[106.9884520233509,-6.143578228093408],[106.98935033863502,-6.143578228093408],[106.98935033863502,-6.141781597525169],[106.9884520233509,-6.141781597525169],[106.9884520233509,-6.143578228093408]]]},"id":"+119099-6838","properties":{"cls":1,"count":2}},{"type":"Feature","geometry":{"geodesic":false,"type":"Polygon","coordinates":[[[106.9884520233509,-6.266647422017782],[106.98935033863502,-6.266647422017782],[106.98935033863502,-6.265749106733662],[106.9884520233509,-6.265749106733662],[106.9884520233509,-6.266647422017782]]]},"id":"+119099-6976","properties":{"cls":1,"count":1}},{"type":"Feature","geometry":{"geodesic":false,"type":"Polygon","coordinates":[[[106.98755370806677,-6.321444654349073],[106.98935033863502,-6.321444654349073],[106.98935033863502,-6.320546339064953],[106.98755370806677,-6.320546339064953],[106.98755370806677,-6.321444654349073]]]},"id":"+119099-7037","properties":{"cls":1,"count":2}},{"type":"Feature","geometry":{"geodesic":false,"type":"Polygon","coordinates":[[[106.98935033863502,-6.048356807976739],[106.99024865391914,-6.048356807976739],[106.99024865391914,-6.047458492692619],[106.98935033863502,-6.047458492692619],[106.98935033863502,-6.048356807976739]]]},"id":"+119100-6733","properties":{"cls":1,"count":1}},{"type":"Feature","geometry":{"geodesic":false,"type":"Polygon","coordinates":[[[106.98935033863502,-6.051051753829097],[106.99024865391914,-6.051051753829097],[106.99024865391914,-6.050153438544977],[106.98935033863502,-6.050153438544977],[106.98935033863502,-6.051051753829097]]]},"id":"+119100-6736","properties":{"cls":1,"count":1}},{"type":"Feature","geometry":{"geodesic":false,"type":"Polygon","coordinates":[[[106.98935033863502,-6.126510237695137],[106.99024865391914,-6.126510237695137],[106.99024865391914,-6.124713607126898],[106.98935033863502,-6.124713607126898],[106.98935033863502,-6.126510237695137]]]},"id":"+119100-6819","properties":{"cls":1,"count":2}},{"type":"Feature","geometry":{"geodesic":false,"type":"Polygon","coordinates":[[[106.99024865391914,-6.053746699681455],[106.99114696920326,-6.053746699681455],[106.99114696920326,-6.052848384397336],[106.99024865391914,-6.052848384397336],[106.99024865391914,-6.053746699681455]]]},"id":"+119101-6739","properties":{"cls":1,"count":1}},{"type":"Feature","geometry":{"geodesic":false,"type":"Polygon","coordinates":[[[106.99024865391914,-6.085187734625639],[106.99024865391914,-6.088780995762117],[106.9929435997715,-6.088780995762117],[106.9929435997715,-6.087882680477997],[106.99114696920326,-6.087882680477997],[106.99204528448738,-6.086086049909758],[106.99024865391914,-6.085187734625639]]]},"id":"+119101-6775","properties":{"cls":1,"count":7}},{"type":"Feature","geometry":{"geodesic":false,"type":"Polygon","coordinates":[[[106.99024865391914,-6.111238877865105],[106.99114696920326,-6.111238877865105],[106.99114696920326,-6.110340562580985],[106.99024865391914,-6.110340562580985],[106.99024865391914,-6.111238877865105]]]},"id":"+119101-6803","properties":{"cls":1,"count":1}},{"type":"Feature","geometry":{"geodesic":false,"type":"Polygon","coordinates":[[[106.99024865391914,-6.247782801051272],[106.99114696920326,-6.247782801051272],[106.99114696920326,-6.246884485767152],[106.99024865391914,-6.246884485767152],[106.99024865391914,-6.247782801051272]]]},"id":"+119101-6955","properties":{"cls":1,"count":1}},{"type":"Feature","geometry":{"geodesic":false,"type":"Polygon","coordinates":[[[106.99114696920326,-6.047458492692619],[106.99114696920326,-6.050153438544977],[106.9929435997715,-6.051051753829097],[106.99204528448738,-6.047458492692619],[106.99114696920326,-6.047458492692619]]]},"id":"+119102-6733","properties":{"cls":1,"count":5}},{"type":"Feature","geometry":{"geodesic":false,"type":"Polygon","coordinates":[[[106.99114696920326,-6.094170887466834],[106.99114696920326,-6.095967518035073],[106.9929435997715,-6.095967518035073],[106.99204528448738,-6.094170887466834],[106.99114696920326,-6.094170887466834]]]},"id":"+119102-6785","properties":{"cls":1,"count":3}},{"type":"Feature","geometry":{"geodesic":false,"type":"Polygon","coordinates":[[[106.99114696920326,-6.106747301444507],[106.99114696920326,-6.107645616728627],[106.98935033863502,-6.107645616728627],[106.98935033863502,-6.108543932012746],[106.98755370806677,-6.109442247296866],[106.98755370806677,-6.113035508433344],[106.98665539278265,-6.113035508433344],[106.98755370806677,-6.114832139001583],[106.98575707749853,-6.114832139001583],[106.98575707749853,-6.1157304542857025],[106.98485876221442,-6.1157304542857025],[106.98485876221442,-6.117527084853942],[106.9884520233509,-6.1166287695698225],[106.98755370806677,-6.118425400138062],[106.99024865391914,-6.118425400138062],[106.99024865391914,-6.119323715422181],[106.99114696920326,-6.119323715422181],[106.99114696920326,-6.117527084853942],[106.99024865391914,-6.117527084853942],[106.99024865391914,-6.1157304542857025],[106.9884520233509,-6.1157304542857025],[106.9884520233509,-6.114832139001583],[106.99204528448738,-6.1157304542857025],[106.99204528448738,-6.113035508433344],[106.9884520233509,-6.113035508433344],[106.9884520233509,-6.112137193149224],[106.99024865391914,-6.112137193149224],[106.99024865391914,-6.111238877865105],[106.98935033863502,-6.111238877865105],[106.98935033863502,-6.109442247296866],[106.99024865391914,-6.109442247296866],[106.99024865391914,-6.108543932012746],[106.99204528448738,-6.108543932012746],[106.99204528448738,-6.106747301444507],[106.99114696920326,-6.106747301444507]]]},"id":"+119102-6799","properties":{"cls":1,"count":45}},{"type":"Feature","geometry":{"geodesic":false,"type":"Polygon","coordinates":[[[106.99114696920326,-6.110340562580985],[106.99204528448738,-6.110340562580985],[106.99204528448738,-6.109442247296866],[106.99114696920326,-6.109442247296866],[106.99114696920326,-6.110340562580985]]]},"id":"+119102-6802","properties":{"cls":1,"count":1}},{"type":"Feature","geometry":{"geodesic":false,"type":"Polygon","coordinates":[[[106.99204528448738,-6.052848384397336],[106.99114696920326,-6.054645014965575],[106.9929435997715,-6.054645014965575],[106.9929435997715,-6.052848384397336],[106.99204528448738,-6.052848384397336]]]},"id":"+119103-6739","properties":{"cls":1,"count":3}},{"type":"Feature","geometry":{"geodesic":false,"type":"Polygon","coordinates":[[[106.99204528448738,-6.082492788773281],[106.9929435997715,-6.082492788773281],[106.9929435997715,-6.080696158205042],[106.99204528448738,-6.080696158205042],[106.99204528448738,-6.082492788773281]]]},"id":"+119103-6770","properties":{"cls":1,"count":2}},{"type":"Feature","geometry":{"geodesic":false,"type":"Polygon","coordinates":[[[106.99204528448738,-6.258562584460707],[106.9929435997715,-6.258562584460707],[106.9929435997715,-6.257664269176587],[106.99204528448738,-6.257664269176587],[106.99204528448738,-6.258562584460707]]]},"id":"+119103-6967","properties":{"cls":1,"count":1}},{"type":"Feature","geometry":{"geodesic":false,"type":"Polygon","coordinates":[[[106.9929435997715,-6.247782801051272],[106.99384191505561,-6.247782801051272],[106.99384191505561,-6.246884485767152],[106.9929435997715,-6.246884485767152],[106.9929435997715,-6.247782801051272]]]},"id":"+119104-6955","properties":{"cls":1,"count":1}},{"type":"Feature","geometry":{"geodesic":false,"type":"Polygon","coordinates":[[[106.9929435997715,-6.048356807976739],[106.99474023033973,-6.048356807976739],[106.99474023033973,-6.047458492692619],[106.9929435997715,-6.047458492692619],[106.9929435997715,-6.048356807976739]]]},"id":"+119105-6733","properties":{"cls":1,"count":2}},{"type":"Feature","geometry":{"geodesic":false,"type":"Polygon","coordinates":[[[106.99384191505561,-6.0833911040574],[106.99384191505561,-6.08428941934152],[106.99204528448738,-6.08428941934152],[106.99204528448738,-6.086086049909758],[106.9929435997715,-6.086086049909758],[106.9929435997715,-6.085187734625639],[106.99474023033973,-6.085187734625639],[106.99474023033973,-6.0833911040574],[106.99384191505561,-6.0833911040574]]]},"id":"+119105-6773","properties":{"cls":1,"count":5}},{"type":"Feature","geometry":{"geodesic":false,"type":"Polygon","coordinates":[[[106.99384191505561,-6.088780995762117],[106.99474023033973,-6.088780995762117],[106.99474023033973,-6.087882680477997],[106.99384191505561,-6.087882680477997],[106.99384191505561,-6.088780995762117]]]},"id":"+119105-6778","properties":{"cls":1,"count":1}},{"type":"Feature","geometry":{"geodesic":false,"type":"Polygon","coordinates":[[[106.99384191505561,-6.051950069113216],[106.99563854562385,-6.051950069113216],[106.99563854562385,-6.051051753829097],[106.99384191505561,-6.051051753829097],[106.99384191505561,-6.051950069113216]]]},"id":"+119106-6737","properties":{"cls":1,"count":2}},{"type":"Feature","geometry":{"geodesic":false,"type":"Polygon","coordinates":[[[106.99384191505561,-6.053746699681455],[106.99563854562385,-6.053746699681455],[106.99563854562385,-6.052848384397336],[106.99384191505561,-6.052848384397336],[106.99384191505561,-6.053746699681455]]]},"id":"+119106-6739","properties":{"cls":1,"count":2}},{"type":"Feature","geometry":{"geodesic":false,"type":"Polygon","coordinates":[[[106.99474023033973,-6.081594473489161],[106.99474023033973,-6.0833911040574],[106.99653686090797,-6.0833911040574],[106.99563854562385,-6.081594473489161],[106.99474023033973,-6.081594473489161]]]},"id":"+119106-6771","properties":{"cls":1,"count":3}},{"type":"Feature","geometry":{"geodesic":false,"type":"Polygon","coordinates":[[[106.99384191505561,-6.091475941614475],[106.99384191505561,-6.093272572182714],[106.99474023033973,-6.093272572182714],[106.99563854562385,-6.091475941614475],[106.99384191505561,-6.091475941614475]]]},"id":"+119106-6782","properties":{"cls":1,"count":3}},{"type":"Feature","geometry":{"geodesic":false,"type":"Polygon","coordinates":[[[106.99384191505561,-6.152561380934603],[106.99563854562385,-6.152561380934603],[106.99563854562385,-6.150764750366364],[106.99384191505561,-6.150764750366364],[106.99384191505561,-6.152561380934603]]]},"id":"+119106-6848","properties":{"cls":1,"count":4}},{"type":"Feature","geometry":{"geodesic":false,"type":"Polygon","coordinates":[[[106.99384191505561,-6.2486811163353915],[106.99563854562385,-6.2486811163353915],[106.99563854562385,-6.247782801051272],[106.99384191505561,-6.247782801051272],[106.99384191505561,-6.2486811163353915]]]},"id":"+119106-6956","properties":{"cls":1,"count":2}},{"type":"Feature","geometry":{"geodesic":false,"type":"Polygon","coordinates":[[[106.9929435997715,-6.25227437747187],[106.9929435997715,-6.256765953892468],[106.99384191505561,-6.256765953892468],[106.99384191505561,-6.25317269275599],[106.99563854562385,-6.25317269275599],[106.99563854562385,-6.25227437747187],[106.9929435997715,-6.25227437747187]]]},"id":"+119106-6961","properties":{"cls":1,"count":7}},{"type":"Feature","geometry":{"geodesic":false,"type":"Polygon","coordinates":[[[106.99563854562385,-6.052848384397336],[106.99653686090797,-6.052848384397336],[106.99653686090797,-6.051950069113216],[106.99563854562385,-6.051950069113216],[106.99563854562385,-6.052848384397336]]]},"id":"+119107-6738","properties":{"cls":1,"count":1}},{"type":"Feature","geometry":{"geodesic":false,"type":"Polygon","coordinates":[[[106.99563854562385,-6.114832139001583],[106.99653686090797,-6.114832139001583],[106.99653686090797,-6.113933823717463],[106.99563854562385,-6.113933823717463],[106.99563854562385,-6.114832139001583]]]},"id":"+119107-6807","properties":{"cls":1,"count":1}},{"type":"Feature","geometry":{"geodesic":false,"type":"Polygon","coordinates":[[[106.99563854562385,-6.125611922411017],[106.99653686090797,-6.125611922411017],[106.99653686090797,-6.124713607126898],[106.99563854562385,-6.124713607126898],[106.99563854562385,-6.125611922411017]]]},"id":"+119107-6819","properties":{"cls":1,"count":1}},{"type":"Feature","geometry":{"geodesic":false,"type":"Polygon","coordinates":[[[106.99563854562385,-6.225324918948284],[106.99653686090797,-6.225324918948284],[106.99653686090797,-6.223528288380045],[106.99563854562385,-6.223528288380045],[106.99563854562385,-6.225324918948284]]]},"id":"+119107-6929","properties":{"cls":1,"count":2}},{"type":"Feature","geometry":{"geodesic":false,"type":"Polygon","coordinates":[[[106.99563854562385,-6.2495794316195115],[106.99653686090797,-6.2495794316195115],[106.99653686090797,-6.2486811163353915],[106.99563854562385,-6.2486811163353915],[106.99563854562385,-6.2495794316195115]]]},"id":"+119107-6957","properties":{"cls":1,"count":1}},{"type":"Feature","geometry":{"geodesic":false,"type":"Polygon","coordinates":[[[106.99563854562385,-6.2513760621877505],[106.99653686090797,-6.2513760621877505],[106.99653686090797,-6.250477746903631],[106.99563854562385,-6.250477746903631],[106.99563854562385,-6.2513760621877505]]]},"id":"+119107-6959","properties":{"cls":1,"count":1}},{"type":"Feature","geometry":{"geodesic":false,"type":"Polygon","coordinates":[[[106.99653686090797,-6.049255123260858],[106.99743517619208,-6.049255123260858],[106.99743517619208,-6.048356807976739],[106.99653686090797,-6.048356807976739],[106.99653686090797,-6.049255123260858]]]},"id":"+119108-6734","properties":{"cls":1,"count":1}},{"type":"Feature","geometry":{"geodesic":false,"type":"Polygon","coordinates":[[[106.99653686090797,-6.051051753829097],[106.99743517619208,-6.051051753829097],[106.99743517619208,-6.050153438544977],[106.99653686090797,-6.050153438544977],[106.99653686090797,-6.051051753829097]]]},"id":"+119108-6736","properties":{"cls":1,"count":1}},{"type":"Feature","geometry":{"geodesic":false,"type":"Polygon","coordinates":[[[106.99653686090797,-6.079797842920922],[106.99743517619208,-6.079797842920922],[106.99743517619208,-6.0788995276368025],[106.99653686090797,-6.0788995276368025],[106.99653686090797,-6.079797842920922]]]},"id":"+119108-6768","properties":{"cls":1,"count":1}},{"type":"Feature","geometry":{"geodesic":false,"type":"Polygon","coordinates":[[[106.99653686090797,-6.081594473489161],[106.99743517619208,-6.081594473489161],[106.99743517619208,-6.080696158205042],[106.99653686090797,-6.080696158205042],[106.99653686090797,-6.081594473489161]]]},"id":"+119108-6770","properties":{"cls":1,"count":1}},{"type":"Feature","geometry":{"geodesic":false,"type":"Polygon","coordinates":[[[106.99563854562385,-6.105848986160388],[106.99563854562385,-6.107645616728627],[106.99653686090797,-6.107645616728627],[106.99743517619208,-6.105848986160388],[106.99563854562385,-6.105848986160388]]]},"id":"+119108-6798","properties":{"cls":1,"count":3}},{"type":"Feature","geometry":{"geodesic":false,"type":"Polygon","coordinates":[[[106.99653686090797,-6.1157304542857025],[106.99743517619208,-6.1157304542857025],[106.99743517619208,-6.114832139001583],[106.99653686090797,-6.114832139001583],[106.99653686090797,-6.1157304542857025]]]},"id":"+119108-6808","properties":{"cls":1,"count":1}},{"type":"Feature","geometry":{"geodesic":false,"type":"Polygon","coordinates":[[[106.99653686090797,-6.128306868263376],[106.99743517619208,-6.128306868263376],[106.99743517619208,-6.127408552979256],[106.99653686090797,-6.127408552979256],[106.99653686090797,-6.128306868263376]]]},"id":"+119108-6822","properties":{"cls":1,"count":1}},{"type":"Feature","geometry":{"geodesic":false,"type":"Polygon","coordinates":[[[106.99653686090797,-6.255867638608348],[106.99743517619208,-6.255867638608348],[106.99743517619208,-6.254969323324229],[106.99653686090797,-6.254969323324229],[106.99653686090797,-6.255867638608348]]]},"id":"+119108-6964","properties":{"cls":1,"count":1}},{"type":"Feature","geometry":{"geodesic":false,"type":"Polygon","coordinates":[[[106.99563854562385,-6.258562584460707],[106.99743517619208,-6.258562584460707],[106.99743517619208,-6.257664269176587],[106.99563854562385,-6.257664269176587],[106.99563854562385,-6.258562584460707]]]},"id":"+119108-6967","properties":{"cls":1,"count":2}},{"type":"Feature","geometry":{"geodesic":false,"type":"Polygon","coordinates":[[[106.99743517619208,-6.050153438544977],[106.99833349147622,-6.050153438544977],[106.99833349147622,-6.049255123260858],[106.99743517619208,-6.049255123260858],[106.99743517619208,-6.050153438544977]]]},"id":"+119109-6735","properties":{"cls":1,"count":1}},{"type":"Feature","geometry":{"geodesic":false,"type":"Polygon","coordinates":[[[106.99743517619208,-6.0582382761020535],[106.99833349147622,-6.0582382761020535],[106.99833349147622,-6.056441645533814],[106.99743517619208,-6.056441645533814],[106.99743517619208,-6.0582382761020535]]]},"id":"+119109-6743","properties":{"cls":1,"count":2}},{"type":"Feature","geometry":{"geodesic":false,"type":"Polygon","coordinates":[[[106.99743517619208,-6.0788995276368025],[106.99833349147622,-6.0788995276368025],[106.99833349147622,-6.0780012123526825],[106.99743517619208,-6.0780012123526825],[106.99743517619208,-6.0788995276368025]]]},"id":"+119109-6767","properties":{"cls":1,"count":1}},{"type":"Feature","geometry":{"geodesic":false,"type":"Polygon","coordinates":[[[106.99743517619208,-6.095069202750953],[106.99833349147622,-6.095069202750953],[106.99833349147622,-6.094170887466834],[106.99743517619208,-6.094170887466834],[106.99743517619208,-6.095069202750953]]]},"id":"+119109-6785","properties":{"cls":1,"count":1}},{"type":"Feature","geometry":{"geodesic":false,"type":"Polygon","coordinates":[[[106.99743517619208,-6.113933823717463],[106.99833349147622,-6.113933823717463],[106.99833349147622,-6.113035508433344],[106.99743517619208,-6.113035508433344],[106.99743517619208,-6.113933823717463]]]},"id":"+119109-6806","properties":{"cls":1,"count":1}},{"type":"Feature","geometry":{"geodesic":false,"type":"Polygon","coordinates":[[[106.99743517619208,-6.131001814115734],[106.99833349147622,-6.131001814115734],[106.99833349147622,-6.130103498831615],[106.99743517619208,-6.130103498831615],[106.99743517619208,-6.131001814115734]]]},"id":"+119109-6825","properties":{"cls":1,"count":1}},{"type":"Feature","geometry":{"geodesic":false,"type":"Polygon","coordinates":[[[106.99743517619208,-6.160646218491679],[106.99833349147622,-6.160646218491679],[106.99833349147622,-6.159747903207559],[106.99743517619208,-6.159747903207559],[106.99743517619208,-6.160646218491679]]]},"id":"+119109-6858","properties":{"cls":1,"count":1}},{"type":"Feature","geometry":{"geodesic":false,"type":"Polygon","coordinates":[[[106.99743517619208,-6.2495794316195115],[106.99833349147622,-6.2495794316195115],[106.99833349147622,-6.2486811163353915],[106.99743517619208,-6.2486811163353915],[106.99743517619208,-6.2495794316195115]]]},"id":"+119109-6957","properties":{"cls":1,"count":1}},{"type":"Feature","geometry":{"geodesic":false,"type":"Polygon","coordinates":[[[106.99833349147622,-6.060933221954412],[106.99923180676033,-6.060933221954412],[106.99923180676033,-6.0591365913861726],[106.99833349147622,-6.0591365913861726],[106.99833349147622,-6.060933221954412]]]},"id":"+119110-6746","properties":{"cls":1,"count":2}},{"type":"Feature","geometry":{"geodesic":false,"type":"Polygon","coordinates":[[[106.99833349147622,-6.063628167806771],[106.99923180676033,-6.063628167806771],[106.99923180676033,-6.062729852522651],[106.99833349147622,-6.062729852522651],[106.99833349147622,-6.063628167806771]]]},"id":"+119110-6750","properties":{"cls":1,"count":1}},{"type":"Feature","geometry":{"geodesic":false,"type":"Polygon","coordinates":[[[106.99833349147622,-6.079797842920922],[106.99833349147622,-6.081594473489161],[107.00013012204445,-6.081594473489161],[106.99923180676033,-6.079797842920922],[106.99833349147622,-6.079797842920922]]]},"id":"+119110-6769","properties":{"cls":1,"count":3}},{"type":"Feature","geometry":{"geodesic":false,"type":"Polygon","coordinates":[[[106.99833349147622,-6.0833911040574],[106.99923180676033,-6.0833911040574],[106.99923180676033,-6.082492788773281],[106.99833349147622,-6.082492788773281],[106.99833349147622,-6.0833911040574]]]},"id":"+119110-6772","properties":{"cls":1,"count":1}},{"type":"Feature","geometry":{"geodesic":false,"type":"Polygon","coordinates":[[[106.99833349147622,-6.10225572502391],[106.99833349147622,-6.103154040308029],[106.99743517619208,-6.103154040308029],[106.99743517619208,-6.104052355592149],[106.99833349147622,-6.104052355592149],[106.99743517619208,-6.105848986160388],[106.99833349147622,-6.105848986160388],[106.99833349147622,-6.106747301444507],[107.00102843732857,-6.106747301444507],[107.00102843732857,-6.104950670876268],[106.99923180676033,-6.104052355592149],[106.99923180676033,-6.10225572502391],[106.99833349147622,-6.10225572502391]]]},"id":"+119110-6794","properties":{"cls":1,"count":12}},{"type":"Feature","geometry":{"geodesic":false,"type":"Polygon","coordinates":[[[106.99833349147622,-6.222629973095926],[106.99923180676033,-6.222629973095926],[106.99923180676033,-6.221731657811806],[106.99833349147622,-6.221731657811806],[106.99833349147622,-6.222629973095926]]]},"id":"+119110-6927","properties":{"cls":1,"count":1}},{"type":"Feature","geometry":{"geodesic":false,"type":"Polygon","coordinates":[[[106.99833349147622,-6.329529491906149],[106.99923180676033,-6.329529491906149],[106.99923180676033,-6.32863117662203],[106.99833349147622,-6.32863117662203],[106.99833349147622,-6.329529491906149]]]},"id":"+119110-7046","properties":{"cls":1,"count":1}},{"type":"Feature","geometry":{"geodesic":false,"type":"Polygon","coordinates":[[[106.99923180676033,-6.053746699681455],[107.00013012204445,-6.053746699681455],[107.00013012204445,-6.052848384397336],[106.99923180676033,-6.052848384397336],[106.99923180676033,-6.053746699681455]]]},"id":"+119111-6739","properties":{"cls":1,"count":1}},{"type":"Feature","geometry":{"geodesic":false,"type":"Polygon","coordinates":[[[106.99923180676033,-6.0591365913861726],[107.00013012204445,-6.0591365913861726],[107.00013012204445,-6.0573399608179335],[106.99923180676033,-6.0573399608179335],[106.99923180676033,-6.0591365913861726]]]},"id":"+119111-6744","properties":{"cls":1,"count":2}},{"type":"Feature","geometry":{"geodesic":false,"type":"Polygon","coordinates":[[[106.99923180676033,-6.06542479837501],[107.00013012204445,-6.06542479837501],[107.00013012204445,-6.06452648309089],[106.99923180676033,-6.06452648309089],[106.99923180676033,-6.06542479837501]]]},"id":"+119111-6752","properties":{"cls":1,"count":1}},{"type":"Feature","geometry":{"geodesic":false,"type":"Polygon","coordinates":[[[106.99923180676033,-6.0968658333191925],[107.00013012204445,-6.0968658333191925],[107.00013012204445,-6.095967518035073],[106.99923180676033,-6.095967518035073],[106.99923180676033,-6.0968658333191925]]]},"id":"+119111-6787","properties":{"cls":1,"count":1}},{"type":"Feature","geometry":{"geodesic":false,"type":"Polygon","coordinates":[[[106.99923180676033,-6.113035508433344],[107.00013012204445,-6.113035508433344],[107.00013012204445,-6.112137193149224],[106.99923180676033,-6.112137193149224],[106.99923180676033,-6.113035508433344]]]},"id":"+119111-6805","properties":{"cls":1,"count":1}},{"type":"Feature","geometry":{"geodesic":false,"type":"Polygon","coordinates":[[[106.99833349147622,-6.122018661274539],[107.00013012204445,-6.122018661274539],[107.00013012204445,-6.12112034599042],[106.99833349147622,-6.12112034599042],[106.99833349147622,-6.122018661274539]]]},"id":"+119111-6815","properties":{"cls":1,"count":2}},{"type":"Feature","geometry":{"geodesic":false,"type":"Polygon","coordinates":[[[106.99923180676033,-6.129205183547495],[107.00013012204445,-6.129205183547495],[107.00013012204445,-6.128306868263376],[106.99923180676033,-6.128306868263376],[106.99923180676033,-6.129205183547495]]]},"id":"+119111-6823","properties":{"cls":1,"count":1}},{"type":"Feature","geometry":{"geodesic":false,"type":"Polygon","coordinates":[[[106.99923180676033,-6.145374858661647],[106.99923180676033,-6.148069804514005],[107.00102843732857,-6.148069804514005],[107.00102843732857,-6.147171489229886],[107.00013012204445,-6.147171489229886],[107.00013012204445,-6.145374858661647],[106.99923180676033,-6.145374858661647]]]},"id":"+119111-6842","properties":{"cls":1,"count":4}},{"type":"Feature","geometry":{"geodesic":false,"type":"Polygon","coordinates":[[[106.99833349147622,-6.15795127263932],[107.00013012204445,-6.15795127263932],[107.00013012204445,-6.156154642071081],[106.99833349147622,-6.156154642071081],[106.99833349147622,-6.15795127263932]]]},"id":"+119111-6854","properties":{"cls":1,"count":4}},{"type":"Feature","geometry":{"geodesic":false,"type":"Polygon","coordinates":[[[106.99833349147622,-6.164239479628157],[107.00013012204445,-6.164239479628157],[107.00013012204445,-6.163341164344037],[106.99833349147622,-6.163341164344037],[106.99833349147622,-6.164239479628157]]]},"id":"+119111-6862","properties":{"cls":1,"count":2}},{"type":"Feature","geometry":{"geodesic":false,"type":"Polygon","coordinates":[[[107.00013012204445,-6.055543330249694],[107.00102843732857,-6.055543330249694],[107.00102843732857,-6.054645014965575],[107.00013012204445,-6.054645014965575],[107.00013012204445,-6.055543330249694]]]},"id":"+119112-6741","properties":{"cls":1,"count":1}},{"type":"Feature","geometry":{"geodesic":false,"type":"Polygon","coordinates":[[[107.00013012204445,-6.063628167806771],[107.00102843732857,-6.063628167806771],[107.00102843732857,-6.062729852522651],[107.00013012204445,-6.062729852522651],[107.00013012204445,-6.063628167806771]]]},"id":"+119112-6750","properties":{"cls":1,"count":1}},{"type":"Feature","geometry":{"geodesic":false,"type":"Polygon","coordinates":[[[107.00013012204445,-6.067221428943249],[107.00102843732857,-6.067221428943249],[107.00102843732857,-6.066323113659129],[107.00013012204445,-6.066323113659129],[107.00013012204445,-6.067221428943249]]]},"id":"+119112-6754","properties":{"cls":1,"count":1}},{"type":"Feature","geometry":{"geodesic":false,"type":"Polygon","coordinates":[[[107.00013012204445,-6.125611922411017],[107.00013012204445,-6.126510237695137],[106.99833349147622,-6.125611922411017],[106.99833349147622,-6.127408552979256],[107.00013012204445,-6.127408552979256],[107.00013012204445,-6.128306868263376],[107.00102843732857,-6.128306868263376],[107.00102843732857,-6.125611922411017],[107.00013012204445,-6.125611922411017]]]},"id":"+119112-6820","properties":{"cls":1,"count":6}},{"type":"Feature","geometry":{"geodesic":false,"type":"Polygon","coordinates":[[[107.00102843732857,-6.056441645533814],[107.00192675261269,-6.056441645533814],[107.00192675261269,-6.055543330249694],[107.00102843732857,-6.055543330249694],[107.00102843732857,-6.056441645533814]]]},"id":"+119113-6742","properties":{"cls":1,"count":1}},{"type":"Feature","geometry":{"geodesic":false,"type":"Polygon","coordinates":[[[107.00102843732857,-6.06452648309089],[107.00192675261269,-6.06452648309089],[107.00192675261269,-6.063628167806771],[107.00102843732857,-6.063628167806771],[107.00102843732857,-6.06452648309089]]]},"id":"+119113-6751","properties":{"cls":1,"count":1}},{"type":"Feature","geometry":{"geodesic":false,"type":"Polygon","coordinates":[[[107.00102843732857,-6.068119744227368],[107.00192675261269,-6.068119744227368],[107.00192675261269,-6.067221428943249],[107.00102843732857,-6.067221428943249],[107.00102843732857,-6.068119744227368]]]},"id":"+119113-6755","properties":{"cls":1,"count":1}},{"type":"Feature","geometry":{"geodesic":false,"type":"Polygon","coordinates":[[[107.00102843732857,-6.122916976558659],[107.00192675261269,-6.122916976558659],[107.00192675261269,-6.122018661274539],[107.00102843732857,-6.122018661274539],[107.00102843732857,-6.122916976558659]]]},"id":"+119113-6816","properties":{"cls":1,"count":1}},{"type":"Feature","geometry":{"geodesic":false,"type":"Polygon","coordinates":[[[107.00102843732857,-6.146273173945766],[107.00192675261269,-6.146273173945766],[107.00192675261269,-6.145374858661647],[107.00102843732857,-6.145374858661647],[107.00102843732857,-6.146273173945766]]]},"id":"+119113-6842","properties":{"cls":1,"count":1}},{"type":"Feature","geometry":{"geodesic":false,"type":"Polygon","coordinates":[[[107.00102843732857,-6.160646218491679],[107.00192675261269,-6.160646218491679],[107.00192675261269,-6.159747903207559],[107.00102843732857,-6.159747903207559],[107.00102843732857,-6.160646218491679]]]},"id":"+119113-6858","properties":{"cls":1,"count":1}},{"type":"Feature","geometry":{"geodesic":false,"type":"Polygon","coordinates":[[[107.00102843732857,-6.279223835995456],[107.00192675261269,-6.279223835995456],[107.00192675261269,-6.278325520711336],[107.00102843732857,-6.278325520711336],[107.00102843732857,-6.279223835995456]]]},"id":"+119113-6990","properties":{"cls":1,"count":1}},{"type":"Feature","geometry":{"geodesic":false,"type":"Polygon","coordinates":[[[107.00192675261269,-6.061831537238532],[107.00282506789681,-6.061831537238532],[107.00282506789681,-6.060933221954412],[107.00192675261269,-6.060933221954412],[107.00192675261269,-6.061831537238532]]]},"id":"+119114-6748","properties":{"cls":1,"count":1}},{"type":"Feature","geometry":{"geodesic":false,"type":"Polygon","coordinates":[[[107.00192675261269,-6.06542479837501],[107.00282506789681,-6.06542479837501],[107.00282506789681,-6.06452648309089],[107.00192675261269,-6.06452648309089],[107.00192675261269,-6.06542479837501]]]},"id":"+119114-6752","properties":{"cls":1,"count":1}},{"type":"Feature","geometry":{"geodesic":false,"type":"Polygon","coordinates":[[[107.00192675261269,-6.070814690079726],[107.00282506789681,-6.070814690079726],[107.00282506789681,-6.069916374795607],[107.00192675261269,-6.069916374795607],[107.00192675261269,-6.070814690079726]]]},"id":"+119114-6758","properties":{"cls":1,"count":1}},{"type":"Feature","geometry":{"geodesic":false,"type":"Polygon","coordinates":[[[107.00102843732857,-6.0788995276368025],[107.00102843732857,-6.080696158205042],[107.00192675261269,-6.080696158205042],[107.00282506789681,-6.0788995276368025],[107.00102843732857,-6.0788995276368025]]]},"id":"+119114-6768","properties":{"cls":1,"count":3}},{"type":"Feature","geometry":{"geodesic":false,"type":"Polygon","coordinates":[[[107.00192675261269,-6.147171489229886],[107.00282506789681,-6.147171489229886],[107.00282506789681,-6.146273173945766],[107.00192675261269,-6.146273173945766],[107.00192675261269,-6.147171489229886]]]},"id":"+119114-6843","properties":{"cls":1,"count":1}},{"type":"Feature","geometry":{"geodesic":false,"type":"Polygon","coordinates":[[[107.00192675261269,-6.148968119798125],[107.00282506789681,-6.148968119798125],[107.00282506789681,-6.148069804514005],[107.00192675261269,-6.148069804514005],[107.00192675261269,-6.148968119798125]]]},"id":"+119114-6845","properties":{"cls":1,"count":1}},{"type":"Feature","geometry":{"geodesic":false,"type":"Polygon","coordinates":[[[107.00192675261269,-6.238799648210077],[107.00282506789681,-6.238799648210077],[107.00282506789681,-6.237901332925958],[107.00192675261269,-6.237901332925958],[107.00192675261269,-6.238799648210077]]]},"id":"+119114-6945","properties":{"cls":1,"count":1}},{"type":"Feature","geometry":{"geodesic":false,"type":"Polygon","coordinates":[[[107.00282506789681,-6.0600349066702925],[107.00372338318093,-6.0600349066702925],[107.00372338318093,-6.0591365913861726],[107.00282506789681,-6.0591365913861726],[107.00282506789681,-6.0600349066702925]]]},"id":"+119115-6746","properties":{"cls":1,"count":1}},{"type":"Feature","geometry":{"geodesic":false,"type":"Polygon","coordinates":[[[107.00282506789681,-6.068119744227368],[107.00372338318093,-6.068119744227368],[107.00372338318093,-6.067221428943249],[107.00282506789681,-6.067221428943249],[107.00282506789681,-6.068119744227368]]]},"id":"+119115-6755","properties":{"cls":1,"count":1}},{"type":"Feature","geometry":{"geodesic":false,"type":"Polygon","coordinates":[[[107.00282506789681,-6.069916374795607],[107.00372338318093,-6.069916374795607],[107.00372338318093,-6.069018059511487],[107.00282506789681,-6.069018059511487],[107.00282506789681,-6.069916374795607]]]},"id":"+119115-6757","properties":{"cls":1,"count":1}},{"type":"Feature","geometry":{"geodesic":false,"type":"Polygon","coordinates":[[[107.00282506789681,-6.089679311046236],[107.00372338318093,-6.089679311046236],[107.00372338318093,-6.088780995762117],[107.00282506789681,-6.088780995762117],[107.00282506789681,-6.089679311046236]]]},"id":"+119115-6779","properties":{"cls":1,"count":1}},{"type":"Feature","geometry":{"geodesic":false,"type":"Polygon","coordinates":[[[107.00282506789681,-6.128306868263376],[107.00372338318093,-6.128306868263376],[107.00372338318093,-6.127408552979256],[107.00282506789681,-6.127408552979256],[107.00282506789681,-6.128306868263376]]]},"id":"+119115-6822","properties":{"cls":1,"count":1}},{"type":"Feature","geometry":{"geodesic":false,"type":"Polygon","coordinates":[[[107.00282506789681,-6.146273173945766],[107.00372338318093,-6.146273173945766],[107.00372338318093,-6.145374858661647],[107.00282506789681,-6.145374858661647],[107.00282506789681,-6.146273173945766]]]},"id":"+119115-6842","properties":{"cls":1,"count":1}},{"type":"Feature","geometry":{"geodesic":false,"type":"Polygon","coordinates":[[[107.00372338318093,-6.04566186212438],[107.00372338318093,-6.048356807976739],[107.00552001374916,-6.048356807976739],[107.00552001374916,-6.047458492692619],[107.00462169846504,-6.047458492692619],[107.00462169846504,-6.04566186212438],[107.00372338318093,-6.04566186212438]]]},"id":"+119116-6731","properties":{"cls":1,"count":4}},{"type":"Feature","geometry":{"geodesic":false,"type":"Polygon","coordinates":[[[107.00192675261269,-6.0582382761020535],[107.00462169846504,-6.0582382761020535],[107.00462169846504,-6.0573399608179335],[107.00192675261269,-6.0573399608179335],[107.00192675261269,-6.0582382761020535]]]},"id":"+119116-6744","properties":{"cls":1,"count":3}},{"type":"Feature","geometry":{"geodesic":false,"type":"Polygon","coordinates":[[[107.00372338318093,-6.067221428943249],[107.00462169846504,-6.067221428943249],[107.00462169846504,-6.066323113659129],[107.00372338318093,-6.066323113659129],[107.00372338318093,-6.067221428943249]]]},"id":"+119116-6754","properties":{"cls":1,"count":1}},{"type":"Feature","geometry":{"geodesic":false,"type":"Polygon","coordinates":[[[107.00372338318093,-6.0977641486033125],[107.00462169846504,-6.0977641486033125],[107.00462169846504,-6.0968658333191925],[107.00372338318093,-6.0968658333191925],[107.00372338318093,-6.0977641486033125]]]},"id":"+119116-6788","properties":{"cls":1,"count":1}},{"type":"Feature","geometry":{"geodesic":false,"type":"Polygon","coordinates":[[[107.00282506789681,-6.12112034599042],[107.00282506789681,-6.122916976558659],[107.00372338318093,-6.122916976558659],[107.00462169846504,-6.12112034599042],[107.00282506789681,-6.12112034599042]]]},"id":"+119116-6815","properties":{"cls":1,"count":3}},{"type":"Feature","geometry":{"geodesic":false,"type":"Polygon","coordinates":[[[107.00372338318093,-6.130103498831615],[107.00462169846504,-6.130103498831615],[107.00462169846504,-6.129205183547495],[107.00372338318093,-6.129205183547495],[107.00372338318093,-6.130103498831615]]]},"id":"+119116-6824","properties":{"cls":1,"count":1}},{"type":"Feature","geometry":{"geodesic":false,"type":"Polygon","coordinates":[[[107.00372338318093,-6.131900129399854],[107.00462169846504,-6.131900129399854],[107.00462169846504,-6.131001814115734],[107.00372338318093,-6.131001814115734],[107.00372338318093,-6.131900129399854]]]},"id":"+119116-6826","properties":{"cls":1,"count":1}},{"type":"Feature","geometry":{"geodesic":false,"type":"Polygon","coordinates":[[[107.00372338318093,-6.159747903207559],[107.00462169846504,-6.159747903207559],[107.00462169846504,-6.15884958792344],[107.00372338318093,-6.15884958792344],[107.00372338318093,-6.159747903207559]]]},"id":"+119116-6857","properties":{"cls":1,"count":1}},{"type":"Feature","geometry":{"geodesic":false,"type":"Polygon","coordinates":[[[107.00372338318093,-6.317851393212595],[107.00462169846504,-6.317851393212595],[107.00462169846504,-6.316953077928475],[107.00372338318093,-6.316953077928475],[107.00372338318093,-6.317851393212595]]]},"id":"+119116-7033","properties":{"cls":1,"count":1}},{"type":"Feature","geometry":{"geodesic":false,"type":"Polygon","coordinates":[[[107.00462169846504,-6.04566186212438],[107.00552001374916,-6.04566186212438],[107.00552001374916,-6.044763546840261],[107.00462169846504,-6.044763546840261],[107.00462169846504,-6.04566186212438]]]},"id":"+119117-6730","properties":{"cls":1,"count":1}},{"type":"Feature","geometry":{"geodesic":false,"type":"Polygon","coordinates":[[[107.00102843732857,-6.081594473489161],[107.00192675261269,-6.086086049909758],[107.00282506789681,-6.086086049909758],[107.00282506789681,-6.0833911040574],[107.00372338318093,-6.0833911040574],[107.00372338318093,-6.082492788773281],[107.00552001374916,-6.0833911040574],[107.00552001374916,-6.081594473489161],[107.00102843732857,-6.081594473489161]]]},"id":"+119117-6771","properties":{"cls":1,"count":12}},{"type":"Feature","geometry":{"geodesic":false,"type":"Polygon","coordinates":[[[107.00372338318093,-6.141781597525169],[107.00372338318093,-6.142679912809288],[107.00102843732857,-6.142679912809288],[107.00102843732857,-6.143578228093408],[107.00013012204445,-6.143578228093408],[107.00013012204445,-6.145374858661647],[107.00192675261269,-6.144476543377527],[107.00192675261269,-6.145374858661647],[107.00282506789681,-6.145374858661647],[107.00282506789681,-6.144476543377527],[107.00462169846504,-6.144476543377527],[107.00462169846504,-6.143578228093408],[107.00552001374916,-6.143578228093408],[107.00552001374916,-6.141781597525169],[107.00372338318093,-6.141781597525169]]]},"id":"+119117-6838","properties":{"cls":1,"count":14}},{"type":"Feature","geometry":{"geodesic":false,"type":"Polygon","coordinates":[[[107.00462169846504,-6.150764750366364],[107.00552001374916,-6.150764750366364],[107.00552001374916,-6.149866435082244],[107.00462169846504,-6.149866435082244],[107.00462169846504,-6.150764750366364]]]},"id":"+119117-6847","properties":{"cls":1,"count":1}},{"type":"Feature","geometry":{"geodesic":false,"type":"Polygon","coordinates":[[[107.00462169846504,-6.162442849059918],[107.00552001374916,-6.162442849059918],[107.00552001374916,-6.161544533775798],[107.00462169846504,-6.161544533775798],[107.00462169846504,-6.162442849059918]]]},"id":"+119117-6860","properties":{"cls":1,"count":1}},{"type":"Feature","geometry":{"geodesic":false,"type":"Polygon","coordinates":[[[107.00552001374916,-6.049255123260858],[107.00641832903328,-6.049255123260858],[107.00641832903328,-6.048356807976739],[107.00552001374916,-6.048356807976739],[107.00552001374916,-6.049255123260858]]]},"id":"+119118-6734","properties":{"cls":1,"count":1}},{"type":"Feature","geometry":{"geodesic":false,"type":"Polygon","coordinates":[[[107.00552001374916,-6.060933221954412],[107.00641832903328,-6.060933221954412],[107.00641832903328,-6.0600349066702925],[107.00552001374916,-6.0600349066702925],[107.00552001374916,-6.060933221954412]]]},"id":"+119118-6747","properties":{"cls":1,"count":1}},{"type":"Feature","geometry":{"geodesic":false,"type":"Polygon","coordinates":[[[107.00552001374916,-6.0833911040574],[107.00552001374916,-6.086086049909758],[107.00462169846504,-6.086086049909758],[107.00462169846504,-6.086984365193878],[107.00282506789681,-6.086984365193878],[107.00282506789681,-6.087882680477997],[107.00552001374916,-6.087882680477997],[107.00552001374916,-6.086984365193878],[107.00641832903328,-6.086984365193878],[107.00641832903328,-6.085187734625639],[107.0073166443174,-6.085187734625639],[107.0073166443174,-6.08428941934152],[107.00552001374916,-6.0833911040574]]]},"id":"+119118-6773","properties":{"cls":1,"count":9}},{"type":"Feature","geometry":{"geodesic":false,"type":"Polygon","coordinates":[[[107.00552001374916,-6.127408552979256],[107.00641832903328,-6.127408552979256],[107.00641832903328,-6.126510237695137],[107.00552001374916,-6.126510237695137],[107.00552001374916,-6.127408552979256]]]},"id":"+119118-6821","properties":{"cls":1,"count":1}},{"type":"Feature","geometry":{"geodesic":false,"type":"Polygon","coordinates":[[[107.00552001374916,-6.051051753829097],[107.0073166443174,-6.051051753829097],[107.0073166443174,-6.050153438544977],[107.00552001374916,-6.050153438544977],[107.00552001374916,-6.051051753829097]]]},"id":"+119119-6736","properties":{"cls":1,"count":2}},{"type":"Feature","geometry":{"geodesic":false,"type":"Polygon","coordinates":[[[107.00552001374916,-6.06452648309089],[107.00552001374916,-6.066323113659129],[107.00641832903328,-6.066323113659129],[107.0073166443174,-6.06452648309089],[107.00552001374916,-6.06452648309089]]]},"id":"+119119-6752","properties":{"cls":1,"count":3}},{"type":"Feature","geometry":{"geodesic":false,"type":"Polygon","coordinates":[[[107.00641832903328,-6.095967518035073],[107.0073166443174,-6.095967518035073],[107.0073166443174,-6.095069202750953],[107.00641832903328,-6.095069202750953],[107.00641832903328,-6.095967518035073]]]},"id":"+119119-6786","properties":{"cls":1,"count":1}},{"type":"Feature","geometry":{"geodesic":false,"type":"Polygon","coordinates":[[[107.00641832903328,-6.143578228093408],[107.0073166443174,-6.143578228093408],[107.0073166443174,-6.141781597525169],[107.00641832903328,-6.141781597525169],[107.00641832903328,-6.143578228093408]]]},"id":"+119119-6838","properties":{"cls":1,"count":2}},{"type":"Feature","geometry":{"geodesic":false,"type":"Polygon","coordinates":[[[107.00641832903328,-6.15884958792344],[107.00641832903328,-6.162442849059918],[107.0073166443174,-6.162442849059918],[107.00821495960153,-6.160646218491679],[107.0073166443174,-6.160646218491679],[107.0073166443174,-6.15884958792344],[107.00641832903328,-6.15884958792344]]]},"id":"+119119-6857","properties":{"cls":1,"count":5}},{"type":"Feature","geometry":{"geodesic":false,"type":"Polygon","coordinates":[[[107.0073166443174,-6.040271970419663],[107.00821495960153,-6.040271970419663],[107.00821495960153,-6.0393736551355435],[107.0073166443174,-6.0393736551355435],[107.0073166443174,-6.040271970419663]]]},"id":"+119120-6724","properties":{"cls":1,"count":1}},{"type":"Feature","geometry":{"geodesic":false,"type":"Polygon","coordinates":[[[107.0073166443174,-6.043865231556141],[107.00821495960153,-6.043865231556141],[107.00821495960153,-6.042966916272022],[107.0073166443174,-6.042966916272022],[107.0073166443174,-6.043865231556141]]]},"id":"+119120-6728","properties":{"cls":1,"count":1}},{"type":"Feature","geometry":{"geodesic":false,"type":"Polygon","coordinates":[[[107.0073166443174,-6.061831537238532],[107.00641832903328,-6.063628167806771],[107.00821495960153,-6.063628167806771],[107.00821495960153,-6.061831537238532],[107.0073166443174,-6.061831537238532]]]},"id":"+119120-6749","properties":{"cls":1,"count":3}},{"type":"Feature","geometry":{"geodesic":false,"type":"Polygon","coordinates":[[[107.00641832903328,-6.126510237695137],[107.00821495960153,-6.126510237695137],[107.00821495960153,-6.125611922411017],[107.00641832903328,-6.125611922411017],[107.00641832903328,-6.126510237695137]]]},"id":"+119120-6820","properties":{"cls":1,"count":2}},{"type":"Feature","geometry":{"geodesic":false,"type":"Polygon","coordinates":[[[107.0073166443174,-6.220833342527687],[107.00821495960153,-6.220833342527687],[107.00821495960153,-6.219935027243567],[107.0073166443174,-6.219935027243567],[107.0073166443174,-6.220833342527687]]]},"id":"+119120-6925","properties":{"cls":1,"count":1}},{"type":"Feature","geometry":{"geodesic":false,"type":"Polygon","coordinates":[[[107.0073166443174,-6.259460899744826],[107.00821495960153,-6.259460899744826],[107.00821495960153,-6.258562584460707],[107.0073166443174,-6.258562584460707],[107.0073166443174,-6.259460899744826]]]},"id":"+119120-6968","properties":{"cls":1,"count":1}},{"type":"Feature","geometry":{"geodesic":false,"type":"Polygon","coordinates":[[[107.00641832903328,-6.0384753398514235],[107.00911327488565,-6.0384753398514235],[107.00911327488565,-6.037577024567304],[107.00641832903328,-6.037577024567304],[107.00641832903328,-6.0384753398514235]]]},"id":"+119121-6722","properties":{"cls":1,"count":3}},{"type":"Feature","geometry":{"geodesic":false,"type":"Polygon","coordinates":[[[107.00821495960153,-6.047458492692619],[107.00911327488565,-6.047458492692619],[107.00911327488565,-6.0465601774085],[107.00821495960153,-6.0465601774085],[107.00821495960153,-6.047458492692619]]]},"id":"+119121-6732","properties":{"cls":1,"count":1}},{"type":"Feature","geometry":{"geodesic":false,"type":"Polygon","coordinates":[[[107.00821495960153,-6.061831537238532],[107.00911327488565,-6.061831537238532],[107.00911327488565,-6.060933221954412],[107.00821495960153,-6.060933221954412],[107.00821495960153,-6.061831537238532]]]},"id":"+119121-6748","properties":{"cls":1,"count":1}},{"type":"Feature","geometry":{"geodesic":false,"type":"Polygon","coordinates":[[[107.00821495960153,-6.067221428943249],[107.00911327488565,-6.067221428943249],[107.00911327488565,-6.066323113659129],[107.00821495960153,-6.066323113659129],[107.00821495960153,-6.067221428943249]]]},"id":"+119121-6754","properties":{"cls":1,"count":1}},{"type":"Feature","geometry":{"geodesic":false,"type":"Polygon","coordinates":[[[107.00821495960153,-6.073509635932085],[107.00911327488565,-6.073509635932085],[107.00911327488565,-6.072611320647965],[107.00821495960153,-6.072611320647965],[107.00821495960153,-6.073509635932085]]]},"id":"+119121-6761","properties":{"cls":1,"count":1}},{"type":"Feature","geometry":{"geodesic":false,"type":"Polygon","coordinates":[[[107.00821495960153,-6.086086049909758],[107.00911327488565,-6.086086049909758],[107.00911327488565,-6.085187734625639],[107.00821495960153,-6.085187734625639],[107.00821495960153,-6.086086049909758]]]},"id":"+119121-6775","properties":{"cls":1,"count":1}},{"type":"Feature","geometry":{"geodesic":false,"type":"Polygon","coordinates":[[[107.00821495960153,-6.101357409739791],[107.00911327488565,-6.101357409739791],[107.00911327488565,-6.099560779171552],[107.00821495960153,-6.099560779171552],[107.00821495960153,-6.101357409739791]]]},"id":"+119121-6791","properties":{"cls":1,"count":2}},{"type":"Feature","geometry":{"geodesic":false,"type":"Polygon","coordinates":[[[107.00821495960153,-6.1166287695698225],[107.00911327488565,-6.1166287695698225],[107.00911327488565,-6.1157304542857025],[107.00821495960153,-6.1157304542857025],[107.00821495960153,-6.1166287695698225]]]},"id":"+119121-6809","properties":{"cls":1,"count":1}},{"type":"Feature","geometry":{"geodesic":false,"type":"Polygon","coordinates":[[[107.00821495960153,-6.130103498831615],[107.00911327488565,-6.130103498831615],[107.00911327488565,-6.129205183547495],[107.00821495960153,-6.129205183547495],[107.00821495960153,-6.130103498831615]]]},"id":"+119121-6824","properties":{"cls":1,"count":1}},{"type":"Feature","geometry":{"geodesic":false,"type":"Polygon","coordinates":[[[107.00821495960153,-6.157052957355201],[107.00911327488565,-6.157052957355201],[107.00911327488565,-6.156154642071081],[107.00821495960153,-6.156154642071081],[107.00821495960153,-6.157052957355201]]]},"id":"+119121-6854","properties":{"cls":1,"count":1}},{"type":"Feature","geometry":{"geodesic":false,"type":"Polygon","coordinates":[[[107.00821495960153,-6.219036711959448],[107.00911327488565,-6.219036711959448],[107.00911327488565,-6.218138396675328],[107.00821495960153,-6.218138396675328],[107.00821495960153,-6.219036711959448]]]},"id":"+119121-6923","properties":{"cls":1,"count":1}},{"type":"Feature","geometry":{"geodesic":false,"type":"Polygon","coordinates":[[[107.00821495960153,-6.260359215028946],[107.00911327488565,-6.260359215028946],[107.00911327488565,-6.259460899744826],[107.00821495960153,-6.259460899744826],[107.00821495960153,-6.260359215028946]]]},"id":"+119121-6969","properties":{"cls":1,"count":1}},{"type":"Feature","geometry":{"geodesic":false,"type":"Polygon","coordinates":[[[107.00821495960153,-6.3259362307696705],[107.00911327488565,-6.3259362307696705],[107.00911327488565,-6.325037915485551],[107.00821495960153,-6.325037915485551],[107.00821495960153,-6.3259362307696705]]]},"id":"+119121-7042","properties":{"cls":1,"count":1}},{"type":"Feature","geometry":{"geodesic":false,"type":"Polygon","coordinates":[[[107.00911327488565,-6.044763546840261],[107.01001159016977,-6.044763546840261],[107.01001159016977,-6.042966916272022],[107.00911327488565,-6.042966916272022],[107.00911327488565,-6.044763546840261]]]},"id":"+119122-6728","properties":{"cls":1,"count":2}},{"type":"Feature","geometry":{"geodesic":false,"type":"Polygon","coordinates":[[[107.00911327488565,-6.052848384397336],[107.00911327488565,-6.054645014965575],[107.0073166443174,-6.055543330249694],[107.0073166443174,-6.054645014965575],[107.00821495960153,-6.054645014965575],[107.00821495960153,-6.052848384397336],[107.0073166443174,-6.052848384397336],[107.0073166443174,-6.053746699681455],[107.00552001374916,-6.052848384397336],[107.00552001374916,-6.055543330249694],[107.00641832903328,-6.055543330249694],[107.00641832903328,-6.056441645533814],[107.00821495960153,-6.056441645533814],[107.00821495960153,-6.0573399608179335],[107.00911327488565,-6.0573399608179335],[107.00911327488565,-6.056441645533814],[107.01090990545389,-6.0573399608179335],[107.01001159016977,-6.052848384397336],[107.00911327488565,-6.052848384397336]]]},"id":"+119122-6739","properties":{"cls":1,"count":18}},{"type":"Feature","geometry":{"geodesic":false,"type":"Polygon","coordinates":[[[107.00911327488565,-6.066323113659129],[107.01001159016977,-6.066323113659129],[107.01001159016977,-6.06542479837501],[107.00911327488565,-6.06542479837501],[107.00911327488565,-6.066323113659129]]]},"id":"+119122-6753","properties":{"cls":1,"count":1}},{"type":"Feature","geometry":{"geodesic":false,"type":"Polygon","coordinates":[[[107.00911327488565,-6.099560779171552],[107.01001159016977,-6.099560779171552],[107.01001159016977,-6.098662463887432],[107.00911327488565,-6.098662463887432],[107.00911327488565,-6.099560779171552]]]},"id":"+119122-6790","properties":{"cls":1,"count":1}},{"type":"Feature","geometry":{"geodesic":false,"type":"Polygon","coordinates":[[[107.0073166443174,-6.041170285703783],[107.00821495960153,-6.042966916272022],[107.01001159016977,-6.042068600987902],[107.01001159016977,-6.042966916272022],[107.011808220738,-6.042966916272022],[107.01090990545389,-6.041170285703783],[107.0073166443174,-6.041170285703783]]]},"id":"+119123-6726","properties":{"cls":1,"count":7}},{"type":"Feature","geometry":{"geodesic":false,"type":"Polygon","coordinates":[[[107.01001159016977,-6.051051753829097],[107.01090990545389,-6.051051753829097],[107.01090990545389,-6.050153438544977],[107.01001159016977,-6.050153438544977],[107.01001159016977,-6.051051753829097]]]},"id":"+119123-6736","properties":{"cls":1,"count":1}},{"type":"Feature","geometry":{"geodesic":false,"type":"Polygon","coordinates":[[[107.01001159016977,-6.0600349066702925],[107.01090990545389,-6.0600349066702925],[107.01090990545389,-6.0591365913861726],[107.01001159016977,-6.0591365913861726],[107.01001159016977,-6.0600349066702925]]]},"id":"+119123-6746","properties":{"cls":1,"count":1}},{"type":"Feature","geometry":{"geodesic":false,"type":"Polygon","coordinates":[[[107.01001159016977,-6.062729852522651],[107.01090990545389,-6.062729852522651],[107.01090990545389,-6.061831537238532],[107.01001159016977,-6.061831537238532],[107.01001159016977,-6.062729852522651]]]},"id":"+119123-6749","properties":{"cls":1,"count":1}},{"type":"Feature","geometry":{"geodesic":false,"type":"Polygon","coordinates":[[[107.01001159016977,-6.086086049909758],[107.01090990545389,-6.086086049909758],[107.01090990545389,-6.0833911040574],[107.01001159016977,-6.0833911040574],[107.01001159016977,-6.086086049909758]]]},"id":"+119123-6773","properties":{"cls":1,"count":3}},{"type":"Feature","geometry":{"geodesic":false,"type":"Polygon","coordinates":[[[107.00911327488565,-6.2702406831542605],[107.01090990545389,-6.2702406831542605],[107.01090990545389,-6.2693423678701405],[107.00911327488565,-6.2693423678701405],[107.00911327488565,-6.2702406831542605]]]},"id":"+119123-6980","properties":{"cls":1,"count":2}},{"type":"Feature","geometry":{"geodesic":false,"type":"Polygon","coordinates":[[[107.01090990545389,-6.033085448146706],[107.011808220738,-6.033085448146706],[107.011808220738,-6.032187132862587],[107.01090990545389,-6.032187132862587],[107.01090990545389,-6.033085448146706]]]},"id":"+119124-6716","properties":{"cls":1,"count":1}},{"type":"Feature","geometry":{"geodesic":false,"type":"Polygon","coordinates":[[[107.01090990545389,-6.044763546840261],[107.01090990545389,-6.0465601774085],[107.01001159016977,-6.0465601774085],[107.01001159016977,-6.047458492692619],[107.01360485130624,-6.0465601774085],[107.01360485130624,-6.04566186212438],[107.011808220738,-6.04566186212438],[107.011808220738,-6.044763546840261],[107.01090990545389,-6.044763546840261]]]},"id":"+119124-6730","properties":{"cls":1,"count":6}},{"type":"Feature","geometry":{"geodesic":false,"type":"Polygon","coordinates":[[[107.01090990545389,-6.053746699681455],[107.011808220738,-6.053746699681455],[107.011808220738,-6.052848384397336],[107.01090990545389,-6.052848384397336],[107.01090990545389,-6.053746699681455]]]},"id":"+119124-6739","properties":{"cls":1,"count":1}},{"type":"Feature","geometry":{"geodesic":false,"type":"Polygon","coordinates":[[[107.01090990545389,-6.071713005363846],[107.01090990545389,-6.074407951216204],[107.01360485130624,-6.074407951216204],[107.01360485130624,-6.0762045817844434],[107.01540148187448,-6.0762045817844434],[107.01540148187448,-6.074407951216204],[107.01450316659036,-6.074407951216204],[107.01450316659036,-6.073509635932085],[107.011808220738,-6.073509635932085],[107.011808220738,-6.071713005363846],[107.01090990545389,-6.071713005363846]]]},"id":"+119124-6760","properties":{"cls":1,"count":10}},{"type":"Feature","geometry":{"geodesic":false,"type":"Polygon","coordinates":[[[107.01090990545389,-6.100459094455671],[107.011808220738,-6.100459094455671],[107.011808220738,-6.099560779171552],[107.01090990545389,-6.099560779171552],[107.01090990545389,-6.100459094455671]]]},"id":"+119124-6791","properties":{"cls":1,"count":1}},{"type":"Feature","geometry":{"geodesic":false,"type":"Polygon","coordinates":[[[107.01090990545389,-6.101357409739791],[107.01090990545389,-6.103154040308029],[107.011808220738,-6.103154040308029],[107.011808220738,-6.104052355592149],[107.01360485130624,-6.104052355592149],[107.011808220738,-6.101357409739791],[107.01090990545389,-6.101357409739791]]]},"id":"+119124-6793","properties":{"cls":1,"count":5}},{"type":"Feature","geometry":{"geodesic":false,"type":"Polygon","coordinates":[[[107.01090990545389,-6.122018661274539],[107.011808220738,-6.122018661274539],[107.011808220738,-6.12112034599042],[107.01090990545389,-6.12112034599042],[107.01090990545389,-6.122018661274539]]]},"id":"+119124-6815","properties":{"cls":1,"count":1}},{"type":"Feature","geometry":{"geodesic":false,"type":"Polygon","coordinates":[[[107.01090990545389,-6.125611922411017],[107.011808220738,-6.125611922411017],[107.011808220738,-6.124713607126898],[107.01090990545389,-6.124713607126898],[107.01090990545389,-6.125611922411017]]]},"id":"+119124-6819","properties":{"cls":1,"count":1}},{"type":"Feature","geometry":{"geodesic":false,"type":"Polygon","coordinates":[[[107.01090990545389,-6.136391705820452],[107.011808220738,-6.136391705820452],[107.011808220738,-6.1345950752522125],[107.01090990545389,-6.1345950752522125],[107.01090990545389,-6.136391705820452]]]},"id":"+119124-6830","properties":{"cls":1,"count":2}},{"type":"Feature","geometry":{"geodesic":false,"type":"Polygon","coordinates":[[[107.01001159016977,-6.160646218491679],[107.01001159016977,-6.161544533775798],[107.011808220738,-6.162442849059918],[107.011808220738,-6.160646218491679],[107.01001159016977,-6.160646218491679]]]},"id":"+119124-6859","properties":{"cls":1,"count":3}},{"type":"Feature","geometry":{"geodesic":false,"type":"Polygon","coordinates":[[[107.01090990545389,-6.256765953892468],[107.011808220738,-6.256765953892468],[107.011808220738,-6.255867638608348],[107.01090990545389,-6.255867638608348],[107.01090990545389,-6.256765953892468]]]},"id":"+119124-6965","properties":{"cls":1,"count":1}},{"type":"Feature","geometry":{"geodesic":false,"type":"Polygon","coordinates":[[[107.01090990545389,-6.261257530313065],[107.011808220738,-6.261257530313065],[107.011808220738,-6.260359215028946],[107.01090990545389,-6.260359215028946],[107.01090990545389,-6.261257530313065]]]},"id":"+119124-6970","properties":{"cls":1,"count":1}},{"type":"Feature","geometry":{"geodesic":false,"type":"Polygon","coordinates":[[[107.011808220738,-6.055543330249694],[107.01270653602212,-6.055543330249694],[107.01270653602212,-6.054645014965575],[107.011808220738,-6.054645014965575],[107.011808220738,-6.055543330249694]]]},"id":"+119125-6741","properties":{"cls":1,"count":1}},{"type":"Feature","geometry":{"geodesic":false,"type":"Polygon","coordinates":[[[107.011808220738,-6.062729852522651],[107.01270653602212,-6.062729852522651],[107.01270653602212,-6.061831537238532],[107.011808220738,-6.061831537238532],[107.011808220738,-6.062729852522651]]]},"id":"+119125-6749","properties":{"cls":1,"count":1}},{"type":"Feature","geometry":{"geodesic":false,"type":"Polygon","coordinates":[[[107.011808220738,-6.068119744227368],[107.01270653602212,-6.068119744227368],[107.01270653602212,-6.067221428943249],[107.011808220738,-6.067221428943249],[107.011808220738,-6.068119744227368]]]},"id":"+119125-6755","properties":{"cls":1,"count":1}},{"type":"Feature","geometry":{"geodesic":false,"type":"Polygon","coordinates":[[[107.011808220738,-6.081594473489161],[107.01090990545389,-6.0833911040574],[107.01360485130624,-6.0833911040574],[107.01270653602212,-6.081594473489161],[107.011808220738,-6.081594473489161]]]},"id":"+119125-6771","properties":{"cls":1,"count":4}},{"type":"Feature","geometry":{"geodesic":false,"type":"Polygon","coordinates":[[[107.011808220738,-6.087882680477997],[107.01270653602212,-6.087882680477997],[107.01270653602212,-6.086984365193878],[107.011808220738,-6.086984365193878],[107.011808220738,-6.087882680477997]]]},"id":"+119125-6777","properties":{"cls":1,"count":1}},{"type":"Feature","geometry":{"geodesic":false,"type":"Polygon","coordinates":[[[107.011808220738,-6.114832139001583],[107.01270653602212,-6.114832139001583],[107.01270653602212,-6.113035508433344],[107.011808220738,-6.113035508433344],[107.011808220738,-6.114832139001583]]]},"id":"+119125-6806","properties":{"cls":1,"count":2}},{"type":"Feature","geometry":{"geodesic":false,"type":"Polygon","coordinates":[[[107.011808220738,-6.152561380934603],[107.01270653602212,-6.152561380934603],[107.01270653602212,-6.150764750366364],[107.011808220738,-6.150764750366364],[107.011808220738,-6.152561380934603]]]},"id":"+119125-6848","properties":{"cls":1,"count":2}},{"type":"Feature","geometry":{"geodesic":false,"type":"Polygon","coordinates":[[[107.011808220738,-6.3070716098031605],[107.01270653602212,-6.3070716098031605],[107.01270653602212,-6.306173294519041],[107.011808220738,-6.306173294519041],[107.011808220738,-6.3070716098031605]]]},"id":"+119125-7021","properties":{"cls":1,"count":1}},{"type":"Feature","geometry":{"geodesic":false,"type":"Polygon","coordinates":[[[107.01270653602212,-6.056441645533814],[107.01360485130624,-6.056441645533814],[107.01360485130624,-6.055543330249694],[107.01270653602212,-6.055543330249694],[107.01270653602212,-6.056441645533814]]]},"id":"+119126-6742","properties":{"cls":1,"count":1}},{"type":"Feature","geometry":{"geodesic":false,"type":"Polygon","coordinates":[[[107.01090990545389,-6.0573399608179335],[107.01090990545389,-6.0582382761020535],[107.01270653602212,-6.0582382761020535],[107.01270653602212,-6.0591365913861726],[107.01360485130624,-6.0591365913861726],[107.01360485130624,-6.0573399608179335],[107.01090990545389,-6.0573399608179335]]]},"id":"+119126-6744","properties":{"cls":1,"count":4}},{"type":"Feature","geometry":{"geodesic":false,"type":"Polygon","coordinates":[[[107.01270653602212,-6.063628167806771],[107.01360485130624,-6.063628167806771],[107.01360485130624,-6.062729852522651],[107.01270653602212,-6.062729852522651],[107.01270653602212,-6.063628167806771]]]},"id":"+119126-6750","properties":{"cls":1,"count":1}},{"type":"Feature","geometry":{"geodesic":false,"type":"Polygon","coordinates":[[[107.01270653602212,-6.0788995276368025],[107.01360485130624,-6.0788995276368025],[107.01360485130624,-6.0780012123526825],[107.01270653602212,-6.0780012123526825],[107.01270653602212,-6.0788995276368025]]]},"id":"+119126-6767","properties":{"cls":1,"count":1}},{"type":"Feature","geometry":{"geodesic":false,"type":"Polygon","coordinates":[[[107.01270653602212,-6.095069202750953],[107.01360485130624,-6.095069202750953],[107.01360485130624,-6.094170887466834],[107.01270653602212,-6.094170887466834],[107.01270653602212,-6.095069202750953]]]},"id":"+119126-6785","properties":{"cls":1,"count":1}},{"type":"Feature","geometry":{"geodesic":false,"type":"Polygon","coordinates":[[[107.01360485130624,-6.122916976558659],[107.01360485130624,-6.122018661274539],[107.011808220738,-6.122018661274539],[107.01090990545389,-6.123815291842778],[107.01270653602212,-6.124713607126898],[107.01270653602212,-6.126510237695137],[107.011808220738,-6.126510237695137],[107.01090990545389,-6.128306868263376],[107.01450316659036,-6.127408552979256],[107.01450316659036,-6.128306868263376],[107.0162997971586,-6.128306868263376],[107.0162997971586,-6.127408552979256],[107.01719811244273,-6.127408552979256],[107.01719811244273,-6.128306868263376],[107.01899474301096,-6.128306868263376],[107.01989305829508,-6.123815291842778],[107.01540148187448,-6.123815291842778],[107.01540148187448,-6.122916976558659],[107.01360485130624,-6.122916976558659]],[[107.01360485130624,-6.122916976558659],[107.01270653602212,-6.122916976558659],[107.01270653602212,-6.123815291842778],[107.01360485130624,-6.123815291842778],[107.01360485130624,-6.125611922411017],[107.01719811244273,-6.125611922411017],[107.01719811244273,-6.124713607126898],[107.01450316659036,-6.124713607126898],[107.01360485130624,-6.122916976558659]]]},"id":"+119126-6816","properties":{"cls":1,"count":40}},{"type":"Feature","geometry":{"geodesic":false,"type":"Polygon","coordinates":[[[107.01270653602212,-6.136391705820452],[107.01360485130624,-6.136391705820452],[107.01360485130624,-6.1354933905363325],[107.01270653602212,-6.1354933905363325],[107.01270653602212,-6.136391705820452]]]},"id":"+119126-6831","properties":{"cls":1,"count":1}},{"type":"Feature","geometry":{"geodesic":false,"type":"Polygon","coordinates":[[[107.01270653602212,-6.13998496695693],[107.01360485130624,-6.13998496695693],[107.01360485130624,-6.13908665167281],[107.01270653602212,-6.13908665167281],[107.01270653602212,-6.13998496695693]]]},"id":"+119126-6835","properties":{"cls":1,"count":1}},{"type":"Feature","geometry":{"geodesic":false,"type":"Polygon","coordinates":[[[107.01270653602212,-6.0393736551355435],[107.01090990545389,-6.0393736551355435],[107.01090990545389,-6.041170285703783],[107.01270653602212,-6.042068600987902],[107.01270653602212,-6.041170285703783],[107.01360485130624,-6.041170285703783],[107.01270653602212,-6.042966916272022],[107.01540148187448,-6.042966916272022],[107.01540148187448,-6.044763546840261],[107.0162997971586,-6.044763546840261],[107.0162997971586,-6.042068600987902],[107.01450316659036,-6.042068600987902],[107.01540148187448,-6.037577024567304],[107.01360485130624,-6.036678709283184],[107.01360485130624,-6.037577024567304],[107.01270653602212,-6.037577024567304],[107.01270653602212,-6.0393736551355435]],[[107.01270653602212,-6.0393736551355435],[107.01270653602212,-6.040271970419663],[107.01360485130624,-6.040271970419663],[107.01360485130624,-6.0393736551355435],[107.01270653602212,-6.0393736551355435]]]},"id":"+119127-6721","properties":{"cls":1,"count":22}},{"type":"Feature","geometry":{"geodesic":false,"type":"Polygon","coordinates":[[[107.01270653602212,-6.053746699681455],[107.01450316659036,-6.053746699681455],[107.01450316659036,-6.052848384397336],[107.01270653602212,-6.052848384397336],[107.01270653602212,-6.053746699681455]]]},"id":"+119127-6739","properties":{"cls":1,"count":2}},{"type":"Feature","geometry":{"geodesic":false,"type":"Polygon","coordinates":[[[107.01360485130624,-6.072611320647965],[107.01450316659036,-6.072611320647965],[107.01450316659036,-6.071713005363846],[107.01360485130624,-6.071713005363846],[107.01360485130624,-6.072611320647965]]]},"id":"+119127-6760","properties":{"cls":1,"count":1}},{"type":"Feature","geometry":{"geodesic":false,"type":"Polygon","coordinates":[[[107.01360485130624,-6.093272572182714],[107.01450316659036,-6.093272572182714],[107.01450316659036,-6.092374256898595],[107.01360485130624,-6.092374256898595],[107.01360485130624,-6.093272572182714]]]},"id":"+119127-6783","properties":{"cls":1,"count":1}},{"type":"Feature","geometry":{"geodesic":false,"type":"Polygon","coordinates":[[[107.01360485130624,-6.104950670876268],[107.01450316659036,-6.104950670876268],[107.01450316659036,-6.104052355592149],[107.01360485130624,-6.104052355592149],[107.01360485130624,-6.104950670876268]]]},"id":"+119127-6796","properties":{"cls":1,"count":1}},{"type":"Feature","geometry":{"geodesic":false,"type":"Polygon","coordinates":[[[107.01360485130624,-6.113035508433344],[107.01450316659036,-6.113035508433344],[107.01450316659036,-6.112137193149224],[107.01360485130624,-6.112137193149224],[107.01360485130624,-6.113035508433344]]]},"id":"+119127-6805","properties":{"cls":1,"count":1}},{"type":"Feature","geometry":{"geodesic":false,"type":"Polygon","coordinates":[[[107.01360485130624,-6.119323715422181],[107.01450316659036,-6.119323715422181],[107.01450316659036,-6.118425400138062],[107.01360485130624,-6.118425400138062],[107.01360485130624,-6.119323715422181]]]},"id":"+119127-6812","properties":{"cls":1,"count":1}},{"type":"Feature","geometry":{"geodesic":false,"type":"Polygon","coordinates":[[[107.01360485130624,-6.1543580115028425],[107.01450316659036,-6.1543580115028425],[107.01450316659036,-6.152561380934603],[107.01360485130624,-6.152561380934603],[107.01360485130624,-6.1543580115028425]]]},"id":"+119127-6850","properties":{"cls":1,"count":2}},{"type":"Feature","geometry":{"geodesic":false,"type":"Polygon","coordinates":[[[107.01270653602212,-6.183104100594667],[107.01450316659036,-6.183104100594667],[107.01450316659036,-6.182205785310547],[107.01270653602212,-6.182205785310547],[107.01270653602212,-6.183104100594667]]]},"id":"+119127-6883","properties":{"cls":1,"count":2}},{"type":"Feature","geometry":{"geodesic":false,"type":"Polygon","coordinates":[[[107.01450316659036,-6.033983763430826],[107.01540148187448,-6.033983763430826],[107.01540148187448,-6.033085448146706],[107.01450316659036,-6.033085448146706],[107.01450316659036,-6.033983763430826]]]},"id":"+119128-6717","properties":{"cls":1,"count":1}},{"type":"Feature","geometry":{"geodesic":false,"type":"Polygon","coordinates":[[[107.01450316659036,-6.04566186212438],[107.01450316659036,-6.047458492692619],[107.01270653602212,-6.047458492692619],[107.01270653602212,-6.050153438544977],[107.011808220738,-6.050153438544977],[107.011808220738,-6.051051753829097],[107.01360485130624,-6.051051753829097],[107.01360485130624,-6.049255123260858],[107.01540148187448,-6.048356807976739],[107.01540148187448,-6.04566186212438],[107.01450316659036,-6.04566186212438]]]},"id":"+119128-6731","properties":{"cls":1,"count":10}},{"type":"Feature","geometry":{"geodesic":false,"type":"Polygon","coordinates":[[[107.01450316659036,-6.052848384397336],[107.01540148187448,-6.052848384397336],[107.01540148187448,-6.051950069113216],[107.01450316659036,-6.051950069113216],[107.01450316659036,-6.052848384397336]]]},"id":"+119128-6738","properties":{"cls":1,"count":1}},{"type":"Feature","geometry":{"geodesic":false,"type":"Polygon","coordinates":[[[107.01450316659036,-6.053746699681455],[107.01360485130624,-6.055543330249694],[107.01540148187448,-6.055543330249694],[107.01540148187448,-6.053746699681455],[107.01450316659036,-6.053746699681455]]]},"id":"+119128-6740","properties":{"cls":1,"count":3}},{"type":"Feature","geometry":{"geodesic":false,"type":"Polygon","coordinates":[[[107.01450316659036,-6.06542479837501],[107.01540148187448,-6.06542479837501],[107.01540148187448,-6.06452648309089],[107.01450316659036,-6.06452648309089],[107.01450316659036,-6.06542479837501]]]},"id":"+119128-6752","properties":{"cls":1,"count":1}},{"type":"Feature","geometry":{"geodesic":false,"type":"Polygon","coordinates":[[[107.01270653602212,-6.12112034599042],[107.01540148187448,-6.12112034599042],[107.01540148187448,-6.120222030706301],[107.01270653602212,-6.120222030706301],[107.01270653602212,-6.12112034599042]]]},"id":"+119128-6814","properties":{"cls":1,"count":3}},{"type":"Feature","geometry":{"geodesic":false,"type":"Polygon","coordinates":[[[107.01450316659036,-6.130103498831615],[107.01540148187448,-6.130103498831615],[107.01540148187448,-6.129205183547495],[107.01450316659036,-6.129205183547495],[107.01450316659036,-6.130103498831615]]]},"id":"+119128-6824","properties":{"cls":1,"count":1}},{"type":"Feature","geometry":{"geodesic":false,"type":"Polygon","coordinates":[[[107.01450316659036,-6.169629371332874],[107.01540148187448,-6.169629371332874],[107.01540148187448,-6.168731056048754],[107.01450316659036,-6.168731056048754],[107.01450316659036,-6.169629371332874]]]},"id":"+119128-6868","properties":{"cls":1,"count":1}},{"type":"Feature","geometry":{"geodesic":false,"type":"Polygon","coordinates":[[[107.01540148187448,-6.033085448146706],[107.0162997971586,-6.033085448146706],[107.0162997971586,-6.032187132862587],[107.01540148187448,-6.032187132862587],[107.01540148187448,-6.033085448146706]]]},"id":"+119129-6716","properties":{"cls":1,"count":1}},{"type":"Feature","geometry":{"geodesic":false,"type":"Polygon","coordinates":[[[107.01540148187448,-6.041170285703783],[107.0162997971586,-6.041170285703783],[107.0162997971586,-6.0393736551355435],[107.01540148187448,-6.0393736551355435],[107.01540148187448,-6.041170285703783]]]},"id":"+119129-6724","properties":{"cls":1,"count":2}},{"type":"Feature","geometry":{"geodesic":false,"type":"Polygon","coordinates":[[[107.01270653602212,-6.069018059511487],[107.01270653602212,-6.069916374795607],[107.01090990545389,-6.069018059511487],[107.01090990545389,-6.070814690079726],[107.011808220738,-6.070814690079726],[107.011808220738,-6.071713005363846],[107.01360485130624,-6.070814690079726],[107.01360485130624,-6.069916374795607],[107.0162997971586,-6.069916374795607],[107.0162997971586,-6.069018059511487],[107.01270653602212,-6.069018059511487]]]},"id":"+119129-6757","properties":{"cls":1,"count":9}},{"type":"Feature","geometry":{"geodesic":false,"type":"Polygon","coordinates":[[[107.01540148187448,-6.074407951216204],[107.0162997971586,-6.074407951216204],[107.0162997971586,-6.073509635932085],[107.01540148187448,-6.073509635932085],[107.01540148187448,-6.074407951216204]]]},"id":"+119129-6762","properties":{"cls":1,"count":1}},{"type":"Feature","geometry":{"geodesic":false,"type":"Polygon","coordinates":[[[107.01450316659036,-6.091475941614475],[107.0162997971586,-6.091475941614475],[107.0162997971586,-6.090577626330356],[107.01450316659036,-6.090577626330356],[107.01450316659036,-6.091475941614475]]]},"id":"+119129-6781","properties":{"cls":1,"count":2}},{"type":"Feature","geometry":{"geodesic":false,"type":"Polygon","coordinates":[[[107.01540148187448,-6.1166287695698225],[107.01450316659036,-6.118425400138062],[107.0162997971586,-6.118425400138062],[107.0162997971586,-6.1166287695698225],[107.01540148187448,-6.1166287695698225]]]},"id":"+119129-6810","properties":{"cls":1,"count":3}},{"type":"Feature","geometry":{"geodesic":false,"type":"Polygon","coordinates":[[[107.01540148187448,-6.140883282241049],[107.0162997971586,-6.140883282241049],[107.0162997971586,-6.13998496695693],[107.01540148187448,-6.13998496695693],[107.01540148187448,-6.140883282241049]]]},"id":"+119129-6836","properties":{"cls":1,"count":1}},{"type":"Feature","geometry":{"geodesic":false,"type":"Polygon","coordinates":[[[107.01360485130624,-6.143578228093408],[107.01360485130624,-6.144476543377527],[107.01450316659036,-6.144476543377527],[107.01360485130624,-6.146273173945766],[107.01450316659036,-6.146273173945766],[107.01450316659036,-6.148069804514005],[107.01540148187448,-6.148069804514005],[107.0162997971586,-6.146273173945766],[107.01719811244271,-6.146273173945766],[107.01719811244271,-6.144476543377527],[107.0162997971586,-6.144476543377527],[107.0162997971586,-6.143578228093408],[107.01360485130624,-6.143578228093408]]]},"id":"+119129-6840","properties":{"cls":1,"count":13}},{"type":"Feature","geometry":{"geodesic":false,"type":"Polygon","coordinates":[[[107.01540148187448,-6.150764750366364],[107.0162997971586,-6.150764750366364],[107.0162997971586,-6.149866435082244],[107.01540148187448,-6.149866435082244],[107.01540148187448,-6.150764750366364]]]},"id":"+119129-6847","properties":{"cls":1,"count":1}},{"type":"Feature","geometry":{"geodesic":false,"type":"Polygon","coordinates":[[[107.01360485130624,-6.156154642071081],[107.01360485130624,-6.159747903207559],[107.01450316659036,-6.159747903207559],[107.01450316659036,-6.160646218491679],[107.0162997971586,-6.160646218491679],[107.01540148187448,-6.15884958792344],[107.0162997971586,-6.15884958792344],[107.0162997971586,-6.156154642071081],[107.01360485130624,-6.156154642071081]]]},"id":"+119129-6854","properties":{"cls":1,"count":13}},{"type":"Feature","geometry":{"geodesic":false,"type":"Polygon","coordinates":[[[107.01270653602212,-6.161544533775798],[107.01270653602212,-6.162442849059918],[107.01360485130624,-6.162442849059918],[107.01360485130624,-6.163341164344037],[107.01270653602212,-6.163341164344037],[107.01270653602212,-6.166036110196396],[107.01360485130624,-6.166036110196396],[107.01360485130624,-6.165137794912276],[107.01450316659036,-6.165137794912276],[107.01450316659036,-6.163341164344037],[107.0162997971586,-6.163341164344037],[107.0162997971586,-6.161544533775798],[107.01270653602212,-6.161544533775798]]]},"id":"+119129-6860","properties":{"cls":1,"count":12}},{"type":"Feature","geometry":{"geodesic":false,"type":"Polygon","coordinates":[[[107.0162997971586,-6.033085448146706],[107.01540148187448,-6.034882078714945],[107.01719811244271,-6.034882078714945],[107.01719811244271,-6.033085448146706],[107.0162997971586,-6.033085448146706]]]},"id":"+119130-6717","properties":{"cls":1,"count":3}},{"type":"Feature","geometry":{"geodesic":false,"type":"Polygon","coordinates":[[[107.0162997971586,-6.053746699681455],[107.01719811244271,-6.053746699681455],[107.01719811244271,-6.052848384397336],[107.0162997971586,-6.052848384397336],[107.0162997971586,-6.053746699681455]]]},"id":"+119130-6739","properties":{"cls":1,"count":1}},{"type":"Feature","geometry":{"geodesic":false,"type":"Polygon","coordinates":[[[107.0162997971586,-6.072611320647965],[107.01719811244271,-6.072611320647965],[107.01719811244271,-6.071713005363846],[107.0162997971586,-6.071713005363846],[107.0162997971586,-6.072611320647965]]]},"id":"+119130-6760","properties":{"cls":1,"count":1}},{"type":"Feature","geometry":{"geodesic":false,"type":"Polygon","coordinates":[[[107.0162997971586,-6.075306266500324],[107.01719811244271,-6.075306266500324],[107.01719811244271,-6.074407951216204],[107.0162997971586,-6.074407951216204],[107.0162997971586,-6.075306266500324]]]},"id":"+119130-6763","properties":{"cls":1,"count":1}},{"type":"Feature","geometry":{"geodesic":false,"type":"Polygon","coordinates":[[[107.0162997971586,-6.1157304542857025],[107.01719811244271,-6.1157304542857025],[107.01719811244271,-6.114832139001583],[107.0162997971586,-6.114832139001583],[107.0162997971586,-6.1157304542857025]]]},"id":"+119130-6808","properties":{"cls":1,"count":1}},{"type":"Feature","geometry":{"geodesic":false,"type":"Polygon","coordinates":[[[107.0162997971586,-6.119323715422181],[107.01719811244271,-6.119323715422181],[107.01719811244271,-6.118425400138062],[107.0162997971586,-6.118425400138062],[107.0162997971586,-6.119323715422181]]]},"id":"+119130-6812","properties":{"cls":1,"count":1}},{"type":"Feature","geometry":{"geodesic":false,"type":"Polygon","coordinates":[[[107.0162997971586,-6.161544533775798],[107.01719811244271,-6.161544533775798],[107.01719811244271,-6.160646218491679],[107.0162997971586,-6.160646218491679],[107.0162997971586,-6.161544533775798]]]},"id":"+119130-6859","properties":{"cls":1,"count":1}},{"type":"Feature","geometry":{"geodesic":false,"type":"Polygon","coordinates":[[[107.01719811244271,-6.032187132862587],[107.01809642772685,-6.032187132862587],[107.01809642772685,-6.031288817578468],[107.01719811244271,-6.031288817578468],[107.01719811244271,-6.032187132862587]]]},"id":"+119131-6715","properties":{"cls":1,"count":1}},{"type":"Feature","geometry":{"geodesic":false,"type":"Polygon","coordinates":[[[107.0162997971586,-6.04566186212438],[107.01809642772685,-6.04566186212438],[107.01809642772685,-6.044763546840261],[107.0162997971586,-6.044763546840261],[107.0162997971586,-6.04566186212438]]]},"id":"+119131-6730","properties":{"cls":1,"count":2}},{"type":"Feature","geometry":{"geodesic":false,"type":"Polygon","coordinates":[[[107.01719811244271,-6.054645014965575],[107.01809642772685,-6.054645014965575],[107.01809642772685,-6.053746699681455],[107.01719811244271,-6.053746699681455],[107.01719811244271,-6.054645014965575]]]},"id":"+119131-6740","properties":{"cls":1,"count":1}},{"type":"Feature","geometry":{"geodesic":false,"type":"Polygon","coordinates":[[[107.0162997971586,-6.070814690079726],[107.01809642772685,-6.070814690079726],[107.01809642772685,-6.069916374795607],[107.0162997971586,-6.069916374795607],[107.0162997971586,-6.070814690079726]]]},"id":"+119131-6758","properties":{"cls":1,"count":2}},{"type":"Feature","geometry":{"geodesic":false,"type":"Polygon","coordinates":[[[107.01719811244271,-6.074407951216204],[107.01809642772685,-6.074407951216204],[107.01809642772685,-6.073509635932085],[107.01719811244271,-6.073509635932085],[107.01719811244271,-6.074407951216204]]]},"id":"+119131-6762","properties":{"cls":1,"count":1}},{"type":"Feature","geometry":{"geodesic":false,"type":"Polygon","coordinates":[[[107.01719811244271,-6.101357409739791],[107.01809642772685,-6.101357409739791],[107.01809642772685,-6.100459094455671],[107.01719811244271,-6.100459094455671],[107.01719811244271,-6.101357409739791]]]},"id":"+119131-6792","properties":{"cls":1,"count":1}},{"type":"Feature","geometry":{"geodesic":false,"type":"Polygon","coordinates":[[[107.01719811244271,-6.118425400138062],[107.01809642772685,-6.118425400138062],[107.01809642772685,-6.117527084853942],[107.01719811244271,-6.117527084853942],[107.01719811244271,-6.118425400138062]]]},"id":"+119131-6811","properties":{"cls":1,"count":1}},{"type":"Feature","geometry":{"geodesic":false,"type":"Polygon","coordinates":[[[107.0162997971586,-6.148968119798125],[107.01809642772685,-6.148968119798125],[107.01809642772685,-6.148069804514005],[107.0162997971586,-6.148069804514005],[107.0162997971586,-6.148968119798125]]]},"id":"+119131-6845","properties":{"cls":1,"count":2}},{"type":"Feature","geometry":{"geodesic":false,"type":"Polygon","coordinates":[[[107.01719811244271,-6.1543580115028425],[107.01809642772685,-6.1543580115028425],[107.01809642772685,-6.1534596962187225],[107.01719811244271,-6.1534596962187225],[107.01719811244271,-6.1543580115028425]]]},"id":"+119131-6851","properties":{"cls":1,"count":1}},{"type":"Feature","geometry":{"geodesic":false,"type":"Polygon","coordinates":[[[107.01719811244271,-6.156154642071081],[107.01809642772685,-6.156154642071081],[107.01809642772685,-6.1552563267869616],[107.01719811244271,-6.1552563267869616],[107.01719811244271,-6.156154642071081]]]},"id":"+119131-6853","properties":{"cls":1,"count":1}},{"type":"Feature","geometry":{"geodesic":false,"type":"Polygon","coordinates":[[[107.01809642772685,-6.033983763430826],[107.01899474301096,-6.033983763430826],[107.01899474301096,-6.032187132862587],[107.01809642772685,-6.032187132862587],[107.01809642772685,-6.033983763430826]]]},"id":"+119132-6716","properties":{"cls":1,"count":2}},{"type":"Feature","geometry":{"geodesic":false,"type":"Polygon","coordinates":[[[107.01809642772685,-6.037577024567304],[107.01899474301096,-6.037577024567304],[107.01899474301096,-6.036678709283184],[107.01809642772685,-6.036678709283184],[107.01809642772685,-6.037577024567304]]]},"id":"+119132-6721","properties":{"cls":1,"count":1}},{"type":"Feature","geometry":{"geodesic":false,"type":"Polygon","coordinates":[[[107.01809642772685,-6.043865231556141],[107.01899474301096,-6.043865231556141],[107.01899474301096,-6.042966916272022],[107.01809642772685,-6.042966916272022],[107.01809642772685,-6.043865231556141]]]},"id":"+119132-6728","properties":{"cls":1,"count":1}},{"type":"Feature","geometry":{"geodesic":false,"type":"Polygon","coordinates":[[[107.01809642772685,-6.047458492692619],[107.01899474301096,-6.047458492692619],[107.01899474301096,-6.0465601774085],[107.01809642772685,-6.0465601774085],[107.01809642772685,-6.047458492692619]]]},"id":"+119132-6732","properties":{"cls":1,"count":1}},{"type":"Feature","geometry":{"geodesic":false,"type":"Polygon","coordinates":[[[107.01719811244271,-6.056441645533814],[107.01719811244271,-6.0573399608179335],[107.01540148187448,-6.056441645533814],[107.01540148187448,-6.0573399608179335],[107.01450316659036,-6.0573399608179335],[107.01450316659036,-6.0591365913861726],[107.01899474301096,-6.0591365913861726],[107.01809642772685,-6.060933221954412],[107.0162997971586,-6.0600349066702925],[107.0162997971586,-6.061831537238532],[107.01809642772685,-6.061831537238532],[107.01899474301096,-6.063628167806771],[107.01989305829508,-6.063628167806771],[107.01989305829508,-6.062729852522651],[107.02168968886332,-6.062729852522651],[107.01989305829508,-6.0600349066702925],[107.0207913735792,-6.0600349066702925],[107.0207913735792,-6.0591365913861726],[107.02258800414744,-6.0591365913861726],[107.02258800414744,-6.0582382761020535],[107.01899474301096,-6.0582382761020535],[107.01899474301096,-6.056441645533814],[107.01719811244271,-6.056441645533814]]]},"id":"+119132-6743","properties":{"cls":1,"count":32}},{"type":"Feature","geometry":{"geodesic":false,"type":"Polygon","coordinates":[[[107.01809642772685,-6.113933823717463],[107.01899474301096,-6.113933823717463],[107.01899474301096,-6.113035508433344],[107.01809642772685,-6.113035508433344],[107.01809642772685,-6.113933823717463]]]},"id":"+119132-6806","properties":{"cls":1,"count":1}},{"type":"Feature","geometry":{"geodesic":false,"type":"Polygon","coordinates":[[[107.0162997971586,-6.129205183547495],[107.01719811244271,-6.131001814115734],[107.01450316659036,-6.131001814115734],[107.01450316659036,-6.131900129399854],[107.01540148187448,-6.131900129399854],[107.01540148187448,-6.133696759968093],[107.01899474301096,-6.133696759968093],[107.01899474301096,-6.129205183547495],[107.0162997971586,-6.129205183547495]]]},"id":"+119132-6824","properties":{"cls":1,"count":18}},{"type":"Feature","geometry":{"geodesic":false,"type":"Polygon","coordinates":[[[107.01809642772685,-6.1534596962187225],[107.01899474301096,-6.1534596962187225],[107.01899474301096,-6.152561380934603],[107.01809642772685,-6.152561380934603],[107.01809642772685,-6.1534596962187225]]]},"id":"+119132-6850","properties":{"cls":1,"count":1}},{"type":"Feature","geometry":{"geodesic":false,"type":"Polygon","coordinates":[[[107.01809642772685,-6.244189539914794],[107.01899474301096,-6.244189539914794],[107.01899474301096,-6.243291224630675],[107.01809642772685,-6.243291224630675],[107.01809642772685,-6.244189539914794]]]},"id":"+119132-6951","properties":{"cls":1,"count":1}},{"type":"Feature","geometry":{"geodesic":false,"type":"Polygon","coordinates":[[[107.01809642772685,-6.040271970419663],[107.01809642772685,-6.042068600987902],[107.01899474301096,-6.042068600987902],[107.01899474301096,-6.042966916272022],[107.0207913735792,-6.042966916272022],[107.0207913735792,-6.043865231556141],[107.02258800414744,-6.042966916272022],[107.02258800414744,-6.042068600987902],[107.01989305829508,-6.042068600987902],[107.01989305829508,-6.040271970419663],[107.01809642772685,-6.040271970419663]]]},"id":"+119133-6725","properties":{"cls":1,"count":9}},{"type":"Feature","geometry":{"geodesic":false,"type":"Polygon","coordinates":[[[107.01809642772685,-6.068119744227368],[107.01809642772685,-6.069018059511487],[107.01899474301096,-6.069018059511487],[107.01899474301096,-6.070814690079726],[107.01989305829508,-6.070814690079726],[107.01989305829508,-6.071713005363846],[107.02168968886332,-6.071713005363846],[107.01989305829508,-6.068119744227368],[107.01809642772685,-6.068119744227368]]]},"id":"+119133-6756","properties":{"cls":1,"count":8}},{"type":"Feature","geometry":{"geodesic":false,"type":"Polygon","coordinates":[[[107.01899474301096,-6.099560779171552],[107.01989305829508,-6.099560779171552],[107.01989305829508,-6.098662463887432],[107.01899474301096,-6.098662463887432],[107.01899474301096,-6.099560779171552]]]},"id":"+119133-6790","properties":{"cls":1,"count":1}},{"type":"Feature","geometry":{"geodesic":false,"type":"Polygon","coordinates":[[[107.01899474301096,-6.129205183547495],[107.01989305829508,-6.129205183547495],[107.01989305829508,-6.128306868263376],[107.01899474301096,-6.128306868263376],[107.01899474301096,-6.129205183547495]]]},"id":"+119133-6823","properties":{"cls":1,"count":1}},{"type":"Feature","geometry":{"geodesic":false,"type":"Polygon","coordinates":[[[107.01899474301096,-6.13908665167281],[107.01989305829508,-6.13908665167281],[107.01989305829508,-6.137290021104572],[107.01899474301096,-6.137290021104572],[107.01899474301096,-6.13908665167281]]]},"id":"+119133-6833","properties":{"cls":1,"count":2}},{"type":"Feature","geometry":{"geodesic":false,"type":"Polygon","coordinates":[[[107.01899474301096,-6.149866435082244],[107.01989305829508,-6.149866435082244],[107.01989305829508,-6.148968119798125],[107.01899474301096,-6.148968119798125],[107.01899474301096,-6.149866435082244]]]},"id":"+119133-6846","properties":{"cls":1,"count":1}},{"type":"Feature","geometry":{"geodesic":false,"type":"Polygon","coordinates":[[[107.01899474301096,-6.169629371332874],[107.01989305829508,-6.169629371332874],[107.01989305829508,-6.168731056048754],[107.01899474301096,-6.168731056048754],[107.01899474301096,-6.169629371332874]]]},"id":"+119133-6868","properties":{"cls":1,"count":1}},{"type":"Feature","geometry":{"geodesic":false,"type":"Polygon","coordinates":[[[107.01989305829508,-6.044763546840261],[107.01989305829508,-6.0465601774085],[107.0207913735792,-6.0465601774085],[107.0207913735792,-6.047458492692619],[107.01899474301096,-6.047458492692619],[107.01899474301096,-6.048356807976739],[107.01809642772685,-6.048356807976739],[107.01809642772685,-6.050153438544977],[107.01719811244271,-6.050153438544977],[107.01719811244271,-6.047458492692619],[107.01450316659036,-6.049255123260858],[107.01450316659036,-6.050153438544977],[107.01809642772685,-6.051051753829097],[107.01809642772685,-6.053746699681455],[107.01989305829508,-6.053746699681455],[107.01899474301096,-6.051950069113216],[107.02168968886332,-6.050153438544977],[107.02168968886332,-6.049255123260858],[107.02258800414744,-6.049255123260858],[107.02258800414744,-6.050153438544977],[107.02438463471567,-6.050153438544977],[107.02438463471567,-6.049255123260858],[107.02528294999979,-6.049255123260858],[107.02528294999979,-6.048356807976739],[107.02258800414744,-6.048356807976739],[107.02258800414744,-6.04566186212438],[107.0207913735792,-6.04566186212438],[107.0207913735792,-6.044763546840261],[107.01989305829508,-6.044763546840261]]]},"id":"+119134-6730","properties":{"cls":1,"count":40}},{"type":"Feature","geometry":{"geodesic":false,"type":"Polygon","coordinates":[[[107.01989305829508,-6.055543330249694],[107.0207913735792,-6.055543330249694],[107.0207913735792,-6.054645014965575],[107.01989305829508,-6.054645014965575],[107.01989305829508,-6.055543330249694]]]},"id":"+119134-6741","properties":{"cls":1,"count":1}},{"type":"Feature","geometry":{"geodesic":false,"type":"Polygon","coordinates":[[[107.01450316659036,-6.086086049909759],[107.01360485130624,-6.086086049909759],[107.01360485130624,-6.087882680477997],[107.0207913735792,-6.087882680477997],[107.0207913735792,-6.086984365193878],[107.02168968886332,-6.086984365193878],[107.02168968886332,-6.086086049909759],[107.01989305829508,-6.086086049909759],[107.01989305829508,-6.0833911040574],[107.02168968886332,-6.082492788773281],[107.02168968886332,-6.081594473489161],[107.01989305829508,-6.081594473489161],[107.01989305829508,-6.082492788773281],[107.01899474301096,-6.082492788773281],[107.01719811244273,-6.079797842920922],[107.01989305829508,-6.079797842920922],[107.01989305829508,-6.080696158205042],[107.02168968886332,-6.080696158205042],[107.02258800414744,-6.082492788773281],[107.02528294999979,-6.082492788773281],[107.02438463471567,-6.080696158205042],[107.02797789585216,-6.080696158205042],[107.02797789585216,-6.079797842920922],[107.02618126528391,-6.079797842920922],[107.02618126528391,-6.0780012123526825],[107.02528294999979,-6.0780012123526825],[107.02528294999979,-6.077102897068563],[107.02348631943156,-6.077102897068563],[107.02438463471567,-6.0788995276368025],[107.02258800414744,-6.079797842920922],[107.02258800414744,-6.0780012123526825],[107.0207913735792,-6.077102897068563],[107.0207913735792,-6.0762045817844434],[107.01809642772685,-6.0762045817844434],[107.01809642772685,-6.0780012123526825],[107.01989305829508,-6.077102897068563],[107.01989305829508,-6.0788995276368025],[107.0162997971586,-6.0788995276368025],[107.0162997971586,-6.081594473489161],[107.01360485130624,-6.079797842920922],[107.01360485130624,-6.082492788773281],[107.01450316659036,-6.082492788773281],[107.01450316659036,-6.0833911040574],[107.0162997971586,-6.082492788773281],[107.0162997971586,-6.0833911040574],[107.01450316659036,-6.08428941934152],[107.01450316659036,-6.086086049909759]],[[107.01450316659036,-6.086086049909759],[107.01450316659036,-6.086984365193878],[107.0162997971586,-6.086984365193878],[107.01719811244273,-6.085187734625639],[107.01809642772685,-6.085187734625639],[107.01809642772685,-6.08428941934152],[107.0162997971586,-6.08428941934152],[107.0162997971586,-6.086086049909759],[107.01450316659036,-6.086086049909759]],[[107.01719811244273,-6.0833911040574],[107.01809642772685,-6.0833911040574],[107.01809642772685,-6.082492788773281],[107.01719811244273,-6.082492788773281],[107.01719811244273,-6.0833911040574]]]},"id":"+119134-6765","properties":{"cls":1,"count":86}},{"type":"Feature","geometry":{"geodesic":false,"type":"Polygon","coordinates":[[[107.01989305829508,-6.090577626330356],[107.0207913735792,-6.090577626330356],[107.0207913735792,-6.089679311046236],[107.01989305829508,-6.089679311046236],[107.01989305829508,-6.090577626330356]]]},"id":"+119134-6780","properties":{"cls":1,"count":1}},{"type":"Feature","geometry":{"geodesic":false,"type":"Polygon","coordinates":[[[107.01989305829508,-6.098662463887432],[107.0207913735792,-6.098662463887432],[107.0207913735792,-6.0968658333191925],[107.01989305829508,-6.0968658333191925],[107.01989305829508,-6.098662463887432]]]},"id":"+119134-6788","properties":{"cls":1,"count":2}},{"type":"Feature","geometry":{"geodesic":false,"type":"Polygon","coordinates":[[[107.01899474301096,-6.118425400138062],[107.01899474301096,-6.120222030706301],[107.01989305829508,-6.120222030706301],[107.01989305829508,-6.12112034599042],[107.02168968886332,-6.12112034599042],[107.02168968886332,-6.119323715422181],[107.0207913735792,-6.119323715422181],[107.0207913735792,-6.118425400138062],[107.01899474301096,-6.118425400138062]]]},"id":"+119134-6812","properties":{"cls":1,"count":7}},{"type":"Feature","geometry":{"geodesic":false,"type":"Polygon","coordinates":[[[107.01989305829508,-6.123815291842778],[107.0207913735792,-6.123815291842778],[107.0207913735792,-6.122916976558659],[107.01989305829508,-6.122916976558659],[107.01989305829508,-6.123815291842778]]]},"id":"+119134-6817","properties":{"cls":1,"count":1}},{"type":"Feature","geometry":{"geodesic":false,"type":"Polygon","coordinates":[[[107.01719811244271,-6.15884958792344],[107.01719811244271,-6.159747903207559],[107.0207913735792,-6.160646218491679],[107.0207913735792,-6.15884958792344],[107.01719811244271,-6.15884958792344]]]},"id":"+119134-6857","properties":{"cls":1,"count":6}},{"type":"Feature","geometry":{"geodesic":false,"type":"Polygon","coordinates":[[[107.0207913735792,-6.069018059511487],[107.02168968886332,-6.069018059511487],[107.02168968886332,-6.068119744227368],[107.0207913735792,-6.068119744227368],[107.0207913735792,-6.069018059511487]]]},"id":"+119135-6756","properties":{"cls":1,"count":1}},{"type":"Feature","geometry":{"geodesic":false,"type":"Polygon","coordinates":[[[107.0207913735792,-6.0762045817844434],[107.02168968886332,-6.0762045817844434],[107.02168968886332,-6.075306266500324],[107.0207913735792,-6.075306266500324],[107.0207913735792,-6.0762045817844434]]]},"id":"+119135-6764","properties":{"cls":1,"count":1}},{"type":"Feature","geometry":{"geodesic":false,"type":"Polygon","coordinates":[[[107.0207913735792,-6.08428941934152],[107.02168968886332,-6.08428941934152],[107.02168968886332,-6.0833911040574],[107.0207913735792,-6.0833911040574],[107.0207913735792,-6.08428941934152]]]},"id":"+119135-6773","properties":{"cls":1,"count":1}},{"type":"Feature","geometry":{"geodesic":false,"type":"Polygon","coordinates":[[[107.0207913735792,-6.088780995762117],[107.02168968886332,-6.088780995762117],[107.02168968886332,-6.087882680477997],[107.0207913735792,-6.087882680477997],[107.0207913735792,-6.088780995762117]]]},"id":"+119135-6778","properties":{"cls":1,"count":1}},{"type":"Feature","geometry":{"geodesic":false,"type":"Polygon","coordinates":[[[107.0207913735792,-6.0968658333191925],[107.02168968886332,-6.0968658333191925],[107.02168968886332,-6.095069202750953],[107.0207913735792,-6.095069202750953],[107.0207913735792,-6.0968658333191925]]]},"id":"+119135-6786","properties":{"cls":1,"count":2}},{"type":"Feature","geometry":{"geodesic":false,"type":"Polygon","coordinates":[[[107.01989305829508,-6.099560779171552],[107.01989305829508,-6.10225572502391],[107.02258800414744,-6.10225572502391],[107.02258800414744,-6.101357409739791],[107.02168968886332,-6.101357409739791],[107.02168968886332,-6.099560779171552],[107.01989305829508,-6.099560779171552]]]},"id":"+119135-6791","properties":{"cls":1,"count":7}},{"type":"Feature","geometry":{"geodesic":false,"type":"Polygon","coordinates":[[[107.0207913735792,-6.137290021104572],[107.02168968886332,-6.137290021104572],[107.02168968886332,-6.136391705820452],[107.0207913735792,-6.136391705820452],[107.0207913735792,-6.137290021104572]]]},"id":"+119135-6832","properties":{"cls":1,"count":1}},{"type":"Feature","geometry":{"geodesic":false,"type":"Polygon","coordinates":[[[107.01989305829508,-6.150764750366364],[107.02168968886332,-6.150764750366364],[107.02168968886332,-6.149866435082244],[107.01989305829508,-6.149866435082244],[107.01989305829508,-6.150764750366364]]]},"id":"+119135-6847","properties":{"cls":1,"count":2}},{"type":"Feature","geometry":{"geodesic":false,"type":"Polygon","coordinates":[[[107.0207913735792,-6.152561380934603],[107.02168968886332,-6.152561380934603],[107.02168968886332,-6.151663065650483],[107.0207913735792,-6.151663065650483],[107.0207913735792,-6.152561380934603]]]},"id":"+119135-6849","properties":{"cls":1,"count":1}},{"type":"Feature","geometry":{"geodesic":false,"type":"Polygon","coordinates":[[[107.0207913735792,-6.262155845597185],[107.02168968886332,-6.262155845597185],[107.02168968886332,-6.261257530313065],[107.0207913735792,-6.261257530313065],[107.0207913735792,-6.262155845597185]]]},"id":"+119135-6971","properties":{"cls":1,"count":1}},{"type":"Feature","geometry":{"geodesic":false,"type":"Polygon","coordinates":[[[107.02168968886332,-6.040271970419663],[107.02258800414744,-6.040271970419663],[107.02258800414744,-6.0393736551355435],[107.02168968886332,-6.0393736551355435],[107.02168968886332,-6.040271970419663]]]},"id":"+119136-6724","properties":{"cls":1,"count":1}},{"type":"Feature","geometry":{"geodesic":false,"type":"Polygon","coordinates":[[[107.02168968886332,-6.070814690079726],[107.02258800414744,-6.070814690079726],[107.02258800414744,-6.069916374795607],[107.02168968886332,-6.069916374795607],[107.02168968886332,-6.070814690079726]]]},"id":"+119136-6758","properties":{"cls":1,"count":1}},{"type":"Feature","geometry":{"geodesic":false,"type":"Polygon","coordinates":[[[107.02168968886332,-6.074407951216204],[107.02258800414744,-6.074407951216204],[107.02258800414744,-6.073509635932085],[107.02168968886332,-6.073509635932085],[107.02168968886332,-6.074407951216204]]]},"id":"+119136-6762","properties":{"cls":1,"count":1}},{"type":"Feature","geometry":{"geodesic":false,"type":"Polygon","coordinates":[[[107.02168968886332,-6.090577626330356],[107.02168968886332,-6.092374256898595],[107.02348631943156,-6.092374256898595],[107.02258800414744,-6.090577626330356],[107.02168968886332,-6.090577626330356]]]},"id":"+119136-6781","properties":{"cls":1,"count":3}},{"type":"Feature","geometry":{"geodesic":false,"type":"Polygon","coordinates":[[[107.02168968886332,-6.122916976558659],[107.02258800414744,-6.122916976558659],[107.02258800414744,-6.122018661274539],[107.02168968886332,-6.122018661274539],[107.02168968886332,-6.122916976558659]]]},"id":"+119136-6816","properties":{"cls":1,"count":1}},{"type":"Feature","geometry":{"geodesic":false,"type":"Polygon","coordinates":[[[107.0207913735792,-6.141781597525169],[107.0207913735792,-6.144476543377527],[107.01899474301096,-6.145374858661647],[107.01899474301096,-6.148069804514005],[107.01989305829508,-6.148069804514005],[107.01989305829508,-6.147171489229886],[107.02168968886332,-6.147171489229886],[107.02168968886332,-6.144476543377527],[107.02348631943156,-6.143578228093408],[107.02258800414744,-6.141781597525169],[107.0207913735792,-6.141781597525169]]]},"id":"+119136-6838","properties":{"cls":1,"count":16}},{"type":"Feature","geometry":{"geodesic":false,"type":"Polygon","coordinates":[[[107.0207913735792,-6.033085448146706],[107.01899474301096,-6.036678709283184],[107.0207913735792,-6.036678709283184],[107.0207913735792,-6.035780393999065],[107.02168968886332,-6.035780393999065],[107.0207913735792,-6.037577024567304],[107.02258800414744,-6.037577024567304],[107.02258800414744,-6.036678709283184],[107.02528294999979,-6.036678709283184],[107.02528294999979,-6.035780393999065],[107.02618126528391,-6.035780393999065],[107.02618126528391,-6.034882078714945],[107.02348631943156,-6.034882078714945],[107.02348631943156,-6.033085448146706],[107.0207913735792,-6.033085448146706]]]},"id":"+119137-6717","properties":{"cls":1,"count":22}},{"type":"Feature","geometry":{"geodesic":false,"type":"Polygon","coordinates":[[[107.02258800414744,-6.04566186212438],[107.02348631943156,-6.04566186212438],[107.02348631943156,-6.043865231556141],[107.02258800414744,-6.043865231556141],[107.02258800414744,-6.04566186212438]]]},"id":"+119137-6729","properties":{"cls":1,"count":2}},{"type":"Feature","geometry":{"geodesic":false,"type":"Polygon","coordinates":[[[107.02168968886332,-6.093272572182714],[107.02168968886332,-6.094170887466834],[107.02258800414744,-6.094170887466834],[107.02258800414744,-6.095967518035073],[107.02348631943156,-6.095967518035073],[107.02438463471567,-6.094170887466834],[107.02348631943156,-6.094170887466834],[107.02348631943156,-6.093272572182714],[107.02168968886332,-6.093272572182714]]]},"id":"+119137-6784","properties":{"cls":1,"count":5}},{"type":"Feature","geometry":{"geodesic":false,"type":"Polygon","coordinates":[[[107.02258800414744,-6.118425400138062],[107.02348631943156,-6.118425400138062],[107.02348631943156,-6.117527084853942],[107.02258800414744,-6.117527084853942],[107.02258800414744,-6.118425400138062]]]},"id":"+119137-6811","properties":{"cls":1,"count":1}},{"type":"Feature","geometry":{"geodesic":false,"type":"Polygon","coordinates":[[[107.02258800414744,-6.122018661274539],[107.02348631943156,-6.122018661274539],[107.02348631943156,-6.12112034599042],[107.02258800414744,-6.12112034599042],[107.02258800414744,-6.122018661274539]]]},"id":"+119137-6815","properties":{"cls":1,"count":1}},{"type":"Feature","geometry":{"geodesic":false,"type":"Polygon","coordinates":[[[107.02168968886332,-6.150764750366364],[107.02258800414744,-6.152561380934603],[107.02438463471567,-6.152561380934603],[107.02348631943156,-6.150764750366364],[107.02168968886332,-6.150764750366364]]]},"id":"+119137-6848","properties":{"cls":1,"count":4}},{"type":"Feature","geometry":{"geodesic":false,"type":"Polygon","coordinates":[[[107.02168968886332,-6.030390502294348],[107.02168968886332,-6.031288817578468],[107.02348631943156,-6.031288817578468],[107.02348631943156,-6.033085448146706],[107.02438463471567,-6.033085448146706],[107.02438463471567,-6.032187132862587],[107.02528294999979,-6.032187132862587],[107.02528294999979,-6.033085448146706],[107.02707958056803,-6.033085448146706],[107.02707958056803,-6.032187132862587],[107.02797789585216,-6.032187132862587],[107.02797789585216,-6.031288817578468],[107.02168968886332,-6.030390502294348]]]},"id":"+119138-6714","properties":{"cls":1,"count":11}},{"type":"Feature","geometry":{"geodesic":false,"type":"Polygon","coordinates":[[[107.02348631943156,-6.040271970419663],[107.02438463471567,-6.040271970419663],[107.02438463471567,-6.037577024567304],[107.02348631943156,-6.037577024567304],[107.02348631943156,-6.040271970419663]]]},"id":"+119138-6722","properties":{"cls":1,"count":3}},{"type":"Feature","geometry":{"geodesic":false,"type":"Polygon","coordinates":[[[107.02348631943156,-6.13998496695693],[107.02438463471567,-6.13998496695693],[107.02438463471567,-6.13908665167281],[107.02348631943156,-6.13908665167281],[107.02348631943156,-6.13998496695693]]]},"id":"+119138-6835","properties":{"cls":1,"count":1}},{"type":"Feature","geometry":{"geodesic":false,"type":"Polygon","coordinates":[[[107.02348631943156,-6.142679912809288],[107.02438463471567,-6.142679912809288],[107.02438463471567,-6.141781597525169],[107.02348631943156,-6.141781597525169],[107.02348631943156,-6.142679912809288]]]},"id":"+119138-6838","properties":{"cls":1,"count":1}},{"type":"Feature","geometry":{"geodesic":false,"type":"Polygon","coordinates":[[[107.02438463471567,-6.033983763430826],[107.02528294999979,-6.033983763430826],[107.02528294999979,-6.033085448146706],[107.02438463471567,-6.033085448146706],[107.02438463471567,-6.033983763430826]]]},"id":"+119139-6717","properties":{"cls":1,"count":1}},{"type":"Feature","geometry":{"geodesic":false,"type":"Polygon","coordinates":[[[107.02438463471567,-6.0465601774085],[107.02528294999979,-6.0465601774085],[107.02528294999979,-6.04566186212438],[107.02438463471567,-6.04566186212438],[107.02438463471567,-6.0465601774085]]]},"id":"+119139-6731","properties":{"cls":1,"count":1}},{"type":"Feature","geometry":{"geodesic":false,"type":"Polygon","coordinates":[[[107.02438463471567,-6.073509635932085],[107.02528294999979,-6.073509635932085],[107.02528294999979,-6.072611320647965],[107.02438463471567,-6.072611320647965],[107.02438463471567,-6.073509635932085]]]},"id":"+119139-6761","properties":{"cls":1,"count":1}},{"type":"Feature","geometry":{"geodesic":false,"type":"Polygon","coordinates":[[[107.02438463471567,-6.074407951216204],[107.02438463471567,-6.0762045817844434],[107.02618126528391,-6.0762045817844434],[107.02528294999979,-6.074407951216204],[107.02438463471567,-6.074407951216204]]]},"id":"+119139-6763","properties":{"cls":1,"count":3}},{"type":"Feature","geometry":{"geodesic":false,"type":"Polygon","coordinates":[[[107.02438463471567,-6.087882680477997],[107.02528294999979,-6.087882680477997],[107.02528294999979,-6.086984365193878],[107.02438463471567,-6.086984365193878],[107.02438463471567,-6.087882680477997]]]},"id":"+119139-6777","properties":{"cls":1,"count":1}},{"type":"Feature","geometry":{"geodesic":false,"type":"Polygon","coordinates":[[[107.02438463471567,-6.112137193149224],[107.02528294999979,-6.112137193149224],[107.02528294999979,-6.111238877865105],[107.02438463471567,-6.111238877865105],[107.02438463471567,-6.112137193149224]]]},"id":"+119139-6804","properties":{"cls":1,"count":1}},{"type":"Feature","geometry":{"geodesic":false,"type":"Polygon","coordinates":[[[107.02438463471567,-6.151663065650483],[107.02528294999979,-6.151663065650483],[107.02528294999979,-6.150764750366364],[107.02438463471567,-6.150764750366364],[107.02438463471567,-6.151663065650483]]]},"id":"+119139-6848","properties":{"cls":1,"count":1}},{"type":"Feature","geometry":{"geodesic":false,"type":"Polygon","coordinates":[[[107.02438463471567,-6.263952476165423],[107.02528294999979,-6.263952476165423],[107.02528294999979,-6.263054160881304],[107.02438463471567,-6.263054160881304],[107.02438463471567,-6.263952476165423]]]},"id":"+119139-6973","properties":{"cls":1,"count":1}},{"type":"Feature","geometry":{"geodesic":false,"type":"Polygon","coordinates":[[[107.02528294999979,-6.104052355592149],[107.02618126528391,-6.104052355592149],[107.02618126528391,-6.103154040308029],[107.02528294999979,-6.103154040308029],[107.02528294999979,-6.104052355592149]]]},"id":"+119140-6795","properties":{"cls":1,"count":1}},{"type":"Feature","geometry":{"geodesic":false,"type":"Polygon","coordinates":[[[107.02348631943156,-6.122916976558659],[107.02348631943156,-6.123815291842778],[107.02258800414744,-6.123815291842778],[107.02258800414744,-6.124713607126898],[107.02348631943156,-6.124713607126898],[107.02348631943156,-6.126510237695137],[107.02168968886332,-6.127408552979256],[107.02168968886332,-6.126510237695137],[107.0207913735792,-6.126510237695137],[107.0207913735792,-6.128306868263376],[107.02168968886332,-6.128306868263376],[107.02168968886332,-6.129205183547495],[107.01989305829508,-6.129205183547495],[107.01989305829508,-6.130103498831615],[107.0207913735792,-6.130103498831615],[107.0207913735792,-6.131900129399854],[107.02168968886332,-6.131900129399854],[107.02258800414744,-6.133696759968093],[107.02348631943156,-6.133696759968093],[107.02348631943156,-6.131001814115734],[107.02258800414744,-6.131001814115734],[107.02258800414744,-6.129205183547495],[107.02438463471567,-6.129205183547495],[107.02438463471567,-6.128306868263376],[107.02528294999979,-6.128306868263376],[107.02528294999979,-6.127408552979256],[107.02438463471567,-6.127408552979256],[107.02438463471567,-6.123815291842778],[107.02528294999979,-6.123815291842778],[107.02528294999979,-6.125611922411017],[107.02707958056803,-6.126510237695137],[107.02707958056803,-6.123815291842778],[107.02618126528391,-6.123815291842778],[107.02618126528391,-6.122916976558659],[107.02348631943156,-6.122916976558659]]]},"id":"+119140-6817","properties":{"cls":1,"count":34}},{"type":"Feature","geometry":{"geodesic":false,"type":"Polygon","coordinates":[[[107.02528294999979,-6.1345950752522125],[107.02618126528391,-6.1345950752522125],[107.02618126528391,-6.133696759968093],[107.02528294999979,-6.133696759968093],[107.02528294999979,-6.1345950752522125]]]},"id":"+119140-6829","properties":{"cls":1,"count":1}},{"type":"Feature","geometry":{"geodesic":false,"type":"Polygon","coordinates":[[[107.02618126528391,-6.049255123260858],[107.02707958056803,-6.049255123260858],[107.02707958056803,-6.048356807976739],[107.02618126528391,-6.048356807976739],[107.02618126528391,-6.049255123260858]]]},"id":"+119141-6734","properties":{"cls":1,"count":1}},{"type":"Feature","geometry":{"geodesic":false,"type":"Polygon","coordinates":[[[107.02618126528391,-6.070814690079726],[107.02707958056803,-6.070814690079726],[107.02707958056803,-6.069916374795607],[107.02618126528391,-6.069916374795607],[107.02618126528391,-6.070814690079726]]]},"id":"+119141-6758","properties":{"cls":1,"count":1}},{"type":"Feature","geometry":{"geodesic":false,"type":"Polygon","coordinates":[[[107.02618126528391,-6.075306266500324],[107.02707958056803,-6.075306266500324],[107.02707958056803,-6.074407951216204],[107.02618126528391,-6.074407951216204],[107.02618126528391,-6.075306266500324]]]},"id":"+119141-6763","properties":{"cls":1,"count":1}},{"type":"Feature","geometry":{"geodesic":false,"type":"Polygon","coordinates":[[[107.02528294999979,-6.041170285703783],[107.02797789585216,-6.041170285703783],[107.02797789585216,-6.0393736551355435],[107.02528294999979,-6.0393736551355435],[107.02528294999979,-6.041170285703783]]]},"id":"+119142-6724","properties":{"cls":1,"count":6}},{"type":"Feature","geometry":{"geodesic":false,"type":"Polygon","coordinates":[[[107.02707958056803,-6.062729852522651],[107.02797789585216,-6.062729852522651],[107.02797789585216,-6.061831537238532],[107.02707958056803,-6.061831537238532],[107.02707958056803,-6.062729852522651]]]},"id":"+119142-6749","properties":{"cls":1,"count":1}},{"type":"Feature","geometry":{"geodesic":false,"type":"Polygon","coordinates":[[[107.02707958056803,-6.0788995276368025],[107.02797789585216,-6.0788995276368025],[107.02797789585216,-6.0780012123526825],[107.02707958056803,-6.0780012123526825],[107.02707958056803,-6.0788995276368025]]]},"id":"+119142-6767","properties":{"cls":1,"count":1}},{"type":"Feature","geometry":{"geodesic":false,"type":"Polygon","coordinates":[[[107.02707958056803,-6.087882680477997],[107.02797789585216,-6.087882680477997],[107.02797789585216,-6.086984365193878],[107.02707958056803,-6.086984365193878],[107.02707958056803,-6.087882680477997]]]},"id":"+119142-6777","properties":{"cls":1,"count":1}},{"type":"Feature","geometry":{"geodesic":false,"type":"Polygon","coordinates":[[[107.02707958056803,-6.094170887466834],[107.02797789585216,-6.094170887466834],[107.02797789585216,-6.093272572182714],[107.02707958056803,-6.093272572182714],[107.02707958056803,-6.094170887466834]]]},"id":"+119142-6784","properties":{"cls":1,"count":1}},{"type":"Feature","geometry":{"geodesic":false,"type":"Polygon","coordinates":[[[107.02707958056803,-6.122018661274539],[107.02797789585216,-6.122018661274539],[107.02797789585216,-6.12112034599042],[107.02707958056803,-6.12112034599042],[107.02707958056803,-6.122018661274539]]]},"id":"+119142-6815","properties":{"cls":1,"count":1}},{"type":"Feature","geometry":{"geodesic":false,"type":"Polygon","coordinates":[[[107.02707958056803,-6.264850791449543],[107.02797789585216,-6.264850791449543],[107.02797789585216,-6.263952476165423],[107.02707958056803,-6.263952476165423],[107.02707958056803,-6.264850791449543]]]},"id":"+119142-6974","properties":{"cls":1,"count":1}},{"type":"Feature","geometry":{"geodesic":false,"type":"Polygon","coordinates":[[[107.02797789585216,-6.033085448146706],[107.02887621113628,-6.033085448146706],[107.02887621113628,-6.032187132862587],[107.02797789585216,-6.032187132862587],[107.02797789585216,-6.033085448146706]]]},"id":"+119143-6716","properties":{"cls":1,"count":1}},{"type":"Feature","geometry":{"geodesic":false,"type":"Polygon","coordinates":[[[107.02797789585216,-6.077102897068563],[107.02887621113628,-6.077102897068563],[107.02887621113628,-6.0762045817844434],[107.02797789585216,-6.0762045817844434],[107.02797789585216,-6.077102897068563]]]},"id":"+119143-6765","properties":{"cls":1,"count":1}},{"type":"Feature","geometry":{"geodesic":false,"type":"Polygon","coordinates":[[[107.02797789585216,-6.086984365193878],[107.02887621113628,-6.086984365193878],[107.02887621113628,-6.086086049909758],[107.02797789585216,-6.086086049909758],[107.02797789585216,-6.086984365193878]]]},"id":"+119143-6776","properties":{"cls":1,"count":1}},{"type":"Feature","geometry":{"geodesic":false,"type":"Polygon","coordinates":[[[107.02528294999979,-6.112137193149224],[107.02528294999979,-6.113035508433344],[107.02438463471567,-6.113035508433344],[107.02528294999979,-6.114832139001583],[107.02348631943156,-6.113933823717463],[107.02348631943156,-6.114832139001583],[107.02258800414744,-6.114832139001583],[107.02258800414744,-6.1166287695698225],[107.02438463471567,-6.1166287695698225],[107.02438463471567,-6.117527084853942],[107.02618126528391,-6.117527084853942],[107.02618126528391,-6.118425400138062],[107.02707958056803,-6.118425400138062],[107.02707958056803,-6.117527084853942],[107.0297745264204,-6.117527084853942],[107.0297745264204,-6.1166287695698225],[107.03157115698863,-6.1166287695698225],[107.03157115698863,-6.117527084853942],[107.03246947227275,-6.117527084853942],[107.03246947227275,-6.1166287695698225],[107.03336778755687,-6.1166287695698225],[107.03336778755687,-6.1157304542857025],[107.03067284170452,-6.1157304542857025],[107.03067284170452,-6.114832139001583],[107.02797789585216,-6.114832139001583],[107.02797789585216,-6.113035508433344],[107.02887621113628,-6.113035508433344],[107.02887621113628,-6.112137193149224],[107.02528294999979,-6.112137193149224]]]},"id":"+119143-6805","properties":{"cls":1,"count":41}},{"type":"Feature","geometry":{"geodesic":false,"type":"Polygon","coordinates":[[[107.02887621113628,-6.033085448146706],[107.02887621113628,-6.033983763430826],[107.02528294999979,-6.036678709283184],[107.02528294999979,-6.0384753398514235],[107.02797789585216,-6.0384753398514235],[107.02797789585216,-6.036678709283184],[107.0297745264204,-6.036678709283184],[107.0297745264204,-6.034882078714945],[107.03067284170452,-6.034882078714945],[107.03067284170452,-6.033983763430826],[107.02887621113628,-6.033085448146706]]]},"id":"+119144-6717","properties":{"cls":1,"count":17}},{"type":"Feature","geometry":{"geodesic":false,"type":"Polygon","coordinates":[[[107.02797789585216,-6.085187734625639],[107.0297745264204,-6.085187734625639],[107.0297745264204,-6.0833911040574],[107.02797789585216,-6.0833911040574],[107.02797789585216,-6.085187734625639]]]},"id":"+119144-6773","properties":{"cls":1,"count":4}},{"type":"Feature","geometry":{"geodesic":false,"type":"Polygon","coordinates":[[[107.02797789585216,-6.090577626330356],[107.02797789585216,-6.093272572182714],[107.0297745264204,-6.093272572182714],[107.02887621113628,-6.091475941614475],[107.0297745264204,-6.091475941614475],[107.0297745264204,-6.090577626330356],[107.02797789585216,-6.090577626330356]]]},"id":"+119144-6781","properties":{"cls":1,"count":5}},{"type":"Feature","geometry":{"geodesic":false,"type":"Polygon","coordinates":[[[107.0297745264204,-6.042068600987902],[107.03067284170452,-6.042068600987902],[107.03067284170452,-6.040271970419663],[107.0297745264204,-6.040271970419663],[107.0297745264204,-6.042068600987902]]]},"id":"+119145-6725","properties":{"cls":1,"count":2}},{"type":"Feature","geometry":{"geodesic":false,"type":"Polygon","coordinates":[[[107.03336778755687,-6.066323113659129],[107.03426610284099,-6.066323113659129],[107.03426610284099,-6.06452648309089],[107.0351644181251,-6.06452648309089],[107.0351644181251,-6.066323113659129],[107.03696104869336,-6.066323113659129],[107.03696104869336,-6.06542479837501],[107.03785936397747,-6.06542479837501],[107.03785936397747,-6.063628167806771],[107.03606273340922,-6.063628167806771],[107.0351644181251,-6.061831537238532],[107.03157115698863,-6.061831537238532],[107.03157115698863,-6.062729852522651],[107.03067284170452,-6.062729852522651],[107.03067284170452,-6.0600349066702925],[107.0297745264204,-6.0600349066702925],[107.0297745264204,-6.0591365913861726],[107.03067284170452,-6.0591365913861726],[107.03067284170452,-6.056441645533814],[107.02707958056804,-6.056441645533814],[107.02707958056804,-6.055543330249694],[107.0297745264204,-6.055543330249694],[107.0297745264204,-6.054645014965575],[107.02797789585216,-6.054645014965575],[107.02707958056804,-6.052848384397336],[107.03067284170452,-6.052848384397336],[107.03067284170452,-6.050153438544978],[107.02707958056804,-6.050153438544978],[107.02707958056804,-6.051051753829097],[107.02528294999979,-6.051051753829097],[107.02528294999979,-6.050153438544978],[107.02438463471567,-6.050153438544978],[107.02438463471567,-6.053746699681455],[107.02168968886332,-6.053746699681455],[107.02168968886332,-6.054645014965575],[107.02258800414744,-6.054645014965575],[107.02258800414744,-6.056441645533814],[107.0207913735792,-6.055543330249694],[107.0207913735792,-6.0573399608179335],[107.02258800414744,-6.0573399608179335],[107.02258800414744,-6.0582382761020535],[107.02438463471567,-6.0582382761020535],[107.02438463471567,-6.0591365913861726],[107.02707958056804,-6.0591365913861726],[107.02707958056804,-6.0600349066702925],[107.02528294999979,-6.0600349066702925],[107.02528294999979,-6.060933221954412],[107.02438463471567,-6.060933221954412],[107.02438463471567,-6.0600349066702925],[107.02258800414744,-6.0600349066702925],[107.02258800414744,-6.060933221954412],[107.02168968886332,-6.060933221954412],[107.02258800414744,-6.062729852522651],[107.02168968886332,-6.062729852522651],[107.02168968886332,-6.063628167806771],[107.01989305829508,-6.063628167806771],[107.01989305829508,-6.06542479837501],[107.0207913735792,-6.06542479837501],[107.0207913735792,-6.066323113659129],[107.02258800414744,-6.066323113659129],[107.02258800414744,-6.067221428943249],[107.02348631943156,-6.067221428943249],[107.02348631943156,-6.066323113659129],[107.02528294999979,-6.066323113659129],[107.02528294999979,-6.067221428943249],[107.02797789585216,-6.069018059511487],[107.02797789585216,-6.070814690079726],[107.02707958056804,-6.070814690079726],[107.02707958056804,-6.071713005363846],[107.02887621113628,-6.072611320647965],[107.02887621113628,-6.071713005363846],[107.0297745264204,-6.071713005363846],[107.0297745264204,-6.069916374795607],[107.0351644181251,-6.069916374795607],[107.03426610284099,-6.068119744227368],[107.0351644181251,-6.068119744227368],[107.0351644181251,-6.067221428943249],[107.03336778755687,-6.067221428943249],[107.03336778755687,-6.066323113659129]],[[107.02707958056804,-6.0600349066702925],[107.02707958056804,-6.060933221954412],[107.02618126528391,-6.060933221954412],[107.02618126528391,-6.062729852522651],[107.02528294999979,-6.062729852522651],[107.02618126528391,-6.06452648309089],[107.02797789585216,-6.06452648309089],[107.02797789585216,-6.062729852522651],[107.02887621113628,-6.062729852522651],[107.02887621113628,-6.061831537238532],[107.02797789585216,-6.061831537238532],[107.02797789585216,-6.0600349066702925],[107.02887621113628,-6.0600349066702925],[107.02887621113628,-6.0591365913861726],[107.02707958056804,-6.0600349066702925]],[[107.03336778755687,-6.066323113659129],[107.03336778755687,-6.06542479837501],[107.03067284170452,-6.06542479837501],[107.03157115698863,-6.063628167806771],[107.0297745264204,-6.063628167806771],[107.02887621113628,-6.067221428943249],[107.03336778755687,-6.066323113659129]],[[107.02348631943156,-6.0573399608179335],[107.02528294999979,-6.056441645533814],[107.02528294999979,-6.055543330249694],[107.02438463471567,-6.055543330249694],[107.02348631943156,-6.0573399608179335]],[[107.02887621113628,-6.051950069113216],[107.0297745264204,-6.051950069113216],[107.0297745264204,-6.051051753829097],[107.02887621113628,-6.051051753829097],[107.02887621113628,-6.051950069113216]]]},"id":"+119145-6736","properties":{"cls":1,"count":192}},{"type":"Feature","geometry":{"geodesic":false,"type":"Polygon","coordinates":[[[107.0297745264204,-6.073509635932085],[107.03067284170452,-6.073509635932085],[107.03067284170452,-6.072611320647965],[107.0297745264204,-6.072611320647965],[107.0297745264204,-6.073509635932085]]]},"id":"+119145-6761","properties":{"cls":1,"count":1}},{"type":"Feature","geometry":{"geodesic":false,"type":"Polygon","coordinates":[[[107.02887621113628,-6.080696158205042],[107.0297745264204,-6.082492788773281],[107.03157115698863,-6.082492788773281],[107.03067284170452,-6.080696158205042],[107.02887621113628,-6.080696158205042]]]},"id":"+119145-6770","properties":{"cls":1,"count":4}},{"type":"Feature","geometry":{"geodesic":false,"type":"Polygon","coordinates":[[[107.02797789585216,-6.087882680477997],[107.02797789585216,-6.088780995762117],[107.02707958056803,-6.088780995762117],[107.02707958056803,-6.090577626330356],[107.0297745264204,-6.088780995762117],[107.0297745264204,-6.089679311046236],[107.03157115698863,-6.090577626330356],[107.03157115698863,-6.092374256898595],[107.03246947227275,-6.092374256898595],[107.03246947227275,-6.090577626330356],[107.03426610284099,-6.091475941614475],[107.0351644181251,-6.089679311046236],[107.03606273340922,-6.089679311046236],[107.03606273340922,-6.088780995762117],[107.03067284170452,-6.088780995762117],[107.03067284170452,-6.087882680477997],[107.02797789585216,-6.087882680477997]]]},"id":"+119145-6778","properties":{"cls":1,"count":21}},{"type":"Feature","geometry":{"geodesic":false,"type":"Polygon","coordinates":[[[107.0297745264204,-6.123815291842778],[107.03067284170452,-6.123815291842778],[107.03067284170452,-6.122916976558659],[107.0297745264204,-6.122916976558659],[107.0297745264204,-6.123815291842778]]]},"id":"+119145-6817","properties":{"cls":1,"count":1}},{"type":"Feature","geometry":{"geodesic":false,"type":"Polygon","coordinates":[[[107.02797789585216,-6.1534596962187225],[107.03067284170452,-6.1534596962187225],[107.03067284170452,-6.152561380934603],[107.02797789585216,-6.152561380934603],[107.02797789585216,-6.1534596962187225]]]},"id":"+119145-6850","properties":{"cls":1,"count":3}},{"type":"Feature","geometry":{"geodesic":false,"type":"Polygon","coordinates":[[[107.0297745264204,-6.258562584460707],[107.03067284170452,-6.258562584460707],[107.03067284170452,-6.257664269176587],[107.0297745264204,-6.257664269176587],[107.0297745264204,-6.258562584460707]]]},"id":"+119145-6967","properties":{"cls":1,"count":1}},{"type":"Feature","geometry":{"geodesic":false,"type":"Polygon","coordinates":[[[107.03067284170452,-6.033983763430826],[107.03157115698863,-6.033983763430826],[107.03157115698863,-6.033085448146706],[107.03067284170452,-6.033085448146706],[107.03067284170452,-6.033983763430826]]]},"id":"+119146-6717","properties":{"cls":1,"count":1}},{"type":"Feature","geometry":{"geodesic":false,"type":"Polygon","coordinates":[[[107.03067284170452,-6.0384753398514235],[107.03157115698863,-6.0384753398514235],[107.03157115698863,-6.036678709283184],[107.03067284170452,-6.036678709283184],[107.03067284170452,-6.0384753398514235]]]},"id":"+119146-6721","properties":{"cls":1,"count":2}},{"type":"Feature","geometry":{"geodesic":false,"type":"Polygon","coordinates":[[[107.0297745264204,-6.048356807976739],[107.0297745264204,-6.049255123260858],[107.03157115698863,-6.050153438544977],[107.03157115698863,-6.048356807976739],[107.0297745264204,-6.048356807976739]]]},"id":"+119146-6734","properties":{"cls":1,"count":3}},{"type":"Feature","geometry":{"geodesic":false,"type":"Polygon","coordinates":[[[107.0297745264204,-6.053746699681455],[107.03067284170452,-6.055543330249694],[107.03246947227275,-6.055543330249694],[107.03157115698863,-6.053746699681455],[107.0297745264204,-6.053746699681455]]]},"id":"+119146-6740","properties":{"cls":1,"count":4}},{"type":"Feature","geometry":{"geodesic":false,"type":"Polygon","coordinates":[[[107.03067284170452,-6.080696158205042],[107.03157115698863,-6.080696158205042],[107.03157115698863,-6.079797842920922],[107.03067284170452,-6.079797842920922],[107.03067284170452,-6.080696158205042]]]},"id":"+119146-6769","properties":{"cls":1,"count":1}},{"type":"Feature","geometry":{"geodesic":false,"type":"Polygon","coordinates":[[[107.0297745264204,-6.112137193149224],[107.0297745264204,-6.113035508433344],[107.03067284170452,-6.113035508433344],[107.03067284170452,-6.114832139001583],[107.03157115698863,-6.114832139001583],[107.03157115698863,-6.112137193149224],[107.0297745264204,-6.112137193149224]]]},"id":"+119146-6805","properties":{"cls":1,"count":4}},{"type":"Feature","geometry":{"geodesic":false,"type":"Polygon","coordinates":[[[107.03157115698863,-6.034882078714945],[107.03246947227275,-6.034882078714945],[107.03246947227275,-6.033983763430826],[107.03157115698863,-6.033983763430826],[107.03157115698863,-6.034882078714945]]]},"id":"+119147-6718","properties":{"cls":1,"count":1}},{"type":"Feature","geometry":{"geodesic":false,"type":"Polygon","coordinates":[[[107.03157115698863,-6.036678709283184],[107.03246947227275,-6.036678709283184],[107.03246947227275,-6.035780393999065],[107.03157115698863,-6.035780393999065],[107.03157115698863,-6.036678709283184]]]},"id":"+119147-6720","properties":{"cls":1,"count":1}},{"type":"Feature","geometry":{"geodesic":false,"type":"Polygon","coordinates":[[[107.03157115698863,-6.0465601774085],[107.03157115698863,-6.048356807976739],[107.03246947227275,-6.048356807976739],[107.03246947227275,-6.049255123260858],[107.03426610284099,-6.049255123260858],[107.03246947227275,-6.0465601774085],[107.03157115698863,-6.0465601774085]]]},"id":"+119147-6732","properties":{"cls":1,"count":5}},{"type":"Feature","geometry":{"geodesic":false,"type":"Polygon","coordinates":[[[107.03157115698863,-6.060933221954412],[107.03246947227275,-6.060933221954412],[107.03246947227275,-6.0591365913861726],[107.03157115698863,-6.0591365913861726],[107.03157115698863,-6.060933221954412]]]},"id":"+119147-6746","properties":{"cls":1,"count":2}},{"type":"Feature","geometry":{"geodesic":false,"type":"Polygon","coordinates":[[[107.03157115698863,-6.104052355592149],[107.03246947227275,-6.104052355592149],[107.03246947227275,-6.103154040308029],[107.03157115698863,-6.103154040308029],[107.03157115698863,-6.104052355592149]]]},"id":"+119147-6795","properties":{"cls":1,"count":1}},{"type":"Feature","geometry":{"geodesic":false,"type":"Polygon","coordinates":[[[107.03067284170452,-6.3259362307696705],[107.03246947227275,-6.3259362307696705],[107.03246947227275,-6.325037915485551],[107.03067284170452,-6.325037915485551],[107.03067284170452,-6.3259362307696705]]]},"id":"+119147-7042","properties":{"cls":1,"count":2}},{"type":"Feature","geometry":{"geodesic":false,"type":"Polygon","coordinates":[[[107.03246947227275,-6.042966916272022],[107.03336778755687,-6.042966916272022],[107.03336778755687,-6.042068600987902],[107.03246947227275,-6.042068600987902],[107.03246947227275,-6.042966916272022]]]},"id":"+119148-6727","properties":{"cls":1,"count":1}},{"type":"Feature","geometry":{"geodesic":false,"type":"Polygon","coordinates":[[[107.03246947227275,-6.04566186212438],[107.03336778755687,-6.04566186212438],[107.03336778755687,-6.044763546840261],[107.03246947227275,-6.044763546840261],[107.03246947227275,-6.04566186212438]]]},"id":"+119148-6730","properties":{"cls":1,"count":1}},{"type":"Feature","geometry":{"geodesic":false,"type":"Polygon","coordinates":[[[107.03157115698863,-6.051051753829097],[107.03336778755687,-6.051051753829097],[107.03336778755687,-6.050153438544977],[107.03157115698863,-6.050153438544977],[107.03157115698863,-6.051051753829097]]]},"id":"+119148-6736","properties":{"cls":1,"count":2}},{"type":"Feature","geometry":{"geodesic":false,"type":"Polygon","coordinates":[[[107.03246947227275,-6.053746699681455],[107.03336778755687,-6.053746699681455],[107.03336778755687,-6.052848384397336],[107.03246947227275,-6.052848384397336],[107.03246947227275,-6.053746699681455]]]},"id":"+119148-6739","properties":{"cls":1,"count":1}},{"type":"Feature","geometry":{"geodesic":false,"type":"Polygon","coordinates":[[[107.03246947227275,-6.055543330249694],[107.03336778755687,-6.0591365913861726],[107.03606273340922,-6.060933221954412],[107.0351644181251,-6.056441645533814],[107.03336778755687,-6.056441645533814],[107.03336778755687,-6.055543330249694],[107.03246947227275,-6.055543330249694]]]},"id":"+119148-6742","properties":{"cls":1,"count":12}},{"type":"Feature","geometry":{"geodesic":false,"type":"Polygon","coordinates":[[[107.03246947227275,-6.082492788773281],[107.03336778755687,-6.082492788773281],[107.03336778755687,-6.081594473489161],[107.03246947227275,-6.081594473489161],[107.03246947227275,-6.082492788773281]]]},"id":"+119148-6771","properties":{"cls":1,"count":1}},{"type":"Feature","geometry":{"geodesic":false,"type":"Polygon","coordinates":[[[107.03246947227275,-6.087882680477997],[107.03336778755687,-6.087882680477997],[107.03336778755687,-6.086984365193878],[107.03246947227275,-6.086984365193878],[107.03246947227275,-6.087882680477997]]]},"id":"+119148-6777","properties":{"cls":1,"count":1}},{"type":"Feature","geometry":{"geodesic":false,"type":"Polygon","coordinates":[[[107.03246947227275,-6.092374256898595],[107.03246947227275,-6.093272572182714],[107.03067284170452,-6.094170887466834],[107.03246947227275,-6.0968658333191925],[107.03067284170452,-6.095967518035073],[107.03067284170452,-6.099560779171552],[107.02797789585216,-6.099560779171552],[107.02797789585216,-6.101357409739791],[107.02707958056803,-6.101357409739791],[107.02707958056803,-6.104950670876268],[107.02887621113628,-6.104950670876268],[107.02887621113628,-6.103154040308029],[107.02797789585216,-6.103154040308029],[107.02797789585216,-6.10225572502391],[107.02887621113628,-6.10225572502391],[107.02887621113628,-6.100459094455671],[107.03246947227275,-6.100459094455671],[107.03246947227275,-6.099560779171552],[107.03336778755687,-6.099560779171552],[107.03336778755687,-6.0977641486033125],[107.03426610284099,-6.0977641486033125],[107.03426610284099,-6.098662463887432],[107.03606273340922,-6.098662463887432],[107.0351644181251,-6.0968658333191925],[107.03785936397747,-6.0968658333191925],[107.0387576792616,-6.101357409739791],[107.04324925568218,-6.101357409739791],[107.04324925568218,-6.100459094455671],[107.04145262511395,-6.100459094455671],[107.04145262511395,-6.098662463887432],[107.04055430982983,-6.098662463887432],[107.04055430982983,-6.0977641486033125],[107.0387576792616,-6.0977641486033125],[107.0387576792616,-6.095069202750953],[107.03785936397747,-6.095069202750953],[107.03785936397747,-6.094170887466834],[107.03606273340922,-6.094170887466834],[107.03606273340922,-6.095069202750953],[107.03426610284099,-6.095069202750953],[107.03426610284099,-6.095967518035073],[107.03336778755687,-6.095967518035073],[107.03246947227275,-6.094170887466834],[107.03426610284099,-6.094170887466834],[107.03426610284099,-6.093272572182714],[107.03246947227275,-6.092374256898595]]]},"id":"+119148-6783","properties":{"cls":1,"count":64}},{"type":"Feature","geometry":{"geodesic":false,"type":"Polygon","coordinates":[[[107.03246947227275,-6.105848986160388],[107.03336778755687,-6.105848986160388],[107.03336778755687,-6.104950670876268],[107.03246947227275,-6.104950670876268],[107.03246947227275,-6.105848986160388]]]},"id":"+119148-6797","properties":{"cls":1,"count":1}},{"type":"Feature","geometry":{"geodesic":false,"type":"Polygon","coordinates":[[[107.03246947227275,-6.033085448146706],[107.03246947227275,-6.033983763430826],[107.03336778755687,-6.033983763430826],[107.03336778755687,-6.037577024567304],[107.0351644181251,-6.037577024567304],[107.0351644181251,-6.033983763430826],[107.03426610284099,-6.033983763430826],[107.03426610284099,-6.033085448146706],[107.03246947227275,-6.033085448146706]]]},"id":"+119149-6717","properties":{"cls":1,"count":10}},{"type":"Feature","geometry":{"geodesic":false,"type":"Polygon","coordinates":[[[107.03336778755687,-6.060933221954412],[107.03426610284099,-6.060933221954412],[107.03426610284099,-6.0600349066702925],[107.03336778755687,-6.0600349066702925],[107.03336778755687,-6.060933221954412]]]},"id":"+119149-6747","properties":{"cls":1,"count":1}},{"type":"Feature","geometry":{"geodesic":false,"type":"Polygon","coordinates":[[[107.03157115698863,-6.072611320647965],[107.03426610284099,-6.072611320647965],[107.03426610284099,-6.071713005363846],[107.03157115698863,-6.071713005363846],[107.03157115698863,-6.072611320647965]]]},"id":"+119149-6760","properties":{"cls":1,"count":3}},{"type":"Feature","geometry":{"geodesic":false,"type":"Polygon","coordinates":[[[107.03336778755687,-6.104052355592149],[107.03426610284099,-6.104052355592149],[107.03426610284099,-6.10225572502391],[107.03336778755687,-6.10225572502391],[107.03336778755687,-6.104052355592149]]]},"id":"+119149-6794","properties":{"cls":1,"count":2}},{"type":"Feature","geometry":{"geodesic":false,"type":"Polygon","coordinates":[[[107.03246947227275,-6.131900129399854],[107.03246947227275,-6.132798444683973],[107.03067284170452,-6.132798444683973],[107.03067284170452,-6.1345950752522125],[107.0297745264204,-6.1345950752522125],[107.0297745264204,-6.138188336388691],[107.02707958056803,-6.138188336388691],[107.02707958056803,-6.13908665167281],[107.03067284170452,-6.13998496695693],[107.03157115698863,-6.138188336388691],[107.03067284170452,-6.138188336388691],[107.03067284170452,-6.136391705820452],[107.03426610284099,-6.1354933905363325],[107.03426610284099,-6.131900129399854],[107.03246947227275,-6.131900129399854]]]},"id":"+119149-6827","properties":{"cls":1,"count":27}},{"type":"Feature","geometry":{"geodesic":false,"type":"Polygon","coordinates":[[[107.0297745264204,-6.142679912809288],[107.0297745264204,-6.143578228093408],[107.03067284170452,-6.143578228093408],[107.03067284170452,-6.144476543377527],[107.03246947227275,-6.144476543377527],[107.03246947227275,-6.145374858661647],[107.03426610284099,-6.144476543377527],[107.03426610284099,-6.142679912809288],[107.0297745264204,-6.142679912809288]]]},"id":"+119149-6839","properties":{"cls":1,"count":10}},{"type":"Feature","geometry":{"geodesic":false,"type":"Polygon","coordinates":[[[107.03336778755687,-6.15795127263932],[107.03426610284099,-6.15795127263932],[107.03426610284099,-6.157052957355201],[107.03336778755687,-6.157052957355201],[107.03336778755687,-6.15795127263932]]]},"id":"+119149-6855","properties":{"cls":1,"count":1}},{"type":"Feature","geometry":{"geodesic":false,"type":"Polygon","coordinates":[[[107.03426610284099,-6.044763546840261],[107.0351644181251,-6.044763546840261],[107.0351644181251,-6.043865231556141],[107.03426610284099,-6.043865231556141],[107.03426610284099,-6.044763546840261]]]},"id":"+119150-6729","properties":{"cls":1,"count":1}},{"type":"Feature","geometry":{"geodesic":false,"type":"Polygon","coordinates":[[[107.03426610284099,-6.08428941934152],[107.0351644181251,-6.08428941934152],[107.0351644181251,-6.0833911040574],[107.03426610284099,-6.0833911040574],[107.03426610284099,-6.08428941934152]]]},"id":"+119150-6773","properties":{"cls":1,"count":1}},{"type":"Feature","geometry":{"geodesic":false,"type":"Polygon","coordinates":[[[107.03426610284099,-6.131001814115734],[107.0351644181251,-6.131001814115734],[107.0351644181251,-6.130103498831615],[107.03426610284099,-6.130103498831615],[107.03426610284099,-6.131001814115734]]]},"id":"+119150-6825","properties":{"cls":1,"count":1}},{"type":"Feature","geometry":{"geodesic":false,"type":"Polygon","coordinates":[[[107.03426610284099,-6.145374858661647],[107.03426610284099,-6.146273173945766],[107.03336778755687,-6.146273173945766],[107.03336778755687,-6.148069804514005],[107.03426610284099,-6.148069804514005],[107.03426610284099,-6.147171489229886],[107.03606273340922,-6.147171489229886],[107.0351644181251,-6.145374858661647],[107.03426610284099,-6.145374858661647]]]},"id":"+119150-6842","properties":{"cls":1,"count":5}},{"type":"Feature","geometry":{"geodesic":false,"type":"Polygon","coordinates":[[[107.03336778755687,-6.150764750366364],[107.03336778755687,-6.151663065650483],[107.03067284170452,-6.151663065650483],[107.03067284170452,-6.152561380934603],[107.0351644181251,-6.152561380934603],[107.0351644181251,-6.150764750366364],[107.03336778755687,-6.150764750366364]]]},"id":"+119150-6848","properties":{"cls":1,"count":7}},{"type":"Feature","geometry":{"geodesic":false,"type":"Polygon","coordinates":[[[107.03426610284099,-6.260359215028946],[107.0351644181251,-6.260359215028946],[107.0351644181251,-6.259460899744826],[107.03426610284099,-6.259460899744826],[107.03426610284099,-6.260359215028946]]]},"id":"+119150-6969","properties":{"cls":1,"count":1}},{"type":"Feature","geometry":{"geodesic":false,"type":"Polygon","coordinates":[[[107.03336778755687,-6.312461501507878],[107.03336778755687,-6.314258132076117],[107.03606273340922,-6.314258132076117],[107.0351644181251,-6.312461501507878],[107.03336778755687,-6.312461501507878]]]},"id":"+119150-7028","properties":{"cls":1,"count":5}},{"type":"Feature","geometry":{"geodesic":false,"type":"Polygon","coordinates":[[[107.0351644181251,-6.04566186212438],[107.03606273340922,-6.04566186212438],[107.03606273340922,-6.044763546840261],[107.0351644181251,-6.044763546840261],[107.0351644181251,-6.04566186212438]]]},"id":"+119151-6730","properties":{"cls":1,"count":1}},{"type":"Feature","geometry":{"geodesic":false,"type":"Polygon","coordinates":[[[107.0351644181251,-6.191188938151742],[107.03606273340922,-6.191188938151742],[107.03606273340922,-6.189392307583503],[107.0351644181251,-6.189392307583503],[107.0351644181251,-6.191188938151742]]]},"id":"+119151-6891","properties":{"cls":1,"count":2}},{"type":"Feature","geometry":{"geodesic":false,"type":"Polygon","coordinates":[[[107.0351644181251,-6.258562584460707],[107.03606273340922,-6.258562584460707],[107.03606273340922,-6.256765953892468],[107.0351644181251,-6.256765953892468],[107.0351644181251,-6.258562584460707]]]},"id":"+119151-6966","properties":{"cls":1,"count":2}},{"type":"Feature","geometry":{"geodesic":false,"type":"Polygon","coordinates":[[[107.0351644181251,-6.261257530313065],[107.03606273340922,-6.261257530313065],[107.03606273340922,-6.260359215028946],[107.0351644181251,-6.260359215028946],[107.0351644181251,-6.261257530313065]]]},"id":"+119151-6970","properties":{"cls":1,"count":1}},{"type":"Feature","geometry":{"geodesic":false,"type":"Polygon","coordinates":[[[107.03606273340922,-6.041170285703783],[107.0351644181251,-6.042966916272022],[107.03696104869336,-6.042966916272022],[107.03696104869336,-6.041170285703783],[107.03606273340922,-6.041170285703783]]]},"id":"+119152-6726","properties":{"cls":1,"count":3}},{"type":"Feature","geometry":{"geodesic":false,"type":"Polygon","coordinates":[[[107.03606273340922,-6.0780012123526825],[107.03696104869336,-6.0780012123526825],[107.03696104869336,-6.077102897068563],[107.03606273340922,-6.077102897068563],[107.03606273340922,-6.0780012123526825]]]},"id":"+119152-6766","properties":{"cls":1,"count":1}},{"type":"Feature","geometry":{"geodesic":false,"type":"Polygon","coordinates":[[[107.03606273340922,-6.086086049909758],[107.03696104869336,-6.086086049909758],[107.03696104869336,-6.085187734625639],[107.03606273340922,-6.085187734625639],[107.03606273340922,-6.086086049909758]]]},"id":"+119152-6775","properties":{"cls":1,"count":1}},{"type":"Feature","geometry":{"geodesic":false,"type":"Polygon","coordinates":[[[107.03606273340922,-6.101357409739791],[107.03696104869336,-6.101357409739791],[107.03696104869336,-6.100459094455671],[107.03606273340922,-6.100459094455671],[107.03606273340922,-6.101357409739791]]]},"id":"+119152-6792","properties":{"cls":1,"count":1}},{"type":"Feature","geometry":{"geodesic":false,"type":"Polygon","coordinates":[[[107.03606273340922,-6.131001814115734],[107.03606273340922,-6.132798444683973],[107.03785936397747,-6.132798444683973],[107.03696104869336,-6.131001814115734],[107.03606273340922,-6.131001814115734]]]},"id":"+119152-6826","properties":{"cls":1,"count":3}},{"type":"Feature","geometry":{"geodesic":false,"type":"Polygon","coordinates":[[[107.03606273340922,-6.325037915485551],[107.03696104869336,-6.325037915485551],[107.03696104869336,-6.323241284917312],[107.03606273340922,-6.323241284917312],[107.03606273340922,-6.325037915485551]]]},"id":"+119152-7040","properties":{"cls":1,"count":2}},{"type":"Feature","geometry":{"geodesic":false,"type":"Polygon","coordinates":[[[107.03336778755687,-6.030390502294348],[107.03336778755687,-6.031288817578468],[107.0351644181251,-6.031288817578468],[107.0351644181251,-6.033983763430826],[107.03696104869336,-6.033085448146706],[107.03606273340922,-6.031288817578468],[107.03785936397747,-6.032187132862587],[107.03785936397747,-6.030390502294348],[107.03336778755687,-6.030390502294348]]]},"id":"+119153-6714","properties":{"cls":1,"count":10}},{"type":"Feature","geometry":{"geodesic":false,"type":"Polygon","coordinates":[[[107.03696104869336,-6.033983763430826],[107.03785936397747,-6.033983763430826],[107.03785936397747,-6.033085448146706],[107.03696104869336,-6.033085448146706],[107.03696104869336,-6.033983763430826]]]},"id":"+119153-6717","properties":{"cls":1,"count":1}},{"type":"Feature","geometry":{"geodesic":false,"type":"Polygon","coordinates":[[[107.03606273340922,-6.04566186212438],[107.03606273340922,-6.0465601774085],[107.03426610284099,-6.04566186212438],[107.03426610284099,-6.047458492692619],[107.03785936397747,-6.047458492692619],[107.03785936397747,-6.04566186212438],[107.03606273340922,-6.04566186212438]]]},"id":"+119153-6731","properties":{"cls":1,"count":7}},{"type":"Feature","geometry":{"geodesic":false,"type":"Polygon","coordinates":[[[107.03696104869336,-6.071713005363846],[107.03785936397747,-6.071713005363846],[107.03785936397747,-6.070814690079726],[107.03696104869336,-6.070814690079726],[107.03696104869336,-6.071713005363846]]]},"id":"+119153-6759","properties":{"cls":1,"count":1}},{"type":"Feature","geometry":{"geodesic":false,"type":"Polygon","coordinates":[[[107.03696104869336,-6.086984365193878],[107.03785936397747,-6.086984365193878],[107.03785936397747,-6.086086049909758],[107.03696104869336,-6.086086049909758],[107.03696104869336,-6.086984365193878]]]},"id":"+119153-6776","properties":{"cls":1,"count":1}},{"type":"Feature","geometry":{"geodesic":false,"type":"Polygon","coordinates":[[[107.0351644181251,-6.090577626330356],[107.0351644181251,-6.093272572182714],[107.03696104869336,-6.093272572182714],[107.03696104869336,-6.092374256898595],[107.03785936397747,-6.092374256898595],[107.03785936397747,-6.090577626330356],[107.0351644181251,-6.090577626330356]]]},"id":"+119153-6781","properties":{"cls":1,"count":8}},{"type":"Feature","geometry":{"geodesic":false,"type":"Polygon","coordinates":[[[107.0351644181251,-6.113035508433344],[107.03426610284099,-6.114832139001583],[107.03696104869336,-6.114832139001583],[107.03696104869336,-6.1157304542857025],[107.03785936397747,-6.1157304542857025],[107.03785936397747,-6.113035508433344],[107.0351644181251,-6.113035508433344]]]},"id":"+119153-6806","properties":{"cls":1,"count":8}},{"type":"Feature","geometry":{"geodesic":false,"type":"Polygon","coordinates":[[[107.03696104869336,-6.118425400138062],[107.03785936397747,-6.118425400138062],[107.03785936397747,-6.117527084853942],[107.03696104869336,-6.117527084853942],[107.03696104869336,-6.118425400138062]]]},"id":"+119153-6811","properties":{"cls":1,"count":1}},{"type":"Feature","geometry":{"geodesic":false,"type":"Polygon","coordinates":[[[107.03696104869336,-6.130103498831615],[107.03785936397747,-6.130103498831615],[107.03785936397747,-6.129205183547495],[107.03696104869336,-6.129205183547495],[107.03696104869336,-6.130103498831615]]]},"id":"+119153-6824","properties":{"cls":1,"count":1}},{"type":"Feature","geometry":{"geodesic":false,"type":"Polygon","coordinates":[[[107.03606273340922,-6.133696759968093],[107.03606273340922,-6.1354933905363325],[107.03696104869336,-6.1354933905363325],[107.03785936397747,-6.133696759968093],[107.03606273340922,-6.133696759968093]]]},"id":"+119153-6829","properties":{"cls":1,"count":3}},{"type":"Feature","geometry":{"geodesic":false,"type":"Polygon","coordinates":[[[107.03606273340922,-6.144476543377527],[107.03785936397747,-6.144476543377527],[107.03785936397747,-6.142679912809288],[107.03606273340922,-6.142679912809288],[107.03606273340922,-6.144476543377527]]]},"id":"+119153-6839","properties":{"cls":1,"count":4}},{"type":"Feature","geometry":{"geodesic":false,"type":"Polygon","coordinates":[[[107.03606273340922,-6.23340975650536],[107.03785936397747,-6.23340975650536],[107.03785936397747,-6.2307148106530015],[107.03606273340922,-6.2307148106530015],[107.03606273340922,-6.23340975650536]]]},"id":"+119153-6937","properties":{"cls":1,"count":6}},{"type":"Feature","geometry":{"geodesic":false,"type":"Polygon","coordinates":[[[107.03606273340922,-6.260359215028946],[107.03785936397747,-6.260359215028946],[107.03785936397747,-6.258562584460707],[107.03606273340922,-6.258562584460707],[107.03606273340922,-6.260359215028946]]]},"id":"+119153-6968","properties":{"cls":1,"count":4}},{"type":"Feature","geometry":{"geodesic":false,"type":"Polygon","coordinates":[[[107.03696104869336,-6.268444052586021],[107.03785936397747,-6.268444052586021],[107.03785936397747,-6.2675457373019015],[107.03696104869336,-6.2675457373019015],[107.03696104869336,-6.268444052586021]]]},"id":"+119153-6978","properties":{"cls":1,"count":1}},{"type":"Feature","geometry":{"geodesic":false,"type":"Polygon","coordinates":[[[107.03785936397747,-6.034882078714945],[107.0387576792616,-6.034882078714945],[107.0387576792616,-6.033983763430826],[107.03785936397747,-6.033983763430826],[107.03785936397747,-6.034882078714945]]]},"id":"+119154-6718","properties":{"cls":1,"count":1}},{"type":"Feature","geometry":{"geodesic":false,"type":"Polygon","coordinates":[[[107.03785936397747,-6.042068600987902],[107.0387576792616,-6.042068600987902],[107.0387576792616,-6.041170285703783],[107.03785936397747,-6.041170285703783],[107.03785936397747,-6.042068600987902]]]},"id":"+119154-6726","properties":{"cls":1,"count":1}},{"type":"Feature","geometry":{"geodesic":false,"type":"Polygon","coordinates":[[[107.03785936397747,-6.062729852522651],[107.0387576792616,-6.062729852522651],[107.0387576792616,-6.060933221954412],[107.03785936397747,-6.060933221954412],[107.03785936397747,-6.062729852522651]]]},"id":"+119154-6748","properties":{"cls":1,"count":2}},{"type":"Feature","geometry":{"geodesic":false,"type":"Polygon","coordinates":[[[107.03606273340922,-6.067221428943249],[107.0351644181251,-6.069018059511487],[107.0387576792616,-6.068119744227368],[107.0387576792616,-6.067221428943249],[107.03606273340922,-6.067221428943249]]]},"id":"+119154-6755","properties":{"cls":1,"count":5}},{"type":"Feature","geometry":{"geodesic":false,"type":"Polygon","coordinates":[[[107.03785936397747,-6.072611320647965],[107.0387576792616,-6.072611320647965],[107.0387576792616,-6.071713005363846],[107.03785936397747,-6.071713005363846],[107.03785936397747,-6.072611320647965]]]},"id":"+119154-6760","properties":{"cls":1,"count":1}},{"type":"Feature","geometry":{"geodesic":false,"type":"Polygon","coordinates":[[[107.03785936397747,-6.088780995762117],[107.0387576792616,-6.088780995762117],[107.0387576792616,-6.087882680477997],[107.03785936397747,-6.087882680477997],[107.03785936397747,-6.088780995762117]]]},"id":"+119154-6778","properties":{"cls":1,"count":1}},{"type":"Feature","geometry":{"geodesic":false,"type":"Polygon","coordinates":[[[107.03696104869336,-6.13908665167281],[107.0387576792616,-6.13908665167281],[107.0387576792616,-6.137290021104572],[107.03696104869336,-6.137290021104572],[107.03696104869336,-6.13908665167281]]]},"id":"+119154-6833","properties":{"cls":1,"count":4}},{"type":"Feature","geometry":{"geodesic":false,"type":"Polygon","coordinates":[[[107.03785936397747,-6.291800249973129],[107.0387576792616,-6.291800249973129],[107.0387576792616,-6.29090193468901],[107.03785936397747,-6.29090193468901],[107.03785936397747,-6.291800249973129]]]},"id":"+119154-7004","properties":{"cls":1,"count":1}},{"type":"Feature","geometry":{"geodesic":false,"type":"Polygon","coordinates":[[[107.0387576792616,-6.072611320647965],[107.0387576792616,-6.073509635932085],[107.03785936397747,-6.073509635932085],[107.03785936397747,-6.072611320647965],[107.0351644181251,-6.072611320647965],[107.0351644181251,-6.074407951216204],[107.03606273340922,-6.074407951216204],[107.03606273340922,-6.075306266500324],[107.03785936397747,-6.074407951216204],[107.03785936397747,-6.0762045817844434],[107.0387576792616,-6.0762045817844434],[107.0387576792616,-6.077102897068563],[107.03785936397747,-6.077102897068563],[107.03785936397747,-6.080696158205042],[107.03696104869336,-6.080696158205042],[107.03606273340922,-6.082492788773281],[107.03785936397747,-6.082492788773281],[107.03785936397747,-6.0833911040574],[107.03965599454571,-6.08428941934152],[107.03965599454571,-6.086086049909758],[107.04145262511395,-6.086086049909758],[107.04145262511395,-6.087882680477997],[107.04235094039807,-6.087882680477997],[107.04235094039807,-6.086984365193878],[107.04324925568218,-6.086984365193878],[107.04324925568218,-6.085187734625639],[107.04145262511395,-6.085187734625639],[107.04145262511395,-6.082492788773281],[107.0441475709663,-6.082492788773281],[107.0441475709663,-6.080696158205042],[107.04055430982983,-6.080696158205042],[107.04055430982983,-6.0780012123526825],[107.03965599454571,-6.0780012123526825],[107.03965599454571,-6.077102897068563],[107.04055430982983,-6.077102897068563],[107.04055430982983,-6.075306266500324],[107.03965599454571,-6.075306266500324],[107.03965599454571,-6.074407951216204],[107.04055430982983,-6.074407951216204],[107.04055430982983,-6.073509635932085],[107.0387576792616,-6.072611320647965]]]},"id":"+119155-6761","properties":{"cls":1,"count":62}},{"type":"Feature","geometry":{"geodesic":false,"type":"Polygon","coordinates":[[[107.0387576792616,-6.094170887466834],[107.03965599454571,-6.094170887466834],[107.03965599454571,-6.093272572182714],[107.0387576792616,-6.093272572182714],[107.0387576792616,-6.094170887466834]]]},"id":"+119155-6784","properties":{"cls":1,"count":1}},{"type":"Feature","geometry":{"geodesic":false,"type":"Polygon","coordinates":[[[107.03965599454571,-6.061831537238532],[107.04055430982983,-6.061831537238532],[107.04055430982983,-6.060933221954412],[107.03965599454571,-6.060933221954412],[107.03965599454571,-6.061831537238532]]]},"id":"+119156-6748","properties":{"cls":1,"count":1}},{"type":"Feature","geometry":{"geodesic":false,"type":"Polygon","coordinates":[[[107.0387576792616,-6.088780995762117],[107.0387576792616,-6.089679311046236],[107.04055430982983,-6.090577626330356],[107.04055430982983,-6.088780995762117],[107.0387576792616,-6.088780995762117]]]},"id":"+119156-6779","properties":{"cls":1,"count":3}},{"type":"Feature","geometry":{"geodesic":false,"type":"Polygon","coordinates":[[[107.0387576792616,-6.1345950752522125],[107.0387576792616,-6.1354933905363325],[107.04055430982983,-6.136391705820452],[107.04055430982983,-6.1345950752522125],[107.0387576792616,-6.1345950752522125]]]},"id":"+119156-6830","properties":{"cls":1,"count":3}},{"type":"Feature","geometry":{"geodesic":false,"type":"Polygon","coordinates":[[[107.03965599454571,-6.070814690079726],[107.04145262511395,-6.070814690079726],[107.04145262511395,-6.069916374795607],[107.03965599454571,-6.069916374795607],[107.03965599454571,-6.070814690079726]]]},"id":"+119157-6758","properties":{"cls":1,"count":2}},{"type":"Feature","geometry":{"geodesic":false,"type":"Polygon","coordinates":[[[107.04055430982983,-6.091475941614475],[107.04145262511395,-6.091475941614475],[107.04145262511395,-6.090577626330356],[107.04055430982983,-6.090577626330356],[107.04055430982983,-6.091475941614475]]]},"id":"+119157-6781","properties":{"cls":1,"count":1}},{"type":"Feature","geometry":{"geodesic":false,"type":"Polygon","coordinates":[[[107.04055430982983,-6.104052355592149],[107.04145262511395,-6.104052355592149],[107.04145262511395,-6.10225572502391],[107.04055430982983,-6.10225572502391],[107.04055430982983,-6.104052355592149]]]},"id":"+119157-6794","properties":{"cls":1,"count":2}},{"type":"Feature","geometry":{"geodesic":false,"type":"Polygon","coordinates":[[[107.04055430982983,-6.128306868263376],[107.04145262511395,-6.128306868263376],[107.04145262511395,-6.127408552979256],[107.04055430982983,-6.127408552979256],[107.04055430982983,-6.128306868263376]]]},"id":"+119157-6822","properties":{"cls":1,"count":1}},{"type":"Feature","geometry":{"geodesic":false,"type":"Polygon","coordinates":[[[107.03965599454571,-6.13908665167281],[107.03965599454571,-6.140883282241049],[107.04145262511395,-6.141781597525169],[107.04145262511395,-6.13908665167281],[107.03965599454571,-6.13908665167281]]]},"id":"+119157-6835","properties":{"cls":1,"count":5}},{"type":"Feature","geometry":{"geodesic":false,"type":"Polygon","coordinates":[[[107.03965599454571,-6.063628167806771],[107.03965599454571,-6.06452648309089],[107.04145262511395,-6.06452648309089],[107.04145262511395,-6.068119744227368],[107.04324925568218,-6.068119744227368],[107.04324925568218,-6.067221428943249],[107.0441475709663,-6.067221428943249],[107.0441475709663,-6.069018059511487],[107.04504588625042,-6.069018059511487],[107.04504588625042,-6.069916374795607],[107.04684251681867,-6.069018059511487],[107.04684251681867,-6.075306266500324],[107.04863914738691,-6.075306266500324],[107.04863914738691,-6.074407951216204],[107.04953746267103,-6.074407951216204],[107.04953746267103,-6.072611320647965],[107.04863914738691,-6.072611320647965],[107.04863914738691,-6.071713005363846],[107.05043577795514,-6.072611320647965],[107.05043577795514,-6.066323113659129],[107.04953746267103,-6.066323113659129],[107.04953746267103,-6.06542479837501],[107.04774083210279,-6.06542479837501],[107.04774083210279,-6.067221428943249],[107.04594420153454,-6.067221428943249],[107.04504588625042,-6.06542479837501],[107.04324925568218,-6.06542479837501],[107.04324925568218,-6.066323113659129],[107.04235094039807,-6.066323113659129],[107.04235094039807,-6.063628167806771],[107.03965599454571,-6.063628167806771]]]},"id":"+119158-6751","properties":{"cls":1,"count":57}},{"type":"Feature","geometry":{"geodesic":false,"type":"Polygon","coordinates":[[[107.04055430982983,-6.0780012123526825],[107.04235094039807,-6.0780012123526825],[107.04235094039807,-6.077102897068563],[107.04055430982983,-6.077102897068563],[107.04055430982983,-6.0780012123526825]]]},"id":"+119158-6766","properties":{"cls":1,"count":2}},{"type":"Feature","geometry":{"geodesic":false,"type":"Polygon","coordinates":[[[107.04145262511395,-6.079797842920922],[107.04235094039807,-6.079797842920922],[107.04235094039807,-6.0788995276368025],[107.04145262511395,-6.0788995276368025],[107.04145262511395,-6.079797842920922]]]},"id":"+119158-6768","properties":{"cls":1,"count":1}},{"type":"Feature","geometry":{"geodesic":false,"type":"Polygon","coordinates":[[[107.04145262511395,-6.093272572182714],[107.04235094039807,-6.093272572182714],[107.04235094039807,-6.092374256898595],[107.04145262511395,-6.092374256898595],[107.04145262511395,-6.093272572182714]]]},"id":"+119158-6783","properties":{"cls":1,"count":1}},{"type":"Feature","geometry":{"geodesic":false,"type":"Polygon","coordinates":[[[107.04145262511395,-6.27113899843838],[107.04235094039807,-6.27113899843838],[107.04235094039807,-6.2702406831542605],[107.04145262511395,-6.2702406831542605],[107.04145262511395,-6.27113899843838]]]},"id":"+119158-6981","properties":{"cls":1,"count":1}},{"type":"Feature","geometry":{"geodesic":false,"type":"Polygon","coordinates":[[[107.04235094039807,-6.070814690079726],[107.04324925568218,-6.070814690079726],[107.04324925568218,-6.069916374795607],[107.04235094039807,-6.069916374795607],[107.04235094039807,-6.070814690079726]]]},"id":"+119159-6758","properties":{"cls":1,"count":1}},{"type":"Feature","geometry":{"geodesic":false,"type":"Polygon","coordinates":[[[107.04235094039807,-6.0762045817844434],[107.04324925568218,-6.0762045817844434],[107.04324925568218,-6.075306266500324],[107.04235094039807,-6.075306266500324],[107.04235094039807,-6.0762045817844434]]]},"id":"+119159-6764","properties":{"cls":1,"count":1}},{"type":"Feature","geometry":{"geodesic":false,"type":"Polygon","coordinates":[[[107.04235094039807,-6.094170887466834],[107.04324925568218,-6.094170887466834],[107.04324925568218,-6.093272572182714],[107.04235094039807,-6.093272572182714],[107.04235094039807,-6.094170887466834]]]},"id":"+119159-6784","properties":{"cls":1,"count":1}},{"type":"Feature","geometry":{"geodesic":false,"type":"Polygon","coordinates":[[[107.04235094039807,-6.119323715422181],[107.04145262511395,-6.12112034599042],[107.04324925568218,-6.12112034599042],[107.04324925568218,-6.119323715422181],[107.04235094039807,-6.119323715422181]]]},"id":"+119159-6813","properties":{"cls":1,"count":3}},{"type":"Feature","geometry":{"geodesic":false,"type":"Polygon","coordinates":[[[107.04145262511395,-6.0393736551355435],[107.0441475709663,-6.0393736551355435],[107.0441475709663,-6.0384753398514235],[107.04145262511395,-6.0384753398514235],[107.04145262511395,-6.0393736551355435]]]},"id":"+119160-6723","properties":{"cls":1,"count":3}},{"type":"Feature","geometry":{"geodesic":false,"type":"Polygon","coordinates":[[[107.04324925568218,-6.0788995276368025],[107.0441475709663,-6.0788995276368025],[107.0441475709663,-6.0780012123526825],[107.04324925568218,-6.0780012123526825],[107.04324925568218,-6.0788995276368025]]]},"id":"+119160-6767","properties":{"cls":1,"count":1}},{"type":"Feature","geometry":{"geodesic":false,"type":"Polygon","coordinates":[[[107.04324925568218,-6.0968658333191925],[107.0441475709663,-6.0968658333191925],[107.0441475709663,-6.095967518035073],[107.04324925568218,-6.095967518035073],[107.04324925568218,-6.0968658333191925]]]},"id":"+119160-6787","properties":{"cls":1,"count":1}},{"type":"Feature","geometry":{"geodesic":false,"type":"Polygon","coordinates":[[[107.04324925568218,-6.114832139001583],[107.0441475709663,-6.114832139001583],[107.0441475709663,-6.113933823717463],[107.04324925568218,-6.113933823717463],[107.04324925568218,-6.114832139001583]]]},"id":"+119160-6807","properties":{"cls":1,"count":1}},{"type":"Feature","geometry":{"geodesic":false,"type":"Polygon","coordinates":[[[107.04324925568218,-6.118425400138062],[107.0441475709663,-6.118425400138062],[107.0441475709663,-6.117527084853942],[107.04324925568218,-6.117527084853942],[107.04324925568218,-6.118425400138062]]]},"id":"+119160-6811","properties":{"cls":1,"count":1}},{"type":"Feature","geometry":{"geodesic":false,"type":"Polygon","coordinates":[[[107.04324925568218,-6.129205183547495],[107.04324925568218,-6.131001814115734],[107.04145262511395,-6.130103498831615],[107.04145262511395,-6.129205183547495],[107.03965599454571,-6.130103498831615],[107.03965599454571,-6.129205183547495],[107.0387576792616,-6.129205183547495],[107.0387576792616,-6.130103498831615],[107.03785936397747,-6.130103498831615],[107.0387576792616,-6.131900129399854],[107.04055430982983,-6.131900129399854],[107.04145262511395,-6.136391705820452],[107.04324925568218,-6.136391705820452],[107.04324925568218,-6.131900129399854],[107.04504588625042,-6.131900129399854],[107.04504588625042,-6.133696759968093],[107.04594420153454,-6.133696759968093],[107.04594420153454,-6.130103498831615],[107.0441475709663,-6.130103498831615],[107.0441475709663,-6.129205183547495],[107.04324925568218,-6.129205183547495]]]},"id":"+119160-6824","properties":{"cls":1,"count":34}},{"type":"Feature","geometry":{"geodesic":false,"type":"Polygon","coordinates":[[[107.04324925568218,-6.317851393212595],[107.0441475709663,-6.317851393212595],[107.0441475709663,-6.316953077928475],[107.04324925568218,-6.316953077928475],[107.04324925568218,-6.317851393212595]]]},"id":"+119160-7033","properties":{"cls":1,"count":1}},{"type":"Feature","geometry":{"geodesic":false,"type":"Polygon","coordinates":[[[107.0441475709663,-6.0591365913861726],[107.04504588625042,-6.0591365913861726],[107.04504588625042,-6.0582382761020535],[107.0441475709663,-6.0582382761020535],[107.0441475709663,-6.0591365913861726]]]},"id":"+119161-6745","properties":{"cls":1,"count":1}},{"type":"Feature","geometry":{"geodesic":false,"type":"Polygon","coordinates":[[[107.0441475709663,-6.077102897068563],[107.04504588625042,-6.077102897068563],[107.04504588625042,-6.0762045817844434],[107.0441475709663,-6.0762045817844434],[107.0441475709663,-6.077102897068563]]]},"id":"+119161-6765","properties":{"cls":1,"count":1}},{"type":"Feature","geometry":{"geodesic":false,"type":"Polygon","coordinates":[[[107.0441475709663,-6.0968658333191925],[107.0441475709663,-6.099560779171552],[107.04594420153454,-6.099560779171552],[107.04594420153454,-6.0977641486033125],[107.0441475709663,-6.0968658333191925]]]},"id":"+119161-6788","properties":{"cls":1,"count":5}},{"type":"Feature","geometry":{"geodesic":false,"type":"Polygon","coordinates":[[[107.0441475709663,-6.300783402814324],[107.04504588625042,-6.300783402814324],[107.04504588625042,-6.299885087530204],[107.0441475709663,-6.299885087530204],[107.0441475709663,-6.300783402814324]]]},"id":"+119161-7014","properties":{"cls":1,"count":1}},{"type":"Feature","geometry":{"geodesic":false,"type":"Polygon","coordinates":[[[107.04504588625042,-6.055543330249694],[107.04594420153454,-6.055543330249694],[107.04594420153454,-6.054645014965575],[107.04504588625042,-6.054645014965575],[107.04504588625042,-6.055543330249694]]]},"id":"+119162-6741","properties":{"cls":1,"count":1}},{"type":"Feature","geometry":{"geodesic":false,"type":"Polygon","coordinates":[[[107.04324925568218,-6.070814690079726],[107.04324925568218,-6.071713005363846],[107.0441475709663,-6.071713005363846],[107.04324925568218,-6.073509635932085],[107.04504588625042,-6.073509635932085],[107.04504588625042,-6.074407951216204],[107.04594420153454,-6.074407951216204],[107.04594420153454,-6.070814690079726],[107.04324925568218,-6.070814690079726]]]},"id":"+119162-6759","properties":{"cls":1,"count":9}},{"type":"Feature","geometry":{"geodesic":false,"type":"Polygon","coordinates":[[[107.04504588625042,-6.119323715422181],[107.04594420153454,-6.119323715422181],[107.04594420153454,-6.118425400138062],[107.04504588625042,-6.118425400138062],[107.04504588625042,-6.119323715422181]]]},"id":"+119162-6812","properties":{"cls":1,"count":1}},{"type":"Feature","geometry":{"geodesic":false,"type":"Polygon","coordinates":[[[107.04504588625042,-6.205561982697655],[107.04594420153454,-6.205561982697655],[107.04594420153454,-6.204663667413535],[107.04504588625042,-6.204663667413535],[107.04504588625042,-6.205561982697655]]]},"id":"+119162-6908","properties":{"cls":1,"count":1}},{"type":"Feature","geometry":{"geodesic":false,"type":"Polygon","coordinates":[[[107.0441475709663,-6.281918781847814],[107.04594420153454,-6.281918781847814],[107.04594420153454,-6.281020466563694],[107.0441475709663,-6.281020466563694],[107.0441475709663,-6.281918781847814]]]},"id":"+119162-6993","properties":{"cls":1,"count":2}},{"type":"Feature","geometry":{"geodesic":false,"type":"Polygon","coordinates":[[[107.0441475709663,-6.295393511109607],[107.0441475709663,-6.296291826393727],[107.04324925568218,-6.296291826393727],[107.04324925568218,-6.298986772246085],[107.0441475709663,-6.298986772246085],[107.0441475709663,-6.297190141677846],[107.04684251681867,-6.297190141677846],[107.04684251681867,-6.298088456961965],[107.04774083210279,-6.298088456961965],[107.04774083210279,-6.296291826393727],[107.0441475709663,-6.295393511109607]]]},"id":"+119162-7009","properties":{"cls":1,"count":10}},{"type":"Feature","geometry":{"geodesic":false,"type":"Polygon","coordinates":[[[107.04594420153454,-6.0591365913861726],[107.04684251681867,-6.0591365913861726],[107.04684251681867,-6.0573399608179335],[107.04594420153454,-6.0573399608179335],[107.04594420153454,-6.0591365913861726]]]},"id":"+119163-6744","properties":{"cls":1,"count":2}},{"type":"Feature","geometry":{"geodesic":false,"type":"Polygon","coordinates":[[[107.04504588625042,-6.061831537238532],[107.0441475709663,-6.063628167806771],[107.04594420153454,-6.063628167806771],[107.04594420153454,-6.062729852522651],[107.04684251681867,-6.062729852522651],[107.04684251681867,-6.061831537238532],[107.04504588625042,-6.061831537238532]]]},"id":"+119163-6749","properties":{"cls":1,"count":4}},{"type":"Feature","geometry":{"geodesic":false,"type":"Polygon","coordinates":[[[107.04594420153454,-6.10225572502391],[107.04684251681867,-6.10225572502391],[107.04684251681867,-6.101357409739791],[107.04594420153454,-6.101357409739791],[107.04594420153454,-6.10225572502391]]]},"id":"+119163-6793","properties":{"cls":1,"count":1}},{"type":"Feature","geometry":{"geodesic":false,"type":"Polygon","coordinates":[[[107.04594420153454,-6.298986772246085],[107.04684251681867,-6.298986772246085],[107.04684251681867,-6.298088456961965],[107.04594420153454,-6.298088456961965],[107.04594420153454,-6.298986772246085]]]},"id":"+119163-7012","properties":{"cls":1,"count":1}},{"type":"Feature","geometry":{"geodesic":false,"type":"Polygon","coordinates":[[[107.04684251681867,-6.061831537238532],[107.04774083210279,-6.061831537238532],[107.04774083210279,-6.060933221954412],[107.04684251681867,-6.060933221954412],[107.04684251681867,-6.061831537238532]]]},"id":"+119164-6748","properties":{"cls":1,"count":1}},{"type":"Feature","geometry":{"geodesic":false,"type":"Polygon","coordinates":[[[107.04684251681867,-6.081594473489161],[107.04684251681867,-6.085187734625639],[107.04953746267103,-6.085187734625639],[107.04953746267103,-6.08428941934152],[107.04863914738691,-6.08428941934152],[107.04863914738691,-6.082492788773281],[107.04684251681867,-6.081594473489161]]]},"id":"+119164-6771","properties":{"cls":1,"count":8}},{"type":"Feature","geometry":{"geodesic":false,"type":"Polygon","coordinates":[[[107.04684251681867,-6.104052355592149],[107.04774083210279,-6.104052355592149],[107.04774083210279,-6.10225572502391],[107.04684251681867,-6.10225572502391],[107.04684251681867,-6.104052355592149]]]},"id":"+119164-6794","properties":{"cls":1,"count":2}},{"type":"Feature","geometry":{"geodesic":false,"type":"Polygon","coordinates":[[[107.04684251681867,-6.108543932012746],[107.04774083210279,-6.108543932012746],[107.04774083210279,-6.107645616728627],[107.04684251681867,-6.107645616728627],[107.04684251681867,-6.108543932012746]]]},"id":"+119164-6800","properties":{"cls":1,"count":1}},{"type":"Feature","geometry":{"geodesic":false,"type":"Polygon","coordinates":[[[107.04684251681867,-6.120222030706301],[107.04684251681867,-6.122018661274539],[107.04504588625042,-6.122018661274539],[107.04504588625042,-6.123815291842778],[107.04145262511395,-6.123815291842778],[107.04145262511395,-6.124713607126898],[107.04055430982983,-6.124713607126898],[107.04145262511395,-6.126510237695137],[107.04324925568218,-6.126510237695137],[107.04324925568218,-6.128306868263376],[107.0441475709663,-6.128306868263376],[107.0441475709663,-6.129205183547495],[107.04594420153454,-6.129205183547495],[107.04594420153454,-6.127408552979256],[107.04684251681867,-6.127408552979256],[107.04684251681867,-6.126510237695137],[107.04953746267103,-6.126510237695137],[107.04863914738691,-6.12112034599042],[107.04684251681867,-6.120222030706301]],[[107.04594420153454,-6.124713607126898],[107.0441475709663,-6.124713607126898],[107.0441475709663,-6.127408552979256],[107.04504588625042,-6.127408552979256],[107.04504588625042,-6.125611922411017],[107.04594420153454,-6.125611922411017],[107.04594420153454,-6.124713607126898]]]},"id":"+119164-6814","properties":{"cls":1,"count":44}},{"type":"Feature","geometry":{"geodesic":false,"type":"Polygon","coordinates":[[[107.04684251681867,-6.128306868263376],[107.04774083210279,-6.128306868263376],[107.04774083210279,-6.127408552979256],[107.04684251681867,-6.127408552979256],[107.04684251681867,-6.128306868263376]]]},"id":"+119164-6822","properties":{"cls":1,"count":1}},{"type":"Feature","geometry":{"geodesic":false,"type":"Polygon","coordinates":[[[107.04594420153454,-6.054645014965575],[107.04863914738691,-6.054645014965575],[107.04863914738691,-6.053746699681455],[107.04594420153454,-6.053746699681455],[107.04594420153454,-6.054645014965575]]]},"id":"+119165-6740","properties":{"cls":1,"count":3}},{"type":"Feature","geometry":{"geodesic":false,"type":"Polygon","coordinates":[[[107.04594420153454,-6.093272572182714],[107.04684251681867,-6.095069202750953],[107.04863914738691,-6.095069202750953],[107.04863914738691,-6.093272572182714],[107.04594420153454,-6.093272572182714]]]},"id":"+119165-6784","properties":{"cls":1,"count":5}},{"type":"Feature","geometry":{"geodesic":false,"type":"Polygon","coordinates":[[[107.04684251681867,-6.095967518035073],[107.04684251681867,-6.0968658333191925],[107.04774083210279,-6.0968658333191925],[107.04774083210279,-6.098662463887432],[107.04953746267103,-6.098662463887432],[107.04953746267103,-6.0968658333191925],[107.04863914738691,-6.0968658333191925],[107.04863914738691,-6.095967518035073],[107.04684251681867,-6.095967518035073]]]},"id":"+119165-6787","properties":{"cls":1,"count":6}},{"type":"Feature","geometry":{"geodesic":false,"type":"Polygon","coordinates":[[[107.04774083210279,-6.104950670876268],[107.04863914738691,-6.104950670876268],[107.04863914738691,-6.104052355592149],[107.04774083210279,-6.104052355592149],[107.04774083210279,-6.104950670876268]]]},"id":"+119165-6796","properties":{"cls":1,"count":1}},{"type":"Feature","geometry":{"geodesic":false,"type":"Polygon","coordinates":[[[107.04774083210279,-6.296291826393727],[107.04863914738691,-6.296291826393727],[107.04863914738691,-6.295393511109607],[107.04774083210279,-6.295393511109607],[107.04774083210279,-6.296291826393727]]]},"id":"+119165-7009","properties":{"cls":1,"count":1}},{"type":"Feature","geometry":{"geodesic":false,"type":"Polygon","coordinates":[[[107.04863914738691,-6.075306266500324],[107.04863914738691,-6.0780012123526825],[107.05043577795514,-6.0788995276368025],[107.05043577795514,-6.0762045817844434],[107.04863914738691,-6.075306266500324]]]},"id":"+119166-6764","properties":{"cls":1,"count":6}},{"type":"Feature","geometry":{"geodesic":false,"type":"Polygon","coordinates":[[[107.04863914738691,-6.106747301444507],[107.04953746267103,-6.106747301444507],[107.04953746267103,-6.104950670876268],[107.04863914738691,-6.104950670876268],[107.04863914738691,-6.106747301444507]]]},"id":"+119166-6797","properties":{"cls":1,"count":2}},{"type":"Feature","geometry":{"geodesic":false,"type":"Polygon","coordinates":[[[107.04953746267103,-6.0591365913861726],[107.04863914738691,-6.062729852522651],[107.05043577795514,-6.061831537238532],[107.05043577795514,-6.0591365913861726],[107.04953746267103,-6.0591365913861726]]]},"id":"+119167-6746","properties":{"cls":1,"count":5}},{"type":"Feature","geometry":{"geodesic":false,"type":"Polygon","coordinates":[[[107.04953746267103,-6.06542479837501],[107.05043577795514,-6.06542479837501],[107.05043577795514,-6.06452648309089],[107.04953746267103,-6.06452648309089],[107.04953746267103,-6.06542479837501]]]},"id":"+119167-6752","properties":{"cls":1,"count":1}},{"type":"Feature","geometry":{"geodesic":false,"type":"Polygon","coordinates":[[[107.04953746267103,-6.080696158205042],[107.04863914738691,-6.082492788773281],[107.05043577795514,-6.082492788773281],[107.05043577795514,-6.080696158205042],[107.04953746267103,-6.080696158205042]]]},"id":"+119167-6770","properties":{"cls":1,"count":3}},{"type":"Feature","geometry":{"geodesic":false,"type":"Polygon","coordinates":[[[107.04953746267103,-6.108543932012746],[107.05043577795514,-6.108543932012746],[107.05043577795514,-6.107645616728627],[107.04953746267103,-6.107645616728627],[107.04953746267103,-6.108543932012746]]]},"id":"+119167-6800","properties":{"cls":1,"count":1}}]}