{"type": "FeatureCollection", "features": [{"type": "Feature", "properties": {"admin_level": 2, "name": "Bekasi", "name1": null, "name2": null, "name3": null, "adm0_pcode": "ID", "adm0_name": "Indonesia", "valid_on": "2020-04-01", "valid_to": null, "area_sqkm": 1267.8878666, "version": "v01", "lang": "en", "lang1": null, "lang2": null, "lang3": null, "y_coord": -6.2003142, "x_coord": 107.16184561, "adm1_pcode": "ID32", "adm1_name": "Jawa Barat", "adm1_name1": null, "adm1_name2": null, "adm1_name3": null, "adm2_pcode": "ID3216", "adm2_name": "Bekasi", "adm2_name1": null, "adm2_name2": null, "adm2_name3": null, "adm3_pcode": null, "adm3_name": null, "adm3_name1": null, "adm3_name2": null, "adm3_name3": null, "adm4_pcode": null, "adm4_name": null, "adm4_name1": null, "adm4_name2": null, "adm4_name3": null}, "geometry": {"type": "Point", "coordinates": [107.1618456130002, -6.200314199999923]}}, {"type": "Feature", "properties": {"admin_level": 2, "name": "Bogor", "name1": null, "name2": null, "name3": null, "adm0_pcode": "ID", "adm0_name": "Indonesia", "valid_on": "2020-04-01", "valid_to": null, "area_sqkm": 2993.32042341, "version": "v01", "lang": "en", "lang1": null, "lang2": null, "lang3": null, "y_coord": -6.54536315, "x_coord": 107.00214831, "adm1_pcode": "ID32", "adm1_name": "Jawa Barat", "adm1_name1": null, "adm1_name2": null, "adm1_name3": null, "adm2_pcode": "ID3201", "adm2_name": "Bogor", "adm2_name1": null, "adm2_name2": null, "adm2_name3": null, "adm3_pcode": null, "adm3_name": null, "adm3_name1": null, "adm3_name2": null, "adm3_name3": null, "adm4_pcode": null, "adm4_name": null, "adm4_name1": null, "adm4_name2": null, "adm4_name3": null}, "geometry": {"type": "Point", "coordinates": [107.00214831100004, -6.545363149999957]}}, {"type": "Feature", "properties": {"admin_level": 2, "name": "Karawang", "name1": null, "name2": null, "name3": null, "adm0_pcode": "ID", "adm0_name": "Indonesia", "valid_on": "2020-04-01", "valid_to": null, "area_sqkm": 1914.19236761, "version": "v01", "lang": "en", "lang1": null, "lang2": null, "lang3": null, "y_coord": -6.26531125, "x_coord": 107.4292731, "adm1_pcode": "ID32", "adm1_name": "Jawa Barat", "adm1_name1": null, "adm1_name2": null, "adm1_name3": null, "adm2_pcode": "ID3215", "adm2_name": "Karawang", "adm2_name1": null, "adm2_name2": null, "adm2_name3": null, "adm3_pcode": null, "adm3_name": null, "adm3_name1": null, "adm3_name2": null, "adm3_name3": null, "adm4_pcode": null, "adm4_name": null, "adm4_name1": null, "adm4_name2": null, "adm4_name3": null}, "geometry": {"type": "Point", "coordinates": [107.42927310500005, -6.265311249999968]}}, {"type": "Feature", "properties": {"admin_level": 2, "name": "Purwakarta", "name1": null, "name2": null, "name3": null, "adm0_pcode": "ID", "adm0_name": "Indonesia", "valid_on": "2020-04-01", "valid_to": null, "area_sqkm": 988.85407341, "version": "v01", "lang": "en", "lang1": null, "lang2": null, "lang3": null, "y_coord": -6.59252975, "x_coord": 107.40360508, "adm1_pcode": "ID32", "adm1_name": "Jawa Barat", "adm1_name1": null, "adm1_name2": null, "adm1_name3": null, "adm2_pcode": "ID3214", "adm2_name": "Purwakarta", "adm2_name1": null, "adm2_name2": null, "adm2_name3": null, "adm3_pcode": null, "adm3_name": null, "adm3_name1": null, "adm3_name2": null, "adm3_name3": null, "adm4_pcode": null, "adm4_name": null, "adm4_name1": null, "adm4_name2": null, "adm4_name3": null}, "geometry": {"type": "Point", "coordinates": [107.40360508300012, -6.592529749999812]}}, {"type": "Feature", "properties": {"admin_level": 3, "name": "Babakancikao", "name1": null, "name2": null, "name3": null, "adm0_pcode": "ID", "adm0_name": "Indonesia", "valid_on": "2020-04-01", "valid_to": null, "area_sqkm": 47.87759978, "version": "v01", "lang": "en", "lang1": null, "lang2": null, "lang3": null, "y_coord": -6.49596215, "x_coord": 107.42633304, "adm1_pcode": "ID32", "adm1_name": "Jawa Barat", "adm1_name1": null, "adm1_name2": null, "adm1_name3": null, "adm2_pcode": "ID3214", "adm2_name": "Purwakarta", "adm2_name1": null, "adm2_name2": null, "adm2_name3": null, "adm3_pcode": "ID3214101", "adm3_name": "Babakancikao", "adm3_name1": null, "adm3_name2": null, "adm3_name3": null, "adm4_pcode": null, "adm4_name": null, "adm4_name1": null, "adm4_name2": null, "adm4_name3": null}, "geometry": {"type": "Point", "coordinates": [107.42633304200007, -6.495962149999912]}}, {"type": "Feature", "properties": {"admin_level": 3, "name": "Babelan", "name1": null, "name2": null, "name3": null, "adm0_pcode": "ID", "adm0_name": "Indonesia", "valid_on": "2020-04-01", "valid_to": null, "area_sqkm": 65.96210591, "version": "v01", "lang": "en", "lang1": null, "lang2": null, "lang3": null, "y_coord": -6.12681625, "x_coord": 107.04016508, "adm1_pcode": "ID32", "adm1_name": "Jawa Barat", "adm1_name1": null, "adm1_name2": null, "adm1_name3": null, "adm2_pcode": "ID3216", "adm2_name": "Bekasi", "adm2_name1": null, "adm2_name2": null, "adm2_name3": null, "adm3_pcode": "ID3216090", "adm3_name": "Babelan", "adm3_name1": null, "adm3_name2": null, "adm3_name3": null, "adm4_pcode": null, "adm4_name": null, "adm4_name1": null, "adm4_name2": null, "adm4_name3": null}, "geometry": {"type": "Point", "coordinates": [107.04016508299998, -6.126816249999933]}}, {"type": "Feature", "properties": {"admin_level": 3, "name": "Bantargebang", "name1": null, "name2": null, "name3": null, "adm0_pcode": "ID", "adm0_name": "Indonesia", "valid_on": "2020-04-01", "valid_to": null, "area_sqkm": 18.98431468, "version": "v01", "lang": "en", "lang1": null, "lang2": null, "lang3": null, "y_coord": -6.33618745, "x_coord": 106.9933647, "adm1_pcode": "ID32", "adm1_name": "Jawa Barat", "adm1_name1": null, "adm1_name2": null, "adm1_name3": null, "adm2_pcode": "ID3275", "adm2_name": "Kota Bekasi", "adm2_name1": null, "adm2_name2": null, "adm2_name3": null, "adm3_pcode": "ID3275030", "adm3_name": "Bantargebang", "adm3_name1": null, "adm3_name2": null, "adm3_name3": null, "adm4_pcode": null, "adm4_name": null, "adm4_name1": null, "adm4_name2": null, "adm4_name3": null}, "geometry": {"type": "Point", "coordinates": [106.99336469600007, -6.336187449999898]}}, {"type": "Feature", "properties": {"admin_level": 3, "name": "Banyusari", "name1": null, "name2": null, "name3": null, "adm0_pcode": "ID", "adm0_name": "Indonesia", "valid_on": "2020-04-01", "valid_to": null, "area_sqkm": 55.74809314, "version": "v01", "lang": "en", "lang1": null, "lang2": null, "lang3": null, "y_coord": -6.30825475, "x_coord": 107.54469083, "adm1_pcode": "ID32", "adm1_name": "Jawa Barat", "adm1_name1": null, "adm1_name2": null, "adm1_name3": null, "adm2_pcode": "ID3215", "adm2_name": "Karawang", "adm2_name1": null, "adm2_name2": null, "adm2_name3": null, "adm3_pcode": "ID3215071", "adm3_name": "Banyusari", "adm3_name1": null, "adm3_name2": null, "adm3_name3": null, "adm4_pcode": null, "adm4_name": null, "adm4_name1": null, "adm4_name2": null, "adm4_name3": null}, "geometry": {"type": "Point", "coordinates": [107.54469083100008, -6.30825474999989]}}, {"type": "Feature", "properties": {"admin_level": 3, "name": "Batujaya", "name1": null, "name2": null, "name3": null, "adm0_pcode": "ID", "adm0_name": "Indonesia", "valid_on": "2020-04-01", "valid_to": null, "area_sqkm": 75.46844644, "version": "v01", "lang": "en", "lang1": null, "lang2": null, "lang3": null, "y_coord": -6.049035, "x_coord": 107.18400706, "adm1_pcode": "ID32", "adm1_name": "Jawa Barat", "adm1_name1": null, "adm1_name2": null, "adm1_name3": null, "adm2_pcode": "ID3215", "adm2_name": "Karawang", "adm2_name1": null, "adm2_name2": null, "adm2_name3": null, "adm3_pcode": "ID3215190", "adm3_name": "Batujaya", "adm3_name1": null, "adm3_name2": null, "adm3_name3": null, "adm4_pcode": null, "adm4_name": null, "adm4_name1": null, "adm4_name2": null, "adm4_name3": null}, "geometry": {"type": "Point", "coordinates": [107.18400705800019, -6.049035]}}, {"type": "Feature", "properties": {"admin_level": 3, "name": "Bekasi Timur", "name1": null, "name2": null, "name3": null, "adm0_pcode": "ID", "adm0_name": "Indonesia", "valid_on": "2020-04-01", "valid_to": null, "area_sqkm": 14.71605952, "version": "v01", "lang": "en", "lang1": null, "lang2": null, "lang3": null, "y_coord": -6.2431156, "x_coord": 107.02135515, "adm1_pcode": "ID32", "adm1_name": "Jawa Barat", "adm1_name1": null, "adm1_name2": null, "adm1_name3": null, "adm2_pcode": "ID3275", "adm2_name": "Kota Bekasi", "adm2_name1": null, "adm2_name2": null, "adm2_name3": null, "adm3_pcode": "ID3275040", "adm3_name": "Bekasi Timur", "adm3_name1": null, "adm3_name2": null, "adm3_name3": null, "adm4_pcode": null, "adm4_name": null, "adm4_name1": null, "adm4_name2": null, "adm4_name3": null}, "geometry": {"type": "Point", "coordinates": [107.02135515200018, -6.243115599999896]}}, {"type": "Feature", "properties": {"admin_level": 3, "name": "Bekasi Utara", "name1": null, "name2": null, "name3": null, "adm0_pcode": "ID", "adm0_name": "Indonesia", "valid_on": "2020-04-01", "valid_to": null, "area_sqkm": 21.31992181, "version": "v01", "lang": "en", "lang1": null, "lang2": null, "lang3": null, "y_coord": -6.2054577, "x_coord": 107.00669535, "adm1_pcode": "ID32", "adm1_name": "Jawa Barat", "adm1_name1": null, "adm1_name2": null, "adm1_name3": null, "adm2_pcode": "ID3275", "adm2_name": "Kota Bekasi", "adm2_name1": null, "adm2_name2": null, "adm2_name3": null, "adm3_pcode": "ID3275070", "adm3_name": "Bekasi Utara", "adm3_name1": null, "adm3_name2": null, "adm3_name3": null, "adm4_pcode": null, "adm4_name": null, "adm4_name1": null, "adm4_name2": null, "adm4_name3": null}, "geometry": {"type": "Point", "coordinates": [107.0066953540001, -6.205457699999954]}}, {"type": "Feature", "properties": {"admin_level": 3, "name": "Bojongmangu", "name1": null, "name2": null, "name3": null, "adm0_pcode": "ID", "adm0_name": "Indonesia", "valid_on": "2020-04-01", "valid_to": null, "area_sqkm": 52.85846348, "version": "v01", "lang": "en", "lang1": null, "lang2": null, "lang3": null, "y_coord": -6.43737925, "x_coord": 107.1772751, "adm1_pcode": "ID32", "adm1_name": "Jawa Barat", "adm1_name1": null, "adm1_name2": null, "adm1_name3": null, "adm2_pcode": "ID3216", "adm2_name": "Bekasi", "adm2_name1": null, "adm2_name2": null, "adm2_name3": null, "adm3_pcode": "ID3216031", "adm3_name": "Bojongmangu", "adm3_name1": null, "adm3_name2": null, "adm3_name3": null, "adm4_pcode": null, "adm4_name": null, "adm4_name1": null, "adm4_name2": null, "adm4_name3": null}, "geometry": {"type": "Point", "coordinates": [107.17727510300017, -6.437379249999879]}}, {"type": "Feature", "properties": {"admin_level": 3, "name": "Bungursari", "name1": null, "name2": null, "name3": null, "adm0_pcode": "ID", "adm0_name": "Indonesia", "valid_on": "2020-04-01", "valid_to": null, "area_sqkm": 46.01134718, "version": "v01", "lang": "en", "lang1": null, "lang2": null, "lang3": null, "y_coord": -6.46182, "x_coord": 107.46606474, "adm1_pcode": "ID32", "adm1_name": "Jawa Barat", "adm1_name1": null, "adm1_name2": null, "adm1_name3": null, "adm2_pcode": "ID3214", "adm2_name": "Purwakarta", "adm2_name1": null, "adm2_name2": null, "adm2_name3": null, "adm3_pcode": "ID3214112", "adm3_name": "Bungursari", "adm3_name1": null, "adm3_name2": null, "adm3_name3": null, "adm4_pcode": null, "adm4_name": null, "adm4_name1": null, "adm4_name2": null, "adm4_name3": null}, "geometry": {"type": "Point", "coordinates": [107.46606474200019, -6.46182]}}, {"type": "Feature", "properties": {"admin_level": 3, "name": "Cabangbungin", "name1": null, "name2": null, "name3": null, "adm0_pcode": "ID", "adm0_name": "Indonesia", "valid_on": "2020-04-01", "valid_to": null, "area_sqkm": 49.53007751, "version": "v01", "lang": "en", "lang1": null, "lang2": null, "lang3": null, "y_coord": -6.0767862, "x_coord": 107.13133149, "adm1_pcode": "ID32", "adm1_name": "Jawa Barat", "adm1_name1": null, "adm1_name2": null, "adm1_name3": null, "adm2_pcode": "ID3216", "adm2_name": "Bekasi", "adm2_name1": null, "adm2_name2": null, "adm2_name3": null, "adm3_pcode": "ID3216140", "adm3_name": "Cabangbungin", "adm3_name1": null, "adm3_name2": null, "adm3_name3": null, "adm4_pcode": null, "adm4_name": null, "adm4_name1": null, "adm4_name2": null, "adm4_name3": null}, "geometry": {"type": "Point", "coordinates": [107.1313314900001, -6.076786199999958]}}, {"type": "Feature", "properties": {"admin_level": 3, "name": "Campaka", "name1": null, "name2": null, "name3": null, "adm0_pcode": "ID", "adm0_name": "Indonesia", "valid_on": "2020-04-01", "valid_to": null, "area_sqkm": 56.0483831, "version": "v01", "lang": "en", "lang1": null, "lang2": null, "lang3": null, "y_coord": -6.486825, "x_coord": 107.51329386, "adm1_pcode": "ID32", "adm1_name": "Jawa Barat", "adm1_name1": null, "adm1_name2": null, "adm1_name3": null, "adm2_pcode": "ID3214", "adm2_name": "Purwakarta", "adm2_name1": null, "adm2_name2": null, "adm2_name3": null, "adm3_pcode": "ID3214110", "adm3_name": "Campaka", "adm3_name1": null, "adm3_name2": null, "adm3_name3": null, "adm4_pcode": null, "adm4_name": null, "adm4_name1": null, "adm4_name2": null, "adm4_name3": null}, "geometry": {"type": "Point", "coordinates": [107.5132938640001, -6.486824999999897]}}, {"type": "Feature", "properties": {"admin_level": 3, "name": "Cariu", "name1": null, "name2": null, "name3": null, "adm0_pcode": "ID", "adm0_name": "Indonesia", "valid_on": "2020-04-01", "valid_to": null, "area_sqkm": 85.19887585, "version": "v01", "lang": "en", "lang1": null, "lang2": null, "lang3": null, "y_coord": -6.52217425, "x_coord": 107.13522481, "adm1_pcode": "ID32", "adm1_name": "Jawa Barat", "adm1_name1": null, "adm1_name2": null, "adm1_name3": null, "adm2_pcode": "ID3201", "adm2_name": "Bogor", "adm2_name1": null, "adm2_name2": null, "adm2_name3": null, "adm3_pcode": "ID3201160", "adm3_name": "Cariu", "adm3_name1": null, "adm3_name2": null, "adm3_name3": null, "adm4_pcode": null, "adm4_name": null, "adm4_name1": null, "adm4_name2": null, "adm4_name3": null}, "geometry": {"type": "Point", "coordinates": [107.13522480600017, -6.522174249999978]}}, {"type": "Feature", "properties": {"admin_level": 3, "name": "Ciampel", "name1": null, "name2": null, "name3": null, "adm0_pcode": "ID", "adm0_name": "Indonesia", "valid_on": "2020-04-01", "valid_to": null, "area_sqkm": 117.34612607, "version": "v01", "lang": "en", "lang1": null, "lang2": null, "lang3": null, "y_coord": -6.428435, "x_coord": 107.34011926, "adm1_pcode": "ID32", "adm1_name": "Jawa Barat", "adm1_name1": null, "adm1_name2": null, "adm1_name3": null, "adm2_pcode": "ID3215", "adm2_name": "Karawang", "adm2_name1": null, "adm2_name2": null, "adm2_name3": null, "adm3_pcode": "ID3215020", "adm3_name": "Ciampel", "adm3_name1": null, "adm3_name2": null, "adm3_name3": null, "adm4_pcode": null, "adm4_name": null, "adm4_name1": null, "adm4_name2": null, "adm4_name3": null}, "geometry": {"type": "Point", "coordinates": [107.3401192610001, -6.428435]}}, {"type": "Feature", "properties": {"admin_level": 3, "name": "Cibarusah", "name1": null, "name2": null, "name3": null, "adm0_pcode": "ID", "adm0_name": "Indonesia", "valid_on": "2020-04-01", "valid_to": null, "area_sqkm": 40.20190579, "version": "v01", "lang": "en", "lang1": null, "lang2": null, "lang3": null, "y_coord": -6.432915, "x_coord": 107.10453935, "adm1_pcode": "ID32", "adm1_name": "Jawa Barat", "adm1_name1": null, "adm1_name2": null, "adm1_name3": null, "adm2_pcode": "ID3216", "adm2_name": "Bekasi", "adm2_name1": null, "adm2_name2": null, "adm2_name3": null, "adm3_pcode": "ID3216030", "adm3_name": "Cibarusah", "adm3_name1": null, "adm3_name2": null, "adm3_name3": null, "adm4_pcode": null, "adm4_name": null, "adm4_name1": null, "adm4_name2": null, "adm4_name3": null}, "geometry": {"type": "Point", "coordinates": [107.10453934700013, -6.432915]}}, {"type": "Feature", "properties": {"admin_level": 3, "name": "Cibatu", "name1": null, "name2": null, "name3": null, "adm0_pcode": "ID", "adm0_name": "Indonesia", "valid_on": "2020-04-01", "valid_to": null, "area_sqkm": 59.35228009, "version": "v01", "lang": "en", "lang1": null, "lang2": null, "lang3": null, "y_coord": -6.52741415, "x_coord": 107.53478242, "adm1_pcode": "ID32", "adm1_name": "Jawa Barat", "adm1_name1": null, "adm1_name2": null, "adm1_name3": null, "adm2_pcode": "ID3214", "adm2_name": "Purwakarta", "adm2_name1": null, "adm2_name2": null, "adm2_name3": null, "adm3_pcode": "ID3214111", "adm3_name": "Cibatu", "adm3_name1": null, "adm3_name2": null, "adm3_name3": null, "adm4_pcode": null, "adm4_name": null, "adm4_name1": null, "adm4_name2": null, "adm4_name3": null}, "geometry": {"type": "Point", "coordinates": [107.53478242100005, -6.52741414999997]}}, {"type": "Feature", "properties": {"admin_level": 3, "name": "Cibitung", "name1": null, "name2": null, "name3": null, "adm0_pcode": "ID", "adm0_name": "Indonesia", "valid_on": "2020-04-01", "valid_to": null, "area_sqkm": 44.10271654, "version": "v01", "lang": "en", "lang1": null, "lang2": null, "lang3": null, "y_coord": -6.2437874, "x_coord": 107.10561566, "adm1_pcode": "ID32", "adm1_name": "Jawa Barat", "adm1_name1": null, "adm1_name2": null, "adm1_name3": null, "adm2_pcode": "ID3216", "adm2_name": "Bekasi", "adm2_name1": null, "adm2_name2": null, "adm2_name3": null, "adm3_pcode": "ID3216070", "adm3_name": "Cibitung", "adm3_name1": null, "adm3_name2": null, "adm3_name3": null, "adm4_pcode": null, "adm4_name": null, "adm4_name1": null, "adm4_name2": null, "adm4_name3": null}, "geometry": {"type": "Point", "coordinates": [107.1056156590002, -6.243787399999974]}}, {"type": "Feature", "properties": {"admin_level": 3, "name": "Cibuaya", "name1": null, "name2": null, "name3": null, "adm0_pcode": "ID", "adm0_name": "Indonesia", "valid_on": "2020-04-01", "valid_to": null, "area_sqkm": 117.87636257, "version": "v01", "lang": "en", "lang1": null, "lang2": null, "lang3": null, "y_coord": -6.02954, "x_coord": 107.34103221, "adm1_pcode": "ID32", "adm1_name": "Jawa Barat", "adm1_name1": null, "adm1_name2": null, "adm1_name3": null, "adm2_pcode": "ID3215", "adm2_name": "Karawang", "adm2_name1": null, "adm2_name2": null, "adm2_name3": null, "adm3_pcode": "ID3215170", "adm3_name": "Cibuaya", "adm3_name1": null, "adm3_name2": null, "adm3_name3": null, "adm4_pcode": null, "adm4_name": null, "adm4_name1": null, "adm4_name2": null, "adm4_name3": null}, "geometry": {"type": "Point", "coordinates": [107.34103220600008, -6.02954]}}, {"type": "Feature", "properties": {"admin_level": 3, "name": "Cikampek", "name1": null, "name2": null, "name3": null, "adm0_pcode": "ID", "adm0_name": "Indonesia", "valid_on": "2020-04-01", "valid_to": null, "area_sqkm": 36.70653057, "version": "v01", "lang": "en", "lang1": null, "lang2": null, "lang3": null, "y_coord": -6.4163, "x_coord": 107.43295139, "adm1_pcode": "ID32", "adm1_name": "Jawa Barat", "adm1_name1": null, "adm1_name2": null, "adm1_name3": null, "adm2_pcode": "ID3215", "adm2_name": "Karawang", "adm2_name1": null, "adm2_name2": null, "adm2_name3": null, "adm3_pcode": "ID3215050", "adm3_name": "Cikampek", "adm3_name1": null, "adm3_name2": null, "adm3_name3": null, "adm4_pcode": null, "adm4_name": null, "adm4_name1": null, "adm4_name2": null, "adm4_name3": null}, "geometry": {"type": "Point", "coordinates": [107.4329513890001, -6.4163]}}, {"type": "Feature", "properties": {"admin_level": 3, "name": "Cikarang Barat", "name1": null, "name2": null, "name3": null, "adm0_pcode": "ID", "adm0_name": "Indonesia", "valid_on": "2020-04-01", "valid_to": null, "area_sqkm": 54.0118929, "version": "v01", "lang": "en", "lang1": null, "lang2": null, "lang3": null, "y_coord": -6.2948601, "x_coord": 107.09326037, "adm1_pcode": "ID32", "adm1_name": "Jawa Barat", "adm1_name1": null, "adm1_name2": null, "adm1_name3": null, "adm2_pcode": "ID3216", "adm2_name": "Bekasi", "adm2_name1": null, "adm2_name2": null, "adm2_name3": null, "adm3_pcode": "ID3216071", "adm3_name": "Cikarang Barat", "adm3_name1": null, "adm3_name2": null, "adm3_name3": null, "adm4_pcode": null, "adm4_name": null, "adm4_name1": null, "adm4_name2": null, "adm4_name3": null}, "geometry": {"type": "Point", "coordinates": [107.09326037200009, -6.29486009999988]}}, {"type": "Feature", "properties": {"admin_level": 3, "name": "Cikarang Pusat", "name1": null, "name2": null, "name3": null, "adm0_pcode": "ID", "adm0_name": "Indonesia", "valid_on": "2020-04-01", "valid_to": null, "area_sqkm": 53.45852222, "version": "v01", "lang": "en", "lang1": null, "lang2": null, "lang3": null, "y_coord": -6.3511616, "x_coord": 107.19613342, "adm1_pcode": "ID32", "adm1_name": "Jawa Barat", "adm1_name1": null, "adm1_name2": null, "adm1_name3": null, "adm2_pcode": "ID3216", "adm2_name": "Bekasi", "adm2_name1": null, "adm2_name2": null, "adm2_name3": null, "adm3_pcode": "ID3216022", "adm3_name": "Cikarang Pusat", "adm3_name1": null, "adm3_name2": null, "adm3_name3": null, "adm4_pcode": null, "adm4_name": null, "adm4_name1": null, "adm4_name2": null, "adm4_name3": null}, "geometry": {"type": "Point", "coordinates": [107.19613341500019, -6.351161599999955]}}, {"type": "Feature", "properties": {"admin_level": 3, "name": "Cikarang Selatan", "name1": null, "name2": null, "name3": null, "adm0_pcode": "ID", "adm0_name": "Indonesia", "valid_on": "2020-04-01", "valid_to": null, "area_sqkm": 53.80106246, "version": "v01", "lang": "en", "lang1": null, "lang2": null, "lang3": null, "y_coord": -6.332845, "x_coord": 107.13697926, "adm1_pcode": "ID32", "adm1_name": "Jawa Barat", "adm1_name1": null, "adm1_name2": null, "adm1_name3": null, "adm2_pcode": "ID3216", "adm2_name": "Bekasi", "adm2_name1": null, "adm2_name2": null, "adm2_name3": null, "adm3_pcode": "ID3216023", "adm3_name": "Cikarang Selatan", "adm3_name1": null, "adm3_name2": null, "adm3_name3": null, "adm4_pcode": null, "adm4_name": null, "adm4_name1": null, "adm4_name2": null, "adm4_name3": null}, "geometry": {"type": "Point", "coordinates": [107.13697926500015, -6.332845]}}, {"type": "Feature", "properties": {"admin_level": 3, "name": "Cikarang Timur", "name1": null, "name2": null, "name3": null, "adm0_pcode": "ID", "adm0_name": "Indonesia", "valid_on": "2020-04-01", "valid_to": null, "area_sqkm": 52.78250761, "version": "v01", "lang": "en", "lang1": null, "lang2": null, "lang3": null, "y_coord": -6.2805945, "x_coord": 107.22276643, "adm1_pcode": "ID32", "adm1_name": "Jawa Barat", "adm1_name1": null, "adm1_name2": null, "adm1_name3": null, "adm2_pcode": "ID3216", "adm2_name": "Bekasi", "adm2_name1": null, "adm2_name2": null, "adm2_name3": null, "adm3_pcode": "ID3216041", "adm3_name": "Cikarang Timur", "adm3_name1": null, "adm3_name2": null, "adm3_name3": null, "adm4_pcode": null, "adm4_name": null, "adm4_name1": null, "adm4_name2": null, "adm4_name3": null}, "geometry": {"type": "Point", "coordinates": [107.22276642800011, -6.28059449999995]}}, {"type": "Feature", "properties": {"admin_level": 3, "name": "Cikarang Utara", "name1": null, "name2": null, "name3": null, "adm0_pcode": "ID", "adm0_name": "Indonesia", "valid_on": "2020-04-01", "valid_to": null, "area_sqkm": 39.96187467, "version": "v01", "lang": "en", "lang1": null, "lang2": null, "lang3": null, "y_coord": -6.276045, "x_coord": 107.15094262, "adm1_pcode": "ID32", "adm1_name": "Jawa Barat", "adm1_name1": null, "adm1_name2": null, "adm1_name3": null, "adm2_pcode": "ID3216", "adm2_name": "Bekasi", "adm2_name1": null, "adm2_name2": null, "adm2_name3": null, "adm3_pcode": "ID3216061", "adm3_name": "Cikarang Utara", "adm3_name1": null, "adm3_name2": null, "adm3_name3": null, "adm4_pcode": null, "adm4_name": null, "adm4_name1": null, "adm4_name2": null, "adm4_name3": null}, "geometry": {"type": "Point", "coordinates": [107.15094261700011, -6.276044999999897]}}, {"type": "Feature", "properties": {"admin_level": 3, "name": "Cilamaya Kulon", "name1": null, "name2": null, "name3": null, "adm0_pcode": "ID", "adm0_name": "Indonesia", "valid_on": "2020-04-01", "valid_to": null, "area_sqkm": 67.62694942, "version": "v01", "lang": "en", "lang1": null, "lang2": null, "lang3": null, "y_coord": -6.22523, "x_coord": 107.51763517, "adm1_pcode": "ID32", "adm1_name": "Jawa Barat", "adm1_name1": null, "adm1_name2": null, "adm1_name3": null, "adm2_pcode": "ID3215", "adm2_name": "Karawang", "adm2_name1": null, "adm2_name2": null, "adm2_name3": null, "adm3_pcode": "ID3215082", "adm3_name": "Cilamaya Kulon", "adm3_name1": null, "adm3_name2": null, "adm3_name3": null, "adm4_pcode": null, "adm4_name": null, "adm4_name1": null, "adm4_name2": null, "adm4_name3": null}, "geometry": {"type": "Point", "coordinates": [107.51763517000012, -6.225229999999897]}}, {"type": "Feature", "properties": {"admin_level": 3, "name": "Cilamaya Wetan", "name1": null, "name2": null, "name3": null, "adm0_pcode": "ID", "adm0_name": "Indonesia", "valid_on": "2020-04-01", "valid_to": null, "area_sqkm": 76.68258695, "version": "v01", "lang": "en", "lang1": null, "lang2": null, "lang3": null, "y_coord": -6.23290455, "x_coord": 107.5789128, "adm1_pcode": "ID32", "adm1_name": "Jawa Barat", "adm1_name1": null, "adm1_name2": null, "adm1_name3": null, "adm2_pcode": "ID3215", "adm2_name": "Karawang", "adm2_name1": null, "adm2_name2": null, "adm2_name3": null, "adm3_pcode": "ID3215081", "adm3_name": "Cilamaya Wetan", "adm3_name1": null, "adm3_name2": null, "adm3_name3": null, "adm4_pcode": null, "adm4_name": null, "adm4_name1": null, "adm4_name2": null, "adm4_name3": null}, "geometry": {"type": "Point", "coordinates": [107.5789127970001, -6.232904549999944]}}, {"type": "Feature", "properties": {"admin_level": 3, "name": "Cilebar", "name1": null, "name2": null, "name3": null, "adm0_pcode": "ID", "adm0_name": "Indonesia", "valid_on": "2020-04-01", "valid_to": null, "area_sqkm": 70.277318, "version": "v01", "lang": "en", "lang1": null, "lang2": null, "lang3": null, "y_coord": -6.12622, "x_coord": 107.42456249, "adm1_pcode": "ID32", "adm1_name": "Jawa Barat", "adm1_name1": null, "adm1_name2": null, "adm1_name3": null, "adm2_pcode": "ID3215", "adm2_name": "Karawang", "adm2_name1": null, "adm2_name2": null, "adm2_name3": null, "adm3_pcode": "ID3215161", "adm3_name": "Cilebar", "adm3_name1": null, "adm3_name2": null, "adm3_name3": null, "adm4_pcode": null, "adm4_name": null, "adm4_name1": null, "adm4_name2": null, "adm4_name3": null}, "geometry": {"type": "Point", "coordinates": [107.42456249000014, -6.126219999999819]}}, {"type": "Feature", "properties": {"admin_level": 3, "name": "Cileungsi", "name1": null, "name2": null, "name3": null, "adm0_pcode": "ID", "adm0_name": "Indonesia", "valid_on": "2020-04-01", "valid_to": null, "area_sqkm": 70.31889242, "version": "v01", "lang": "en", "lang1": null, "lang2": null, "lang3": null, "y_coord": -6.39918935, "x_coord": 106.98169312, "adm1_pcode": "ID32", "adm1_name": "Jawa Barat", "adm1_name1": null, "adm1_name2": null, "adm1_name3": null, "adm2_pcode": "ID3201", "adm2_name": "Bogor", "adm2_name1": null, "adm2_name2": null, "adm2_name3": null, "adm3_pcode": "ID3201180", "adm3_name": "Cileungsi", "adm3_name1": null, "adm3_name2": null, "adm3_name3": null, "adm4_pcode": null, "adm4_name": null, "adm4_name1": null, "adm4_name2": null, "adm4_name3": null}, "geometry": {"type": "Point", "coordinates": [106.98169312000016, -6.399189349999915]}}, {"type": "Feature", "properties": {"admin_level": 3, "name": "Cipeundeuy", "name1": null, "name2": null, "name3": null, "adm0_pcode": "ID", "adm0_name": "Indonesia", "valid_on": "2020-04-01", "valid_to": null, "area_sqkm": 102.55269453, "version": "v01", "lang": "en", "lang1": null, "lang2": null, "lang3": null, "y_coord": -6.50575515, "x_coord": 107.60168847, "adm1_pcode": "ID32", "adm1_name": "Jawa Barat", "adm1_name1": null, "adm1_name2": null, "adm1_name3": null, "adm2_pcode": "ID3213", "adm2_name": "Subang", "adm2_name1": null, "adm2_name2": null, "adm2_name3": null, "adm3_pcode": "ID3213090", "adm3_name": "Cipeundeuy", "adm3_name1": null, "adm3_name2": null, "adm3_name3": null, "adm4_pcode": null, "adm4_name": null, "adm4_name1": null, "adm4_name2": null, "adm4_name3": null}, "geometry": {"type": "Point", "coordinates": [107.6016884660001, -6.50575514999997]}}, {"type": "Feature", "properties": {"admin_level": 3, "name": "Jatiluhur", "name1": null, "name2": null, "name3": null, "adm0_pcode": "ID", "adm0_name": "Indonesia", "valid_on": "2020-04-01", "valid_to": null, "area_sqkm": 40.81361893, "version": "v01", "lang": "en", "lang1": null, "lang2": null, "lang3": null, "y_coord": -6.565646, "x_coord": 107.41995424, "adm1_pcode": "ID32", "adm1_name": "Jawa Barat", "adm1_name1": null, "adm1_name2": null, "adm1_name3": null, "adm2_pcode": "ID3214", "adm2_name": "Purwakarta", "adm2_name1": null, "adm2_name2": null, "adm2_name3": null, "adm3_pcode": "ID3214010", "adm3_name": "Jatiluhur", "adm3_name1": null, "adm3_name2": null, "adm3_name3": null, "adm4_pcode": null, "adm4_name": null, "adm4_name1": null, "adm4_name2": null, "adm4_name3": null}, "geometry": {"type": "Point", "coordinates": [107.41995423700013, -6.565646]}}, {"type": "Feature", "properties": {"admin_level": 3, "name": "Jatisari", "name1": null, "name2": null, "name3": null, "adm0_pcode": "ID", "adm0_name": "Indonesia", "valid_on": "2020-04-01", "valid_to": null, "area_sqkm": 55.32780979, "version": "v01", "lang": "en", "lang1": null, "lang2": null, "lang3": null, "y_coord": -6.36078665, "x_coord": 107.52962454, "adm1_pcode": "ID32", "adm1_name": "Jawa Barat", "adm1_name1": null, "adm1_name2": null, "adm1_name3": null, "adm2_pcode": "ID3215", "adm2_name": "Karawang", "adm2_name1": null, "adm2_name2": null, "adm2_name3": null, "adm3_pcode": "ID3215070", "adm3_name": "Jatisari", "adm3_name1": null, "adm3_name2": null, "adm3_name3": null, "adm4_pcode": null, "adm4_name": null, "adm4_name1": null, "adm4_name2": null, "adm4_name3": null}, "geometry": {"type": "Point", "coordinates": [107.52962454000004, -6.360786649999909]}}, {"type": "Feature", "properties": {"admin_level": 3, "name": "Jayakerta", "name1": null, "name2": null, "name3": null, "adm0_pcode": "ID", "adm0_name": "Indonesia", "valid_on": "2020-04-01", "valid_to": null, "area_sqkm": 41.41693997, "version": "v01", "lang": "en", "lang1": null, "lang2": null, "lang3": null, "y_coord": -6.10507815, "x_coord": 107.28949245, "adm1_pcode": "ID32", "adm1_name": "Jawa Barat", "adm1_name1": null, "adm1_name2": null, "adm1_name3": null, "adm2_pcode": "ID3215", "adm2_name": "Karawang", "adm2_name1": null, "adm2_name2": null, "adm2_name3": null, "adm3_pcode": "ID3215151", "adm3_name": "Jayakerta", "adm3_name1": null, "adm3_name2": null, "adm3_name3": null, "adm4_pcode": null, "adm4_name": null, "adm4_name1": null, "adm4_name2": null, "adm4_name3": null}, "geometry": {"type": "Point", "coordinates": [107.28949245000018, -6.105078149999883]}}, {"type": "Feature", "properties": {"admin_level": 3, "name": "Jonggol", "name1": null, "name2": null, "name3": null, "adm0_pcode": "ID", "adm0_name": "Indonesia", "valid_on": "2020-04-01", "valid_to": null, "area_sqkm": 134.52111868, "version": "v01", "lang": "en", "lang1": null, "lang2": null, "lang3": null, "y_coord": -6.506255, "x_coord": 107.05227029, "adm1_pcode": "ID32", "adm1_name": "Jawa Barat", "adm1_name1": null, "adm1_name2": null, "adm1_name3": null, "adm2_pcode": "ID3201", "adm2_name": "Bogor", "adm2_name1": null, "adm2_name2": null, "adm2_name3": null, "adm3_pcode": "ID3201170", "adm3_name": "Jonggol", "adm3_name1": null, "adm3_name2": null, "adm3_name3": null, "adm4_pcode": null, "adm4_name": null, "adm4_name1": null, "adm4_name2": null, "adm4_name3": null}, "geometry": {"type": "Point", "coordinates": [107.05227029300005, -6.506255]}}, {"type": "Feature", "properties": {"admin_level": 3, "name": "Karangbahagia", "name1": null, "name2": null, "name3": null, "adm0_pcode": "ID", "adm0_name": "Indonesia", "valid_on": "2020-04-01", "valid_to": null, "area_sqkm": 45.90744744, "version": "v01", "lang": "en", "lang1": null, "lang2": null, "lang3": null, "y_coord": -6.21128625, "x_coord": 107.20504847, "adm1_pcode": "ID32", "adm1_name": "Jawa Barat", "adm1_name1": null, "adm1_name2": null, "adm1_name3": null, "adm2_pcode": "ID3216", "adm2_name": "Bekasi", "adm2_name1": null, "adm2_name2": null, "adm2_name3": null, "adm3_pcode": "ID3216062", "adm3_name": "Karangbahagia", "adm3_name1": null, "adm3_name2": null, "adm3_name3": null, "adm4_pcode": null, "adm4_name": null, "adm4_name1": null, "adm4_name2": null, "adm4_name3": null}, "geometry": {"type": "Point", "coordinates": [107.20504846600016, -6.211286249999944]}}, {"type": "Feature", "properties": {"admin_level": 3, "name": "Karawang Barat", "name1": null, "name2": null, "name3": null, "adm0_pcode": "ID", "adm0_name": "Indonesia", "valid_on": "2020-04-01", "valid_to": null, "area_sqkm": 40.66790567, "version": "v01", "lang": "en", "lang1": null, "lang2": null, "lang3": null, "y_coord": -6.2719936, "x_coord": 107.29727914, "adm1_pcode": "ID32", "adm1_name": "Jawa Barat", "adm1_name1": null, "adm1_name2": null, "adm1_name3": null, "adm2_pcode": "ID3215", "adm2_name": "Karawang", "adm2_name1": null, "adm2_name2": null, "adm2_name3": null, "adm3_pcode": "ID3215113", "adm3_name": "Karawang Barat", "adm3_name1": null, "adm3_name2": null, "adm3_name3": null, "adm4_pcode": null, "adm4_name": null, "adm4_name1": null, "adm4_name2": null, "adm4_name3": null}, "geometry": {"type": "Point", "coordinates": [107.29727914300008, -6.271993599999973]}}, {"type": "Feature", "properties": {"admin_level": 3, "name": "Karawang Timur", "name1": null, "name2": null, "name3": null, "adm0_pcode": "ID", "adm0_name": "Indonesia", "valid_on": "2020-04-01", "valid_to": null, "area_sqkm": 29.40069613, "version": "v01", "lang": "en", "lang1": null, "lang2": null, "lang3": null, "y_coord": -6.29935, "x_coord": 107.31563318, "adm1_pcode": "ID32", "adm1_name": "Jawa Barat", "adm1_name1": null, "adm1_name2": null, "adm1_name3": null, "adm2_pcode": "ID3215", "adm2_name": "Karawang", "adm2_name1": null, "adm2_name2": null, "adm2_name3": null, "adm3_pcode": "ID3215112", "adm3_name": "Karawang Timur", "adm3_name1": null, "adm3_name2": null, "adm3_name3": null, "adm4_pcode": null, "adm4_name": null, "adm4_name1": null, "adm4_name2": null, "adm4_name3": null}, "geometry": {"type": "Point", "coordinates": [107.31563317900009, -6.29935]}}, {"type": "Feature", "properties": {"admin_level": 3, "name": "Kedungwaringin", "name1": null, "name2": null, "name3": null, "adm0_pcode": "ID", "adm0_name": "Indonesia", "valid_on": "2020-04-01", "valid_to": null, "area_sqkm": 30.15302864, "version": "v01", "lang": "en", "lang1": null, "lang2": null, "lang3": null, "y_coord": -6.24729285, "x_coord": 107.24779205, "adm1_pcode": "ID32", "adm1_name": "Jawa Barat", "adm1_name1": null, "adm1_name2": null, "adm1_name3": null, "adm2_pcode": "ID3216", "adm2_name": "Bekasi", "adm2_name1": null, "adm2_name2": null, "adm2_name3": null, "adm3_pcode": "ID3216050", "adm3_name": "Kedungwaringin", "adm3_name1": null, "adm3_name2": null, "adm3_name3": null, "adm4_pcode": null, "adm4_name": null, "adm4_name1": null, "adm4_name2": null, "adm4_name3": null}, "geometry": {"type": "Point", "coordinates": [107.24779205100015, -6.247292849999951]}}, {"type": "Feature", "properties": {"admin_level": 3, "name": "Klari", "name1": null, "name2": null, "name3": null, "adm0_pcode": "ID", "adm0_name": "Indonesia", "valid_on": "2020-04-01", "valid_to": null, "area_sqkm": 73.1764996, "version": "v01", "lang": "en", "lang1": null, "lang2": null, "lang3": null, "y_coord": -6.39592, "x_coord": 107.38280707, "adm1_pcode": "ID32", "adm1_name": "Jawa Barat", "adm1_name1": null, "adm1_name2": null, "adm1_name3": null, "adm2_pcode": "ID3215", "adm2_name": "Karawang", "adm2_name1": null, "adm2_name2": null, "adm2_name3": null, "adm3_pcode": "ID3215040", "adm3_name": "Klari", "adm3_name1": null, "adm3_name2": null, "adm3_name3": null, "adm4_pcode": null, "adm4_name": null, "adm4_name1": null, "adm4_name2": null, "adm4_name3": null}, "geometry": {"type": "Point", "coordinates": [107.38280707500019, -6.39592]}}, {"type": "Feature", "properties": {"admin_level": 3, "name": "Kotabaru", "name1": null, "name2": null, "name3": null, "adm0_pcode": "ID", "adm0_name": "Indonesia", "valid_on": "2020-04-01", "valid_to": null, "area_sqkm": 33.73758407, "version": "v01", "lang": "en", "lang1": null, "lang2": null, "lang3": null, "y_coord": -6.396485, "x_coord": 107.48769833, "adm1_pcode": "ID32", "adm1_name": "Jawa Barat", "adm1_name1": null, "adm1_name2": null, "adm1_name3": null, "adm2_pcode": "ID3215", "adm2_name": "Karawang", "adm2_name1": null, "adm2_name2": null, "adm2_name3": null, "adm3_pcode": "ID3215072", "adm3_name": "Kotabaru", "adm3_name1": null, "adm3_name2": null, "adm3_name3": null, "adm4_pcode": null, "adm4_name": null, "adm4_name1": null, "adm4_name2": null, "adm4_name3": null}, "geometry": {"type": "Point", "coordinates": [107.48769833000011, -6.396484999999871]}}, {"type": "Feature", "properties": {"admin_level": 3, "name": "Kutawaluya", "name1": null, "name2": null, "name3": null, "adm0_pcode": "ID", "adm0_name": "Indonesia", "valid_on": "2020-04-01", "valid_to": null, "area_sqkm": 52.17480212, "version": "v01", "lang": "en", "lang1": null, "lang2": null, "lang3": null, "y_coord": -6.173855, "x_coord": 107.34267031, "adm1_pcode": "ID32", "adm1_name": "Jawa Barat", "adm1_name1": null, "adm1_name2": null, "adm1_name3": null, "adm2_pcode": "ID3215", "adm2_name": "Karawang", "adm2_name1": null, "adm2_name2": null, "adm2_name3": null, "adm3_pcode": "ID3215140", "adm3_name": "Kutawaluya", "adm3_name1": null, "adm3_name2": null, "adm3_name3": null, "adm4_pcode": null, "adm4_name": null, "adm4_name1": null, "adm4_name2": null, "adm4_name3": null}, "geometry": {"type": "Point", "coordinates": [107.34267031100018, -6.173855]}}, {"type": "Feature", "properties": {"admin_level": 3, "name": "Lemahabang", "name1": null, "name2": null, "name3": null, "adm0_pcode": "ID", "adm0_name": "Indonesia", "valid_on": "2020-04-01", "valid_to": null, "area_sqkm": 51.3065369, "version": "v01", "lang": "en", "lang1": null, "lang2": null, "lang3": null, "y_coord": -6.28562, "x_coord": 107.46324113, "adm1_pcode": "ID32", "adm1_name": "Jawa Barat", "adm1_name1": null, "adm1_name2": null, "adm1_name3": null, "adm2_pcode": "ID3215", "adm2_name": "Karawang", "adm2_name1": null, "adm2_name2": null, "adm2_name3": null, "adm3_pcode": "ID3215090", "adm3_name": "Lemahabang", "adm3_name1": null, "adm3_name2": null, "adm3_name3": null, "adm4_pcode": null, "adm4_name": null, "adm4_name1": null, "adm4_name2": null, "adm4_name3": null}, "geometry": {"type": "Point", "coordinates": [107.46324112900004, -6.285619999999881]}}, {"type": "Feature", "properties": {"admin_level": 3, "name": "Majalaya", "name1": null, "name2": null, "name3": null, "adm0_pcode": "ID", "adm0_name": "Indonesia", "valid_on": "2020-04-01", "valid_to": null, "area_sqkm": 33.20485751, "version": "v01", "lang": "en", "lang1": null, "lang2": null, "lang3": null, "y_coord": -6.3007, "x_coord": 107.35475, "adm1_pcode": "ID32", "adm1_name": "Jawa Barat", "adm1_name1": null, "adm1_name2": null, "adm1_name3": null, "adm2_pcode": "ID3215", "adm2_name": "Karawang", "adm2_name1": null, "adm2_name2": null, "adm2_name3": null, "adm3_pcode": "ID3215111", "adm3_name": "Majalaya", "adm3_name1": null, "adm3_name2": null, "adm3_name3": null, "adm4_pcode": null, "adm4_name": null, "adm4_name1": null, "adm4_name2": null, "adm4_name3": null}, "geometry": {"type": "Point", "coordinates": [107.3547500000002, -6.300699999999892]}}, {"type": "Feature", "properties": {"admin_level": 3, "name": "Muara Gembong", "name1": null, "name2": null, "name3": null, "adm0_pcode": "ID", "adm0_name": "Indonesia", "valid_on": "2020-04-01", "valid_to": null, "area_sqkm": 149.15306395, "version": "v01", "lang": "en", "lang1": null, "lang2": null, "lang3": null, "y_coord": -5.9965263, "x_coord": 107.04777483, "adm1_pcode": "ID32", "adm1_name": "Jawa Barat", "adm1_name1": null, "adm1_name2": null, "adm1_name3": null, "adm2_pcode": "ID3216", "adm2_name": "Bekasi", "adm2_name1": null, "adm2_name2": null, "adm2_name3": null, "adm3_pcode": "ID3216150", "adm3_name": "Muara Gembong", "adm3_name1": null, "adm3_name2": null, "adm3_name3": null, "adm4_pcode": null, "adm4_name": null, "adm4_name1": null, "adm4_name2": null, "adm4_name3": null}, "geometry": {"type": "Point", "coordinates": [107.04777483300006, -5.996526299999971]}}, {"type": "Feature", "properties": {"admin_level": 3, "name": "Mustikajaya", "name1": null, "name2": null, "name3": null, "adm0_pcode": "ID", "adm0_name": "Indonesia", "valid_on": "2020-04-01", "valid_to": null, "area_sqkm": 26.14353237, "version": "v01", "lang": "en", "lang1": null, "lang2": null, "lang3": null, "y_coord": -6.3075298, "x_coord": 107.01899918, "adm1_pcode": "ID32", "adm1_name": "Jawa Barat", "adm1_name1": null, "adm1_name2": null, "adm1_name3": null, "adm2_pcode": "ID3275", "adm2_name": "Kota Bekasi", "adm2_name1": null, "adm2_name2": null, "adm2_name3": null, "adm3_pcode": "ID3275031", "adm3_name": "Mustikajaya", "adm3_name1": null, "adm3_name2": null, "adm3_name3": null, "adm4_pcode": null, "adm4_name": null, "adm4_name1": null, "adm4_name2": null, "adm4_name3": null}, "geometry": {"type": "Point", "coordinates": [107.01899918200013, -6.307529799999941]}}, {"type": "Feature", "properties": {"admin_level": 3, "name": "Pabuaran", "name1": null, "name2": null, "name3": null, "adm0_pcode": "ID", "adm0_name": "Indonesia", "valid_on": "2020-04-01", "valid_to": null, "area_sqkm": 74.0734712, "version": "v01", "lang": "en", "lang1": null, "lang2": null, "lang3": null, "y_coord": -6.4213921, "x_coord": 107.59470759, "adm1_pcode": "ID32", "adm1_name": "Jawa Barat", "adm1_name1": null, "adm1_name2": null, "adm1_name3": null, "adm2_pcode": "ID3213", "adm2_name": "Subang", "adm2_name1": null, "adm2_name2": null, "adm2_name3": null, "adm3_pcode": "ID3213100", "adm3_name": "Pabuaran", "adm3_name1": null, "adm3_name2": null, "adm3_name3": null, "adm4_pcode": null, "adm4_name": null, "adm4_name1": null, "adm4_name2": null, "adm4_name3": null}, "geometry": {"type": "Point", "coordinates": [107.5947075860002, -6.421392099999935]}}, {"type": "Feature", "properties": {"admin_level": 3, "name": "Pakisjaya", "name1": null, "name2": null, "name3": null, "adm0_pcode": "ID", "adm0_name": "Indonesia", "valid_on": "2020-04-01", "valid_to": null, "area_sqkm": 67.60375021, "version": "v01", "lang": "en", "lang1": null, "lang2": null, "lang3": null, "y_coord": -6.00538835, "x_coord": 107.12667644, "adm1_pcode": "ID32", "adm1_name": "Jawa Barat", "adm1_name1": null, "adm1_name2": null, "adm1_name3": null, "adm2_pcode": "ID3215", "adm2_name": "Karawang", "adm2_name1": null, "adm2_name2": null, "adm2_name3": null, "adm3_pcode": "ID3215200", "adm3_name": "Pakisjaya", "adm3_name1": null, "adm3_name2": null, "adm3_name3": null, "adm4_pcode": null, "adm4_name": null, "adm4_name1": null, "adm4_name2": null, "adm4_name3": null}, "geometry": {"type": "Point", "coordinates": [107.12667644100014, -6.005388349999919]}}, {"type": "Feature", "properties": {"admin_level": 3, "name": "Pangkalan", "name1": null, "name2": null, "name3": null, "adm0_pcode": "ID", "adm0_name": "Indonesia", "valid_on": "2020-04-01", "valid_to": null, "area_sqkm": 97.75622914, "version": "v01", "lang": "en", "lang1": null, "lang2": null, "lang3": null, "y_coord": -6.48513455, "x_coord": 107.20552102, "adm1_pcode": "ID32", "adm1_name": "Jawa Barat", "adm1_name1": null, "adm1_name2": null, "adm1_name3": null, "adm2_pcode": "ID3215", "adm2_name": "Karawang", "adm2_name1": null, "adm2_name2": null, "adm2_name3": null, "adm3_pcode": "ID3215010", "adm3_name": "Pangkalan", "adm3_name1": null, "adm3_name2": null, "adm3_name3": null, "adm4_pcode": null, "adm4_name": null, "adm4_name1": null, "adm4_name2": null, "adm4_name3": null}, "geometry": {"type": "Point", "coordinates": [107.20552102500011, -6.485134549999941]}}, {"type": "Feature", "properties": {"admin_level": 3, "name": "Pasawahan", "name1": null, "name2": null, "name3": null, "adm0_pcode": "ID", "adm0_name": "Indonesia", "valid_on": "2020-04-01", "valid_to": null, "area_sqkm": 31.6499423, "version": "v01", "lang": "en", "lang1": null, "lang2": null, "lang3": null, "y_coord": -6.572845, "x_coord": 107.47967954, "adm1_pcode": "ID32", "adm1_name": "Jawa Barat", "adm1_name1": null, "adm1_name2": null, "adm1_name3": null, "adm2_pcode": "ID3214", "adm2_name": "Purwakarta", "adm2_name1": null, "adm2_name2": null, "adm2_name3": null, "adm3_pcode": "ID3214090", "adm3_name": "Pasawahan", "adm3_name1": null, "adm3_name2": null, "adm3_name3": null, "adm4_pcode": null, "adm4_name": null, "adm4_name1": null, "adm4_name2": null, "adm4_name3": null}, "geometry": {"type": "Point", "coordinates": [107.47967953900019, -6.572845]}}, {"type": "Feature", "properties": {"admin_level": 3, "name": "Pebayuran", "name1": null, "name2": null, "name3": null, "adm0_pcode": "ID", "adm0_name": "Indonesia", "valid_on": "2020-04-01", "valid_to": null, "area_sqkm": 94.91457066, "version": "v01", "lang": "en", "lang1": null, "lang2": null, "lang3": null, "y_coord": -6.16239, "x_coord": 107.24982534, "adm1_pcode": "ID32", "adm1_name": "Jawa Barat", "adm1_name1": null, "adm1_name2": null, "adm1_name3": null, "adm2_pcode": "ID3216", "adm2_name": "Bekasi", "adm2_name1": null, "adm2_name2": null, "adm2_name3": null, "adm3_pcode": "ID3216130", "adm3_name": "Pebayuran", "adm3_name1": null, "adm3_name2": null, "adm3_name3": null, "adm4_pcode": null, "adm4_name": null, "adm4_name1": null, "adm4_name2": null, "adm4_name3": null}, "geometry": {"type": "Point", "coordinates": [107.24982533800011, -6.16239]}}, {"type": "Feature", "properties": {"admin_level": 3, "name": "Pedes", "name1": null, "name2": null, "name3": null, "adm0_pcode": "ID", "adm0_name": "Indonesia", "valid_on": "2020-04-01", "valid_to": null, "area_sqkm": 68.60701724, "version": "v01", "lang": "en", "lang1": null, "lang2": null, "lang3": null, "y_coord": -6.082515, "x_coord": 107.36944755, "adm1_pcode": "ID32", "adm1_name": "Jawa Barat", "adm1_name1": null, "adm1_name2": null, "adm1_name3": null, "adm2_pcode": "ID3215", "adm2_name": "Karawang", "adm2_name1": null, "adm2_name2": null, "adm2_name3": null, "adm3_pcode": "ID3215160", "adm3_name": "Pedes", "adm3_name1": null, "adm3_name2": null, "adm3_name3": null, "adm4_pcode": null, "adm4_name": null, "adm4_name1": null, "adm4_name2": null, "adm4_name3": null}, "geometry": {"type": "Point", "coordinates": [107.36944755000019, -6.082515]}}, {"type": "Feature", "properties": {"admin_level": 3, "name": "Pondok Salam", "name1": null, "name2": null, "name3": null, "adm0_pcode": "ID", "adm0_name": "Indonesia", "valid_on": "2020-04-01", "valid_to": null, "area_sqkm": 38.93633501, "version": "v01", "lang": "en", "lang1": null, "lang2": null, "lang3": null, "y_coord": -6.61791, "x_coord": 107.48356375, "adm1_pcode": "ID32", "adm1_name": "Jawa Barat", "adm1_name1": null, "adm1_name2": null, "adm1_name3": null, "adm2_pcode": "ID3214", "adm2_name": "Purwakarta", "adm2_name1": null, "adm2_name2": null, "adm2_name3": null, "adm3_pcode": "ID3214091", "adm3_name": "Pondok Salam", "adm3_name1": null, "adm3_name2": null, "adm3_name3": null, "adm4_pcode": null, "adm4_name": null, "adm4_name1": null, "adm4_name2": null, "adm4_name3": null}, "geometry": {"type": "Point", "coordinates": [107.48356375000014, -6.61791]}}, {"type": "Feature", "properties": {"admin_level": 3, "name": "Purwakarta", "name1": null, "name2": null, "name3": null, "adm0_pcode": "ID", "adm0_name": "Indonesia", "valid_on": "2020-04-01", "valid_to": null, "area_sqkm": 24.13556024, "version": "v01", "lang": "en", "lang1": null, "lang2": null, "lang3": null, "y_coord": -6.54124, "x_coord": 107.45096785, "adm1_pcode": "ID32", "adm1_name": "Jawa Barat", "adm1_name1": null, "adm1_name2": null, "adm1_name3": null, "adm2_pcode": "ID3214", "adm2_name": "Purwakarta", "adm2_name1": null, "adm2_name2": null, "adm2_name3": null, "adm3_pcode": "ID3214100", "adm3_name": "Purwakarta", "adm3_name1": null, "adm3_name2": null, "adm3_name3": null, "adm4_pcode": null, "adm4_name": null, "adm4_name1": null, "adm4_name2": null, "adm4_name3": null}, "geometry": {"type": "Point", "coordinates": [107.4509678460002, -6.54124]}}, {"type": "Feature", "properties": {"admin_level": 3, "name": "Purwasari", "name1": null, "name2": null, "name3": null, "adm0_pcode": "ID", "adm0_name": "Indonesia", "valid_on": "2020-04-01", "valid_to": null, "area_sqkm": 31.66393845, "version": "v01", "lang": "en", "lang1": null, "lang2": null, "lang3": null, "y_coord": -6.3721, "x_coord": 107.41298117, "adm1_pcode": "ID32", "adm1_name": "Jawa Barat", "adm1_name1": null, "adm1_name2": null, "adm1_name3": null, "adm2_pcode": "ID3215", "adm2_name": "Karawang", "adm2_name1": null, "adm2_name2": null, "adm2_name3": null, "adm3_pcode": "ID3215051", "adm3_name": "Purwasari", "adm3_name1": null, "adm3_name2": null, "adm3_name3": null, "adm4_pcode": null, "adm4_name": null, "adm4_name1": null, "adm4_name2": null, "adm4_name3": null}, "geometry": {"type": "Point", "coordinates": [107.41298116800004, -6.3721]}}, {"type": "Feature", "properties": {"admin_level": 3, "name": "Rawalumbu", "name1": null, "name2": null, "name3": null, "adm0_pcode": "ID", "adm0_name": "Indonesia", "valid_on": "2020-04-01", "valid_to": null, "area_sqkm": 16.8481061, "version": "v01", "lang": "en", "lang1": null, "lang2": null, "lang3": null, "y_coord": -6.2803954, "x_coord": 106.99886176, "adm1_pcode": "ID32", "adm1_name": "Jawa Barat", "adm1_name1": null, "adm1_name2": null, "adm1_name3": null, "adm2_pcode": "ID3275", "adm2_name": "Kota Bekasi", "adm2_name1": null, "adm2_name2": null, "adm2_name3": null, "adm3_pcode": "ID3275041", "adm3_name": "Rawalumbu", "adm3_name1": null, "adm3_name2": null, "adm3_name3": null, "adm4_pcode": null, "adm4_name": null, "adm4_name1": null, "adm4_name2": null, "adm4_name3": null}, "geometry": {"type": "Point", "coordinates": [106.99886175900008, -6.280395399999975]}}, {"type": "Feature", "properties": {"admin_level": 3, "name": "Rawamerta", "name1": null, "name2": null, "name3": null, "adm0_pcode": "ID", "adm0_name": "Indonesia", "valid_on": "2020-04-01", "valid_to": null, "area_sqkm": 51.10353201, "version": "v01", "lang": "en", "lang1": null, "lang2": null, "lang3": null, "y_coord": -6.226135, "x_coord": 107.34755167, "adm1_pcode": "ID32", "adm1_name": "Jawa Barat", "adm1_name1": null, "adm1_name2": null, "adm1_name3": null, "adm2_pcode": "ID3215", "adm2_name": "Karawang", "adm2_name1": null, "adm2_name2": null, "adm2_name3": null, "adm3_pcode": "ID3215120", "adm3_name": "Rawamerta", "adm3_name1": null, "adm3_name2": null, "adm3_name3": null, "adm4_pcode": null, "adm4_name": null, "adm4_name1": null, "adm4_name2": null, "adm4_name3": null}, "geometry": {"type": "Point", "coordinates": [107.3475516690001, -6.226135]}}, {"type": "Feature", "properties": {"admin_level": 3, "name": "Rengasdengklok", "name1": null, "name2": null, "name3": null, "adm0_pcode": "ID", "adm0_name": "Indonesia", "valid_on": "2020-04-01", "valid_to": null, "area_sqkm": 40.86804977, "version": "v01", "lang": "en", "lang1": null, "lang2": null, "lang3": null, "y_coord": -6.17101755, "x_coord": 107.29147853, "adm1_pcode": "ID32", "adm1_name": "Jawa Barat", "adm1_name1": null, "adm1_name2": null, "adm1_name3": null, "adm2_pcode": "ID3215", "adm2_name": "Karawang", "adm2_name1": null, "adm2_name2": null, "adm2_name3": null, "adm3_pcode": "ID3215150", "adm3_name": "Rengasdengklok", "adm3_name1": null, "adm3_name2": null, "adm3_name3": null, "adm4_pcode": null, "adm4_name": null, "adm4_name1": null, "adm4_name2": null, "adm4_name3": null}, "geometry": {"type": "Point", "coordinates": [107.29147852600016, -6.171017549999931]}}, {"type": "Feature", "properties": {"admin_level": 3, "name": "Serang Baru", "name1": null, "name2": null, "name3": null, "adm0_pcode": "ID", "adm0_name": "Indonesia", "valid_on": "2020-04-01", "valid_to": null, "area_sqkm": 59.1625243, "version": "v01", "lang": "en", "lang1": null, "lang2": null, "lang3": null, "y_coord": -6.395445, "x_coord": 107.12614167, "adm1_pcode": "ID32", "adm1_name": "Jawa Barat", "adm1_name1": null, "adm1_name2": null, "adm1_name3": null, "adm2_pcode": "ID3216", "adm2_name": "Bekasi", "adm2_name1": null, "adm2_name2": null, "adm2_name3": null, "adm3_pcode": "ID3216021", "adm3_name": "Serang Baru", "adm3_name1": null, "adm3_name2": null, "adm3_name3": null, "adm4_pcode": null, "adm4_name": null, "adm4_name1": null, "adm4_name2": null, "adm4_name3": null}, "geometry": {"type": "Point", "coordinates": [107.12614167200002, -6.395444999999881]}}, {"type": "Feature", "properties": {"admin_level": 3, "name": "Setu", "name1": null, "name2": null, "name3": null, "adm0_pcode": "ID", "adm0_name": "Indonesia", "valid_on": "2020-04-01", "valid_to": null, "area_sqkm": 59.9484471, "version": "v01", "lang": "en", "lang1": null, "lang2": null, "lang3": null, "y_coord": -6.35873895, "x_coord": 107.04062385, "adm1_pcode": "ID32", "adm1_name": "Jawa Barat", "adm1_name1": null, "adm1_name2": null, "adm1_name3": null, "adm2_pcode": "ID3216", "adm2_name": "Bekasi", "adm2_name1": null, "adm2_name2": null, "adm2_name3": null, "adm3_pcode": "ID3216010", "adm3_name": "Setu", "adm3_name1": null, "adm3_name2": null, "adm3_name3": null, "adm4_pcode": null, "adm4_name": null, "adm4_name1": null, "adm4_name2": null, "adm4_name3": null}, "geometry": {"type": "Point", "coordinates": [107.04062385200001, -6.358738949999974]}}, {"type": "Feature", "properties": {"admin_level": 3, "name": "Sukakarya", "name1": null, "name2": null, "name3": null, "adm0_pcode": "ID", "adm0_name": "Indonesia", "valid_on": "2020-04-01", "valid_to": null, "area_sqkm": 48.34118354, "version": "v01", "lang": "en", "lang1": null, "lang2": null, "lang3": null, "y_coord": -6.15067, "x_coord": 107.20196803, "adm1_pcode": "ID32", "adm1_name": "Jawa Barat", "adm1_name1": null, "adm1_name2": null, "adm1_name3": null, "adm2_pcode": "ID3216", "adm2_name": "Bekasi", "adm2_name1": null, "adm2_name2": null, "adm2_name3": null, "adm3_pcode": "ID3216121", "adm3_name": "Sukakarya", "adm3_name1": null, "adm3_name2": null, "adm3_name3": null, "adm4_pcode": null, "adm4_name": null, "adm4_name1": null, "adm4_name2": null, "adm4_name3": null}, "geometry": {"type": "Point", "coordinates": [107.20196803100009, -6.15066999999982]}}, {"type": "Feature", "properties": {"admin_level": 3, "name": "Sukamakmur", "name1": null, "name2": null, "name3": null, "adm0_pcode": "ID", "adm0_name": "Indonesia", "valid_on": "2020-04-01", "valid_to": null, "area_sqkm": 179.24900998, "version": "v01", "lang": "en", "lang1": null, "lang2": null, "lang3": null, "y_coord": -6.58784, "x_coord": 107.01082357, "adm1_pcode": "ID32", "adm1_name": "Jawa Barat", "adm1_name1": null, "adm1_name2": null, "adm1_name3": null, "adm2_pcode": "ID3201", "adm2_name": "Bogor", "adm2_name1": null, "adm2_name2": null, "adm2_name3": null, "adm3_pcode": "ID3201150", "adm3_name": "Sukamakmur", "adm3_name1": null, "adm3_name2": null, "adm3_name3": null, "adm4_pcode": null, "adm4_name": null, "adm4_name1": null, "adm4_name2": null, "adm4_name3": null}, "geometry": {"type": "Point", "coordinates": [107.01082357100017, -6.58784]}}, {"type": "Feature", "properties": {"admin_level": 3, "name": "Sukasari", "name1": null, "name2": null, "name3": null, "adm0_pcode": "ID", "adm0_name": "Indonesia", "valid_on": "2020-04-01", "valid_to": null, "area_sqkm": 88.84126215, "version": "v01", "lang": "en", "lang1": null, "lang2": null, "lang3": null, "y_coord": -6.5649833, "x_coord": 107.27381816, "adm1_pcode": "ID32", "adm1_name": "Jawa Barat", "adm1_name1": null, "adm1_name2": null, "adm1_name3": null, "adm2_pcode": "ID3214", "adm2_name": "Purwakarta", "adm2_name1": null, "adm2_name2": null, "adm2_name3": null, "adm3_pcode": "ID3214011", "adm3_name": "Sukasari", "adm3_name1": null, "adm3_name2": null, "adm3_name3": null, "adm4_pcode": null, "adm4_name": null, "adm4_name1": null, "adm4_name2": null, "adm4_name3": null}, "geometry": {"type": "Point", "coordinates": [107.27381816000019, -6.564983299999938]}}, {"type": "Feature", "properties": {"admin_level": 3, "name": "Sukatani", "name1": null, "name2": null, "name3": null, "adm0_pcode": "ID", "adm0_name": "Indonesia", "valid_on": "2020-04-01", "valid_to": null, "area_sqkm": 78.88779073, "version": "v01", "lang": "en", "lang1": null, "lang2": null, "lang3": null, "y_coord": -6.600785, "x_coord": 107.40065169, "adm1_pcode": "ID32", "adm1_name": "Jawa Barat", "adm1_name1": null, "adm1_name2": null, "adm1_name3": null, "adm2_pcode": "ID3214", "adm2_name": "Purwakarta", "adm2_name1": null, "adm2_name2": null, "adm2_name3": null, "adm3_pcode": "ID3214050", "adm3_name": "Sukatani", "adm3_name1": null, "adm3_name2": null, "adm3_name3": null, "adm4_pcode": null, "adm4_name": null, "adm4_name1": null, "adm4_name2": null, "adm4_name3": null}, "geometry": {"type": "Point", "coordinates": [107.40065169400009, -6.600785]}}, {"type": "Feature", "properties": {"admin_level": 3, "name": "Sukatani", "name1": null, "name2": null, "name3": null, "adm0_pcode": "ID", "adm0_name": "Indonesia", "valid_on": "2020-04-01", "valid_to": null, "area_sqkm": 38.13918315, "version": "v01", "lang": "en", "lang1": null, "lang2": null, "lang3": null, "y_coord": -6.1974733, "x_coord": 107.15066623, "adm1_pcode": "ID32", "adm1_name": "Jawa Barat", "adm1_name1": null, "adm1_name2": null, "adm1_name3": null, "adm2_pcode": "ID3216", "adm2_name": "Bekasi", "adm2_name1": null, "adm2_name2": null, "adm2_name3": null, "adm3_pcode": "ID3216120", "adm3_name": "Sukatani", "adm3_name1": null, "adm3_name2": null, "adm3_name3": null, "adm4_pcode": null, "adm4_name": null, "adm4_name1": null, "adm4_name2": null, "adm4_name3": null}, "geometry": {"type": "Point", "coordinates": [107.15066623500019, -6.197473299999956]}}, {"type": "Feature", "properties": {"admin_level": 3, "name": "Sukawangi", "name1": null, "name2": null, "name3": null, "adm0_pcode": "ID", "adm0_name": "Indonesia", "valid_on": "2020-04-01", "valid_to": null, "area_sqkm": 67.89397955, "version": "v01", "lang": "en", "lang1": null, "lang2": null, "lang3": null, "y_coord": -6.11339245, "x_coord": 107.10371636, "adm1_pcode": "ID32", "adm1_name": "Jawa Barat", "adm1_name1": null, "adm1_name2": null, "adm1_name3": null, "adm2_pcode": "ID3216", "adm2_name": "Bekasi", "adm2_name1": null, "adm2_name2": null, "adm2_name3": null, "adm3_pcode": "ID3216111", "adm3_name": "Sukawangi", "adm3_name1": null, "adm3_name2": null, "adm3_name3": null, "adm4_pcode": null, "adm4_name": null, "adm4_name1": null, "adm4_name2": null, "adm4_name3": null}, "geometry": {"type": "Point", "coordinates": [107.10371635700005, -6.113392449999935]}}, {"type": "Feature", "properties": {"admin_level": 3, "name": "Talagasari", "name1": null, "name2": null, "name3": null, "adm0_pcode": "ID", "adm0_name": "Indonesia", "valid_on": "2020-04-01", "valid_to": null, "area_sqkm": 52.89978621, "version": "v01", "lang": "en", "lang1": null, "lang2": null, "lang3": null, "y_coord": -6.26829755, "x_coord": 107.41181084, "adm1_pcode": "ID32", "adm1_name": "Jawa Barat", "adm1_name1": null, "adm1_name2": null, "adm1_name3": null, "adm2_pcode": "ID3215", "adm2_name": "Karawang", "adm2_name1": null, "adm2_name2": null, "adm2_name3": null, "adm3_pcode": "ID3215100", "adm3_name": "Talagasari", "adm3_name1": null, "adm3_name2": null, "adm3_name3": null, "adm4_pcode": null, "adm4_name": null, "adm4_name1": null, "adm4_name2": null, "adm4_name3": null}, "geometry": {"type": "Point", "coordinates": [107.41181083900011, -6.268297549999886]}}, {"type": "Feature", "properties": {"admin_level": 3, "name": "Tambelang", "name1": null, "name2": null, "name3": null, "adm0_pcode": "ID", "adm0_name": "Indonesia", "valid_on": "2020-04-01", "valid_to": null, "area_sqkm": 34.80671075, "version": "v01", "lang": "en", "lang1": null, "lang2": null, "lang3": null, "y_coord": -6.175725, "x_coord": 107.11284992, "adm1_pcode": "ID32", "adm1_name": "Jawa Barat", "adm1_name1": null, "adm1_name2": null, "adm1_name3": null, "adm2_pcode": "ID3216", "adm2_name": "Bekasi", "adm2_name1": null, "adm2_name2": null, "adm2_name3": null, "adm3_pcode": "ID3216110", "adm3_name": "Tambelang", "adm3_name1": null, "adm3_name2": null, "adm3_name3": null, "adm4_pcode": null, "adm4_name": null, "adm4_name1": null, "adm4_name2": null, "adm4_name3": null}, "geometry": {"type": "Point", "coordinates": [107.11284991700012, -6.175725]}}, {"type": "Feature", "properties": {"admin_level": 3, "name": "Tambun Selatan", "name1": null, "name2": null, "name3": null, "adm0_pcode": "ID", "adm0_name": "Indonesia", "valid_on": "2020-04-01", "valid_to": null, "area_sqkm": 42.18517424, "version": "v01", "lang": "en", "lang1": null, "lang2": null, "lang3": null, "y_coord": -6.25215, "x_coord": 107.05456704, "adm1_pcode": "ID32", "adm1_name": "Jawa Barat", "adm1_name1": null, "adm1_name2": null, "adm1_name3": null, "adm2_pcode": "ID3216", "adm2_name": "Bekasi", "adm2_name1": null, "adm2_name2": null, "adm2_name3": null, "adm3_pcode": "ID3216081", "adm3_name": "Tambun Selatan", "adm3_name1": null, "adm3_name2": null, "adm3_name3": null, "adm4_pcode": null, "adm4_name": null, "adm4_name1": null, "adm4_name2": null, "adm4_name3": null}, "geometry": {"type": "Point", "coordinates": [107.05456703500005, -6.25215]}}, {"type": "Feature", "properties": {"admin_level": 3, "name": "Tambun Utara", "name1": null, "name2": null, "name3": null, "adm0_pcode": "ID", "adm0_name": "Indonesia", "valid_on": "2020-04-01", "valid_to": null, "area_sqkm": 34.88377563, "version": "v01", "lang": "en", "lang1": null, "lang2": null, "lang3": null, "y_coord": -6.19969715, "x_coord": 107.06012366, "adm1_pcode": "ID32", "adm1_name": "Jawa Barat", "adm1_name1": null, "adm1_name2": null, "adm1_name3": null, "adm2_pcode": "ID3216", "adm2_name": "Bekasi", "adm2_name1": null, "adm2_name2": null, "adm2_name3": null, "adm3_pcode": "ID3216082", "adm3_name": "Tambun Utara", "adm3_name1": null, "adm3_name2": null, "adm3_name3": null, "adm4_pcode": null, "adm4_name": null, "adm4_name1": null, "adm4_name2": null, "adm4_name3": null}, "geometry": {"type": "Point", "coordinates": [107.06012365600014, -6.199697149999963]}}, {"type": "Feature", "properties": {"admin_level": 3, "name": "Tanjungsari", "name1": null, "name2": null, "name3": null, "adm0_pcode": "ID", "adm0_name": "Indonesia", "valid_on": "2020-04-01", "valid_to": null, "area_sqkm": 150.4495808, "version": "v01", "lang": "en", "lang1": null, "lang2": null, "lang3": null, "y_coord": -6.61462, "x_coord": 107.14971213, "adm1_pcode": "ID32", "adm1_name": "Jawa Barat", "adm1_name1": null, "adm1_name2": null, "adm1_name3": null, "adm2_pcode": "ID3201", "adm2_name": "Bogor", "adm2_name1": null, "adm2_name2": null, "adm2_name3": null, "adm3_pcode": "ID3201161", "adm3_name": "Tanjungsari", "adm3_name1": null, "adm3_name2": null, "adm3_name3": null, "adm4_pcode": null, "adm4_name": null, "adm4_name1": null, "adm4_name2": null, "adm4_name3": null}, "geometry": {"type": "Point", "coordinates": [107.14971213000018, -6.61462]}}, {"type": "Feature", "properties": {"admin_level": 3, "name": "Tarumajaya", "name1": null, "name2": null, "name3": null, "adm0_pcode": "ID", "adm0_name": "Indonesia", "valid_on": "2020-04-01", "valid_to": null, "area_sqkm": 55.72764857, "version": "v01", "lang": "en", "lang1": null, "lang2": null, "lang3": null, "y_coord": -6.12117805, "x_coord": 106.99774132, "adm1_pcode": "ID32", "adm1_name": "Jawa Barat", "adm1_name1": null, "adm1_name2": null, "adm1_name3": null, "adm2_pcode": "ID3216", "adm2_name": "Bekasi", "adm2_name1": null, "adm2_name2": null, "adm2_name3": null, "adm3_pcode": "ID3216100", "adm3_name": "Tarumajaya", "adm3_name1": null, "adm3_name2": null, "adm3_name3": null, "adm4_pcode": null, "adm4_name": null, "adm4_name1": null, "adm4_name2": null, "adm4_name3": null}, "geometry": {"type": "Point", "coordinates": [106.99774131800018, -6.121178049999912]}}, {"type": "Feature", "properties": {"admin_level": 3, "name": "Tegalwaru", "name1": null, "name2": null, "name3": null, "adm0_pcode": "ID", "adm0_name": "Indonesia", "valid_on": "2020-04-01", "valid_to": null, "area_sqkm": 106.66699801, "version": "v01", "lang": "en", "lang1": null, "lang2": null, "lang3": null, "y_coord": -6.52120225, "x_coord": 107.2361007, "adm1_pcode": "ID32", "adm1_name": "Jawa Barat", "adm1_name1": null, "adm1_name2": null, "adm1_name3": null, "adm2_pcode": "ID3215", "adm2_name": "Karawang", "adm2_name1": null, "adm2_name2": null, "adm2_name3": null, "adm3_pcode": "ID3215011", "adm3_name": "Tegalwaru", "adm3_name1": null, "adm3_name2": null, "adm3_name3": null, "adm4_pcode": null, "adm4_name": null, "adm4_name1": null, "adm4_name2": null, "adm4_name3": null}, "geometry": {"type": "Point", "coordinates": [107.23610070000012, -6.521202249999931]}}, {"type": "Feature", "properties": {"admin_level": 3, "name": "Telukjambe Barat", "name1": null, "name2": null, "name3": null, "adm0_pcode": "ID", "adm0_name": "Indonesia", "valid_on": "2020-04-01", "valid_to": null, "area_sqkm": 73.83810822, "version": "v01", "lang": "en", "lang1": null, "lang2": null, "lang3": null, "y_coord": -6.3505329, "x_coord": 107.24826431, "adm1_pcode": "ID32", "adm1_name": "Jawa Barat", "adm1_name1": null, "adm1_name2": null, "adm1_name3": null, "adm2_pcode": "ID3215", "adm2_name": "Karawang", "adm2_name1": null, "adm2_name2": null, "adm2_name3": null, "adm3_pcode": "ID3215032", "adm3_name": "Telukjambe Barat", "adm3_name1": null, "adm3_name2": null, "adm3_name3": null, "adm4_pcode": null, "adm4_name": null, "adm4_name1": null, "adm4_name2": null, "adm4_name3": null}, "geometry": {"type": "Point", "coordinates": [107.24826430600007, -6.350532899999905]}}, {"type": "Feature", "properties": {"admin_level": 3, "name": "Telukjambe Timur", "name1": null, "name2": null, "name3": null, "adm0_pcode": "ID", "adm0_name": "Indonesia", "valid_on": "2020-04-01", "valid_to": null, "area_sqkm": 44.27912928, "version": "v01", "lang": "en", "lang1": null, "lang2": null, "lang3": null, "y_coord": -6.3428095, "x_coord": 107.29902804, "adm1_pcode": "ID32", "adm1_name": "Jawa Barat", "adm1_name1": null, "adm1_name2": null, "adm1_name3": null, "adm2_pcode": "ID3215", "adm2_name": "Karawang", "adm2_name1": null, "adm2_name2": null, "adm2_name3": null, "adm3_pcode": "ID3215031", "adm3_name": "Telukjambe Timur", "adm3_name1": null, "adm3_name2": null, "adm3_name3": null, "adm4_pcode": null, "adm4_name": null, "adm4_name1": null, "adm4_name2": null, "adm4_name3": null}, "geometry": {"type": "Point", "coordinates": [107.29902803900018, -6.34280949999993]}}, {"type": "Feature", "properties": {"admin_level": 3, "name": "Tempuran", "name1": null, "name2": null, "name3": null, "adm0_pcode": "ID", "adm0_name": "Indonesia", "valid_on": "2020-04-01", "valid_to": null, "area_sqkm": 96.0839376, "version": "v01", "lang": "en", "lang1": null, "lang2": null, "lang3": null, "y_coord": -6.188705, "x_coord": 107.43356468, "adm1_pcode": "ID32", "adm1_name": "Jawa Barat", "adm1_name1": null, "adm1_name2": null, "adm1_name3": null, "adm2_pcode": "ID3215", "adm2_name": "Karawang", "adm2_name1": null, "adm2_name2": null, "adm2_name3": null, "adm3_pcode": "ID3215130", "adm3_name": "Tempuran", "adm3_name1": null, "adm3_name2": null, "adm3_name3": null, "adm4_pcode": null, "adm4_name": null, "adm4_name1": null, "adm4_name2": null, "adm4_name3": null}, "geometry": {"type": "Point", "coordinates": [107.43356467900009, -6.188704999999857]}}, {"type": "Feature", "properties": {"admin_level": 3, "name": "Tirtajaya", "name1": null, "name2": null, "name3": null, "adm0_pcode": "ID", "adm0_name": "Indonesia", "valid_on": "2020-04-01", "valid_to": null, "area_sqkm": 107.20424298, "version": "v01", "lang": "en", "lang1": null, "lang2": null, "lang3": null, "y_coord": -6.040945, "x_coord": 107.25599044, "adm1_pcode": "ID32", "adm1_name": "Jawa Barat", "adm1_name1": null, "adm1_name2": null, "adm1_name3": null, "adm2_pcode": "ID3215", "adm2_name": "Karawang", "adm2_name1": null, "adm2_name2": null, "adm2_name3": null, "adm3_pcode": "ID3215180", "adm3_name": "Tirtajaya", "adm3_name1": null, "adm3_name2": null, "adm3_name3": null, "adm4_pcode": null, "adm4_name": null, "adm4_name1": null, "adm4_name2": null, "adm4_name3": null}, "geometry": {"type": "Point", "coordinates": [107.25599044100011, -6.040945]}}, {"type": "Feature", "properties": {"admin_level": 3, "name": "Tirtamulya", "name1": null, "name2": null, "name3": null, "adm0_pcode": "ID", "adm0_name": "Indonesia", "valid_on": "2020-04-01", "valid_to": null, "area_sqkm": 47.47160358, "version": "v01", "lang": "en", "lang1": null, "lang2": null, "lang3": null, "y_coord": -6.336445, "x_coord": 107.45924146, "adm1_pcode": "ID32", "adm1_name": "Jawa Barat", "adm1_name1": null, "adm1_name2": null, "adm1_name3": null, "adm2_pcode": "ID3215", "adm2_name": "Karawang", "adm2_name1": null, "adm2_name2": null, "adm2_name3": null, "adm3_pcode": "ID3215060", "adm3_name": "Tirtamulya", "adm3_name1": null, "adm3_name2": null, "adm3_name3": null, "adm4_pcode": null, "adm4_name": null, "adm4_name1": null, "adm4_name2": null, "adm4_name3": null}, "geometry": {"type": "Point", "coordinates": [107.45924146300007, -6.336445]}}, {"type": "Feature", "properties": {"admin_level": 3, "name": "Waduk Jatiluhur", "name1": null, "name2": null, "name3": null, "adm0_pcode": "ID", "adm0_name": "Indonesia", "valid_on": "2020-04-01", "valid_to": null, "area_sqkm": 70.00595266, "version": "v01", "lang": "en", "lang1": null, "lang2": null, "lang3": null, "y_coord": -6.57276035, "x_coord": 107.30095862, "adm1_pcode": "ID32", "adm1_name": "Jawa Barat", "adm1_name1": null, "adm1_name2": null, "adm1_name3": null, "adm2_pcode": "ID3214", "adm2_name": "Purwakarta", "adm2_name1": null, "adm2_name2": null, "adm2_name3": null, "adm3_pcode": "ID3214888", "adm3_name": "Waduk Jatiluhur", "adm3_name1": null, "adm3_name2": null, "adm3_name3": null, "adm4_pcode": null, "adm4_name": null, "adm4_name1": null, "adm4_name2": null, "adm4_name3": null}, "geometry": {"type": "Point", "coordinates": [107.3009586180001, -6.572760349999953]}}, {"type": "Feature", "properties": {"admin_level": 4, "name": "Adiarsa Barat", "name1": null, "name2": null, "name3": null, "adm0_pcode": "ID", "adm0_name": "Indonesia", "valid_on": "2020-04-01", "valid_to": null, "area_sqkm": 1.86528377, "version": "v01", "lang": "en", "lang1": null, "lang2": null, "lang3": null, "y_coord": -6.3162412, "x_coord": 107.30570626, "adm1_pcode": "ID32", "adm1_name": "Jawa Barat", "adm1_name1": null, "adm1_name2": null, "adm1_name3": null, "adm2_pcode": "ID3215", "adm2_name": "Karawang", "adm2_name1": null, "adm2_name2": null, "adm2_name3": null, "adm3_pcode": "ID3215113", "adm3_name": "Karawang Barat", "adm3_name1": null, "adm3_name2": null, "adm3_name3": null, "adm4_pcode": "ID3215113001", "adm4_name": "Adiarsa Barat", "adm4_name1": null, "adm4_name2": null, "adm4_name3": null}, "geometry": {"type": "Point", "coordinates": [107.30570625900009, -6.316241199999979]}}, {"type": "Feature", "properties": {"admin_level": 4, "name": "Adiarsa Timur", "name1": null, "name2": null, "name3": null, "adm0_pcode": "ID", "adm0_name": "Indonesia", "valid_on": "2020-04-01", "valid_to": null, "area_sqkm": 3.26497322, "version": "v01", "lang": "en", "lang1": null, "lang2": null, "lang3": null, "y_coord": -6.316325, "x_coord": 107.32056059, "adm1_pcode": "ID32", "adm1_name": "Jawa Barat", "adm1_name1": null, "adm1_name2": null, "adm1_name3": null, "adm2_pcode": "ID3215", "adm2_name": "Karawang", "adm2_name1": null, "adm2_name2": null, "adm2_name3": null, "adm3_pcode": "ID3215112", "adm3_name": "Karawang Timur", "adm3_name1": null, "adm3_name2": null, "adm3_name3": null, "adm4_pcode": "ID3215112001", "adm4_name": "Adiarsa Timur", "adm4_name1": null, "adm4_name2": null, "adm4_name3": null}, "geometry": {"type": "Point", "coordinates": [107.3205605930001, -6.316324999999892]}}, {"type": "Feature", "properties": {"admin_level": 4, "name": "Amansari", "name1": null, "name2": null, "name3": null, "adm0_pcode": "ID", "adm0_name": "Indonesia", "valid_on": "2020-04-01", "valid_to": null, "area_sqkm": 5.07535814, "version": "v01", "lang": "en", "lang1": null, "lang2": null, "lang3": null, "y_coord": -6.18004445, "x_coord": 107.2969947, "adm1_pcode": "ID32", "adm1_name": "Jawa Barat", "adm1_name1": null, "adm1_name2": null, "adm1_name3": null, "adm2_pcode": "ID3215", "adm2_name": "Karawang", "adm2_name1": null, "adm2_name2": null, "adm2_name3": null, "adm3_pcode": "ID3215150", "adm3_name": "Rengasdengklok", "adm3_name1": null, "adm3_name2": null, "adm3_name3": null, "adm4_pcode": "ID3215150005", "adm4_name": "Amansari", "adm4_name1": null, "adm4_name2": null, "adm4_name3": null}, "geometry": {"type": "Point", "coordinates": [107.29699470200006, -6.180044449999968]}}, {"type": "Feature", "properties": {"admin_level": 4, "name": "Anggadita", "name1": null, "name2": null, "name3": null, "adm0_pcode": "ID", "adm0_name": "Indonesia", "valid_on": "2020-04-01", "valid_to": null, "area_sqkm": 4.88250488, "version": "v01", "lang": "en", "lang1": null, "lang2": null, "lang3": null, "y_coord": -6.34979985, "x_coord": 107.33649888, "adm1_pcode": "ID32", "adm1_name": "Jawa Barat", "adm1_name1": null, "adm1_name2": null, "adm1_name3": null, "adm2_pcode": "ID3215", "adm2_name": "Karawang", "adm2_name1": null, "adm2_name2": null, "adm2_name3": null, "adm3_pcode": "ID3215040", "adm3_name": "Klari", "adm3_name1": null, "adm3_name2": null, "adm3_name3": null, "adm4_pcode": "ID3215040008", "adm4_name": "Anggadita", "adm4_name1": null, "adm4_name2": null, "adm4_name3": null}, "geometry": {"type": "Point", "coordinates": [107.33649888400015, -6.349799849999897]}}, {"type": "Feature", "properties": {"admin_level": 4, "name": "Antajaya", "name1": null, "name2": null, "name3": null, "adm0_pcode": "ID", "adm0_name": "Indonesia", "valid_on": "2020-04-01", "valid_to": null, "area_sqkm": 13.88024717, "version": "v01", "lang": "en", "lang1": null, "lang2": null, "lang3": null, "y_coord": -6.58403815, "x_coord": 107.17592762, "adm1_pcode": "ID32", "adm1_name": "Jawa Barat", "adm1_name1": null, "adm1_name2": null, "adm1_name3": null, "adm2_pcode": "ID3201", "adm2_name": "Bogor", "adm2_name1": null, "adm2_name2": null, "adm2_name3": null, "adm3_pcode": "ID3201161", "adm3_name": "Tanjungsari", "adm3_name1": null, "adm3_name2": null, "adm3_name3": null, "adm4_pcode": "ID3201161006", "adm4_name": "Antajaya", "adm4_name1": null, "adm4_name2": null, "adm4_name3": null}, "geometry": {"type": "Point", "coordinates": [107.17592762300006, -6.584038149999856]}}, {"type": "Feature", "properties": {"admin_level": 4, "name": "Aren Jaya", "name1": null, "name2": null, "name3": null, "adm0_pcode": "ID", "adm0_name": "Indonesia", "valid_on": "2020-04-01", "valid_to": null, "area_sqkm": 2.87165923, "version": "v01", "lang": "en", "lang1": null, "lang2": null, "lang3": null, "y_coord": -6.2405205, "x_coord": 107.03448189, "adm1_pcode": "ID32", "adm1_name": "Jawa Barat", "adm1_name1": null, "adm1_name2": null, "adm1_name3": null, "adm2_pcode": "ID3275", "adm2_name": "Kota Bekasi", "adm2_name1": null, "adm2_name2": null, "adm2_name3": null, "adm3_pcode": "ID3275040", "adm3_name": "Bekasi Timur", "adm3_name1": null, "adm3_name2": null, "adm3_name3": null, "adm4_pcode": "ID3275040008", "adm4_name": "Aren Jaya", "adm4_name1": null, "adm4_name2": null, "adm4_name3": null}, "geometry": {"type": "Point", "coordinates": [107.03448189300013, -6.240520499999946]}}, {"type": "Feature", "properties": {"admin_level": 4, "name": "Babakan Raden", "name1": null, "name2": null, "name3": null, "adm0_pcode": "ID", "adm0_name": "Indonesia", "valid_on": "2020-04-01", "valid_to": null, "area_sqkm": 7.48433363, "version": "v01", "lang": "en", "lang1": null, "lang2": null, "lang3": null, "y_coord": -6.4831, "x_coord": 107.14160362, "adm1_pcode": "ID32", "adm1_name": "Jawa Barat", "adm1_name1": null, "adm1_name2": null, "adm1_name3": null, "adm2_pcode": "ID3201", "adm2_name": "Bogor", "adm2_name1": null, "adm2_name2": null, "adm2_name3": null, "adm3_pcode": "ID3201160", "adm3_name": "Cariu", "adm3_name1": null, "adm3_name2": null, "adm3_name3": null, "adm4_pcode": "ID3201160020", "adm4_name": "Babakan Raden", "adm4_name1": null, "adm4_name2": null, "adm4_name3": null}, "geometry": {"type": "Point", "coordinates": [107.14160362500013, -6.4831]}}, {"type": "Feature", "properties": {"admin_level": 4, "name": "Babakancikao", "name1": null, "name2": null, "name3": null, "adm0_pcode": "ID", "adm0_name": "Indonesia", "valid_on": "2020-04-01", "valid_to": null, "area_sqkm": 2.70340486, "version": "v01", "lang": "en", "lang1": null, "lang2": null, "lang3": null, "y_coord": -6.509535, "x_coord": 107.42726288, "adm1_pcode": "ID32", "adm1_name": "Jawa Barat", "adm1_name1": null, "adm1_name2": null, "adm1_name3": null, "adm2_pcode": "ID3214", "adm2_name": "Purwakarta", "adm2_name1": null, "adm2_name2": null, "adm2_name3": null, "adm3_pcode": "ID3214101", "adm3_name": "Babakancikao", "adm3_name1": null, "adm3_name2": null, "adm3_name3": null, "adm4_pcode": "ID3214101005", "adm4_name": "Babakancikao", "adm4_name1": null, "adm4_name2": null, "adm4_name3": null}, "geometry": {"type": "Point", "coordinates": [107.42726288500018, -6.509535]}}, {"type": "Feature", "properties": {"admin_level": 4, "name": "Babelan Kota", "name1": null, "name2": null, "name3": null, "adm0_pcode": "ID", "adm0_name": "Indonesia", "valid_on": "2020-04-01", "valid_to": null, "area_sqkm": 6.23639659, "version": "v01", "lang": "en", "lang1": null, "lang2": null, "lang3": null, "y_coord": -6.16439, "x_coord": 107.0291249, "adm1_pcode": "ID32", "adm1_name": "Jawa Barat", "adm1_name1": null, "adm1_name2": null, "adm1_name3": null, "adm2_pcode": "ID3216", "adm2_name": "Bekasi", "adm2_name1": null, "adm2_name2": null, "adm2_name3": null, "adm3_pcode": "ID3216090", "adm3_name": "Babelan", "adm3_name1": null, "adm3_name2": null, "adm3_name3": null, "adm4_pcode": "ID3216090003", "adm4_name": "Babelan Kota", "adm4_name1": null, "adm4_name2": null, "adm4_name3": null}, "geometry": {"type": "Point", "coordinates": [107.0291249010001, -6.16439]}}, {"type": "Feature", "properties": {"admin_level": 4, "name": "Bahagia", "name1": null, "name2": null, "name3": null, "adm0_pcode": "ID", "adm0_name": "Indonesia", "valid_on": "2020-04-01", "valid_to": null, "area_sqkm": 7.2055667, "version": "v01", "lang": "en", "lang1": null, "lang2": null, "lang3": null, "y_coord": -6.1845879, "x_coord": 107.01890602, "adm1_pcode": "ID32", "adm1_name": "Jawa Barat", "adm1_name1": null, "adm1_name2": null, "adm1_name3": null, "adm2_pcode": "ID3216", "adm2_name": "Bekasi", "adm2_name1": null, "adm2_name2": null, "adm2_name3": null, "adm3_pcode": "ID3216090", "adm3_name": "Babelan", "adm3_name1": null, "adm3_name2": null, "adm3_name3": null, "adm4_pcode": "ID3216090001", "adm4_name": "Bahagia", "adm4_name1": null, "adm4_name2": null, "adm4_name3": null}, "geometry": {"type": "Point", "coordinates": [107.01890601900016, -6.184587899999883]}}, {"type": "Feature", "properties": {"admin_level": 4, "name": "Balebandung Jaya", "name1": null, "name2": null, "name3": null, "adm0_pcode": "ID", "adm0_name": "Indonesia", "valid_on": "2020-04-01", "valid_to": null, "area_sqkm": 4.29581621, "version": "v01", "lang": "en", "lang1": null, "lang2": null, "lang3": null, "y_coord": -6.43458165, "x_coord": 107.53454595, "adm1_pcode": "ID32", "adm1_name": "Jawa Barat", "adm1_name1": null, "adm1_name2": null, "adm1_name3": null, "adm2_pcode": "ID3213", "adm2_name": "Subang", "adm2_name1": null, "adm2_name2": null, "adm2_name3": null, "adm3_pcode": "ID3213100", "adm3_name": "Pabuaran", "adm3_name1": null, "adm3_name2": null, "adm3_name3": null, "adm4_pcode": "ID3213100011", "adm4_name": "Balebandung Jaya", "adm4_name1": null, "adm4_name2": null, "adm4_name3": null}, "geometry": {"type": "Point", "coordinates": [107.53454595300019, -6.43458164999987]}}, {"type": "Feature", "properties": {"admin_level": 4, "name": "Balekambang", "name1": null, "name2": null, "name3": null, "adm0_pcode": "ID", "adm0_name": "Indonesia", "valid_on": "2020-04-01", "valid_to": null, "area_sqkm": 8.63744544, "version": "v01", "lang": "en", "lang1": null, "lang2": null, "lang3": null, "y_coord": -6.51125895, "x_coord": 107.09790552, "adm1_pcode": "ID32", "adm1_name": "Jawa Barat", "adm1_name1": null, "adm1_name2": null, "adm1_name3": null, "adm2_pcode": "ID3201", "adm2_name": "Bogor", "adm2_name1": null, "adm2_name2": null, "adm2_name3": null, "adm3_pcode": "ID3201170", "adm3_name": "Jonggol", "adm3_name1": null, "adm3_name2": null, "adm3_name3": null, "adm4_pcode": "ID3201170007", "adm4_name": "Balekambang", "adm4_name1": null, "adm4_name2": null, "adm4_name3": null}, "geometry": {"type": "Point", "coordinates": [107.09790552400005, -6.511258949999899]}}, {"type": "Feature", "properties": {"admin_level": 4, "name": "Balonggandu", "name1": null, "name2": null, "name3": null, "adm0_pcode": "ID", "adm0_name": "Indonesia", "valid_on": "2020-04-01", "valid_to": null, "area_sqkm": 2.03104312, "version": "v01", "lang": "en", "lang1": null, "lang2": null, "lang3": null, "y_coord": -6.381315, "x_coord": 107.51195395, "adm1_pcode": "ID32", "adm1_name": "Jawa Barat", "adm1_name1": null, "adm1_name2": null, "adm1_name3": null, "adm2_pcode": "ID3215", "adm2_name": "Karawang", "adm2_name1": null, "adm2_name2": null, "adm2_name3": null, "adm3_pcode": "ID3215070", "adm3_name": "Jatisari", "adm3_name1": null, "adm3_name2": null, "adm3_name3": null, "adm4_pcode": "ID3215070006", "adm4_name": "Balonggandu", "adm4_name1": null, "adm4_name2": null, "adm4_name3": null}, "geometry": {"type": "Point", "coordinates": [107.5119539550002, -6.381315]}}, {"type": "Feature", "properties": {"admin_level": 4, "name": "Balongsari", "name1": null, "name2": null, "name3": null, "adm0_pcode": "ID", "adm0_name": "Indonesia", "valid_on": "2020-04-01", "valid_to": null, "area_sqkm": 3.27562401, "version": "v01", "lang": "en", "lang1": null, "lang2": null, "lang3": null, "y_coord": -6.2374734, "x_coord": 107.3265216, "adm1_pcode": "ID32", "adm1_name": "Jawa Barat", "adm1_name1": null, "adm1_name2": null, "adm1_name3": null, "adm2_pcode": "ID3215", "adm2_name": "Karawang", "adm2_name1": null, "adm2_name2": null, "adm2_name3": null, "adm3_pcode": "ID3215120", "adm3_name": "Rawamerta", "adm3_name1": null, "adm3_name2": null, "adm3_name3": null, "adm4_pcode": "ID3215120006", "adm4_name": "Balongsari", "adm4_name1": null, "adm4_name2": null, "adm4_name3": null}, "geometry": {"type": "Point", "coordinates": [107.32652160300017, -6.237473399999885]}}, {"type": "Feature", "properties": {"admin_level": 4, "name": "Banggalamulya", "name1": null, "name2": null, "name3": null, "adm0_pcode": "ID", "adm0_name": "Indonesia", "valid_on": "2020-04-01", "valid_to": null, "area_sqkm": 8.89892247, "version": "v01", "lang": "en", "lang1": null, "lang2": null, "lang3": null, "y_coord": -6.5702107, "x_coord": 107.60252953, "adm1_pcode": "ID32", "adm1_name": "Jawa Barat", "adm1_name1": null, "adm1_name2": null, "adm1_name3": null, "adm2_pcode": "ID3213", "adm2_name": "Subang", "adm2_name1": null, "adm2_name2": null, "adm2_name3": null, "adm3_pcode": "ID3213080", "adm3_name": "Kalijati", "adm3_name1": null, "adm3_name2": null, "adm3_name3": null, "adm4_pcode": "ID3213080017", "adm4_name": "Banggalamulya", "adm4_name1": null, "adm4_name2": null, "adm4_name3": null}, "geometry": {"type": "Point", "coordinates": [107.60252952600007, -6.570210699999905]}}, {"type": "Feature", "properties": {"admin_level": 4, "name": "Banjarsari", "name1": null, "name2": null, "name3": null, "adm0_pcode": "ID", "adm0_name": "Indonesia", "valid_on": "2020-04-01", "valid_to": null, "area_sqkm": 7.19246766, "version": "v01", "lang": "en", "lang1": null, "lang2": null, "lang3": null, "y_coord": -6.1894143, "x_coord": 107.13780218, "adm1_pcode": "ID32", "adm1_name": "Jawa Barat", "adm1_name1": null, "adm1_name2": null, "adm1_name3": null, "adm2_pcode": "ID3216", "adm2_name": "Bekasi", "adm2_name1": null, "adm2_name2": null, "adm2_name3": null, "adm3_pcode": "ID3216120", "adm3_name": "Sukatani", "adm3_name1": null, "adm3_name2": null, "adm3_name3": null, "adm4_pcode": "ID3216120003", "adm4_name": "Banjarsari", "adm4_name1": null, "adm4_name2": null, "adm4_name3": null}, "geometry": {"type": "Point", "coordinates": [107.13780218200009, -6.189414299999896]}}, {"type": "Feature", "properties": {"admin_level": 4, "name": "Bantar Kuning", "name1": null, "name2": null, "name3": null, "adm0_pcode": "ID", "adm0_name": "Indonesia", "valid_on": "2020-04-01", "valid_to": null, "area_sqkm": 7.02160182, "version": "v01", "lang": "en", "lang1": null, "lang2": null, "lang3": null, "y_coord": -6.561635, "x_coord": 107.13945166, "adm1_pcode": "ID32", "adm1_name": "Jawa Barat", "adm1_name1": null, "adm1_name2": null, "adm1_name3": null, "adm2_pcode": "ID3201", "adm2_name": "Bogor", "adm2_name1": null, "adm2_name2": null, "adm2_name3": null, "adm3_pcode": "ID3201160", "adm3_name": "Cariu", "adm3_name1": null, "adm3_name2": null, "adm3_name3": null, "adm4_pcode": "ID3201160012", "adm4_name": "Bantar Kuning", "adm4_name1": null, "adm4_name2": null, "adm4_name3": null}, "geometry": {"type": "Point", "coordinates": [107.13945166200017, -6.561635]}}, {"type": "Feature", "properties": {"admin_level": 4, "name": "Bantargebang", "name1": null, "name2": null, "name3": null, "adm0_pcode": "ID", "adm0_name": "Indonesia", "valid_on": "2020-04-01", "valid_to": null, "area_sqkm": 4.05966191, "version": "v01", "lang": "en", "lang1": null, "lang2": null, "lang3": null, "y_coord": -6.3185873, "x_coord": 106.98225184, "adm1_pcode": "ID32", "adm1_name": "Jawa Barat", "adm1_name1": null, "adm1_name2": null, "adm1_name3": null, "adm2_pcode": "ID3275", "adm2_name": "Kota Bekasi", "adm2_name1": null, "adm2_name2": null, "adm2_name3": null, "adm3_pcode": "ID3275030", "adm3_name": "Bantargebang", "adm3_name1": null, "adm3_name2": null, "adm3_name3": null, "adm4_pcode": "ID3275030004", "adm4_name": "Bantargebang", "adm4_name1": null, "adm4_name2": null, "adm4_name3": null}, "geometry": {"type": "Point", "coordinates": [106.98225183900013, -6.318587299999933]}}, {"type": "Feature", "properties": {"admin_level": 4, "name": "Bantarjaya", "name1": null, "name2": null, "name3": null, "adm0_pcode": "ID", "adm0_name": "Indonesia", "valid_on": "2020-04-01", "valid_to": null, "area_sqkm": 6.80241071, "version": "v01", "lang": "en", "lang1": null, "lang2": null, "lang3": null, "y_coord": -6.215305, "x_coord": 107.26721316, "adm1_pcode": "ID32", "adm1_name": "Jawa Barat", "adm1_name1": null, "adm1_name2": null, "adm1_name3": null, "adm2_pcode": "ID3216", "adm2_name": "Bekasi", "adm2_name1": null, "adm2_name2": null, "adm2_name3": null, "adm3_pcode": "ID3216130", "adm3_name": "Pebayuran", "adm3_name1": null, "adm3_name2": null, "adm3_name3": null, "adm4_pcode": "ID3216130002", "adm4_name": "Bantarjaya", "adm4_name1": null, "adm4_name2": null, "adm4_name3": null}, "geometry": {"type": "Point", "coordinates": [107.26721315900016, -6.215305]}}, {"type": "Feature", "properties": {"admin_level": 4, "name": "Bantarsari", "name1": null, "name2": null, "name3": null, "adm0_pcode": "ID", "adm0_name": "Indonesia", "valid_on": "2020-04-01", "valid_to": null, "area_sqkm": 5.86690671, "version": "v01", "lang": "en", "lang1": null, "lang2": null, "lang3": null, "y_coord": -6.208435, "x_coord": 107.24772625, "adm1_pcode": "ID32", "adm1_name": "Jawa Barat", "adm1_name1": null, "adm1_name2": null, "adm1_name3": null, "adm2_pcode": "ID3216", "adm2_name": "Bekasi", "adm2_name1": null, "adm2_name2": null, "adm2_name3": null, "adm3_pcode": "ID3216130", "adm3_name": "Pebayuran", "adm3_name1": null, "adm3_name2": null, "adm3_name3": null, "adm4_pcode": "ID3216130001", "adm4_name": "Bantarsari", "adm4_name1": null, "adm4_name2": null, "adm4_name3": null}, "geometry": {"type": "Point", "coordinates": [107.24772625000014, -6.208435]}}, {"type": "Feature", "properties": {"admin_level": 4, "name": "Banyuasih", "name1": null, "name2": null, "name3": null, "adm0_pcode": "ID", "adm0_name": "Indonesia", "valid_on": "2020-04-01", "valid_to": null, "area_sqkm": 4.76358815, "version": "v01", "lang": "en", "lang1": null, "lang2": null, "lang3": null, "y_coord": -6.28205, "x_coord": 107.54131728, "adm1_pcode": "ID32", "adm1_name": "Jawa Barat", "adm1_name1": null, "adm1_name2": null, "adm1_name3": null, "adm2_pcode": "ID3215", "adm2_name": "Karawang", "adm2_name1": null, "adm2_name2": null, "adm2_name3": null, "adm3_pcode": "ID3215071", "adm3_name": "Banyusari", "adm3_name1": null, "adm3_name2": null, "adm3_name3": null, "adm4_pcode": "ID3215071009", "adm4_name": "Banyuasih", "adm4_name1": null, "adm4_name2": null, "adm4_name3": null}, "geometry": {"type": "Point", "coordinates": [107.541317279, -6.28205]}}, {"type": "Feature", "properties": {"admin_level": 4, "name": "Barugbug", "name1": null, "name2": null, "name3": null, "adm0_pcode": "ID", "adm0_name": "Indonesia", "valid_on": "2020-04-01", "valid_to": null, "area_sqkm": 3.05045316, "version": "v01", "lang": "en", "lang1": null, "lang2": null, "lang3": null, "y_coord": -6.4039187, "x_coord": 107.5329248, "adm1_pcode": "ID32", "adm1_name": "Jawa Barat", "adm1_name1": null, "adm1_name2": null, "adm1_name3": null, "adm2_pcode": "ID3215", "adm2_name": "Karawang", "adm2_name1": null, "adm2_name2": null, "adm2_name3": null, "adm3_pcode": "ID3215070", "adm3_name": "Jatisari", "adm3_name1": null, "adm3_name2": null, "adm3_name3": null, "adm4_pcode": "ID3215070004", "adm4_name": "Barugbug", "adm4_name1": null, "adm4_name2": null, "adm4_name3": null}, "geometry": {"type": "Point", "coordinates": [107.53292479700019, -6.403918699999963]}}, {"type": "Feature", "properties": {"admin_level": 4, "name": "Batujaya", "name1": null, "name2": null, "name3": null, "adm0_pcode": "ID", "adm0_name": "Indonesia", "valid_on": "2020-04-01", "valid_to": null, "area_sqkm": 5.78442698, "version": "v01", "lang": "en", "lang1": null, "lang2": null, "lang3": null, "y_coord": -6.05619435, "x_coord": 107.17550131, "adm1_pcode": "ID32", "adm1_name": "Jawa Barat", "adm1_name1": null, "adm1_name2": null, "adm1_name3": null, "adm2_pcode": "ID3215", "adm2_name": "Karawang", "adm2_name1": null, "adm2_name2": null, "adm2_name3": null, "adm3_pcode": "ID3215190", "adm3_name": "Batujaya", "adm3_name1": null, "adm3_name2": null, "adm3_name3": null, "adm4_pcode": "ID3215190008", "adm4_name": "Batujaya", "adm4_name1": null, "adm4_name2": null, "adm4_name3": null}, "geometry": {"type": "Point", "coordinates": [107.17550130800004, -6.056194349999885]}}, {"type": "Feature", "properties": {"admin_level": 4, "name": "Baturaden", "name1": null, "name2": null, "name3": null, "adm0_pcode": "ID", "adm0_name": "Indonesia", "valid_on": "2020-04-01", "valid_to": null, "area_sqkm": 9.52945609, "version": "v01", "lang": "en", "lang1": null, "lang2": null, "lang3": null, "y_coord": -6.03824, "x_coord": 107.18885902, "adm1_pcode": "ID32", "adm1_name": "Jawa Barat", "adm1_name1": null, "adm1_name2": null, "adm1_name3": null, "adm2_pcode": "ID3215", "adm2_name": "Karawang", "adm2_name1": null, "adm2_name2": null, "adm2_name3": null, "adm3_pcode": "ID3215190", "adm3_name": "Batujaya", "adm3_name1": null, "adm3_name2": null, "adm3_name3": null, "adm4_pcode": "ID3215190007", "adm4_name": "Baturaden", "adm4_name1": null, "adm4_name2": null, "adm4_name3": null}, "geometry": {"type": "Point", "coordinates": [107.18885901800019, -6.03824]}}, {"type": "Feature", "properties": {"admin_level": 4, "name": "Bayur Kidul", "name1": null, "name2": null, "name3": null, "adm0_pcode": "ID", "adm0_name": "Indonesia", "valid_on": "2020-04-01", "valid_to": null, "area_sqkm": 3.5212295, "version": "v01", "lang": "en", "lang1": null, "lang2": null, "lang3": null, "y_coord": -6.2630844, "x_coord": 107.51899648, "adm1_pcode": "ID32", "adm1_name": "Jawa Barat", "adm1_name1": null, "adm1_name2": null, "adm1_name3": null, "adm2_pcode": "ID3215", "adm2_name": "Karawang", "adm2_name1": null, "adm2_name2": null, "adm2_name3": null, "adm3_pcode": "ID3215082", "adm3_name": "Cilamaya Kulon", "adm3_name1": null, "adm3_name2": null, "adm3_name3": null, "adm4_pcode": "ID3215082002", "adm4_name": "Bayur Kidul", "adm4_name1": null, "adm4_name2": null, "adm4_name3": null}, "geometry": {"type": "Point", "coordinates": [107.51899647500005, -6.263084399999912]}}, {"type": "Feature", "properties": {"admin_level": 4, "name": "Bayur Lor", "name1": null, "name2": null, "name3": null, "adm0_pcode": "ID", "adm0_name": "Indonesia", "valid_on": "2020-04-01", "valid_to": null, "area_sqkm": 3.89379277, "version": "v01", "lang": "en", "lang1": null, "lang2": null, "lang3": null, "y_coord": -6.248465, "x_coord": 107.52763899, "adm1_pcode": "ID32", "adm1_name": "Jawa Barat", "adm1_name1": null, "adm1_name2": null, "adm1_name3": null, "adm2_pcode": "ID3215", "adm2_name": "Karawang", "adm2_name1": null, "adm2_name2": null, "adm2_name3": null, "adm3_pcode": "ID3215082", "adm3_name": "Cilamaya Kulon", "adm3_name1": null, "adm3_name2": null, "adm3_name3": null, "adm4_pcode": "ID3215082003", "adm4_name": "Bayur Lor", "adm4_name1": null, "adm4_name2": null, "adm4_name3": null}, "geometry": {"type": "Point", "coordinates": [107.52763898900014, -6.24846499999984]}}, {"type": "Feature", "properties": {"admin_level": 4, "name": "Bekasi Jaya", "name1": null, "name2": null, "name3": null, "adm0_pcode": "ID", "adm0_name": "Indonesia", "valid_on": "2020-04-01", "valid_to": null, "area_sqkm": 3.538317, "version": "v01", "lang": "en", "lang1": null, "lang2": null, "lang3": null, "y_coord": -6.2347917, "x_coord": 107.00997114, "adm1_pcode": "ID32", "adm1_name": "Jawa Barat", "adm1_name1": null, "adm1_name2": null, "adm1_name3": null, "adm2_pcode": "ID3275", "adm2_name": "Kota Bekasi", "adm2_name1": null, "adm2_name2": null, "adm2_name3": null, "adm3_pcode": "ID3275040", "adm3_name": "Bekasi Timur", "adm3_name1": null, "adm3_name2": null, "adm3_name3": null, "adm4_pcode": "ID3275040006", "adm4_name": "Bekasi Jaya", "adm4_name1": null, "adm4_name2": null, "adm4_name3": null}, "geometry": {"type": "Point", "coordinates": [107.0099711430002, -6.23479169999996]}}, {"type": "Feature", "properties": {"admin_level": 4, "name": "Belendung", "name1": null, "name2": null, "name3": null, "adm0_pcode": "ID", "adm0_name": "Indonesia", "valid_on": "2020-04-01", "valid_to": null, "area_sqkm": 6.91217049, "version": "v01", "lang": "en", "lang1": null, "lang2": null, "lang3": null, "y_coord": -6.3387969, "x_coord": 107.38921976, "adm1_pcode": "ID32", "adm1_name": "Jawa Barat", "adm1_name1": null, "adm1_name2": null, "adm1_name3": null, "adm2_pcode": "ID3215", "adm2_name": "Karawang", "adm2_name1": null, "adm2_name2": null, "adm2_name3": null, "adm3_pcode": "ID3215040", "adm3_name": "Klari", "adm3_name1": null, "adm3_name2": null, "adm3_name3": null, "adm4_pcode": "ID3215040016", "adm4_name": "Belendung", "adm4_name1": null, "adm4_name2": null, "adm4_name3": null}, "geometry": {"type": "Point", "coordinates": [107.38921975900018, -6.338796899999977]}}, {"type": "Feature", "properties": {"admin_level": 4, "name": "Bendungan", "name1": null, "name2": null, "name3": null, "adm0_pcode": "ID", "adm0_name": "Indonesia", "valid_on": "2020-04-01", "valid_to": null, "area_sqkm": 7.28993843, "version": "v01", "lang": "en", "lang1": null, "lang2": null, "lang3": null, "y_coord": -6.495705, "x_coord": 107.08323609, "adm1_pcode": "ID32", "adm1_name": "Jawa Barat", "adm1_name1": null, "adm1_name2": null, "adm1_name3": null, "adm2_pcode": "ID3201", "adm2_name": "Bogor", "adm2_name1": null, "adm2_name2": null, "adm2_name3": null, "adm3_pcode": "ID3201170", "adm3_name": "Jonggol", "adm3_name1": null, "adm3_name2": null, "adm3_name3": null, "adm4_pcode": "ID3201170008", "adm4_name": "Bendungan", "adm4_name1": null, "adm4_name2": null, "adm4_name3": null}, "geometry": {"type": "Point", "coordinates": [107.08323609000007, -6.495705]}}, {"type": "Feature", "properties": {"admin_level": 4, "name": "Bengle", "name1": null, "name2": null, "name3": null, "adm0_pcode": "ID", "adm0_name": "Indonesia", "valid_on": "2020-04-01", "valid_to": null, "area_sqkm": 5.14978994, "version": "v01", "lang": "en", "lang1": null, "lang2": null, "lang3": null, "y_coord": -6.323815, "x_coord": 107.35495586, "adm1_pcode": "ID32", "adm1_name": "Jawa Barat", "adm1_name1": null, "adm1_name2": null, "adm1_name3": null, "adm2_pcode": "ID3215", "adm2_name": "Karawang", "adm2_name1": null, "adm2_name2": null, "adm2_name3": null, "adm3_pcode": "ID3215111", "adm3_name": "Majalaya", "adm3_name1": null, "adm3_name2": null, "adm3_name3": null, "adm4_pcode": "ID3215111005", "adm4_name": "Bengle", "adm4_name1": null, "adm4_name2": null, "adm4_name3": null}, "geometry": {"type": "Point", "coordinates": [107.35495586500008, -6.323815]}}, {"type": "Feature", "properties": {"admin_level": 4, "name": "Benteng", "name1": null, "name2": null, "name3": null, "adm0_pcode": "ID", "adm0_name": "Indonesia", "valid_on": "2020-04-01", "valid_to": null, "area_sqkm": 5.11364852, "version": "v01", "lang": "en", "lang1": null, "lang2": null, "lang3": null, "y_coord": -6.51907, "x_coord": 107.49677378, "adm1_pcode": "ID32", "adm1_name": "Jawa Barat", "adm1_name1": null, "adm1_name2": null, "adm1_name3": null, "adm2_pcode": "ID3214", "adm2_name": "Purwakarta", "adm2_name1": null, "adm2_name2": null, "adm2_name3": null, "adm3_pcode": "ID3214110", "adm3_name": "Campaka", "adm3_name1": null, "adm3_name2": null, "adm3_name3": null, "adm4_pcode": "ID3214110010", "adm4_name": "Benteng", "adm4_name1": null, "adm4_name2": null, "adm4_name3": null}, "geometry": {"type": "Point", "coordinates": [107.49677378000013, -6.519069999999886]}}, {"type": "Feature", "properties": {"admin_level": 4, "name": "Bojong", "name1": null, "name2": null, "name3": null, "adm0_pcode": "ID", "adm0_name": "Indonesia", "valid_on": "2020-04-01", "valid_to": null, "area_sqkm": 7.43579059, "version": "v01", "lang": "en", "lang1": null, "lang2": null, "lang3": null, "y_coord": -6.45131, "x_coord": 106.99455491, "adm1_pcode": "ID32", "adm1_name": "Jawa Barat", "adm1_name1": null, "adm1_name2": null, "adm1_name3": null, "adm2_pcode": "ID3201", "adm2_name": "Bogor", "adm2_name1": null, "adm2_name2": null, "adm2_name3": null, "adm3_pcode": "ID3201181", "adm3_name": "Kelapa Nunggal", "adm3_name1": null, "adm3_name2": null, "adm3_name3": null, "adm4_pcode": "ID3201181008", "adm4_name": "Bojong", "adm4_name1": null, "adm4_name2": null, "adm4_name3": null}, "geometry": {"type": "Point", "coordinates": [106.99455490900004, -6.45131]}}, {"type": "Feature", "properties": {"admin_level": 4, "name": "Bojong Menteng", "name1": null, "name2": null, "name3": null, "adm0_pcode": "ID", "adm0_name": "Indonesia", "valid_on": "2020-04-01", "valid_to": null, "area_sqkm": 3.90833147, "version": "v01", "lang": "en", "lang1": null, "lang2": null, "lang3": null, "y_coord": -6.29734975, "x_coord": 106.9861048, "adm1_pcode": "ID32", "adm1_name": "Jawa Barat", "adm1_name1": null, "adm1_name2": null, "adm1_name3": null, "adm2_pcode": "ID3275", "adm2_name": "Kota Bekasi", "adm2_name1": null, "adm2_name2": null, "adm2_name3": null, "adm3_pcode": "ID3275041", "adm3_name": "Rawalumbu", "adm3_name1": null, "adm3_name2": null, "adm3_name3": null, "adm4_pcode": "ID3275041001", "adm4_name": "Bojong Menteng", "adm4_name1": null, "adm4_name2": null, "adm4_name3": null}, "geometry": {"type": "Point", "coordinates": [106.98610479600018, -6.29734974999991]}}, {"type": "Feature", "properties": {"admin_level": 4, "name": "Bojong Rawalumbu", "name1": null, "name2": null, "name3": null, "adm0_pcode": "ID", "adm0_name": "Indonesia", "valid_on": "2020-04-01", "valid_to": null, "area_sqkm": 6.37201805, "version": "v01", "lang": "en", "lang1": null, "lang2": null, "lang3": null, "y_coord": -6.28080675, "x_coord": 106.99254356, "adm1_pcode": "ID32", "adm1_name": "Jawa Barat", "adm1_name1": null, "adm1_name2": null, "adm1_name3": null, "adm2_pcode": "ID3275", "adm2_name": "Kota Bekasi", "adm2_name1": null, "adm2_name2": null, "adm2_name3": null, "adm3_pcode": "ID3275041", "adm3_name": "Rawalumbu", "adm3_name1": null, "adm3_name2": null, "adm3_name3": null, "adm4_pcode": "ID3275041002", "adm4_name": "Bojong Rawalumbu", "adm4_name1": null, "adm4_name2": null, "adm4_name3": null}, "geometry": {"type": "Point", "coordinates": [106.99254355500011, -6.280806749999897]}}, {"type": "Feature", "properties": {"admin_level": 4, "name": "Bojongmangu", "name1": null, "name2": null, "name3": null, "adm0_pcode": "ID", "adm0_name": "Indonesia", "valid_on": "2020-04-01", "valid_to": null, "area_sqkm": 14.50202792, "version": "v01", "lang": "en", "lang1": null, "lang2": null, "lang3": null, "y_coord": -6.4445727, "x_coord": 107.1874634, "adm1_pcode": "ID32", "adm1_name": "Jawa Barat", "adm1_name1": null, "adm1_name2": null, "adm1_name3": null, "adm2_pcode": "ID3216", "adm2_name": "Bekasi", "adm2_name1": null, "adm2_name2": null, "adm2_name3": null, "adm3_pcode": "ID3216031", "adm3_name": "Bojongmangu", "adm3_name1": null, "adm3_name2": null, "adm3_name3": null, "adm4_pcode": "ID3216031003", "adm4_name": "Bojongmangu", "adm4_name1": null, "adm4_name2": null, "adm4_name3": null}, "geometry": {"type": "Point", "coordinates": [107.18746340000018, -6.444572699999981]}}, {"type": "Feature", "properties": {"admin_level": 4, "name": "Bojongsari", "name1": null, "name2": null, "name3": null, "adm0_pcode": "ID", "adm0_name": "Indonesia", "valid_on": "2020-04-01", "valid_to": null, "area_sqkm": 3.02299246, "version": "v01", "lang": "en", "lang1": null, "lang2": null, "lang3": null, "y_coord": -6.3258, "x_coord": 107.45512855, "adm1_pcode": "ID32", "adm1_name": "Jawa Barat", "adm1_name1": null, "adm1_name2": null, "adm1_name3": null, "adm2_pcode": "ID3215", "adm2_name": "Karawang", "adm2_name1": null, "adm2_name2": null, "adm2_name3": null, "adm3_pcode": "ID3215060", "adm3_name": "Tirtamulya", "adm3_name1": null, "adm3_name2": null, "adm3_name3": null, "adm4_pcode": "ID3215060009", "adm4_name": "Bojongsari", "adm4_name1": null, "adm4_name2": null, "adm4_name3": null}, "geometry": {"type": "Point", "coordinates": [107.45512855200019, -6.3258]}}, {"type": "Feature", "properties": {"admin_level": 4, "name": "Bojongsari", "name1": null, "name2": null, "name3": null, "adm0_pcode": "ID", "adm0_name": "Indonesia", "valid_on": "2020-04-01", "valid_to": null, "area_sqkm": 2.87905304, "version": "v01", "lang": "en", "lang1": null, "lang2": null, "lang3": null, "y_coord": -6.27326085, "x_coord": 107.25287536, "adm1_pcode": "ID32", "adm1_name": "Jawa Barat", "adm1_name1": null, "adm1_name2": null, "adm1_name3": null, "adm2_pcode": "ID3216", "adm2_name": "Bekasi", "adm2_name1": null, "adm2_name2": null, "adm2_name3": null, "adm3_pcode": "ID3216050", "adm3_name": "Kedungwaringin", "adm3_name1": null, "adm3_name2": null, "adm3_name3": null, "adm4_pcode": "ID3216050002", "adm4_name": "Bojongsari", "adm4_name1": null, "adm4_name2": null, "adm4_name3": null}, "geometry": {"type": "Point", "coordinates": [107.2528753630001, -6.273260849999929]}}, {"type": "Feature", "properties": {"admin_level": 4, "name": "Bolang", "name1": null, "name2": null, "name3": null, "adm0_pcode": "ID", "adm0_name": "Indonesia", "valid_on": "2020-04-01", "valid_to": null, "area_sqkm": 2.46257188, "version": "v01", "lang": "en", "lang1": null, "lang2": null, "lang3": null, "y_coord": -6.068835, "x_coord": 107.3060991, "adm1_pcode": "ID32", "adm1_name": "Jawa Barat", "adm1_name1": null, "adm1_name2": null, "adm1_name3": null, "adm2_pcode": "ID3215", "adm2_name": "Karawang", "adm2_name1": null, "adm2_name2": null, "adm2_name3": null, "adm3_pcode": "ID3215180", "adm3_name": "Tirtajaya", "adm3_name1": null, "adm3_name2": null, "adm3_name3": null, "adm4_pcode": "ID3215180007", "adm4_name": "Bolang", "adm4_name1": null, "adm4_name2": null, "adm4_name3": null}, "geometry": {"type": "Point", "coordinates": [107.30609909700007, -6.068835]}}, {"type": "Feature", "properties": {"admin_level": 4, "name": "Buanajaya", "name1": null, "name2": null, "name3": null, "adm0_pcode": "ID", "adm0_name": "Indonesia", "valid_on": "2020-04-01", "valid_to": null, "area_sqkm": 31.38676731, "version": "v01", "lang": "en", "lang1": null, "lang2": null, "lang3": null, "y_coord": -6.615875, "x_coord": 107.19044764, "adm1_pcode": "ID32", "adm1_name": "Jawa Barat", "adm1_name1": null, "adm1_name2": null, "adm1_name3": null, "adm2_pcode": "ID3201", "adm2_name": "Bogor", "adm2_name1": null, "adm2_name2": null, "adm2_name3": null, "adm3_pcode": "ID3201161", "adm3_name": "Tanjungsari", "adm3_name1": null, "adm3_name2": null, "adm3_name3": null, "adm4_pcode": "ID3201161005", "adm4_name": "Buanajaya", "adm4_name1": null, "adm4_name2": null, "adm4_name3": null}, "geometry": {"type": "Point", "coordinates": [107.1904476380002, -6.615875]}}, {"type": "Feature", "properties": {"admin_level": 4, "name": "Bunder", "name1": null, "name2": null, "name3": null, "adm0_pcode": "ID", "adm0_name": "Indonesia", "valid_on": "2020-04-01", "valid_to": null, "area_sqkm": 3.43184432, "version": "v01", "lang": "en", "lang1": null, "lang2": null, "lang3": null, "y_coord": -6.55456, "x_coord": 107.4301833, "adm1_pcode": "ID32", "adm1_name": "Jawa Barat", "adm1_name1": null, "adm1_name2": null, "adm1_name3": null, "adm2_pcode": "ID3214", "adm2_name": "Purwakarta", "adm2_name1": null, "adm2_name2": null, "adm2_name3": null, "adm3_pcode": "ID3214010", "adm3_name": "Jatiluhur", "adm3_name1": null, "adm3_name2": null, "adm3_name3": null, "adm4_pcode": "ID3214010018", "adm4_name": "Bunder", "adm4_name1": null, "adm4_name2": null, "adm4_name3": null}, "geometry": {"type": "Point", "coordinates": [107.43018329500006, -6.55456]}}, {"type": "Feature", "properties": {"admin_level": 4, "name": "Bungursari", "name1": null, "name2": null, "name3": null, "adm0_pcode": "ID", "adm0_name": "Indonesia", "valid_on": "2020-04-01", "valid_to": null, "area_sqkm": 2.97345054, "version": "v01", "lang": "en", "lang1": null, "lang2": null, "lang3": null, "y_coord": -6.482135, "x_coord": 107.47789075, "adm1_pcode": "ID32", "adm1_name": "Jawa Barat", "adm1_name1": null, "adm1_name2": null, "adm1_name3": null, "adm2_pcode": "ID3214", "adm2_name": "Purwakarta", "adm2_name1": null, "adm2_name2": null, "adm2_name3": null, "adm3_pcode": "ID3214112", "adm3_name": "Bungursari", "adm3_name1": null, "adm3_name2": null, "adm3_name3": null, "adm4_pcode": "ID3214112003", "adm4_name": "Bungursari", "adm4_name1": null, "adm4_name2": null, "adm4_name3": null}, "geometry": {"type": "Point", "coordinates": [107.47789075500015, -6.482135]}}, {"type": "Feature", "properties": {"admin_level": 4, "name": "Bunibakti", "name1": null, "name2": null, "name3": null, "adm0_pcode": "ID", "adm0_name": "Indonesia", "valid_on": "2020-04-01", "valid_to": null, "area_sqkm": 7.49699226, "version": "v01", "lang": "en", "lang1": null, "lang2": null, "lang3": null, "y_coord": -6.10656, "x_coord": 107.03811011, "adm1_pcode": "ID32", "adm1_name": "Jawa Barat", "adm1_name1": null, "adm1_name2": null, "adm1_name3": null, "adm2_pcode": "ID3216", "adm2_name": "Bekasi", "adm2_name1": null, "adm2_name2": null, "adm2_name3": null, "adm3_pcode": "ID3216090", "adm3_name": "Babelan", "adm3_name1": null, "adm3_name2": null, "adm3_name3": null, "adm4_pcode": "ID3216090006", "adm4_name": "Bunibakti", "adm4_name1": null, "adm4_name2": null, "adm4_name3": null}, "geometry": {"type": "Point", "coordinates": [107.03811011500017, -6.10656]}}, {"type": "Feature", "properties": {"admin_level": 4, "name": "Burangkeng", "name1": null, "name2": null, "name3": null, "adm0_pcode": "ID", "adm0_name": "Indonesia", "valid_on": "2020-04-01", "valid_to": null, "area_sqkm": 5.66396839, "version": "v01", "lang": "en", "lang1": null, "lang2": null, "lang3": null, "y_coord": -6.34283465, "x_coord": 107.02682469, "adm1_pcode": "ID32", "adm1_name": "Jawa Barat", "adm1_name1": null, "adm1_name2": null, "adm1_name3": null, "adm2_pcode": "ID3216", "adm2_name": "Bekasi", "adm2_name1": null, "adm2_name2": null, "adm2_name3": null, "adm3_pcode": "ID3216010", "adm3_name": "Setu", "adm3_name1": null, "adm3_name2": null, "adm3_name3": null, "adm4_pcode": "ID3216010007", "adm4_name": "Burangkeng", "adm4_name1": null, "adm4_name2": null, "adm4_name3": null}, "geometry": {"type": "Point", "coordinates": [107.02682469300004, -6.342834649999929]}}, {"type": "Feature", "properties": {"admin_level": 4, "name": "Cadaskertajaya", "name1": null, "name2": null, "name3": null, "adm0_pcode": "ID", "adm0_name": "Indonesia", "valid_on": "2020-04-01", "valid_to": null, "area_sqkm": 3.69892135, "version": "v01", "lang": "en", "lang1": null, "lang2": null, "lang3": null, "y_coord": -6.282015, "x_coord": 107.4116652, "adm1_pcode": "ID32", "adm1_name": "Jawa Barat", "adm1_name1": null, "adm1_name2": null, "adm1_name3": null, "adm2_pcode": "ID3215", "adm2_name": "Karawang", "adm2_name1": null, "adm2_name2": null, "adm2_name3": null, "adm3_pcode": "ID3215100", "adm3_name": "Talagasari", "adm3_name1": null, "adm3_name2": null, "adm3_name3": null, "adm4_pcode": "ID3215100009", "adm4_name": "Cadaskertajaya", "adm4_name1": null, "adm4_name2": null, "adm4_name3": null}, "geometry": {"type": "Point", "coordinates": [107.41166519900014, -6.282015]}}, {"type": "Feature", "properties": {"admin_level": 4, "name": "Campaka", "name1": null, "name2": null, "name3": null, "adm0_pcode": "ID", "adm0_name": "Indonesia", "valid_on": "2020-04-01", "valid_to": null, "area_sqkm": 2.45435407, "version": "v01", "lang": "en", "lang1": null, "lang2": null, "lang3": null, "y_coord": -6.50553, "x_coord": 107.48069, "adm1_pcode": "ID32", "adm1_name": "Jawa Barat", "adm1_name1": null, "adm1_name2": null, "adm1_name3": null, "adm2_pcode": "ID3214", "adm2_name": "Purwakarta", "adm2_name1": null, "adm2_name2": null, "adm2_name3": null, "adm3_pcode": "ID3214110", "adm3_name": "Campaka", "adm3_name1": null, "adm3_name2": null, "adm3_name3": null, "adm4_pcode": "ID3214110011", "adm4_name": "Campaka", "adm4_name1": null, "adm4_name2": null, "adm4_name3": null}, "geometry": {"type": "Point", "coordinates": [107.48069, -6.50553]}}, {"type": "Feature", "properties": {"admin_level": 4, "name": "Campakasari", "name1": null, "name2": null, "name3": null, "adm0_pcode": "ID", "adm0_name": "Indonesia", "valid_on": "2020-04-01", "valid_to": null, "area_sqkm": 1.88157417, "version": "v01", "lang": "en", "lang1": null, "lang2": null, "lang3": null, "y_coord": -6.5180447, "x_coord": 107.48047955, "adm1_pcode": "ID32", "adm1_name": "Jawa Barat", "adm1_name1": null, "adm1_name2": null, "adm1_name3": null, "adm2_pcode": "ID3214", "adm2_name": "Purwakarta", "adm2_name1": null, "adm2_name2": null, "adm2_name3": null, "adm3_pcode": "ID3214110", "adm3_name": "Campaka", "adm3_name1": null, "adm3_name2": null, "adm3_name3": null, "adm4_pcode": "ID3214110012", "adm4_name": "Campakasari", "adm4_name1": null, "adm4_name2": null, "adm4_name3": null}, "geometry": {"type": "Point", "coordinates": [107.48047954700013, -6.518044699999962]}}, {"type": "Feature", "properties": {"admin_level": 4, "name": "Cariu", "name1": null, "name2": null, "name3": null, "adm0_pcode": "ID", "adm0_name": "Indonesia", "valid_on": "2020-04-01", "valid_to": null, "area_sqkm": 7.05761126, "version": "v01", "lang": "en", "lang1": null, "lang2": null, "lang3": null, "y_coord": -6.50917395, "x_coord": 107.12746224, "adm1_pcode": "ID32", "adm1_name": "Jawa Barat", "adm1_name1": null, "adm1_name2": null, "adm1_name3": null, "adm2_pcode": "ID3201", "adm2_name": "Bogor", "adm2_name1": null, "adm2_name2": null, "adm2_name3": null, "adm3_pcode": "ID3201160", "adm3_name": "Cariu", "adm3_name1": null, "adm3_name2": null, "adm3_name3": null, "adm4_pcode": "ID3201160017", "adm4_name": "Cariu", "adm4_name1": null, "adm4_name2": null, "adm4_name3": null}, "geometry": {"type": "Point", "coordinates": [107.12746224000006, -6.509173949999877]}}, {"type": "Feature", "properties": {"admin_level": 4, "name": "Cariumulya", "name1": null, "name2": null, "name3": null, "adm0_pcode": "ID", "adm0_name": "Indonesia", "valid_on": "2020-04-01", "valid_to": null, "area_sqkm": 3.36834641, "version": "v01", "lang": "en", "lang1": null, "lang2": null, "lang3": null, "y_coord": -6.29937, "x_coord": 107.40912288, "adm1_pcode": "ID32", "adm1_name": "Jawa Barat", "adm1_name1": null, "adm1_name2": null, "adm1_name3": null, "adm2_pcode": "ID3215", "adm2_name": "Karawang", "adm2_name1": null, "adm2_name2": null, "adm2_name3": null, "adm3_pcode": "ID3215100", "adm3_name": "Talagasari", "adm3_name1": null, "adm3_name2": null, "adm3_name3": null, "adm4_pcode": "ID3215100003", "adm4_name": "Cariumulya", "adm4_name1": null, "adm4_name2": null, "adm4_name3": null}, "geometry": {"type": "Point", "coordinates": [107.40912288200019, -6.299369999999897]}}, {"type": "Feature", "properties": {"admin_level": 4, "name": "Cemarajaya", "name1": null, "name2": null, "name3": null, "adm0_pcode": "ID", "adm0_name": "Indonesia", "valid_on": "2020-04-01", "valid_to": null, "area_sqkm": 18.57983954, "version": "v01", "lang": "en", "lang1": null, "lang2": null, "lang3": null, "y_coord": -6.00601115, "x_coord": 107.35692375, "adm1_pcode": "ID32", "adm1_name": "Jawa Barat", "adm1_name1": null, "adm1_name2": null, "adm1_name3": null, "adm2_pcode": "ID3215", "adm2_name": "Karawang", "adm2_name1": null, "adm2_name2": null, "adm2_name3": null, "adm3_pcode": "ID3215170", "adm3_name": "Cibuaya", "adm3_name1": null, "adm3_name2": null, "adm3_name3": null, "adm4_pcode": "ID3215170010", "adm4_name": "Cemarajaya", "adm4_name1": null, "adm4_name2": null, "adm4_name3": null}, "geometry": {"type": "Point", "coordinates": [107.3569237490002, -6.006011149999949]}}, {"type": "Feature", "properties": {"admin_level": 4, "name": "Cengkong", "name1": null, "name2": null, "name3": null, "adm0_pcode": "ID", "adm0_name": "Indonesia", "valid_on": "2020-04-01", "valid_to": null, "area_sqkm": 4.20788219, "version": "v01", "lang": "en", "lang1": null, "lang2": null, "lang3": null, "y_coord": -6.36339, "x_coord": 107.39741186, "adm1_pcode": "ID32", "adm1_name": "Jawa Barat", "adm1_name1": null, "adm1_name2": null, "adm1_name3": null, "adm2_pcode": "ID3215", "adm2_name": "Karawang", "adm2_name1": null, "adm2_name2": null, "adm2_name3": null, "adm3_pcode": "ID3215051", "adm3_name": "Purwasari", "adm3_name1": null, "adm3_name2": null, "adm3_name3": null, "adm4_pcode": "ID3215051008", "adm4_name": "Cengkong", "adm4_name1": null, "adm4_name2": null, "adm4_name3": null}, "geometry": {"type": "Point", "coordinates": [107.39741186000003, -6.36339]}}, {"type": "Feature", "properties": {"admin_level": 4, "name": "Ciantra", "name1": null, "name2": null, "name3": null, "adm0_pcode": "ID", "adm0_name": "Indonesia", "valid_on": "2020-04-01", "valid_to": null, "area_sqkm": 5.96328739, "version": "v01", "lang": "en", "lang1": null, "lang2": null, "lang3": null, "y_coord": -6.349425, "x_coord": 107.10304458, "adm1_pcode": "ID32", "adm1_name": "Jawa Barat", "adm1_name1": null, "adm1_name2": null, "adm1_name3": null, "adm2_pcode": "ID3216", "adm2_name": "Bekasi", "adm2_name1": null, "adm2_name2": null, "adm2_name3": null, "adm3_pcode": "ID3216023", "adm3_name": "Cikarang Selatan", "adm3_name1": null, "adm3_name2": null, "adm3_name3": null, "adm4_pcode": "ID3216023002", "adm4_name": "Ciantra", "adm4_name1": null, "adm4_name2": null, "adm4_name3": null}, "geometry": {"type": "Point", "coordinates": [107.1030445830001, -6.349424999999883]}}, {"type": "Feature", "properties": {"admin_level": 4, "name": "Cibadak", "name1": null, "name2": null, "name3": null, "adm0_pcode": "ID", "adm0_name": "Indonesia", "valid_on": "2020-04-01", "valid_to": null, "area_sqkm": 28.17812841, "version": "v01", "lang": "en", "lang1": null, "lang2": null, "lang3": null, "y_coord": -6.619545, "x_coord": 107.10547385, "adm1_pcode": "ID32", "adm1_name": "Jawa Barat", "adm1_name1": null, "adm1_name2": null, "adm1_name3": null, "adm2_pcode": "ID3201", "adm2_name": "Bogor", "adm2_name1": null, "adm2_name2": null, "adm2_name3": null, "adm3_pcode": "ID3201161", "adm3_name": "Tanjungsari", "adm3_name1": null, "adm3_name2": null, "adm3_name3": null, "adm4_pcode": "ID3201161001", "adm4_name": "Cibadak", "adm4_name1": null, "adm4_name2": null, "adm4_name3": null}, "geometry": {"type": "Point", "coordinates": [107.10547384900019, -6.619545]}}, {"type": "Feature", "properties": {"admin_level": 4, "name": "Cibadak", "name1": null, "name2": null, "name3": null, "adm0_pcode": "ID", "adm0_name": "Indonesia", "valid_on": "2020-04-01", "valid_to": null, "area_sqkm": 4.20565274, "version": "v01", "lang": "en", "lang1": null, "lang2": null, "lang3": null, "y_coord": -6.244595, "x_coord": 107.38068246, "adm1_pcode": "ID32", "adm1_name": "Jawa Barat", "adm1_name1": null, "adm1_name2": null, "adm1_name3": null, "adm2_pcode": "ID3215", "adm2_name": "Karawang", "adm2_name1": null, "adm2_name2": null, "adm2_name3": null, "adm3_pcode": "ID3215120", "adm3_name": "Rawamerta", "adm3_name1": null, "adm3_name2": null, "adm3_name3": null, "adm4_pcode": "ID3215120003", "adm4_name": "Cibadak", "adm4_name1": null, "adm4_name2": null, "adm4_name3": null}, "geometry": {"type": "Point", "coordinates": [107.38068246000017, -6.24459499999989]}}, {"type": "Feature", "properties": {"admin_level": 4, "name": "Cibalongsari", "name1": null, "name2": null, "name3": null, "adm0_pcode": "ID", "adm0_name": "Indonesia", "valid_on": "2020-04-01", "valid_to": null, "area_sqkm": 4.67418067, "version": "v01", "lang": "en", "lang1": null, "lang2": null, "lang3": null, "y_coord": -6.350735, "x_coord": 107.37047567, "adm1_pcode": "ID32", "adm1_name": "Jawa Barat", "adm1_name1": null, "adm1_name2": null, "adm1_name3": null, "adm2_pcode": "ID3215", "adm2_name": "Karawang", "adm2_name1": null, "adm2_name2": null, "adm2_name3": null, "adm3_pcode": "ID3215040", "adm3_name": "Klari", "adm3_name1": null, "adm3_name2": null, "adm3_name3": null, "adm4_pcode": "ID3215040012", "adm4_name": "Cibalongsari", "adm4_name1": null, "adm4_name2": null, "adm4_name3": null}, "geometry": {"type": "Point", "coordinates": [107.37047567300004, -6.350735]}}, {"type": "Feature", "properties": {"admin_level": 4, "name": "Cibarusahjaya", "name1": null, "name2": null, "name3": null, "adm0_pcode": "ID", "adm0_name": "Indonesia", "valid_on": "2020-04-01", "valid_to": null, "area_sqkm": 3.01727058, "version": "v01", "lang": "en", "lang1": null, "lang2": null, "lang3": null, "y_coord": -6.43206355, "x_coord": 107.06713133, "adm1_pcode": "ID32", "adm1_name": "Jawa Barat", "adm1_name1": null, "adm1_name2": null, "adm1_name3": null, "adm2_pcode": "ID3216", "adm2_name": "Bekasi", "adm2_name1": null, "adm2_name2": null, "adm2_name3": null, "adm3_pcode": "ID3216030", "adm3_name": "Cibarusah", "adm3_name1": null, "adm3_name2": null, "adm3_name3": null, "adm4_pcode": "ID3216030001", "adm4_name": "Cibarusahjaya", "adm4_name1": null, "adm4_name2": null, "adm4_name3": null}, "geometry": {"type": "Point", "coordinates": [107.06713132599998, -6.432063549999896]}}, {"type": "Feature", "properties": {"admin_level": 4, "name": "Cibarusahkota", "name1": null, "name2": null, "name3": null, "adm0_pcode": "ID", "adm0_name": "Indonesia", "valid_on": "2020-04-01", "valid_to": null, "area_sqkm": 2.48959493, "version": "v01", "lang": "en", "lang1": null, "lang2": null, "lang3": null, "y_coord": -6.43212655, "x_coord": 107.08187423, "adm1_pcode": "ID32", "adm1_name": "Jawa Barat", "adm1_name1": null, "adm1_name2": null, "adm1_name3": null, "adm2_pcode": "ID3216", "adm2_name": "Bekasi", "adm2_name1": null, "adm2_name2": null, "adm2_name3": null, "adm3_pcode": "ID3216030", "adm3_name": "Cibarusah", "adm3_name1": null, "adm3_name2": null, "adm3_name3": null, "adm4_pcode": "ID3216030002", "adm4_name": "Cibarusahkota", "adm4_name1": null, "adm4_name2": null, "adm4_name3": null}, "geometry": {"type": "Point", "coordinates": [107.08187422500009, -6.432126549999964]}}, {"type": "Feature", "properties": {"admin_level": 4, "name": "Cibatu", "name1": null, "name2": null, "name3": null, "adm0_pcode": "ID", "adm0_name": "Indonesia", "valid_on": "2020-04-01", "valid_to": null, "area_sqkm": 3.16073667, "version": "v01", "lang": "en", "lang1": null, "lang2": null, "lang3": null, "y_coord": -6.50165975, "x_coord": 107.5331096, "adm1_pcode": "ID32", "adm1_name": "Jawa Barat", "adm1_name1": null, "adm1_name2": null, "adm1_name3": null, "adm2_pcode": "ID3214", "adm2_name": "Purwakarta", "adm2_name1": null, "adm2_name2": null, "adm2_name3": null, "adm3_pcode": "ID3214111", "adm3_name": "Cibatu", "adm3_name1": null, "adm3_name2": null, "adm3_name3": null, "adm4_pcode": "ID3214111009", "adm4_name": "Cibatu", "adm4_name1": null, "adm4_name2": null, "adm4_name3": null}, "geometry": {"type": "Point", "coordinates": [107.53310960200008, -6.501659749999874]}}, {"type": "Feature", "properties": {"admin_level": 4, "name": "Cibatu", "name1": null, "name2": null, "name3": null, "adm0_pcode": "ID", "adm0_name": "Indonesia", "valid_on": "2020-04-01", "valid_to": null, "area_sqkm": 14.3699451, "version": "v01", "lang": "en", "lang1": null, "lang2": null, "lang3": null, "y_coord": -6.336475, "x_coord": 107.15261905, "adm1_pcode": "ID32", "adm1_name": "Jawa Barat", "adm1_name1": null, "adm1_name2": null, "adm1_name3": null, "adm2_pcode": "ID3216", "adm2_name": "Bekasi", "adm2_name1": null, "adm2_name2": null, "adm2_name3": null, "adm3_pcode": "ID3216023", "adm3_name": "Cikarang Selatan", "adm3_name1": null, "adm3_name2": null, "adm3_name3": null, "adm4_pcode": "ID3216023006", "adm4_name": "Cibatu", "adm4_name1": null, "adm4_name2": null, "adm4_name3": null}, "geometry": {"type": "Point", "coordinates": [107.15261905000017, -6.336474999999893]}}, {"type": "Feature", "properties": {"admin_level": 4, "name": "Cibatu Tiga", "name1": null, "name2": null, "name3": null, "adm0_pcode": "ID", "adm0_name": "Indonesia", "valid_on": "2020-04-01", "valid_to": null, "area_sqkm": 9.02306687, "version": "v01", "lang": "en", "lang1": null, "lang2": null, "lang3": null, "y_coord": -6.53877, "x_coord": 107.13688867, "adm1_pcode": "ID32", "adm1_name": "Jawa Barat", "adm1_name1": null, "adm1_name2": null, "adm1_name3": null, "adm2_pcode": "ID3201", "adm2_name": "Bogor", "adm2_name1": null, "adm2_name2": null, "adm2_name3": null, "adm3_pcode": "ID3201160", "adm3_name": "Cariu", "adm3_name1": null, "adm3_name2": null, "adm3_name3": null, "adm4_pcode": "ID3201160014", "adm4_name": "Cibatu Tiga", "adm4_name1": null, "adm4_name2": null, "adm4_name3": null}, "geometry": {"type": "Point", "coordinates": [107.1368886730001, -6.538769999999886]}}, {"type": "Feature", "properties": {"admin_level": 4, "name": "Cibening", "name1": null, "name2": null, "name3": null, "adm0_pcode": "ID", "adm0_name": "Indonesia", "valid_on": "2020-04-01", "valid_to": null, "area_sqkm": 4.27349131, "version": "v01", "lang": "en", "lang1": null, "lang2": null, "lang3": null, "y_coord": -6.48977, "x_coord": 107.47263008, "adm1_pcode": "ID32", "adm1_name": "Jawa Barat", "adm1_name1": null, "adm1_name2": null, "adm1_name3": null, "adm2_pcode": "ID3214", "adm2_name": "Purwakarta", "adm2_name1": null, "adm2_name2": null, "adm2_name3": null, "adm3_pcode": "ID3214112", "adm3_name": "Bungursari", "adm3_name1": null, "adm3_name2": null, "adm3_name3": null, "adm4_pcode": "ID3214112002", "adm4_name": "Cibening", "adm4_name1": null, "adm4_name2": null, "adm4_name3": null}, "geometry": {"type": "Point", "coordinates": [107.4726300760002, -6.48977]}}, {"type": "Feature", "properties": {"admin_level": 4, "name": "Cibening", "name1": null, "name2": null, "name3": null, "adm0_pcode": "ID", "adm0_name": "Indonesia", "valid_on": "2020-04-01", "valid_to": null, "area_sqkm": 8.0567351, "version": "v01", "lang": "en", "lang1": null, "lang2": null, "lang3": null, "y_coord": -6.3532, "x_coord": 107.06224236, "adm1_pcode": "ID32", "adm1_name": "Jawa Barat", "adm1_name1": null, "adm1_name2": null, "adm1_name3": null, "adm2_pcode": "ID3216", "adm2_name": "Bekasi", "adm2_name1": null, "adm2_name2": null, "adm2_name3": null, "adm3_pcode": "ID3216010", "adm3_name": "Setu", "adm3_name1": null, "adm3_name2": null, "adm3_name3": null, "adm4_pcode": "ID3216010009", "adm4_name": "Cibening", "adm4_name1": null, "adm4_name2": null, "adm4_name3": null}, "geometry": {"type": "Point", "coordinates": [107.06224236500003, -6.3532]}}, {"type": "Feature", "properties": {"admin_level": 4, "name": "Ciberes", "name1": null, "name2": null, "name3": null, "adm0_pcode": "ID", "adm0_name": "Indonesia", "valid_on": "2020-04-01", "valid_to": null, "area_sqkm": 6.23317571, "version": "v01", "lang": "en", "lang1": null, "lang2": null, "lang3": null, "y_coord": -6.3773995, "x_coord": 107.58851881, "adm1_pcode": "ID32", "adm1_name": "Jawa Barat", "adm1_name1": null, "adm1_name2": null, "adm1_name3": null, "adm2_pcode": "ID3213", "adm2_name": "Subang", "adm2_name1": null, "adm2_name2": null, "adm2_name3": null, "adm3_pcode": "ID3213110", "adm3_name": "Patokbeusi", "adm3_name1": null, "adm3_name2": null, "adm3_name3": null, "adm4_pcode": "ID3213110005", "adm4_name": "Ciberes", "adm4_name1": null, "adm4_name2": null, "adm4_name3": null}, "geometry": {"type": "Point", "coordinates": [107.58851880700018, -6.37739949999991]}}, {"type": "Feature", "properties": {"admin_level": 4, "name": "Cibinong", "name1": null, "name2": null, "name3": null, "adm0_pcode": "ID", "adm0_name": "Indonesia", "valid_on": "2020-04-01", "valid_to": null, "area_sqkm": 4.87936181, "version": "v01", "lang": "en", "lang1": null, "lang2": null, "lang3": null, "y_coord": -6.571859, "x_coord": 107.41181328, "adm1_pcode": "ID32", "adm1_name": "Jawa Barat", "adm1_name1": null, "adm1_name2": null, "adm1_name3": null, "adm2_pcode": "ID3214", "adm2_name": "Purwakarta", "adm2_name1": null, "adm2_name2": null, "adm2_name3": null, "adm3_pcode": "ID3214010", "adm3_name": "Jatiluhur", "adm3_name1": null, "adm3_name2": null, "adm3_name3": null, "adm4_pcode": "ID3214010011", "adm4_name": "Cibinong", "adm4_name1": null, "adm4_name2": null, "adm4_name3": null}, "geometry": {"type": "Point", "coordinates": [107.41181327800007, -6.571859]}}, {"type": "Feature", "properties": {"admin_level": 4, "name": "Cibodas", "name1": null, "name2": null, "name3": null, "adm0_pcode": "ID", "adm0_name": "Indonesia", "valid_on": "2020-04-01", "valid_to": null, "area_sqkm": 14.68481315, "version": "v01", "lang": "en", "lang1": null, "lang2": null, "lang3": null, "y_coord": -6.502445, "x_coord": 107.03282579, "adm1_pcode": "ID32", "adm1_name": "Jawa Barat", "adm1_name1": null, "adm1_name2": null, "adm1_name3": null, "adm2_pcode": "ID3201", "adm2_name": "Bogor", "adm2_name1": null, "adm2_name2": null, "adm2_name3": null, "adm3_pcode": "ID3201170", "adm3_name": "Jonggol", "adm3_name1": null, "adm3_name2": null, "adm3_name3": null, "adm4_pcode": "ID3201170003", "adm4_name": "Cibodas", "adm4_name1": null, "adm4_name2": null, "adm4_name3": null}, "geometry": {"type": "Point", "coordinates": [107.03282579200015, -6.502444999999852]}}, {"type": "Feature", "properties": {"admin_level": 4, "name": "Cibodas", "name1": null, "name2": null, "name3": null, "adm0_pcode": "ID", "adm0_name": "Indonesia", "valid_on": "2020-04-01", "valid_to": null, "area_sqkm": 3.5736877, "version": "v01", "lang": "en", "lang1": null, "lang2": null, "lang3": null, "y_coord": -6.42015745, "x_coord": 107.50489304, "adm1_pcode": "ID32", "adm1_name": "Jawa Barat", "adm1_name1": null, "adm1_name2": null, "adm1_name3": null, "adm2_pcode": "ID3214", "adm2_name": "Purwakarta", "adm2_name1": null, "adm2_name2": null, "adm2_name3": null, "adm3_pcode": "ID3214112", "adm3_name": "Bungursari", "adm3_name1": null, "adm3_name2": null, "adm3_name3": null, "adm4_pcode": "ID3214112010", "adm4_name": "Cibodas", "adm4_name1": null, "adm4_name2": null, "adm4_name3": null}, "geometry": {"type": "Point", "coordinates": [107.504893035, -6.42015744999992]}}, {"type": "Feature", "properties": {"admin_level": 4, "name": "Cibuaya", "name1": null, "name2": null, "name3": null, "adm0_pcode": "ID", "adm0_name": "Indonesia", "valid_on": "2020-04-01", "valid_to": null, "area_sqkm": 2.76481408, "version": "v01", "lang": "en", "lang1": null, "lang2": null, "lang3": null, "y_coord": -6.05162, "x_coord": 107.35719364, "adm1_pcode": "ID32", "adm1_name": "Jawa Barat", "adm1_name1": null, "adm1_name2": null, "adm1_name3": null, "adm2_pcode": "ID3215", "adm2_name": "Karawang", "adm2_name1": null, "adm2_name2": null, "adm2_name3": null, "adm3_pcode": "ID3215170", "adm3_name": "Cibuaya", "adm3_name1": null, "adm3_name2": null, "adm3_name3": null, "adm4_pcode": "ID3215170003", "adm4_name": "Cibuaya", "adm4_name1": null, "adm4_name2": null, "adm4_name3": null}, "geometry": {"type": "Point", "coordinates": [107.35719364300013, -6.05162]}}, {"type": "Feature", "properties": {"admin_level": 4, "name": "Cibukamanah", "name1": null, "name2": null, "name3": null, "adm0_pcode": "ID", "adm0_name": "Indonesia", "valid_on": "2020-04-01", "valid_to": null, "area_sqkm": 10.40825943, "version": "v01", "lang": "en", "lang1": null, "lang2": null, "lang3": null, "y_coord": -6.54864, "x_coord": 107.52588682, "adm1_pcode": "ID32", "adm1_name": "Jawa Barat", "adm1_name1": null, "adm1_name2": null, "adm1_name3": null, "adm2_pcode": "ID3214", "adm2_name": "Purwakarta", "adm2_name1": null, "adm2_name2": null, "adm2_name3": null, "adm3_pcode": "ID3214111", "adm3_name": "Cibatu", "adm3_name1": null, "adm3_name2": null, "adm3_name3": null, "adm4_pcode": "ID3214111003", "adm4_name": "Cibukamanah", "adm4_name1": null, "adm4_name2": null, "adm4_name3": null}, "geometry": {"type": "Point", "coordinates": [107.52588681800006, -6.54864]}}, {"type": "Feature", "properties": {"admin_level": 4, "name": "Cibungur", "name1": null, "name2": null, "name3": null, "adm0_pcode": "ID", "adm0_name": "Indonesia", "valid_on": "2020-04-01", "valid_to": null, "area_sqkm": 4.55936257, "version": "v01", "lang": "en", "lang1": null, "lang2": null, "lang3": null, "y_coord": -6.467245, "x_coord": 107.47045101, "adm1_pcode": "ID32", "adm1_name": "Jawa Barat", "adm1_name1": null, "adm1_name2": null, "adm1_name3": null, "adm2_pcode": "ID3214", "adm2_name": "Purwakarta", "adm2_name1": null, "adm2_name2": null, "adm2_name3": null, "adm3_pcode": "ID3214112", "adm3_name": "Bungursari", "adm3_name1": null, "adm3_name2": null, "adm3_name3": null, "adm4_pcode": "ID3214112004", "adm4_name": "Cibungur", "adm4_name1": null, "adm4_name2": null, "adm4_name3": null}, "geometry": {"type": "Point", "coordinates": [107.47045101300012, -6.467244999999878]}}, {"type": "Feature", "properties": {"admin_level": 4, "name": "Cibuntu", "name1": null, "name2": null, "name3": null, "adm0_pcode": "ID", "adm0_name": "Indonesia", "valid_on": "2020-04-01", "valid_to": null, "area_sqkm": 5.65886998, "version": "v01", "lang": "en", "lang1": null, "lang2": null, "lang3": null, "y_coord": -6.28681, "x_coord": 107.06550649, "adm1_pcode": "ID32", "adm1_name": "Jawa Barat", "adm1_name1": null, "adm1_name2": null, "adm1_name3": null, "adm2_pcode": "ID3216", "adm2_name": "Bekasi", "adm2_name1": null, "adm2_name2": null, "adm2_name3": null, "adm3_pcode": "ID3216070", "adm3_name": "Cibitung", "adm3_name1": null, "adm3_name2": null, "adm3_name3": null, "adm4_pcode": "ID3216070006", "adm4_name": "Cibuntu", "adm4_name1": null, "adm4_name2": null, "adm4_name3": null}, "geometry": {"type": "Point", "coordinates": [107.065506486, -6.28681]}}, {"type": "Feature", "properties": {"admin_level": 4, "name": "Cicadas", "name1": null, "name2": null, "name3": null, "adm0_pcode": "ID", "adm0_name": "Indonesia", "valid_on": "2020-04-01", "valid_to": null, "area_sqkm": 8.74381826, "version": "v01", "lang": "en", "lang1": null, "lang2": null, "lang3": null, "y_coord": -6.484755, "x_coord": 107.40890854, "adm1_pcode": "ID32", "adm1_name": "Jawa Barat", "adm1_name1": null, "adm1_name2": null, "adm1_name3": null, "adm2_pcode": "ID3214", "adm2_name": "Purwakarta", "adm2_name1": null, "adm2_name2": null, "adm2_name3": null, "adm3_pcode": "ID3214101", "adm3_name": "Babakancikao", "adm3_name1": null, "adm3_name2": null, "adm3_name3": null, "adm4_pcode": "ID3214101008", "adm4_name": "Cicadas", "adm4_name1": null, "adm4_name2": null, "adm4_name3": null}, "geometry": {"type": "Point", "coordinates": [107.40890854000008, -6.484754999999893]}}, {"type": "Feature", "properties": {"admin_level": 4, "name": "Cicau", "name1": null, "name2": null, "name3": null, "adm0_pcode": "ID", "adm0_name": "Indonesia", "valid_on": "2020-04-01", "valid_to": null, "area_sqkm": 10.44584276, "version": "v01", "lang": "en", "lang1": null, "lang2": null, "lang3": null, "y_coord": -6.36641, "x_coord": 107.15198367, "adm1_pcode": "ID32", "adm1_name": "Jawa Barat", "adm1_name1": null, "adm1_name2": null, "adm1_name3": null, "adm2_pcode": "ID3216", "adm2_name": "Bekasi", "adm2_name1": null, "adm2_name2": null, "adm2_name3": null, "adm3_pcode": "ID3216022", "adm3_name": "Cikarang Pusat", "adm3_name1": null, "adm3_name2": null, "adm3_name3": null, "adm4_pcode": "ID3216022001", "adm4_name": "Cicau", "adm4_name1": null, "adm4_name2": null, "adm4_name3": null}, "geometry": {"type": "Point", "coordinates": [107.15198366700008, -6.36641]}}, {"type": "Feature", "properties": {"admin_level": 4, "name": "Cicinde Selatan", "name1": null, "name2": null, "name3": null, "adm0_pcode": "ID", "adm0_name": "Indonesia", "valid_on": "2020-04-01", "valid_to": null, "area_sqkm": 4.54739462, "version": "v01", "lang": "en", "lang1": null, "lang2": null, "lang3": null, "y_coord": -6.3355386, "x_coord": 107.55874509, "adm1_pcode": "ID32", "adm1_name": "Jawa Barat", "adm1_name1": null, "adm1_name2": null, "adm1_name3": null, "adm2_pcode": "ID3215", "adm2_name": "Karawang", "adm2_name1": null, "adm2_name2": null, "adm2_name3": null, "adm3_pcode": "ID3215071", "adm3_name": "Banyusari", "adm3_name1": null, "adm3_name2": null, "adm3_name3": null, "adm4_pcode": "ID3215071002", "adm4_name": "Cicinde Selatan", "adm4_name1": null, "adm4_name2": null, "adm4_name3": null}, "geometry": {"type": "Point", "coordinates": [107.55874509200004, -6.33553859999995]}}, {"type": "Feature", "properties": {"admin_level": 4, "name": "Cicinde Utara", "name1": null, "name2": null, "name3": null, "adm0_pcode": "ID", "adm0_name": "Indonesia", "valid_on": "2020-04-01", "valid_to": null, "area_sqkm": 4.30061214, "version": "v01", "lang": "en", "lang1": null, "lang2": null, "lang3": null, "y_coord": -6.32212425, "x_coord": 107.56243583, "adm1_pcode": "ID32", "adm1_name": "Jawa Barat", "adm1_name1": null, "adm1_name2": null, "adm1_name3": null, "adm2_pcode": "ID3215", "adm2_name": "Karawang", "adm2_name1": null, "adm2_name2": null, "adm2_name3": null, "adm3_pcode": "ID3215071", "adm3_name": "Banyusari", "adm3_name1": null, "adm3_name2": null, "adm3_name3": null, "adm4_pcode": "ID3215071003", "adm4_name": "Cicinde Utara", "adm4_name1": null, "adm4_name2": null, "adm4_name3": null}, "geometry": {"type": "Point", "coordinates": [107.56243583100013, -6.322124249999945]}}, {"type": "Feature", "properties": {"admin_level": 4, "name": "Cidahu", "name1": null, "name2": null, "name3": null, "adm0_pcode": "ID", "adm0_name": "Indonesia", "valid_on": "2020-04-01", "valid_to": null, "area_sqkm": 1.31735221, "version": "v01", "lang": "en", "lang1": null, "lang2": null, "lang3": null, "y_coord": -6.58717, "x_coord": 107.45353882, "adm1_pcode": "ID32", "adm1_name": "Jawa Barat", "adm1_name1": null, "adm1_name2": null, "adm1_name3": null, "adm2_pcode": "ID3214", "adm2_name": "Purwakarta", "adm2_name1": null, "adm2_name2": null, "adm2_name3": null, "adm3_pcode": "ID3214090", "adm3_name": "Pasawahan", "adm3_name1": null, "adm3_name2": null, "adm3_name3": null, "adm4_pcode": "ID3214090010", "adm4_name": "Cidahu", "adm4_name1": null, "adm4_name2": null, "adm4_name3": null}, "geometry": {"type": "Point", "coordinates": [107.4535388220001, -6.58717]}}, {"type": "Feature", "properties": {"admin_level": 4, "name": "Cigelam", "name1": null, "name2": null, "name3": null, "adm0_pcode": "ID", "adm0_name": "Indonesia", "valid_on": "2020-04-01", "valid_to": null, "area_sqkm": 14.15628361, "version": "v01", "lang": "en", "lang1": null, "lang2": null, "lang3": null, "y_coord": -6.4778, "x_coord": 107.43784838, "adm1_pcode": "ID32", "adm1_name": "Jawa Barat", "adm1_name1": null, "adm1_name2": null, "adm1_name3": null, "adm2_pcode": "ID3214", "adm2_name": "Purwakarta", "adm2_name1": null, "adm2_name2": null, "adm2_name3": null, "adm3_pcode": "ID3214101", "adm3_name": "Babakancikao", "adm3_name1": null, "adm3_name2": null, "adm3_name3": null, "adm4_pcode": "ID3214101004", "adm4_name": "Cigelam", "adm4_name1": null, "adm4_name2": null, "adm4_name3": null}, "geometry": {"type": "Point", "coordinates": [107.4378483820002, -6.4778]}}, {"type": "Feature", "properties": {"admin_level": 4, "name": "Cigunungsari", "name1": null, "name2": null, "name3": null, "adm0_pcode": "ID", "adm0_name": "Indonesia", "valid_on": "2020-04-01", "valid_to": null, "area_sqkm": 8.7950126, "version": "v01", "lang": "en", "lang1": null, "lang2": null, "lang3": null, "y_coord": -6.539095, "x_coord": 107.20669845, "adm1_pcode": "ID32", "adm1_name": "Jawa Barat", "adm1_name1": null, "adm1_name2": null, "adm1_name3": null, "adm2_pcode": "ID3215", "adm2_name": "Karawang", "adm2_name1": null, "adm2_name2": null, "adm2_name3": null, "adm3_pcode": "ID3215011", "adm3_name": "Tegalwaru", "adm3_name1": null, "adm3_name2": null, "adm3_name3": null, "adm4_pcode": "ID3215011002", "adm4_name": "Cigunungsari", "adm4_name1": null, "adm4_name2": null, "adm4_name3": null}, "geometry": {"type": "Point", "coordinates": [107.20669844800011, -6.539095]}}, {"type": "Feature", "properties": {"admin_level": 4, "name": "Cihambulu", "name1": null, "name2": null, "name3": null, "adm0_pcode": "ID", "adm0_name": "Indonesia", "valid_on": "2020-04-01", "valid_to": null, "area_sqkm": 6.29971277, "version": "v01", "lang": "en", "lang1": null, "lang2": null, "lang3": null, "y_coord": -6.42967, "x_coord": 107.55122722, "adm1_pcode": "ID32", "adm1_name": "Jawa Barat", "adm1_name1": null, "adm1_name2": null, "adm1_name3": null, "adm2_pcode": "ID3213", "adm2_name": "Subang", "adm2_name1": null, "adm2_name2": null, "adm2_name3": null, "adm3_pcode": "ID3213100", "adm3_name": "Pabuaran", "adm3_name1": null, "adm3_name2": null, "adm3_name3": null, "adm4_pcode": "ID3213100002", "adm4_name": "Cihambulu", "adm4_name1": null, "adm4_name2": null, "adm4_name3": null}, "geometry": {"type": "Point", "coordinates": [107.55122721900017, -6.42967]}}, {"type": "Feature", "properties": {"admin_level": 4, "name": "Ciherang", "name1": null, "name2": null, "name3": null, "adm0_pcode": "ID", "adm0_name": "Indonesia", "valid_on": "2020-04-01", "valid_to": null, "area_sqkm": 1.70668896, "version": "v01", "lang": "en", "lang1": null, "lang2": null, "lang3": null, "y_coord": -6.598805, "x_coord": 107.45665611, "adm1_pcode": "ID32", "adm1_name": "Jawa Barat", "adm1_name1": null, "adm1_name2": null, "adm1_name3": null, "adm2_pcode": "ID3214", "adm2_name": "Purwakarta", "adm2_name1": null, "adm2_name2": null, "adm2_name3": null, "adm3_pcode": "ID3214090", "adm3_name": "Pasawahan", "adm3_name1": null, "adm3_name2": null, "adm3_name3": null, "adm4_pcode": "ID3214090009", "adm4_name": "Ciherang", "adm4_name1": null, "adm4_name2": null, "adm4_name3": null}, "geometry": {"type": "Point", "coordinates": [107.45665611400011, -6.598805]}}, {"type": "Feature", "properties": {"admin_level": 4, "name": "Cihuni", "name1": null, "name2": null, "name3": null, "adm0_pcode": "ID", "adm0_name": "Indonesia", "valid_on": "2020-04-01", "valid_to": null, "area_sqkm": 0.62752162, "version": "v01", "lang": "en", "lang1": null, "lang2": null, "lang3": null, "y_coord": -6.566707, "x_coord": 107.46413211, "adm1_pcode": "ID32", "adm1_name": "Jawa Barat", "adm1_name1": null, "adm1_name2": null, "adm1_name3": null, "adm2_pcode": "ID3214", "adm2_name": "Purwakarta", "adm2_name1": null, "adm2_name2": null, "adm2_name3": null, "adm3_pcode": "ID3214090", "adm3_name": "Pasawahan", "adm3_name1": null, "adm3_name2": null, "adm3_name3": null, "adm4_pcode": "ID3214090016", "adm4_name": "Cihuni", "adm4_name1": null, "adm4_name2": null, "adm4_name3": null}, "geometry": {"type": "Point", "coordinates": [107.46413210900005, -6.566706999999894]}}, {"type": "Feature", "properties": {"admin_level": 4, "name": "Cijantung", "name1": null, "name2": null, "name3": null, "adm0_pcode": "ID", "adm0_name": "Indonesia", "valid_on": "2020-04-01", "valid_to": null, "area_sqkm": 2.61619952, "version": "v01", "lang": "en", "lang1": null, "lang2": null, "lang3": null, "y_coord": -6.584684, "x_coord": 107.42741506, "adm1_pcode": "ID32", "adm1_name": "Jawa Barat", "adm1_name1": null, "adm1_name2": null, "adm1_name3": null, "adm2_pcode": "ID3214", "adm2_name": "Purwakarta", "adm2_name1": null, "adm2_name2": null, "adm2_name3": null, "adm3_pcode": "ID3214050", "adm3_name": "Sukatani", "adm3_name1": null, "adm3_name2": null, "adm3_name3": null, "adm4_pcode": "ID3214050015", "adm4_name": "Cijantung", "adm4_name1": null, "adm4_name2": null, "adm4_name3": null}, "geometry": {"type": "Point", "coordinates": [107.42741506200008, -6.584684]}}, {"type": "Feature", "properties": {"admin_level": 4, "name": "Cijaya", "name1": null, "name2": null, "name3": null, "adm0_pcode": "ID", "adm0_name": "Indonesia", "valid_on": "2020-04-01", "valid_to": null, "area_sqkm": 3.50859123, "version": "v01", "lang": "en", "lang1": null, "lang2": null, "lang3": null, "y_coord": -6.49261, "x_coord": 107.50526083, "adm1_pcode": "ID32", "adm1_name": "Jawa Barat", "adm1_name1": null, "adm1_name2": null, "adm1_name3": null, "adm2_pcode": "ID3214", "adm2_name": "Purwakarta", "adm2_name1": null, "adm2_name2": null, "adm2_name3": null, "adm3_pcode": "ID3214110", "adm3_name": "Campaka", "adm3_name1": null, "adm3_name2": null, "adm3_name3": null, "adm4_pcode": "ID3214110027", "adm4_name": "Cijaya", "adm4_name1": null, "adm4_name2": null, "adm4_name3": null}, "geometry": {"type": "Point", "coordinates": [107.50526083300008, -6.49261]}}, {"type": "Feature", "properties": {"admin_level": 4, "name": "Cijengkol", "name1": null, "name2": null, "name3": null, "adm0_pcode": "ID", "adm0_name": "Indonesia", "valid_on": "2020-04-01", "valid_to": null, "area_sqkm": 3.78041782, "version": "v01", "lang": "en", "lang1": null, "lang2": null, "lang3": null, "y_coord": -6.32183285, "x_coord": 107.04038091, "adm1_pcode": "ID32", "adm1_name": "Jawa Barat", "adm1_name1": null, "adm1_name2": null, "adm1_name3": null, "adm2_pcode": "ID3216", "adm2_name": "Bekasi", "adm2_name1": null, "adm2_name2": null, "adm2_name3": null, "adm3_pcode": "ID3216010", "adm3_name": "Setu", "adm3_name1": null, "adm3_name2": null, "adm3_name3": null, "adm4_pcode": "ID3216010012", "adm4_name": "Cijengkol", "adm4_name1": null, "adm4_name2": null, "adm4_name3": null}, "geometry": {"type": "Point", "coordinates": [107.04038091300009, -6.321832849999964]}}, {"type": "Feature", "properties": {"admin_level": 4, "name": "Cijunti", "name1": null, "name2": null, "name3": null, "adm0_pcode": "ID", "adm0_name": "Indonesia", "valid_on": "2020-04-01", "valid_to": null, "area_sqkm": 4.272059, "version": "v01", "lang": "en", "lang1": null, "lang2": null, "lang3": null, "y_coord": -6.43303, "x_coord": 107.52017182, "adm1_pcode": "ID32", "adm1_name": "Jawa Barat", "adm1_name1": null, "adm1_name2": null, "adm1_name3": null, "adm2_pcode": "ID3214", "adm2_name": "Purwakarta", "adm2_name1": null, "adm2_name2": null, "adm2_name3": null, "adm3_pcode": "ID3214110", "adm3_name": "Campaka", "adm3_name1": null, "adm3_name2": null, "adm3_name3": null, "adm4_pcode": "ID3214110023", "adm4_name": "Cijunti", "adm4_name1": null, "adm4_name2": null, "adm4_name3": null}, "geometry": {"type": "Point", "coordinates": [107.52017182200007, -6.43303]}}, {"type": "Feature", "properties": {"admin_level": 4, "name": "Cikadu", "name1": null, "name2": null, "name3": null, "adm0_pcode": "ID", "adm0_name": "Indonesia", "valid_on": "2020-04-01", "valid_to": null, "area_sqkm": 7.27916992, "version": "v01", "lang": "en", "lang1": null, "lang2": null, "lang3": null, "y_coord": -6.5366207, "x_coord": 107.54931209, "adm1_pcode": "ID32", "adm1_name": "Jawa Barat", "adm1_name1": null, "adm1_name2": null, "adm1_name3": null, "adm2_pcode": "ID3214", "adm2_name": "Purwakarta", "adm2_name1": null, "adm2_name2": null, "adm2_name3": null, "adm3_pcode": "ID3214111", "adm3_name": "Cibatu", "adm3_name1": null, "adm3_name2": null, "adm3_name3": null, "adm4_pcode": "ID3214111002", "adm4_name": "Cikadu", "adm4_name1": null, "adm4_name2": null, "adm4_name3": null}, "geometry": {"type": "Point", "coordinates": [107.54931208900018, -6.536620699999958]}}, {"type": "Feature", "properties": {"admin_level": 4, "name": "Cikalong", "name1": null, "name2": null, "name3": null, "adm0_pcode": "ID", "adm0_name": "Indonesia", "valid_on": "2020-04-01", "valid_to": null, "area_sqkm": 5.44871436, "version": "v01", "lang": "en", "lang1": null, "lang2": null, "lang3": null, "y_coord": -6.25808, "x_coord": 107.55404966, "adm1_pcode": "ID32", "adm1_name": "Jawa Barat", "adm1_name1": null, "adm1_name2": null, "adm1_name3": null, "adm2_pcode": "ID3215", "adm2_name": "Karawang", "adm2_name1": null, "adm2_name2": null, "adm2_name3": null, "adm3_pcode": "ID3215081", "adm3_name": "Cilamaya Wetan", "adm3_name1": null, "adm3_name2": null, "adm3_name3": null, "adm4_pcode": "ID3215081002", "adm4_name": "Cikalong", "adm4_name1": null, "adm4_name2": null, "adm4_name3": null}, "geometry": {"type": "Point", "coordinates": [107.5540496590001, -6.25808]}}, {"type": "Feature", "properties": {"admin_level": 4, "name": "Cikalongsari", "name1": null, "name2": null, "name3": null, "adm0_pcode": "ID", "adm0_name": "Indonesia", "valid_on": "2020-04-01", "valid_to": null, "area_sqkm": 1.86916892, "version": "v01", "lang": "en", "lang1": null, "lang2": null, "lang3": null, "y_coord": -6.3630127, "x_coord": 107.540115, "adm1_pcode": "ID32", "adm1_name": "Jawa Barat", "adm1_name1": null, "adm1_name2": null, "adm1_name3": null, "adm2_pcode": "ID3215", "adm2_name": "Karawang", "adm2_name1": null, "adm2_name2": null, "adm2_name3": null, "adm3_pcode": "ID3215070", "adm3_name": "Jatisari", "adm3_name1": null, "adm3_name2": null, "adm3_name3": null, "adm4_pcode": "ID3215070013", "adm4_name": "Cikalongsari", "adm4_name1": null, "adm4_name2": null, "adm4_name3": null}, "geometry": {"type": "Point", "coordinates": [107.54011500000013, -6.363012699999899]}}, {"type": "Feature", "properties": {"admin_level": 4, "name": "Cikampek Barat", "name1": null, "name2": null, "name3": null, "adm0_pcode": "ID", "adm0_name": "Indonesia", "valid_on": "2020-04-01", "valid_to": null, "area_sqkm": 2.15179723, "version": "v01", "lang": "en", "lang1": null, "lang2": null, "lang3": null, "y_coord": -6.3957183, "x_coord": 107.4563403, "adm1_pcode": "ID32", "adm1_name": "Jawa Barat", "adm1_name1": null, "adm1_name2": null, "adm1_name3": null, "adm2_pcode": "ID3215", "adm2_name": "Karawang", "adm2_name1": null, "adm2_name2": null, "adm2_name3": null, "adm3_pcode": "ID3215050", "adm3_name": "Cikampek", "adm3_name1": null, "adm3_name2": null, "adm3_name3": null, "adm4_pcode": "ID3215050011", "adm4_name": "Cikampek Barat", "adm4_name1": null, "adm4_name2": null, "adm4_name3": null}, "geometry": {"type": "Point", "coordinates": [107.45634030200006, -6.395718299999942]}}, {"type": "Feature", "properties": {"admin_level": 4, "name": "Cikampek Kota", "name1": null, "name2": null, "name3": null, "adm0_pcode": "ID", "adm0_name": "Indonesia", "valid_on": "2020-04-01", "valid_to": null, "area_sqkm": 0.67316771, "version": "v01", "lang": "en", "lang1": null, "lang2": null, "lang3": null, "y_coord": -6.407, "x_coord": 107.45998639, "adm1_pcode": "ID32", "adm1_name": "Jawa Barat", "adm1_name1": null, "adm1_name2": null, "adm1_name3": null, "adm2_pcode": "ID3215", "adm2_name": "Karawang", "adm2_name1": null, "adm2_name2": null, "adm2_name3": null, "adm3_pcode": "ID3215050", "adm3_name": "Cikampek", "adm3_name1": null, "adm3_name2": null, "adm3_name3": null, "adm4_pcode": "ID3215050009", "adm4_name": "Cikampek Kota", "adm4_name1": null, "adm4_name2": null, "adm4_name3": null}, "geometry": {"type": "Point", "coordinates": [107.45998639200013, -6.407]}}, {"type": "Feature", "properties": {"admin_level": 4, "name": "Cikampek Pusaka", "name1": null, "name2": null, "name3": null, "adm0_pcode": "ID", "adm0_name": "Indonesia", "valid_on": "2020-04-01", "valid_to": null, "area_sqkm": 2.57388474, "version": "v01", "lang": "en", "lang1": null, "lang2": null, "lang3": null, "y_coord": -6.41608525, "x_coord": 107.45102492, "adm1_pcode": "ID32", "adm1_name": "Jawa Barat", "adm1_name1": null, "adm1_name2": null, "adm1_name3": null, "adm2_pcode": "ID3215", "adm2_name": "Karawang", "adm2_name1": null, "adm2_name2": null, "adm2_name3": null, "adm3_pcode": "ID3215050", "adm3_name": "Cikampek", "adm3_name1": null, "adm3_name2": null, "adm3_name3": null, "adm4_pcode": "ID3215050007", "adm4_name": "Cikampek Pusaka", "adm4_name1": null, "adm4_name2": null, "adm4_name3": null}, "geometry": {"type": "Point", "coordinates": [107.45102491900019, -6.416085249999981]}}, {"type": "Feature", "properties": {"admin_level": 4, "name": "Cikampek Selatan", "name1": null, "name2": null, "name3": null, "adm0_pcode": "ID", "adm0_name": "Indonesia", "valid_on": "2020-04-01", "valid_to": null, "area_sqkm": 0.77104395, "version": "v01", "lang": "en", "lang1": null, "lang2": null, "lang3": null, "y_coord": -6.40749305, "x_coord": 107.45359829, "adm1_pcode": "ID32", "adm1_name": "Jawa Barat", "adm1_name1": null, "adm1_name2": null, "adm1_name3": null, "adm2_pcode": "ID3215", "adm2_name": "Karawang", "adm2_name1": null, "adm2_name2": null, "adm2_name3": null, "adm3_pcode": "ID3215050", "adm3_name": "Cikampek", "adm3_name1": null, "adm3_name2": null, "adm3_name3": null, "adm4_pcode": "ID3215050008", "adm4_name": "Cikampek Selatan", "adm4_name1": null, "adm4_name2": null, "adm4_name3": null}, "geometry": {"type": "Point", "coordinates": [107.45359829300014, -6.407493049999971]}}, {"type": "Feature", "properties": {"admin_level": 4, "name": "Cikampek Timur", "name1": null, "name2": null, "name3": null, "adm0_pcode": "ID", "adm0_name": "Indonesia", "valid_on": "2020-04-01", "valid_to": null, "area_sqkm": 0.69245406, "version": "v01", "lang": "en", "lang1": null, "lang2": null, "lang3": null, "y_coord": -6.41366945, "x_coord": 107.46335786, "adm1_pcode": "ID32", "adm1_name": "Jawa Barat", "adm1_name1": null, "adm1_name2": null, "adm1_name3": null, "adm2_pcode": "ID3215", "adm2_name": "Karawang", "adm2_name1": null, "adm2_name2": null, "adm2_name3": null, "adm3_pcode": "ID3215050", "adm3_name": "Cikampek", "adm3_name1": null, "adm3_name2": null, "adm3_name3": null, "adm4_pcode": "ID3215050006", "adm4_name": "Cikampek Timur", "adm4_name1": null, "adm4_name2": null, "adm4_name3": null}, "geometry": {"type": "Point", "coordinates": [107.46335786500009, -6.413669449999929]}}, {"type": "Feature", "properties": {"admin_level": 4, "name": "Cikampek Utara", "name1": null, "name2": null, "name3": null, "adm0_pcode": "ID", "adm0_name": "Indonesia", "valid_on": "2020-04-01", "valid_to": null, "area_sqkm": 2.1477299, "version": "v01", "lang": "en", "lang1": null, "lang2": null, "lang3": null, "y_coord": -6.39315675, "x_coord": 107.46513156, "adm1_pcode": "ID32", "adm1_name": "Jawa Barat", "adm1_name1": null, "adm1_name2": null, "adm1_name3": null, "adm2_pcode": "ID3215", "adm2_name": "Karawang", "adm2_name1": null, "adm2_name2": null, "adm2_name3": null, "adm3_pcode": "ID3215072", "adm3_name": "Kotabaru", "adm3_name1": null, "adm3_name2": null, "adm3_name3": null, "adm4_pcode": "ID3215072009", "adm4_name": "Cikampek Utara", "adm4_name1": null, "adm4_name2": null, "adm4_name3": null}, "geometry": {"type": "Point", "coordinates": [107.46513156100013, -6.393156749999946]}}, {"type": "Feature", "properties": {"admin_level": 4, "name": "Cikande", "name1": null, "name2": null, "name3": null, "adm0_pcode": "ID", "adm0_name": "Indonesia", "valid_on": "2020-04-01", "valid_to": null, "area_sqkm": 5.15787594, "version": "v01", "lang": "en", "lang1": null, "lang2": null, "lang3": null, "y_coord": -6.145505, "x_coord": 107.39715267, "adm1_pcode": "ID32", "adm1_name": "Jawa Barat", "adm1_name1": null, "adm1_name2": null, "adm1_name3": null, "adm2_pcode": "ID3215", "adm2_name": "Karawang", "adm2_name1": null, "adm2_name2": null, "adm2_name3": null, "adm3_pcode": "ID3215161", "adm3_name": "Cilebar", "adm3_name1": null, "adm3_name2": null, "adm3_name3": null, "adm4_pcode": "ID3215161006", "adm4_name": "Cikande", "adm4_name1": null, "adm4_name2": null, "adm4_name3": null}, "geometry": {"type": "Point", "coordinates": [107.3971526680001, -6.145505]}}, {"type": "Feature", "properties": {"admin_level": 4, "name": "Cikaobandung", "name1": null, "name2": null, "name3": null, "adm0_pcode": "ID", "adm0_name": "Indonesia", "valid_on": "2020-04-01", "valid_to": null, "area_sqkm": 4.02300712, "version": "v01", "lang": "en", "lang1": null, "lang2": null, "lang3": null, "y_coord": -6.5138073, "x_coord": 107.4058631, "adm1_pcode": "ID32", "adm1_name": "Jawa Barat", "adm1_name1": null, "adm1_name2": null, "adm1_name3": null, "adm2_pcode": "ID3214", "adm2_name": "Purwakarta", "adm2_name1": null, "adm2_name2": null, "adm2_name3": null, "adm3_pcode": "ID3214010", "adm3_name": "Jatiluhur", "adm3_name1": null, "adm3_name2": null, "adm3_name3": null, "adm4_pcode": "ID3214010007", "adm4_name": "Cikaobandung", "adm4_name1": null, "adm4_name2": null, "adm4_name3": null}, "geometry": {"type": "Point", "coordinates": [107.40586309600013, -6.513807299999939]}}, {"type": "Feature", "properties": {"admin_level": 4, "name": "Cikarageman", "name1": null, "name2": null, "name3": null, "adm0_pcode": "ID", "adm0_name": "Indonesia", "valid_on": "2020-04-01", "valid_to": null, "area_sqkm": 6.52880307, "version": "v01", "lang": "en", "lang1": null, "lang2": null, "lang3": null, "y_coord": -6.3778099, "x_coord": 107.02537256, "adm1_pcode": "ID32", "adm1_name": "Jawa Barat", "adm1_name1": null, "adm1_name2": null, "adm1_name3": null, "adm2_pcode": "ID3216", "adm2_name": "Bekasi", "adm2_name1": null, "adm2_name2": null, "adm2_name3": null, "adm3_pcode": "ID3216010", "adm3_name": "Setu", "adm3_name1": null, "adm3_name2": null, "adm3_name3": null, "adm4_pcode": "ID3216010004", "adm4_name": "Cikarageman", "adm4_name1": null, "adm4_name2": null, "adm4_name3": null}, "geometry": {"type": "Point", "coordinates": [107.02537255900012, -6.377809899999932]}}, {"type": "Feature", "properties": {"admin_level": 4, "name": "Cikarang", "name1": null, "name2": null, "name3": null, "adm0_pcode": "ID", "adm0_name": "Indonesia", "valid_on": "2020-04-01", "valid_to": null, "area_sqkm": 4.94374868, "version": "v01", "lang": "en", "lang1": null, "lang2": null, "lang3": null, "y_coord": -6.2596, "x_coord": 107.5399427, "adm1_pcode": "ID32", "adm1_name": "Jawa Barat", "adm1_name1": null, "adm1_name2": null, "adm1_name3": null, "adm2_pcode": "ID3215", "adm2_name": "Karawang", "adm2_name1": null, "adm2_name2": null, "adm2_name3": null, "adm3_pcode": "ID3215081", "adm3_name": "Cilamaya Wetan", "adm3_name1": null, "adm3_name2": null, "adm3_name3": null, "adm4_pcode": "ID3215081001", "adm4_name": "Cikarang", "adm4_name1": null, "adm4_name2": null, "adm4_name3": null}, "geometry": {"type": "Point", "coordinates": [107.53994270200008, -6.2596]}}, {"type": "Feature", "properties": {"admin_level": 4, "name": "Cikarang Kota", "name1": null, "name2": null, "name3": null, "adm0_pcode": "ID", "adm0_name": "Indonesia", "valid_on": "2020-04-01", "valid_to": null, "area_sqkm": 1.90332555, "version": "v01", "lang": "en", "lang1": null, "lang2": null, "lang3": null, "y_coord": -6.262955, "x_coord": 107.15315418, "adm1_pcode": "ID32", "adm1_name": "Jawa Barat", "adm1_name1": null, "adm1_name2": null, "adm1_name3": null, "adm2_pcode": "ID3216", "adm2_name": "Bekasi", "adm2_name1": null, "adm2_name2": null, "adm2_name3": null, "adm3_pcode": "ID3216061", "adm3_name": "Cikarang Utara", "adm3_name1": null, "adm3_name2": null, "adm3_name3": null, "adm4_pcode": "ID3216061007", "adm4_name": "Cikarang Kota", "adm4_name1": null, "adm4_name2": null, "adm4_name3": null}, "geometry": {"type": "Point", "coordinates": [107.15315417700015, -6.262955]}}, {"type": "Feature", "properties": {"admin_level": 4, "name": "Cikedokan", "name1": null, "name2": null, "name3": null, "adm0_pcode": "ID", "adm0_name": "Indonesia", "valid_on": "2020-04-01", "valid_to": null, "area_sqkm": 5.50500227, "version": "v01", "lang": "en", "lang1": null, "lang2": null, "lang3": null, "y_coord": -6.3347, "x_coord": 107.08155938, "adm1_pcode": "ID32", "adm1_name": "Jawa Barat", "adm1_name1": null, "adm1_name2": null, "adm1_name3": null, "adm2_pcode": "ID3216", "adm2_name": "Bekasi", "adm2_name1": null, "adm2_name2": null, "adm2_name3": null, "adm3_pcode": "ID3216071", "adm3_name": "Cikarang Barat", "adm3_name1": null, "adm3_name2": null, "adm3_name3": null, "adm4_pcode": "ID3216071002", "adm4_name": "Cikedokan", "adm4_name1": null, "adm4_name2": null, "adm4_name3": null}, "geometry": {"type": "Point", "coordinates": [107.08155937500015, -6.3347]}}, {"type": "Feature", "properties": {"admin_level": 4, "name": "Ciketingudik", "name1": null, "name2": null, "name3": null, "adm0_pcode": "ID", "adm0_name": "Indonesia", "valid_on": "2020-04-01", "valid_to": null, "area_sqkm": 4.56162496, "version": "v01", "lang": "en", "lang1": null, "lang2": null, "lang3": null, "y_coord": -6.3546714, "x_coord": 106.98877795, "adm1_pcode": "ID32", "adm1_name": "Jawa Barat", "adm1_name1": null, "adm1_name2": null, "adm1_name3": null, "adm2_pcode": "ID3275", "adm2_name": "Kota Bekasi", "adm2_name1": null, "adm2_name2": null, "adm2_name3": null, "adm3_pcode": "ID3275030", "adm3_name": "Bantargebang", "adm3_name1": null, "adm3_name2": null, "adm3_name3": null, "adm4_pcode": "ID3275030001", "adm4_name": "Ciketingudik", "adm4_name1": null, "adm4_name2": null, "adm4_name3": null}, "geometry": {"type": "Point", "coordinates": [106.9887779460002, -6.354671399999916]}}, {"type": "Feature", "properties": {"admin_level": 4, "name": "Cikiwul", "name1": null, "name2": null, "name3": null, "adm0_pcode": "ID", "adm0_name": "Indonesia", "valid_on": "2020-04-01", "valid_to": null, "area_sqkm": 6.39051991, "version": "v01", "lang": "en", "lang1": null, "lang2": null, "lang3": null, "y_coord": -6.3384792, "x_coord": 106.98837376, "adm1_pcode": "ID32", "adm1_name": "Jawa Barat", "adm1_name1": null, "adm1_name2": null, "adm1_name3": null, "adm2_pcode": "ID3275", "adm2_name": "Kota Bekasi", "adm2_name1": null, "adm2_name2": null, "adm2_name3": null, "adm3_pcode": "ID3275030", "adm3_name": "Bantargebang", "adm3_name1": null, "adm3_name2": null, "adm3_name3": null, "adm4_pcode": "ID3275030003", "adm4_name": "Cikiwul", "adm4_name1": null, "adm4_name2": null, "adm4_name3": null}, "geometry": {"type": "Point", "coordinates": [106.98837375600016, -6.338479199999938]}}, {"type": "Feature", "properties": {"admin_level": 4, "name": "Cikopo", "name1": null, "name2": null, "name3": null, "adm0_pcode": "ID", "adm0_name": "Indonesia", "valid_on": "2020-04-01", "valid_to": null, "area_sqkm": 7.56748576, "version": "v01", "lang": "en", "lang1": null, "lang2": null, "lang3": null, "y_coord": -6.43678, "x_coord": 107.48821706, "adm1_pcode": "ID32", "adm1_name": "Jawa Barat", "adm1_name1": null, "adm1_name2": null, "adm1_name3": null, "adm2_pcode": "ID3214", "adm2_name": "Purwakarta", "adm2_name1": null, "adm2_name2": null, "adm2_name3": null, "adm3_pcode": "ID3214112", "adm3_name": "Bungursari", "adm3_name1": null, "adm3_name2": null, "adm3_name3": null, "adm4_pcode": "ID3214112008", "adm4_name": "Cikopo", "adm4_name1": null, "adm4_name2": null, "adm4_name3": null}, "geometry": {"type": "Point", "coordinates": [107.48821706000001, -6.43678]}}, {"type": "Feature", "properties": {"admin_level": 4, "name": "Cikumpay", "name1": null, "name2": null, "name3": null, "adm0_pcode": "ID", "adm0_name": "Indonesia", "valid_on": "2020-04-01", "valid_to": null, "area_sqkm": 8.31175376, "version": "v01", "lang": "en", "lang1": null, "lang2": null, "lang3": null, "y_coord": -6.486825, "x_coord": 107.49230563, "adm1_pcode": "ID32", "adm1_name": "Jawa Barat", "adm1_name1": null, "adm1_name2": null, "adm1_name3": null, "adm2_pcode": "ID3214", "adm2_name": "Purwakarta", "adm2_name1": null, "adm2_name2": null, "adm2_name3": null, "adm3_pcode": "ID3214110", "adm3_name": "Campaka", "adm3_name1": null, "adm3_name2": null, "adm3_name3": null, "adm4_pcode": "ID3214110026", "adm4_name": "Cikumpay", "adm4_name1": null, "adm4_name2": null, "adm4_name3": null}, "geometry": {"type": "Point", "coordinates": [107.4923056250002, -6.486824999999897]}}, {"type": "Feature", "properties": {"admin_level": 4, "name": "Cikuntul", "name1": null, "name2": null, "name3": null, "adm0_pcode": "ID", "adm0_name": "Indonesia", "valid_on": "2020-04-01", "valid_to": null, "area_sqkm": 5.7805496, "version": "v01", "lang": "en", "lang1": null, "lang2": null, "lang3": null, "y_coord": -6.168775, "x_coord": 107.46406125, "adm1_pcode": "ID32", "adm1_name": "Jawa Barat", "adm1_name1": null, "adm1_name2": null, "adm1_name3": null, "adm2_pcode": "ID3215", "adm2_name": "Karawang", "adm2_name1": null, "adm2_name2": null, "adm2_name3": null, "adm3_pcode": "ID3215130", "adm3_name": "Tempuran", "adm3_name1": null, "adm3_name2": null, "adm3_name3": null, "adm4_pcode": "ID3215130011", "adm4_name": "Cikuntul", "adm4_name1": null, "adm4_name2": null, "adm4_name3": null}, "geometry": {"type": "Point", "coordinates": [107.46406124700002, -6.168775]}}, {"type": "Feature", "properties": {"admin_level": 4, "name": "Cikutamahi", "name1": null, "name2": null, "name3": null, "adm0_pcode": "ID", "adm0_name": "Indonesia", "valid_on": "2020-04-01", "valid_to": null, "area_sqkm": 15.68011875, "version": "v01", "lang": "en", "lang1": null, "lang2": null, "lang3": null, "y_coord": -6.54737965, "x_coord": 107.16602864, "adm1_pcode": "ID32", "adm1_name": "Jawa Barat", "adm1_name1": null, "adm1_name2": null, "adm1_name3": null, "adm2_pcode": "ID3201", "adm2_name": "Bogor", "adm2_name1": null, "adm2_name2": null, "adm2_name3": null, "adm3_pcode": "ID3201160", "adm3_name": "Cariu", "adm3_name1": null, "adm3_name2": null, "adm3_name3": null, "adm4_pcode": "ID3201160013", "adm4_name": "Cikutamahi", "adm4_name1": null, "adm4_name2": null, "adm4_name3": null}, "geometry": {"type": "Point", "coordinates": [107.16602863500009, -6.547379649999925]}}, {"type": "Feature", "properties": {"admin_level": 4, "name": "Cilalawi", "name1": null, "name2": null, "name3": null, "adm0_pcode": "ID", "adm0_name": "Indonesia", "valid_on": "2020-04-01", "valid_to": null, "area_sqkm": 1.73258747, "version": "v01", "lang": "en", "lang1": null, "lang2": null, "lang3": null, "y_coord": -6.6165474, "x_coord": 107.39557587, "adm1_pcode": "ID32", "adm1_name": "Jawa Barat", "adm1_name1": null, "adm1_name2": null, "adm1_name3": null, "adm2_pcode": "ID3214", "adm2_name": "Purwakarta", "adm2_name1": null, "adm2_name2": null, "adm2_name3": null, "adm3_pcode": "ID3214050", "adm3_name": "Sukatani", "adm3_name1": null, "adm3_name2": null, "adm3_name3": null, "adm4_pcode": "ID3214050008", "adm4_name": "Cilalawi", "adm4_name1": null, "adm4_name2": null, "adm4_name3": null}, "geometry": {"type": "Point", "coordinates": [107.3955758740002, -6.616547399999831]}}, {"type": "Feature", "properties": {"admin_level": 4, "name": "Cilamaya", "name1": null, "name2": null, "name3": null, "adm0_pcode": "ID", "adm0_name": "Indonesia", "valid_on": "2020-04-01", "valid_to": null, "area_sqkm": 4.12206057, "version": "v01", "lang": "en", "lang1": null, "lang2": null, "lang3": null, "y_coord": -6.2430369, "x_coord": 107.58309044, "adm1_pcode": "ID32", "adm1_name": "Jawa Barat", "adm1_name1": null, "adm1_name2": null, "adm1_name3": null, "adm2_pcode": "ID3215", "adm2_name": "Karawang", "adm2_name1": null, "adm2_name2": null, "adm2_name3": null, "adm3_pcode": "ID3215081", "adm3_name": "Cilamaya Wetan", "adm3_name1": null, "adm3_name2": null, "adm3_name3": null, "adm4_pcode": "ID3215081006", "adm4_name": "Cilamaya", "adm4_name1": null, "adm4_name2": null, "adm4_name3": null}, "geometry": {"type": "Point", "coordinates": [107.58309044100008, -6.243036899999936]}}, {"type": "Feature", "properties": {"admin_level": 4, "name": "Cilamaya Girang", "name1": null, "name2": null, "name3": null, "adm0_pcode": "ID", "adm0_name": "Indonesia", "valid_on": "2020-04-01", "valid_to": null, "area_sqkm": 8.1377377, "version": "v01", "lang": "en", "lang1": null, "lang2": null, "lang3": null, "y_coord": -6.24806765, "x_coord": 107.60393559, "adm1_pcode": "ID32", "adm1_name": "Jawa Barat", "adm1_name1": null, "adm1_name2": null, "adm1_name3": null, "adm2_pcode": "ID3213", "adm2_name": "Subang", "adm2_name1": null, "adm2_name2": null, "adm2_name3": null, "adm3_pcode": "ID3213220", "adm3_name": "Blanakan", "adm3_name1": null, "adm3_name2": null, "adm3_name3": null, "adm4_pcode": "ID3213220002", "adm4_name": "Cilamaya Girang", "adm4_name1": null, "adm4_name2": null, "adm4_name3": null}, "geometry": {"type": "Point", "coordinates": [107.60393558700014, -6.248067649999825]}}, {"type": "Feature", "properties": {"admin_level": 4, "name": "Cilamaya Hilir", "name1": null, "name2": null, "name3": null, "adm0_pcode": "ID", "adm0_name": "Indonesia", "valid_on": "2020-04-01", "valid_to": null, "area_sqkm": 3.3006097, "version": "v01", "lang": "en", "lang1": null, "lang2": null, "lang3": null, "y_coord": -6.2607312, "x_coord": 107.59135947, "adm1_pcode": "ID32", "adm1_name": "Jawa Barat", "adm1_name1": null, "adm1_name2": null, "adm1_name3": null, "adm2_pcode": "ID3213", "adm2_name": "Subang", "adm2_name1": null, "adm2_name2": null, "adm2_name3": null, "adm3_pcode": "ID3213220", "adm3_name": "Blanakan", "adm3_name1": null, "adm3_name2": null, "adm3_name3": null, "adm4_pcode": "ID3213220001", "adm4_name": "Cilamaya Hilir", "adm4_name1": null, "adm4_name2": null, "adm4_name3": null}, "geometry": {"type": "Point", "coordinates": [107.591359475, -6.260731199999896]}}, {"type": "Feature", "properties": {"admin_level": 4, "name": "Cilandak", "name1": null, "name2": null, "name3": null, "adm0_pcode": "ID", "adm0_name": "Indonesia", "valid_on": "2020-04-01", "valid_to": null, "area_sqkm": 3.96502318, "version": "v01", "lang": "en", "lang1": null, "lang2": null, "lang3": null, "y_coord": -6.50246465, "x_coord": 107.52292677, "adm1_pcode": "ID32", "adm1_name": "Jawa Barat", "adm1_name1": null, "adm1_name2": null, "adm1_name3": null, "adm2_pcode": "ID3214", "adm2_name": "Purwakarta", "adm2_name1": null, "adm2_name2": null, "adm2_name3": null, "adm3_pcode": "ID3214111", "adm3_name": "Cibatu", "adm3_name1": null, "adm3_name2": null, "adm3_name3": null, "adm4_pcode": "ID3214111010", "adm4_name": "Cilandak", "adm4_name1": null, "adm4_name2": null, "adm4_name3": null}, "geometry": {"type": "Point", "coordinates": [107.52292677200012, -6.502464649999979]}}, {"type": "Feature", "properties": {"admin_level": 4, "name": "Cilangkap", "name1": null, "name2": null, "name3": null, "adm0_pcode": "ID", "adm0_name": "Indonesia", "valid_on": "2020-04-01", "valid_to": null, "area_sqkm": 5.71011847, "version": "v01", "lang": "en", "lang1": null, "lang2": null, "lang3": null, "y_coord": -6.47932, "x_coord": 107.38890141, "adm1_pcode": "ID32", "adm1_name": "Jawa Barat", "adm1_name1": null, "adm1_name2": null, "adm1_name3": null, "adm2_pcode": "ID3214", "adm2_name": "Purwakarta", "adm2_name1": null, "adm2_name2": null, "adm2_name3": null, "adm3_pcode": "ID3214101", "adm3_name": "Babakancikao", "adm3_name1": null, "adm3_name2": null, "adm3_name3": null, "adm4_pcode": "ID3214101009", "adm4_name": "Cilangkap", "adm4_name1": null, "adm4_name2": null, "adm4_name3": null}, "geometry": {"type": "Point", "coordinates": [107.38890140700016, -6.47932]}}, {"type": "Feature", "properties": {"admin_level": 4, "name": "Cilangkara", "name1": null, "name2": null, "name3": null, "adm0_pcode": "ID", "adm0_name": "Indonesia", "valid_on": "2020-04-01", "valid_to": null, "area_sqkm": 6.25958675, "version": "v01", "lang": "en", "lang1": null, "lang2": null, "lang3": null, "y_coord": -6.387175, "x_coord": 107.13989684, "adm1_pcode": "ID32", "adm1_name": "Jawa Barat", "adm1_name1": null, "adm1_name2": null, "adm1_name3": null, "adm2_pcode": "ID3216", "adm2_name": "Bekasi", "adm2_name1": null, "adm2_name2": null, "adm2_name3": null, "adm3_pcode": "ID3216021", "adm3_name": "Serang Baru", "adm3_name1": null, "adm3_name2": null, "adm3_name3": null, "adm4_pcode": "ID3216021006", "adm4_name": "Cilangkara", "adm4_name1": null, "adm4_name2": null, "adm4_name3": null}, "geometry": {"type": "Point", "coordinates": [107.13989684200004, -6.387175]}}, {"type": "Feature", "properties": {"admin_level": 4, "name": "Cileduk", "name1": null, "name2": null, "name3": null, "adm0_pcode": "ID", "adm0_name": "Indonesia", "valid_on": "2020-04-01", "valid_to": null, "area_sqkm": 4.50302935, "version": "v01", "lang": "en", "lang1": null, "lang2": null, "lang3": null, "y_coord": -6.35194455, "x_coord": 107.0396951, "adm1_pcode": "ID32", "adm1_name": "Jawa Barat", "adm1_name1": null, "adm1_name2": null, "adm1_name3": null, "adm2_pcode": "ID3216", "adm2_name": "Bekasi", "adm2_name1": null, "adm2_name2": null, "adm2_name3": null, "adm3_pcode": "ID3216010", "adm3_name": "Setu", "adm3_name1": null, "adm3_name2": null, "adm3_name3": null, "adm4_pcode": "ID3216010008", "adm4_name": "Cileduk", "adm4_name1": null, "adm4_name2": null, "adm4_name3": null}, "geometry": {"type": "Point", "coordinates": [107.0396950980001, -6.351944549999928]}}, {"type": "Feature", "properties": {"admin_level": 4, "name": "Cilegong", "name1": null, "name2": null, "name3": null, "adm0_pcode": "ID", "adm0_name": "Indonesia", "valid_on": "2020-04-01", "valid_to": null, "area_sqkm": 2.38592129, "version": "v01", "lang": "en", "lang1": null, "lang2": null, "lang3": null, "y_coord": -6.53737, "x_coord": 107.41906669, "adm1_pcode": "ID32", "adm1_name": "Jawa Barat", "adm1_name1": null, "adm1_name2": null, "adm1_name3": null, "adm2_pcode": "ID3214", "adm2_name": "Purwakarta", "adm2_name1": null, "adm2_name2": null, "adm2_name3": null, "adm3_pcode": "ID3214010", "adm3_name": "Jatiluhur", "adm3_name1": null, "adm3_name2": null, "adm3_name3": null, "adm4_pcode": "ID3214010009", "adm4_name": "Cilegong", "adm4_name1": null, "adm4_name2": null, "adm4_name3": null}, "geometry": {"type": "Point", "coordinates": [107.41906668700005, -6.53737]}}, {"type": "Feature", "properties": {"admin_level": 4, "name": "Cilewo", "name1": null, "name2": null, "name3": null, "adm0_pcode": "ID", "adm0_name": "Indonesia", "valid_on": "2020-04-01", "valid_to": null, "area_sqkm": 3.67390135, "version": "v01", "lang": "en", "lang1": null, "lang2": null, "lang3": null, "y_coord": -6.28144, "x_coord": 107.42837985, "adm1_pcode": "ID32", "adm1_name": "Jawa Barat", "adm1_name1": null, "adm1_name2": null, "adm1_name3": null, "adm2_pcode": "ID3215", "adm2_name": "Karawang", "adm2_name1": null, "adm2_name2": null, "adm2_name3": null, "adm3_pcode": "ID3215100", "adm3_name": "Talagasari", "adm3_name1": null, "adm3_name2": null, "adm3_name3": null, "adm4_pcode": "ID3215100004", "adm4_name": "Cilewo", "adm4_name1": null, "adm4_name2": null, "adm4_name3": null}, "geometry": {"type": "Point", "coordinates": [107.42837984800013, -6.28144]}}, {"type": "Feature", "properties": {"admin_level": 4, "name": "Cimahi", "name1": null, "name2": null, "name3": null, "adm0_pcode": "ID", "adm0_name": "Indonesia", "valid_on": "2020-04-01", "valid_to": null, "area_sqkm": 6.84035105, "version": "v01", "lang": "en", "lang1": null, "lang2": null, "lang3": null, "y_coord": -6.461055, "x_coord": 107.51163519, "adm1_pcode": "ID32", "adm1_name": "Jawa Barat", "adm1_name1": null, "adm1_name2": null, "adm1_name3": null, "adm2_pcode": "ID3214", "adm2_name": "Purwakarta", "adm2_name1": null, "adm2_name2": null, "adm2_name3": null, "adm3_pcode": "ID3214110", "adm3_name": "Campaka", "adm3_name1": null, "adm3_name2": null, "adm3_name3": null, "adm4_pcode": "ID3214110025", "adm4_name": "Cimahi", "adm4_name1": null, "adm4_name2": null, "adm4_name3": null}, "geometry": {"type": "Point", "coordinates": [107.51163518700008, -6.461055]}}, {"type": "Feature", "properties": {"admin_level": 4, "name": "Cimahi", "name1": null, "name2": null, "name3": null, "adm0_pcode": "ID", "adm0_name": "Indonesia", "valid_on": "2020-04-01", "valid_to": null, "area_sqkm": 7.01570386, "version": "v01", "lang": "en", "lang1": null, "lang2": null, "lang3": null, "y_coord": -6.412049, "x_coord": 107.38295867, "adm1_pcode": "ID32", "adm1_name": "Jawa Barat", "adm1_name1": null, "adm1_name2": null, "adm1_name3": null, "adm2_pcode": "ID3215", "adm2_name": "Karawang", "adm2_name1": null, "adm2_name2": null, "adm2_name3": null, "adm3_pcode": "ID3215040", "adm3_name": "Klari", "adm3_name1": null, "adm3_name2": null, "adm3_name3": null, "adm4_pcode": "ID3215040003", "adm4_name": "Cimahi", "adm4_name1": null, "adm4_name2": null, "adm4_name3": null}, "geometry": {"type": "Point", "coordinates": [107.38295866600004, -6.412049]}}, {"type": "Feature", "properties": {"admin_level": 4, "name": "Cimayasari", "name1": null, "name2": null, "name3": null, "adm0_pcode": "ID", "adm0_name": "Indonesia", "valid_on": "2020-04-01", "valid_to": null, "area_sqkm": 23.71827755, "version": "v01", "lang": "en", "lang1": null, "lang2": null, "lang3": null, "y_coord": -6.54544545, "x_coord": 107.57318419, "adm1_pcode": "ID32", "adm1_name": "Jawa Barat", "adm1_name1": null, "adm1_name2": null, "adm1_name3": null, "adm2_pcode": "ID3213", "adm2_name": "Subang", "adm2_name1": null, "adm2_name2": null, "adm2_name3": null, "adm3_pcode": "ID3213090", "adm3_name": "Cipeundeuy", "adm3_name1": null, "adm3_name2": null, "adm3_name3": null, "adm4_pcode": "ID3213090003", "adm4_name": "Cimayasari", "adm4_name1": null, "adm4_name2": null, "adm4_name3": null}, "geometry": {"type": "Point", "coordinates": [107.57318418800014, -6.545445449999931]}}, {"type": "Feature", "properties": {"admin_level": 4, "name": "Cimuning", "name1": null, "name2": null, "name3": null, "adm0_pcode": "ID", "adm0_name": "Indonesia", "valid_on": "2020-04-01", "valid_to": null, "area_sqkm": 5.61289034, "version": "v01", "lang": "en", "lang1": null, "lang2": null, "lang3": null, "y_coord": -6.3225645, "x_coord": 107.02542245, "adm1_pcode": "ID32", "adm1_name": "Jawa Barat", "adm1_name1": null, "adm1_name2": null, "adm1_name3": null, "adm2_pcode": "ID3275", "adm2_name": "Kota Bekasi", "adm2_name1": null, "adm2_name2": null, "adm2_name3": null, "adm3_pcode": "ID3275031", "adm3_name": "Mustikajaya", "adm3_name1": null, "adm3_name2": null, "adm3_name3": null, "adm4_pcode": "ID3275031002", "adm4_name": "Cimuning", "adm4_name1": null, "adm4_name2": null, "adm4_name3": null}, "geometry": {"type": "Point", "coordinates": [107.02542245400008, -6.322564499999942]}}, {"type": "Feature", "properties": {"admin_level": 4, "name": "Cinangka", "name1": null, "name2": null, "name3": null, "adm0_pcode": "ID", "adm0_name": "Indonesia", "valid_on": "2020-04-01", "valid_to": null, "area_sqkm": 3.61888058, "version": "v01", "lang": "en", "lang1": null, "lang2": null, "lang3": null, "y_coord": -6.43537535, "x_coord": 107.46853856, "adm1_pcode": "ID32", "adm1_name": "Jawa Barat", "adm1_name1": null, "adm1_name2": null, "adm1_name3": null, "adm2_pcode": "ID3214", "adm2_name": "Purwakarta", "adm2_name1": null, "adm2_name2": null, "adm2_name3": null, "adm3_pcode": "ID3214112", "adm3_name": "Bungursari", "adm3_name1": null, "adm3_name2": null, "adm3_name3": null, "adm4_pcode": "ID3214112007", "adm4_name": "Cinangka", "adm4_name1": null, "adm4_name2": null, "adm4_name3": null}, "geometry": {"type": "Point", "coordinates": [107.46853856500013, -6.435375349999902]}}, {"type": "Feature", "properties": {"admin_level": 4, "name": "Cintaasih", "name1": null, "name2": null, "name3": null, "adm0_pcode": "ID", "adm0_name": "Indonesia", "valid_on": "2020-04-01", "valid_to": null, "area_sqkm": 2.17039283, "version": "v01", "lang": "en", "lang1": null, "lang2": null, "lang3": null, "y_coord": -6.5028491, "x_coord": 107.21637283, "adm1_pcode": "ID32", "adm1_name": "Jawa Barat", "adm1_name1": null, "adm1_name2": null, "adm1_name3": null, "adm2_pcode": "ID3215", "adm2_name": "Karawang", "adm2_name1": null, "adm2_name2": null, "adm2_name3": null, "adm3_pcode": "ID3215010", "adm3_name": "Pangkalan", "adm3_name1": null, "adm3_name2": null, "adm3_name3": null, "adm4_pcode": "ID3215010012", "adm4_name": "Cintaasih", "adm4_name1": null, "adm4_name2": null, "adm4_name3": null}, "geometry": {"type": "Point", "coordinates": [107.21637282900002, -6.502849099999878]}}, {"type": "Feature", "properties": {"admin_level": 4, "name": "Cintalaksana", "name1": null, "name2": null, "name3": null, "adm0_pcode": "ID", "adm0_name": "Indonesia", "valid_on": "2020-04-01", "valid_to": null, "area_sqkm": 9.55723294, "version": "v01", "lang": "en", "lang1": null, "lang2": null, "lang3": null, "y_coord": -6.53334, "x_coord": 107.24690047, "adm1_pcode": "ID32", "adm1_name": "Jawa Barat", "adm1_name1": null, "adm1_name2": null, "adm1_name3": null, "adm2_pcode": "ID3215", "adm2_name": "Karawang", "adm2_name1": null, "adm2_name2": null, "adm2_name3": null, "adm3_pcode": "ID3215011", "adm3_name": "Tegalwaru", "adm3_name1": null, "adm3_name2": null, "adm3_name3": null, "adm4_pcode": "ID3215011005", "adm4_name": "Cintalaksana", "adm4_name1": null, "adm4_name2": null, "adm4_name3": null}, "geometry": {"type": "Point", "coordinates": [107.24690047000018, -6.53334]}}, {"type": "Feature", "properties": {"admin_level": 4, "name": "Cintalanggeng", "name1": null, "name2": null, "name3": null, "adm0_pcode": "ID", "adm0_name": "Indonesia", "valid_on": "2020-04-01", "valid_to": null, "area_sqkm": 5.43872594, "version": "v01", "lang": "en", "lang1": null, "lang2": null, "lang3": null, "y_coord": -6.505055, "x_coord": 107.23325492, "adm1_pcode": "ID32", "adm1_name": "Jawa Barat", "adm1_name1": null, "adm1_name2": null, "adm1_name3": null, "adm2_pcode": "ID3215", "adm2_name": "Karawang", "adm2_name1": null, "adm2_name2": null, "adm2_name3": null, "adm3_pcode": "ID3215011", "adm3_name": "Tegalwaru", "adm3_name1": null, "adm3_name2": null, "adm3_name3": null, "adm4_pcode": "ID3215011007", "adm4_name": "Cintalanggeng", "adm4_name1": null, "adm4_name2": null, "adm4_name3": null}, "geometry": {"type": "Point", "coordinates": [107.2332549190001, -6.505055]}}, {"type": "Feature", "properties": {"admin_level": 4, "name": "Cintawargi", "name1": null, "name2": null, "name3": null, "adm0_pcode": "ID", "adm0_name": "Indonesia", "valid_on": "2020-04-01", "valid_to": null, "area_sqkm": 5.36749301, "version": "v01", "lang": "en", "lang1": null, "lang2": null, "lang3": null, "y_coord": -6.51996, "x_coord": 107.25595077, "adm1_pcode": "ID32", "adm1_name": "Jawa Barat", "adm1_name1": null, "adm1_name2": null, "adm1_name3": null, "adm2_pcode": "ID3215", "adm2_name": "Karawang", "adm2_name1": null, "adm2_name2": null, "adm2_name3": null, "adm3_pcode": "ID3215011", "adm3_name": "Tegalwaru", "adm3_name1": null, "adm3_name2": null, "adm3_name3": null, "adm4_pcode": "ID3215011006", "adm4_name": "Cintawargi", "adm4_name1": null, "adm4_name2": null, "adm4_name3": null}, "geometry": {"type": "Point", "coordinates": [107.25595077200012, -6.51996]}}, {"type": "Feature", "properties": {"admin_level": 4, "name": "Cipaisan", "name1": null, "name2": null, "name3": null, "adm0_pcode": "ID", "adm0_name": "Indonesia", "valid_on": "2020-04-01", "valid_to": null, "area_sqkm": 1.35823837, "version": "v01", "lang": "en", "lang1": null, "lang2": null, "lang3": null, "y_coord": -6.5501, "x_coord": 107.43499083, "adm1_pcode": "ID32", "adm1_name": "Jawa Barat", "adm1_name1": null, "adm1_name2": null, "adm1_name3": null, "adm2_pcode": "ID3214", "adm2_name": "Purwakarta", "adm2_name1": null, "adm2_name2": null, "adm2_name3": null, "adm3_pcode": "ID3214100", "adm3_name": "Purwakarta", "adm3_name1": null, "adm3_name2": null, "adm3_name3": null, "adm4_pcode": "ID3214100008", "adm4_name": "Cipaisan", "adm4_name1": null, "adm4_name2": null, "adm4_name3": null}, "geometry": {"type": "Point", "coordinates": [107.43499082900013, -6.5501]}}, {"type": "Feature", "properties": {"admin_level": 4, "name": "Cipancur", "name1": null, "name2": null, "name3": null, "adm0_pcode": "ID", "adm0_name": "Indonesia", "valid_on": "2020-04-01", "valid_to": null, "area_sqkm": 4.02428762, "version": "v01", "lang": "en", "lang1": null, "lang2": null, "lang3": null, "y_coord": -6.52115, "x_coord": 107.54213467, "adm1_pcode": "ID32", "adm1_name": "Jawa Barat", "adm1_name1": null, "adm1_name2": null, "adm1_name3": null, "adm2_pcode": "ID3214", "adm2_name": "Purwakarta", "adm2_name1": null, "adm2_name2": null, "adm2_name3": null, "adm3_pcode": "ID3214111", "adm3_name": "Cibatu", "adm3_name1": null, "adm3_name2": null, "adm3_name3": null, "adm4_pcode": "ID3214111005", "adm4_name": "Cipancur", "adm4_name1": null, "adm4_name2": null, "adm4_name3": null}, "geometry": {"type": "Point", "coordinates": [107.54213467200003, -6.52115]}}, {"type": "Feature", "properties": {"admin_level": 4, "name": "Ciparagejaya", "name1": null, "name2": null, "name3": null, "adm0_pcode": "ID", "adm0_name": "Indonesia", "valid_on": "2020-04-01", "valid_to": null, "area_sqkm": 5.43642326, "version": "v01", "lang": "en", "lang1": null, "lang2": null, "lang3": null, "y_coord": -6.16777455, "x_coord": 107.49963479, "adm1_pcode": "ID32", "adm1_name": "Jawa Barat", "adm1_name1": null, "adm1_name2": null, "adm1_name3": null, "adm2_pcode": "ID3215", "adm2_name": "Karawang", "adm2_name1": null, "adm2_name2": null, "adm2_name3": null, "adm3_pcode": "ID3215130", "adm3_name": "Tempuran", "adm3_name1": null, "adm3_name2": null, "adm3_name3": null, "adm4_pcode": "ID3215130010", "adm4_name": "Ciparagejaya", "adm4_name1": null, "adm4_name2": null, "adm4_name3": null}, "geometry": {"type": "Point", "coordinates": [107.49963479200005, -6.167774549999933]}}, {"type": "Feature", "properties": {"admin_level": 4, "name": "Ciparungsari", "name1": null, "name2": null, "name3": null, "adm0_pcode": "ID", "adm0_name": "Indonesia", "valid_on": "2020-04-01", "valid_to": null, "area_sqkm": 3.55741166, "version": "v01", "lang": "en", "lang1": null, "lang2": null, "lang3": null, "y_coord": -6.48679565, "x_coord": 107.55699787, "adm1_pcode": "ID32", "adm1_name": "Jawa Barat", "adm1_name1": null, "adm1_name2": null, "adm1_name3": null, "adm2_pcode": "ID3214", "adm2_name": "Purwakarta", "adm2_name1": null, "adm2_name2": null, "adm2_name3": null, "adm3_pcode": "ID3214111", "adm3_name": "Cibatu", "adm3_name1": null, "adm3_name2": null, "adm3_name3": null, "adm4_pcode": "ID3214111007", "adm4_name": "Ciparungsari", "adm4_name1": null, "adm4_name2": null, "adm4_name3": null}, "geometry": {"type": "Point", "coordinates": [107.55699787200007, -6.486795649999976]}}, {"type": "Feature", "properties": {"admin_level": 4, "name": "Cipayung", "name1": null, "name2": null, "name3": null, "adm0_pcode": "ID", "adm0_name": "Indonesia", "valid_on": "2020-04-01", "valid_to": null, "area_sqkm": 8.23355628, "version": "v01", "lang": "en", "lang1": null, "lang2": null, "lang3": null, "y_coord": -6.30685665, "x_coord": 107.21568956, "adm1_pcode": "ID32", "adm1_name": "Jawa Barat", "adm1_name1": null, "adm1_name2": null, "adm1_name3": null, "adm2_pcode": "ID3216", "adm2_name": "Bekasi", "adm2_name1": null, "adm2_name2": null, "adm2_name3": null, "adm3_pcode": "ID3216041", "adm3_name": "Cikarang Timur", "adm3_name1": null, "adm3_name2": null, "adm3_name3": null, "adm4_pcode": "ID3216041003", "adm4_name": "Cipayung", "adm4_name1": null, "adm4_name2": null, "adm4_name3": null}, "geometry": {"type": "Point", "coordinates": [107.21568956200008, -6.306856649999929]}}, {"type": "Feature", "properties": {"admin_level": 4, "name": "Cipenjo", "name1": null, "name2": null, "name3": null, "adm0_pcode": "ID", "adm0_name": "Indonesia", "valid_on": "2020-04-01", "valid_to": null, "area_sqkm": 4.24275948, "version": "v01", "lang": "en", "lang1": null, "lang2": null, "lang3": null, "y_coord": -6.388825, "x_coord": 106.9932842, "adm1_pcode": "ID32", "adm1_name": "Jawa Barat", "adm1_name1": null, "adm1_name2": null, "adm1_name3": null, "adm2_pcode": "ID3201", "adm2_name": "Bogor", "adm2_name1": null, "adm2_name2": null, "adm2_name3": null, "adm3_pcode": "ID3201180", "adm3_name": "Cileungsi", "adm3_name1": null, "adm3_name2": null, "adm3_name3": null, "adm4_pcode": "ID3201180021", "adm4_name": "Cipenjo", "adm4_name1": null, "adm4_name2": null, "adm4_name3": null}, "geometry": {"type": "Point", "coordinates": [106.99328420500007, -6.388824999999883]}}, {"type": "Feature", "properties": {"admin_level": 4, "name": "Cipeucang", "name1": null, "name2": null, "name3": null, "adm0_pcode": "ID", "adm0_name": "Indonesia", "valid_on": "2020-04-01", "valid_to": null, "area_sqkm": 5.0906481, "version": "v01", "lang": "en", "lang1": null, "lang2": null, "lang3": null, "y_coord": -6.42213, "x_coord": 107.03986544, "adm1_pcode": "ID32", "adm1_name": "Jawa Barat", "adm1_name1": null, "adm1_name2": null, "adm1_name3": null, "adm2_pcode": "ID3201", "adm2_name": "Bogor", "adm2_name1": null, "adm2_name2": null, "adm2_name3": null, "adm3_pcode": "ID3201180", "adm3_name": "Cileungsi", "adm3_name1": null, "adm3_name2": null, "adm3_name3": null, "adm4_pcode": "ID3201180013", "adm4_name": "Cipeucang", "adm4_name1": null, "adm4_name2": null, "adm4_name3": null}, "geometry": {"type": "Point", "coordinates": [107.03986544100007, -6.42213]}}, {"type": "Feature", "properties": {"admin_level": 4, "name": "Cipeundeuy", "name1": null, "name2": null, "name3": null, "adm0_pcode": "ID", "adm0_name": "Indonesia", "valid_on": "2020-04-01", "valid_to": null, "area_sqkm": 10.00339794, "version": "v01", "lang": "en", "lang1": null, "lang2": null, "lang3": null, "y_coord": -6.50430465, "x_coord": 107.57652268, "adm1_pcode": "ID32", "adm1_name": "Jawa Barat", "adm1_name1": null, "adm1_name2": null, "adm1_name3": null, "adm2_pcode": "ID3213", "adm2_name": "Subang", "adm2_name1": null, "adm2_name2": null, "adm2_name3": null, "adm3_pcode": "ID3213090", "adm3_name": "Cipeundeuy", "adm3_name1": null, "adm3_name2": null, "adm3_name3": null, "adm4_pcode": "ID3213090005", "adm4_name": "Cipeundeuy", "adm4_name1": null, "adm4_name2": null, "adm4_name3": null}, "geometry": {"type": "Point", "coordinates": [107.57652267800012, -6.504304649999881]}}, {"type": "Feature", "properties": {"admin_level": 4, "name": "Cipicung", "name1": null, "name2": null, "name3": null, "adm0_pcode": "ID", "adm0_name": "Indonesia", "valid_on": "2020-04-01", "valid_to": null, "area_sqkm": 3.57757998, "version": "v01", "lang": "en", "lang1": null, "lang2": null, "lang3": null, "y_coord": -6.607795, "x_coord": 107.37677174, "adm1_pcode": "ID32", "adm1_name": "Jawa Barat", "adm1_name1": null, "adm1_name2": null, "adm1_name3": null, "adm2_pcode": "ID3214", "adm2_name": "Purwakarta", "adm2_name1": null, "adm2_name2": null, "adm2_name3": null, "adm3_pcode": "ID3214050", "adm3_name": "Sukatani", "adm3_name1": null, "adm3_name2": null, "adm3_name3": null, "adm4_pcode": "ID3214050010", "adm4_name": "Cipicung", "adm4_name1": null, "adm4_name2": null, "adm4_name3": null}, "geometry": {"type": "Point", "coordinates": [107.37677174500016, -6.607795]}}, {"type": "Feature", "properties": {"admin_level": 4, "name": "Cipinang", "name1": null, "name2": null, "name3": null, "adm0_pcode": "ID", "adm0_name": "Indonesia", "valid_on": "2020-04-01", "valid_to": null, "area_sqkm": 2.54546315, "version": "v01", "lang": "en", "lang1": null, "lang2": null, "lang3": null, "y_coord": -6.5092437, "x_coord": 107.55406517, "adm1_pcode": "ID32", "adm1_name": "Jawa Barat", "adm1_name1": null, "adm1_name2": null, "adm1_name3": null, "adm2_pcode": "ID3214", "adm2_name": "Purwakarta", "adm2_name1": null, "adm2_name2": null, "adm2_name3": null, "adm3_pcode": "ID3214111", "adm3_name": "Cibatu", "adm3_name1": null, "adm3_name2": null, "adm3_name3": null, "adm4_pcode": "ID3214111006", "adm4_name": "Cipinang", "adm4_name1": null, "adm4_name2": null, "adm4_name3": null}, "geometry": {"type": "Point", "coordinates": [107.55406516500017, -6.509243699999956]}}, {"type": "Feature", "properties": {"admin_level": 4, "name": "Cipondoh", "name1": null, "name2": null, "name3": null, "adm0_pcode": "ID", "adm0_name": "Indonesia", "valid_on": "2020-04-01", "valid_to": null, "area_sqkm": 4.49628786, "version": "v01", "lang": "en", "lang1": null, "lang2": null, "lang3": null, "y_coord": -6.3208234, "x_coord": 107.47251764, "adm1_pcode": "ID32", "adm1_name": "Jawa Barat", "adm1_name1": null, "adm1_name2": null, "adm1_name3": null, "adm2_pcode": "ID3215", "adm2_name": "Karawang", "adm2_name1": null, "adm2_name2": null, "adm2_name3": null, "adm3_pcode": "ID3215060", "adm3_name": "Tirtamulya", "adm3_name1": null, "adm3_name2": null, "adm3_name3": null, "adm4_pcode": "ID3215060010", "adm4_name": "Cipondoh", "adm4_name1": null, "adm4_name2": null, "adm4_name3": null}, "geometry": {"type": "Point", "coordinates": [107.472517643, -6.320823399999938]}}, {"type": "Feature", "properties": {"admin_level": 4, "name": "Ciptamarga", "name1": null, "name2": null, "name3": null, "adm0_pcode": "ID", "adm0_name": "Indonesia", "valid_on": "2020-04-01", "valid_to": null, "area_sqkm": 1.60423513, "version": "v01", "lang": "en", "lang1": null, "lang2": null, "lang3": null, "y_coord": -6.100575, "x_coord": 107.2801202, "adm1_pcode": "ID32", "adm1_name": "Jawa Barat", "adm1_name1": null, "adm1_name2": null, "adm1_name3": null, "adm2_pcode": "ID3215", "adm2_name": "Karawang", "adm2_name1": null, "adm2_name2": null, "adm2_name3": null, "adm3_pcode": "ID3215151", "adm3_name": "Jayakerta", "adm3_name1": null, "adm3_name2": null, "adm3_name3": null, "adm4_pcode": "ID3215151006", "adm4_name": "Ciptamarga", "adm4_name1": null, "adm4_name2": null, "adm4_name3": null}, "geometry": {"type": "Point", "coordinates": [107.28012020300014, -6.100574999999878]}}, {"type": "Feature", "properties": {"admin_level": 4, "name": "Ciptamargi", "name1": null, "name2": null, "name3": null, "adm0_pcode": "ID", "adm0_name": "Indonesia", "valid_on": "2020-04-01", "valid_to": null, "area_sqkm": 7.21377105, "version": "v01", "lang": "en", "lang1": null, "lang2": null, "lang3": null, "y_coord": -6.1649365, "x_coord": 107.40641977, "adm1_pcode": "ID32", "adm1_name": "Jawa Barat", "adm1_name1": null, "adm1_name2": null, "adm1_name3": null, "adm2_pcode": "ID3215", "adm2_name": "Karawang", "adm2_name1": null, "adm2_name2": null, "adm2_name3": null, "adm3_pcode": "ID3215161", "adm3_name": "Cilebar", "adm3_name1": null, "adm3_name2": null, "adm3_name3": null, "adm4_pcode": "ID3215161002", "adm4_name": "Ciptamargi", "adm4_name1": null, "adm4_name2": null, "adm4_name3": null}, "geometry": {"type": "Point", "coordinates": [107.406419772, -6.164936499999953]}}, {"type": "Feature", "properties": {"admin_level": 4, "name": "Ciptasari", "name1": null, "name2": null, "name3": null, "adm0_pcode": "ID", "adm0_name": "Indonesia", "valid_on": "2020-04-01", "valid_to": null, "area_sqkm": 8.3302062, "version": "v01", "lang": "en", "lang1": null, "lang2": null, "lang3": null, "y_coord": -6.466495, "x_coord": 107.22679353, "adm1_pcode": "ID32", "adm1_name": "Jawa Barat", "adm1_name1": null, "adm1_name2": null, "adm1_name3": null, "adm2_pcode": "ID3215", "adm2_name": "Karawang", "adm2_name1": null, "adm2_name2": null, "adm2_name3": null, "adm3_pcode": "ID3215010", "adm3_name": "Pangkalan", "adm3_name1": null, "adm3_name2": null, "adm3_name3": null, "adm4_pcode": "ID3215010015", "adm4_name": "Ciptasari", "adm4_name1": null, "adm4_name2": null, "adm4_name3": null}, "geometry": {"type": "Point", "coordinates": [107.22679352800009, -6.466495]}}, {"type": "Feature", "properties": {"admin_level": 4, "name": "Cipurwasari", "name1": null, "name2": null, "name3": null, "adm0_pcode": "ID", "adm0_name": "Indonesia", "valid_on": "2020-04-01", "valid_to": null, "area_sqkm": 5.88882363, "version": "v01", "lang": "en", "lang1": null, "lang2": null, "lang3": null, "y_coord": -6.53822, "x_coord": 107.19725299, "adm1_pcode": "ID32", "adm1_name": "Jawa Barat", "adm1_name1": null, "adm1_name2": null, "adm1_name3": null, "adm2_pcode": "ID3215", "adm2_name": "Karawang", "adm2_name1": null, "adm2_name2": null, "adm2_name3": null, "adm3_pcode": "ID3215011", "adm3_name": "Tegalwaru", "adm3_name1": null, "adm3_name2": null, "adm3_name3": null, "adm4_pcode": "ID3215011001", "adm4_name": "Cipurwasari", "adm4_name1": null, "adm4_name2": null, "adm4_name3": null}, "geometry": {"type": "Point", "coordinates": [107.19725298800017, -6.538219999999853]}}, {"type": "Feature", "properties": {"admin_level": 4, "name": "Ciranggon", "name1": null, "name2": null, "name3": null, "adm0_pcode": "ID", "adm0_name": "Indonesia", "valid_on": "2020-04-01", "valid_to": null, "area_sqkm": 2.57538242, "version": "v01", "lang": "en", "lang1": null, "lang2": null, "lang3": null, "y_coord": -6.287375, "x_coord": 107.37000063, "adm1_pcode": "ID32", "adm1_name": "Jawa Barat", "adm1_name1": null, "adm1_name2": null, "adm1_name3": null, "adm2_pcode": "ID3215", "adm2_name": "Karawang", "adm2_name1": null, "adm2_name2": null, "adm2_name3": null, "adm3_pcode": "ID3215111", "adm3_name": "Majalaya", "adm3_name1": null, "adm3_name2": null, "adm3_name3": null, "adm4_pcode": "ID3215111003", "adm4_name": "Ciranggon", "adm4_name1": null, "adm4_name2": null, "adm4_name3": null}, "geometry": {"type": "Point", "coordinates": [107.37000062499999, -6.287374999999884]}}, {"type": "Feature", "properties": {"admin_level": 4, "name": "Cirangkong", "name1": null, "name2": null, "name3": null, "adm0_pcode": "ID", "adm0_name": "Indonesia", "valid_on": "2020-04-01", "valid_to": null, "area_sqkm": 7.33334805, "version": "v01", "lang": "en", "lang1": null, "lang2": null, "lang3": null, "y_coord": -6.51801, "x_coord": 107.52107183, "adm1_pcode": "ID32", "adm1_name": "Jawa Barat", "adm1_name1": null, "adm1_name2": null, "adm1_name3": null, "adm2_pcode": "ID3214", "adm2_name": "Purwakarta", "adm2_name1": null, "adm2_name2": null, "adm2_name3": null, "adm3_pcode": "ID3214111", "adm3_name": "Cibatu", "adm3_name1": null, "adm3_name2": null, "adm3_name3": null, "adm4_pcode": "ID3214111004", "adm4_name": "Cirangkong", "adm4_name1": null, "adm4_name2": null, "adm4_name3": null}, "geometry": {"type": "Point", "coordinates": [107.5210718300001, -6.51801]}}, {"type": "Feature", "properties": {"admin_level": 4, "name": "Cirejag", "name1": null, "name2": null, "name3": null, "adm0_pcode": "ID", "adm0_name": "Indonesia", "valid_on": "2020-04-01", "valid_to": null, "area_sqkm": 2.47569448, "version": "v01", "lang": "en", "lang1": null, "lang2": null, "lang3": null, "y_coord": -6.37798045, "x_coord": 107.54415829, "adm1_pcode": "ID32", "adm1_name": "Jawa Barat", "adm1_name1": null, "adm1_name2": null, "adm1_name3": null, "adm2_pcode": "ID3215", "adm2_name": "Karawang", "adm2_name1": null, "adm2_name2": null, "adm2_name3": null, "adm3_pcode": "ID3215070", "adm3_name": "Jatisari", "adm3_name1": null, "adm3_name2": null, "adm3_name3": null, "adm4_pcode": "ID3215070012", "adm4_name": "Cirejag", "adm4_name1": null, "adm4_name2": null, "adm4_name3": null}, "geometry": {"type": "Point", "coordinates": [107.54415829300007, -6.377980449999939]}}, {"type": "Feature", "properties": {"admin_level": 4, "name": "Cirende", "name1": null, "name2": null, "name3": null, "adm0_pcode": "ID", "adm0_name": "Indonesia", "valid_on": "2020-04-01", "valid_to": null, "area_sqkm": 8.32770942, "version": "v01", "lang": "en", "lang1": null, "lang2": null, "lang3": null, "y_coord": -6.54056, "x_coord": 107.5000625, "adm1_pcode": "ID32", "adm1_name": "Jawa Barat", "adm1_name1": null, "adm1_name2": null, "adm1_name3": null, "adm2_pcode": "ID3214", "adm2_name": "Purwakarta", "adm2_name1": null, "adm2_name2": null, "adm2_name3": null, "adm3_pcode": "ID3214110", "adm3_name": "Campaka", "adm3_name1": null, "adm3_name2": null, "adm3_name3": null, "adm4_pcode": "ID3214110001", "adm4_name": "Cirende", "adm4_name1": null, "adm4_name2": null, "adm4_name3": null}, "geometry": {"type": "Point", "coordinates": [107.50006250000013, -6.54056]}}, {"type": "Feature", "properties": {"admin_level": 4, "name": "Ciririp", "name1": null, "name2": null, "name3": null, "adm0_pcode": "ID", "adm0_name": "Indonesia", "valid_on": "2020-04-01", "valid_to": null, "area_sqkm": 20.69397713, "version": "v01", "lang": "en", "lang1": null, "lang2": null, "lang3": null, "y_coord": -6.5792829, "x_coord": 107.26199999, "adm1_pcode": "ID32", "adm1_name": "Jawa Barat", "adm1_name1": null, "adm1_name2": null, "adm1_name3": null, "adm2_pcode": "ID3214", "adm2_name": "Purwakarta", "adm2_name1": null, "adm2_name2": null, "adm2_name3": null, "adm3_pcode": "ID3214011", "adm3_name": "Sukasari", "adm3_name1": null, "adm3_name2": null, "adm3_name3": null, "adm4_pcode": "ID3214011003", "adm4_name": "Ciririp", "adm4_name1": null, "adm4_name2": null, "adm4_name3": null}, "geometry": {"type": "Point", "coordinates": [107.26199999500011, -6.579282899999953]}}, {"type": "Feature", "properties": {"admin_level": 4, "name": "Cisaat", "name1": null, "name2": null, "name3": null, "adm0_pcode": "ID", "adm0_name": "Indonesia", "valid_on": "2020-04-01", "valid_to": null, "area_sqkm": 6.24987533, "version": "v01", "lang": "en", "lang1": null, "lang2": null, "lang3": null, "y_coord": -6.45494175, "x_coord": 107.52822607, "adm1_pcode": "ID32", "adm1_name": "Jawa Barat", "adm1_name1": null, "adm1_name2": null, "adm1_name3": null, "adm2_pcode": "ID3214", "adm2_name": "Purwakarta", "adm2_name1": null, "adm2_name2": null, "adm2_name3": null, "adm3_pcode": "ID3214110", "adm3_name": "Campaka", "adm3_name1": null, "adm3_name2": null, "adm3_name3": null, "adm4_pcode": "ID3214110024", "adm4_name": "Cisaat", "adm4_name1": null, "adm4_name2": null, "adm4_name3": null}, "geometry": {"type": "Point", "coordinates": [107.52822607400014, -6.454941749999932]}}, {"type": "Feature", "properties": {"admin_level": 4, "name": "Cisalada", "name1": null, "name2": null, "name3": null, "adm0_pcode": "ID", "adm0_name": "Indonesia", "valid_on": "2020-04-01", "valid_to": null, "area_sqkm": 2.45946355, "version": "v01", "lang": "en", "lang1": null, "lang2": null, "lang3": null, "y_coord": -6.5813465, "x_coord": 107.44333175, "adm1_pcode": "ID32", "adm1_name": "Jawa Barat", "adm1_name1": null, "adm1_name2": null, "adm1_name3": null, "adm2_pcode": "ID3214", "adm2_name": "Purwakarta", "adm2_name1": null, "adm2_name2": null, "adm2_name3": null, "adm3_pcode": "ID3214010", "adm3_name": "Jatiluhur", "adm3_name1": null, "adm3_name2": null, "adm3_name3": null, "adm4_pcode": "ID3214010016", "adm4_name": "Cisalada", "adm4_name1": null, "adm4_name2": null, "adm4_name3": null}, "geometry": {"type": "Point", "coordinates": [107.44333174600001, -6.581346499999881]}}, {"type": "Feature", "properties": {"admin_level": 4, "name": "Cisarua", "name1": null, "name2": null, "name3": null, "adm0_pcode": "ID", "adm0_name": "Indonesia", "valid_on": "2020-04-01", "valid_to": null, "area_sqkm": 10.92243454, "version": "v01", "lang": "en", "lang1": null, "lang2": null, "lang3": null, "y_coord": -6.60592495, "x_coord": 107.3208506, "adm1_pcode": "ID32", "adm1_name": "Jawa Barat", "adm1_name1": null, "adm1_name2": null, "adm1_name3": null, "adm2_pcode": "ID3214", "adm2_name": "Purwakarta", "adm2_name1": null, "adm2_name2": null, "adm2_name3": null, "adm3_pcode": "ID3214030", "adm3_name": "Tegal Waru", "adm3_name1": null, "adm3_name2": null, "adm3_name3": null, "adm4_pcode": "ID3214030011", "adm4_name": "Cisarua", "adm4_name1": null, "adm4_name2": null, "adm4_name3": null}, "geometry": {"type": "Point", "coordinates": [107.32085060500009, -6.605924949999974]}}, {"type": "Feature", "properties": {"admin_level": 4, "name": "Ciseureuh", "name1": null, "name2": null, "name3": null, "adm0_pcode": "ID", "adm0_name": "Indonesia", "valid_on": "2020-04-01", "valid_to": null, "area_sqkm": 4.91655822, "version": "v01", "lang": "en", "lang1": null, "lang2": null, "lang3": null, "y_coord": -6.51916, "x_coord": 107.46175773, "adm1_pcode": "ID32", "adm1_name": "Jawa Barat", "adm1_name1": null, "adm1_name2": null, "adm1_name3": null, "adm2_pcode": "ID3214", "adm2_name": "Purwakarta", "adm2_name1": null, "adm2_name2": null, "adm2_name3": null, "adm3_pcode": "ID3214100", "adm3_name": "Purwakarta", "adm3_name1": null, "adm3_name2": null, "adm3_name3": null, "adm4_pcode": "ID3214100013", "adm4_name": "Ciseureuh", "adm4_name1": null, "adm4_name2": null, "adm4_name3": null}, "geometry": {"type": "Point", "coordinates": [107.46175772700008, -6.51916]}}, {"type": "Feature", "properties": {"admin_level": 4, "name": "Citalang", "name1": null, "name2": null, "name3": null, "adm0_pcode": "ID", "adm0_name": "Indonesia", "valid_on": "2020-04-01", "valid_to": null, "area_sqkm": 3.05298147, "version": "v01", "lang": "en", "lang1": null, "lang2": null, "lang3": null, "y_coord": -6.54403, "x_coord": 107.46564024, "adm1_pcode": "ID32", "adm1_name": "Jawa Barat", "adm1_name1": null, "adm1_name2": null, "adm1_name3": null, "adm2_pcode": "ID3214", "adm2_name": "Purwakarta", "adm2_name1": null, "adm2_name2": null, "adm2_name3": null, "adm3_pcode": "ID3214100", "adm3_name": "Purwakarta", "adm3_name1": null, "adm3_name2": null, "adm3_name3": null, "adm4_pcode": "ID3214100011", "adm4_name": "Citalang", "adm4_name1": null, "adm4_name2": null, "adm4_name3": null}, "geometry": {"type": "Point", "coordinates": [107.46564023600001, -6.54403]}}, {"type": "Feature", "properties": {"admin_level": 4, "name": "Citarik", "name1": null, "name2": null, "name3": null, "adm0_pcode": "ID", "adm0_name": "Indonesia", "valid_on": "2020-04-01", "valid_to": null, "area_sqkm": 4.40045006, "version": "v01", "lang": "en", "lang1": null, "lang2": null, "lang3": null, "y_coord": -6.356435, "x_coord": 107.45717081, "adm1_pcode": "ID32", "adm1_name": "Jawa Barat", "adm1_name1": null, "adm1_name2": null, "adm1_name3": null, "adm2_pcode": "ID3215", "adm2_name": "Karawang", "adm2_name1": null, "adm2_name2": null, "adm2_name3": null, "adm3_pcode": "ID3215060", "adm3_name": "Tirtamulya", "adm3_name1": null, "adm3_name2": null, "adm3_name3": null, "adm4_pcode": "ID3215060005", "adm4_name": "Citarik", "adm4_name1": null, "adm4_name2": null, "adm4_name3": null}, "geometry": {"type": "Point", "coordinates": [107.45717081100014, -6.356435]}}, {"type": "Feature", "properties": {"admin_level": 4, "name": "Ciwangi", "name1": null, "name2": null, "name3": null, "adm0_pcode": "ID", "adm0_name": "Indonesia", "valid_on": "2020-04-01", "valid_to": null, "area_sqkm": 2.12036896, "version": "v01", "lang": "en", "lang1": null, "lang2": null, "lang3": null, "y_coord": -6.50777, "x_coord": 107.46667554, "adm1_pcode": "ID32", "adm1_name": "Jawa Barat", "adm1_name1": null, "adm1_name2": null, "adm1_name3": null, "adm2_pcode": "ID3214", "adm2_name": "Purwakarta", "adm2_name1": null, "adm2_name2": null, "adm2_name3": null, "adm3_pcode": "ID3214112", "adm3_name": "Bungursari", "adm3_name1": null, "adm3_name2": null, "adm3_name3": null, "adm4_pcode": "ID3214112001", "adm4_name": "Ciwangi", "adm4_name1": null, "adm4_name2": null, "adm4_name3": null}, "geometry": {"type": "Point", "coordinates": [107.46667554300018, -6.50776999999988]}}, {"type": "Feature", "properties": {"admin_level": 4, "name": "Ciwareng", "name1": null, "name2": null, "name3": null, "adm0_pcode": "ID", "adm0_name": "Indonesia", "valid_on": "2020-04-01", "valid_to": null, "area_sqkm": 2.46058942, "version": "v01", "lang": "en", "lang1": null, "lang2": null, "lang3": null, "y_coord": -6.521545, "x_coord": 107.44110144, "adm1_pcode": "ID32", "adm1_name": "Jawa Barat", "adm1_name1": null, "adm1_name2": null, "adm1_name3": null, "adm2_pcode": "ID3214", "adm2_name": "Purwakarta", "adm2_name1": null, "adm2_name2": null, "adm2_name3": null, "adm3_pcode": "ID3214101", "adm3_name": "Babakancikao", "adm3_name1": null, "adm3_name2": null, "adm3_name3": null, "adm4_pcode": "ID3214101002", "adm4_name": "Ciwareng", "adm4_name1": null, "adm4_name2": null, "adm4_name3": null}, "geometry": {"type": "Point", "coordinates": [107.44110143900014, -6.521545]}}, {"type": "Feature", "properties": {"admin_level": 4, "name": "Ciwaringin", "name1": null, "name2": null, "name3": null, "adm0_pcode": "ID", "adm0_name": "Indonesia", "valid_on": "2020-04-01", "valid_to": null, "area_sqkm": 4.82821381, "version": "v01", "lang": "en", "lang1": null, "lang2": null, "lang3": null, "y_coord": -6.31835, "x_coord": 107.41398383, "adm1_pcode": "ID32", "adm1_name": "Jawa Barat", "adm1_name1": null, "adm1_name2": null, "adm1_name3": null, "adm2_pcode": "ID3215", "adm2_name": "Karawang", "adm2_name1": null, "adm2_name2": null, "adm2_name3": null, "adm3_pcode": "ID3215090", "adm3_name": "Lemahabang", "adm3_name1": null, "adm3_name2": null, "adm3_name3": null, "adm4_pcode": "ID3215090001", "adm4_name": "Ciwaringin", "adm4_name1": null, "adm4_name2": null, "adm4_name3": null}, "geometry": {"type": "Point", "coordinates": [107.41398383000006, -6.31835]}}, {"type": "Feature", "properties": {"admin_level": 4, "name": "Ciwulan", "name1": null, "name2": null, "name3": null, "adm0_pcode": "ID", "adm0_name": "Indonesia", "valid_on": "2020-04-01", "valid_to": null, "area_sqkm": 3.87708651, "version": "v01", "lang": "en", "lang1": null, "lang2": null, "lang3": null, "y_coord": -6.24898, "x_coord": 107.44006787, "adm1_pcode": "ID32", "adm1_name": "Jawa Barat", "adm1_name1": null, "adm1_name2": null, "adm1_name3": null, "adm2_pcode": "ID3215", "adm2_name": "Karawang", "adm2_name1": null, "adm2_name2": null, "adm2_name3": null, "adm3_pcode": "ID3215100", "adm3_name": "Talagasari", "adm3_name1": null, "adm3_name2": null, "adm3_name3": null, "adm4_pcode": "ID3215100007", "adm4_name": "Ciwulan", "adm4_name1": null, "adm4_name2": null, "adm4_name3": null}, "geometry": {"type": "Point", "coordinates": [107.44006787100005, -6.24898]}}, {"type": "Feature", "properties": {"admin_level": 4, "name": "Curug", "name1": null, "name2": null, "name3": null, "adm0_pcode": "ID", "adm0_name": "Indonesia", "valid_on": "2020-04-01", "valid_to": null, "area_sqkm": 7.84767207, "version": "v01", "lang": "en", "lang1": null, "lang2": null, "lang3": null, "y_coord": -6.441685, "x_coord": 107.3824558, "adm1_pcode": "ID32", "adm1_name": "Jawa Barat", "adm1_name1": null, "adm1_name2": null, "adm1_name3": null, "adm2_pcode": "ID3215", "adm2_name": "Karawang", "adm2_name1": null, "adm2_name2": null, "adm2_name3": null, "adm3_pcode": "ID3215040", "adm3_name": "Klari", "adm3_name1": null, "adm3_name2": null, "adm3_name3": null, "adm4_pcode": "ID3215040002", "adm4_name": "Curug", "adm4_name1": null, "adm4_name2": null, "adm4_name3": null}, "geometry": {"type": "Point", "coordinates": [107.38245580300008, -6.441684999999893]}}, {"type": "Feature", "properties": {"admin_level": 4, "name": "Danauindah", "name1": null, "name2": null, "name3": null, "adm0_pcode": "ID", "adm0_name": "Indonesia", "valid_on": "2020-04-01", "valid_to": null, "area_sqkm": 3.18369876, "version": "v01", "lang": "en", "lang1": null, "lang2": null, "lang3": null, "y_coord": -6.3025223, "x_coord": 107.10278148, "adm1_pcode": "ID32", "adm1_name": "Jawa Barat", "adm1_name1": null, "adm1_name2": null, "adm1_name3": null, "adm2_pcode": "ID3216", "adm2_name": "Bekasi", "adm2_name1": null, "adm2_name2": null, "adm2_name3": null, "adm3_pcode": "ID3216071", "adm3_name": "Cikarang Barat", "adm3_name1": null, "adm3_name2": null, "adm3_name3": null, "adm4_pcode": "ID3216071006", "adm4_name": "Danauindah", "adm4_name1": null, "adm4_name2": null, "adm4_name3": null}, "geometry": {"type": "Point", "coordinates": [107.10278148000009, -6.302522299999964]}}, {"type": "Feature", "properties": {"admin_level": 4, "name": "Dangdeur", "name1": null, "name2": null, "name3": null, "adm0_pcode": "ID", "adm0_name": "Indonesia", "valid_on": "2020-04-01", "valid_to": null, "area_sqkm": 8.7300798, "version": "v01", "lang": "en", "lang1": null, "lang2": null, "lang3": null, "y_coord": -6.465275, "x_coord": 107.45512912, "adm1_pcode": "ID32", "adm1_name": "Jawa Barat", "adm1_name1": null, "adm1_name2": null, "adm1_name3": null, "adm2_pcode": "ID3214", "adm2_name": "Purwakarta", "adm2_name1": null, "adm2_name2": null, "adm2_name3": null, "adm3_pcode": "ID3214112", "adm3_name": "Bungursari", "adm3_name1": null, "adm3_name2": null, "adm3_name3": null, "adm4_pcode": "ID3214112005", "adm4_name": "Dangdeur", "adm4_name1": null, "adm4_name2": null, "adm4_name3": null}, "geometry": {"type": "Point", "coordinates": [107.45512911800006, -6.465275]}}, {"type": "Feature", "properties": {"admin_level": 4, "name": "Darawolong", "name1": null, "name2": null, "name3": null, "adm0_pcode": "ID", "adm0_name": "Indonesia", "valid_on": "2020-04-01", "valid_to": null, "area_sqkm": 6.38936787, "version": "v01", "lang": "en", "lang1": null, "lang2": null, "lang3": null, "y_coord": -6.34276175, "x_coord": 107.40818465, "adm1_pcode": "ID32", "adm1_name": "Jawa Barat", "adm1_name1": null, "adm1_name2": null, "adm1_name3": null, "adm2_pcode": "ID3215", "adm2_name": "Karawang", "adm2_name1": null, "adm2_name2": null, "adm2_name3": null, "adm3_pcode": "ID3215051", "adm3_name": "Purwasari", "adm3_name1": null, "adm3_name2": null, "adm3_name3": null, "adm4_pcode": "ID3215051007", "adm4_name": "Darawolong", "adm4_name1": null, "adm4_name2": null, "adm4_name3": null}, "geometry": {"type": "Point", "coordinates": [107.40818465000001, -6.342761749999966]}}, {"type": "Feature", "properties": {"admin_level": 4, "name": "Dawuan Barat", "name1": null, "name2": null, "name3": null, "adm0_pcode": "ID", "adm0_name": "Indonesia", "valid_on": "2020-04-01", "valid_to": null, "area_sqkm": 2.82273493, "version": "v01", "lang": "en", "lang1": null, "lang2": null, "lang3": null, "y_coord": -6.3928931, "x_coord": 107.42717881, "adm1_pcode": "ID32", "adm1_name": "Jawa Barat", "adm1_name1": null, "adm1_name2": null, "adm1_name3": null, "adm2_pcode": "ID3215", "adm2_name": "Karawang", "adm2_name1": null, "adm2_name2": null, "adm2_name3": null, "adm3_pcode": "ID3215050", "adm3_name": "Cikampek", "adm3_name1": null, "adm3_name2": null, "adm3_name3": null, "adm4_pcode": "ID3215050014", "adm4_name": "Dawuan Barat", "adm4_name1": null, "adm4_name2": null, "adm4_name3": null}, "geometry": {"type": "Point", "coordinates": [107.42717881500016, -6.392893099999981]}}, {"type": "Feature", "properties": {"admin_level": 4, "name": "Dawuan Tengah", "name1": null, "name2": null, "name3": null, "adm0_pcode": "ID", "adm0_name": "Indonesia", "valid_on": "2020-04-01", "valid_to": null, "area_sqkm": 3.73640746, "version": "v01", "lang": "en", "lang1": null, "lang2": null, "lang3": null, "y_coord": -6.39688035, "x_coord": 107.43608609, "adm1_pcode": "ID32", "adm1_name": "Jawa Barat", "adm1_name1": null, "adm1_name2": null, "adm1_name3": null, "adm2_pcode": "ID3215", "adm2_name": "Karawang", "adm2_name1": null, "adm2_name2": null, "adm2_name3": null, "adm3_pcode": "ID3215050", "adm3_name": "Cikampek", "adm3_name1": null, "adm3_name2": null, "adm3_name3": null, "adm4_pcode": "ID3215050013", "adm4_name": "Dawuan Tengah", "adm4_name1": null, "adm4_name2": null, "adm4_name3": null}, "geometry": {"type": "Point", "coordinates": [107.43608608900013, -6.39688034999989]}}, {"type": "Feature", "properties": {"admin_level": 4, "name": "Dawuan Timur", "name1": null, "name2": null, "name3": null, "adm0_pcode": "ID", "adm0_name": "Indonesia", "valid_on": "2020-04-01", "valid_to": null, "area_sqkm": 2.844074, "version": "v01", "lang": "en", "lang1": null, "lang2": null, "lang3": null, "y_coord": -6.39075645, "x_coord": 107.44564119, "adm1_pcode": "ID32", "adm1_name": "Jawa Barat", "adm1_name1": null, "adm1_name2": null, "adm1_name3": null, "adm2_pcode": "ID3215", "adm2_name": "Karawang", "adm2_name1": null, "adm2_name2": null, "adm2_name3": null, "adm3_pcode": "ID3215050", "adm3_name": "Cikampek", "adm3_name1": null, "adm3_name2": null, "adm3_name3": null, "adm4_pcode": "ID3215050012", "adm4_name": "Dawuan Timur", "adm4_name1": null, "adm4_name2": null, "adm4_name3": null}, "geometry": {"type": "Point", "coordinates": [107.44564118500006, -6.390756449999913]}}, {"type": "Feature", "properties": {"admin_level": 4, "name": "Dayeuhluhur", "name1": null, "name2": null, "name3": null, "adm0_pcode": "ID", "adm0_name": "Indonesia", "valid_on": "2020-04-01", "valid_to": null, "area_sqkm": 7.34922157, "version": "v01", "lang": "en", "lang1": null, "lang2": null, "lang3": null, "y_coord": -6.20863, "x_coord": 107.39408, "adm1_pcode": "ID32", "adm1_name": "Jawa Barat", "adm1_name1": null, "adm1_name2": null, "adm1_name3": null, "adm2_pcode": "ID3215", "adm2_name": "Karawang", "adm2_name1": null, "adm2_name2": null, "adm2_name3": null, "adm3_pcode": "ID3215130", "adm3_name": "Tempuran", "adm3_name1": null, "adm3_name2": null, "adm3_name3": null, "adm4_pcode": "ID3215130001", "adm4_name": "Dayeuhluhur", "adm4_name1": null, "adm4_name2": null, "adm4_name3": null}, "geometry": {"type": "Point", "coordinates": [107.39408, -6.20863]}}, {"type": "Feature", "properties": {"admin_level": 4, "name": "Dewisari", "name1": null, "name2": null, "name3": null, "adm0_pcode": "ID", "adm0_name": "Indonesia", "valid_on": "2020-04-01", "valid_to": null, "area_sqkm": 4.71971642, "version": "v01", "lang": "en", "lang1": null, "lang2": null, "lang3": null, "y_coord": -6.1301629, "x_coord": 107.28571436, "adm1_pcode": "ID32", "adm1_name": "Jawa Barat", "adm1_name1": null, "adm1_name2": null, "adm1_name3": null, "adm2_pcode": "ID3215", "adm2_name": "Karawang", "adm2_name1": null, "adm2_name2": null, "adm2_name3": null, "adm3_pcode": "ID3215150", "adm3_name": "Rengasdengklok", "adm3_name1": null, "adm3_name2": null, "adm3_name3": null, "adm4_pcode": "ID3215150009", "adm4_name": "Dewisari", "adm4_name1": null, "adm4_name2": null, "adm4_name3": null}, "geometry": {"type": "Point", "coordinates": [107.28571436300012, -6.130162899999902]}}, {"type": "Feature", "properties": {"admin_level": 4, "name": "Dongkal", "name1": null, "name2": null, "name3": null, "adm0_pcode": "ID", "adm0_name": "Indonesia", "valid_on": "2020-04-01", "valid_to": null, "area_sqkm": 2.81713341, "version": "v01", "lang": "en", "lang1": null, "lang2": null, "lang3": null, "y_coord": -6.073495, "x_coord": 107.38064144, "adm1_pcode": "ID32", "adm1_name": "Jawa Barat", "adm1_name1": null, "adm1_name2": null, "adm1_name3": null, "adm2_pcode": "ID3215", "adm2_name": "Karawang", "adm2_name1": null, "adm2_name2": null, "adm2_name3": null, "adm3_pcode": "ID3215160", "adm3_name": "Pedes", "adm3_name1": null, "adm3_name2": null, "adm3_name3": null, "adm4_pcode": "ID3215160017", "adm4_name": "Dongkal", "adm4_name1": null, "adm4_name2": null, "adm4_name3": null}, "geometry": {"type": "Point", "coordinates": [107.38064144400016, -6.073495]}}, {"type": "Feature", "properties": {"admin_level": 4, "name": "Dukuhkarya", "name1": null, "name2": null, "name3": null, "adm0_pcode": "ID", "adm0_name": "Indonesia", "valid_on": "2020-04-01", "valid_to": null, "area_sqkm": 4.03044171, "version": "v01", "lang": "en", "lang1": null, "lang2": null, "lang3": null, "y_coord": -6.1923871, "x_coord": 107.32155219, "adm1_pcode": "ID32", "adm1_name": "Jawa Barat", "adm1_name1": null, "adm1_name2": null, "adm1_name3": null, "adm2_pcode": "ID3215", "adm2_name": "Karawang", "adm2_name1": null, "adm2_name2": null, "adm2_name3": null, "adm3_pcode": "ID3215150", "adm3_name": "Rengasdengklok", "adm3_name1": null, "adm3_name2": null, "adm3_name3": null, "adm4_pcode": "ID3215150004", "adm4_name": "Dukuhkarya", "adm4_name1": null, "adm4_name2": null, "adm4_name3": null}, "geometry": {"type": "Point", "coordinates": [107.32155218800017, -6.192387099999962]}}, {"type": "Feature", "properties": {"admin_level": 4, "name": "Duren", "name1": null, "name2": null, "name3": null, "adm0_pcode": "ID", "adm0_name": "Indonesia", "valid_on": "2020-04-01", "valid_to": null, "area_sqkm": 3.11351502, "version": "v01", "lang": "en", "lang1": null, "lang2": null, "lang3": null, "y_coord": -6.367775, "x_coord": 107.3713095, "adm1_pcode": "ID32", "adm1_name": "Jawa Barat", "adm1_name1": null, "adm1_name2": null, "adm1_name3": null, "adm2_pcode": "ID3215", "adm2_name": "Karawang", "adm2_name1": null, "adm2_name2": null, "adm2_name3": null, "adm3_pcode": "ID3215040", "adm3_name": "Klari", "adm3_name1": null, "adm3_name2": null, "adm3_name3": null, "adm4_pcode": "ID3215040013", "adm4_name": "Duren", "adm4_name1": null, "adm4_name2": null, "adm4_name3": null}, "geometry": {"type": "Point", "coordinates": [107.37130949700014, -6.367775]}}, {"type": "Feature", "properties": {"admin_level": 4, "name": "Duren Jaya", "name1": null, "name2": null, "name3": null, "adm0_pcode": "ID", "adm0_name": "Indonesia", "valid_on": "2020-04-01", "valid_to": null, "area_sqkm": 3.63507485, "version": "v01", "lang": "en", "lang1": null, "lang2": null, "lang3": null, "y_coord": -6.23772205, "x_coord": 107.0223411, "adm1_pcode": "ID32", "adm1_name": "Jawa Barat", "adm1_name1": null, "adm1_name2": null, "adm1_name3": null, "adm2_pcode": "ID3275", "adm2_name": "Kota Bekasi", "adm2_name1": null, "adm2_name2": null, "adm2_name3": null, "adm3_pcode": "ID3275040", "adm3_name": "Bekasi Timur", "adm3_name1": null, "adm3_name2": null, "adm3_name3": null, "adm4_pcode": "ID3275040007", "adm4_name": "Duren Jaya", "adm4_name1": null, "adm4_name2": null, "adm4_name3": null}, "geometry": {"type": "Point", "coordinates": [107.02234109900013, -6.237722049999945]}}, {"type": "Feature", "properties": {"admin_level": 4, "name": "Gandamekar", "name1": null, "name2": null, "name3": null, "adm0_pcode": "ID", "adm0_name": "Indonesia", "valid_on": "2020-04-01", "valid_to": null, "area_sqkm": 5.28341182, "version": "v01", "lang": "en", "lang1": null, "lang2": null, "lang3": null, "y_coord": -6.293955, "x_coord": 107.08883735, "adm1_pcode": "ID32", "adm1_name": "Jawa Barat", "adm1_name1": null, "adm1_name2": null, "adm1_name3": null, "adm2_pcode": "ID3216", "adm2_name": "Bekasi", "adm2_name1": null, "adm2_name2": null, "adm2_name3": null, "adm3_pcode": "ID3216071", "adm3_name": "Cikarang Barat", "adm3_name1": null, "adm3_name2": null, "adm3_name3": null, "adm4_pcode": "ID3216071005", "adm4_name": "Gandamekar", "adm4_name1": null, "adm4_name2": null, "adm4_name3": null}, "geometry": {"type": "Point", "coordinates": [107.08883735300014, -6.293954999999869]}}, {"type": "Feature", "properties": {"admin_level": 4, "name": "Gandasari", "name1": null, "name2": null, "name3": null, "adm0_pcode": "ID", "adm0_name": "Indonesia", "valid_on": "2020-04-01", "valid_to": null, "area_sqkm": 3.90957056, "version": "v01", "lang": "en", "lang1": null, "lang2": null, "lang3": null, "y_coord": -6.28533, "x_coord": 107.07935241, "adm1_pcode": "ID32", "adm1_name": "Jawa Barat", "adm1_name1": null, "adm1_name2": null, "adm1_name3": null, "adm2_pcode": "ID3216", "adm2_name": "Bekasi", "adm2_name1": null, "adm2_name2": null, "adm2_name3": null, "adm3_pcode": "ID3216071", "adm3_name": "Cikarang Barat", "adm3_name1": null, "adm3_name2": null, "adm3_name3": null, "adm4_pcode": "ID3216071007", "adm4_name": "Gandasari", "adm4_name1": null, "adm4_name2": null, "adm4_name3": null}, "geometry": {"type": "Point", "coordinates": [107.07935240700016, -6.285329999999874]}}, {"type": "Feature", "properties": {"admin_level": 4, "name": "Gandoang", "name1": null, "name2": null, "name3": null, "adm0_pcode": "ID", "adm0_name": "Indonesia", "valid_on": "2020-04-01", "valid_to": null, "area_sqkm": 5.67232666, "version": "v01", "lang": "en", "lang1": null, "lang2": null, "lang3": null, "y_coord": -6.41070185, "x_coord": 107.01517432, "adm1_pcode": "ID32", "adm1_name": "Jawa Barat", "adm1_name1": null, "adm1_name2": null, "adm1_name3": null, "adm2_pcode": "ID3201", "adm2_name": "Bogor", "adm2_name1": null, "adm2_name2": null, "adm2_name3": null, "adm3_pcode": "ID3201180", "adm3_name": "Cileungsi", "adm3_name1": null, "adm3_name2": null, "adm3_name3": null, "adm4_pcode": "ID3201180015", "adm4_name": "Gandoang", "adm4_name1": null, "adm4_name2": null, "adm4_name3": null}, "geometry": {"type": "Point", "coordinates": [107.01517432100013, -6.410701849999896]}}, {"type": "Feature", "properties": {"admin_level": 4, "name": "Gebangjaya", "name1": null, "name2": null, "name3": null, "adm0_pcode": "ID", "adm0_name": "Indonesia", "valid_on": "2020-04-01", "valid_to": null, "area_sqkm": 4.41725162, "version": "v01", "lang": "en", "lang1": null, "lang2": null, "lang3": null, "y_coord": -6.04823, "x_coord": 107.3789923, "adm1_pcode": "ID32", "adm1_name": "Jawa Barat", "adm1_name1": null, "adm1_name2": null, "adm1_name3": null, "adm2_pcode": "ID3215", "adm2_name": "Karawang", "adm2_name1": null, "adm2_name2": null, "adm2_name3": null, "adm3_pcode": "ID3215170", "adm3_name": "Cibuaya", "adm3_name1": null, "adm3_name2": null, "adm3_name3": null, "adm4_pcode": "ID3215170009", "adm4_name": "Gebangjaya", "adm4_name1": null, "adm4_name2": null, "adm4_name3": null}, "geometry": {"type": "Point", "coordinates": [107.37899229600015, -6.04823]}}, {"type": "Feature", "properties": {"admin_level": 4, "name": "Gembongan", "name1": null, "name2": null, "name3": null, "adm0_pcode": "ID", "adm0_name": "Indonesia", "valid_on": "2020-04-01", "valid_to": null, "area_sqkm": 3.95843728, "version": "v01", "lang": "en", "lang1": null, "lang2": null, "lang3": null, "y_coord": -6.3005227, "x_coord": 107.53376855, "adm1_pcode": "ID32", "adm1_name": "Jawa Barat", "adm1_name1": null, "adm1_name2": null, "adm1_name3": null, "adm2_pcode": "ID3215", "adm2_name": "Karawang", "adm2_name1": null, "adm2_name2": null, "adm2_name3": null, "adm3_pcode": "ID3215071", "adm3_name": "Banyusari", "adm3_name1": null, "adm3_name2": null, "adm3_name3": null, "adm4_pcode": "ID3215071007", "adm4_name": "Gembongan", "adm4_name1": null, "adm4_name2": null, "adm4_name3": null}, "geometry": {"type": "Point", "coordinates": [107.53376854800007, -6.300522699999874]}}, {"type": "Feature", "properties": {"admin_level": 4, "name": "Gempol", "name1": null, "name2": null, "name3": null, "adm0_pcode": "ID", "adm0_name": "Indonesia", "valid_on": "2020-04-01", "valid_to": null, "area_sqkm": 2.95623035, "version": "v01", "lang": "en", "lang1": null, "lang2": null, "lang3": null, "y_coord": -6.29502, "x_coord": 107.5652373, "adm1_pcode": "ID32", "adm1_name": "Jawa Barat", "adm1_name1": null, "adm1_name2": null, "adm1_name3": null, "adm2_pcode": "ID3215", "adm2_name": "Karawang", "adm2_name1": null, "adm2_name2": null, "adm2_name3": null, "adm3_pcode": "ID3215071", "adm3_name": "Banyusari", "adm3_name1": null, "adm3_name2": null, "adm3_name3": null, "adm4_pcode": "ID3215071006", "adm4_name": "Gempol", "adm4_name1": null, "adm4_name2": null, "adm4_name3": null}, "geometry": {"type": "Point", "coordinates": [107.56523730400005, -6.29502]}}, {"type": "Feature", "properties": {"admin_level": 4, "name": "Gempolkarya", "name1": null, "name2": null, "name3": null, "adm0_pcode": "ID", "adm0_name": "Indonesia", "valid_on": "2020-04-01", "valid_to": null, "area_sqkm": 5.05977192, "version": "v01", "lang": "en", "lang1": null, "lang2": null, "lang3": null, "y_coord": -6.076565, "x_coord": 107.26340476, "adm1_pcode": "ID32", "adm1_name": "Jawa Barat", "adm1_name1": null, "adm1_name2": null, "adm1_name3": null, "adm2_pcode": "ID3215", "adm2_name": "Karawang", "adm2_name1": null, "adm2_name2": null, "adm2_name3": null, "adm3_pcode": "ID3215180", "adm3_name": "Tirtajaya", "adm3_name1": null, "adm3_name2": null, "adm3_name3": null, "adm4_pcode": "ID3215180004", "adm4_name": "Gempolkarya", "adm4_name1": null, "adm4_name2": null, "adm4_name3": null}, "geometry": {"type": "Point", "coordinates": [107.26340476400009, -6.076565]}}, {"type": "Feature", "properties": {"admin_level": 4, "name": "Gempolkolot", "name1": null, "name2": null, "name3": null, "adm0_pcode": "ID", "adm0_name": "Indonesia", "valid_on": "2020-04-01", "valid_to": null, "area_sqkm": 2.43288895, "version": "v01", "lang": "en", "lang1": null, "lang2": null, "lang3": null, "y_coord": -6.29528235, "x_coord": 107.57922064, "adm1_pcode": "ID32", "adm1_name": "Jawa Barat", "adm1_name1": null, "adm1_name2": null, "adm1_name3": null, "adm2_pcode": "ID3215", "adm2_name": "Karawang", "adm2_name1": null, "adm2_name2": null, "adm2_name3": null, "adm3_pcode": "ID3215071", "adm3_name": "Banyusari", "adm3_name1": null, "adm3_name2": null, "adm3_name3": null, "adm4_pcode": "ID3215071005", "adm4_name": "Gempolkolot", "adm4_name1": null, "adm4_name2": null, "adm4_name3": null}, "geometry": {"type": "Point", "coordinates": [107.5792206380001, -6.295282349999979]}}, {"type": "Feature", "properties": {"admin_level": 4, "name": "Gempolsari", "name1": null, "name2": null, "name3": null, "adm0_pcode": "ID", "adm0_name": "Indonesia", "valid_on": "2020-04-01", "valid_to": null, "area_sqkm": 11.15717039, "version": "v01", "lang": "en", "lang1": null, "lang2": null, "lang3": null, "y_coord": -6.3686146, "x_coord": 107.61312122, "adm1_pcode": "ID32", "adm1_name": "Jawa Barat", "adm1_name1": null, "adm1_name2": null, "adm1_name3": null, "adm2_pcode": "ID3213", "adm2_name": "Subang", "adm2_name1": null, "adm2_name2": null, "adm2_name3": null, "adm3_pcode": "ID3213110", "adm3_name": "Patokbeusi", "adm3_name1": null, "adm3_name2": null, "adm3_name3": null, "adm4_pcode": "ID3213110006", "adm4_name": "Gempolsari", "adm4_name1": null, "adm4_name2": null, "adm4_name3": null}, "geometry": {"type": "Point", "coordinates": [107.61312122200019, -6.368614599999944]}}, {"type": "Feature", "properties": {"admin_level": 4, "name": "Gintungkerta", "name1": null, "name2": null, "name3": null, "adm0_pcode": "ID", "adm0_name": "Indonesia", "valid_on": "2020-04-01", "valid_to": null, "area_sqkm": 4.14835308, "version": "v01", "lang": "en", "lang1": null, "lang2": null, "lang3": null, "y_coord": -6.3598, "x_coord": 107.3459127, "adm1_pcode": "ID32", "adm1_name": "Jawa Barat", "adm1_name1": null, "adm1_name2": null, "adm1_name3": null, "adm2_pcode": "ID3215", "adm2_name": "Karawang", "adm2_name1": null, "adm2_name2": null, "adm2_name3": null, "adm3_pcode": "ID3215040", "adm3_name": "Klari", "adm3_name1": null, "adm3_name2": null, "adm3_name3": null, "adm4_pcode": "ID3215040007", "adm4_name": "Gintungkerta", "adm4_name1": null, "adm4_name2": null, "adm4_name3": null}, "geometry": {"type": "Point", "coordinates": [107.3459127010002, -6.359799999999893]}}, {"type": "Feature", "properties": {"admin_level": 4, "name": "Gombongsari", "name1": null, "name2": null, "name3": null, "adm0_pcode": "ID", "adm0_name": "Indonesia", "valid_on": "2020-04-01", "valid_to": null, "area_sqkm": 2.90169494, "version": "v01", "lang": "en", "lang1": null, "lang2": null, "lang3": null, "y_coord": -6.222985, "x_coord": 107.38207729, "adm1_pcode": "ID32", "adm1_name": "Jawa Barat", "adm1_name1": null, "adm1_name2": null, "adm1_name3": null, "adm2_pcode": "ID3215", "adm2_name": "Karawang", "adm2_name1": null, "adm2_name2": null, "adm2_name3": null, "adm3_pcode": "ID3215120", "adm3_name": "Rawamerta", "adm3_name1": null, "adm3_name2": null, "adm3_name3": null, "adm4_pcode": "ID3215120012", "adm4_name": "Gombongsari", "adm4_name1": null, "adm4_name2": null, "adm4_name3": null}, "geometry": {"type": "Point", "coordinates": [107.3820772910002, -6.222984999999881]}}, {"type": "Feature", "properties": {"admin_level": 4, "name": "Gurudug", "name1": null, "name2": null, "name3": null, "adm0_pcode": "ID", "adm0_name": "Indonesia", "valid_on": "2020-04-01", "valid_to": null, "area_sqkm": 4.39786917, "version": "v01", "lang": "en", "lang1": null, "lang2": null, "lang3": null, "y_coord": -6.58427, "x_coord": 107.514325, "adm1_pcode": "ID32", "adm1_name": "Jawa Barat", "adm1_name1": null, "adm1_name2": null, "adm1_name3": null, "adm2_pcode": "ID3214", "adm2_name": "Purwakarta", "adm2_name1": null, "adm2_name2": null, "adm2_name3": null, "adm3_pcode": "ID3214091", "adm3_name": "Pondok Salam", "adm3_name1": null, "adm3_name2": null, "adm3_name3": null, "adm4_pcode": "ID3214091011", "adm4_name": "Gurudug", "adm4_name1": null, "adm4_name2": null, "adm4_name3": null}, "geometry": {"type": "Point", "coordinates": [107.51432500000016, -6.58427]}}, {"type": "Feature", "properties": {"admin_level": 4, "name": "Harapan Baru", "name1": null, "name2": null, "name3": null, "adm0_pcode": "ID", "adm0_name": "Indonesia", "valid_on": "2020-04-01", "valid_to": null, "area_sqkm": 2.49635323, "version": "v01", "lang": "en", "lang1": null, "lang2": null, "lang3": null, "y_coord": -6.2156356, "x_coord": 107.0161891, "adm1_pcode": "ID32", "adm1_name": "Jawa Barat", "adm1_name1": null, "adm1_name2": null, "adm1_name3": null, "adm2_pcode": "ID3275", "adm2_name": "Kota Bekasi", "adm2_name1": null, "adm2_name2": null, "adm2_name3": null, "adm3_pcode": "ID3275070", "adm3_name": "Bekasi Utara", "adm3_name1": null, "adm3_name2": null, "adm3_name3": null, "adm4_pcode": "ID3275070004", "adm4_name": "Harapan Baru", "adm4_name1": null, "adm4_name2": null, "adm4_name3": null}, "geometry": {"type": "Point", "coordinates": [107.01618909900003, -6.215635599999928]}}, {"type": "Feature", "properties": {"admin_level": 4, "name": "Harapan Jaya", "name1": null, "name2": null, "name3": null, "adm0_pcode": "ID", "adm0_name": "Indonesia", "valid_on": "2020-04-01", "valid_to": null, "area_sqkm": 4.99174512, "version": "v01", "lang": "en", "lang1": null, "lang2": null, "lang3": null, "y_coord": -6.2084284, "x_coord": 106.99042862, "adm1_pcode": "ID32", "adm1_name": "Jawa Barat", "adm1_name1": null, "adm1_name2": null, "adm1_name3": null, "adm2_pcode": "ID3275", "adm2_name": "Kota Bekasi", "adm2_name1": null, "adm2_name2": null, "adm2_name3": null, "adm3_pcode": "ID3275070", "adm3_name": "Bekasi Utara", "adm3_name1": null, "adm3_name2": null, "adm3_name3": null, "adm4_pcode": "ID3275070001", "adm4_name": "Harapan Jaya", "adm4_name1": null, "adm4_name2": null, "adm4_name3": null}, "geometry": {"type": "Point", "coordinates": [106.99042862100009, -6.208428399999946]}}, {"type": "Feature", "properties": {"admin_level": 4, "name": "Harapan Mulya", "name1": null, "name2": null, "name3": null, "adm0_pcode": "ID", "adm0_name": "Indonesia", "valid_on": "2020-04-01", "valid_to": null, "area_sqkm": 1.76349725, "version": "v01", "lang": "en", "lang1": null, "lang2": null, "lang3": null, "y_coord": -6.2274252, "x_coord": 106.98831506, "adm1_pcode": "ID32", "adm1_name": "Jawa Barat", "adm1_name1": null, "adm1_name2": null, "adm1_name3": null, "adm2_pcode": "ID3275", "adm2_name": "Kota Bekasi", "adm2_name1": null, "adm2_name2": null, "adm2_name3": null, "adm3_pcode": "ID3275061", "adm3_name": "Medan Satria", "adm3_name1": null, "adm3_name2": null, "adm3_name3": null, "adm4_pcode": "ID3275061001", "adm4_name": "Harapan Mulya", "adm4_name1": null, "adm4_name2": null, "adm4_name3": null}, "geometry": {"type": "Point", "coordinates": [106.98831505600009, -6.227425199999914]}}, {"type": "Feature", "properties": {"admin_level": 4, "name": "Harjamekar", "name1": null, "name2": null, "name3": null, "adm0_pcode": "ID", "adm0_name": "Indonesia", "valid_on": "2020-04-01", "valid_to": null, "area_sqkm": 4.64193644, "version": "v01", "lang": "en", "lang1": null, "lang2": null, "lang3": null, "y_coord": -6.278705, "x_coord": 107.13050369, "adm1_pcode": "ID32", "adm1_name": "Jawa Barat", "adm1_name1": null, "adm1_name2": null, "adm1_name3": null, "adm2_pcode": "ID3216", "adm2_name": "Bekasi", "adm2_name1": null, "adm2_name2": null, "adm2_name3": null, "adm3_pcode": "ID3216061", "adm3_name": "Cikarang Utara", "adm3_name1": null, "adm3_name2": null, "adm3_name3": null, "adm4_pcode": "ID3216061002", "adm4_name": "Harjamekar", "adm4_name1": null, "adm4_name2": null, "adm4_name3": null}, "geometry": {"type": "Point", "coordinates": [107.13050368500006, -6.278704999999889]}}, {"type": "Feature", "properties": {"admin_level": 4, "name": "Hegarmanah", "name1": null, "name2": null, "name3": null, "adm0_pcode": "ID", "adm0_name": "Indonesia", "valid_on": "2020-04-01", "valid_to": null, "area_sqkm": 5.33175854, "version": "v01", "lang": "en", "lang1": null, "lang2": null, "lang3": null, "y_coord": -6.49751, "x_coord": 107.42021125, "adm1_pcode": "ID32", "adm1_name": "Jawa Barat", "adm1_name1": null, "adm1_name2": null, "adm1_name3": null, "adm2_pcode": "ID3214", "adm2_name": "Purwakarta", "adm2_name1": null, "adm2_name2": null, "adm2_name3": null, "adm3_pcode": "ID3214101", "adm3_name": "Babakancikao", "adm3_name1": null, "adm3_name2": null, "adm3_name3": null, "adm4_pcode": "ID3214101007", "adm4_name": "Hegarmanah", "adm4_name1": null, "adm4_name2": null, "adm4_name3": null}, "geometry": {"type": "Point", "coordinates": [107.42021124700011, -6.49751]}}, {"type": "Feature", "properties": {"admin_level": 4, "name": "Hegarmanah", "name1": null, "name2": null, "name3": null, "adm0_pcode": "ID", "adm0_name": "Indonesia", "valid_on": "2020-04-01", "valid_to": null, "area_sqkm": 6.07266132, "version": "v01", "lang": "en", "lang1": null, "lang2": null, "lang3": null, "y_coord": -6.314075, "x_coord": 107.20080276, "adm1_pcode": "ID32", "adm1_name": "Jawa Barat", "adm1_name1": null, "adm1_name2": null, "adm1_name3": null, "adm2_pcode": "ID3216", "adm2_name": "Bekasi", "adm2_name1": null, "adm2_name2": null, "adm2_name3": null, "adm3_pcode": "ID3216041", "adm3_name": "Cikarang Timur", "adm3_name1": null, "adm3_name2": null, "adm3_name3": null, "adm4_pcode": "ID3216041002", "adm4_name": "Hegarmanah", "adm4_name1": null, "adm4_name2": null, "adm4_name3": null}, "geometry": {"type": "Point", "coordinates": [107.20080275600009, -6.314074999999889]}}, {"type": "Feature", "properties": {"admin_level": 4, "name": "Hegarmukti", "name1": null, "name2": null, "name3": null, "adm0_pcode": "ID", "adm0_name": "Indonesia", "valid_on": "2020-04-01", "valid_to": null, "area_sqkm": 6.38823704, "version": "v01", "lang": "en", "lang1": null, "lang2": null, "lang3": null, "y_coord": -6.33917045, "x_coord": 107.19038246, "adm1_pcode": "ID32", "adm1_name": "Jawa Barat", "adm1_name1": null, "adm1_name2": null, "adm1_name3": null, "adm2_pcode": "ID3216", "adm2_name": "Bekasi", "adm2_name1": null, "adm2_name2": null, "adm2_name3": null, "adm3_pcode": "ID3216022", "adm3_name": "Cikarang Pusat", "adm3_name1": null, "adm3_name2": null, "adm3_name3": null, "adm4_pcode": "ID3216022005", "adm4_name": "Hegarmukti", "adm4_name1": null, "adm4_name2": null, "adm4_name3": null}, "geometry": {"type": "Point", "coordinates": [107.19038245500002, -6.339170449999926]}}, {"type": "Feature", "properties": {"admin_level": 4, "name": "Huripjaya", "name1": null, "name2": null, "name3": null, "adm0_pcode": "ID", "adm0_name": "Indonesia", "valid_on": "2020-04-01", "valid_to": null, "area_sqkm": 11.42664384, "version": "v01", "lang": "en", "lang1": null, "lang2": null, "lang3": null, "y_coord": -6.0693911, "x_coord": 107.0319367, "adm1_pcode": "ID32", "adm1_name": "Jawa Barat", "adm1_name1": null, "adm1_name2": null, "adm1_name3": null, "adm2_pcode": "ID3216", "adm2_name": "Bekasi", "adm2_name1": null, "adm2_name2": null, "adm2_name3": null, "adm3_pcode": "ID3216090", "adm3_name": "Babelan", "adm3_name1": null, "adm3_name2": null, "adm3_name3": null, "adm4_pcode": "ID3216090009", "adm4_name": "Huripjaya", "adm4_name1": null, "adm4_name2": null, "adm4_name3": null}, "geometry": {"type": "Point", "coordinates": [107.03193669900003, -6.069391099999962]}}, {"type": "Feature", "properties": {"admin_level": 4, "name": "Jatibaru", "name1": null, "name2": null, "name3": null, "adm0_pcode": "ID", "adm0_name": "Indonesia", "valid_on": "2020-04-01", "valid_to": null, "area_sqkm": 4.3283593, "version": "v01", "lang": "en", "lang1": null, "lang2": null, "lang3": null, "y_coord": -6.338125, "x_coord": 107.53653559, "adm1_pcode": "ID32", "adm1_name": "Jawa Barat", "adm1_name1": null, "adm1_name2": null, "adm1_name3": null, "adm2_pcode": "ID3215", "adm2_name": "Karawang", "adm2_name1": null, "adm2_name2": null, "adm2_name3": null, "adm3_pcode": "ID3215070", "adm3_name": "Jatisari", "adm3_name1": null, "adm3_name2": null, "adm3_name3": null, "adm4_pcode": "ID3215070016", "adm4_name": "Jatibaru", "adm4_name1": null, "adm4_name2": null, "adm4_name3": null}, "geometry": {"type": "Point", "coordinates": [107.53653558700017, -6.338125]}}, {"type": "Feature", "properties": {"admin_level": 4, "name": "Jatibaru", "name1": null, "name2": null, "name3": null, "adm0_pcode": "ID", "adm0_name": "Indonesia", "valid_on": "2020-04-01", "valid_to": null, "area_sqkm": 4.73430111, "version": "v01", "lang": "en", "lang1": null, "lang2": null, "lang3": null, "y_coord": -6.28371, "x_coord": 107.21007, "adm1_pcode": "ID32", "adm1_name": "Jawa Barat", "adm1_name1": null, "adm1_name2": null, "adm1_name3": null, "adm2_pcode": "ID3216", "adm2_name": "Bekasi", "adm2_name1": null, "adm2_name2": null, "adm2_name3": null, "adm3_pcode": "ID3216041", "adm3_name": "Cikarang Timur", "adm3_name1": null, "adm3_name2": null, "adm3_name3": null, "adm4_pcode": "ID3216041005", "adm4_name": "Jatibaru", "adm4_name1": null, "adm4_name2": null, "adm4_name3": null}, "geometry": {"type": "Point", "coordinates": [107.21006999700006, -6.283709999999871]}}, {"type": "Feature", "properties": {"admin_level": 4, "name": "Jatilaksana", "name1": null, "name2": null, "name3": null, "adm0_pcode": "ID", "adm0_name": "Indonesia", "valid_on": "2020-04-01", "valid_to": null, "area_sqkm": 4.62352366, "version": "v01", "lang": "en", "lang1": null, "lang2": null, "lang3": null, "y_coord": -6.4857, "x_coord": 107.2243935, "adm1_pcode": "ID32", "adm1_name": "Jawa Barat", "adm1_name1": null, "adm1_name2": null, "adm1_name3": null, "adm2_pcode": "ID3215", "adm2_name": "Karawang", "adm2_name1": null, "adm2_name2": null, "adm2_name3": null, "adm3_pcode": "ID3215010", "adm3_name": "Pangkalan", "adm3_name1": null, "adm3_name2": null, "adm3_name3": null, "adm4_pcode": "ID3215010014", "adm4_name": "Jatilaksana", "adm4_name1": null, "adm4_name2": null, "adm4_name3": null}, "geometry": {"type": "Point", "coordinates": [107.22439350000013, -6.485699999999895]}}, {"type": "Feature", "properties": {"admin_level": 4, "name": "Jatiluhur", "name1": null, "name2": null, "name3": null, "adm0_pcode": "ID", "adm0_name": "Indonesia", "valid_on": "2020-04-01", "valid_to": null, "area_sqkm": 4.22606267, "version": "v01", "lang": "en", "lang1": null, "lang2": null, "lang3": null, "y_coord": -6.528795, "x_coord": 107.41598968, "adm1_pcode": "ID32", "adm1_name": "Jawa Barat", "adm1_name1": null, "adm1_name2": null, "adm1_name3": null, "adm2_pcode": "ID3214", "adm2_name": "Purwakarta", "adm2_name1": null, "adm2_name2": null, "adm2_name3": null, "adm3_pcode": "ID3214010", "adm3_name": "Jatiluhur", "adm3_name1": null, "adm3_name2": null, "adm3_name3": null, "adm4_pcode": "ID3214010008", "adm4_name": "Jatiluhur", "adm4_name1": null, "adm4_name2": null, "adm4_name3": null}, "geometry": {"type": "Point", "coordinates": [107.415989685, -6.528795]}}, {"type": "Feature", "properties": {"admin_level": 4, "name": "Jatimekar", "name1": null, "name2": null, "name3": null, "adm0_pcode": "ID", "adm0_name": "Indonesia", "valid_on": "2020-04-01", "valid_to": null, "area_sqkm": 2.76840961, "version": "v01", "lang": "en", "lang1": null, "lang2": null, "lang3": null, "y_coord": -6.5239699, "x_coord": 107.39577108, "adm1_pcode": "ID32", "adm1_name": "Jawa Barat", "adm1_name1": null, "adm1_name2": null, "adm1_name3": null, "adm2_pcode": "ID3214", "adm2_name": "Purwakarta", "adm2_name1": null, "adm2_name2": null, "adm2_name3": null, "adm3_pcode": "ID3214010", "adm3_name": "Jatiluhur", "adm3_name1": null, "adm3_name2": null, "adm3_name3": null, "adm4_pcode": "ID3214010006", "adm4_name": "Jatimekar", "adm4_name1": null, "adm4_name2": null, "adm4_name3": null}, "geometry": {"type": "Point", "coordinates": [107.39577108100008, -6.52396989999994]}}, {"type": "Feature", "properties": {"admin_level": 4, "name": "Jatimulya", "name1": null, "name2": null, "name3": null, "adm0_pcode": "ID", "adm0_name": "Indonesia", "valid_on": "2020-04-01", "valid_to": null, "area_sqkm": 5.74180155, "version": "v01", "lang": "en", "lang1": null, "lang2": null, "lang3": null, "y_coord": -6.12354605, "x_coord": 107.34333035, "adm1_pcode": "ID32", "adm1_name": "Jawa Barat", "adm1_name1": null, "adm1_name2": null, "adm1_name3": null, "adm2_pcode": "ID3215", "adm2_name": "Karawang", "adm2_name1": null, "adm2_name2": null, "adm2_name3": null, "adm3_pcode": "ID3215160", "adm3_name": "Pedes", "adm3_name1": null, "adm3_name2": null, "adm3_name3": null, "adm4_pcode": "ID3215160001", "adm4_name": "Jatimulya", "adm4_name1": null, "adm4_name2": null, "adm4_name3": null}, "geometry": {"type": "Point", "coordinates": [107.34333034900004, -6.123546049999902]}}, {"type": "Feature", "properties": {"admin_level": 4, "name": "Jatimulya", "name1": null, "name2": null, "name3": null, "adm0_pcode": "ID", "adm0_name": "Indonesia", "valid_on": "2020-04-01", "valid_to": null, "area_sqkm": 6.23425614, "version": "v01", "lang": "en", "lang1": null, "lang2": null, "lang3": null, "y_coord": -6.2661433, "x_coord": 107.03222726, "adm1_pcode": "ID32", "adm1_name": "Jawa Barat", "adm1_name1": null, "adm1_name2": null, "adm1_name3": null, "adm2_pcode": "ID3216", "adm2_name": "Bekasi", "adm2_name1": null, "adm2_name2": null, "adm2_name3": null, "adm3_pcode": "ID3216081", "adm3_name": "Tambun Selatan", "adm3_name1": null, "adm3_name2": null, "adm3_name3": null, "adm4_pcode": "ID3216081001", "adm4_name": "Jatimulya", "adm4_name1": null, "adm4_name2": null, "adm4_name3": null}, "geometry": {"type": "Point", "coordinates": [107.032227256, -6.266143299999896]}}, {"type": "Feature", "properties": {"admin_level": 4, "name": "Jatiragas", "name1": null, "name2": null, "name3": null, "adm0_pcode": "ID", "adm0_name": "Indonesia", "valid_on": "2020-04-01", "valid_to": null, "area_sqkm": 3.91386089, "version": "v01", "lang": "en", "lang1": null, "lang2": null, "lang3": null, "y_coord": -6.35261, "x_coord": 107.53987294, "adm1_pcode": "ID32", "adm1_name": "Jawa Barat", "adm1_name1": null, "adm1_name2": null, "adm1_name3": null, "adm2_pcode": "ID3215", "adm2_name": "Karawang", "adm2_name1": null, "adm2_name2": null, "adm2_name3": null, "adm3_pcode": "ID3215070", "adm3_name": "Jatisari", "adm3_name1": null, "adm3_name2": null, "adm3_name3": null, "adm4_pcode": "ID3215070014", "adm4_name": "Jatiragas", "adm4_name1": null, "adm4_name2": null, "adm4_name3": null}, "geometry": {"type": "Point", "coordinates": [107.53987294000012, -6.35261]}}, {"type": "Feature", "properties": {"admin_level": 4, "name": "Jatiragas Hilir", "name1": null, "name2": null, "name3": null, "adm0_pcode": "ID", "adm0_name": "Indonesia", "valid_on": "2020-04-01", "valid_to": null, "area_sqkm": 10.81118789, "version": "v01", "lang": "en", "lang1": null, "lang2": null, "lang3": null, "y_coord": -6.3581858, "x_coord": 107.58021977, "adm1_pcode": "ID32", "adm1_name": "Jawa Barat", "adm1_name1": null, "adm1_name2": null, "adm1_name3": null, "adm2_pcode": "ID3213", "adm2_name": "Subang", "adm2_name1": null, "adm2_name2": null, "adm2_name3": null, "adm3_pcode": "ID3213110", "adm3_name": "Patokbeusi", "adm3_name1": null, "adm3_name2": null, "adm3_name3": null, "adm4_pcode": "ID3213110003", "adm4_name": "Jatiragas Hilir", "adm4_name1": null, "adm4_name2": null, "adm4_name3": null}, "geometry": {"type": "Point", "coordinates": [107.58021977400017, -6.358185799999944]}}, {"type": "Feature", "properties": {"admin_level": 4, "name": "Jatireja", "name1": null, "name2": null, "name3": null, "adm0_pcode": "ID", "adm0_name": "Indonesia", "valid_on": "2020-04-01", "valid_to": null, "area_sqkm": 5.82932756, "version": "v01", "lang": "en", "lang1": null, "lang2": null, "lang3": null, "y_coord": -6.286165, "x_coord": 107.19211282, "adm1_pcode": "ID32", "adm1_name": "Jawa Barat", "adm1_name1": null, "adm1_name2": null, "adm1_name3": null, "adm2_pcode": "ID3216", "adm2_name": "Bekasi", "adm2_name1": null, "adm2_name2": null, "adm2_name3": null, "adm3_pcode": "ID3216041", "adm3_name": "Cikarang Timur", "adm3_name1": null, "adm3_name2": null, "adm3_name3": null, "adm4_pcode": "ID3216041004", "adm4_name": "Jatireja", "adm4_name1": null, "adm4_name2": null, "adm4_name3": null}, "geometry": {"type": "Point", "coordinates": [107.19211282000015, -6.286164999999869]}}, {"type": "Feature", "properties": {"admin_level": 4, "name": "Jatisari", "name1": null, "name2": null, "name3": null, "adm0_pcode": "ID", "adm0_name": "Indonesia", "valid_on": "2020-04-01", "valid_to": null, "area_sqkm": 5.18346765, "version": "v01", "lang": "en", "lang1": null, "lang2": null, "lang3": null, "y_coord": -6.4154022, "x_coord": 107.04815979, "adm1_pcode": "ID32", "adm1_name": "Jawa Barat", "adm1_name1": null, "adm1_name2": null, "adm1_name3": null, "adm2_pcode": "ID3201", "adm2_name": "Bogor", "adm2_name1": null, "adm2_name2": null, "adm2_name3": null, "adm3_pcode": "ID3201180", "adm3_name": "Cileungsi", "adm3_name1": null, "adm3_name2": null, "adm3_name3": null, "adm4_pcode": "ID3201180014", "adm4_name": "Jatisari", "adm4_name1": null, "adm4_name2": null, "adm4_name3": null}, "geometry": {"type": "Point", "coordinates": [107.04815979500012, -6.41540219999996]}}, {"type": "Feature", "properties": {"admin_level": 4, "name": "Jatisari", "name1": null, "name2": null, "name3": null, "adm0_pcode": "ID", "adm0_name": "Indonesia", "valid_on": "2020-04-01", "valid_to": null, "area_sqkm": 4.08030572, "version": "v01", "lang": "en", "lang1": null, "lang2": null, "lang3": null, "y_coord": -6.36810815, "x_coord": 107.52711235, "adm1_pcode": "ID32", "adm1_name": "Jawa Barat", "adm1_name1": null, "adm1_name2": null, "adm1_name3": null, "adm2_pcode": "ID3215", "adm2_name": "Karawang", "adm2_name1": null, "adm2_name2": null, "adm2_name3": null, "adm3_pcode": "ID3215070", "adm3_name": "Jatisari", "adm3_name1": null, "adm3_name2": null, "adm3_name3": null, "adm4_pcode": "ID3215070011", "adm4_name": "Jatisari", "adm4_name1": null, "adm4_name2": null, "adm4_name3": null}, "geometry": {"type": "Point", "coordinates": [107.527112354, -6.368108149999955]}}, {"type": "Feature", "properties": {"admin_level": 4, "name": "Jatiwangi", "name1": null, "name2": null, "name3": null, "adm0_pcode": "ID", "adm0_name": "Indonesia", "valid_on": "2020-04-01", "valid_to": null, "area_sqkm": 2.83853988, "version": "v01", "lang": "en", "lang1": null, "lang2": null, "lang3": null, "y_coord": -6.3513961, "x_coord": 107.55681936, "adm1_pcode": "ID32", "adm1_name": "Jawa Barat", "adm1_name1": null, "adm1_name2": null, "adm1_name3": null, "adm2_pcode": "ID3215", "adm2_name": "Karawang", "adm2_name1": null, "adm2_name2": null, "adm2_name3": null, "adm3_pcode": "ID3215070", "adm3_name": "Jatisari", "adm3_name1": null, "adm3_name2": null, "adm3_name3": null, "adm4_pcode": "ID3215070015", "adm4_name": "Jatiwangi", "adm4_name1": null, "adm4_name2": null, "adm4_name3": null}, "geometry": {"type": "Point", "coordinates": [107.55681936200006, -6.351396099999931]}}, {"type": "Feature", "properties": {"admin_level": 4, "name": "Jatiwangi", "name1": null, "name2": null, "name3": null, "adm0_pcode": "ID", "adm0_name": "Indonesia", "valid_on": "2020-04-01", "valid_to": null, "area_sqkm": 5.98369878, "version": "v01", "lang": "en", "lang1": null, "lang2": null, "lang3": null, "y_coord": -6.31786, "x_coord": 107.09552728, "adm1_pcode": "ID32", "adm1_name": "Jawa Barat", "adm1_name1": null, "adm1_name2": null, "adm1_name3": null, "adm2_pcode": "ID3216", "adm2_name": "Bekasi", "adm2_name1": null, "adm2_name2": null, "adm2_name3": null, "adm3_pcode": "ID3216071", "adm3_name": "Cikarang Barat", "adm3_name1": null, "adm3_name2": null, "adm3_name3": null, "adm4_pcode": "ID3216071003", "adm4_name": "Jatiwangi", "adm4_name1": null, "adm4_name2": null, "adm4_name3": null}, "geometry": {"type": "Point", "coordinates": [107.09552728100016, -6.317859999999882]}}, {"type": "Feature", "properties": {"admin_level": 4, "name": "Jayabakti", "name1": null, "name2": null, "name3": null, "adm0_pcode": "ID", "adm0_name": "Indonesia", "valid_on": "2020-04-01", "valid_to": null, "area_sqkm": 8.07943401, "version": "v01", "lang": "en", "lang1": null, "lang2": null, "lang3": null, "y_coord": -6.081225, "x_coord": 107.10494208, "adm1_pcode": "ID32", "adm1_name": "Jawa Barat", "adm1_name1": null, "adm1_name2": null, "adm1_name3": null, "adm2_pcode": "ID3216", "adm2_name": "Bekasi", "adm2_name1": null, "adm2_name2": null, "adm2_name3": null, "adm3_pcode": "ID3216140", "adm3_name": "Cabangbungin", "adm3_name1": null, "adm3_name2": null, "adm3_name3": null, "adm4_pcode": "ID3216140001", "adm4_name": "Jayabakti", "adm4_name1": null, "adm4_name2": null, "adm4_name3": null}, "geometry": {"type": "Point", "coordinates": [107.10494208300003, -6.081225]}}, {"type": "Feature", "properties": {"admin_level": 4, "name": "Jayakerta", "name1": null, "name2": null, "name3": null, "adm0_pcode": "ID", "adm0_name": "Indonesia", "valid_on": "2020-04-01", "valid_to": null, "area_sqkm": 5.06955255, "version": "v01", "lang": "en", "lang1": null, "lang2": null, "lang3": null, "y_coord": -6.08917, "x_coord": 107.31537622, "adm1_pcode": "ID32", "adm1_name": "Jawa Barat", "adm1_name1": null, "adm1_name2": null, "adm1_name3": null, "adm2_pcode": "ID3215", "adm2_name": "Karawang", "adm2_name1": null, "adm2_name2": null, "adm2_name3": null, "adm3_pcode": "ID3215151", "adm3_name": "Jayakerta", "adm3_name1": null, "adm3_name2": null, "adm3_name3": null, "adm4_pcode": "ID3215151004", "adm4_name": "Jayakerta", "adm4_name1": null, "adm4_name2": null, "adm4_name3": null}, "geometry": {"type": "Point", "coordinates": [107.31537622400003, -6.08917]}}, {"type": "Feature", "properties": {"admin_level": 4, "name": "Jayalaksana", "name1": null, "name2": null, "name3": null, "adm0_pcode": "ID", "adm0_name": "Indonesia", "valid_on": "2020-04-01", "valid_to": null, "area_sqkm": 6.75809407, "version": "v01", "lang": "en", "lang1": null, "lang2": null, "lang3": null, "y_coord": -6.0958641, "x_coord": 107.1847026, "adm1_pcode": "ID32", "adm1_name": "Jawa Barat", "adm1_name1": null, "adm1_name2": null, "adm1_name3": null, "adm2_pcode": "ID3216", "adm2_name": "Bekasi", "adm2_name1": null, "adm2_name2": null, "adm2_name3": null, "adm3_pcode": "ID3216140", "adm3_name": "Cabangbungin", "adm3_name1": null, "adm3_name2": null, "adm3_name3": null, "adm4_pcode": "ID3216140004", "adm4_name": "Jayalaksana", "adm4_name1": null, "adm4_name2": null, "adm4_name3": null}, "geometry": {"type": "Point", "coordinates": [107.184702598, -6.095864099999915]}}, {"type": "Feature", "properties": {"admin_level": 4, "name": "Jayamakmur", "name1": null, "name2": null, "name3": null, "adm0_pcode": "ID", "adm0_name": "Indonesia", "valid_on": "2020-04-01", "valid_to": null, "area_sqkm": 4.62657879, "version": "v01", "lang": "en", "lang1": null, "lang2": null, "lang3": null, "y_coord": -6.11393, "x_coord": 107.32179625, "adm1_pcode": "ID32", "adm1_name": "Jawa Barat", "adm1_name1": null, "adm1_name2": null, "adm1_name3": null, "adm2_pcode": "ID3215", "adm2_name": "Karawang", "adm2_name1": null, "adm2_name2": null, "adm2_name3": null, "adm3_pcode": "ID3215151", "adm3_name": "Jayakerta", "adm3_name1": null, "adm3_name2": null, "adm3_name3": null, "adm4_pcode": "ID3215151003", "adm4_name": "Jayamakmur", "adm4_name1": null, "adm4_name2": null, "adm4_name3": null}, "geometry": {"type": "Point", "coordinates": [107.32179625000009, -6.11393]}}, {"type": "Feature", "properties": {"admin_level": 4, "name": "Jayamukti", "name1": null, "name2": null, "name3": null, "adm0_pcode": "ID", "adm0_name": "Indonesia", "valid_on": "2020-04-01", "valid_to": null, "area_sqkm": 4.67020131, "version": "v01", "lang": "en", "lang1": null, "lang2": null, "lang3": null, "y_coord": -6.31262495, "x_coord": 107.56829993, "adm1_pcode": "ID32", "adm1_name": "Jawa Barat", "adm1_name1": null, "adm1_name2": null, "adm1_name3": null, "adm2_pcode": "ID3215", "adm2_name": "Karawang", "adm2_name1": null, "adm2_name2": null, "adm2_name3": null, "adm3_pcode": "ID3215071", "adm3_name": "Banyusari", "adm3_name1": null, "adm3_name2": null, "adm3_name3": null, "adm4_pcode": "ID3215071004", "adm4_name": "Jayamukti", "adm4_name1": null, "adm4_name2": null, "adm4_name3": null}, "geometry": {"type": "Point", "coordinates": [107.56829992900003, -6.312624949999815]}}, {"type": "Feature", "properties": {"admin_level": 4, "name": "Jayamukti", "name1": null, "name2": null, "name3": null, "adm0_pcode": "ID", "adm0_name": "Indonesia", "valid_on": "2020-04-01", "valid_to": null, "area_sqkm": 5.16664314, "version": "v01", "lang": "en", "lang1": null, "lang2": null, "lang3": null, "y_coord": -6.3288727, "x_coord": 107.17770316, "adm1_pcode": "ID32", "adm1_name": "Jawa Barat", "adm1_name1": null, "adm1_name2": null, "adm1_name3": null, "adm2_pcode": "ID3216", "adm2_name": "Bekasi", "adm2_name1": null, "adm2_name2": null, "adm2_name3": null, "adm3_pcode": "ID3216022", "adm3_name": "Cikarang Pusat", "adm3_name1": null, "adm3_name2": null, "adm3_name3": null, "adm4_pcode": "ID3216022006", "adm4_name": "Jayamukti", "adm4_name1": null, "adm4_name2": null, "adm4_name3": null}, "geometry": {"type": "Point", "coordinates": [107.17770316000014, -6.328872699999977]}}, {"type": "Feature", "properties": {"admin_level": 4, "name": "Jayamulya", "name1": null, "name2": null, "name3": null, "adm0_pcode": "ID", "adm0_name": "Indonesia", "valid_on": "2020-04-01", "valid_to": null, "area_sqkm": 7.55958382, "version": "v01", "lang": "en", "lang1": null, "lang2": null, "lang3": null, "y_coord": -6.027725, "x_coord": 107.36370214, "adm1_pcode": "ID32", "adm1_name": "Jawa Barat", "adm1_name1": null, "adm1_name2": null, "adm1_name3": null, "adm2_pcode": "ID3215", "adm2_name": "Karawang", "adm2_name1": null, "adm2_name2": null, "adm2_name3": null, "adm3_pcode": "ID3215170", "adm3_name": "Cibuaya", "adm3_name1": null, "adm3_name2": null, "adm3_name3": null, "adm4_pcode": "ID3215170008", "adm4_name": "Jayamulya", "adm4_name1": null, "adm4_name2": null, "adm4_name3": null}, "geometry": {"type": "Point", "coordinates": [107.36370214300007, -6.027725]}}, {"type": "Feature", "properties": {"admin_level": 4, "name": "Jayamulya", "name1": null, "name2": null, "name3": null, "adm0_pcode": "ID", "adm0_name": "Indonesia", "valid_on": "2020-04-01", "valid_to": null, "area_sqkm": 6.92861743, "version": "v01", "lang": "en", "lang1": null, "lang2": null, "lang3": null, "y_coord": -6.41065585, "x_coord": 107.07046976, "adm1_pcode": "ID32", "adm1_name": "Jawa Barat", "adm1_name1": null, "adm1_name2": null, "adm1_name3": null, "adm2_pcode": "ID3216", "adm2_name": "Bekasi", "adm2_name1": null, "adm2_name2": null, "adm2_name3": null, "adm3_pcode": "ID3216021", "adm3_name": "Serang Baru", "adm3_name1": null, "adm3_name2": null, "adm3_name3": null, "adm4_pcode": "ID3216021001", "adm4_name": "Jayamulya", "adm4_name1": null, "adm4_name2": null, "adm4_name3": null}, "geometry": {"type": "Point", "coordinates": [107.07046976100008, -6.410655849999898]}}, {"type": "Feature", "properties": {"admin_level": 4, "name": "Jayanagara", "name1": null, "name2": null, "name3": null, "adm0_pcode": "ID", "adm0_name": "Indonesia", "valid_on": "2020-04-01", "valid_to": null, "area_sqkm": 6.04455532, "version": "v01", "lang": "en", "lang1": null, "lang2": null, "lang3": null, "y_coord": -6.21417, "x_coord": 107.48067889, "adm1_pcode": "ID32", "adm1_name": "Jawa Barat", "adm1_name1": null, "adm1_name2": null, "adm1_name3": null, "adm2_pcode": "ID3215", "adm2_name": "Karawang", "adm2_name1": null, "adm2_name2": null, "adm2_name3": null, "adm3_pcode": "ID3215130", "adm3_name": "Tempuran", "adm3_name1": null, "adm3_name2": null, "adm3_name3": null, "adm4_pcode": "ID3215130008", "adm4_name": "Jayanagara", "adm4_name1": null, "adm4_name2": null, "adm4_name3": null}, "geometry": {"type": "Point", "coordinates": [107.48067888700007, -6.21417]}}, {"type": "Feature", "properties": {"admin_level": 4, "name": "Jayasakti", "name1": null, "name2": null, "name3": null, "adm0_pcode": "ID", "adm0_name": "Indonesia", "valid_on": "2020-04-01", "valid_to": null, "area_sqkm": 19.21422646, "version": "v01", "lang": "en", "lang1": null, "lang2": null, "lang3": null, "y_coord": -6.01655965, "x_coord": 107.07772958, "adm1_pcode": "ID32", "adm1_name": "Jawa Barat", "adm1_name1": null, "adm1_name2": null, "adm1_name3": null, "adm2_pcode": "ID3216", "adm2_name": "Bekasi", "adm2_name1": null, "adm2_name2": null, "adm2_name3": null, "adm3_pcode": "ID3216150", "adm3_name": "Muara Gembong", "adm3_name1": null, "adm3_name2": null, "adm3_name3": null, "adm4_pcode": "ID3216150006", "adm4_name": "Jayasakti", "adm4_name1": null, "adm4_name2": null, "adm4_name3": null}, "geometry": {"type": "Point", "coordinates": [107.07772957600008, -6.01655964999992]}}, {"type": "Feature", "properties": {"admin_level": 4, "name": "Jayasampurna", "name1": null, "name2": null, "name3": null, "adm0_pcode": "ID", "adm0_name": "Indonesia", "valid_on": "2020-04-01", "valid_to": null, "area_sqkm": 10.15287009, "version": "v01", "lang": "en", "lang1": null, "lang2": null, "lang3": null, "y_coord": -6.382115, "x_coord": 107.0789405, "adm1_pcode": "ID32", "adm1_name": "Jawa Barat", "adm1_name1": null, "adm1_name2": null, "adm1_name3": null, "adm2_pcode": "ID3216", "adm2_name": "Bekasi", "adm2_name1": null, "adm2_name2": null, "adm2_name3": null, "adm3_pcode": "ID3216021", "adm3_name": "Serang Baru", "adm3_name1": null, "adm3_name2": null, "adm3_name3": null, "adm4_pcode": "ID3216021008", "adm4_name": "Jayasampurna", "adm4_name1": null, "adm4_name2": null, "adm4_name3": null}, "geometry": {"type": "Point", "coordinates": [107.07894049600009, -6.382114999999828]}}, {"type": "Feature", "properties": {"admin_level": 4, "name": "Jejalenjaya", "name1": null, "name2": null, "name3": null, "adm0_pcode": "ID", "adm0_name": "Indonesia", "valid_on": "2020-04-01", "valid_to": null, "area_sqkm": 2.68823369, "version": "v01", "lang": "en", "lang1": null, "lang2": null, "lang3": null, "y_coord": -6.21763225, "x_coord": 107.06633145, "adm1_pcode": "ID32", "adm1_name": "Jawa Barat", "adm1_name1": null, "adm1_name2": null, "adm1_name3": null, "adm2_pcode": "ID3216", "adm2_name": "Bekasi", "adm2_name1": null, "adm2_name2": null, "adm2_name3": null, "adm3_pcode": "ID3216082", "adm3_name": "Tambun Utara", "adm3_name1": null, "adm3_name2": null, "adm3_name3": null, "adm4_pcode": "ID3216082003", "adm4_name": "Jejalenjaya", "adm4_name1": null, "adm4_name2": null, "adm4_name3": null}, "geometry": {"type": "Point", "coordinates": [107.06633144600005, -6.217632249999951]}}]}