{"type":"FeatureCollection","features":[{"type":"Feature","geometry":{"geodesic":false,"type":"Polygon","coordinates":[[[79.82519446214481,6.941282200391543],[79.82699109271304,6.941282200391543],[79.82699109271304,6.942180515675663],[79.82519446214481,6.942180515675663],[79.82519446214481,6.941282200391543]]]},"id":"+88862+7727","properties":{"cls":8,"count":2}},{"type":"Feature","geometry":{"geodesic":false,"type":"Polygon","coordinates":[[[79.83327929970189,6.941282200391543],[79.834177614986,6.941282200391543],[79.834177614986,6.942180515675663],[79.83327929970189,6.942180515675663],[79.83327929970189,6.941282200391543]]]},"id":"+88870+7727","properties":{"cls":9,"count":1}},{"type":"Feature","geometry":{"geodesic":false,"type":"Polygon","coordinates":[[[79.8386691914066,6.9403838851074235],[79.83956750669071,6.9403838851074235],[79.83956750669071,6.941282200391543],[79.8386691914066,6.941282200391543],[79.8386691914066,6.9403838851074235]]]},"id":"+88876+7726","properties":{"cls":4,"count":1}},{"type":"Feature","geometry":{"geodesic":false,"type":"Polygon","coordinates":[[[79.83956750669071,6.939485569823304],[79.84046582197483,6.939485569823304],[79.84046582197483,6.9403838851074235],[79.83956750669071,6.9403838851074235],[79.83956750669071,6.939485569823304]]]},"id":"+88877+7725","properties":{"cls":4,"count":1}},{"type":"Feature","geometry":{"geodesic":false,"type":"Polygon","coordinates":[[[79.83956750669071,6.9403838851074235],[79.84046582197483,6.9403838851074235],[79.84046582197483,6.941282200391543],[79.83956750669071,6.941282200391543],[79.83956750669071,6.9403838851074235]]]},"id":"+88877+7726","properties":{"cls":3,"count":1}},{"type":"Feature","geometry":{"geodesic":false,"type":"Polygon","coordinates":[[[79.83956750669071,6.943078830959782],[79.84046582197483,6.943078830959782],[79.84046582197483,6.943977146243902],[79.83956750669071,6.943977146243902],[79.83956750669071,6.943078830959782]]]},"id":"+88877+7729","properties":{"cls":8,"count":1}},{"type":"Feature","geometry":{"geodesic":false,"type":"Polygon","coordinates":[[[79.84046582197483,6.936790623970945],[79.84136413725895,6.936790623970945],[79.84136413725895,6.9376889392550645],[79.84046582197483,6.9376889392550645],[79.84046582197483,6.936790623970945]]]},"id":"+88878+7722","properties":{"cls":5,"count":1}},{"type":"Feature","geometry":{"geodesic":false,"type":"Polygon","coordinates":[[[79.84046582197483,6.9376889392550645],[79.84136413725895,6.9376889392550645],[79.84136413725895,6.9385872545391845],[79.84046582197483,6.9385872545391845],[79.84046582197483,6.9376889392550645]]]},"id":"+88878+7723","properties":{"cls":2,"count":1}},{"type":"Feature","geometry":{"geodesic":false,"type":"Polygon","coordinates":[[[79.84046582197483,6.9385872545391845],[79.84136413725895,6.9385872545391845],[79.84136413725895,6.939485569823304],[79.84046582197483,6.939485569823304],[79.84046582197483,6.9385872545391845]]]},"id":"+88878+7724","properties":{"cls":3,"count":1}},{"type":"Feature","geometry":{"geodesic":false,"type":"Polygon","coordinates":[[[79.84046582197483,6.939485569823304],[79.84136413725895,6.939485569823304],[79.84136413725895,6.941282200391543],[79.84046582197483,6.941282200391543],[79.84046582197483,6.939485569823304]]]},"id":"+88878+7726","properties":{"cls":5,"count":2}},{"type":"Feature","geometry":{"geodesic":false,"type":"Polygon","coordinates":[[[79.84046582197483,6.941282200391543],[79.84136413725895,6.941282200391543],[79.84136413725895,6.943078830959782],[79.84046582197483,6.943078830959782],[79.84046582197483,6.941282200391543]]]},"id":"+88878+7728","properties":{"cls":6,"count":2}},{"type":"Feature","geometry":{"geodesic":false,"type":"Polygon","coordinates":[[[79.84046582197483,6.943078830959782],[79.84136413725895,6.943078830959782],[79.84136413725895,6.943977146243902],[79.84046582197483,6.943977146243902],[79.84046582197483,6.943078830959782]]]},"id":"+88878+7729","properties":{"cls":5,"count":1}},{"type":"Feature","geometry":{"geodesic":false,"type":"Polygon","coordinates":[[[79.84046582197483,6.944875461528021],[79.84136413725895,6.944875461528021],[79.84136413725895,6.945773776812141],[79.84046582197483,6.945773776812141],[79.84046582197483,6.944875461528021]]]},"id":"+88878+7731","properties":{"cls":9,"count":1}},{"type":"Feature","geometry":{"geodesic":false,"type":"Polygon","coordinates":[[[79.84136413725895,6.941282200391543],[79.84226245254307,6.941282200391543],[79.84226245254307,6.942180515675663],[79.84136413725895,6.942180515675663],[79.84136413725895,6.941282200391543]]]},"id":"+88879+7727","properties":{"cls":3,"count":1}},{"type":"Feature","geometry":{"geodesic":false,"type":"Polygon","coordinates":[[[79.84136413725895,6.942180515675663],[79.84226245254307,6.942180515675663],[79.84226245254307,6.943078830959782],[79.84136413725895,6.943078830959782],[79.84136413725895,6.942180515675663]]]},"id":"+88879+7728","properties":{"cls":2,"count":1}},{"type":"Feature","geometry":{"geodesic":false,"type":"Polygon","coordinates":[[[79.84046582197483,6.943977146243902],[79.84226245254307,6.943977146243902],[79.84226245254307,6.944875461528021],[79.84046582197483,6.944875461528021],[79.84046582197483,6.943977146243902]]]},"id":"+88879+7730","properties":{"cls":6,"count":2}},{"type":"Feature","geometry":{"geodesic":false,"type":"Polygon","coordinates":[[[79.84226245254307,6.941282200391543],[79.8431607678272,6.941282200391543],[79.8431607678272,6.942180515675663],[79.84226245254307,6.942180515675663],[79.84226245254307,6.941282200391543]]]},"id":"+88880+7727","properties":{"cls":2,"count":1}},{"type":"Feature","geometry":{"geodesic":false,"type":"Polygon","coordinates":[[[79.84226245254307,6.942180515675663],[79.8431607678272,6.942180515675663],[79.8431607678272,6.943078830959782],[79.84226245254307,6.943078830959782],[79.84226245254307,6.942180515675663]]]},"id":"+88880+7728","properties":{"cls":4,"count":1}},{"type":"Feature","geometry":{"geodesic":false,"type":"Polygon","coordinates":[[[79.8431607678272,6.9403838851074235],[79.84405908311132,6.9403838851074235],[79.84405908311132,6.941282200391543],[79.8431607678272,6.941282200391543],[79.8431607678272,6.9403838851074235]]]},"id":"+88881+7726","properties":{"cls":8,"count":1}},{"type":"Feature","geometry":{"geodesic":false,"type":"Polygon","coordinates":[[[79.84405908311132,6.926909155845631],[79.84495739839544,6.926909155845631],[79.84495739839544,6.92780747112975],[79.84405908311132,6.92780747112975],[79.84405908311132,6.926909155845631]]]},"id":"+88882+7711","properties":{"cls":6,"count":1}},{"type":"Feature","geometry":{"geodesic":false,"type":"Polygon","coordinates":[[[79.84405908311132,6.92780747112975],[79.84495739839544,6.92780747112975],[79.84495739839544,6.92870578641387],[79.84405908311132,6.92870578641387],[79.84405908311132,6.92780747112975]]]},"id":"+88882+7712","properties":{"cls":4,"count":1}},{"type":"Feature","geometry":{"geodesic":false,"type":"Polygon","coordinates":[[[79.84405908311132,6.941282200391543],[79.84495739839544,6.941282200391543],[79.84495739839544,6.942180515675663],[79.84405908311132,6.942180515675663],[79.84405908311132,6.941282200391543]]]},"id":"+88882+7727","properties":{"cls":4,"count":1}},{"type":"Feature","geometry":{"geodesic":false,"type":"Polygon","coordinates":[[[79.84405908311132,6.942180515675663],[79.84495739839544,6.942180515675663],[79.84495739839544,6.943977146243902],[79.84405908311132,6.943977146243902],[79.84405908311132,6.942180515675663]]]},"id":"+88882+7729","properties":{"cls":5,"count":2}},{"type":"Feature","geometry":{"geodesic":false,"type":"Polygon","coordinates":[[[79.84495739839544,6.920620948856794],[79.84585571367955,6.920620948856794],[79.84585571367955,6.921519264140914],[79.84495739839544,6.921519264140914],[79.84495739839544,6.920620948856794]]]},"id":"+88883+7704","properties":{"cls":9,"count":1}},{"type":"Feature","geometry":{"geodesic":false,"type":"Polygon","coordinates":[[[79.84495739839544,6.926909155845631],[79.84585571367955,6.926909155845631],[79.84585571367955,6.92780747112975],[79.84495739839544,6.92780747112975],[79.84495739839544,6.926909155845631]]]},"id":"+88883+7711","properties":{"cls":5,"count":1}},{"type":"Feature","geometry":{"geodesic":false,"type":"Polygon","coordinates":[[[79.84495739839544,6.945773776812141],[79.84585571367955,6.945773776812141],[79.84585571367955,6.94667209209626],[79.84495739839544,6.94667209209626],[79.84495739839544,6.945773776812141]]]},"id":"+88883+7732","properties":{"cls":9,"count":1}},{"type":"Feature","geometry":{"geodesic":false,"type":"Polygon","coordinates":[[[79.84405908311132,6.94757040738038],[79.84585571367955,6.94757040738038],[79.84585571367955,6.949367037948619],[79.84405908311132,6.949367037948619],[79.84405908311132,6.94757040738038]]]},"id":"+88883+7735","properties":{"cls":9,"count":4}},{"type":"Feature","geometry":{"geodesic":false,"type":"Polygon","coordinates":[[[79.84495739839544,6.950265353232738],[79.84585571367955,6.950265353232738],[79.84585571367955,6.951163668516858],[79.84495739839544,6.951163668516858],[79.84495739839544,6.950265353232738]]]},"id":"+88883+7737","properties":{"cls":9,"count":1}},{"type":"Feature","geometry":{"geodesic":false,"type":"Polygon","coordinates":[[[79.84585571367955,6.925112525277392],[79.84675402896367,6.925112525277392],[79.84675402896367,6.926010840561511],[79.84585571367955,6.926010840561511],[79.84585571367955,6.925112525277392]]]},"id":"+88884+7709","properties":{"cls":4,"count":1}},{"type":"Feature","geometry":{"geodesic":false,"type":"Polygon","coordinates":[[[79.84585571367955,6.92780747112975],[79.84675402896367,6.92780747112975],[79.84675402896367,6.92870578641387],[79.84585571367955,6.92870578641387],[79.84585571367955,6.92780747112975]]]},"id":"+88884+7712","properties":{"cls":1,"count":1}},{"type":"Feature","geometry":{"geodesic":false,"type":"Polygon","coordinates":[[[79.84675402896367,6.923315894709153],[79.84765234424779,6.923315894709153],[79.84765234424779,6.924214209993272],[79.84675402896367,6.924214209993272],[79.84675402896367,6.923315894709153]]]},"id":"+88885+7707","properties":{"cls":1,"count":1}},{"type":"Feature","geometry":{"geodesic":false,"type":"Polygon","coordinates":[[[79.84675402896367,6.936790623970945],[79.84765234424779,6.936790623970945],[79.84765234424779,6.9376889392550645],[79.84675402896367,6.9376889392550645],[79.84675402896367,6.936790623970945]]]},"id":"+88885+7722","properties":{"cls":1,"count":1}},{"type":"Feature","geometry":{"geodesic":false,"type":"Polygon","coordinates":[[[79.84765234424779,6.924214209993272],[79.84855065953191,6.924214209993272],[79.84855065953191,6.926010840561511],[79.84765234424779,6.926010840561511],[79.84765234424779,6.924214209993272]]]},"id":"+88886+7709","properties":{"cls":1,"count":2}},{"type":"Feature","geometry":{"geodesic":false,"type":"Polygon","coordinates":[[[79.84765234424779,6.926010840561511],[79.84855065953191,6.926010840561511],[79.84855065953191,6.926909155845631],[79.84765234424779,6.926909155845631],[79.84765234424779,6.926010840561511]]]},"id":"+88886+7710","properties":{"cls":5,"count":1}},{"type":"Feature","geometry":{"geodesic":false,"type":"Polygon","coordinates":[[[79.84944897481603,6.92870578641387],[79.85034729010015,6.92870578641387],[79.85034729010015,6.929604101697989],[79.84944897481603,6.929604101697989],[79.84944897481603,6.92870578641387]]]},"id":"+88888+7713","properties":{"cls":9,"count":1}},{"type":"Feature","geometry":{"geodesic":false,"type":"Polygon","coordinates":[[[79.85304223595251,6.917027687720315],[79.85394055123663,6.917027687720315],[79.85394055123663,6.917926003004435],[79.85304223595251,6.917926003004435],[79.85304223595251,6.917027687720315]]]},"id":"+88892+7700","properties":{"cls":5,"count":1}},{"type":"Feature","geometry":{"geodesic":false,"type":"Polygon","coordinates":[[[79.85304223595251,6.950265353232738],[79.85394055123663,6.950265353232738],[79.85394055123663,6.951163668516858],[79.85304223595251,6.951163668516858],[79.85304223595251,6.950265353232738]]]},"id":"+88892+7737","properties":{"cls":1,"count":1}},{"type":"Feature","geometry":{"geodesic":false,"type":"Polygon","coordinates":[[[79.85304223595251,7.060758133179439],[79.85394055123663,7.060758133179439],[79.85394055123663,7.061656448463559],[79.85304223595251,7.061656448463559],[79.85304223595251,7.060758133179439]]]},"id":"+88892+7860","properties":{"cls":1,"count":1}},{"type":"Feature","geometry":{"geodesic":false,"type":"Polygon","coordinates":[[[79.85394055123663,6.915231057152077],[79.85483886652075,6.915231057152077],[79.85483886652075,6.916129372436196],[79.85394055123663,6.916129372436196],[79.85394055123663,6.915231057152077]]]},"id":"+88893+7698","properties":{"cls":9,"count":1}},{"type":"Feature","geometry":{"geodesic":false,"type":"Polygon","coordinates":[[[79.85394055123663,6.930502416982109],[79.85483886652075,6.930502416982109],[79.85483886652075,6.931400732266228],[79.85394055123663,6.931400732266228],[79.85394055123663,6.930502416982109]]]},"id":"+88893+7715","properties":{"cls":7,"count":1}},{"type":"Feature","geometry":{"geodesic":false,"type":"Polygon","coordinates":[[[79.85394055123663,6.931400732266228],[79.85483886652075,6.931400732266228],[79.85483886652075,6.932299047550348],[79.85394055123663,6.932299047550348],[79.85394055123663,6.931400732266228]]]},"id":"+88893+7716","properties":{"cls":1,"count":1}},{"type":"Feature","geometry":{"geodesic":false,"type":"Polygon","coordinates":[[[79.85394055123663,7.068842970736515],[79.85483886652075,7.068842970736515],[79.85483886652075,7.069741286020634],[79.85394055123663,7.069741286020634],[79.85394055123663,7.068842970736515]]]},"id":"+88893+7869","properties":{"cls":9,"count":1}},{"type":"Feature","geometry":{"geodesic":false,"type":"Polygon","coordinates":[[[79.85483886652075,6.925112525277392],[79.85573718180487,6.925112525277392],[79.85573718180487,6.926010840561511],[79.85483886652075,6.926010840561511],[79.85483886652075,6.925112525277392]]]},"id":"+88894+7709","properties":{"cls":8,"count":1}},{"type":"Feature","geometry":{"geodesic":false,"type":"Polygon","coordinates":[[[79.85483886652075,6.926010840561511],[79.85573718180487,6.926010840561511],[79.85573718180487,6.926909155845631],[79.85483886652075,6.926909155845631],[79.85483886652075,6.926010840561511]]]},"id":"+88894+7710","properties":{"cls":1,"count":1}},{"type":"Feature","geometry":{"geodesic":false,"type":"Polygon","coordinates":[[[79.85483886652075,6.952061983800977],[79.85573718180487,6.952061983800977],[79.85573718180487,6.952960299085096],[79.85483886652075,6.952960299085096],[79.85483886652075,6.952061983800977]]]},"id":"+88894+7739","properties":{"cls":1,"count":1}},{"type":"Feature","geometry":{"geodesic":false,"type":"Polygon","coordinates":[[[79.85483886652075,7.065249709600037],[79.85573718180487,7.065249709600037],[79.85573718180487,7.066148024884156],[79.85483886652075,7.066148024884156],[79.85483886652075,7.065249709600037]]]},"id":"+88894+7865","properties":{"cls":7,"count":1}},{"type":"Feature","geometry":{"geodesic":false,"type":"Polygon","coordinates":[[[79.85663549708899,6.9565535602215745],[79.8575338123731,6.9565535602215745],[79.8575338123731,6.957451875505694],[79.85663549708899,6.957451875505694],[79.85663549708899,6.9565535602215745]]]},"id":"+88896+7744","properties":{"cls":6,"count":1}},{"type":"Feature","geometry":{"geodesic":false,"type":"Polygon","coordinates":[[[79.85663549708899,6.961045136642173],[79.8575338123731,6.961045136642173],[79.8575338123731,6.961943451926292],[79.85663549708899,6.961943451926292],[79.85663549708899,6.961045136642173]]]},"id":"+88896+7749","properties":{"cls":1,"count":1}},{"type":"Feature","geometry":{"geodesic":false,"type":"Polygon","coordinates":[[[79.8575338123731,7.049080034485885],[79.85843212765722,7.049080034485885],[79.85843212765722,7.049978349770005],[79.8575338123731,7.049978349770005],[79.8575338123731,7.049080034485885]]]},"id":"+88897+7847","properties":{"cls":5,"count":1}},{"type":"Feature","geometry":{"geodesic":false,"type":"Polygon","coordinates":[[[79.8575338123731,7.0526732956223634],[79.85843212765722,7.0526732956223634],[79.85843212765722,7.053571610906483],[79.8575338123731,7.053571610906483],[79.8575338123731,7.0526732956223634]]]},"id":"+88897+7851","properties":{"cls":5,"count":1}},{"type":"Feature","geometry":{"geodesic":false,"type":"Polygon","coordinates":[[[79.85933044294134,6.920620948856794],[79.86022875822546,6.920620948856794],[79.86022875822546,6.922417579425033],[79.85933044294134,6.922417579425033],[79.85933044294134,6.920620948856794]]]},"id":"+88899+7705","properties":{"cls":1,"count":2}},{"type":"Feature","geometry":{"geodesic":false,"type":"Polygon","coordinates":[[[79.85933044294134,7.05985981789532],[79.86022875822546,7.05985981789532],[79.86022875822546,7.060758133179439],[79.85933044294134,7.060758133179439],[79.85933044294134,7.05985981789532]]]},"id":"+88899+7859","properties":{"cls":9,"count":1}},{"type":"Feature","geometry":{"geodesic":false,"type":"Polygon","coordinates":[[[79.86022875822546,6.85324730254783],[79.86112707350958,6.85324730254783],[79.86112707350958,6.854145617831949],[79.86022875822546,6.854145617831949],[79.86022875822546,6.85324730254783]]]},"id":"+88900+7629","properties":{"cls":3,"count":1}},{"type":"Feature","geometry":{"geodesic":false,"type":"Polygon","coordinates":[[[79.86112707350958,6.850552356695471],[79.8620253887937,6.850552356695471],[79.8620253887937,6.851450671979591],[79.86112707350958,6.851450671979591],[79.86112707350958,6.850552356695471]]]},"id":"+88901+7626","properties":{"cls":5,"count":1}},{"type":"Feature","geometry":{"geodesic":false,"type":"Polygon","coordinates":[[[79.86292370407783,7.049978349770005],[79.86382201936195,7.049978349770005],[79.86382201936195,7.050876665054124],[79.86292370407783,7.050876665054124],[79.86292370407783,7.049978349770005]]]},"id":"+88903+7848","properties":{"cls":8,"count":1}},{"type":"Feature","geometry":{"geodesic":false,"type":"Polygon","coordinates":[[[79.86382201936195,7.0149440536893435],[79.86472033464607,7.0149440536893435],[79.86472033464607,7.0158423689734635],[79.86382201936195,7.0158423689734635],[79.86382201936195,7.0149440536893435]]]},"id":"+88904+7809","properties":{"cls":4,"count":1}},{"type":"Feature","geometry":{"geodesic":false,"type":"Polygon","coordinates":[[[79.86472033464607,6.96553671306277],[79.86561864993018,6.96553671306277],[79.86561864993018,6.96643502834689],[79.86472033464607,6.96643502834689],[79.86472033464607,6.96553671306277]]]},"id":"+88905+7754","properties":{"cls":5,"count":1}},{"type":"Feature","geometry":{"geodesic":false,"type":"Polygon","coordinates":[[[79.86561864993018,7.067046340168276],[79.8665169652143,7.067046340168276],[79.8665169652143,7.067944655452395],[79.86561864993018,7.067944655452395],[79.86561864993018,7.067046340168276]]]},"id":"+88906+7867","properties":{"cls":1,"count":1}},{"type":"Feature","geometry":{"geodesic":false,"type":"Polygon","coordinates":[[[79.8665169652143,7.066148024884156],[79.86741528049842,7.066148024884156],[79.86741528049842,7.067046340168276],[79.8665169652143,7.067046340168276],[79.8665169652143,7.066148024884156]]]},"id":"+88907+7866","properties":{"cls":1,"count":1}},{"type":"Feature","geometry":{"geodesic":false,"type":"Polygon","coordinates":[[[79.86741528049842,7.001469324427551],[79.86831359578254,7.001469324427551],[79.86831359578254,7.002367639711671],[79.86741528049842,7.002367639711671],[79.86741528049842,7.001469324427551]]]},"id":"+88908+7794","properties":{"cls":9,"count":1}},{"type":"Feature","geometry":{"geodesic":false,"type":"Polygon","coordinates":[[[79.86831359578254,6.972723235335726],[79.86921191106666,6.972723235335726],[79.86921191106666,6.973621550619845],[79.86831359578254,6.973621550619845],[79.86831359578254,6.972723235335726]]]},"id":"+88909+7762","properties":{"cls":1,"count":1}},{"type":"Feature","geometry":{"geodesic":false,"type":"Polygon","coordinates":[[[79.86921191106666,7.0158423689734635],[79.87011022635077,7.0158423689734635],[79.87011022635077,7.016740684257583],[79.86921191106666,7.016740684257583],[79.86921191106666,7.0158423689734635]]]},"id":"+88910+7810","properties":{"cls":7,"count":1}},{"type":"Feature","geometry":{"geodesic":false,"type":"Polygon","coordinates":[[[79.86921191106666,7.016740684257583],[79.87011022635077,7.016740684257583],[79.87011022635077,7.017638999541703],[79.86921191106666,7.017638999541703],[79.86921191106666,7.016740684257583]]]},"id":"+88910+7811","properties":{"cls":2,"count":1}},{"type":"Feature","geometry":{"geodesic":false,"type":"Polygon","coordinates":[[[79.86921191106666,7.068842970736515],[79.87011022635077,7.068842970736515],[79.87011022635077,7.069741286020634],[79.86921191106666,7.069741286020634],[79.86921191106666,7.068842970736515]]]},"id":"+88910+7869","properties":{"cls":2,"count":1}},{"type":"Feature","geometry":{"geodesic":false,"type":"Polygon","coordinates":[[[79.87011022635077,6.979909757608683],[79.8710085416349,6.979909757608683],[79.8710085416349,6.980808072892802],[79.87011022635077,6.980808072892802],[79.87011022635077,6.979909757608683]]]},"id":"+88911+7770","properties":{"cls":4,"count":1}},{"type":"Feature","geometry":{"geodesic":false,"type":"Polygon","coordinates":[[[79.87011022635077,7.0158423689734635],[79.8710085416349,7.0158423689734635],[79.8710085416349,7.016740684257583],[79.87011022635077,7.016740684257583],[79.87011022635077,7.0158423689734635]]]},"id":"+88911+7810","properties":{"cls":3,"count":1}},{"type":"Feature","geometry":{"geodesic":false,"type":"Polygon","coordinates":[[[79.87011022635077,7.016740684257583],[79.8710085416349,7.016740684257583],[79.8710085416349,7.017638999541703],[79.87011022635077,7.017638999541703],[79.87011022635077,7.016740684257583]]]},"id":"+88911+7811","properties":{"cls":4,"count":1}},{"type":"Feature","geometry":{"geodesic":false,"type":"Polygon","coordinates":[[[79.87011022635077,7.023028891246419],[79.8710085416349,7.023028891246419],[79.8710085416349,7.023927206530539],[79.87011022635077,7.023927206530539],[79.87011022635077,7.023028891246419]]]},"id":"+88911+7818","properties":{"cls":2,"count":1}},{"type":"Feature","geometry":{"geodesic":false,"type":"Polygon","coordinates":[[[79.87011022635077,7.067944655452395],[79.8710085416349,7.067944655452395],[79.8710085416349,7.068842970736515],[79.87011022635077,7.068842970736515],[79.87011022635077,7.067944655452395]]]},"id":"+88911+7868","properties":{"cls":1,"count":1}},{"type":"Feature","geometry":{"geodesic":false,"type":"Polygon","coordinates":[[[79.8710085416349,7.067046340168276],[79.87190685691901,7.067046340168276],[79.87190685691901,7.067944655452395],[79.8710085416349,7.067944655452395],[79.8710085416349,7.067046340168276]]]},"id":"+88912+7867","properties":{"cls":2,"count":1}},{"type":"Feature","geometry":{"geodesic":false,"type":"Polygon","coordinates":[[[79.8710085416349,7.024825521814658],[79.87280517220314,7.024825521814658],[79.87280517220314,7.025723837098778],[79.8710085416349,7.025723837098778],[79.8710085416349,7.024825521814658]]]},"id":"+88913+7820","properties":{"cls":2,"count":2}},{"type":"Feature","geometry":{"geodesic":false,"type":"Polygon","coordinates":[[[79.8710085416349,7.030215413519375],[79.87280517220314,7.030215413519375],[79.87280517220314,7.031113728803495],[79.8710085416349,7.031113728803495],[79.8710085416349,7.030215413519375]]]},"id":"+88913+7826","properties":{"cls":5,"count":2}},{"type":"Feature","geometry":{"geodesic":false,"type":"Polygon","coordinates":[[[79.87190685691901,7.0347069899399735],[79.87280517220314,7.0347069899399735],[79.87280517220314,7.0356053052240926],[79.87190685691901,7.0356053052240926],[79.87190685691901,7.0347069899399735]]]},"id":"+88913+7831","properties":{"cls":8,"count":1}},{"type":"Feature","geometry":{"geodesic":false,"type":"Polygon","coordinates":[[[79.87190685691901,7.037401935792332],[79.87280517220314,7.037401935792332],[79.87280517220314,7.039198566360571],[79.87190685691901,7.039198566360571],[79.87190685691901,7.037401935792332]]]},"id":"+88913+7835","properties":{"cls":1,"count":2}},{"type":"Feature","geometry":{"geodesic":false,"type":"Polygon","coordinates":[[[79.8710085416349,7.066148024884156],[79.87280517220314,7.066148024884156],[79.87280517220314,7.067046340168276],[79.8710085416349,7.067046340168276],[79.8710085416349,7.066148024884156]]]},"id":"+88913+7866","properties":{"cls":1,"count":2}},{"type":"Feature","geometry":{"geodesic":false,"type":"Polygon","coordinates":[[[79.87190685691901,7.067046340168276],[79.87280517220314,7.067046340168276],[79.87280517220314,7.067944655452395],[79.87190685691901,7.067944655452395],[79.87190685691901,7.067046340168276]]]},"id":"+88913+7867","properties":{"cls":3,"count":1}},{"type":"Feature","geometry":{"geodesic":false,"type":"Polygon","coordinates":[[[79.87280517220314,7.026622152382897],[79.87370348748726,7.026622152382897],[79.87370348748726,7.027520467667017],[79.87280517220314,7.027520467667017],[79.87280517220314,7.026622152382897]]]},"id":"+88914+7822","properties":{"cls":3,"count":1}},{"type":"Feature","geometry":{"geodesic":false,"type":"Polygon","coordinates":[[[79.87280517220314,7.031113728803495],[79.87370348748726,7.031113728803495],[79.87370348748726,7.032012044087614],[79.87280517220314,7.032012044087614],[79.87280517220314,7.031113728803495]]]},"id":"+88914+7827","properties":{"cls":4,"count":1}},{"type":"Feature","geometry":{"geodesic":false,"type":"Polygon","coordinates":[[[79.87280517220314,7.032012044087614],[79.87370348748726,7.032012044087614],[79.87370348748726,7.032910359371734],[79.87280517220314,7.032910359371734],[79.87280517220314,7.032012044087614]]]},"id":"+88914+7828","properties":{"cls":3,"count":1}},{"type":"Feature","geometry":{"geodesic":false,"type":"Polygon","coordinates":[[[79.87370348748726,7.023028891246419],[79.87460180277138,7.023028891246419],[79.87460180277138,7.024825521814658],[79.87370348748726,7.024825521814658],[79.87370348748726,7.023028891246419]]]},"id":"+88915+7819","properties":{"cls":1,"count":2}},{"type":"Feature","geometry":{"geodesic":false,"type":"Polygon","coordinates":[[[79.87190685691901,7.025723837098778],[79.87460180277138,7.025723837098778],[79.87460180277138,7.026622152382897],[79.87190685691901,7.026622152382897],[79.87190685691901,7.025723837098778]]]},"id":"+88915+7821","properties":{"cls":1,"count":3}},{"type":"Feature","geometry":{"geodesic":false,"type":"Polygon","coordinates":[[[79.87370348748726,7.028418782951136],[79.87460180277138,7.028418782951136],[79.87460180277138,7.029317098235256],[79.87370348748726,7.029317098235256],[79.87370348748726,7.028418782951136]]]},"id":"+88915+7824","properties":{"cls":1,"count":1}},{"type":"Feature","geometry":{"geodesic":false,"type":"Polygon","coordinates":[[[79.87370348748726,7.066148024884156],[79.87460180277138,7.066148024884156],[79.87460180277138,7.067046340168276],[79.87370348748726,7.067046340168276],[79.87370348748726,7.066148024884156]]]},"id":"+88915+7866","properties":{"cls":1,"count":1}},{"type":"Feature","geometry":{"geodesic":false,"type":"Polygon","coordinates":[[[79.87460180277138,7.024825521814658],[79.8755001180555,7.024825521814658],[79.8755001180555,7.025723837098778],[79.87460180277138,7.025723837098778],[79.87460180277138,7.024825521814658]]]},"id":"+88916+7820","properties":{"cls":1,"count":1}},{"type":"Feature","geometry":{"geodesic":false,"type":"Polygon","coordinates":[[[79.87460180277138,7.025723837098778],[79.8755001180555,7.025723837098778],[79.8755001180555,7.026622152382897],[79.87460180277138,7.026622152382897],[79.87460180277138,7.025723837098778]]]},"id":"+88916+7821","properties":{"cls":2,"count":1}},{"type":"Feature","geometry":{"geodesic":false,"type":"Polygon","coordinates":[[[79.87370348748726,7.032012044087614],[79.8755001180555,7.032012044087614],[79.8755001180555,7.032910359371734],[79.87370348748726,7.032910359371734],[79.87370348748726,7.032012044087614]]]},"id":"+88916+7828","properties":{"cls":1,"count":2}},{"type":"Feature","geometry":{"geodesic":false,"type":"Polygon","coordinates":[[[79.8755001180555,7.008655846700507],[79.87639843333962,7.008655846700507],[79.87639843333962,7.009554161984626],[79.8755001180555,7.009554161984626],[79.8755001180555,7.008655846700507]]]},"id":"+88917+7802","properties":{"cls":5,"count":1}},{"type":"Feature","geometry":{"geodesic":false,"type":"Polygon","coordinates":[[[79.8755001180555,7.009554161984626],[79.87639843333962,7.009554161984626],[79.87639843333962,7.010452477268746],[79.8755001180555,7.010452477268746],[79.8755001180555,7.009554161984626]]]},"id":"+88917+7803","properties":{"cls":9,"count":1}},{"type":"Feature","geometry":{"geodesic":false,"type":"Polygon","coordinates":[[[79.8755001180555,7.010452477268746],[79.87639843333962,7.010452477268746],[79.87639843333962,7.011350792552865],[79.8755001180555,7.011350792552865],[79.8755001180555,7.010452477268746]]]},"id":"+88917+7804","properties":{"cls":8,"count":1}},{"type":"Feature","geometry":{"geodesic":false,"type":"Polygon","coordinates":[[[79.8755001180555,7.011350792552865],[79.87639843333962,7.011350792552865],[79.87639843333962,7.012249107836985],[79.8755001180555,7.012249107836985],[79.8755001180555,7.011350792552865]]]},"id":"+88917+7805","properties":{"cls":9,"count":1}},{"type":"Feature","geometry":{"geodesic":false,"type":"Polygon","coordinates":[[[79.8755001180555,7.023028891246419],[79.87639843333962,7.023028891246419],[79.87639843333962,7.023927206530539],[79.8755001180555,7.023927206530539],[79.8755001180555,7.023028891246419]]]},"id":"+88917+7818","properties":{"cls":2,"count":1}},{"type":"Feature","geometry":{"geodesic":false,"type":"Polygon","coordinates":[[[79.8755001180555,7.023927206530539],[79.87639843333962,7.023927206530539],[79.87639843333962,7.024825521814658],[79.8755001180555,7.024825521814658],[79.8755001180555,7.023927206530539]]]},"id":"+88917+7819","properties":{"cls":1,"count":1}},{"type":"Feature","geometry":{"geodesic":false,"type":"Polygon","coordinates":[[[79.87639843333962,7.010452477268746],[79.87729674862373,7.010452477268746],[79.87729674862373,7.012249107836985],[79.87639843333962,7.012249107836985],[79.87639843333962,7.010452477268746]]]},"id":"+88918+7805","properties":{"cls":6,"count":2}},{"type":"Feature","geometry":{"geodesic":false,"type":"Polygon","coordinates":[[[79.87639843333962,7.023028891246419],[79.87729674862373,7.023028891246419],[79.87729674862373,7.023927206530539],[79.87639843333962,7.023927206530539],[79.87639843333962,7.023028891246419]]]},"id":"+88918+7818","properties":{"cls":1,"count":1}},{"type":"Feature","geometry":{"geodesic":false,"type":"Polygon","coordinates":[[[79.8755001180555,7.025723837098778],[79.87729674862373,7.025723837098778],[79.87729674862373,7.026622152382897],[79.8755001180555,7.026622152382897],[79.8755001180555,7.025723837098778]]]},"id":"+88918+7821","properties":{"cls":1,"count":2}},{"type":"Feature","geometry":{"geodesic":false,"type":"Polygon","coordinates":[[[79.87639843333962,7.063453079031798],[79.87729674862373,7.063453079031798],[79.87729674862373,7.064351394315917],[79.87639843333962,7.064351394315917],[79.87639843333962,7.063453079031798]]]},"id":"+88918+7863","properties":{"cls":3,"count":1}},{"type":"Feature","geometry":{"geodesic":false,"type":"Polygon","coordinates":[[[79.87639843333962,7.064351394315917],[79.87729674862373,7.064351394315917],[79.87729674862373,7.065249709600037],[79.87639843333962,7.065249709600037],[79.87639843333962,7.064351394315917]]]},"id":"+88918+7864","properties":{"cls":7,"count":1}},{"type":"Feature","geometry":{"geodesic":false,"type":"Polygon","coordinates":[[[79.87819506390785,6.837077627433678],[79.87909337919197,6.837077627433678],[79.87909337919197,6.837975942717798],[79.87819506390785,6.837975942717798],[79.87819506390785,6.837077627433678]]]},"id":"+88920+7611","properties":{"cls":6,"count":1}},{"type":"Feature","geometry":{"geodesic":false,"type":"Polygon","coordinates":[[[79.87819506390785,6.838874258001917],[79.87909337919197,6.838874258001917],[79.87909337919197,6.839772573286037],[79.87819506390785,6.839772573286037],[79.87819506390785,6.838874258001917]]]},"id":"+88920+7613","properties":{"cls":8,"count":1}},{"type":"Feature","geometry":{"geodesic":false,"type":"Polygon","coordinates":[[[79.87819506390785,6.957451875505694],[79.87909337919197,6.957451875505694],[79.87909337919197,6.9583501907898135],[79.87819506390785,6.9583501907898135],[79.87819506390785,6.957451875505694]]]},"id":"+88920+7745","properties":{"cls":8,"count":1}},{"type":"Feature","geometry":{"geodesic":false,"type":"Polygon","coordinates":[[[79.87819506390785,7.011350792552865],[79.87909337919197,7.011350792552865],[79.87909337919197,7.012249107836985],[79.87819506390785,7.012249107836985],[79.87819506390785,7.011350792552865]]]},"id":"+88920+7805","properties":{"cls":1,"count":1}},{"type":"Feature","geometry":{"geodesic":false,"type":"Polygon","coordinates":[[[79.87819506390785,7.012249107836985],[79.87909337919197,7.012249107836985],[79.87909337919197,7.013147423121104],[79.87819506390785,7.013147423121104],[79.87819506390785,7.012249107836985]]]},"id":"+88920+7806","properties":{"cls":3,"count":1}},{"type":"Feature","geometry":{"geodesic":false,"type":"Polygon","coordinates":[[[79.87819506390785,7.013147423121104],[79.87909337919197,7.013147423121104],[79.87909337919197,7.014045738405224],[79.87819506390785,7.014045738405224],[79.87819506390785,7.013147423121104]]]},"id":"+88920+7807","properties":{"cls":8,"count":1}},{"type":"Feature","geometry":{"geodesic":false,"type":"Polygon","coordinates":[[[79.87819506390785,7.014045738405224],[79.87909337919197,7.014045738405224],[79.87909337919197,7.0149440536893435],[79.87819506390785,7.0149440536893435],[79.87819506390785,7.014045738405224]]]},"id":"+88920+7808","properties":{"cls":6,"count":1}},{"type":"Feature","geometry":{"geodesic":false,"type":"Polygon","coordinates":[[[79.87819506390785,7.0149440536893435],[79.87909337919197,7.0149440536893435],[79.87909337919197,7.0158423689734635],[79.87819506390785,7.0158423689734635],[79.87819506390785,7.0149440536893435]]]},"id":"+88920+7809","properties":{"cls":9,"count":1}},{"type":"Feature","geometry":{"geodesic":false,"type":"Polygon","coordinates":[[[79.87819506390785,7.0158423689734635],[79.87909337919197,7.0158423689734635],[79.87909337919197,7.016740684257583],[79.87819506390785,7.016740684257583],[79.87819506390785,7.0158423689734635]]]},"id":"+88920+7810","properties":{"cls":5,"count":1}},{"type":"Feature","geometry":{"geodesic":false,"type":"Polygon","coordinates":[[[79.87909337919197,6.96643502834689],[79.87999169447609,6.96643502834689],[79.87999169447609,6.967333343631009],[79.87909337919197,6.967333343631009],[79.87909337919197,6.96643502834689]]]},"id":"+88921+7755","properties":{"cls":6,"count":1}},{"type":"Feature","geometry":{"geodesic":false,"type":"Polygon","coordinates":[[[79.87909337919197,7.013147423121104],[79.87909337919197,7.011350792552865],[79.88089000976021,7.011350792552865],[79.88089000976021,7.012249107836985],[79.87909337919197,7.013147423121104]]]},"id":"+88921+7806","properties":{"cls":5,"count":3}},{"type":"Feature","geometry":{"geodesic":false,"type":"Polygon","coordinates":[[[79.87909337919197,7.013147423121104],[79.87999169447609,7.013147423121104],[79.87999169447609,7.014045738405224],[79.87909337919197,7.014045738405224],[79.87909337919197,7.013147423121104]]]},"id":"+88921+7807","properties":{"cls":6,"count":1}},{"type":"Feature","geometry":{"geodesic":false,"type":"Polygon","coordinates":[[[79.87909337919197,7.0149440536893435],[79.87999169447609,7.0149440536893435],[79.87999169447609,7.0158423689734635],[79.87909337919197,7.0158423689734635],[79.87909337919197,7.0149440536893435]]]},"id":"+88921+7809","properties":{"cls":4,"count":1}},{"type":"Feature","geometry":{"geodesic":false,"type":"Polygon","coordinates":[[[79.87909337919197,7.0158423689734635],[79.87999169447609,7.0158423689734635],[79.87999169447609,7.016740684257583],[79.87909337919197,7.016740684257583],[79.87909337919197,7.0158423689734635]]]},"id":"+88921+7810","properties":{"cls":6,"count":1}},{"type":"Feature","geometry":{"geodesic":false,"type":"Polygon","coordinates":[[[79.87909337919197,7.026622152382897],[79.87999169447609,7.026622152382897],[79.87999169447609,7.027520467667017],[79.87909337919197,7.027520467667017],[79.87909337919197,7.026622152382897]]]},"id":"+88921+7822","properties":{"cls":4,"count":1}},{"type":"Feature","geometry":{"geodesic":false,"type":"Polygon","coordinates":[[[79.87909337919197,7.053571610906483],[79.87999169447609,7.053571610906483],[79.87999169447609,7.0544699261906025],[79.87909337919197,7.0544699261906025],[79.87909337919197,7.053571610906483]]]},"id":"+88921+7852","properties":{"cls":4,"count":1}},{"type":"Feature","geometry":{"geodesic":false,"type":"Polygon","coordinates":[[[79.87999169447609,6.967333343631009],[79.88089000976021,6.967333343631009],[79.88089000976021,6.968231658915129],[79.87999169447609,6.968231658915129],[79.87999169447609,6.967333343631009]]]},"id":"+88922+7756","properties":{"cls":3,"count":1}},{"type":"Feature","geometry":{"geodesic":false,"type":"Polygon","coordinates":[[[79.87999169447609,7.012249107836985],[79.88089000976021,7.012249107836985],[79.88089000976021,7.013147423121104],[79.87999169447609,7.013147423121104],[79.87999169447609,7.012249107836985]]]},"id":"+88922+7806","properties":{"cls":2,"count":1}},{"type":"Feature","geometry":{"geodesic":false,"type":"Polygon","coordinates":[[[79.87999169447609,7.013147423121104],[79.88089000976021,7.013147423121104],[79.88089000976021,7.014045738405224],[79.87999169447609,7.014045738405224],[79.87999169447609,7.013147423121104]]]},"id":"+88922+7807","properties":{"cls":3,"count":1}},{"type":"Feature","geometry":{"geodesic":false,"type":"Polygon","coordinates":[[[79.87999169447609,7.014045738405224],[79.88089000976021,7.014045738405224],[79.88089000976021,7.0149440536893435],[79.87999169447609,7.0149440536893435],[79.87999169447609,7.014045738405224]]]},"id":"+88922+7808","properties":{"cls":4,"count":1}},{"type":"Feature","geometry":{"geodesic":false,"type":"Polygon","coordinates":[[[79.87999169447609,7.0149440536893435],[79.88089000976021,7.0149440536893435],[79.88089000976021,7.0158423689734635],[79.87999169447609,7.0158423689734635],[79.87999169447609,7.0149440536893435]]]},"id":"+88922+7809","properties":{"cls":5,"count":1}},{"type":"Feature","geometry":{"geodesic":false,"type":"Polygon","coordinates":[[[79.87999169447609,7.016740684257583],[79.88089000976021,7.016740684257583],[79.88089000976021,7.017638999541703],[79.87999169447609,7.017638999541703],[79.87999169447609,7.016740684257583]]]},"id":"+88922+7811","properties":{"cls":3,"count":1}},{"type":"Feature","geometry":{"geodesic":false,"type":"Polygon","coordinates":[[[79.88089000976021,6.8433658344225154],[79.88178832504434,6.8433658344225154],[79.88178832504434,6.8442641497066345],[79.88089000976021,6.8442641497066345],[79.88089000976021,6.8433658344225154]]]},"id":"+88923+7618","properties":{"cls":1,"count":1}},{"type":"Feature","geometry":{"geodesic":false,"type":"Polygon","coordinates":[[[79.88089000976021,7.012249107836985],[79.88178832504434,7.012249107836985],[79.88178832504434,7.013147423121104],[79.88089000976021,7.013147423121104],[79.88089000976021,7.012249107836985]]]},"id":"+88923+7806","properties":{"cls":5,"count":1}},{"type":"Feature","geometry":{"geodesic":false,"type":"Polygon","coordinates":[[[79.88089000976021,7.013147423121104],[79.88178832504434,7.013147423121104],[79.88178832504434,7.014045738405224],[79.88089000976021,7.014045738405224],[79.88089000976021,7.013147423121104]]]},"id":"+88923+7807","properties":{"cls":7,"count":1}},{"type":"Feature","geometry":{"geodesic":false,"type":"Polygon","coordinates":[[[79.88089000976021,7.014045738405224],[79.88178832504434,7.014045738405224],[79.88178832504434,7.0158423689734635],[79.88089000976021,7.0158423689734635],[79.88089000976021,7.014045738405224]]]},"id":"+88923+7809","properties":{"cls":2,"count":2}},{"type":"Feature","geometry":{"geodesic":false,"type":"Polygon","coordinates":[[[79.88089000976021,7.0158423689734635],[79.88178832504434,7.0158423689734635],[79.88178832504434,7.017638999541703],[79.88089000976021,7.017638999541703],[79.88089000976021,7.0158423689734635]]]},"id":"+88923+7811","properties":{"cls":4,"count":2}},{"type":"Feature","geometry":{"geodesic":false,"type":"Polygon","coordinates":[[[79.88178832504434,6.887383283344372],[79.88268664032846,6.887383283344372],[79.88268664032846,6.888281598628491],[79.88178832504434,6.888281598628491],[79.88178832504434,6.887383283344372]]]},"id":"+88924+7667","properties":{"cls":9,"count":1}},{"type":"Feature","geometry":{"geodesic":false,"type":"Polygon","coordinates":[[[79.88268664032846,6.954756929653335],[79.88358495561258,6.954756929653335],[79.88358495561258,6.955655244937455],[79.88268664032846,6.955655244937455],[79.88268664032846,6.954756929653335]]]},"id":"+88925+7742","properties":{"cls":5,"count":1}},{"type":"Feature","geometry":{"geodesic":false,"type":"Polygon","coordinates":[[[79.88268664032846,6.970926604767487],[79.88358495561258,6.970926604767487],[79.88358495561258,6.971824920051606],[79.88268664032846,6.971824920051606],[79.88268664032846,6.970926604767487]]]},"id":"+88925+7760","properties":{"cls":7,"count":1}},{"type":"Feature","geometry":{"geodesic":false,"type":"Polygon","coordinates":[[[79.88538158618081,6.899061382037925],[79.88627990146493,6.899061382037925],[79.88627990146493,6.8999596973220445],[79.88538158618081,6.8999596973220445],[79.88538158618081,6.899061382037925]]]},"id":"+88928+7680","properties":{"cls":7,"count":1}},{"type":"Feature","geometry":{"geodesic":false,"type":"Polygon","coordinates":[[[79.88627990146493,6.923315894709153],[79.88717821674905,6.923315894709153],[79.88717821674905,6.924214209993272],[79.88627990146493,6.924214209993272],[79.88627990146493,6.923315894709153]]]},"id":"+88929+7707","properties":{"cls":9,"count":1}},{"type":"Feature","geometry":{"geodesic":false,"type":"Polygon","coordinates":[[[79.88807653203317,6.96553671306277],[79.88897484731729,6.96553671306277],[79.88897484731729,6.96643502834689],[79.88807653203317,6.96643502834689],[79.88807653203317,6.96553671306277]]]},"id":"+88931+7754","properties":{"cls":5,"count":1}},{"type":"Feature","geometry":{"geodesic":false,"type":"Polygon","coordinates":[[[79.88897484731729,6.9197226335726745],[79.8898731626014,6.9197226335726745],[79.8898731626014,6.920620948856794],[79.88897484731729,6.920620948856794],[79.88897484731729,6.9197226335726745]]]},"id":"+88932+7703","properties":{"cls":8,"count":1}},{"type":"Feature","geometry":{"geodesic":false,"type":"Polygon","coordinates":[[[79.88897484731729,6.954756929653335],[79.8898731626014,6.954756929653335],[79.8898731626014,6.955655244937455],[79.88897484731729,6.955655244937455],[79.88897484731729,6.954756929653335]]]},"id":"+88932+7742","properties":{"cls":4,"count":1}},{"type":"Feature","geometry":{"geodesic":false,"type":"Polygon","coordinates":[[[79.88897484731729,6.969129974199248],[79.8898731626014,6.969129974199248],[79.8898731626014,6.970028289483367],[79.88897484731729,6.970028289483367],[79.88897484731729,6.969129974199248]]]},"id":"+88932+7758","properties":{"cls":2,"count":1}},{"type":"Feature","geometry":{"geodesic":false,"type":"Polygon","coordinates":[[[79.8898731626014,6.920620948856794],[79.89077147788552,6.920620948856794],[79.89077147788552,6.921519264140914],[79.8898731626014,6.921519264140914],[79.8898731626014,6.920620948856794]]]},"id":"+88933+7704","properties":{"cls":6,"count":1}},{"type":"Feature","geometry":{"geodesic":false,"type":"Polygon","coordinates":[[[79.89077147788552,6.846959095558993],[79.89166979316965,6.846959095558993],[79.89166979316965,6.847857410843113],[79.89077147788552,6.847857410843113],[79.89077147788552,6.846959095558993]]]},"id":"+88934+7622","properties":{"cls":3,"count":1}},{"type":"Feature","geometry":{"geodesic":false,"type":"Polygon","coordinates":[[[79.89077147788552,6.847857410843113],[79.89166979316965,6.847857410843113],[79.89166979316965,6.848755726127232],[79.89077147788552,6.848755726127232],[79.89077147788552,6.847857410843113]]]},"id":"+88934+7623","properties":{"cls":4,"count":1}},{"type":"Feature","geometry":{"geodesic":false,"type":"Polygon","coordinates":[[[79.89077147788552,6.848755726127232],[79.89166979316965,6.848755726127232],[79.89166979316965,6.849654041411352],[79.89077147788552,6.849654041411352],[79.89077147788552,6.848755726127232]]]},"id":"+88934+7624","properties":{"cls":1,"count":1}},{"type":"Feature","geometry":{"geodesic":false,"type":"Polygon","coordinates":[[[79.89077147788552,6.849654041411352],[79.89166979316965,6.849654041411352],[79.89166979316965,6.850552356695471],[79.89077147788552,6.850552356695471],[79.89077147788552,6.849654041411352]]]},"id":"+88934+7625","properties":{"cls":4,"count":1}},{"type":"Feature","geometry":{"geodesic":false,"type":"Polygon","coordinates":[[[79.89256810845377,6.859535509536666],[79.89346642373789,6.859535509536666],[79.89346642373789,6.860433824820786],[79.89256810845377,6.860433824820786],[79.89256810845377,6.859535509536666]]]},"id":"+88936+7636","properties":{"cls":1,"count":1}},{"type":"Feature","geometry":{"geodesic":false,"type":"Polygon","coordinates":[[[79.89256810845377,6.884688337492013],[79.89346642373789,6.884688337492013],[79.89346642373789,6.885586652776133],[79.89256810845377,6.885586652776133],[79.89256810845377,6.884688337492013]]]},"id":"+88936+7664","properties":{"cls":4,"count":1}},{"type":"Feature","geometry":{"geodesic":false,"type":"Polygon","coordinates":[[[79.89256810845377,6.8442641497066345],[79.89436473902201,6.8442641497066345],[79.89436473902201,6.8451624649907545],[79.89256810845377,6.8451624649907545],[79.89256810845377,6.8442641497066345]]]},"id":"+88937+7619","properties":{"cls":6,"count":2}},{"type":"Feature","geometry":{"geodesic":false,"type":"Polygon","coordinates":[[[79.89346642373789,6.886484968060252],[79.89436473902201,6.886484968060252],[79.89436473902201,6.887383283344372],[79.89346642373789,6.887383283344372],[79.89346642373789,6.886484968060252]]]},"id":"+88937+7666","properties":{"cls":1,"count":1}},{"type":"Feature","geometry":{"geodesic":false,"type":"Polygon","coordinates":[[[79.89436473902201,6.889179913912611],[79.89526305430613,6.889179913912611],[79.89526305430613,6.89007822919673],[79.89436473902201,6.89007822919673],[79.89436473902201,6.889179913912611]]]},"id":"+88938+7669","properties":{"cls":5,"count":1}},{"type":"Feature","geometry":{"geodesic":false,"type":"Polygon","coordinates":[[[79.89526305430613,6.856840563684308],[79.89616136959025,6.856840563684308],[79.89616136959025,6.857738878968427],[79.89526305430613,6.857738878968427],[79.89526305430613,6.856840563684308]]]},"id":"+88939+7633","properties":{"cls":5,"count":1}},{"type":"Feature","geometry":{"geodesic":false,"type":"Polygon","coordinates":[[[79.89616136959025,6.855942248400188],[79.89705968487436,6.855942248400188],[79.89705968487436,6.856840563684308],[79.89616136959025,6.856840563684308],[79.89616136959025,6.855942248400188]]]},"id":"+88940+7632","properties":{"cls":5,"count":1}},{"type":"Feature","geometry":{"geodesic":false,"type":"Polygon","coordinates":[[[79.89616136959025,6.993384486870475],[79.89705968487436,6.993384486870475],[79.89705968487436,6.994282802154594],[79.89616136959025,6.994282802154594],[79.89616136959025,6.993384486870475]]]},"id":"+88940+7785","properties":{"cls":1,"count":1}},{"type":"Feature","geometry":{"geodesic":false,"type":"Polygon","coordinates":[[[79.89705968487436,6.856840563684308],[79.89795800015848,6.856840563684308],[79.89795800015848,6.857738878968427],[79.89705968487436,6.857738878968427],[79.89705968487436,6.856840563684308]]]},"id":"+88941+7633","properties":{"cls":6,"count":1}},{"type":"Feature","geometry":{"geodesic":false,"type":"Polygon","coordinates":[[[79.89616136959025,6.829891105160722],[79.8988563154426,6.829891105160722],[79.8988563154426,6.830789420444842],[79.89616136959025,6.830789420444842],[79.89616136959025,6.829891105160722]]]},"id":"+88942+7603","properties":{"cls":3,"count":3}},{"type":"Feature","geometry":{"geodesic":false,"type":"Polygon","coordinates":[[[79.89795800015848,6.855942248400188],[79.8988563154426,6.855942248400188],[79.8988563154426,6.856840563684308],[79.89795800015848,6.856840563684308],[79.89795800015848,6.855942248400188]]]},"id":"+88942+7632","properties":{"cls":6,"count":1}},{"type":"Feature","geometry":{"geodesic":false,"type":"Polygon","coordinates":[[[79.89795800015848,6.856840563684308],[79.8988563154426,6.856840563684308],[79.8988563154426,6.857738878968427],[79.89795800015848,6.857738878968427],[79.89795800015848,6.856840563684308]]]},"id":"+88942+7633","properties":{"cls":5,"count":1}},{"type":"Feature","geometry":{"geodesic":false,"type":"Polygon","coordinates":[[[79.89795800015848,6.94667209209626],[79.8988563154426,6.94667209209626],[79.8988563154426,6.94757040738038],[79.89795800015848,6.94757040738038],[79.89795800015848,6.94667209209626]]]},"id":"+88942+7733","properties":{"cls":5,"count":1}},{"type":"Feature","geometry":{"geodesic":false,"type":"Polygon","coordinates":[[[79.8988563154426,6.914332741867957],[79.89975463072672,6.914332741867957],[79.89975463072672,6.915231057152077],[79.8988563154426,6.915231057152077],[79.8988563154426,6.914332741867957]]]},"id":"+88943+7697","properties":{"cls":4,"count":1}},{"type":"Feature","geometry":{"geodesic":false,"type":"Polygon","coordinates":[[[79.8988563154426,6.916129372436196],[79.89975463072672,6.916129372436196],[79.89975463072672,6.917027687720315],[79.8988563154426,6.917027687720315],[79.8988563154426,6.916129372436196]]]},"id":"+88943+7699","properties":{"cls":5,"count":1}},{"type":"Feature","geometry":{"geodesic":false,"type":"Polygon","coordinates":[[[79.8988563154426,6.917027687720315],[79.89975463072672,6.917027687720315],[79.89975463072672,6.917926003004435],[79.8988563154426,6.917926003004435],[79.8988563154426,6.917027687720315]]]},"id":"+88943+7700","properties":{"cls":8,"count":1}},{"type":"Feature","geometry":{"geodesic":false,"type":"Polygon","coordinates":[[[79.89975463072672,6.832586051013081],[79.90065294601084,6.832586051013081],[79.90065294601084,6.8334843662972],[79.89975463072672,6.8334843662972],[79.89975463072672,6.832586051013081]]]},"id":"+88944+7606","properties":{"cls":6,"count":1}},{"type":"Feature","geometry":{"geodesic":false,"type":"Polygon","coordinates":[[[79.89975463072672,6.859535509536666],[79.90065294601084,6.859535509536666],[79.90065294601084,6.860433824820786],[79.89975463072672,6.860433824820786],[79.89975463072672,6.859535509536666]]]},"id":"+88944+7636","properties":{"cls":2,"count":1}},{"type":"Feature","geometry":{"geodesic":false,"type":"Polygon","coordinates":[[[79.90065294601084,6.83438268158132],[79.90155126129497,6.83438268158132],[79.90155126129497,6.835280996865439],[79.90065294601084,6.835280996865439],[79.90065294601084,6.83438268158132]]]},"id":"+88945+7608","properties":{"cls":7,"count":1}},{"type":"Feature","geometry":{"geodesic":false,"type":"Polygon","coordinates":[[[79.90065294601084,6.860433824820786],[79.90155126129497,6.860433824820786],[79.90155126129497,6.861332140104905],[79.90065294601084,6.861332140104905],[79.90065294601084,6.860433824820786]]]},"id":"+88945+7637","properties":{"cls":1,"count":1}},{"type":"Feature","geometry":{"geodesic":false,"type":"Polygon","coordinates":[[[79.90065294601084,6.9197226335726745],[79.90155126129497,6.9197226335726745],[79.90155126129497,6.922417579425033],[79.90065294601084,6.922417579425033],[79.90065294601084,6.9197226335726745]]]},"id":"+88945+7705","properties":{"cls":6,"count":3}},{"type":"Feature","geometry":{"geodesic":false,"type":"Polygon","coordinates":[[[79.90065294601084,6.922417579425033],[79.90155126129497,6.922417579425033],[79.90155126129497,6.923315894709153],[79.90065294601084,6.923315894709153],[79.90065294601084,6.922417579425033]]]},"id":"+88945+7706","properties":{"cls":5,"count":1}},{"type":"Feature","geometry":{"geodesic":false,"type":"Polygon","coordinates":[[[79.90155126129497,6.859535509536666],[79.90244957657909,6.859535509536666],[79.90244957657909,6.860433824820786],[79.90155126129497,6.860433824820786],[79.90155126129497,6.859535509536666]]]},"id":"+88946+7636","properties":{"cls":1,"count":1}},{"type":"Feature","geometry":{"geodesic":false,"type":"Polygon","coordinates":[[[79.90244957657909,6.83438268158132],[79.9033478918632,6.83438268158132],[79.9033478918632,6.835280996865439],[79.90244957657909,6.835280996865439],[79.90244957657909,6.83438268158132]]]},"id":"+88947+7608","properties":{"cls":3,"count":1}},{"type":"Feature","geometry":{"geodesic":false,"type":"Polygon","coordinates":[[[79.90424620714732,6.962841767210412],[79.90514452243144,6.962841767210412],[79.90514452243144,6.963740082494531],[79.90424620714732,6.963740082494531],[79.90424620714732,6.962841767210412]]]},"id":"+88949+7751","properties":{"cls":1,"count":1}},{"type":"Feature","geometry":{"geodesic":false,"type":"Polygon","coordinates":[[[79.90424620714732,7.016740684257583],[79.90514452243144,7.016740684257583],[79.90514452243144,7.017638999541703],[79.90424620714732,7.017638999541703],[79.90424620714732,7.016740684257583]]]},"id":"+88949+7811","properties":{"cls":3,"count":1}},{"type":"Feature","geometry":{"geodesic":false,"type":"Polygon","coordinates":[[[79.90514452243144,6.94757040738038],[79.90604283771556,6.94757040738038],[79.90604283771556,6.948468722664499],[79.90514452243144,6.948468722664499],[79.90514452243144,6.94757040738038]]]},"id":"+88950+7734","properties":{"cls":6,"count":1}},{"type":"Feature","geometry":{"geodesic":false,"type":"Polygon","coordinates":[[[79.90604283771556,6.903552958458523],[79.90694115299968,6.903552958458523],[79.90694115299968,6.904451273742643],[79.90604283771556,6.904451273742643],[79.90604283771556,6.903552958458523]]]},"id":"+88951+7685","properties":{"cls":5,"count":1}},{"type":"Feature","geometry":{"geodesic":false,"type":"Polygon","coordinates":[[[79.90604283771556,6.907146219595001],[79.90694115299968,6.907146219595001],[79.90694115299968,6.908044534879121],[79.90604283771556,6.908044534879121],[79.90604283771556,6.907146219595001]]]},"id":"+88951+7689","properties":{"cls":5,"count":1}},{"type":"Feature","geometry":{"geodesic":false,"type":"Polygon","coordinates":[[[79.90604283771556,6.917027687720315],[79.90604283771556,6.915231057152077],[79.9078394682838,6.915231057152077],[79.9078394682838,6.916129372436196],[79.90604283771556,6.917027687720315]]]},"id":"+88951+7699","properties":{"cls":2,"count":3}},{"type":"Feature","geometry":{"geodesic":false,"type":"Polygon","coordinates":[[[79.90873778356791,6.941282200391543],[79.90963609885203,6.941282200391543],[79.90963609885203,6.942180515675663],[79.90873778356791,6.942180515675663],[79.90873778356791,6.941282200391543]]]},"id":"+88954+7727","properties":{"cls":3,"count":1}},{"type":"Feature","geometry":{"geodesic":false,"type":"Polygon","coordinates":[[[79.90963609885203,6.898163066753806],[79.91053441413615,6.898163066753806],[79.91053441413615,6.899061382037925],[79.90963609885203,6.899061382037925],[79.90963609885203,6.898163066753806]]]},"id":"+88955+7679","properties":{"cls":3,"count":1}},{"type":"Feature","geometry":{"geodesic":false,"type":"Polygon","coordinates":[[[79.90963609885203,6.941282200391543],[79.91053441413615,6.941282200391543],[79.91053441413615,6.942180515675663],[79.90963609885203,6.942180515675663],[79.90963609885203,6.941282200391543]]]},"id":"+88955+7727","properties":{"cls":2,"count":1}},{"type":"Feature","geometry":{"geodesic":false,"type":"Polygon","coordinates":[[[79.91053441413615,6.911637796015599],[79.91143272942028,6.911637796015599],[79.91143272942028,6.912536111299718],[79.91053441413615,6.912536111299718],[79.91053441413615,6.911637796015599]]]},"id":"+88956+7694","properties":{"cls":8,"count":1}},{"type":"Feature","geometry":{"geodesic":false,"type":"Polygon","coordinates":[[[79.91143272942028,6.895468120901447],[79.9123310447044,6.895468120901447],[79.9123310447044,6.896366436185567],[79.91143272942028,6.896366436185567],[79.91143272942028,6.895468120901447]]]},"id":"+88957+7676","properties":{"cls":8,"count":1}},{"type":"Feature","geometry":{"geodesic":false,"type":"Polygon","coordinates":[[[79.91143272942028,6.911637796015599],[79.9123310447044,6.911637796015599],[79.9123310447044,6.912536111299718],[79.91143272942028,6.912536111299718],[79.91143272942028,6.911637796015599]]]},"id":"+88957+7694","properties":{"cls":6,"count":1}},{"type":"Feature","geometry":{"geodesic":false,"type":"Polygon","coordinates":[[[79.9123310447044,6.932299047550348],[79.91322935998852,6.932299047550348],[79.91322935998852,6.933197362834467],[79.9123310447044,6.933197362834467],[79.9123310447044,6.932299047550348]]]},"id":"+88958+7717","properties":{"cls":1,"count":1}},{"type":"Feature","geometry":{"geodesic":false,"type":"Polygon","coordinates":[[[79.91412767527264,6.944875461528021],[79.91502599055676,6.944875461528021],[79.91502599055676,6.945773776812141],[79.91412767527264,6.945773776812141],[79.91412767527264,6.944875461528021]]]},"id":"+88960+7731","properties":{"cls":9,"count":1}},{"type":"Feature","geometry":{"geodesic":false,"type":"Polygon","coordinates":[[[79.91412767527264,7.0338086746558535],[79.91502599055676,7.0338086746558535],[79.91502599055676,7.0347069899399735],[79.91412767527264,7.0347069899399735],[79.91412767527264,7.0338086746558535]]]},"id":"+88960+7830","properties":{"cls":6,"count":1}},{"type":"Feature","geometry":{"geodesic":false,"type":"Polygon","coordinates":[[[79.91502599055676,6.892773175049089],[79.91592430584087,6.892773175049089],[79.91592430584087,6.893671490333208],[79.91502599055676,6.893671490333208],[79.91502599055676,6.892773175049089]]]},"id":"+88961+7673","properties":{"cls":2,"count":1}},{"type":"Feature","geometry":{"geodesic":false,"type":"Polygon","coordinates":[[[79.91592430584087,6.8424675191383955],[79.916822621125,6.8424675191383955],[79.916822621125,6.8433658344225154],[79.91592430584087,6.8433658344225154],[79.91592430584087,6.8424675191383955]]]},"id":"+88962+7617","properties":{"cls":8,"count":1}},{"type":"Feature","geometry":{"geodesic":false,"type":"Polygon","coordinates":[[[79.91592430584087,6.883790022207894],[79.916822621125,6.883790022207894],[79.916822621125,6.884688337492013],[79.91592430584087,6.884688337492013],[79.91592430584087,6.883790022207894]]]},"id":"+88962+7663","properties":{"cls":4,"count":1}},{"type":"Feature","geometry":{"geodesic":false,"type":"Polygon","coordinates":[[[79.91592430584087,6.886484968060252],[79.916822621125,6.886484968060252],[79.916822621125,6.887383283344372],[79.91592430584087,6.887383283344372],[79.91592430584087,6.886484968060252]]]},"id":"+88962+7666","properties":{"cls":6,"count":1}},{"type":"Feature","geometry":{"geodesic":false,"type":"Polygon","coordinates":[[[79.91592430584087,6.891874859764969],[79.916822621125,6.891874859764969],[79.916822621125,6.892773175049089],[79.91592430584087,6.892773175049089],[79.91592430584087,6.891874859764969]]]},"id":"+88962+7672","properties":{"cls":8,"count":1}},{"type":"Feature","geometry":{"geodesic":false,"type":"Polygon","coordinates":[[[79.91592430584087,7.0221305759623],[79.916822621125,7.0221305759623],[79.916822621125,7.023028891246419],[79.91592430584087,7.023028891246419],[79.91592430584087,7.0221305759623]]]},"id":"+88962+7817","properties":{"cls":4,"count":1}},{"type":"Feature","geometry":{"geodesic":false,"type":"Polygon","coordinates":[[[79.91772093640911,6.926909155845631],[79.91861925169323,6.926909155845631],[79.91861925169323,6.92780747112975],[79.91772093640911,6.92780747112975],[79.91772093640911,6.926909155845631]]]},"id":"+88964+7711","properties":{"cls":5,"count":1}},{"type":"Feature","geometry":{"geodesic":false,"type":"Polygon","coordinates":[[[79.91772093640911,7.005062585564029],[79.91861925169323,7.005062585564029],[79.91861925169323,7.005960900848148],[79.91772093640911,7.005960900848148],[79.91772093640911,7.005062585564029]]]},"id":"+88964+7798","properties":{"cls":1,"count":1}},{"type":"Feature","geometry":{"geodesic":false,"type":"Polygon","coordinates":[[[79.91861925169323,6.94757040738038],[79.91951756697735,6.94757040738038],[79.91951756697735,6.948468722664499],[79.91861925169323,6.948468722664499],[79.91861925169323,6.94757040738038]]]},"id":"+88965+7734","properties":{"cls":6,"count":1}},{"type":"Feature","geometry":{"geodesic":false,"type":"Polygon","coordinates":[[[79.91861925169323,7.0221305759623],[79.91951756697735,7.0221305759623],[79.91951756697735,7.023028891246419],[79.91861925169323,7.023028891246419],[79.91861925169323,7.0221305759623]]]},"id":"+88965+7817","properties":{"cls":2,"count":1}},{"type":"Feature","geometry":{"geodesic":false,"type":"Polygon","coordinates":[[[79.91951756697735,6.891874859764969],[79.92041588226147,6.891874859764969],[79.92041588226147,6.892773175049089],[79.91951756697735,6.892773175049089],[79.91951756697735,6.891874859764969]]]},"id":"+88966+7672","properties":{"cls":7,"count":1}},{"type":"Feature","geometry":{"geodesic":false,"type":"Polygon","coordinates":[[[79.91951756697735,6.951163668516858],[79.92041588226147,6.951163668516858],[79.92041588226147,6.952061983800977],[79.91951756697735,6.952061983800977],[79.91951756697735,6.951163668516858]]]},"id":"+88966+7738","properties":{"cls":7,"count":1}},{"type":"Feature","geometry":{"geodesic":false,"type":"Polygon","coordinates":[[[79.91951756697735,7.023927206530539],[79.92041588226147,7.023927206530539],[79.92041588226147,7.024825521814658],[79.91951756697735,7.024825521814658],[79.91951756697735,7.023927206530539]]]},"id":"+88966+7819","properties":{"cls":4,"count":1}},{"type":"Feature","geometry":{"geodesic":false,"type":"Polygon","coordinates":[[[79.91951756697735,7.049978349770005],[79.92041588226147,7.049978349770005],[79.92041588226147,7.050876665054124],[79.91951756697735,7.050876665054124],[79.91951756697735,7.049978349770005]]]},"id":"+88966+7848","properties":{"cls":3,"count":1}},{"type":"Feature","geometry":{"geodesic":false,"type":"Polygon","coordinates":[[[79.91951756697735,7.050876665054124],[79.92041588226147,7.050876665054124],[79.92041588226147,7.051774980338244],[79.91951756697735,7.051774980338244],[79.91951756697735,7.050876665054124]]]},"id":"+88966+7849","properties":{"cls":8,"count":1}},{"type":"Feature","geometry":{"geodesic":false,"type":"Polygon","coordinates":[[[79.92041588226147,6.888281598628491],[79.9213141975456,6.888281598628491],[79.9213141975456,6.889179913912611],[79.92041588226147,6.889179913912611],[79.92041588226147,6.888281598628491]]]},"id":"+88967+7668","properties":{"cls":8,"count":1}},{"type":"Feature","geometry":{"geodesic":false,"type":"Polygon","coordinates":[[[79.92041588226147,6.90984116544736],[79.9213141975456,6.90984116544736],[79.9213141975456,6.910739480731479],[79.92041588226147,6.910739480731479],[79.92041588226147,6.90984116544736]]]},"id":"+88967+7692","properties":{"cls":6,"count":1}},{"type":"Feature","geometry":{"geodesic":false,"type":"Polygon","coordinates":[[[79.91951756697735,6.949367037948619],[79.9213141975456,6.949367037948619],[79.9213141975456,6.950265353232738],[79.91951756697735,6.950265353232738],[79.91951756697735,6.949367037948619]]]},"id":"+88967+7736","properties":{"cls":8,"count":2}},{"type":"Feature","geometry":{"geodesic":false,"type":"Polygon","coordinates":[[[79.92041588226147,7.049978349770005],[79.9213141975456,7.049978349770005],[79.9213141975456,7.050876665054124],[79.92041588226147,7.050876665054124],[79.92041588226147,7.049978349770005]]]},"id":"+88967+7848","properties":{"cls":7,"count":1}},{"type":"Feature","geometry":{"geodesic":false,"type":"Polygon","coordinates":[[[79.92041588226147,7.050876665054124],[79.9213141975456,7.050876665054124],[79.9213141975456,7.051774980338244],[79.92041588226147,7.051774980338244],[79.92041588226147,7.050876665054124]]]},"id":"+88967+7849","properties":{"cls":9,"count":1}},{"type":"Feature","geometry":{"geodesic":false,"type":"Polygon","coordinates":[[[79.92041588226147,7.051774980338244],[79.9213141975456,7.051774980338244],[79.9213141975456,7.0526732956223634],[79.92041588226147,7.0526732956223634],[79.92041588226147,7.051774980338244]]]},"id":"+88967+7850","properties":{"cls":6,"count":1}},{"type":"Feature","geometry":{"geodesic":false,"type":"Polygon","coordinates":[[[79.9213141975456,6.923315894709153],[79.92221251282972,6.923315894709153],[79.92221251282972,6.924214209993272],[79.9213141975456,6.924214209993272],[79.9213141975456,6.923315894709153]]]},"id":"+88968+7707","properties":{"cls":1,"count":1}},{"type":"Feature","geometry":{"geodesic":false,"type":"Polygon","coordinates":[[[79.9213141975456,6.952061983800977],[79.92221251282972,6.952061983800977],[79.92221251282972,6.952960299085096],[79.9213141975456,6.952960299085096],[79.9213141975456,6.952061983800977]]]},"id":"+88968+7739","properties":{"cls":9,"count":1}},{"type":"Feature","geometry":{"geodesic":false,"type":"Polygon","coordinates":[[[79.9213141975456,7.037401935792332],[79.92221251282972,7.037401935792332],[79.92221251282972,7.038300251076452],[79.9213141975456,7.038300251076452],[79.9213141975456,7.037401935792332]]]},"id":"+88968+7834","properties":{"cls":3,"count":1}},{"type":"Feature","geometry":{"geodesic":false,"type":"Polygon","coordinates":[[[79.92221251282972,6.882891706923774],[79.92311082811383,6.882891706923774],[79.92311082811383,6.883790022207894],[79.92221251282972,6.883790022207894],[79.92221251282972,6.882891706923774]]]},"id":"+88969+7662","properties":{"cls":5,"count":1}},{"type":"Feature","geometry":{"geodesic":false,"type":"Polygon","coordinates":[[[79.92221251282972,6.925112525277392],[79.92311082811383,6.925112525277392],[79.92311082811383,6.926010840561511],[79.92221251282972,6.926010840561511],[79.92221251282972,6.925112525277392]]]},"id":"+88969+7709","properties":{"cls":5,"count":1}},{"type":"Feature","geometry":{"geodesic":false,"type":"Polygon","coordinates":[[[79.92221251282972,7.037401935792332],[79.92311082811383,7.037401935792332],[79.92311082811383,7.038300251076452],[79.92221251282972,7.038300251076452],[79.92221251282972,7.037401935792332]]]},"id":"+88969+7834","properties":{"cls":6,"count":1}},{"type":"Feature","geometry":{"geodesic":false,"type":"Polygon","coordinates":[[[79.92311082811383,6.911637796015599],[79.92400914339795,6.911637796015599],[79.92400914339795,6.912536111299718],[79.92311082811383,6.912536111299718],[79.92311082811383,6.911637796015599]]]},"id":"+88970+7694","properties":{"cls":5,"count":1}},{"type":"Feature","geometry":{"geodesic":false,"type":"Polygon","coordinates":[[[79.92400914339795,6.894569805617328],[79.92490745868207,6.894569805617328],[79.92490745868207,6.895468120901447],[79.92400914339795,6.895468120901447],[79.92400914339795,6.894569805617328]]]},"id":"+88971+7675","properties":{"cls":2,"count":1}},{"type":"Feature","geometry":{"geodesic":false,"type":"Polygon","coordinates":[[[79.92490745868207,6.951163668516858],[79.92580577396619,6.951163668516858],[79.92580577396619,6.952061983800977],[79.92490745868207,6.952061983800977],[79.92490745868207,6.951163668516858]]]},"id":"+88972+7738","properties":{"cls":1,"count":1}},{"type":"Feature","geometry":{"geodesic":false,"type":"Polygon","coordinates":[[[79.92580577396619,6.914332741867957],[79.92670408925031,6.914332741867957],[79.92670408925031,6.915231057152077],[79.92580577396619,6.915231057152077],[79.92580577396619,6.914332741867957]]]},"id":"+88973+7697","properties":{"cls":8,"count":1}},{"type":"Feature","geometry":{"geodesic":false,"type":"Polygon","coordinates":[[[79.92670408925031,6.876603499934937],[79.92760240453443,6.876603499934937],[79.92760240453443,6.877501815219057],[79.92670408925031,6.877501815219057],[79.92670408925031,6.876603499934937]]]},"id":"+88974+7655","properties":{"cls":4,"count":1}},{"type":"Feature","geometry":{"geodesic":false,"type":"Polygon","coordinates":[[[79.92670408925031,6.877501815219057],[79.92760240453443,6.877501815219057],[79.92760240453443,6.878400130503176],[79.92670408925031,6.878400130503176],[79.92670408925031,6.877501815219057]]]},"id":"+88974+7656","properties":{"cls":7,"count":1}},{"type":"Feature","geometry":{"geodesic":false,"type":"Polygon","coordinates":[[[79.92850071981854,6.873908554082579],[79.92939903510266,6.873908554082579],[79.92939903510266,6.874806869366698],[79.92850071981854,6.874806869366698],[79.92850071981854,6.873908554082579]]]},"id":"+88976+7652","properties":{"cls":1,"count":1}},{"type":"Feature","geometry":{"geodesic":false,"type":"Polygon","coordinates":[[[79.92939903510266,6.87211192351434],[79.93029735038678,6.87211192351434],[79.93029735038678,6.873010238798459],[79.92939903510266,6.873010238798459],[79.92939903510266,6.87211192351434]]]},"id":"+88977+7650","properties":{"cls":4,"count":1}},{"type":"Feature","geometry":{"geodesic":false,"type":"Polygon","coordinates":[[[79.92939903510266,6.873010238798459],[79.93029735038678,6.873010238798459],[79.93029735038678,6.873908554082579],[79.92939903510266,6.873908554082579],[79.92939903510266,6.873010238798459]]]},"id":"+88977+7651","properties":{"cls":2,"count":1}},{"type":"Feature","geometry":{"geodesic":false,"type":"Polygon","coordinates":[[[79.93029735038678,6.868518662377862],[79.93119566567091,6.868518662377862],[79.93119566567091,6.869416977661981],[79.93029735038678,6.869416977661981],[79.93029735038678,6.868518662377862]]]},"id":"+88978+7646","properties":{"cls":3,"count":1}},{"type":"Feature","geometry":{"geodesic":false,"type":"Polygon","coordinates":[[[79.93029735038678,6.870315292946101],[79.93119566567091,6.870315292946101],[79.93119566567091,6.87121360823022],[79.93029735038678,6.87121360823022],[79.93029735038678,6.870315292946101]]]},"id":"+88978+7648","properties":{"cls":2,"count":1}},{"type":"Feature","geometry":{"geodesic":false,"type":"Polygon","coordinates":[[[79.93029735038678,7.031113728803495],[79.93119566567091,7.031113728803495],[79.93119566567091,7.032012044087614],[79.93029735038678,7.032012044087614],[79.93029735038678,7.031113728803495]]]},"id":"+88978+7827","properties":{"cls":3,"count":1}},{"type":"Feature","geometry":{"geodesic":false,"type":"Polygon","coordinates":[[[79.93029735038678,7.032012044087614],[79.93119566567091,7.032012044087614],[79.93119566567091,7.0338086746558535],[79.93029735038678,7.0338086746558535],[79.93029735038678,7.032012044087614]]]},"id":"+88978+7829","properties":{"cls":4,"count":2}},{"type":"Feature","geometry":{"geodesic":false,"type":"Polygon","coordinates":[[[79.93119566567091,6.868518662377862],[79.93209398095503,6.868518662377862],[79.93209398095503,6.869416977661981],[79.93119566567091,6.869416977661981],[79.93119566567091,6.868518662377862]]]},"id":"+88979+7646","properties":{"cls":1,"count":1}},{"type":"Feature","geometry":{"geodesic":false,"type":"Polygon","coordinates":[[[79.93209398095503,6.864027085957264],[79.93299229623915,6.864027085957264],[79.93299229623915,6.864925401241384],[79.93209398095503,6.864925401241384],[79.93209398095503,6.864027085957264]]]},"id":"+88980+7641","properties":{"cls":6,"count":1}},{"type":"Feature","geometry":{"geodesic":false,"type":"Polygon","coordinates":[[[79.93299229623915,6.864925401241384],[79.93389061152327,6.864925401241384],[79.93389061152327,6.865823716525503],[79.93299229623915,6.865823716525503],[79.93299229623915,6.864925401241384]]]},"id":"+88981+7642","properties":{"cls":7,"count":1}},{"type":"Feature","geometry":{"geodesic":false,"type":"Polygon","coordinates":[[[79.93299229623915,6.874806869366698],[79.93389061152327,6.874806869366698],[79.93389061152327,6.875705184650818],[79.93299229623915,6.875705184650818],[79.93299229623915,6.874806869366698]]]},"id":"+88981+7653","properties":{"cls":5,"count":1}},{"type":"Feature","geometry":{"geodesic":false,"type":"Polygon","coordinates":[[[79.93299229623915,6.881095076355535],[79.93389061152327,6.881095076355535],[79.93389061152327,6.8819933916396545],[79.93299229623915,6.8819933916396545],[79.93299229623915,6.881095076355535]]]},"id":"+88981+7660","properties":{"cls":5,"count":1}},{"type":"Feature","geometry":{"geodesic":false,"type":"Polygon","coordinates":[[[79.93299229623915,6.950265353232738],[79.93389061152327,6.950265353232738],[79.93389061152327,6.951163668516858],[79.93299229623915,6.951163668516858],[79.93299229623915,6.950265353232738]]]},"id":"+88981+7737","properties":{"cls":4,"count":1}},{"type":"Feature","geometry":{"geodesic":false,"type":"Polygon","coordinates":[[[79.93389061152327,6.874806869366698],[79.93478892680739,6.874806869366698],[79.93478892680739,6.875705184650818],[79.93389061152327,6.875705184650818],[79.93389061152327,6.874806869366698]]]},"id":"+88982+7653","properties":{"cls":6,"count":1}},{"type":"Feature","geometry":{"geodesic":false,"type":"Polygon","coordinates":[[[79.93389061152327,6.949367037948619],[79.93478892680739,6.949367037948619],[79.93478892680739,6.951163668516858],[79.93389061152327,6.951163668516858],[79.93389061152327,6.949367037948619]]]},"id":"+88982+7737","properties":{"cls":5,"count":2}},{"type":"Feature","geometry":{"geodesic":false,"type":"Polygon","coordinates":[[[79.93478892680739,7.0356053052240926],[79.9356872420915,7.0356053052240926],[79.9356872420915,7.0365036205082125],[79.93478892680739,7.0365036205082125],[79.93478892680739,7.0356053052240926]]]},"id":"+88983+7832","properties":{"cls":5,"count":1}},{"type":"Feature","geometry":{"geodesic":false,"type":"Polygon","coordinates":[[[79.9356872420915,6.939485569823304],[79.93658555737562,6.939485569823304],[79.93658555737562,6.9403838851074235],[79.9356872420915,6.9403838851074235],[79.9356872420915,6.939485569823304]]]},"id":"+88984+7725","properties":{"cls":3,"count":1}},{"type":"Feature","geometry":{"geodesic":false,"type":"Polygon","coordinates":[[[79.94107713379623,6.934095678118587],[79.94197544908035,6.934095678118587],[79.94197544908035,6.935892308686825],[79.94107713379623,6.935892308686825],[79.94107713379623,6.934095678118587]]]},"id":"+88990+7720","properties":{"cls":1,"count":2}},{"type":"Feature","geometry":{"geodesic":false,"type":"Polygon","coordinates":[[[79.94107713379623,7.030215413519375],[79.94197544908035,7.030215413519375],[79.94197544908035,7.031113728803495],[79.94107713379623,7.031113728803495],[79.94107713379623,7.030215413519375]]]},"id":"+88990+7826","properties":{"cls":9,"count":1}},{"type":"Feature","geometry":{"geodesic":false,"type":"Polygon","coordinates":[[[79.94197544908035,7.021232260678181],[79.94287376436446,7.021232260678181],[79.94287376436446,7.0221305759623],[79.94197544908035,7.0221305759623],[79.94197544908035,7.021232260678181]]]},"id":"+88991+7816","properties":{"cls":1,"count":1}},{"type":"Feature","geometry":{"geodesic":false,"type":"Polygon","coordinates":[[[79.94287376436446,6.934095678118587],[79.94377207964858,6.934095678118587],[79.94377207964858,6.934993993402706],[79.94287376436446,6.934993993402706],[79.94287376436446,6.934095678118587]]]},"id":"+88992+7719","properties":{"cls":3,"count":1}},{"type":"Feature","geometry":{"geodesic":false,"type":"Polygon","coordinates":[[[79.94287376436446,6.934993993402706],[79.94377207964858,6.934993993402706],[79.94377207964858,6.935892308686825],[79.94287376436446,6.935892308686825],[79.94287376436446,6.934993993402706]]]},"id":"+88992+7720","properties":{"cls":1,"count":1}},{"type":"Feature","geometry":{"geodesic":false,"type":"Polygon","coordinates":[[[79.94287376436446,6.9403838851074235],[79.94377207964858,6.9403838851074235],[79.94377207964858,6.941282200391543],[79.94287376436446,6.941282200391543],[79.94287376436446,6.9403838851074235]]]},"id":"+88992+7726","properties":{"cls":9,"count":1}},{"type":"Feature","geometry":{"geodesic":false,"type":"Polygon","coordinates":[[[79.94287376436446,6.941282200391543],[79.94377207964858,6.941282200391543],[79.94377207964858,6.942180515675663],[79.94287376436446,6.942180515675663],[79.94287376436446,6.941282200391543]]]},"id":"+88992+7727","properties":{"cls":8,"count":1}},{"type":"Feature","geometry":{"geodesic":false,"type":"Polygon","coordinates":[[[79.94556871021682,6.934095678118587],[79.94646702550094,6.934095678118587],[79.94646702550094,6.934993993402706],[79.94556871021682,6.934993993402706],[79.94556871021682,6.934095678118587]]]},"id":"+88995+7719","properties":{"cls":5,"count":1}},{"type":"Feature","geometry":{"geodesic":false,"type":"Polygon","coordinates":[[[79.94556871021682,6.9385872545391845],[79.94646702550094,6.9385872545391845],[79.94646702550094,6.939485569823304],[79.94556871021682,6.939485569823304],[79.94556871021682,6.9385872545391845]]]},"id":"+88995+7724","properties":{"cls":5,"count":1}},{"type":"Feature","geometry":{"geodesic":false,"type":"Polygon","coordinates":[[[79.94646702550094,6.884688337492013],[79.94736534078505,6.884688337492013],[79.94736534078505,6.885586652776133],[79.94646702550094,6.885586652776133],[79.94646702550094,6.884688337492013]]]},"id":"+88996+7664","properties":{"cls":5,"count":1}},{"type":"Feature","geometry":{"geodesic":false,"type":"Polygon","coordinates":[[[79.94646702550094,6.886484968060252],[79.94736534078505,6.886484968060252],[79.94736534078505,6.887383283344372],[79.94646702550094,6.887383283344372],[79.94646702550094,6.886484968060252]]]},"id":"+88996+7666","properties":{"cls":2,"count":1}},{"type":"Feature","geometry":{"geodesic":false,"type":"Polygon","coordinates":[[[79.94646702550094,6.888281598628491],[79.94736534078505,6.888281598628491],[79.94736534078505,6.889179913912611],[79.94646702550094,6.889179913912611],[79.94646702550094,6.888281598628491]]]},"id":"+88996+7668","properties":{"cls":4,"count":1}},{"type":"Feature","geometry":{"geodesic":false,"type":"Polygon","coordinates":[[[79.94646702550094,6.934095678118587],[79.94736534078505,6.934095678118587],[79.94736534078505,6.934993993402706],[79.94646702550094,6.934993993402706],[79.94646702550094,6.934095678118587]]]},"id":"+88996+7719","properties":{"cls":2,"count":1}},{"type":"Feature","geometry":{"geodesic":false,"type":"Polygon","coordinates":[[[79.94646702550094,6.885586652776133],[79.94826365606917,6.885586652776133],[79.94826365606917,6.886484968060252],[79.94646702550094,6.886484968060252],[79.94646702550094,6.885586652776133]]]},"id":"+88997+7665","properties":{"cls":3,"count":2}},{"type":"Feature","geometry":{"geodesic":false,"type":"Polygon","coordinates":[[[79.94736534078505,6.886484968060252],[79.94826365606917,6.886484968060252],[79.94826365606917,6.887383283344372],[79.94736534078505,6.887383283344372],[79.94736534078505,6.886484968060252]]]},"id":"+88997+7666","properties":{"cls":4,"count":1}},{"type":"Feature","geometry":{"geodesic":false,"type":"Polygon","coordinates":[[[79.94916197135329,6.933197362834467],[79.95006028663742,6.933197362834467],[79.95006028663742,6.934095678118587],[79.94916197135329,6.934095678118587],[79.94916197135329,6.933197362834467]]]},"id":"+88999+7718","properties":{"cls":2,"count":1}},{"type":"Feature","geometry":{"geodesic":false,"type":"Polygon","coordinates":[[[79.95095860192154,6.89007822919673],[79.95185691720566,6.89007822919673],[79.95185691720566,6.89097654448085],[79.95095860192154,6.89097654448085],[79.95095860192154,6.89007822919673]]]},"id":"+89001+7670","properties":{"cls":2,"count":1}},{"type":"Feature","geometry":{"geodesic":false,"type":"Polygon","coordinates":[[[79.95095860192154,6.925112525277392],[79.95185691720566,6.925112525277392],[79.95185691720566,6.926010840561511],[79.95095860192154,6.926010840561511],[79.95095860192154,6.925112525277392]]]},"id":"+89001+7709","properties":{"cls":3,"count":1}},{"type":"Feature","geometry":{"geodesic":false,"type":"Polygon","coordinates":[[[79.95185691720566,6.924214209993272],[79.9536535477739,6.924214209993272],[79.9536535477739,6.925112525277392],[79.95185691720566,6.925112525277392],[79.95185691720566,6.924214209993272]]]},"id":"+89003+7708","properties":{"cls":3,"count":2}},{"type":"Feature","geometry":{"geodesic":false,"type":"Polygon","coordinates":[[[79.95455186305801,6.92870578641387],[79.95545017834213,6.92870578641387],[79.95545017834213,6.929604101697989],[79.95455186305801,6.929604101697989],[79.95455186305801,6.92870578641387]]]},"id":"+89005+7713","properties":{"cls":4,"count":1}},{"type":"Feature","geometry":{"geodesic":false,"type":"Polygon","coordinates":[[[79.95545017834213,6.92870578641387],[79.95634849362625,6.92870578641387],[79.95634849362625,6.929604101697989],[79.95545017834213,6.929604101697989],[79.95545017834213,6.92870578641387]]]},"id":"+89006+7713","properties":{"cls":2,"count":1}},{"type":"Feature","geometry":{"geodesic":false,"type":"Polygon","coordinates":[[[79.95545017834213,6.943078830959782],[79.95634849362625,6.943078830959782],[79.95634849362625,6.943977146243902],[79.95545017834213,6.943977146243902],[79.95545017834213,6.943078830959782]]]},"id":"+89006+7729","properties":{"cls":6,"count":1}},{"type":"Feature","geometry":{"geodesic":false,"type":"Polygon","coordinates":[[[79.9590434394786,6.948468722664499],[79.95994175476274,6.948468722664499],[79.95994175476274,6.949367037948619],[79.9590434394786,6.949367037948619],[79.9590434394786,6.948468722664499]]]},"id":"+89010+7735","properties":{"cls":4,"count":1}},{"type":"Feature","geometry":{"geodesic":false,"type":"Polygon","coordinates":[[[79.95994175476274,6.914332741867957],[79.96084007004686,6.914332741867957],[79.96084007004686,6.915231057152077],[79.95994175476274,6.915231057152077],[79.95994175476274,6.914332741867957]]]},"id":"+89011+7697","properties":{"cls":2,"count":1}},{"type":"Feature","geometry":{"geodesic":false,"type":"Polygon","coordinates":[[[79.96622996175157,7.006859216132268],[79.96712827703568,7.006859216132268],[79.96712827703568,7.007757531416387],[79.96622996175157,7.007757531416387],[79.96622996175157,7.006859216132268]]]},"id":"+89018+7800","properties":{"cls":4,"count":1}},{"type":"Feature","geometry":{"geodesic":false,"type":"Polygon","coordinates":[[[79.96982322288805,6.9376889392550645],[79.97072153817217,6.9376889392550645],[79.97072153817217,6.9385872545391845],[79.96982322288805,6.9385872545391845],[79.96982322288805,6.9376889392550645]]]},"id":"+89022+7723","properties":{"cls":7,"count":1}},{"type":"Feature","geometry":{"geodesic":false,"type":"Polygon","coordinates":[[[79.96982322288805,6.942180515675663],[79.97072153817217,6.942180515675663],[79.97072153817217,6.943078830959782],[79.96982322288805,6.943078830959782],[79.96982322288805,6.942180515675663]]]},"id":"+89022+7728","properties":{"cls":1,"count":1}},{"type":"Feature","geometry":{"geodesic":false,"type":"Polygon","coordinates":[[[79.97161985345629,6.936790623970945],[79.97251816874041,6.936790623970945],[79.97251816874041,6.9376889392550645],[79.97161985345629,6.9376889392550645],[79.97161985345629,6.936790623970945]]]},"id":"+89024+7722","properties":{"cls":4,"count":1}},{"type":"Feature","geometry":{"geodesic":false,"type":"Polygon","coordinates":[[[79.97251816874041,6.94757040738038],[79.97341648402453,6.94757040738038],[79.97341648402453,6.948468722664499],[79.97251816874041,6.948468722664499],[79.97251816874041,6.94757040738038]]]},"id":"+89025+7734","properties":{"cls":1,"count":1}},{"type":"Feature","geometry":{"geodesic":false,"type":"Polygon","coordinates":[[[79.97161985345629,7.067944655452395],[79.97251816874041,7.066148024884156],[79.97341648402453,7.066148024884156],[79.97341648402453,7.067944655452395],[79.97161985345629,7.067944655452395]]]},"id":"+89025+7867","properties":{"cls":1,"count":3}},{"type":"Feature","geometry":{"geodesic":false,"type":"Polygon","coordinates":[[[79.97251816874041,6.949367037948619],[79.97341648402453,6.94757040738038],[79.97431479930864,6.94757040738038],[79.97431479930864,6.949367037948619],[79.97251816874041,6.949367037948619]]]},"id":"+89026+7735","properties":{"cls":2,"count":3}},{"type":"Feature","geometry":{"geodesic":false,"type":"Polygon","coordinates":[[[79.97431479930864,6.941282200391543],[79.97521311459276,6.941282200391543],[79.97521311459276,6.942180515675663],[79.97431479930864,6.942180515675663],[79.97431479930864,6.941282200391543]]]},"id":"+89027+7727","properties":{"cls":2,"count":1}},{"type":"Feature","geometry":{"geodesic":false,"type":"Polygon","coordinates":[[[79.97431479930864,6.94757040738038],[79.97521311459276,6.94757040738038],[79.97521311459276,6.948468722664499],[79.97431479930864,6.948468722664499],[79.97431479930864,6.94757040738038]]]},"id":"+89027+7734","properties":{"cls":3,"count":1}},{"type":"Feature","geometry":{"geodesic":false,"type":"Polygon","coordinates":[[[79.97431479930864,6.960146821358053],[79.97521311459276,6.960146821358053],[79.97521311459276,6.961045136642173],[79.97431479930864,6.961045136642173],[79.97431479930864,6.960146821358053]]]},"id":"+89027+7748","properties":{"cls":3,"count":1}},{"type":"Feature","geometry":{"geodesic":false,"type":"Polygon","coordinates":[[[79.97521311459276,6.94667209209626],[79.97611142987688,6.94667209209626],[79.97611142987688,6.94757040738038],[79.97521311459276,6.94757040738038],[79.97521311459276,6.94667209209626]]]},"id":"+89028+7733","properties":{"cls":4,"count":1}},{"type":"Feature","geometry":{"geodesic":false,"type":"Polygon","coordinates":[[[79.97521311459276,6.9583501907898135],[79.97611142987688,6.9583501907898135],[79.97611142987688,6.960146821358053],[79.97521311459276,6.960146821358053],[79.97521311459276,6.9583501907898135]]]},"id":"+89028+7747","properties":{"cls":3,"count":2}},{"type":"Feature","geometry":{"geodesic":false,"type":"Polygon","coordinates":[[[79.97521311459276,6.961045136642173],[79.97611142987688,6.961045136642173],[79.97611142987688,6.961943451926292],[79.97521311459276,6.961943451926292],[79.97521311459276,6.961045136642173]]]},"id":"+89028+7749","properties":{"cls":3,"count":1}},{"type":"Feature","geometry":{"geodesic":false,"type":"Polygon","coordinates":[[[79.97611142987688,6.94757040738038],[79.977009745161,6.94757040738038],[79.977009745161,6.948468722664499],[79.97611142987688,6.948468722664499],[79.97611142987688,6.94757040738038]]]},"id":"+89029+7734","properties":{"cls":2,"count":1}},{"type":"Feature","geometry":{"geodesic":false,"type":"Polygon","coordinates":[[[79.97611142987688,6.953858614369216],[79.977009745161,6.953858614369216],[79.977009745161,6.954756929653335],[79.97611142987688,6.954756929653335],[79.97611142987688,6.953858614369216]]]},"id":"+89029+7741","properties":{"cls":1,"count":1}},{"type":"Feature","geometry":{"geodesic":false,"type":"Polygon","coordinates":[[[79.97611142987688,6.954756929653335],[79.977009745161,6.954756929653335],[79.977009745161,6.9565535602215745],[79.97611142987688,6.9565535602215745],[79.97611142987688,6.954756929653335]]]},"id":"+89029+7743","properties":{"cls":4,"count":2}},{"type":"Feature","geometry":{"geodesic":false,"type":"Polygon","coordinates":[[[79.97611142987688,6.9565535602215745],[79.977009745161,6.9565535602215745],[79.977009745161,6.957451875505694],[79.97611142987688,6.957451875505694],[79.97611142987688,6.9565535602215745]]]},"id":"+89029+7744","properties":{"cls":2,"count":1}},{"type":"Feature","geometry":{"geodesic":false,"type":"Polygon","coordinates":[[[79.97611142987688,6.9583501907898135],[79.977009745161,6.9583501907898135],[79.977009745161,6.960146821358053],[79.97611142987688,6.960146821358053],[79.97611142987688,6.9583501907898135]]]},"id":"+89029+7747","properties":{"cls":6,"count":2}},{"type":"Feature","geometry":{"geodesic":false,"type":"Polygon","coordinates":[[[79.977009745161,6.94667209209626],[79.97790806044512,6.94667209209626],[79.97790806044512,6.94757040738038],[79.977009745161,6.94757040738038],[79.977009745161,6.94667209209626]]]},"id":"+89030+7733","properties":{"cls":2,"count":1}},{"type":"Feature","geometry":{"geodesic":false,"type":"Polygon","coordinates":[[[79.977009745161,6.952960299085096],[79.97790806044512,6.952960299085096],[79.97790806044512,6.953858614369216],[79.977009745161,6.953858614369216],[79.977009745161,6.952960299085096]]]},"id":"+89030+7740","properties":{"cls":4,"count":1}},{"type":"Feature","geometry":{"geodesic":false,"type":"Polygon","coordinates":[[[79.977009745161,6.955655244937455],[79.97790806044512,6.955655244937455],[79.97790806044512,6.9565535602215745],[79.977009745161,6.9565535602215745],[79.977009745161,6.955655244937455]]]},"id":"+89030+7743","properties":{"cls":7,"count":1}},{"type":"Feature","geometry":{"geodesic":false,"type":"Polygon","coordinates":[[[79.977009745161,6.9565535602215745],[79.97790806044512,6.9565535602215745],[79.97790806044512,6.9583501907898135],[79.977009745161,6.9583501907898135],[79.977009745161,6.9565535602215745]]]},"id":"+89030+7745","properties":{"cls":3,"count":2}},{"type":"Feature","geometry":{"geodesic":false,"type":"Polygon","coordinates":[[[79.97790806044512,6.94757040738038],[79.97880637572923,6.94757040738038],[79.97880637572923,6.949367037948619],[79.97790806044512,6.949367037948619],[79.97790806044512,6.94757040738038]]]},"id":"+89031+7735","properties":{"cls":4,"count":2}},{"type":"Feature","geometry":{"geodesic":false,"type":"Polygon","coordinates":[[[79.97790806044512,6.950265353232738],[79.97880637572923,6.950265353232738],[79.97880637572923,6.951163668516858],[79.97790806044512,6.951163668516858],[79.97790806044512,6.950265353232738]]]},"id":"+89031+7737","properties":{"cls":3,"count":1}},{"type":"Feature","geometry":{"geodesic":false,"type":"Polygon","coordinates":[[[79.97790806044512,6.951163668516858],[79.97880637572923,6.951163668516858],[79.97880637572923,6.952061983800977],[79.97790806044512,6.952061983800977],[79.97790806044512,6.951163668516858]]]},"id":"+89031+7738","properties":{"cls":8,"count":1}},{"type":"Feature","geometry":{"geodesic":false,"type":"Polygon","coordinates":[[[79.977009745161,6.952061983800977],[79.97880637572923,6.952061983800977],[79.97880637572923,6.952960299085096],[79.977009745161,6.952960299085096],[79.977009745161,6.952061983800977]]]},"id":"+89031+7739","properties":{"cls":6,"count":2}},{"type":"Feature","geometry":{"geodesic":false,"type":"Polygon","coordinates":[[[79.97790806044512,6.952960299085096],[79.97880637572923,6.952960299085096],[79.97880637572923,6.953858614369216],[79.97790806044512,6.953858614369216],[79.97790806044512,6.952960299085096]]]},"id":"+89031+7740","properties":{"cls":8,"count":1}},{"type":"Feature","geometry":{"geodesic":false,"type":"Polygon","coordinates":[[[79.97790806044512,6.953858614369216],[79.97880637572923,6.953858614369216],[79.97880637572923,6.954756929653335],[79.97790806044512,6.954756929653335],[79.97790806044512,6.953858614369216]]]},"id":"+89031+7741","properties":{"cls":7,"count":1}},{"type":"Feature","geometry":{"geodesic":false,"type":"Polygon","coordinates":[[[79.977009745161,6.955655244937455],[79.977009745161,6.953858614369216],[79.97790806044512,6.953858614369216],[79.97880637572923,6.955655244937455],[79.977009745161,6.955655244937455]]]},"id":"+89031+7742","properties":{"cls":6,"count":3}},{"type":"Feature","geometry":{"geodesic":false,"type":"Polygon","coordinates":[[[79.97790806044512,6.955655244937455],[79.97880637572923,6.955655244937455],[79.97880637572923,6.9565535602215745],[79.97790806044512,6.9565535602215745],[79.97790806044512,6.955655244937455]]]},"id":"+89031+7743","properties":{"cls":5,"count":1}},{"type":"Feature","geometry":{"geodesic":false,"type":"Polygon","coordinates":[[[79.97790806044512,6.9565535602215745],[79.97880637572923,6.9565535602215745],[79.97880637572923,6.957451875505694],[79.97790806044512,6.957451875505694],[79.97790806044512,6.9565535602215745]]]},"id":"+89031+7744","properties":{"cls":6,"count":1}},{"type":"Feature","geometry":{"geodesic":false,"type":"Polygon","coordinates":[[[79.97880637572923,6.950265353232738],[79.97970469101337,6.950265353232738],[79.97970469101337,6.951163668516858],[79.97880637572923,6.951163668516858],[79.97880637572923,6.950265353232738]]]},"id":"+89032+7737","properties":{"cls":9,"count":1}},{"type":"Feature","geometry":{"geodesic":false,"type":"Polygon","coordinates":[[[79.97880637572923,6.952061983800977],[79.97970469101337,6.952061983800977],[79.97970469101337,6.952960299085096],[79.97880637572923,6.952960299085096],[79.97880637572923,6.952061983800977]]]},"id":"+89032+7739","properties":{"cls":3,"count":1}},{"type":"Feature","geometry":{"geodesic":false,"type":"Polygon","coordinates":[[[79.97880637572923,6.955655244937455],[79.97970469101337,6.955655244937455],[79.97970469101337,6.9565535602215745],[79.97880637572923,6.9565535602215745],[79.97880637572923,6.955655244937455]]]},"id":"+89032+7743","properties":{"cls":4,"count":1}},{"type":"Feature","geometry":{"geodesic":false,"type":"Polygon","coordinates":[[[79.97880637572923,6.9565535602215745],[79.97970469101337,6.9565535602215745],[79.97970469101337,6.957451875505694],[79.97880637572923,6.957451875505694],[79.97880637572923,6.9565535602215745]]]},"id":"+89032+7744","properties":{"cls":3,"count":1}},{"type":"Feature","geometry":{"geodesic":false,"type":"Polygon","coordinates":[[[79.97970469101337,6.949367037948619],[79.98060300629749,6.949367037948619],[79.98060300629749,6.950265353232738],[79.97970469101337,6.950265353232738],[79.97970469101337,6.949367037948619]]]},"id":"+89033+7736","properties":{"cls":5,"count":1}},{"type":"Feature","geometry":{"geodesic":false,"type":"Polygon","coordinates":[[[79.97970469101337,6.950265353232738],[79.98060300629749,6.950265353232738],[79.98060300629749,6.951163668516858],[79.97970469101337,6.951163668516858],[79.97970469101337,6.950265353232738]]]},"id":"+89033+7737","properties":{"cls":6,"count":1}},{"type":"Feature","geometry":{"geodesic":false,"type":"Polygon","coordinates":[[[79.97970469101337,6.952960299085096],[79.97880637572923,6.951163668516858],[79.98060300629749,6.951163668516858],[79.98060300629749,6.952960299085096],[79.97970469101337,6.952960299085096]]]},"id":"+89033+7739","properties":{"cls":4,"count":3}},{"type":"Feature","geometry":{"geodesic":false,"type":"Polygon","coordinates":[[[79.98060300629749,6.948468722664499],[79.9815013215816,6.948468722664499],[79.9815013215816,6.949367037948619],[79.98060300629749,6.949367037948619],[79.98060300629749,6.948468722664499]]]},"id":"+89034+7735","properties":{"cls":7,"count":1}},{"type":"Feature","geometry":{"geodesic":false,"type":"Polygon","coordinates":[[[79.9815013215816,6.904451273742643],[79.98239963686572,6.904451273742643],[79.98239963686572,6.905349589026762],[79.9815013215816,6.905349589026762],[79.9815013215816,6.904451273742643]]]},"id":"+89035+7686","properties":{"cls":4,"count":1}},{"type":"Feature","geometry":{"geodesic":false,"type":"Polygon","coordinates":[[[79.9815013215816,6.916129372436196],[79.9815013215816,6.913434426583838],[79.98329795214984,6.912536111299718],[79.98329795214984,6.914332741867957],[79.98239963686572,6.914332741867957],[79.98239963686572,6.916129372436196],[79.9815013215816,6.916129372436196]]]},"id":"+89035+7698","properties":{"cls":3,"count":5}},{"type":"Feature","geometry":{"geodesic":false,"type":"Polygon","coordinates":[[[79.9815013215816,6.949367037948619],[79.98239963686572,6.949367037948619],[79.98239963686572,6.950265353232738],[79.9815013215816,6.950265353232738],[79.9815013215816,6.949367037948619]]]},"id":"+89035+7736","properties":{"cls":1,"count":1}},{"type":"Feature","geometry":{"geodesic":false,"type":"Polygon","coordinates":[[[79.98239963686572,6.9188243182885545],[79.98329795214984,6.9188243182885545],[79.98329795214984,6.9197226335726745],[79.98239963686572,6.9197226335726745],[79.98239963686572,6.9188243182885545]]]},"id":"+89036+7702","properties":{"cls":5,"count":1}},{"type":"Feature","geometry":{"geodesic":false,"type":"Polygon","coordinates":[[[79.98239963686572,6.9197226335726745],[79.98329795214984,6.9197226335726745],[79.98329795214984,6.920620948856794],[79.98239963686572,6.920620948856794],[79.98239963686572,6.9197226335726745]]]},"id":"+89036+7703","properties":{"cls":4,"count":1}},{"type":"Feature","geometry":{"geodesic":false,"type":"Polygon","coordinates":[[[79.98329795214984,6.912536111299718],[79.98419626743396,6.912536111299718],[79.98419626743396,6.913434426583838],[79.98329795214984,6.913434426583838],[79.98329795214984,6.912536111299718]]]},"id":"+89037+7695","properties":{"cls":6,"count":1}},{"type":"Feature","geometry":{"geodesic":false,"type":"Polygon","coordinates":[[[79.98329795214984,6.913434426583838],[79.98419626743396,6.913434426583838],[79.98419626743396,6.914332741867957],[79.98329795214984,6.914332741867957],[79.98329795214984,6.913434426583838]]]},"id":"+89037+7696","properties":{"cls":7,"count":1}},{"type":"Feature","geometry":{"geodesic":false,"type":"Polygon","coordinates":[[[79.98329795214984,6.914332741867957],[79.98419626743396,6.914332741867957],[79.98419626743396,6.915231057152077],[79.98329795214984,6.915231057152077],[79.98329795214984,6.914332741867957]]]},"id":"+89037+7697","properties":{"cls":5,"count":1}},{"type":"Feature","geometry":{"geodesic":false,"type":"Polygon","coordinates":[[[79.98239963686572,6.916129372436196],[79.98239963686572,6.914332741867957],[79.98329795214984,6.914332741867957],[79.98419626743396,6.916129372436196],[79.98239963686572,6.916129372436196]]]},"id":"+89037+7698","properties":{"cls":4,"count":3}},{"type":"Feature","geometry":{"geodesic":false,"type":"Polygon","coordinates":[[[79.98329795214984,6.916129372436196],[79.98419626743396,6.916129372436196],[79.98419626743396,6.917027687720315],[79.98329795214984,6.917027687720315],[79.98329795214984,6.916129372436196]]]},"id":"+89037+7699","properties":{"cls":6,"count":1}},{"type":"Feature","geometry":{"geodesic":false,"type":"Polygon","coordinates":[[[79.98329795214984,6.9565535602215745],[79.98419626743396,6.9565535602215745],[79.98419626743396,6.957451875505694],[79.98329795214984,6.957451875505694],[79.98329795214984,6.9565535602215745]]]},"id":"+89037+7744","properties":{"cls":3,"count":1}},{"type":"Feature","geometry":{"geodesic":false,"type":"Polygon","coordinates":[[[79.98419626743396,6.917027687720315],[79.98509458271808,6.917027687720315],[79.98509458271808,6.917926003004435],[79.98419626743396,6.917926003004435],[79.98419626743396,6.917027687720315]]]},"id":"+89038+7700","properties":{"cls":5,"count":1}},{"type":"Feature","geometry":{"geodesic":false,"type":"Polygon","coordinates":[[[79.98419626743396,6.935892308686825],[79.98509458271808,6.935892308686825],[79.98509458271808,6.936790623970945],[79.98419626743396,6.936790623970945],[79.98419626743396,6.935892308686825]]]},"id":"+89038+7721","properties":{"cls":7,"count":1}},{"type":"Feature","geometry":{"geodesic":false,"type":"Polygon","coordinates":[[[79.98419626743396,6.955655244937455],[79.98509458271808,6.955655244937455],[79.98509458271808,6.9565535602215745],[79.98419626743396,6.9565535602215745],[79.98419626743396,6.955655244937455]]]},"id":"+89038+7743","properties":{"cls":4,"count":1}},{"type":"Feature","geometry":{"geodesic":false,"type":"Polygon","coordinates":[[[79.98419626743396,6.9565535602215745],[79.98509458271808,6.9565535602215745],[79.98509458271808,6.957451875505694],[79.98419626743396,6.957451875505694],[79.98419626743396,6.9565535602215745]]]},"id":"+89038+7744","properties":{"cls":5,"count":1}},{"type":"Feature","geometry":{"geodesic":false,"type":"Polygon","coordinates":[[[79.98509458271808,6.914332741867957],[79.9859928980022,6.914332741867957],[79.9859928980022,6.915231057152077],[79.98509458271808,6.915231057152077],[79.98509458271808,6.914332741867957]]]},"id":"+89039+7697","properties":{"cls":5,"count":1}},{"type":"Feature","geometry":{"geodesic":false,"type":"Polygon","coordinates":[[[79.98509458271808,6.917027687720315],[79.9859928980022,6.917027687720315],[79.9859928980022,6.917926003004435],[79.98509458271808,6.917926003004435],[79.98509458271808,6.917027687720315]]]},"id":"+89039+7700","properties":{"cls":6,"count":1}},{"type":"Feature","geometry":{"geodesic":false,"type":"Polygon","coordinates":[[[79.98509458271808,6.923315894709153],[79.9859928980022,6.923315894709153],[79.9859928980022,6.924214209993272],[79.98509458271808,6.924214209993272],[79.98509458271808,6.923315894709153]]]},"id":"+89039+7707","properties":{"cls":3,"count":1}},{"type":"Feature","geometry":{"geodesic":false,"type":"Polygon","coordinates":[[[79.98509458271808,6.925112525277392],[79.9859928980022,6.925112525277392],[79.9859928980022,6.926010840561511],[79.98509458271808,6.926010840561511],[79.98509458271808,6.925112525277392]]]},"id":"+89039+7709","properties":{"cls":5,"count":1}},{"type":"Feature","geometry":{"geodesic":false,"type":"Polygon","coordinates":[[[79.98419626743396,6.926010840561511],[79.9859928980022,6.926010840561511],[79.9859928980022,6.926909155845631],[79.98419626743396,6.926909155845631],[79.98419626743396,6.926010840561511]]]},"id":"+89039+7710","properties":{"cls":1,"count":2}},{"type":"Feature","geometry":{"geodesic":false,"type":"Polygon","coordinates":[[[79.98509458271808,6.926909155845631],[79.9859928980022,6.926909155845631],[79.9859928980022,6.92870578641387],[79.98509458271808,6.92870578641387],[79.98509458271808,6.926909155845631]]]},"id":"+89039+7712","properties":{"cls":2,"count":2}},{"type":"Feature","geometry":{"geodesic":false,"type":"Polygon","coordinates":[[[79.98509458271808,6.955655244937455],[79.9859928980022,6.955655244937455],[79.9859928980022,6.9565535602215745],[79.98509458271808,6.9565535602215745],[79.98509458271808,6.955655244937455]]]},"id":"+89039+7743","properties":{"cls":6,"count":1}},{"type":"Feature","geometry":{"geodesic":false,"type":"Polygon","coordinates":[[[79.9859928980022,6.913434426583838],[79.98689121328631,6.913434426583838],[79.98689121328631,6.914332741867957],[79.9859928980022,6.914332741867957],[79.9859928980022,6.913434426583838]]]},"id":"+89040+7696","properties":{"cls":4,"count":1}},{"type":"Feature","geometry":{"geodesic":false,"type":"Polygon","coordinates":[[[79.9859928980022,6.917027687720315],[79.98689121328631,6.917027687720315],[79.98689121328631,6.917926003004435],[79.9859928980022,6.917926003004435],[79.9859928980022,6.917027687720315]]]},"id":"+89040+7700","properties":{"cls":8,"count":1}},{"type":"Feature","geometry":{"geodesic":false,"type":"Polygon","coordinates":[[[79.9859928980022,6.917926003004435],[79.98689121328631,6.917926003004435],[79.98689121328631,6.9188243182885545],[79.9859928980022,6.9188243182885545],[79.9859928980022,6.917926003004435]]]},"id":"+89040+7701","properties":{"cls":6,"count":1}},{"type":"Feature","geometry":{"geodesic":false,"type":"Polygon","coordinates":[[[79.9859928980022,6.9188243182885545],[79.98689121328631,6.9188243182885545],[79.98689121328631,6.9197226335726745],[79.9859928980022,6.9197226335726745],[79.9859928980022,6.9188243182885545]]]},"id":"+89040+7702","properties":{"cls":7,"count":1}},{"type":"Feature","geometry":{"geodesic":false,"type":"Polygon","coordinates":[[[79.9859928980022,6.926010840561511],[79.98689121328631,6.926010840561511],[79.98689121328631,6.92780747112975],[79.9859928980022,6.92780747112975],[79.9859928980022,6.926010840561511]]]},"id":"+89040+7711","properties":{"cls":4,"count":2}},{"type":"Feature","geometry":{"geodesic":false,"type":"Polygon","coordinates":[[[79.9859928980022,6.92870578641387],[79.98689121328631,6.92870578641387],[79.98689121328631,6.929604101697989],[79.9859928980022,6.929604101697989],[79.9859928980022,6.92870578641387]]]},"id":"+89040+7713","properties":{"cls":3,"count":1}},{"type":"Feature","geometry":{"geodesic":false,"type":"Polygon","coordinates":[[[79.9859928980022,6.955655244937455],[79.98689121328631,6.955655244937455],[79.98689121328631,6.9565535602215745],[79.9859928980022,6.9565535602215745],[79.9859928980022,6.955655244937455]]]},"id":"+89040+7743","properties":{"cls":2,"count":1}},{"type":"Feature","geometry":{"geodesic":false,"type":"Polygon","coordinates":[[[79.98509458271808,6.9565535602215745],[79.98689121328631,6.9565535602215745],[79.98689121328631,6.957451875505694],[79.98509458271808,6.957451875505694],[79.98509458271808,6.9565535602215745]]]},"id":"+89040+7744","properties":{"cls":4,"count":2}},{"type":"Feature","geometry":{"geodesic":false,"type":"Polygon","coordinates":[[[79.98689121328631,6.913434426583838],[79.98778952857043,6.913434426583838],[79.98778952857043,6.914332741867957],[79.98689121328631,6.914332741867957],[79.98689121328631,6.913434426583838]]]},"id":"+89041+7696","properties":{"cls":2,"count":1}},{"type":"Feature","geometry":{"geodesic":false,"type":"Polygon","coordinates":[[[79.98689121328631,6.917027687720315],[79.98778952857043,6.917027687720315],[79.98778952857043,6.917926003004435],[79.98689121328631,6.917926003004435],[79.98689121328631,6.917027687720315]]]},"id":"+89041+7700","properties":{"cls":7,"count":1}},{"type":"Feature","geometry":{"geodesic":false,"type":"Polygon","coordinates":[[[79.98689121328631,6.917926003004435],[79.98778952857043,6.917926003004435],[79.98778952857043,6.9188243182885545],[79.98689121328631,6.9188243182885545],[79.98689121328631,6.917926003004435]]]},"id":"+89041+7701","properties":{"cls":4,"count":1}},{"type":"Feature","geometry":{"geodesic":false,"type":"Polygon","coordinates":[[[79.98689121328631,6.9188243182885545],[79.98778952857043,6.9188243182885545],[79.98778952857043,6.9197226335726745],[79.98689121328631,6.9197226335726745],[79.98689121328631,6.9188243182885545]]]},"id":"+89041+7702","properties":{"cls":3,"count":1}},{"type":"Feature","geometry":{"geodesic":false,"type":"Polygon","coordinates":[[[79.98689121328631,6.92780747112975],[79.98778952857043,6.92780747112975],[79.98778952857043,6.92870578641387],[79.98689121328631,6.92870578641387],[79.98689121328631,6.92780747112975]]]},"id":"+89041+7712","properties":{"cls":2,"count":1}},{"type":"Feature","geometry":{"geodesic":false,"type":"Polygon","coordinates":[[[79.98689121328631,6.9565535602215745],[79.98778952857043,6.9565535602215745],[79.98778952857043,6.957451875505694],[79.98689121328631,6.957451875505694],[79.98689121328631,6.9565535602215745]]]},"id":"+89041+7744","properties":{"cls":6,"count":1}},{"type":"Feature","geometry":{"geodesic":false,"type":"Polygon","coordinates":[[[79.98778952857043,6.90984116544736],[79.98868784385455,6.90984116544736],[79.98868784385455,6.910739480731479],[79.98778952857043,6.910739480731479],[79.98778952857043,6.90984116544736]]]},"id":"+89042+7692","properties":{"cls":1,"count":1}},{"type":"Feature","geometry":{"geodesic":false,"type":"Polygon","coordinates":[[[79.98689121328631,6.912536111299718],[79.98868784385455,6.912536111299718],[79.98868784385455,6.913434426583838],[79.98689121328631,6.913434426583838],[79.98689121328631,6.912536111299718]]]},"id":"+89042+7695","properties":{"cls":3,"count":2}},{"type":"Feature","geometry":{"geodesic":false,"type":"Polygon","coordinates":[[[79.98778952857043,6.917027687720315],[79.98868784385455,6.917027687720315],[79.98868784385455,6.917926003004435],[79.98778952857043,6.917926003004435],[79.98778952857043,6.917027687720315]]]},"id":"+89042+7700","properties":{"cls":6,"count":1}},{"type":"Feature","geometry":{"geodesic":false,"type":"Polygon","coordinates":[[[79.98778952857043,6.917926003004435],[79.98868784385455,6.917926003004435],[79.98868784385455,6.9188243182885545],[79.98778952857043,6.9188243182885545],[79.98778952857043,6.917926003004435]]]},"id":"+89042+7701","properties":{"cls":8,"count":1}},{"type":"Feature","geometry":{"geodesic":false,"type":"Polygon","coordinates":[[[79.98778952857043,6.926909155845631],[79.98868784385455,6.926909155845631],[79.98868784385455,6.92780747112975],[79.98778952857043,6.92780747112975],[79.98778952857043,6.926909155845631]]]},"id":"+89042+7711","properties":{"cls":6,"count":1}},{"type":"Feature","geometry":{"geodesic":false,"type":"Polygon","coordinates":[[[79.98778952857043,6.936790623970945],[79.98868784385455,6.936790623970945],[79.98868784385455,6.9376889392550645],[79.98778952857043,6.9376889392550645],[79.98778952857043,6.936790623970945]]]},"id":"+89042+7722","properties":{"cls":7,"count":1}},{"type":"Feature","geometry":{"geodesic":false,"type":"Polygon","coordinates":[[[79.98689121328631,6.9565535602215745],[79.98778952857043,6.954756929653335],[79.98958615913868,6.954756929653335],[79.98868784385455,6.9565535602215745],[79.98689121328631,6.9565535602215745]]]},"id":"+89042+7743","properties":{"cls":3,"count":4}},{"type":"Feature","geometry":{"geodesic":false,"type":"Polygon","coordinates":[[[79.98868784385455,6.90894285016324],[79.98958615913868,6.90894285016324],[79.98958615913868,6.90984116544736],[79.98868784385455,6.90984116544736],[79.98868784385455,6.90894285016324]]]},"id":"+89043+7691","properties":{"cls":1,"count":1}},{"type":"Feature","geometry":{"geodesic":false,"type":"Polygon","coordinates":[[[79.98868784385455,6.914332741867957],[79.98958615913868,6.914332741867957],[79.98958615913868,6.915231057152077],[79.98868784385455,6.915231057152077],[79.98868784385455,6.914332741867957]]]},"id":"+89043+7697","properties":{"cls":3,"count":1}},{"type":"Feature","geometry":{"geodesic":false,"type":"Polygon","coordinates":[[[79.98778952857043,6.9188243182885545],[79.98958615913868,6.9188243182885545],[79.98958615913868,6.9197226335726745],[79.98778952857043,6.9197226335726745],[79.98778952857043,6.9188243182885545]]]},"id":"+89043+7702","properties":{"cls":6,"count":2}},{"type":"Feature","geometry":{"geodesic":false,"type":"Polygon","coordinates":[[[79.98868784385455,6.920620948856794],[79.98958615913868,6.920620948856794],[79.98958615913868,6.921519264140914],[79.98868784385455,6.921519264140914],[79.98868784385455,6.920620948856794]]]},"id":"+89043+7704","properties":{"cls":4,"count":1}},{"type":"Feature","geometry":{"geodesic":false,"type":"Polygon","coordinates":[[[79.98868784385455,6.921519264140914],[79.98958615913868,6.921519264140914],[79.98958615913868,6.922417579425033],[79.98868784385455,6.922417579425033],[79.98868784385455,6.921519264140914]]]},"id":"+89043+7705","properties":{"cls":5,"count":1}},{"type":"Feature","geometry":{"geodesic":false,"type":"Polygon","coordinates":[[[79.98868784385455,6.922417579425033],[79.98958615913868,6.922417579425033],[79.98958615913868,6.923315894709153],[79.98868784385455,6.923315894709153],[79.98868784385455,6.922417579425033]]]},"id":"+89043+7706","properties":{"cls":4,"count":1}},{"type":"Feature","geometry":{"geodesic":false,"type":"Polygon","coordinates":[[[79.98868784385455,6.929604101697989],[79.98958615913868,6.929604101697989],[79.98958615913868,6.930502416982109],[79.98868784385455,6.930502416982109],[79.98868784385455,6.929604101697989]]]},"id":"+89043+7714","properties":{"cls":2,"count":1}},{"type":"Feature","geometry":{"geodesic":false,"type":"Polygon","coordinates":[[[79.98958615913868,6.9197226335726745],[79.9904844744228,6.9197226335726745],[79.9904844744228,6.920620948856794],[79.98958615913868,6.920620948856794],[79.98958615913868,6.9197226335726745]]]},"id":"+89044+7703","properties":{"cls":3,"count":1}},{"type":"Feature","geometry":{"geodesic":false,"type":"Polygon","coordinates":[[[79.98958615913868,6.922417579425033],[79.9904844744228,6.922417579425033],[79.9904844744228,6.923315894709153],[79.98958615913868,6.923315894709153],[79.98958615913868,6.922417579425033]]]},"id":"+89044+7706","properties":{"cls":3,"count":1}},{"type":"Feature","geometry":{"geodesic":false,"type":"Polygon","coordinates":[[[79.98958615913868,6.92780747112975],[79.9904844744228,6.92780747112975],[79.9904844744228,6.92870578641387],[79.98958615913868,6.92870578641387],[79.98958615913868,6.92780747112975]]]},"id":"+89044+7712","properties":{"cls":1,"count":1}},{"type":"Feature","geometry":{"geodesic":false,"type":"Polygon","coordinates":[[[79.9904844744228,6.923315894709153],[79.99138278970692,6.923315894709153],[79.99138278970692,6.924214209993272],[79.9904844744228,6.924214209993272],[79.9904844744228,6.923315894709153]]]},"id":"+89045+7707","properties":{"cls":3,"count":1}},{"type":"Feature","geometry":{"geodesic":false,"type":"Polygon","coordinates":[[[79.9904844744228,6.92780747112975],[79.99138278970692,6.92780747112975],[79.99138278970692,6.92870578641387],[79.9904844744228,6.92870578641387],[79.9904844744228,6.92780747112975]]]},"id":"+89045+7712","properties":{"cls":4,"count":1}},{"type":"Feature","geometry":{"geodesic":false,"type":"Polygon","coordinates":[[[79.9904844744228,6.929604101697989],[79.99138278970692,6.929604101697989],[79.99138278970692,6.930502416982109],[79.9904844744228,6.930502416982109],[79.9904844744228,6.929604101697989]]]},"id":"+89045+7714","properties":{"cls":3,"count":1}},{"type":"Feature","geometry":{"geodesic":false,"type":"Polygon","coordinates":[[[79.99138278970692,6.913434426583838],[79.99228110499104,6.913434426583838],[79.99228110499104,6.914332741867957],[79.99138278970692,6.914332741867957],[79.99138278970692,6.913434426583838]]]},"id":"+89046+7696","properties":{"cls":2,"count":1}},{"type":"Feature","geometry":{"geodesic":false,"type":"Polygon","coordinates":[[[79.99138278970692,6.921519264140914],[79.99228110499104,6.921519264140914],[79.99228110499104,6.924214209993272],[79.99138278970692,6.924214209993272],[79.99138278970692,6.921519264140914]]]},"id":"+89046+7707","properties":{"cls":7,"count":3}},{"type":"Feature","geometry":{"geodesic":false,"type":"Polygon","coordinates":[[[79.99138278970692,6.926010840561511],[79.99228110499104,6.926010840561511],[79.99228110499104,6.926909155845631],[79.99138278970692,6.926909155845631],[79.99138278970692,6.926010840561511]]]},"id":"+89046+7710","properties":{"cls":2,"count":1}},{"type":"Feature","geometry":{"geodesic":false,"type":"Polygon","coordinates":[[[79.99138278970692,6.92870578641387],[79.99228110499104,6.92870578641387],[79.99228110499104,6.929604101697989],[79.99138278970692,6.929604101697989],[79.99138278970692,6.92870578641387]]]},"id":"+89046+7713","properties":{"cls":4,"count":1}},{"type":"Feature","geometry":{"geodesic":false,"type":"Polygon","coordinates":[[[79.99138278970692,6.943078830959782],[79.99228110499104,6.943078830959782],[79.99228110499104,6.943977146243902],[79.99138278970692,6.943977146243902],[79.99138278970692,6.943078830959782]]]},"id":"+89046+7729","properties":{"cls":5,"count":1}},{"type":"Feature","geometry":{"geodesic":false,"type":"Polygon","coordinates":[[[79.99228110499104,6.914332741867957],[79.99317942027515,6.914332741867957],[79.99317942027515,6.915231057152077],[79.99228110499104,6.915231057152077],[79.99228110499104,6.914332741867957]]]},"id":"+89047+7697","properties":{"cls":2,"count":1}},{"type":"Feature","geometry":{"geodesic":false,"type":"Polygon","coordinates":[[[79.99138278970692,6.92780747112975],[79.99317942027515,6.92780747112975],[79.99317942027515,6.92870578641387],[79.99138278970692,6.92870578641387],[79.99138278970692,6.92780747112975]]]},"id":"+89047+7712","properties":{"cls":2,"count":2}},{"type":"Feature","geometry":{"geodesic":false,"type":"Polygon","coordinates":[[[79.99228110499104,6.936790623970945],[79.99317942027515,6.936790623970945],[79.99317942027515,6.9376889392550645],[79.99228110499104,6.9376889392550645],[79.99228110499104,6.936790623970945]]]},"id":"+89047+7722","properties":{"cls":4,"count":1}},{"type":"Feature","geometry":{"geodesic":false,"type":"Polygon","coordinates":[[[79.99228110499104,6.9376889392550645],[79.99317942027515,6.9376889392550645],[79.99317942027515,6.9385872545391845],[79.99228110499104,6.9385872545391845],[79.99228110499104,6.9376889392550645]]]},"id":"+89047+7723","properties":{"cls":2,"count":1}},{"type":"Feature","geometry":{"geodesic":false,"type":"Polygon","coordinates":[[[79.99228110499104,6.9385872545391845],[79.99317942027515,6.9385872545391845],[79.99317942027515,6.939485569823304],[79.99228110499104,6.939485569823304],[79.99228110499104,6.9385872545391845]]]},"id":"+89047+7724","properties":{"cls":6,"count":1}},{"type":"Feature","geometry":{"geodesic":false,"type":"Polygon","coordinates":[[[79.99228110499104,6.9583501907898135],[79.99317942027515,6.9583501907898135],[79.99317942027515,6.9592485060739335],[79.99228110499104,6.9592485060739335],[79.99228110499104,6.9583501907898135]]]},"id":"+89047+7746","properties":{"cls":2,"count":1}},{"type":"Feature","geometry":{"geodesic":false,"type":"Polygon","coordinates":[[[79.99228110499104,6.962841767210412],[79.99317942027515,6.962841767210412],[79.99317942027515,6.963740082494531],[79.99228110499104,6.963740082494531],[79.99228110499104,6.962841767210412]]]},"id":"+89047+7751","properties":{"cls":2,"count":1}},{"type":"Feature","geometry":{"geodesic":false,"type":"Polygon","coordinates":[[[79.99317942027515,6.931400732266228],[79.99407773555927,6.931400732266228],[79.99407773555927,6.932299047550348],[79.99317942027515,6.932299047550348],[79.99317942027515,6.931400732266228]]]},"id":"+89048+7716","properties":{"cls":4,"count":1}},{"type":"Feature","geometry":{"geodesic":false,"type":"Polygon","coordinates":[[[79.99317942027515,6.9376889392550645],[79.99407773555927,6.9376889392550645],[79.99407773555927,6.9385872545391845],[79.99317942027515,6.9385872545391845],[79.99317942027515,6.9376889392550645]]]},"id":"+89048+7723","properties":{"cls":4,"count":1}},{"type":"Feature","geometry":{"geodesic":false,"type":"Polygon","coordinates":[[[79.99317942027515,6.943977146243902],[79.99407773555927,6.943977146243902],[79.99407773555927,6.944875461528021],[79.99317942027515,6.944875461528021],[79.99317942027515,6.943977146243902]]]},"id":"+89048+7730","properties":{"cls":3,"count":1}},{"type":"Feature","geometry":{"geodesic":false,"type":"Polygon","coordinates":[[[79.99407773555927,6.880196761071415],[79.99497605084339,6.880196761071415],[79.99497605084339,6.881095076355535],[79.99407773555927,6.881095076355535],[79.99407773555927,6.880196761071415]]]},"id":"+89049+7659","properties":{"cls":1,"count":1}},{"type":"Feature","geometry":{"geodesic":false,"type":"Polygon","coordinates":[[[79.99407773555927,6.8819933916396545],[79.99497605084339,6.8819933916396545],[79.99497605084339,6.882891706923774],[79.99407773555927,6.882891706923774],[79.99407773555927,6.8819933916396545]]]},"id":"+89049+7661","properties":{"cls":5,"count":1}},{"type":"Feature","geometry":{"geodesic":false,"type":"Polygon","coordinates":[[[79.99497605084339,6.930502416982109],[79.99587436612751,6.930502416982109],[79.99587436612751,6.931400732266228],[79.99497605084339,6.931400732266228],[79.99497605084339,6.930502416982109]]]},"id":"+89050+7715","properties":{"cls":2,"count":1}},{"type":"Feature","geometry":{"geodesic":false,"type":"Polygon","coordinates":[[[79.99587436612751,6.880196761071415],[79.99677268141163,6.880196761071415],[79.99677268141163,6.881095076355535],[79.99587436612751,6.881095076355535],[79.99587436612751,6.880196761071415]]]},"id":"+89051+7659","properties":{"cls":1,"count":1}},{"type":"Feature","geometry":{"geodesic":false,"type":"Polygon","coordinates":[[[79.99587436612751,6.924214209993272],[79.99677268141163,6.924214209993272],[79.99677268141163,6.925112525277392],[79.99587436612751,6.925112525277392],[79.99587436612751,6.924214209993272]]]},"id":"+89051+7708","properties":{"cls":5,"count":1}},{"type":"Feature","geometry":{"geodesic":false,"type":"Polygon","coordinates":[[[79.99587436612751,6.925112525277392],[79.99677268141163,6.925112525277392],[79.99677268141163,6.926010840561511],[79.99587436612751,6.926010840561511],[79.99587436612751,6.925112525277392]]]},"id":"+89051+7709","properties":{"cls":4,"count":1}},{"type":"Feature","geometry":{"geodesic":false,"type":"Polygon","coordinates":[[[79.99587436612751,6.930502416982109],[79.99677268141163,6.930502416982109],[79.99677268141163,6.931400732266228],[79.99587436612751,6.931400732266228],[79.99587436612751,6.930502416982109]]]},"id":"+89051+7715","properties":{"cls":6,"count":1}},{"type":"Feature","geometry":{"geodesic":false,"type":"Polygon","coordinates":[[[79.99497605084339,6.931400732266228],[79.99677268141163,6.931400732266228],[79.99677268141163,6.932299047550348],[79.99497605084339,6.932299047550348],[79.99497605084339,6.931400732266228]]]},"id":"+89051+7716","properties":{"cls":3,"count":2}},{"type":"Feature","geometry":{"geodesic":false,"type":"Polygon","coordinates":[[[79.99677268141163,6.92870578641387],[79.99767099669575,6.92870578641387],[79.99767099669575,6.929604101697989],[79.99677268141163,6.929604101697989],[79.99677268141163,6.92870578641387]]]},"id":"+89052+7713","properties":{"cls":1,"count":1}},{"type":"Feature","geometry":{"geodesic":false,"type":"Polygon","coordinates":[[[79.99677268141163,6.942180515675663],[79.99767099669575,6.942180515675663],[79.99767099669575,6.943078830959782],[79.99677268141163,6.943078830959782],[79.99677268141163,6.942180515675663]]]},"id":"+89052+7728","properties":{"cls":6,"count":1}},{"type":"Feature","geometry":{"geodesic":false,"type":"Polygon","coordinates":[[[79.99767099669575,6.92870578641387],[79.99856931197986,6.92870578641387],[79.99856931197986,6.929604101697989],[79.99767099669575,6.929604101697989],[79.99767099669575,6.92870578641387]]]},"id":"+89053+7713","properties":{"cls":5,"count":1}},{"type":"Feature","geometry":{"geodesic":false,"type":"Polygon","coordinates":[[[80.00036594254811,6.94757040738038],[80.00126425783223,6.94757040738038],[80.00126425783223,6.948468722664499],[80.00036594254811,6.948468722664499],[80.00036594254811,6.94757040738038]]]},"id":"+89056+7734","properties":{"cls":4,"count":1}},{"type":"Feature","geometry":{"geodesic":false,"type":"Polygon","coordinates":[[[80.00126425783223,6.94757040738038],[80.00216257311635,6.94757040738038],[80.00216257311635,6.948468722664499],[80.00126425783223,6.948468722664499],[80.00126425783223,6.94757040738038]]]},"id":"+89057+7734","properties":{"cls":1,"count":1}},{"type":"Feature","geometry":{"geodesic":false,"type":"Polygon","coordinates":[[[80.00306088840047,6.925112525277392],[80.00395920368459,6.925112525277392],[80.00395920368459,6.926010840561511],[80.00306088840047,6.926010840561511],[80.00306088840047,6.925112525277392]]]},"id":"+89059+7709","properties":{"cls":7,"count":1}},{"type":"Feature","geometry":{"geodesic":false,"type":"Polygon","coordinates":[[[80.00306088840047,6.945773776812141],[80.00395920368459,6.945773776812141],[80.00395920368459,6.94667209209626],[80.00306088840047,6.94667209209626],[80.00306088840047,6.945773776812141]]]},"id":"+89059+7732","properties":{"cls":3,"count":1}},{"type":"Feature","geometry":{"geodesic":false,"type":"Polygon","coordinates":[[[80.00575583425282,6.9197226335726745],[80.00665414953694,6.9197226335726745],[80.00665414953694,6.920620948856794],[80.00575583425282,6.920620948856794],[80.00575583425282,6.9197226335726745]]]},"id":"+89062+7703","properties":{"cls":1,"count":1}},{"type":"Feature","geometry":{"geodesic":false,"type":"Polygon","coordinates":[[[80.00575583425282,6.924214209993272],[80.00665414953694,6.924214209993272],[80.00665414953694,6.925112525277392],[80.00575583425282,6.925112525277392],[80.00575583425282,6.924214209993272]]]},"id":"+89062+7708","properties":{"cls":2,"count":1}},{"type":"Feature","geometry":{"geodesic":false,"type":"Polygon","coordinates":[[[80.00665414953694,6.9197226335726745],[80.00755246482106,6.9197226335726745],[80.00755246482106,6.920620948856794],[80.00665414953694,6.920620948856794],[80.00665414953694,6.9197226335726745]]]},"id":"+89063+7703","properties":{"cls":2,"count":1}},{"type":"Feature","geometry":{"geodesic":false,"type":"Polygon","coordinates":[[[80.00665414953694,6.960146821358053],[80.00755246482106,6.960146821358053],[80.00755246482106,6.961045136642173],[80.00665414953694,6.961045136642173],[80.00665414953694,6.960146821358053]]]},"id":"+89063+7748","properties":{"cls":2,"count":1}},{"type":"Feature","geometry":{"geodesic":false,"type":"Polygon","coordinates":[[[80.00755246482106,6.879298445787296],[80.00755246482106,6.878400130503176],[80.00575583425282,6.878400130503176],[80.00575583425282,6.877501815219057],[80.00845078010519,6.877501815219057],[80.00845078010519,6.879298445787296],[80.00755246482106,6.879298445787296]]]},"id":"+89064+7657","properties":{"cls":1,"count":4}},{"type":"Feature","geometry":{"geodesic":false,"type":"Polygon","coordinates":[[[80.00755246482106,6.880196761071415],[80.00845078010519,6.880196761071415],[80.00845078010519,6.881095076355535],[80.00755246482106,6.881095076355535],[80.00755246482106,6.880196761071415]]]},"id":"+89064+7659","properties":{"cls":3,"count":1}},{"type":"Feature","geometry":{"geodesic":false,"type":"Polygon","coordinates":[[[80.00755246482106,6.881095076355535],[80.00845078010519,6.881095076355535],[80.00845078010519,6.8819933916396545],[80.00755246482106,6.8819933916396545],[80.00755246482106,6.881095076355535]]]},"id":"+89064+7660","properties":{"cls":2,"count":1}},{"type":"Feature","geometry":{"geodesic":false,"type":"Polygon","coordinates":[[[80.00755246482106,6.969129974199248],[80.00845078010519,6.969129974199248],[80.00845078010519,6.970028289483367],[80.00755246482106,6.970028289483367],[80.00755246482106,6.969129974199248]]]},"id":"+89064+7758","properties":{"cls":6,"count":1}},{"type":"Feature","geometry":{"geodesic":false,"type":"Polygon","coordinates":[[[80.00755246482106,6.970028289483367],[80.00845078010519,6.970028289483367],[80.00845078010519,6.970926604767487],[80.00755246482106,6.970926604767487],[80.00755246482106,6.970028289483367]]]},"id":"+89064+7759","properties":{"cls":9,"count":1}},{"type":"Feature","geometry":{"geodesic":false,"type":"Polygon","coordinates":[[[80.00845078010519,6.882891706923774],[80.00934909538931,6.882891706923774],[80.00934909538931,6.883790022207894],[80.00845078010519,6.883790022207894],[80.00845078010519,6.882891706923774]]]},"id":"+89065+7662","properties":{"cls":2,"count":1}},{"type":"Feature","geometry":{"geodesic":false,"type":"Polygon","coordinates":[[[80.00934909538931,6.90984116544736],[80.01024741067343,6.90984116544736],[80.01024741067343,6.910739480731479],[80.00934909538931,6.910739480731479],[80.00934909538931,6.90984116544736]]]},"id":"+89066+7692","properties":{"cls":2,"count":1}},{"type":"Feature","geometry":{"geodesic":false,"type":"Polygon","coordinates":[[[80.00845078010519,6.913434426583838],[80.01024741067343,6.913434426583838],[80.01024741067343,6.914332741867957],[80.00845078010519,6.914332741867957],[80.00845078010519,6.913434426583838]]]},"id":"+89066+7696","properties":{"cls":1,"count":2}},{"type":"Feature","geometry":{"geodesic":false,"type":"Polygon","coordinates":[[[80.00934909538931,7.066148024884156],[80.01024741067343,7.066148024884156],[80.01024741067343,7.067944655452395],[80.00934909538931,7.067944655452395],[80.00934909538931,7.066148024884156]]]},"id":"+89066+7867","properties":{"cls":1,"count":2}},{"type":"Feature","geometry":{"geodesic":false,"type":"Polygon","coordinates":[[[80.01024741067343,6.907146219595001],[80.01114572595755,6.907146219595001],[80.01114572595755,6.908044534879121],[80.01024741067343,6.908044534879121],[80.01024741067343,6.907146219595001]]]},"id":"+89067+7689","properties":{"cls":3,"count":1}},{"type":"Feature","geometry":{"geodesic":false,"type":"Polygon","coordinates":[[[80.01024741067343,7.0526732956223634],[80.01114572595755,7.0526732956223634],[80.01114572595755,7.053571610906483],[80.01024741067343,7.053571610906483],[80.01024741067343,7.0526732956223634]]]},"id":"+89067+7851","properties":{"cls":1,"count":1}},{"type":"Feature","geometry":{"geodesic":false,"type":"Polygon","coordinates":[[[80.01114572595755,6.955655244937455],[80.01204404124167,6.955655244937455],[80.01204404124167,6.957451875505694],[80.01114572595755,6.957451875505694],[80.01114572595755,6.955655244937455]]]},"id":"+89068+7744","properties":{"cls":5,"count":2}},{"type":"Feature","geometry":{"geodesic":false,"type":"Polygon","coordinates":[[[80.01204404124167,6.886484968060252],[80.01294235652578,6.886484968060252],[80.01294235652578,6.887383283344372],[80.01204404124167,6.887383283344372],[80.01204404124167,6.886484968060252]]]},"id":"+89069+7666","properties":{"cls":1,"count":1}},{"type":"Feature","geometry":{"geodesic":false,"type":"Polygon","coordinates":[[[80.01294235652578,6.888281598628491],[80.0138406718099,6.888281598628491],[80.0138406718099,6.89007822919673],[80.01294235652578,6.89007822919673],[80.01294235652578,6.888281598628491]]]},"id":"+89070+7669","properties":{"cls":1,"count":2}},{"type":"Feature","geometry":{"geodesic":false,"type":"Polygon","coordinates":[[[80.0138406718099,6.855043933116069],[80.01473898709402,6.855043933116069],[80.01473898709402,6.855942248400188],[80.0138406718099,6.855942248400188],[80.0138406718099,6.855043933116069]]]},"id":"+89071+7631","properties":{"cls":3,"count":1}},{"type":"Feature","geometry":{"geodesic":false,"type":"Polygon","coordinates":[[[80.0138406718099,6.895468120901447],[80.01473898709402,6.895468120901447],[80.01473898709402,6.896366436185567],[80.0138406718099,6.896366436185567],[80.0138406718099,6.895468120901447]]]},"id":"+89071+7676","properties":{"cls":3,"count":1}},{"type":"Feature","geometry":{"geodesic":false,"type":"Polygon","coordinates":[[[80.0138406718099,6.912536111299718],[80.01473898709402,6.912536111299718],[80.01473898709402,6.913434426583838],[80.0138406718099,6.913434426583838],[80.0138406718099,6.912536111299718]]]},"id":"+89071+7695","properties":{"cls":3,"count":1}},{"type":"Feature","geometry":{"geodesic":false,"type":"Polygon","coordinates":[[[80.01473898709402,6.896366436185567],[80.01563730237814,6.896366436185567],[80.01563730237814,6.897264751469686],[80.01473898709402,6.897264751469686],[80.01473898709402,6.896366436185567]]]},"id":"+89072+7677","properties":{"cls":4,"count":1}},{"type":"Feature","geometry":{"geodesic":false,"type":"Polygon","coordinates":[[[80.01473898709402,6.897264751469686],[80.01563730237814,6.897264751469686],[80.01563730237814,6.898163066753806],[80.01473898709402,6.898163066753806],[80.01473898709402,6.897264751469686]]]},"id":"+89072+7678","properties":{"cls":5,"count":1}},{"type":"Feature","geometry":{"geodesic":false,"type":"Polygon","coordinates":[[[80.01473898709402,6.935892308686825],[80.01563730237814,6.935892308686825],[80.01563730237814,6.936790623970945],[80.01473898709402,6.936790623970945],[80.01473898709402,6.935892308686825]]]},"id":"+89072+7721","properties":{"cls":6,"count":1}},{"type":"Feature","geometry":{"geodesic":false,"type":"Polygon","coordinates":[[[80.01563730237814,6.896366436185567],[80.01653561766226,6.896366436185567],[80.01653561766226,6.897264751469686],[80.01563730237814,6.897264751469686],[80.01563730237814,6.896366436185567]]]},"id":"+89073+7677","properties":{"cls":5,"count":1}},{"type":"Feature","geometry":{"geodesic":false,"type":"Polygon","coordinates":[[[80.01563730237814,6.935892308686825],[80.01653561766226,6.935892308686825],[80.01653561766226,6.936790623970945],[80.01563730237814,6.936790623970945],[80.01563730237814,6.935892308686825]]]},"id":"+89073+7721","properties":{"cls":2,"count":1}},{"type":"Feature","geometry":{"geodesic":false,"type":"Polygon","coordinates":[[[80.01563730237814,6.899061382037925],[80.01563730237814,6.897264751469686],[80.01653561766226,6.897264751469686],[80.01743393294637,6.899061382037925],[80.01563730237814,6.899061382037925]]]},"id":"+89074+7679","properties":{"cls":4,"count":3}},{"type":"Feature","geometry":{"geodesic":false,"type":"Polygon","coordinates":[[[80.01653561766226,6.90984116544736],[80.01743393294637,6.90984116544736],[80.01743393294637,6.910739480731479],[80.01653561766226,6.910739480731479],[80.01653561766226,6.90984116544736]]]},"id":"+89074+7692","properties":{"cls":5,"count":1}},{"type":"Feature","geometry":{"geodesic":false,"type":"Polygon","coordinates":[[[80.01653561766226,6.933197362834467],[80.01743393294637,6.933197362834467],[80.01743393294637,6.934095678118587],[80.01653561766226,6.934095678118587],[80.01653561766226,6.933197362834467]]]},"id":"+89074+7718","properties":{"cls":2,"count":1}},{"type":"Feature","geometry":{"geodesic":false,"type":"Polygon","coordinates":[[[80.01653561766226,6.895468120901447],[80.01833224823051,6.895468120901447],[80.01833224823051,6.896366436185567],[80.01653561766226,6.896366436185567],[80.01653561766226,6.895468120901447]]]},"id":"+89075+7676","properties":{"cls":3,"count":2}},{"type":"Feature","geometry":{"geodesic":false,"type":"Polygon","coordinates":[[[80.01743393294637,6.898163066753806],[80.01833224823051,6.898163066753806],[80.01833224823051,6.899061382037925],[80.01743393294637,6.899061382037925],[80.01743393294637,6.898163066753806]]]},"id":"+89075+7679","properties":{"cls":6,"count":1}},{"type":"Feature","geometry":{"geodesic":false,"type":"Polygon","coordinates":[[[80.01743393294637,6.903552958458523],[80.01833224823051,6.903552958458523],[80.01833224823051,6.904451273742643],[80.01743393294637,6.904451273742643],[80.01743393294637,6.903552958458523]]]},"id":"+89075+7685","properties":{"cls":3,"count":1}},{"type":"Feature","geometry":{"geodesic":false,"type":"Polygon","coordinates":[[[80.01743393294637,6.905349589026762],[80.01833224823051,6.905349589026762],[80.01833224823051,6.906247904310882],[80.01743393294637,6.906247904310882],[80.01743393294637,6.905349589026762]]]},"id":"+89075+7687","properties":{"cls":5,"count":1}},{"type":"Feature","geometry":{"geodesic":false,"type":"Polygon","coordinates":[[[80.01743393294637,6.908044534879121],[80.01833224823051,6.908044534879121],[80.01833224823051,6.90894285016324],[80.01743393294637,6.90894285016324],[80.01743393294637,6.908044534879121]]]},"id":"+89075+7690","properties":{"cls":2,"count":1}},{"type":"Feature","geometry":{"geodesic":false,"type":"Polygon","coordinates":[[[80.01833224823051,6.89007822919673],[80.01923056351463,6.89007822919673],[80.01923056351463,6.89097654448085],[80.01833224823051,6.89097654448085],[80.01833224823051,6.89007822919673]]]},"id":"+89076+7670","properties":{"cls":3,"count":1}},{"type":"Feature","geometry":{"geodesic":false,"type":"Polygon","coordinates":[[[80.01833224823051,6.9008580126061645],[80.01923056351463,6.9008580126061645],[80.01923056351463,6.901756327890284],[80.01833224823051,6.901756327890284],[80.01833224823051,6.9008580126061645]]]},"id":"+89076+7682","properties":{"cls":3,"count":1}},{"type":"Feature","geometry":{"geodesic":false,"type":"Polygon","coordinates":[[[80.01833224823051,6.906247904310882],[80.01923056351463,6.906247904310882],[80.01923056351463,6.907146219595001],[80.01833224823051,6.907146219595001],[80.01833224823051,6.906247904310882]]]},"id":"+89076+7688","properties":{"cls":4,"count":1}},{"type":"Feature","geometry":{"geodesic":false,"type":"Polygon","coordinates":[[[80.01833224823051,6.907146219595001],[80.01923056351463,6.907146219595001],[80.01923056351463,6.908044534879121],[80.01833224823051,6.908044534879121],[80.01833224823051,6.907146219595001]]]},"id":"+89076+7689","properties":{"cls":5,"count":1}},{"type":"Feature","geometry":{"geodesic":false,"type":"Polygon","coordinates":[[[80.01833224823051,6.90894285016324],[80.01923056351463,6.90894285016324],[80.01923056351463,6.90984116544736],[80.01833224823051,6.90984116544736],[80.01833224823051,6.90894285016324]]]},"id":"+89076+7691","properties":{"cls":1,"count":1}},{"type":"Feature","geometry":{"geodesic":false,"type":"Polygon","coordinates":[[[80.01833224823051,6.90984116544736],[80.01923056351463,6.90984116544736],[80.01923056351463,6.910739480731479],[80.01833224823051,6.910739480731479],[80.01833224823051,6.90984116544736]]]},"id":"+89076+7692","properties":{"cls":4,"count":1}},{"type":"Feature","geometry":{"geodesic":false,"type":"Polygon","coordinates":[[[80.01923056351463,6.89007822919673],[80.02012887879874,6.89007822919673],[80.02012887879874,6.89097654448085],[80.01923056351463,6.89097654448085],[80.01923056351463,6.89007822919673]]]},"id":"+89077+7670","properties":{"cls":2,"count":1}},{"type":"Feature","geometry":{"geodesic":false,"type":"Polygon","coordinates":[[[80.01833224823051,6.892773175049089],[80.01833224823051,6.89097654448085],[80.01923056351463,6.89097654448085],[80.02012887879874,6.892773175049089],[80.01833224823051,6.892773175049089]]]},"id":"+89077+7672","properties":{"cls":1,"count":3}},{"type":"Feature","geometry":{"geodesic":false,"type":"Polygon","coordinates":[[[80.01923056351463,6.901756327890284],[80.02012887879874,6.901756327890284],[80.02012887879874,6.902654643174404],[80.01923056351463,6.902654643174404],[80.01923056351463,6.901756327890284]]]},"id":"+89077+7683","properties":{"cls":8,"count":1}},{"type":"Feature","geometry":{"geodesic":false,"type":"Polygon","coordinates":[[[80.01923056351463,6.902654643174404],[80.02012887879874,6.902654643174404],[80.02012887879874,6.903552958458523],[80.01923056351463,6.903552958458523],[80.01923056351463,6.902654643174404]]]},"id":"+89077+7684","properties":{"cls":6,"count":1}},{"type":"Feature","geometry":{"geodesic":false,"type":"Polygon","coordinates":[[[80.01923056351463,6.906247904310882],[80.02012887879874,6.906247904310882],[80.02012887879874,6.907146219595001],[80.01923056351463,6.907146219595001],[80.01923056351463,6.906247904310882]]]},"id":"+89077+7688","properties":{"cls":5,"count":1}},{"type":"Feature","geometry":{"geodesic":false,"type":"Polygon","coordinates":[[[80.01923056351463,6.924214209993272],[80.02012887879874,6.924214209993272],[80.02012887879874,6.925112525277392],[80.01923056351463,6.925112525277392],[80.01923056351463,6.924214209993272]]]},"id":"+89077+7708","properties":{"cls":5,"count":1}},{"type":"Feature","geometry":{"geodesic":false,"type":"Polygon","coordinates":[[[80.02012887879874,6.901756327890284],[80.02102719408286,6.901756327890284],[80.02102719408286,6.902654643174404],[80.02012887879874,6.902654643174404],[80.02012887879874,6.901756327890284]]]},"id":"+89078+7683","properties":{"cls":6,"count":1}},{"type":"Feature","geometry":{"geodesic":false,"type":"Polygon","coordinates":[[[80.02012887879874,6.902654643174404],[80.02102719408286,6.902654643174404],[80.02102719408286,6.903552958458523],[80.02012887879874,6.903552958458523],[80.02012887879874,6.902654643174404]]]},"id":"+89078+7684","properties":{"cls":5,"count":1}},{"type":"Feature","geometry":{"geodesic":false,"type":"Polygon","coordinates":[[[80.02012887879874,6.903552958458523],[80.02102719408286,6.903552958458523],[80.02102719408286,6.904451273742643],[80.02012887879874,6.904451273742643],[80.02012887879874,6.903552958458523]]]},"id":"+89078+7685","properties":{"cls":7,"count":1}},{"type":"Feature","geometry":{"geodesic":false,"type":"Polygon","coordinates":[[[80.02102719408286,6.882891706923774],[80.02192550936698,6.882891706923774],[80.02192550936698,6.883790022207894],[80.02102719408286,6.883790022207894],[80.02102719408286,6.882891706923774]]]},"id":"+89079+7662","properties":{"cls":1,"count":1}},{"type":"Feature","geometry":{"geodesic":false,"type":"Polygon","coordinates":[[[80.02102719408286,6.887383283344372],[80.02192550936698,6.887383283344372],[80.02192550936698,6.888281598628491],[80.02102719408286,6.888281598628491],[80.02102719408286,6.887383283344372]]]},"id":"+89079+7667","properties":{"cls":3,"count":1}},{"type":"Feature","geometry":{"geodesic":false,"type":"Polygon","coordinates":[[[80.02102719408286,6.903552958458523],[80.02192550936698,6.903552958458523],[80.02192550936698,6.904451273742643],[80.02102719408286,6.904451273742643],[80.02102719408286,6.903552958458523]]]},"id":"+89079+7685","properties":{"cls":1,"count":1}},{"type":"Feature","geometry":{"geodesic":false,"type":"Polygon","coordinates":[[[80.02192550936698,7.066148024884156],[80.0228238246511,7.066148024884156],[80.0228238246511,7.067046340168276],[80.02192550936698,7.067046340168276],[80.02192550936698,7.066148024884156]]]},"id":"+89080+7866","properties":{"cls":1,"count":1}},{"type":"Feature","geometry":{"geodesic":false,"type":"Polygon","coordinates":[[[80.0228238246511,6.887383283344372],[80.02372213993522,6.887383283344372],[80.02372213993522,6.888281598628491],[80.0228238246511,6.888281598628491],[80.0228238246511,6.887383283344372]]]},"id":"+89081+7667","properties":{"cls":3,"count":1}},{"type":"Feature","geometry":{"geodesic":false,"type":"Polygon","coordinates":[[[80.02462045521933,6.880196761071415],[80.02551877050345,6.880196761071415],[80.02551877050345,6.881095076355535],[80.02462045521933,6.881095076355535],[80.02462045521933,6.880196761071415]]]},"id":"+89083+7659","properties":{"cls":1,"count":1}},{"type":"Feature","geometry":{"geodesic":false,"type":"Polygon","coordinates":[[[80.02462045521933,6.952960299085096],[80.02551877050345,6.952960299085096],[80.02551877050345,6.953858614369216],[80.02462045521933,6.953858614369216],[80.02462045521933,6.952960299085096]]]},"id":"+89083+7740","properties":{"cls":4,"count":1}},{"type":"Feature","geometry":{"geodesic":false,"type":"Polygon","coordinates":[[[80.02551877050345,6.9188243182885545],[80.02641708578757,6.9188243182885545],[80.02641708578757,6.9197226335726745],[80.02551877050345,6.9197226335726745],[80.02551877050345,6.9188243182885545]]]},"id":"+89084+7702","properties":{"cls":5,"count":1}},{"type":"Feature","geometry":{"geodesic":false,"type":"Polygon","coordinates":[[[80.02551877050345,6.945773776812141],[80.02641708578757,6.945773776812141],[80.02641708578757,6.94667209209626],[80.02551877050345,6.94667209209626],[80.02551877050345,6.945773776812141]]]},"id":"+89084+7732","properties":{"cls":1,"count":1}},{"type":"Feature","geometry":{"geodesic":false,"type":"Polygon","coordinates":[[[80.02551877050345,6.952061983800977],[80.02641708578757,6.952061983800977],[80.02641708578757,6.952960299085096],[80.02551877050345,6.952960299085096],[80.02551877050345,6.952061983800977]]]},"id":"+89084+7739","properties":{"cls":1,"count":1}},{"type":"Feature","geometry":{"geodesic":false,"type":"Polygon","coordinates":[[[80.02551877050345,6.952960299085096],[80.02641708578757,6.952960299085096],[80.02641708578757,6.953858614369216],[80.02551877050345,6.953858614369216],[80.02551877050345,6.952960299085096]]]},"id":"+89084+7740","properties":{"cls":3,"count":1}},{"type":"Feature","geometry":{"geodesic":false,"type":"Polygon","coordinates":[[[80.02641708578757,6.9197226335726745],[80.02731540107169,6.9197226335726745],[80.02731540107169,6.920620948856794],[80.02641708578757,6.920620948856794],[80.02641708578757,6.9197226335726745]]]},"id":"+89085+7703","properties":{"cls":5,"count":1}},{"type":"Feature","geometry":{"geodesic":false,"type":"Polygon","coordinates":[[[80.02641708578757,6.943977146243902],[80.02731540107169,6.943977146243902],[80.02731540107169,6.945773776812141],[80.02641708578757,6.945773776812141],[80.02641708578757,6.943977146243902]]]},"id":"+89085+7731","properties":{"cls":2,"count":2}},{"type":"Feature","geometry":{"geodesic":false,"type":"Polygon","coordinates":[[[80.02641708578757,6.945773776812141],[80.02731540107169,6.945773776812141],[80.02731540107169,6.94667209209626],[80.02641708578757,6.94667209209626],[80.02641708578757,6.945773776812141]]]},"id":"+89085+7732","properties":{"cls":3,"count":1}},{"type":"Feature","geometry":{"geodesic":false,"type":"Polygon","coordinates":[[[80.02731540107169,6.953858614369216],[80.02821371635582,6.953858614369216],[80.02821371635582,6.954756929653335],[80.02731540107169,6.954756929653335],[80.02731540107169,6.953858614369216]]]},"id":"+89086+7741","properties":{"cls":5,"count":1}},{"type":"Feature","geometry":{"geodesic":false,"type":"Polygon","coordinates":[[[80.02821371635582,6.944875461528021],[80.02911203163994,6.944875461528021],[80.02911203163994,6.945773776812141],[80.02821371635582,6.945773776812141],[80.02821371635582,6.944875461528021]]]},"id":"+89087+7731","properties":{"cls":3,"count":1}},{"type":"Feature","geometry":{"geodesic":false,"type":"Polygon","coordinates":[[[80.02911203163994,6.924214209993272],[80.03001034692406,6.924214209993272],[80.03001034692406,6.925112525277392],[80.02911203163994,6.925112525277392],[80.02911203163994,6.924214209993272]]]},"id":"+89088+7708","properties":{"cls":5,"count":1}},{"type":"Feature","geometry":{"geodesic":false,"type":"Polygon","coordinates":[[[80.02911203163994,6.935892308686825],[80.03001034692406,6.935892308686825],[80.03001034692406,6.936790623970945],[80.02911203163994,6.936790623970945],[80.02911203163994,6.935892308686825]]]},"id":"+89088+7721","properties":{"cls":2,"count":1}},{"type":"Feature","geometry":{"geodesic":false,"type":"Polygon","coordinates":[[[80.02911203163994,6.936790623970945],[80.03001034692406,6.936790623970945],[80.03001034692406,6.9376889392550645],[80.02911203163994,6.9376889392550645],[80.02911203163994,6.936790623970945]]]},"id":"+89088+7722","properties":{"cls":3,"count":1}},{"type":"Feature","geometry":{"geodesic":false,"type":"Polygon","coordinates":[[[80.02911203163994,6.944875461528021],[80.03001034692406,6.944875461528021],[80.03001034692406,6.945773776812141],[80.02911203163994,6.945773776812141],[80.02911203163994,6.944875461528021]]]},"id":"+89088+7731","properties":{"cls":4,"count":1}},{"type":"Feature","geometry":{"geodesic":false,"type":"Polygon","coordinates":[[[80.03001034692406,6.945773776812141],[80.03090866220818,6.945773776812141],[80.03090866220818,6.94667209209626],[80.03001034692406,6.94667209209626],[80.03001034692406,6.945773776812141]]]},"id":"+89089+7732","properties":{"cls":5,"count":1}},{"type":"Feature","geometry":{"geodesic":false,"type":"Polygon","coordinates":[[[80.03001034692406,6.94667209209626],[80.03090866220818,6.94667209209626],[80.03090866220818,6.94757040738038],[80.03001034692406,6.94757040738038],[80.03001034692406,6.94667209209626]]]},"id":"+89089+7733","properties":{"cls":4,"count":1}},{"type":"Feature","geometry":{"geodesic":false,"type":"Polygon","coordinates":[[[80.0318069774923,6.944875461528021],[80.03270529277641,6.944875461528021],[80.03270529277641,6.945773776812141],[80.0318069774923,6.945773776812141],[80.0318069774923,6.944875461528021]]]},"id":"+89091+7731","properties":{"cls":5,"count":1}},{"type":"Feature","geometry":{"geodesic":false,"type":"Polygon","coordinates":[[[80.0318069774923,6.94667209209626],[80.03270529277641,6.94667209209626],[80.03270529277641,6.94757040738038],[80.0318069774923,6.94757040738038],[80.0318069774923,6.94667209209626]]]},"id":"+89091+7733","properties":{"cls":3,"count":1}},{"type":"Feature","geometry":{"geodesic":false,"type":"Polygon","coordinates":[[[80.0318069774923,6.94757040738038],[80.03270529277641,6.94757040738038],[80.03270529277641,6.948468722664499],[80.0318069774923,6.948468722664499],[80.0318069774923,6.94757040738038]]]},"id":"+89091+7734","properties":{"cls":4,"count":1}},{"type":"Feature","geometry":{"geodesic":false,"type":"Polygon","coordinates":[[[80.0318069774923,6.979011442324563],[80.03270529277641,6.979011442324563],[80.03270529277641,6.979909757608683],[80.0318069774923,6.979909757608683],[80.0318069774923,6.979011442324563]]]},"id":"+89091+7769","properties":{"cls":2,"count":1}},{"type":"Feature","geometry":{"geodesic":false,"type":"Polygon","coordinates":[[[80.03270529277641,6.920620948856794],[80.03360360806053,6.920620948856794],[80.03360360806053,6.921519264140914],[80.03270529277641,6.921519264140914],[80.03270529277641,6.920620948856794]]]},"id":"+89092+7704","properties":{"cls":3,"count":1}},{"type":"Feature","geometry":{"geodesic":false,"type":"Polygon","coordinates":[[[80.03270529277641,6.943977146243902],[80.03360360806053,6.943977146243902],[80.03360360806053,6.944875461528021],[80.03270529277641,6.944875461528021],[80.03270529277641,6.943977146243902]]]},"id":"+89092+7730","properties":{"cls":1,"count":1}},{"type":"Feature","geometry":{"geodesic":false,"type":"Polygon","coordinates":[[[80.03270529277641,6.944875461528021],[80.03360360806053,6.944875461528021],[80.03360360806053,6.945773776812141],[80.03270529277641,6.945773776812141],[80.03270529277641,6.944875461528021]]]},"id":"+89092+7731","properties":{"cls":2,"count":1}},{"type":"Feature","geometry":{"geodesic":false,"type":"Polygon","coordinates":[[[80.03270529277641,6.94757040738038],[80.03360360806053,6.94757040738038],[80.03360360806053,6.948468722664499],[80.03270529277641,6.948468722664499],[80.03270529277641,6.94757040738038]]]},"id":"+89092+7734","properties":{"cls":6,"count":1}},{"type":"Feature","geometry":{"geodesic":false,"type":"Polygon","coordinates":[[[80.03270529277641,6.948468722664499],[80.03360360806053,6.948468722664499],[80.03360360806053,6.949367037948619],[80.03270529277641,6.949367037948619],[80.03270529277641,6.948468722664499]]]},"id":"+89092+7735","properties":{"cls":4,"count":1}},{"type":"Feature","geometry":{"geodesic":false,"type":"Polygon","coordinates":[[[80.03270529277641,7.056266556758842],[80.03360360806053,7.056266556758842],[80.03360360806053,7.057164872042962],[80.03270529277641,7.057164872042962],[80.03270529277641,7.056266556758842]]]},"id":"+89092+7855","properties":{"cls":1,"count":1}},{"type":"Feature","geometry":{"geodesic":false,"type":"Polygon","coordinates":[[[80.03360360806053,6.943078830959782],[80.03450192334465,6.943078830959782],[80.03450192334465,6.943977146243902],[80.03360360806053,6.943977146243902],[80.03360360806053,6.943078830959782]]]},"id":"+89093+7729","properties":{"cls":1,"count":1}},{"type":"Feature","geometry":{"geodesic":false,"type":"Polygon","coordinates":[[[80.03360360806053,6.94757040738038],[80.03450192334465,6.94757040738038],[80.03450192334465,6.949367037948619],[80.03360360806053,6.949367037948619],[80.03360360806053,6.94757040738038]]]},"id":"+89093+7735","properties":{"cls":5,"count":2}},{"type":"Feature","geometry":{"geodesic":false,"type":"Polygon","coordinates":[[[80.03450192334465,6.945773776812141],[80.03540023862877,6.945773776812141],[80.03540023862877,6.94667209209626],[80.03450192334465,6.94667209209626],[80.03450192334465,6.945773776812141]]]},"id":"+89094+7732","properties":{"cls":3,"count":1}},{"type":"Feature","geometry":{"geodesic":false,"type":"Polygon","coordinates":[[[80.03540023862877,6.94757040738038],[80.03629855391289,6.94757040738038],[80.03629855391289,6.948468722664499],[80.03540023862877,6.948468722664499],[80.03540023862877,6.94757040738038]]]},"id":"+89095+7734","properties":{"cls":1,"count":1}},{"type":"Feature","geometry":{"geodesic":false,"type":"Polygon","coordinates":[[[80.03540023862877,6.948468722664499],[80.03629855391289,6.948468722664499],[80.03629855391289,6.949367037948619],[80.03540023862877,6.949367037948619],[80.03540023862877,6.948468722664499]]]},"id":"+89095+7735","properties":{"cls":3,"count":1}},{"type":"Feature","geometry":{"geodesic":false,"type":"Polygon","coordinates":[[[80.03450192334465,6.950265353232738],[80.03450192334465,6.94757040738038],[80.03090866220818,6.94667209209626],[80.03090866220818,6.945773776812141],[80.03540023862877,6.94667209209626],[80.03540023862877,6.949367037948619],[80.03629855391289,6.949367037948619],[80.03629855391289,6.950265353232738],[80.03450192334465,6.950265353232738]]]},"id":"+89095+7736","properties":{"cls":4,"count":10}},{"type":"Feature","geometry":{"geodesic":false,"type":"Polygon","coordinates":[[[80.03629855391289,6.94757040738038],[80.037196869197,6.94757040738038],[80.037196869197,6.948468722664499],[80.03629855391289,6.948468722664499],[80.03629855391289,6.94757040738038]]]},"id":"+89096+7734","properties":{"cls":3,"count":1}},{"type":"Feature","geometry":{"geodesic":false,"type":"Polygon","coordinates":[[[80.03629855391289,6.948468722664499],[80.03809518448114,6.948468722664499],[80.03809518448114,6.949367037948619],[80.03629855391289,6.949367037948619],[80.03629855391289,6.948468722664499]]]},"id":"+89097+7735","properties":{"cls":2,"count":2}},{"type":"Feature","geometry":{"geodesic":false,"type":"Polygon","coordinates":[[[80.03809518448114,6.9188243182885545],[80.03899349976525,6.9188243182885545],[80.03899349976525,6.9197226335726745],[80.03809518448114,6.9197226335726745],[80.03809518448114,6.9188243182885545]]]},"id":"+89098+7702","properties":{"cls":5,"count":1}},{"type":"Feature","geometry":{"geodesic":false,"type":"Polygon","coordinates":[[[80.03809518448114,6.94757040738038],[80.03899349976525,6.94757040738038],[80.03899349976525,6.948468722664499],[80.03809518448114,6.948468722664499],[80.03809518448114,6.94757040738038]]]},"id":"+89098+7734","properties":{"cls":2,"count":1}},{"type":"Feature","geometry":{"geodesic":false,"type":"Polygon","coordinates":[[[80.03809518448114,6.948468722664499],[80.03899349976525,6.948468722664499],[80.03899349976525,6.949367037948619],[80.03809518448114,6.949367037948619],[80.03809518448114,6.948468722664499]]]},"id":"+89098+7735","properties":{"cls":4,"count":1}},{"type":"Feature","geometry":{"geodesic":false,"type":"Polygon","coordinates":[[[80.03899349976525,6.94757040738038],[80.03989181504937,6.94757040738038],[80.03989181504937,6.948468722664499],[80.03899349976525,6.948468722664499],[80.03899349976525,6.94757040738038]]]},"id":"+89099+7734","properties":{"cls":1,"count":1}},{"type":"Feature","geometry":{"geodesic":false,"type":"Polygon","coordinates":[[[80.03629855391289,6.950265353232738],[80.03629855391289,6.949367037948619],[80.03899349976525,6.949367037948619],[80.03899349976525,6.948468722664499],[80.03989181504937,6.948468722664499],[80.03989181504937,6.950265353232738],[80.03629855391289,6.950265353232738]]]},"id":"+89099+7736","properties":{"cls":5,"count":5}}]}