{"type":"FeatureCollection","features":[{"type":"Feature","geometry":{"geodesic":false,"type":"Polygon","coordinates":[[[120.72998092452721,14.818608926835628],[120.73087923981133,14.818608926835628],[120.73087923981133,14.819507242119746],[120.72998092452721,14.819507242119746],[120.72998092452721,14.818608926835628]]]},"id":"+134396+16496","properties":{"cls":1,"count":1}},{"type":"Feature","geometry":{"geodesic":false,"type":"Polygon","coordinates":[[[120.72998092452721,14.821303872687986],[120.73087923981133,14.821303872687986],[120.73087923981133,14.822202187972106],[120.72998092452721,14.822202187972106],[120.72998092452721,14.821303872687986]]]},"id":"+134396+16499","properties":{"cls":1,"count":1}},{"type":"Feature","geometry":{"geodesic":false,"type":"Polygon","coordinates":[[[120.72998092452721,14.823998818540344],[120.73087923981133,14.823998818540344],[120.73087923981133,14.824897133824464],[120.72998092452721,14.824897133824464],[120.72998092452721,14.823998818540344]]]},"id":"+134396+16502","properties":{"cls":1,"count":1}},{"type":"Feature","geometry":{"geodesic":false,"type":"Polygon","coordinates":[[[120.72998092452721,14.83208365609742],[120.73087923981133,14.83208365609742],[120.73087923981133,14.832981971381539],[120.72998092452721,14.832981971381539],[120.72998092452721,14.83208365609742]]]},"id":"+134396+16511","properties":{"cls":1,"count":1}},{"type":"Feature","geometry":{"geodesic":false,"type":"Polygon","coordinates":[[[120.72998092452721,14.834778601949779],[120.73087923981133,14.834778601949779],[120.73087923981133,14.835676917233899],[120.72998092452721,14.835676917233899],[120.72998092452721,14.834778601949779]]]},"id":"+134396+16514","properties":{"cls":1,"count":1}},{"type":"Feature","geometry":{"geodesic":false,"type":"Polygon","coordinates":[[[120.72998092452721,14.836575232518017],[120.73087923981133,14.836575232518017],[120.73087923981133,14.837473547802137],[120.72998092452721,14.837473547802137],[120.72998092452721,14.836575232518017]]]},"id":"+134396+16516","properties":{"cls":1,"count":1}},{"type":"Feature","geometry":{"geodesic":false,"type":"Polygon","coordinates":[[[120.73087923981133,14.796151044732639],[120.73087923981133,14.79345609888028],[120.73267587037958,14.79345609888028],[120.73267587037958,14.79165946831204],[120.7335741856637,14.79165946831204],[120.7335741856637,14.7943544141644],[120.73177755509546,14.7943544141644],[120.73177755509546,14.796151044732639],[120.73087923981133,14.796151044732639]]]},"id":"+134397+16470","properties":{"cls":1,"count":7}},{"type":"Feature","geometry":{"geodesic":false,"type":"Polygon","coordinates":[[[120.73087923981133,14.805134197573835],[120.72998092452721,14.803337567005595],[120.73177755509546,14.803337567005595],[120.73177755509546,14.805134197573835],[120.73087923981133,14.805134197573835]]]},"id":"+134397+16480","properties":{"cls":1,"count":3}},{"type":"Feature","geometry":{"geodesic":false,"type":"Polygon","coordinates":[[[120.73087923981133,14.815913980983268],[120.73177755509546,14.815913980983268],[120.73177755509546,14.816812296267388],[120.73087923981133,14.816812296267388],[120.73087923981133,14.815913980983268]]]},"id":"+134397+16493","properties":{"cls":1,"count":1}},{"type":"Feature","geometry":{"geodesic":false,"type":"Polygon","coordinates":[[[120.73087923981133,14.832981971381539],[120.73177755509546,14.832981971381539],[120.73177755509546,14.834778601949779],[120.73087923981133,14.834778601949779],[120.73087923981133,14.832981971381539]]]},"id":"+134397+16513","properties":{"cls":1,"count":2}},{"type":"Feature","geometry":{"geodesic":false,"type":"Polygon","coordinates":[[[120.73177755509546,14.766506640356695],[120.73267587037958,14.766506640356695],[120.73267587037958,14.767404955640815],[120.73177755509546,14.767404955640815],[120.73177755509546,14.766506640356695]]]},"id":"+134398+16438","properties":{"cls":1,"count":1}},{"type":"Feature","geometry":{"geodesic":false,"type":"Polygon","coordinates":[[[120.73177755509546,14.789862837743803],[120.73267587037958,14.789862837743803],[120.73267587037958,14.790761153027923],[120.73177755509546,14.790761153027923],[120.73177755509546,14.789862837743803]]]},"id":"+134398+16464","properties":{"cls":1,"count":1}},{"type":"Feature","geometry":{"geodesic":false,"type":"Polygon","coordinates":[[[120.73087923981133,14.817710611551508],[120.73267587037958,14.817710611551508],[120.73267587037958,14.818608926835628],[120.73087923981133,14.818608926835628],[120.73087923981133,14.817710611551508]]]},"id":"+134398+16495","properties":{"cls":1,"count":2}},{"type":"Feature","geometry":{"geodesic":false,"type":"Polygon","coordinates":[[[120.73177755509546,14.826693764392703],[120.73267587037958,14.826693764392703],[120.73267587037958,14.827592079676823],[120.73177755509546,14.827592079676823],[120.73177755509546,14.826693764392703]]]},"id":"+134398+16505","properties":{"cls":1,"count":1}},{"type":"Feature","geometry":{"geodesic":false,"type":"Polygon","coordinates":[[[120.73177755509546,14.837473547802137],[120.73267587037958,14.837473547802137],[120.73267587037958,14.838371863086257],[120.73177755509546,14.838371863086257],[120.73177755509546,14.837473547802137]]]},"id":"+134398+16517","properties":{"cls":1,"count":1}},{"type":"Feature","geometry":{"geodesic":false,"type":"Polygon","coordinates":[[[120.73267587037958,14.765608325072575],[120.7335741856637,14.765608325072575],[120.7335741856637,14.766506640356695],[120.73267587037958,14.766506640356695],[120.73267587037958,14.765608325072575]]]},"id":"+134399+16437","properties":{"cls":1,"count":1}},{"type":"Feature","geometry":{"geodesic":false,"type":"Polygon","coordinates":[[[120.73267587037958,14.799744305869117],[120.7335741856637,14.799744305869117],[120.7335741856637,14.800642621153237],[120.73267587037958,14.800642621153237],[120.73267587037958,14.799744305869117]]]},"id":"+134399+16475","properties":{"cls":1,"count":1}},{"type":"Feature","geometry":{"geodesic":false,"type":"Polygon","coordinates":[[[120.73267587037958,14.81232071984679],[120.7335741856637,14.81232071984679],[120.7335741856637,14.81321903513091],[120.73267587037958,14.81321903513091],[120.73267587037958,14.81232071984679]]]},"id":"+134399+16489","properties":{"cls":1,"count":1}},{"type":"Feature","geometry":{"geodesic":false,"type":"Polygon","coordinates":[[[120.73267587037958,14.83208365609742],[120.7335741856637,14.83208365609742],[120.7335741856637,14.832981971381539],[120.73267587037958,14.832981971381539],[120.73267587037958,14.83208365609742]]]},"id":"+134399+16511","properties":{"cls":1,"count":1}},{"type":"Feature","geometry":{"geodesic":false,"type":"Polygon","coordinates":[[[120.73177755509546,14.844660070075093],[120.73177755509546,14.845558385359213],[120.72998092452721,14.845558385359213],[120.72998092452721,14.840168493654495],[120.73087923981133,14.840168493654495],[120.73087923981133,14.839270178370377],[120.73267587037958,14.839270178370377],[120.7335741856637,14.841066808938615],[120.73537081623194,14.841066808938615],[120.73447250094782,14.842863439506855],[120.73267587037958,14.841965124222735],[120.73267587037958,14.843761754790973],[120.73447250094782,14.843761754790973],[120.73447250094782,14.844660070075093],[120.73267587037958,14.845558385359213],[120.73267587037958,14.844660070075093],[120.73177755509546,14.844660070075093]],[[120.73177755509546,14.844660070075093],[120.73087923981133,14.844660070075093],[120.73087923981133,14.842863439506855],[120.73177755509546,14.842863439506855],[120.73177755509546,14.844660070075093]]]},"id":"+134399+16525","properties":{"cls":1,"count":25}},{"type":"Feature","geometry":{"geodesic":false,"type":"Polygon","coordinates":[[[120.72998092452721,14.85004996177981],[120.72998092452721,14.848253331211572],[120.73177755509546,14.849151646495692],[120.73177755509546,14.848253331211572],[120.73087923981133,14.848253331211572],[120.73087923981133,14.846456700643332],[120.73267587037958,14.846456700643332],[120.73267587037958,14.849151646495692],[120.7335741856637,14.849151646495692],[120.7335741856637,14.85004996177981],[120.72998092452721,14.85004996177981]]]},"id":"+134399+16530","properties":{"cls":1,"count":10}},{"type":"Feature","geometry":{"geodesic":false,"type":"Polygon","coordinates":[[[120.7335741856637,14.802439251721475],[120.73447250094782,14.802439251721475],[120.73447250094782,14.803337567005595],[120.7335741856637,14.803337567005595],[120.7335741856637,14.802439251721475]]]},"id":"+134400+16478","properties":{"cls":1,"count":1}},{"type":"Feature","geometry":{"geodesic":false,"type":"Polygon","coordinates":[[[120.7335741856637,14.809625773994432],[120.73447250094782,14.809625773994432],[120.73447250094782,14.811422404562672],[120.7335741856637,14.811422404562672],[120.7335741856637,14.809625773994432]]]},"id":"+134400+16487","properties":{"cls":1,"count":2}},{"type":"Feature","geometry":{"geodesic":false,"type":"Polygon","coordinates":[[[120.7335741856637,14.817710611551508],[120.73447250094782,14.817710611551508],[120.73447250094782,14.818608926835628],[120.7335741856637,14.818608926835628],[120.7335741856637,14.817710611551508]]]},"id":"+134400+16495","properties":{"cls":1,"count":1}},{"type":"Feature","geometry":{"geodesic":false,"type":"Polygon","coordinates":[[[120.7335741856637,14.82938871024506],[120.73447250094782,14.82938871024506],[120.73447250094782,14.83208365609742],[120.7335741856637,14.83208365609742],[120.7335741856637,14.82938871024506]]]},"id":"+134400+16510","properties":{"cls":1,"count":3}},{"type":"Feature","geometry":{"geodesic":false,"type":"Polygon","coordinates":[[[120.7335741856637,14.848253331211572],[120.73447250094782,14.848253331211572],[120.73447250094782,14.849151646495692],[120.7335741856637,14.849151646495692],[120.7335741856637,14.848253331211572]]]},"id":"+134400+16529","properties":{"cls":1,"count":1}},{"type":"Feature","geometry":{"geodesic":false,"type":"Polygon","coordinates":[[[120.73447250094782,14.77638810848201],[120.73537081623194,14.77638810848201],[120.73537081623194,14.778184739050248],[120.73447250094782,14.778184739050248],[120.73447250094782,14.77638810848201]]]},"id":"+134401+16450","properties":{"cls":1,"count":2}},{"type":"Feature","geometry":{"geodesic":false,"type":"Polygon","coordinates":[[[120.7335741856637,14.779981369618488],[120.73537081623194,14.779981369618488],[120.73537081623194,14.780879684902608],[120.7335741856637,14.780879684902608],[120.7335741856637,14.779981369618488]]]},"id":"+134401+16453","properties":{"cls":1,"count":2}},{"type":"Feature","geometry":{"geodesic":false,"type":"Polygon","coordinates":[[[120.73447250094782,14.787167891891444],[120.73537081623194,14.787167891891444],[120.73537081623194,14.788066207175564],[120.73447250094782,14.788066207175564],[120.73447250094782,14.787167891891444]]]},"id":"+134401+16461","properties":{"cls":1,"count":1}},{"type":"Feature","geometry":{"geodesic":false,"type":"Polygon","coordinates":[[[120.73447250094782,14.816812296267388],[120.73537081623194,14.816812296267388],[120.73537081623194,14.817710611551508],[120.73447250094782,14.817710611551508],[120.73447250094782,14.816812296267388]]]},"id":"+134401+16494","properties":{"cls":1,"count":1}},{"type":"Feature","geometry":{"geodesic":false,"type":"Polygon","coordinates":[[[120.73537081623194,14.779083054334368],[120.73626913151605,14.779083054334368],[120.73626913151605,14.779981369618488],[120.73537081623194,14.779981369618488],[120.73537081623194,14.779083054334368]]]},"id":"+134402+16452","properties":{"cls":1,"count":1}},{"type":"Feature","geometry":{"geodesic":false,"type":"Polygon","coordinates":[[[120.73537081623194,14.79165946831204],[120.73626913151605,14.79165946831204],[120.73626913151605,14.79255778359616],[120.73537081623194,14.79255778359616],[120.73537081623194,14.79165946831204]]]},"id":"+134402+16466","properties":{"cls":1,"count":1}},{"type":"Feature","geometry":{"geodesic":false,"type":"Polygon","coordinates":[[[120.73537081623194,14.799744305869117],[120.73626913151605,14.799744305869117],[120.73626913151605,14.800642621153237],[120.73537081623194,14.800642621153237],[120.73537081623194,14.799744305869117]]]},"id":"+134402+16475","properties":{"cls":1,"count":1}},{"type":"Feature","geometry":{"geodesic":false,"type":"Polygon","coordinates":[[[120.73537081623194,14.815913980983268],[120.73626913151605,14.815913980983268],[120.73626913151605,14.816812296267388],[120.73537081623194,14.816812296267388],[120.73537081623194,14.815913980983268]]]},"id":"+134402+16493","properties":{"cls":1,"count":1}},{"type":"Feature","geometry":{"geodesic":false,"type":"Polygon","coordinates":[[[120.73537081623194,14.821303872687986],[120.73537081623194,14.820405557403866],[120.73447250094782,14.820405557403866],[120.73447250094782,14.821303872687986],[120.73267587037958,14.821303872687986],[120.73177755509546,14.819507242119746],[120.73267587037958,14.819507242119746],[120.73267587037958,14.818608926835628],[120.73447250094782,14.819507242119746],[120.73537081623194,14.817710611551508],[120.73626913151605,14.817710611551508],[120.73626913151605,14.821303872687986],[120.73537081623194,14.821303872687986]]]},"id":"+134402+16498","properties":{"cls":1,"count":12}},{"type":"Feature","geometry":{"geodesic":false,"type":"Polygon","coordinates":[[[120.73626913151605,14.784472946039086],[120.73716744680017,14.784472946039086],[120.73716744680017,14.785371261323204],[120.73626913151605,14.785371261323204],[120.73626913151605,14.784472946039086]]]},"id":"+134403+16458","properties":{"cls":1,"count":1}},{"type":"Feature","geometry":{"geodesic":false,"type":"Polygon","coordinates":[[[120.73626913151605,14.81411735041503],[120.73716744680017,14.81411735041503],[120.73716744680017,14.81501566569915],[120.73626913151605,14.81501566569915],[120.73626913151605,14.81411735041503]]]},"id":"+134403+16491","properties":{"cls":1,"count":1}},{"type":"Feature","geometry":{"geodesic":false,"type":"Polygon","coordinates":[[[120.73626913151605,14.816812296267388],[120.73716744680017,14.816812296267388],[120.73716744680017,14.817710611551508],[120.73626913151605,14.817710611551508],[120.73626913151605,14.816812296267388]]]},"id":"+134403+16494","properties":{"cls":1,"count":1}},{"type":"Feature","geometry":{"geodesic":false,"type":"Polygon","coordinates":[[[120.73626913151605,14.828490394960943],[120.73716744680017,14.828490394960943],[120.73716744680017,14.82938871024506],[120.73626913151605,14.82938871024506],[120.73626913151605,14.828490394960943]]]},"id":"+134403+16507","properties":{"cls":1,"count":1}},{"type":"Feature","geometry":{"geodesic":false,"type":"Polygon","coordinates":[[[120.73716744680017,14.786269576607324],[120.73806576208429,14.786269576607324],[120.73806576208429,14.787167891891444],[120.73716744680017,14.787167891891444],[120.73716744680017,14.786269576607324]]]},"id":"+134404+16460","properties":{"cls":1,"count":1}},{"type":"Feature","geometry":{"geodesic":false,"type":"Polygon","coordinates":[[[120.73716744680017,14.790761153027923],[120.73806576208429,14.790761153027923],[120.73806576208429,14.79165946831204],[120.73716744680017,14.79165946831204],[120.73716744680017,14.790761153027923]]]},"id":"+134404+16465","properties":{"cls":1,"count":1}},{"type":"Feature","geometry":{"geodesic":false,"type":"Polygon","coordinates":[[[120.73716744680017,14.807829143426193],[120.73806576208429,14.807829143426193],[120.73806576208429,14.808727458710312],[120.73716744680017,14.808727458710312],[120.73716744680017,14.807829143426193]]]},"id":"+134404+16484","properties":{"cls":1,"count":1}},{"type":"Feature","geometry":{"geodesic":false,"type":"Polygon","coordinates":[[[120.73716744680017,14.832981971381539],[120.73806576208429,14.832981971381539],[120.73806576208429,14.834778601949779],[120.73716744680017,14.834778601949779],[120.73716744680017,14.832981971381539]]]},"id":"+134404+16513","properties":{"cls":1,"count":2}},{"type":"Feature","geometry":{"geodesic":false,"type":"Polygon","coordinates":[[[120.73806576208429,14.7943544141644],[120.73896407736841,14.7943544141644],[120.73896407736841,14.795252729448519],[120.73806576208429,14.795252729448519],[120.73806576208429,14.7943544141644]]]},"id":"+134405+16469","properties":{"cls":1,"count":1}},{"type":"Feature","geometry":{"geodesic":false,"type":"Polygon","coordinates":[[[120.73716744680017,14.806930828142074],[120.73716744680017,14.805134197573835],[120.73806576208429,14.805134197573835],[120.73896407736841,14.806930828142074],[120.73716744680017,14.806930828142074]]]},"id":"+134405+16482","properties":{"cls":1,"count":3}},{"type":"Feature","geometry":{"geodesic":false,"type":"Polygon","coordinates":[[[120.73896407736841,14.834778601949779],[120.73986239265253,14.834778601949779],[120.73986239265253,14.836575232518017],[120.73896407736841,14.836575232518017],[120.73896407736841,14.834778601949779]]]},"id":"+134406+16515","properties":{"cls":1,"count":2}},{"type":"Feature","geometry":{"geodesic":false,"type":"Polygon","coordinates":[[[120.73986239265253,14.797049360016759],[120.74076070793664,14.797049360016759],[120.74076070793664,14.797947675300879],[120.73986239265253,14.797947675300879],[120.73986239265253,14.797049360016759]]]},"id":"+134407+16472","properties":{"cls":1,"count":1}},{"type":"Feature","geometry":{"geodesic":false,"type":"Polygon","coordinates":[[[120.73986239265253,14.804235882289715],[120.74076070793664,14.804235882289715],[120.74076070793664,14.805134197573835],[120.73986239265253,14.805134197573835],[120.73986239265253,14.804235882289715]]]},"id":"+134407+16480","properties":{"cls":1,"count":1}},{"type":"Feature","geometry":{"geodesic":false,"type":"Polygon","coordinates":[[[120.73986239265253,14.809625773994432],[120.74076070793664,14.809625773994432],[120.74076070793664,14.810524089278552],[120.73986239265253,14.810524089278552],[120.73986239265253,14.809625773994432]]]},"id":"+134407+16486","properties":{"cls":1,"count":1}},{"type":"Feature","geometry":{"geodesic":false,"type":"Polygon","coordinates":[[[120.73986239265253,14.785371261323204],[120.74165902322078,14.785371261323204],[120.74165902322078,14.786269576607324],[120.73986239265253,14.786269576607324],[120.73986239265253,14.785371261323204]]]},"id":"+134408+16459","properties":{"cls":1,"count":2}},{"type":"Feature","geometry":{"geodesic":false,"type":"Polygon","coordinates":[[[120.74076070793664,14.801540936437357],[120.74165902322078,14.801540936437357],[120.74165902322078,14.802439251721475],[120.74076070793664,14.802439251721475],[120.74076070793664,14.801540936437357]]]},"id":"+134408+16477","properties":{"cls":1,"count":1}},{"type":"Feature","geometry":{"geodesic":false,"type":"Polygon","coordinates":[[[120.73986239265253,14.808727458710312],[120.73986239265253,14.806930828142074],[120.74076070793664,14.806930828142074],[120.74165902322078,14.808727458710312],[120.73986239265253,14.808727458710312]]]},"id":"+134408+16484","properties":{"cls":1,"count":3}},{"type":"Feature","geometry":{"geodesic":false,"type":"Polygon","coordinates":[[[120.74076070793664,14.837473547802137],[120.74165902322078,14.837473547802137],[120.74165902322078,14.838371863086257],[120.74076070793664,14.838371863086257],[120.74076070793664,14.837473547802137]]]},"id":"+134408+16517","properties":{"cls":1,"count":1}},{"type":"Feature","geometry":{"geodesic":false,"type":"Polygon","coordinates":[[[120.74165902322078,14.782676315470846],[120.74165902322078,14.780879684902608],[120.74076070793664,14.780879684902608],[120.74076070793664,14.782676315470846],[120.73896407736841,14.782676315470846],[120.74076070793664,14.779083054334368],[120.7425573385049,14.779083054334368],[120.7425573385049,14.782676315470846],[120.74165902322078,14.782676315470846]]]},"id":"+134409+16455","properties":{"cls":1,"count":10}},{"type":"Feature","geometry":{"geodesic":false,"type":"Polygon","coordinates":[[[120.74076070793664,14.798845990584997],[120.7425573385049,14.798845990584997],[120.7425573385049,14.799744305869117],[120.74076070793664,14.799744305869117],[120.74076070793664,14.798845990584997]]]},"id":"+134409+16474","properties":{"cls":1,"count":2}},{"type":"Feature","geometry":{"geodesic":false,"type":"Polygon","coordinates":[[[120.74165902322078,14.808727458710312],[120.7425573385049,14.808727458710312],[120.7425573385049,14.810524089278552],[120.74165902322078,14.810524089278552],[120.74165902322078,14.808727458710312]]]},"id":"+134409+16486","properties":{"cls":1,"count":2}},{"type":"Feature","geometry":{"geodesic":false,"type":"Polygon","coordinates":[[[120.74165902322078,14.832981971381539],[120.74165902322078,14.83208365609742],[120.73986239265253,14.83208365609742],[120.73986239265253,14.8311853408133],[120.74165902322078,14.8311853408133],[120.74165902322078,14.83028702552918],[120.7425573385049,14.83028702552918],[120.7425573385049,14.832981971381539],[120.74165902322078,14.832981971381539]]]},"id":"+134409+16511","properties":{"cls":1,"count":5}},{"type":"Feature","geometry":{"geodesic":false,"type":"Polygon","coordinates":[[[120.74165902322078,14.839270178370377],[120.7425573385049,14.839270178370377],[120.7425573385049,14.840168493654495],[120.74165902322078,14.840168493654495],[120.74165902322078,14.839270178370377]]]},"id":"+134409+16519","properties":{"cls":1,"count":1}},{"type":"Feature","geometry":{"geodesic":false,"type":"Polygon","coordinates":[[[120.7425573385049,14.767404955640815],[120.74345565378901,14.767404955640815],[120.74345565378901,14.768303270924934],[120.7425573385049,14.768303270924934],[120.7425573385049,14.767404955640815]]]},"id":"+134410+16439","properties":{"cls":1,"count":1}},{"type":"Feature","geometry":{"geodesic":false,"type":"Polygon","coordinates":[[[120.74165902322078,14.788964522459683],[120.74165902322078,14.787167891891444],[120.7425573385049,14.787167891891444],[120.74345565378901,14.788964522459683],[120.74165902322078,14.788964522459683]]]},"id":"+134410+16462","properties":{"cls":1,"count":3}},{"type":"Feature","geometry":{"geodesic":false,"type":"Polygon","coordinates":[[[120.7425573385049,14.816812296267388],[120.74345565378901,14.816812296267388],[120.74345565378901,14.817710611551508],[120.7425573385049,14.817710611551508],[120.7425573385049,14.816812296267388]]]},"id":"+134410+16494","properties":{"cls":1,"count":1}},{"type":"Feature","geometry":{"geodesic":false,"type":"Polygon","coordinates":[[[120.74165902322078,14.837473547802137],[120.74076070793664,14.835676917233899],[120.74435396907313,14.835676917233899],[120.74345565378901,14.837473547802137],[120.74165902322078,14.837473547802137]]]},"id":"+134410+16516","properties":{"cls":1,"count":6}},{"type":"Feature","geometry":{"geodesic":false,"type":"Polygon","coordinates":[[[120.74345565378901,14.761116748651977],[120.74435396907313,14.761116748651977],[120.74435396907313,14.762015063936097],[120.74345565378901,14.762015063936097],[120.74345565378901,14.761116748651977]]]},"id":"+134411+16432","properties":{"cls":1,"count":1}},{"type":"Feature","geometry":{"geodesic":false,"type":"Polygon","coordinates":[[[120.74345565378901,14.780879684902608],[120.74435396907313,14.780879684902608],[120.74435396907313,14.781778000186726],[120.74345565378901,14.781778000186726],[120.74345565378901,14.780879684902608]]]},"id":"+134411+16454","properties":{"cls":1,"count":1}},{"type":"Feature","geometry":{"geodesic":false,"type":"Polygon","coordinates":[[[120.74345565378901,14.79165946831204],[120.7425573385049,14.789862837743803],[120.74345565378901,14.789862837743803],[120.74345565378901,14.788964522459683],[120.74615059964137,14.788964522459683],[120.74615059964137,14.788066207175564],[120.74704891492549,14.788066207175564],[120.74704891492549,14.789862837743803],[120.74435396907313,14.789862837743803],[120.74435396907313,14.79165946831204],[120.74345565378901,14.79165946831204]]]},"id":"+134411+16465","properties":{"cls":1,"count":8}},{"type":"Feature","geometry":{"geodesic":false,"type":"Polygon","coordinates":[[[120.7425573385049,14.808727458710312],[120.7425573385049,14.806032512857954],[120.74345565378901,14.806032512857954],[120.74345565378901,14.807829143426193],[120.74435396907313,14.807829143426193],[120.74435396907313,14.808727458710312],[120.7425573385049,14.808727458710312]]]},"id":"+134411+16484","properties":{"cls":1,"count":4}},{"type":"Feature","geometry":{"geodesic":false,"type":"Polygon","coordinates":[[[120.74345565378901,14.838371863086257],[120.74435396907313,14.838371863086257],[120.74435396907313,14.839270178370377],[120.74345565378901,14.839270178370377],[120.74345565378901,14.838371863086257]]]},"id":"+134411+16518","properties":{"cls":1,"count":1}},{"type":"Feature","geometry":{"geodesic":false,"type":"Polygon","coordinates":[[[120.74435396907313,14.769201586209054],[120.74525228435725,14.769201586209054],[120.74525228435725,14.770099901493174],[120.74435396907313,14.770099901493174],[120.74435396907313,14.769201586209054]]]},"id":"+134412+16441","properties":{"cls":1,"count":1}},{"type":"Feature","geometry":{"geodesic":false,"type":"Polygon","coordinates":[[[120.74435396907313,14.779981369618488],[120.74525228435725,14.779981369618488],[120.74525228435725,14.780879684902608],[120.74435396907313,14.780879684902608],[120.74435396907313,14.779981369618488]]]},"id":"+134412+16453","properties":{"cls":1,"count":1}},{"type":"Feature","geometry":{"geodesic":false,"type":"Polygon","coordinates":[[[120.7425573385049,14.801540936437357],[120.7425573385049,14.799744305869117],[120.74345565378901,14.799744305869117],[120.74345565378901,14.800642621153237],[120.74525228435725,14.800642621153237],[120.74525228435725,14.801540936437357],[120.7425573385049,14.801540936437357]]]},"id":"+134412+16476","properties":{"cls":1,"count":4}},{"type":"Feature","geometry":{"geodesic":false,"type":"Polygon","coordinates":[[[120.74435396907313,14.809625773994432],[120.74525228435725,14.809625773994432],[120.74525228435725,14.810524089278552],[120.74435396907313,14.810524089278552],[120.74435396907313,14.809625773994432]]]},"id":"+134412+16486","properties":{"cls":1,"count":1}},{"type":"Feature","geometry":{"geodesic":false,"type":"Polygon","coordinates":[[[120.74345565378901,14.83208365609742],[120.74525228435725,14.83208365609742],[120.74525228435725,14.832981971381539],[120.74345565378901,14.832981971381539],[120.74345565378901,14.83208365609742]]]},"id":"+134412+16511","properties":{"cls":1,"count":2}},{"type":"Feature","geometry":{"geodesic":false,"type":"Polygon","coordinates":[[[120.74435396907313,14.760218433367859],[120.74615059964137,14.760218433367859],[120.74615059964137,14.761116748651977],[120.74435396907313,14.761116748651977],[120.74435396907313,14.760218433367859]]]},"id":"+134413+16431","properties":{"cls":1,"count":2}},{"type":"Feature","geometry":{"geodesic":false,"type":"Polygon","coordinates":[[[120.74525228435725,14.770998216777294],[120.74615059964137,14.770998216777294],[120.74615059964137,14.771896532061412],[120.74525228435725,14.771896532061412],[120.74525228435725,14.770998216777294]]]},"id":"+134413+16443","properties":{"cls":1,"count":1}},{"type":"Feature","geometry":{"geodesic":false,"type":"Polygon","coordinates":[[[120.74525228435725,14.79255778359616],[120.74615059964137,14.79255778359616],[120.74615059964137,14.795252729448519],[120.74525228435725,14.795252729448519],[120.74525228435725,14.79255778359616]]]},"id":"+134413+16469","properties":{"cls":1,"count":3}},{"type":"Feature","geometry":{"geodesic":false,"type":"Polygon","coordinates":[[[120.74525228435725,14.803337567005595],[120.74615059964137,14.803337567005595],[120.74615059964137,14.804235882289715],[120.74525228435725,14.804235882289715],[120.74525228435725,14.803337567005595]]]},"id":"+134413+16479","properties":{"cls":1,"count":1}},{"type":"Feature","geometry":{"geodesic":false,"type":"Polygon","coordinates":[[[120.74435396907313,14.81232071984679],[120.74525228435725,14.810524089278552],[120.74615059964137,14.810524089278552],[120.74615059964137,14.81232071984679],[120.74435396907313,14.81232071984679]]]},"id":"+134413+16488","properties":{"cls":1,"count":3}},{"type":"Feature","geometry":{"geodesic":false,"type":"Polygon","coordinates":[[[120.74525228435725,14.832981971381539],[120.74615059964137,14.832981971381539],[120.74615059964137,14.833880286665659],[120.74525228435725,14.833880286665659],[120.74525228435725,14.832981971381539]]]},"id":"+134413+16512","properties":{"cls":1,"count":1}},{"type":"Feature","geometry":{"geodesic":false,"type":"Polygon","coordinates":[[[120.74525228435725,14.763811694504337],[120.74704891492549,14.763811694504337],[120.74704891492549,14.764710009788455],[120.74525228435725,14.764710009788455],[120.74525228435725,14.763811694504337]]]},"id":"+134414+16435","properties":{"cls":1,"count":2}},{"type":"Feature","geometry":{"geodesic":false,"type":"Polygon","coordinates":[[[120.74615059964137,14.800642621153237],[120.74704891492549,14.800642621153237],[120.74704891492549,14.801540936437357],[120.74615059964137,14.801540936437357],[120.74615059964137,14.800642621153237]]]},"id":"+134414+16476","properties":{"cls":1,"count":1}},{"type":"Feature","geometry":{"geodesic":false,"type":"Polygon","coordinates":[[[120.74704891492549,14.762913379220217],[120.7479472302096,14.762913379220217],[120.7479472302096,14.763811694504337],[120.74704891492549,14.763811694504337],[120.74704891492549,14.762913379220217]]]},"id":"+134415+16434","properties":{"cls":1,"count":1}},{"type":"Feature","geometry":{"geodesic":false,"type":"Polygon","coordinates":[[[120.74704891492549,14.771896532061412],[120.7479472302096,14.771896532061412],[120.7479472302096,14.772794847345532],[120.74704891492549,14.772794847345532],[120.74704891492549,14.771896532061412]]]},"id":"+134415+16444","properties":{"cls":1,"count":1}},{"type":"Feature","geometry":{"geodesic":false,"type":"Polygon","coordinates":[[[120.74704891492549,14.77638810848201],[120.7479472302096,14.77638810848201],[120.7479472302096,14.77728642376613],[120.74704891492549,14.77728642376613],[120.74704891492549,14.77638810848201]]]},"id":"+134415+16449","properties":{"cls":1,"count":1}},{"type":"Feature","geometry":{"geodesic":false,"type":"Polygon","coordinates":[[[120.74704891492549,14.803337567005595],[120.7479472302096,14.803337567005595],[120.7479472302096,14.804235882289715],[120.74704891492549,14.804235882289715],[120.74704891492549,14.803337567005595]]]},"id":"+134415+16479","properties":{"cls":1,"count":1}},{"type":"Feature","geometry":{"geodesic":false,"type":"Polygon","coordinates":[[[120.74704891492549,14.83208365609742],[120.7479472302096,14.83208365609742],[120.7479472302096,14.832981971381539],[120.74704891492549,14.832981971381539],[120.74704891492549,14.83208365609742]]]},"id":"+134415+16511","properties":{"cls":1,"count":1}},{"type":"Feature","geometry":{"geodesic":false,"type":"Polygon","coordinates":[[[120.74704891492549,14.759320118083739],[120.74884554549372,14.759320118083739],[120.74884554549372,14.760218433367859],[120.74704891492549,14.760218433367859],[120.74704891492549,14.759320118083739]]]},"id":"+134416+16430","properties":{"cls":1,"count":2}},{"type":"Feature","geometry":{"geodesic":false,"type":"Polygon","coordinates":[[[120.7479472302096,14.770099901493174],[120.74884554549372,14.770099901493174],[120.74884554549372,14.770998216777294],[120.7479472302096,14.770998216777294],[120.7479472302096,14.770099901493174]]]},"id":"+134416+16442","properties":{"cls":1,"count":1}},{"type":"Feature","geometry":{"geodesic":false,"type":"Polygon","coordinates":[[[120.7479472302096,14.772794847345532],[120.74884554549372,14.772794847345532],[120.74884554549372,14.773693162629652],[120.7479472302096,14.773693162629652],[120.7479472302096,14.772794847345532]]]},"id":"+134416+16445","properties":{"cls":1,"count":1}},{"type":"Feature","geometry":{"geodesic":false,"type":"Polygon","coordinates":[[[120.7479472302096,14.7943544141644],[120.7479472302096,14.79255778359616],[120.74974386077784,14.79255778359616],[120.74974386077784,14.79345609888028],[120.7479472302096,14.7943544141644]]]},"id":"+134416+16468","properties":{"cls":1,"count":3}},{"type":"Feature","geometry":{"geodesic":false,"type":"Polygon","coordinates":[[[120.7479472302096,14.832981971381539],[120.74884554549372,14.832981971381539],[120.74884554549372,14.833880286665659],[120.7479472302096,14.833880286665659],[120.7479472302096,14.832981971381539]]]},"id":"+134416+16512","properties":{"cls":1,"count":1}},{"type":"Feature","geometry":{"geodesic":false,"type":"Polygon","coordinates":[[[120.7479472302096,14.834778601949779],[120.74884554549372,14.834778601949779],[120.74884554549372,14.835676917233899],[120.7479472302096,14.835676917233899],[120.7479472302096,14.834778601949779]]]},"id":"+134416+16514","properties":{"cls":1,"count":1}},{"type":"Feature","geometry":{"geodesic":false,"type":"Polygon","coordinates":[[[120.74884554549372,14.773693162629652],[120.74974386077784,14.773693162629652],[120.74974386077784,14.77459147791377],[120.74884554549372,14.77459147791377],[120.74884554549372,14.773693162629652]]]},"id":"+134417+16446","properties":{"cls":1,"count":1}},{"type":"Feature","geometry":{"geodesic":false,"type":"Polygon","coordinates":[[[120.74884554549372,14.77548979319789],[120.74974386077784,14.77548979319789],[120.74974386077784,14.77638810848201],[120.74884554549372,14.77638810848201],[120.74884554549372,14.77548979319789]]]},"id":"+134417+16448","properties":{"cls":1,"count":1}},{"type":"Feature","geometry":{"geodesic":false,"type":"Polygon","coordinates":[[[120.74884554549372,14.780879684902608],[120.74974386077784,14.780879684902608],[120.74974386077784,14.781778000186726],[120.74884554549372,14.781778000186726],[120.74884554549372,14.780879684902608]]]},"id":"+134417+16454","properties":{"cls":1,"count":1}},{"type":"Feature","geometry":{"geodesic":false,"type":"Polygon","coordinates":[[[120.74884554549372,14.795252729448519],[120.74974386077784,14.795252729448519],[120.74974386077784,14.796151044732639],[120.74884554549372,14.796151044732639],[120.74884554549372,14.795252729448519]]]},"id":"+134417+16470","properties":{"cls":1,"count":1}},{"type":"Feature","geometry":{"geodesic":false,"type":"Polygon","coordinates":[[[120.7479472302096,14.809625773994432],[120.74974386077784,14.809625773994432],[120.74974386077784,14.810524089278552],[120.7479472302096,14.810524089278552],[120.7479472302096,14.809625773994432]]]},"id":"+134417+16486","properties":{"cls":1,"count":2}},{"type":"Feature","geometry":{"geodesic":false,"type":"Polygon","coordinates":[[[120.74884554549372,14.835676917233899],[120.74974386077784,14.835676917233899],[120.74974386077784,14.836575232518017],[120.74884554549372,14.836575232518017],[120.74884554549372,14.835676917233899]]]},"id":"+134417+16515","properties":{"cls":1,"count":1}},{"type":"Feature","geometry":{"geodesic":false,"type":"Polygon","coordinates":[[[120.74974386077784,14.781778000186726],[120.75064217606196,14.781778000186726],[120.75064217606196,14.782676315470846],[120.74974386077784,14.782676315470846],[120.74974386077784,14.781778000186726]]]},"id":"+134418+16455","properties":{"cls":1,"count":1}},{"type":"Feature","geometry":{"geodesic":false,"type":"Polygon","coordinates":[[[120.74974386077784,14.784472946039086],[120.75064217606196,14.784472946039086],[120.75064217606196,14.785371261323204],[120.74974386077784,14.785371261323204],[120.74974386077784,14.784472946039086]]]},"id":"+134418+16458","properties":{"cls":1,"count":1}},{"type":"Feature","geometry":{"geodesic":false,"type":"Polygon","coordinates":[[[120.74974386077784,14.809625773994432],[120.74974386077784,14.808727458710312],[120.7479472302096,14.808727458710312],[120.7479472302096,14.805134197573835],[120.74884554549372,14.805134197573835],[120.74884554549372,14.806930828142074],[120.75064217606196,14.807829143426193],[120.75064217606196,14.809625773994432],[120.74974386077784,14.809625773994432]]]},"id":"+134418+16485","properties":{"cls":1,"count":8}},{"type":"Feature","geometry":{"geodesic":false,"type":"Polygon","coordinates":[[[120.73986239265253,14.822202187972106],[120.73986239265253,14.821303872687986],[120.73806576208429,14.821303872687986],[120.73896407736841,14.819507242119746],[120.73716744680017,14.819507242119746],[120.73716744680017,14.817710611551508],[120.73806576208429,14.817710611551508],[120.73806576208429,14.818608926835628],[120.73986239265253,14.818608926835628],[120.73986239265253,14.817710611551508],[120.73896407736841,14.817710611551508],[120.73896407736841,14.816812296267388],[120.73716744680017,14.816812296267388],[120.73716744680017,14.815913980983268],[120.73896407736841,14.815913980983268],[120.73896407736841,14.81321903513091],[120.74076070793664,14.81232071984679],[120.74076070793664,14.810524089278552],[120.74165902322078,14.810524089278552],[120.74165902322078,14.81232071984679],[120.7425573385049,14.81232071984679],[120.7425573385049,14.81321903513091],[120.74435396907313,14.81321903513091],[120.74435396907313,14.81501566569915],[120.74525228435725,14.81501566569915],[120.74525228435725,14.81321903513091],[120.74615059964137,14.81321903513091],[120.74615059964137,14.81411735041503],[120.7479472302096,14.81501566569915],[120.7479472302096,14.81232071984679],[120.74974386077784,14.811422404562672],[120.74974386077784,14.81321903513091],[120.74884554549372,14.81321903513091],[120.74884554549372,14.81411735041503],[120.74974386077784,14.81411735041503],[120.74974386077784,14.815913980983268],[120.75154049134609,14.815913980983268],[120.75064217606197,14.817710611551508],[120.75243880663021,14.817710611551508],[120.75243880663021,14.818608926835628],[120.75064217606197,14.818608926835628],[120.75064217606197,14.819507242119746],[120.75333712191433,14.821303872687986],[120.75333712191433,14.823100503256224],[120.75154049134609,14.822202187972106],[120.75333712191433,14.824897133824464],[120.75154049134609,14.824897133824464],[120.75154049134609,14.823998818540344],[120.75064217606197,14.823998818540344],[120.75064217606197,14.827592079676823],[120.75243880663021,14.827592079676823],[120.75243880663021,14.82938871024506],[120.75064217606197,14.828490394960943],[120.75064217606197,14.82938871024506],[120.74974386077784,14.82938871024506],[120.74974386077784,14.83028702552918],[120.75064217606197,14.83028702552918],[120.75064217606197,14.832981971381539],[120.74884554549372,14.832981971381539],[120.7479472302096,14.8311853408133],[120.74704891492549,14.8311853408133],[120.74704891492549,14.83208365609742],[120.74525228435725,14.83208365609742],[120.74525228435725,14.83028702552918],[120.74435396907313,14.83028702552918],[120.74435396907313,14.828490394960943],[120.7425573385049,14.828490394960943],[120.74165902322078,14.826693764392703],[120.73986239265253,14.826693764392703],[120.73986239265253,14.827592079676823],[120.74076070793664,14.827592079676823],[120.74076070793664,14.82938871024506],[120.73896407736841,14.82938871024506],[120.73896407736841,14.827592079676823],[120.73716744680017,14.827592079676823],[120.73716744680017,14.826693764392703],[120.73267587037958,14.826693764392703],[120.73267587037958,14.825795449108584],[120.7335741856637,14.825795449108584],[120.7335741856637,14.823998818540344],[120.73267587037958,14.823998818540344],[120.73267587037958,14.822202187972106],[120.73447250094782,14.822202187972106],[120.73447250094782,14.823100503256224],[120.73537081623194,14.823100503256224],[120.73537081623194,14.822202187972106],[120.73986239265253,14.822202187972106]],[[120.73716744680017,14.826693764392703],[120.73716744680017,14.825795449108584],[120.73447250094782,14.825795449108584],[120.73447250094782,14.824897133824464],[120.73537081623194,14.824897133824464],[120.73537081623194,14.823998818540344],[120.73716744680017,14.823998818540344],[120.73716744680017,14.824897133824464],[120.73896407736841,14.825795449108584],[120.73896407736841,14.826693764392703],[120.73716744680017,14.826693764392703]],[[120.73986239265253,14.817710611551508],[120.73986239265253,14.815913980983268],[120.74076070793664,14.815913980983268],[120.74076070793664,14.817710611551508],[120.73986239265253,14.817710611551508]],[[120.73986239265253,14.821303872687986],[120.73986239265253,14.819507242119746],[120.74165902322078,14.819507242119746],[120.74165902322078,14.821303872687986],[120.73986239265253,14.821303872687986]],[[120.73986239265253,14.822202187972106],[120.74165902322078,14.823100503256224],[120.74165902322078,14.824897133824464],[120.73986239265253,14.825795449108584],[120.73986239265253,14.823998818540344],[120.74076070793664,14.823998818540344],[120.74076070793664,14.823100503256224],[120.73986239265253,14.823100503256224],[120.73986239265253,14.822202187972106]],[[120.74525228435725,14.83028702552918],[120.74525228435725,14.828490394960943],[120.74704891492549,14.828490394960943],[120.74704891492549,14.82938871024506],[120.74525228435725,14.83028702552918]],[[120.74974386077784,14.815913980983268],[120.74974386077784,14.819507242119746],[120.7479472302096,14.818608926835628],[120.7479472302096,14.817710611551508],[120.74884554549372,14.817710611551508],[120.74884554549372,14.815913980983268],[120.74974386077784,14.815913980983268]],[[120.73986239265253,14.81501566569915],[120.74076070793664,14.81321903513091],[120.74165902322078,14.81321903513091],[120.74165902322078,14.81501566569915],[120.73986239265253,14.81501566569915]],[[120.74165902322078,14.816812296267388],[120.7425573385049,14.816812296267388],[120.7425573385049,14.815913980983268],[120.74435396907313,14.815913980983268],[120.74435396907313,14.820405557403866],[120.74525228435725,14.820405557403866],[120.74525228435725,14.821303872687986],[120.7425573385049,14.821303872687986],[120.74165902322078,14.816812296267388]],[[120.7425573385049,14.81411735041503],[120.74345565378901,14.81411735041503],[120.74345565378901,14.81501566569915],[120.7425573385049,14.81501566569915],[120.7425573385049,14.81411735041503]],[[120.74525228435725,14.815913980983268],[120.74704891492549,14.815913980983268],[120.74704891492549,14.818608926835628],[120.74525228435725,14.818608926835628],[120.74615059964137,14.816812296267388],[120.74525228435725,14.816812296267388],[120.74525228435725,14.815913980983268]],[[120.74615059964137,14.819507242119746],[120.7479472302096,14.819507242119746],[120.7479472302096,14.820405557403866],[120.74615059964137,14.820405557403866],[120.74615059964137,14.819507242119746]],[[120.7479472302096,14.821303872687986],[120.74884554549372,14.821303872687986],[120.74884554549372,14.822202187972106],[120.7479472302096,14.822202187972106],[120.7479472302096,14.821303872687986]],[[120.74974386077784,14.822202187972106],[120.75064217606197,14.822202187972106],[120.75064217606197,14.823100503256224],[120.74974386077784,14.823100503256224],[120.74974386077784,14.822202187972106]],[[120.74525228435725,14.823100503256224],[120.74615059964137,14.821303872687986],[120.74704891492549,14.821303872687986],[120.74704891492549,14.823100503256224],[120.74525228435725,14.823100503256224]],[[120.7479472302096,14.826693764392703],[120.7479472302096,14.827592079676823],[120.74615059964137,14.827592079676823],[120.74615059964137,14.826693764392703],[120.7479472302096,14.826693764392703]],[[120.7479472302096,14.826693764392703],[120.7479472302096,14.823998818540344],[120.74884554549372,14.823998818540344],[120.74884554549372,14.826693764392703],[120.7479472302096,14.826693764392703]],[[120.74435396907313,14.825795449108584],[120.74435396907313,14.827592079676823],[120.74345565378901,14.827592079676823],[120.74345565378901,14.825795449108584],[120.7425573385049,14.825795449108584],[120.7425573385049,14.824897133824464],[120.74435396907313,14.825795449108584]],[[120.74435396907313,14.825795449108584],[120.74435396907313,14.823998818540344],[120.7425573385049,14.823998818540344],[120.7425573385049,14.822202187972106],[120.74435396907313,14.822202187972106],[120.74435396907313,14.823100503256224],[120.74525228435725,14.823100503256224],[120.74525228435725,14.824897133824464],[120.74704891492549,14.823998818540344],[120.74704891492549,14.824897133824464],[120.74615059964137,14.824897133824464],[120.74615059964137,14.825795449108584],[120.74435396907313,14.825795449108584]]]},"id":"+134418+16511","properties":{"cls":1,"count":225}},{"type":"Feature","geometry":{"geodesic":false,"type":"Polygon","coordinates":[[[120.75064217606196,14.773693162629652],[120.75154049134609,14.773693162629652],[120.75154049134609,14.77459147791377],[120.75064217606196,14.77459147791377],[120.75064217606196,14.773693162629652]]]},"id":"+134419+16446","properties":{"cls":1,"count":1}},{"type":"Feature","geometry":{"geodesic":false,"type":"Polygon","coordinates":[[[120.75064217606196,14.796151044732639],[120.74974386077784,14.7943544141644],[120.75243880663021,14.7943544141644],[120.75243880663021,14.79255778359616],[120.75423543719845,14.79255778359616],[120.75423543719845,14.79345609888028],[120.75513375248256,14.79345609888028],[120.75513375248256,14.79165946831204],[120.75872701361904,14.79165946831204],[120.75872701361904,14.79255778359616],[120.75603206776668,14.79255778359616],[120.75603206776668,14.7943544141644],[120.75513375248256,14.7943544141644],[120.75513375248256,14.795252729448519],[120.75333712191433,14.7943544141644],[120.75333712191433,14.795252729448519],[120.75154049134609,14.795252729448519],[120.75154049134609,14.796151044732639],[120.75064217606196,14.796151044732639]]]},"id":"+134419+16470","properties":{"cls":1,"count":17}},{"type":"Feature","geometry":{"geodesic":false,"type":"Polygon","coordinates":[[[120.75064217606196,14.797049360016759],[120.75154049134609,14.797049360016759],[120.75154049134609,14.797947675300879],[120.75064217606196,14.797947675300879],[120.75064217606196,14.797049360016759]]]},"id":"+134419+16472","properties":{"cls":1,"count":1}},{"type":"Feature","geometry":{"geodesic":false,"type":"Polygon","coordinates":[[[120.74974386077784,14.838371863086257],[120.74974386077784,14.836575232518017],[120.75064217606196,14.836575232518017],[120.75154049134609,14.838371863086257],[120.74974386077784,14.838371863086257]]]},"id":"+134419+16517","properties":{"cls":1,"count":3}},{"type":"Feature","geometry":{"geodesic":false,"type":"Polygon","coordinates":[[[120.75154049134609,14.785371261323204],[120.75243880663021,14.785371261323204],[120.75243880663021,14.786269576607324],[120.75154049134609,14.786269576607324],[120.75154049134609,14.785371261323204]]]},"id":"+134420+16459","properties":{"cls":1,"count":1}},{"type":"Feature","geometry":{"geodesic":false,"type":"Polygon","coordinates":[[[120.74974386077784,14.800642621153237],[120.75064217606196,14.798845990584997],[120.75243880663021,14.799744305869117],[120.75243880663021,14.800642621153237],[120.74974386077784,14.800642621153237]]]},"id":"+134420+16475","properties":{"cls":1,"count":4}},{"type":"Feature","geometry":{"geodesic":false,"type":"Polygon","coordinates":[[[120.75154049134609,14.801540936437357],[120.75243880663021,14.801540936437357],[120.75243880663021,14.802439251721475],[120.75154049134609,14.802439251721475],[120.75154049134609,14.801540936437357]]]},"id":"+134420+16477","properties":{"cls":1,"count":1}},{"type":"Feature","geometry":{"geodesic":false,"type":"Polygon","coordinates":[[[120.75154049134609,14.81411735041503],[120.75154049134609,14.807829143426193],[120.75333712191433,14.807829143426193],[120.75333712191433,14.808727458710312],[120.75243880663021,14.808727458710312],[120.75243880663021,14.811422404562672],[120.75333712191433,14.811422404562672],[120.75333712191433,14.81232071984679],[120.75243880663021,14.81232071984679],[120.75243880663021,14.81411735041503],[120.75154049134609,14.81411735041503]]]},"id":"+134420+16490","properties":{"cls":1,"count":9}},{"type":"Feature","geometry":{"geodesic":false,"type":"Polygon","coordinates":[[[120.75243880663021,14.768303270924934],[120.75333712191433,14.768303270924934],[120.75333712191433,14.769201586209054],[120.75243880663021,14.769201586209054],[120.75243880663021,14.768303270924934]]]},"id":"+134421+16440","properties":{"cls":1,"count":1}},{"type":"Feature","geometry":{"geodesic":false,"type":"Polygon","coordinates":[[[120.75243880663021,14.782676315470846],[120.75333712191433,14.782676315470846],[120.75333712191433,14.783574630754966],[120.75243880663021,14.783574630754966],[120.75243880663021,14.782676315470846]]]},"id":"+134421+16456","properties":{"cls":1,"count":1}},{"type":"Feature","geometry":{"geodesic":false,"type":"Polygon","coordinates":[[[120.75243880663021,14.797947675300879],[120.75333712191433,14.797947675300879],[120.75333712191433,14.798845990584997],[120.75243880663021,14.798845990584997],[120.75243880663021,14.797947675300879]]]},"id":"+134421+16473","properties":{"cls":1,"count":1}},{"type":"Feature","geometry":{"geodesic":false,"type":"Polygon","coordinates":[[[120.75243880663021,14.802439251721475],[120.75333712191433,14.802439251721475],[120.75333712191433,14.803337567005595],[120.75243880663021,14.803337567005595],[120.75243880663021,14.802439251721475]]]},"id":"+134421+16478","properties":{"cls":1,"count":1}},{"type":"Feature","geometry":{"geodesic":false,"type":"Polygon","coordinates":[[[120.75243880663021,14.805134197573835],[120.75333712191433,14.805134197573835],[120.75333712191433,14.806032512857954],[120.75243880663021,14.806032512857954],[120.75243880663021,14.805134197573835]]]},"id":"+134421+16481","properties":{"cls":1,"count":1}},{"type":"Feature","geometry":{"geodesic":false,"type":"Polygon","coordinates":[[[120.75243880663021,14.818608926835628],[120.75333712191433,14.818608926835628],[120.75333712191433,14.819507242119746],[120.75243880663021,14.819507242119746],[120.75243880663021,14.818608926835628]]]},"id":"+134421+16496","properties":{"cls":1,"count":1}},{"type":"Feature","geometry":{"geodesic":false,"type":"Polygon","coordinates":[[[120.75243880663021,14.841965124222735],[120.75333712191433,14.841965124222735],[120.75333712191433,14.842863439506853],[120.75243880663021,14.842863439506853],[120.75243880663021,14.841965124222735]]]},"id":"+134421+16522","properties":{"cls":1,"count":1}},{"type":"Feature","geometry":{"geodesic":false,"type":"Polygon","coordinates":[[[120.75333712191433,14.785371261323204],[120.75423543719845,14.785371261323204],[120.75423543719845,14.786269576607324],[120.75333712191433,14.786269576607324],[120.75333712191433,14.785371261323204]]]},"id":"+134422+16459","properties":{"cls":1,"count":1}},{"type":"Feature","geometry":{"geodesic":false,"type":"Polygon","coordinates":[[[120.75154049134609,14.790761153027923],[120.75064217606196,14.787167891891444],[120.75423543719845,14.787167891891444],[120.75423543719845,14.788066207175564],[120.75243880663021,14.788066207175564],[120.75423543719845,14.790761153027923],[120.75154049134609,14.790761153027923]]]},"id":"+134422+16464","properties":{"cls":1,"count":11}},{"type":"Feature","geometry":{"geodesic":false,"type":"Polygon","coordinates":[[[120.75333712191433,14.801540936437357],[120.75423543719845,14.801540936437357],[120.75423543719845,14.802439251721475],[120.75333712191433,14.802439251721475],[120.75333712191433,14.801540936437357]]]},"id":"+134422+16477","properties":{"cls":1,"count":1}},{"type":"Feature","geometry":{"geodesic":false,"type":"Polygon","coordinates":[[[120.75333712191433,14.803337567005595],[120.75423543719845,14.803337567005595],[120.75423543719845,14.805134197573835],[120.75333712191433,14.805134197573835],[120.75333712191433,14.803337567005595]]]},"id":"+134422+16480","properties":{"cls":1,"count":2}},{"type":"Feature","geometry":{"geodesic":false,"type":"Polygon","coordinates":[[[120.75333712191433,14.809625773994432],[120.75423543719845,14.809625773994432],[120.75423543719845,14.810524089278552],[120.75333712191433,14.810524089278552],[120.75333712191433,14.809625773994432]]]},"id":"+134422+16486","properties":{"cls":1,"count":1}},{"type":"Feature","geometry":{"geodesic":false,"type":"Polygon","coordinates":[[[120.75333712191433,14.819507242119746],[120.75423543719845,14.819507242119746],[120.75423543719845,14.821303872687986],[120.75333712191433,14.821303872687986],[120.75333712191433,14.819507242119746]]]},"id":"+134422+16498","properties":{"cls":1,"count":2}},{"type":"Feature","geometry":{"geodesic":false,"type":"Polygon","coordinates":[[[120.75513375248256,14.82938871024506],[120.75513375248256,14.827592079676823],[120.75333712191433,14.827592079676823],[120.75333712191433,14.824897133824464],[120.75423543719845,14.824897133824464],[120.75513375248256,14.826693764392703],[120.75603206776668,14.826693764392703],[120.75603206776668,14.824897133824464],[120.75782869833492,14.825795449108584],[120.75782869833492,14.824897133824464],[120.7614219594714,14.824897133824464],[120.7614219594714,14.827592079676823],[120.76232027475552,14.827592079676823],[120.76232027475552,14.828490394960943],[120.76052364418729,14.828490394960943],[120.76052364418729,14.83028702552918],[120.76321859003964,14.83028702552918],[120.76321859003964,14.83208365609742],[120.7614219594714,14.83208365609742],[120.7614219594714,14.833880286665659],[120.75962532890316,14.832981971381539],[120.75962532890316,14.834778601949779],[120.76052364418729,14.834778601949779],[120.76052364418729,14.835676917233899],[120.76232027475552,14.834778601949779],[120.76232027475552,14.836575232518017],[120.7614219594714,14.836575232518017],[120.76232027475552,14.838371863086257],[120.76052364418729,14.839270178370377],[120.76052364418729,14.837473547802137],[120.75782869833492,14.837473547802137],[120.75782869833492,14.838371863086257],[120.7569303830508,14.838371863086257],[120.7569303830508,14.836575232518017],[120.75603206776668,14.836575232518017],[120.75603206776668,14.837473547802137],[120.75423543719845,14.836575232518017],[120.75423543719845,14.837473547802137],[120.75513375248256,14.837473547802137],[120.75513375248256,14.839270178370377],[120.75333712191433,14.840168493654495],[120.75243880663021,14.836575232518017],[120.75154049134609,14.836575232518017],[120.75154049134609,14.835676917233899],[120.74974386077784,14.835676917233899],[120.74974386077784,14.834778601949779],[120.75154049134609,14.833880286665659],[120.75154049134609,14.83208365609742],[120.75333712191433,14.83208365609742],[120.75333712191433,14.82938871024506],[120.75513375248256,14.82938871024506]],[[120.75962532890316,14.832981971381539],[120.75872701361904,14.832981971381539],[120.75872701361904,14.83208365609742],[120.75962532890316,14.83208365609742],[120.75962532890316,14.832981971381539]],[[120.76052364418729,14.828490394960943],[120.75962532890316,14.828490394960943],[120.75962532890316,14.827592079676823],[120.76052364418729,14.827592079676823],[120.76052364418729,14.828490394960943]],[[120.75243880663021,14.834778601949779],[120.75333712191433,14.834778601949779],[120.75333712191433,14.835676917233899],[120.75243880663021,14.835676917233899],[120.75243880663021,14.834778601949779]],[[120.75782869833492,14.82938871024506],[120.75872701361904,14.82938871024506],[120.75872701361904,14.83028702552918],[120.75782869833492,14.83028702552918],[120.75782869833492,14.82938871024506]],[[120.75603206776668,14.833880286665659],[120.75603206776668,14.834778601949779],[120.75423543719845,14.834778601949779],[120.75423543719845,14.833880286665659],[120.75603206776668,14.833880286665659]],[[120.75603206776668,14.833880286665659],[120.75603206776668,14.83208365609742],[120.7569303830508,14.83208365609742],[120.7569303830508,14.832981971381539],[120.75782869833492,14.832981971381539],[120.75782869833492,14.834778601949779],[120.75872701361904,14.834778601949779],[120.75962532890316,14.836575232518017],[120.7569303830508,14.834778601949779],[120.7569303830508,14.833880286665659],[120.75603206776668,14.833880286665659]],[[120.75513375248256,14.83028702552918],[120.75513375248256,14.83208365609742],[120.75423543719845,14.83208365609742],[120.75423543719845,14.83028702552918],[120.75513375248256,14.83028702552918]],[[120.75513375248256,14.83028702552918],[120.75513375248256,14.82938871024506],[120.75603206776668,14.82938871024506],[120.75603206776668,14.83028702552918],[120.75513375248256,14.83028702552918]]]},"id":"+134422+16519","properties":{"cls":1,"count":126}},{"type":"Feature","geometry":{"geodesic":false,"type":"Polygon","coordinates":[[[120.75423543719845,14.771896532061412],[120.75513375248256,14.771896532061412],[120.75513375248256,14.772794847345532],[120.75423543719845,14.772794847345532],[120.75423543719845,14.771896532061412]]]},"id":"+134423+16444","properties":{"cls":1,"count":1}},{"type":"Feature","geometry":{"geodesic":false,"type":"Polygon","coordinates":[[[120.75423543719845,14.797049360016759],[120.75513375248256,14.797049360016759],[120.75513375248256,14.797947675300879],[120.75423543719845,14.797947675300879],[120.75423543719845,14.797049360016759]]]},"id":"+134423+16472","properties":{"cls":1,"count":1}},{"type":"Feature","geometry":{"geodesic":false,"type":"Polygon","coordinates":[[[120.75333712191433,14.799744305869117],[120.75513375248256,14.799744305869117],[120.75513375248256,14.800642621153237],[120.75333712191433,14.800642621153237],[120.75333712191433,14.799744305869117]]]},"id":"+134423+16475","properties":{"cls":1,"count":2}},{"type":"Feature","geometry":{"geodesic":false,"type":"Polygon","coordinates":[[[120.75423543719845,14.805134197573835],[120.75513375248256,14.805134197573835],[120.75513375248256,14.806032512857954],[120.75423543719845,14.806032512857954],[120.75423543719845,14.805134197573835]]]},"id":"+134423+16481","properties":{"cls":1,"count":1}},{"type":"Feature","geometry":{"geodesic":false,"type":"Polygon","coordinates":[[[120.75423543719845,14.810524089278552],[120.75513375248256,14.810524089278552],[120.75513375248256,14.81232071984679],[120.75423543719845,14.81232071984679],[120.75423543719845,14.810524089278552]]]},"id":"+134423+16488","properties":{"cls":1,"count":2}},{"type":"Feature","geometry":{"geodesic":false,"type":"Polygon","coordinates":[[[120.75423543719845,14.81501566569915],[120.75513375248256,14.81501566569915],[120.75513375248256,14.815913980983268],[120.75423543719845,14.815913980983268],[120.75423543719845,14.81501566569915]]]},"id":"+134423+16492","properties":{"cls":1,"count":1}},{"type":"Feature","geometry":{"geodesic":false,"type":"Polygon","coordinates":[[[120.75423543719845,14.840168493654495],[120.75513375248256,14.840168493654495],[120.75513375248256,14.841066808938615],[120.75423543719845,14.841066808938615],[120.75423543719845,14.840168493654495]]]},"id":"+134423+16520","properties":{"cls":1,"count":1}},{"type":"Feature","geometry":{"geodesic":false,"type":"Polygon","coordinates":[[[120.75513375248256,14.770099901493174],[120.75603206776668,14.770099901493174],[120.75603206776668,14.770998216777294],[120.75513375248256,14.770998216777294],[120.75513375248256,14.770099901493174]]]},"id":"+134424+16442","properties":{"cls":1,"count":1}},{"type":"Feature","geometry":{"geodesic":false,"type":"Polygon","coordinates":[[[120.75513375248256,14.773693162629652],[120.75603206776668,14.773693162629652],[120.75603206776668,14.77459147791377],[120.75513375248256,14.77459147791377],[120.75513375248256,14.773693162629652]]]},"id":"+134424+16446","properties":{"cls":1,"count":1}},{"type":"Feature","geometry":{"geodesic":false,"type":"Polygon","coordinates":[[[120.75513375248256,14.803337567005595],[120.75603206776668,14.803337567005595],[120.75603206776668,14.804235882289715],[120.75513375248256,14.804235882289715],[120.75513375248256,14.803337567005595]]]},"id":"+134424+16479","properties":{"cls":1,"count":1}},{"type":"Feature","geometry":{"geodesic":false,"type":"Polygon","coordinates":[[[120.75423543719845,14.824897133824464],[120.75333712191433,14.823100503256224],[120.7569303830508,14.823100503256224],[120.75603206776668,14.824897133824464],[120.75423543719845,14.824897133824464]]]},"id":"+134424+16502","properties":{"cls":1,"count":6}},{"type":"Feature","geometry":{"geodesic":false,"type":"Polygon","coordinates":[[[120.75603206776668,14.771896532061412],[120.7569303830508,14.771896532061412],[120.7569303830508,14.772794847345532],[120.75603206776668,14.772794847345532],[120.75603206776668,14.771896532061412]]]},"id":"+134425+16444","properties":{"cls":1,"count":1}},{"type":"Feature","geometry":{"geodesic":false,"type":"Polygon","coordinates":[[[120.75603206776668,14.77638810848201],[120.7569303830508,14.77638810848201],[120.7569303830508,14.77728642376613],[120.75603206776668,14.77728642376613],[120.75603206776668,14.77638810848201]]]},"id":"+134425+16449","properties":{"cls":1,"count":1}},{"type":"Feature","geometry":{"geodesic":false,"type":"Polygon","coordinates":[[[120.75603206776668,14.796151044732639],[120.7569303830508,14.796151044732639],[120.7569303830508,14.797049360016759],[120.75603206776668,14.797049360016759],[120.75603206776668,14.796151044732639]]]},"id":"+134425+16471","properties":{"cls":1,"count":1}},{"type":"Feature","geometry":{"geodesic":false,"type":"Polygon","coordinates":[[[120.75603206776668,14.838371863086257],[120.7569303830508,14.838371863086257],[120.7569303830508,14.839270178370377],[120.75603206776668,14.839270178370377],[120.75603206776668,14.838371863086257]]]},"id":"+134425+16518","properties":{"cls":1,"count":1}},{"type":"Feature","geometry":{"geodesic":false,"type":"Polygon","coordinates":[[[120.75513375248256,14.841965124222735],[120.75603206776668,14.840168493654495],[120.75782869833492,14.840168493654495],[120.7569303830508,14.841965124222735],[120.75513375248256,14.841965124222735]]]},"id":"+134425+16521","properties":{"cls":1,"count":4}},{"type":"Feature","geometry":{"geodesic":false,"type":"Polygon","coordinates":[[[120.7569303830508,14.768303270924934],[120.75782869833492,14.768303270924934],[120.75782869833492,14.770099901493174],[120.7569303830508,14.770099901493174],[120.7569303830508,14.768303270924934]]]},"id":"+134426+16441","properties":{"cls":1,"count":2}},{"type":"Feature","geometry":{"geodesic":false,"type":"Polygon","coordinates":[[[120.7569303830508,14.772794847345532],[120.75782869833492,14.772794847345532],[120.75782869833492,14.773693162629652],[120.7569303830508,14.773693162629652],[120.7569303830508,14.772794847345532]]]},"id":"+134426+16445","properties":{"cls":1,"count":1}},{"type":"Feature","geometry":{"geodesic":false,"type":"Polygon","coordinates":[[[120.7569303830508,14.788066207175564],[120.75603206776668,14.786269576607324],[120.75782869833492,14.786269576607324],[120.75782869833492,14.788066207175564],[120.7569303830508,14.788066207175564]]]},"id":"+134426+16461","properties":{"cls":1,"count":3}},{"type":"Feature","geometry":{"geodesic":false,"type":"Polygon","coordinates":[[[120.75603206776668,14.790761153027923],[120.75603206776668,14.788964522459683],[120.7569303830508,14.788964522459683],[120.75782869833492,14.790761153027923],[120.75603206776668,14.790761153027923]]]},"id":"+134426+16464","properties":{"cls":1,"count":3}},{"type":"Feature","geometry":{"geodesic":false,"type":"Polygon","coordinates":[[[120.7569303830508,14.7943544141644],[120.75782869833492,14.7943544141644],[120.75782869833492,14.795252729448519],[120.7569303830508,14.795252729448519],[120.7569303830508,14.7943544141644]]]},"id":"+134426+16469","properties":{"cls":1,"count":1}},{"type":"Feature","geometry":{"geodesic":false,"type":"Polygon","coordinates":[[[120.7569303830508,14.81411735041503],[120.75782869833492,14.81411735041503],[120.75782869833492,14.81501566569915],[120.7569303830508,14.81501566569915],[120.7569303830508,14.81411735041503]]]},"id":"+134426+16491","properties":{"cls":1,"count":1}},{"type":"Feature","geometry":{"geodesic":false,"type":"Polygon","coordinates":[[[120.7569303830508,14.819507242119746],[120.7569303830508,14.818608926835628],[120.75603206776668,14.818608926835628],[120.7569303830508,14.816812296267388],[120.75603206776668,14.816812296267388],[120.75603206776668,14.81501566569915],[120.7569303830508,14.81501566569915],[120.7569303830508,14.815913980983268],[120.76052364418727,14.815913980983268],[120.76052364418727,14.817710611551508],[120.75782869833492,14.817710611551508],[120.75782869833492,14.819507242119746],[120.7569303830508,14.819507242119746]]]},"id":"+134426+16496","properties":{"cls":1,"count":13}},{"type":"Feature","geometry":{"geodesic":false,"type":"Polygon","coordinates":[[[120.75782869833492,14.77548979319789],[120.75872701361904,14.77548979319789],[120.75872701361904,14.77638810848201],[120.75782869833492,14.77638810848201],[120.75782869833492,14.77548979319789]]]},"id":"+134427+16448","properties":{"cls":1,"count":1}},{"type":"Feature","geometry":{"geodesic":false,"type":"Polygon","coordinates":[[[120.75782869833492,14.788066207175564],[120.75872701361904,14.788066207175564],[120.75872701361904,14.788964522459683],[120.75782869833492,14.788964522459683],[120.75782869833492,14.788066207175564]]]},"id":"+134427+16462","properties":{"cls":1,"count":1}},{"type":"Feature","geometry":{"geodesic":false,"type":"Polygon","coordinates":[[[120.75782869833492,14.806032512857954],[120.75872701361904,14.806032512857954],[120.75872701361904,14.806930828142074],[120.75782869833492,14.806930828142074],[120.75782869833492,14.806032512857954]]]},"id":"+134427+16482","properties":{"cls":1,"count":1}},{"type":"Feature","geometry":{"geodesic":false,"type":"Polygon","coordinates":[[[120.75782869833492,14.81321903513091],[120.75872701361904,14.81321903513091],[120.75872701361904,14.81411735041503],[120.75782869833492,14.81411735041503],[120.75782869833492,14.81321903513091]]]},"id":"+134427+16490","properties":{"cls":1,"count":1}},{"type":"Feature","geometry":{"geodesic":false,"type":"Polygon","coordinates":[[[120.75872701361904,14.77638810848201],[120.75962532890316,14.77638810848201],[120.75962532890316,14.77728642376613],[120.75872701361904,14.77728642376613],[120.75872701361904,14.77638810848201]]]},"id":"+134428+16449","properties":{"cls":1,"count":1}},{"type":"Feature","geometry":{"geodesic":false,"type":"Polygon","coordinates":[[[120.75872701361904,14.780879684902608],[120.75962532890316,14.780879684902608],[120.75962532890316,14.781778000186726],[120.75872701361904,14.781778000186726],[120.75872701361904,14.780879684902608]]]},"id":"+134428+16454","properties":{"cls":1,"count":1}},{"type":"Feature","geometry":{"geodesic":false,"type":"Polygon","coordinates":[[[120.75872701361904,14.788964522459683],[120.75962532890316,14.788964522459683],[120.75962532890316,14.790761153027923],[120.75872701361904,14.790761153027923],[120.75872701361904,14.788964522459683]]]},"id":"+134428+16464","properties":{"cls":1,"count":2}},{"type":"Feature","geometry":{"geodesic":false,"type":"Polygon","coordinates":[[[120.75782869833492,14.804235882289715],[120.75782869833492,14.801540936437357],[120.75872701361904,14.801540936437357],[120.75872701361904,14.803337567005595],[120.75962532890316,14.803337567005595],[120.75962532890316,14.804235882289715],[120.75782869833492,14.804235882289715]]]},"id":"+134428+16479","properties":{"cls":1,"count":4}},{"type":"Feature","geometry":{"geodesic":false,"type":"Polygon","coordinates":[[[120.75872701361904,14.810524089278552],[120.75962532890316,14.810524089278552],[120.75962532890316,14.81321903513091],[120.75872701361904,14.81321903513091],[120.75872701361904,14.810524089278552]]]},"id":"+134428+16489","properties":{"cls":1,"count":3}},{"type":"Feature","geometry":{"geodesic":false,"type":"Polygon","coordinates":[[[120.75872701361904,14.81411735041503],[120.75962532890316,14.81411735041503],[120.75962532890316,14.81501566569915],[120.75872701361904,14.81501566569915],[120.75872701361904,14.81411735041503]]]},"id":"+134428+16491","properties":{"cls":1,"count":1}},{"type":"Feature","geometry":{"geodesic":false,"type":"Polygon","coordinates":[[[120.75872701361904,14.819507242119746],[120.75962532890316,14.819507242119746],[120.75962532890316,14.820405557403866],[120.75872701361904,14.820405557403866],[120.75872701361904,14.819507242119746]]]},"id":"+134428+16497","properties":{"cls":1,"count":1}},{"type":"Feature","geometry":{"geodesic":false,"type":"Polygon","coordinates":[[[120.7569303830508,14.822202187972106],[120.75782869833492,14.820405557403866],[120.75962532890316,14.821303872687986],[120.75962532890316,14.822202187972106],[120.7569303830508,14.822202187972106]]]},"id":"+134428+16499","properties":{"cls":1,"count":4}},{"type":"Feature","geometry":{"geodesic":false,"type":"Polygon","coordinates":[[[120.75872701361904,14.823100503256224],[120.75962532890316,14.823100503256224],[120.75962532890316,14.823998818540344],[120.75872701361904,14.823998818540344],[120.75872701361904,14.823100503256224]]]},"id":"+134428+16501","properties":{"cls":1,"count":1}},{"type":"Feature","geometry":{"geodesic":false,"type":"Polygon","coordinates":[[[120.75962532890316,14.77728642376613],[120.76052364418727,14.77728642376613],[120.76052364418727,14.779083054334368],[120.75962532890316,14.779083054334368],[120.75962532890316,14.77728642376613]]]},"id":"+134429+16451","properties":{"cls":1,"count":2}},{"type":"Feature","geometry":{"geodesic":false,"type":"Polygon","coordinates":[[[120.75962532890316,14.781778000186726],[120.76052364418727,14.781778000186726],[120.76052364418727,14.784472946039086],[120.75962532890316,14.784472946039086],[120.75962532890316,14.781778000186726]]]},"id":"+134429+16457","properties":{"cls":1,"count":3}},{"type":"Feature","geometry":{"geodesic":false,"type":"Polygon","coordinates":[[[120.75962532890316,14.788066207175564],[120.76052364418727,14.788066207175564],[120.76052364418727,14.788964522459683],[120.75962532890316,14.788964522459683],[120.75962532890316,14.788066207175564]]]},"id":"+134429+16462","properties":{"cls":1,"count":1}},{"type":"Feature","geometry":{"geodesic":false,"type":"Polygon","coordinates":[[[120.75872701361904,14.795252729448519],[120.75962532890316,14.79345609888028],[120.7614219594714,14.79345609888028],[120.76052364418727,14.795252729448519],[120.75872701361904,14.795252729448519]]]},"id":"+134429+16469","properties":{"cls":1,"count":4}},{"type":"Feature","geometry":{"geodesic":false,"type":"Polygon","coordinates":[[[120.75872701361904,14.806930828142074],[120.76052364418727,14.806930828142074],[120.76052364418727,14.807829143426193],[120.75872701361904,14.807829143426193],[120.75872701361904,14.806930828142074]]]},"id":"+134429+16483","properties":{"cls":1,"count":2}},{"type":"Feature","geometry":{"geodesic":false,"type":"Polygon","coordinates":[[[120.75872701361904,14.842863439506853],[120.75782869833492,14.841066808938615],[120.75872701361904,14.841066808938615],[120.75872701361904,14.840168493654495],[120.76052364418727,14.840168493654495],[120.7614219594714,14.841965124222735],[120.76052364418727,14.841965124222735],[120.76052364418727,14.842863439506853],[120.75872701361904,14.842863439506853]]]},"id":"+134429+16522","properties":{"cls":1,"count":8}},{"type":"Feature","geometry":{"geodesic":false,"type":"Polygon","coordinates":[[[120.74884554549372,14.841066808938615],[120.74974386077784,14.841066808938615],[120.74974386077784,14.840168493654495],[120.75064217606197,14.840168493654495],[120.75064217606197,14.842863439506855],[120.75243880663021,14.842863439506855],[120.75243880663021,14.843761754790973],[120.75423543719845,14.842863439506855],[120.75423543719845,14.843761754790973],[120.75603206776668,14.843761754790973],[120.75603206776668,14.844660070075093],[120.75782869833492,14.844660070075093],[120.7569303830508,14.842863439506855],[120.76052364418729,14.843761754790973],[120.7614219594714,14.841965124222735],[120.76232027475552,14.841965124222735],[120.76232027475552,14.844660070075093],[120.76052364418729,14.845558385359213],[120.76052364418729,14.848253331211572],[120.7614219594714,14.848253331211572],[120.7614219594714,14.849151646495692],[120.76052364418729,14.849151646495692],[120.76052364418729,14.85004996177981],[120.7569303830508,14.85004996177981],[120.75603206776668,14.848253331211572],[120.75513375248256,14.848253331211572],[120.75423543719845,14.85004996177981],[120.75064217606197,14.85004996177981],[120.75064217606197,14.849151646495692],[120.74974386077784,14.849151646495692],[120.74974386077784,14.85004996177981],[120.74165902322078,14.85004996177981],[120.74165902322078,14.849151646495692],[120.73986239265253,14.849151646495692],[120.73986239265253,14.85004996177981],[120.73896407736841,14.85004996177981],[120.73896407736841,14.848253331211572],[120.73716744680017,14.847355015927452],[120.73716744680017,14.845558385359213],[120.73806576208429,14.845558385359213],[120.73806576208429,14.844660070075093],[120.73716744680017,14.844660070075093],[120.73716744680017,14.843761754790973],[120.73806576208429,14.843761754790973],[120.73806576208429,14.842863439506855],[120.73986239265253,14.842863439506855],[120.73986239265253,14.843761754790973],[120.74165902322078,14.843761754790973],[120.73986239265253,14.841066808938615],[120.74345565378901,14.841066808938615],[120.74345565378901,14.840168493654495],[120.74435396907313,14.840168493654495],[120.74435396907313,14.841066808938615],[120.74704891492549,14.841066808938615],[120.74704891492549,14.837473547802137],[120.74615059964137,14.837473547802137],[120.74615059964137,14.839270178370377],[120.74525228435725,14.839270178370377],[120.74525228435725,14.838371863086257],[120.74435396907313,14.838371863086257],[120.74435396907313,14.836575232518017],[120.74525228435725,14.836575232518017],[120.74525228435725,14.835676917233899],[120.7479472302096,14.835676917233899],[120.7479472302096,14.838371863086257],[120.74884554549372,14.838371863086257],[120.74884554549372,14.839270178370377],[120.7479472302096,14.839270178370377],[120.74884554549372,14.841066808938615]],[[120.74165902322078,14.849151646495692],[120.74165902322078,14.848253331211572],[120.74525228435725,14.848253331211572],[120.74525228435725,14.849151646495692],[120.74165902322078,14.849151646495692]],[[120.74884554549372,14.841066808938615],[120.74884554549372,14.843761754790973],[120.7479472302096,14.843761754790973],[120.74704891492549,14.841965124222735],[120.74884554549372,14.841066808938615]],[[120.73986239265253,14.844660070075093],[120.74076070793664,14.844660070075093],[120.74076070793664,14.845558385359213],[120.73986239265253,14.845558385359213],[120.73986239265253,14.844660070075093]],[[120.74345565378901,14.842863439506855],[120.74435396907313,14.842863439506855],[120.74435396907313,14.843761754790973],[120.74345565378901,14.843761754790973],[120.74345565378901,14.842863439506855]],[[120.74345565378901,14.846456700643332],[120.74435396907313,14.846456700643332],[120.74435396907313,14.847355015927452],[120.74345565378901,14.847355015927452],[120.74345565378901,14.846456700643332]],[[120.74525228435725,14.843761754790973],[120.74615059964137,14.843761754790973],[120.74615059964137,14.844660070075093],[120.74525228435725,14.844660070075093],[120.74525228435725,14.843761754790973]],[[120.74525228435725,14.845558385359213],[120.74704891492549,14.845558385359213],[120.74704891492549,14.846456700643332],[120.74525228435725,14.846456700643332],[120.74525228435725,14.845558385359213]],[[120.75064217606197,14.847355015927452],[120.75154049134609,14.847355015927452],[120.75154049134609,14.848253331211572],[120.75064217606197,14.848253331211572],[120.75064217606197,14.847355015927452]],[[120.75603206776668,14.845558385359213],[120.7569303830508,14.845558385359213],[120.7569303830508,14.846456700643332],[120.75603206776668,14.846456700643332],[120.75603206776668,14.845558385359213]],[[120.7569303830508,14.847355015927452],[120.75872701361904,14.846456700643332],[120.75782869833492,14.848253331211572],[120.7569303830508,14.848253331211572],[120.7569303830508,14.847355015927452]],[[120.7479472302096,14.848253331211572],[120.7479472302096,14.849151646495692],[120.74704891492549,14.849151646495692],[120.74704891492549,14.848253331211572],[120.7479472302096,14.848253331211572]],[[120.75333712191433,14.845558385359213],[120.75333712191433,14.846456700643332],[120.75064217606197,14.846456700643332],[120.75064217606197,14.844660070075093],[120.75154049134609,14.844660070075093],[120.75154049134609,14.845558385359213],[120.75333712191433,14.845558385359213]],[[120.7479472302096,14.848253331211572],[120.7479472302096,14.847355015927452],[120.74974386077784,14.847355015927452],[120.74974386077784,14.848253331211572],[120.7479472302096,14.848253331211572]],[[120.75423543719845,14.845558385359213],[120.75513375248256,14.845558385359213],[120.75513375248256,14.848253331211572],[120.75333712191433,14.848253331211572],[120.75333712191433,14.847355015927452],[120.75423543719845,14.847355015927452],[120.75423543719845,14.845558385359213]],[[120.75333712191433,14.845558385359213],[120.75333712191433,14.844660070075093],[120.75423543719845,14.844660070075093],[120.75423543719845,14.845558385359213],[120.75333712191433,14.845558385359213]]]},"id":"+134429+16530","properties":{"cls":1,"count":202}},{"type":"Feature","geometry":{"geodesic":false,"type":"Polygon","coordinates":[[[120.76052364418727,14.773693162629652],[120.7614219594714,14.773693162629652],[120.7614219594714,14.77548979319789],[120.76052364418727,14.77548979319789],[120.76052364418727,14.773693162629652]]]},"id":"+134430+16447","properties":{"cls":1,"count":2}},{"type":"Feature","geometry":{"geodesic":false,"type":"Polygon","coordinates":[[[120.76052364418727,14.779083054334368],[120.7614219594714,14.779083054334368],[120.7614219594714,14.780879684902608],[120.76052364418727,14.780879684902608],[120.76052364418727,14.779083054334368]]]},"id":"+134430+16453","properties":{"cls":1,"count":2}},{"type":"Feature","geometry":{"geodesic":false,"type":"Polygon","coordinates":[[[120.76052364418727,14.785371261323204],[120.7614219594714,14.785371261323204],[120.7614219594714,14.787167891891444],[120.76052364418727,14.787167891891444],[120.76052364418727,14.785371261323204]]]},"id":"+134430+16460","properties":{"cls":1,"count":2}},{"type":"Feature","geometry":{"geodesic":false,"type":"Polygon","coordinates":[[[120.76052364418727,14.789862837743803],[120.7614219594714,14.789862837743803],[120.7614219594714,14.790761153027923],[120.76052364418727,14.790761153027923],[120.76052364418727,14.789862837743803]]]},"id":"+134430+16464","properties":{"cls":1,"count":1}},{"type":"Feature","geometry":{"geodesic":false,"type":"Polygon","coordinates":[[[120.76052364418727,14.818608926835628],[120.7614219594714,14.818608926835628],[120.7614219594714,14.819507242119746],[120.76052364418727,14.819507242119746],[120.76052364418727,14.818608926835628]]]},"id":"+134430+16496","properties":{"cls":1,"count":1}},{"type":"Feature","geometry":{"geodesic":false,"type":"Polygon","coordinates":[[[120.76052364418727,14.822202187972106],[120.75962532890316,14.820405557403866],[120.7614219594714,14.820405557403866],[120.7614219594714,14.822202187972106],[120.76052364418727,14.822202187972106]]]},"id":"+134430+16499","properties":{"cls":1,"count":3}},{"type":"Feature","geometry":{"geodesic":false,"type":"Polygon","coordinates":[[[120.7614219594714,14.77548979319789],[120.76232027475552,14.77548979319789],[120.76232027475552,14.77638810848201],[120.7614219594714,14.77638810848201],[120.7614219594714,14.77548979319789]]]},"id":"+134431+16448","properties":{"cls":1,"count":1}},{"type":"Feature","geometry":{"geodesic":false,"type":"Polygon","coordinates":[[[120.7614219594714,14.788066207175564],[120.76232027475552,14.788066207175564],[120.76232027475552,14.789862837743803],[120.7614219594714,14.789862837743803],[120.7614219594714,14.788066207175564]]]},"id":"+134431+16463","properties":{"cls":1,"count":2}},{"type":"Feature","geometry":{"geodesic":false,"type":"Polygon","coordinates":[[[120.7614219594714,14.790761153027923],[120.76232027475552,14.790761153027923],[120.76232027475552,14.79165946831204],[120.7614219594714,14.79165946831204],[120.7614219594714,14.790761153027923]]]},"id":"+134431+16465","properties":{"cls":1,"count":1}},{"type":"Feature","geometry":{"geodesic":false,"type":"Polygon","coordinates":[[[120.7614219594714,14.797049360016759],[120.76232027475552,14.797049360016759],[120.76232027475552,14.797947675300879],[120.7614219594714,14.797947675300879],[120.7614219594714,14.797049360016759]]]},"id":"+134431+16472","properties":{"cls":1,"count":1}},{"type":"Feature","geometry":{"geodesic":false,"type":"Polygon","coordinates":[[[120.76052364418727,14.800642621153237],[120.7614219594714,14.798845990584997],[120.76232027475552,14.798845990584997],[120.76232027475552,14.800642621153237],[120.76052364418727,14.800642621153237]]]},"id":"+134431+16475","properties":{"cls":1,"count":3}},{"type":"Feature","geometry":{"geodesic":false,"type":"Polygon","coordinates":[[[120.7614219594714,14.823998818540344],[120.76232027475552,14.823998818540344],[120.76232027475552,14.824897133824464],[120.7614219594714,14.824897133824464],[120.7614219594714,14.823998818540344]]]},"id":"+134431+16502","properties":{"cls":1,"count":1}},{"type":"Feature","geometry":{"geodesic":false,"type":"Polygon","coordinates":[[[120.7614219594714,14.847355015927452],[120.7614219594714,14.845558385359213],[120.76321859003964,14.845558385359213],[120.76321859003964,14.846456700643332],[120.7614219594714,14.847355015927452]]]},"id":"+134431+16527","properties":{"cls":1,"count":3}},{"type":"Feature","geometry":{"geodesic":false,"type":"Polygon","coordinates":[[[120.7614219594714,14.784472946039086],[120.76232027475552,14.782676315470846],[120.7614219594714,14.782676315470846],[120.7614219594714,14.781778000186726],[120.76321859003964,14.780879684902608],[120.76321859003964,14.784472946039086],[120.7614219594714,14.784472946039086]]]},"id":"+134432+16457","properties":{"cls":1,"count":6}},{"type":"Feature","geometry":{"geodesic":false,"type":"Polygon","coordinates":[[[120.7614219594714,14.803337567005595],[120.76321859003964,14.803337567005595],[120.76321859003964,14.804235882289715],[120.7614219594714,14.804235882289715],[120.7614219594714,14.803337567005595]]]},"id":"+134432+16479","properties":{"cls":1,"count":2}},{"type":"Feature","geometry":{"geodesic":false,"type":"Polygon","coordinates":[[[120.7614219594714,14.81321903513091],[120.7614219594714,14.811422404562672],[120.76232027475552,14.811422404562672],[120.76321859003964,14.81321903513091],[120.7614219594714,14.81321903513091]]]},"id":"+134432+16489","properties":{"cls":1,"count":3}},{"type":"Feature","geometry":{"geodesic":false,"type":"Polygon","coordinates":[[[120.76232027475552,14.815913980983268],[120.7614219594714,14.81411735041503],[120.76321859003964,14.81411735041503],[120.76321859003964,14.815913980983268],[120.76232027475552,14.815913980983268]]]},"id":"+134432+16492","properties":{"cls":1,"count":3}},{"type":"Feature","geometry":{"geodesic":false,"type":"Polygon","coordinates":[[[120.7614219594714,14.818608926835628],[120.7614219594714,14.816812296267388],[120.76232027475552,14.816812296267388],[120.76321859003964,14.818608926835628],[120.7614219594714,14.818608926835628]]]},"id":"+134432+16495","properties":{"cls":1,"count":3}},{"type":"Feature","geometry":{"geodesic":false,"type":"Polygon","coordinates":[[[120.76232027475552,14.822202187972106],[120.76321859003964,14.822202187972106],[120.76321859003964,14.823100503256224],[120.76232027475552,14.823100503256224],[120.76232027475552,14.822202187972106]]]},"id":"+134432+16500","properties":{"cls":1,"count":1}},{"type":"Feature","geometry":{"geodesic":false,"type":"Polygon","coordinates":[[[120.76232027475552,14.832981971381539],[120.76321859003964,14.832981971381539],[120.76321859003964,14.834778601949779],[120.76232027475552,14.834778601949779],[120.76232027475552,14.832981971381539]]]},"id":"+134432+16513","properties":{"cls":1,"count":2}},{"type":"Feature","geometry":{"geodesic":false,"type":"Polygon","coordinates":[[[120.76321859003964,14.770998216777294],[120.76411690532376,14.770998216777294],[120.76411690532376,14.771896532061412],[120.76321859003964,14.771896532061412],[120.76321859003964,14.770998216777294]]]},"id":"+134433+16443","properties":{"cls":1,"count":1}},{"type":"Feature","geometry":{"geodesic":false,"type":"Polygon","coordinates":[[[120.76321859003964,14.773693162629652],[120.76411690532376,14.773693162629652],[120.76411690532376,14.77548979319789],[120.76321859003964,14.77548979319789],[120.76321859003964,14.773693162629652]]]},"id":"+134433+16447","properties":{"cls":1,"count":2}},{"type":"Feature","geometry":{"geodesic":false,"type":"Polygon","coordinates":[[[120.76232027475552,14.779083054334368],[120.76411690532376,14.779083054334368],[120.76411690532376,14.779981369618488],[120.76232027475552,14.779981369618488],[120.76232027475552,14.779083054334368]]]},"id":"+134433+16452","properties":{"cls":1,"count":2}},{"type":"Feature","geometry":{"geodesic":false,"type":"Polygon","coordinates":[[[120.76321859003964,14.784472946039086],[120.76411690532376,14.784472946039086],[120.76411690532376,14.787167891891444],[120.76321859003964,14.787167891891444],[120.76321859003964,14.784472946039086]]]},"id":"+134433+16460","properties":{"cls":1,"count":3}},{"type":"Feature","geometry":{"geodesic":false,"type":"Polygon","coordinates":[[[120.76321859003964,14.79255778359616],[120.76411690532376,14.79255778359616],[120.76411690532376,14.7943544141644],[120.76321859003964,14.7943544141644],[120.76321859003964,14.79255778359616]]]},"id":"+134433+16468","properties":{"cls":1,"count":2}},{"type":"Feature","geometry":{"geodesic":false,"type":"Polygon","coordinates":[[[120.76321859003964,14.815913980983268],[120.76411690532376,14.815913980983268],[120.76411690532376,14.816812296267388],[120.76321859003964,14.816812296267388],[120.76321859003964,14.815913980983268]]]},"id":"+134433+16493","properties":{"cls":1,"count":1}},{"type":"Feature","geometry":{"geodesic":false,"type":"Polygon","coordinates":[[[120.76321859003964,14.825795449108583],[120.76321859003964,14.823100503256224],[120.76501522060788,14.823100503256224],[120.76501522060788,14.823998818540344],[120.76411690532376,14.823998818540344],[120.76411690532376,14.825795449108583],[120.76321859003964,14.825795449108583]]]},"id":"+134433+16503","properties":{"cls":1,"count":4}},{"type":"Feature","geometry":{"geodesic":false,"type":"Polygon","coordinates":[[[120.76321859003964,14.827592079676823],[120.76411690532376,14.827592079676823],[120.76411690532376,14.828490394960943],[120.76321859003964,14.828490394960943],[120.76321859003964,14.827592079676823]]]},"id":"+134433+16506","properties":{"cls":1,"count":1}},{"type":"Feature","geometry":{"geodesic":false,"type":"Polygon","coordinates":[[[120.7614219594714,14.839270178370377],[120.76411690532376,14.839270178370377],[120.76411690532376,14.840168493654495],[120.7614219594714,14.840168493654495],[120.7614219594714,14.839270178370377]]]},"id":"+134433+16519","properties":{"cls":1,"count":3}},{"type":"Feature","geometry":{"geodesic":false,"type":"Polygon","coordinates":[[[120.7614219594714,14.85004996177981],[120.76232027475552,14.848253331211572],[120.76411690532376,14.849151646495692],[120.76411690532376,14.85004996177981],[120.7614219594714,14.85004996177981]]]},"id":"+134433+16530","properties":{"cls":1,"count":4}},{"type":"Feature","geometry":{"geodesic":false,"type":"Polygon","coordinates":[[[120.76411690532376,14.797049360016759],[120.76501522060788,14.797049360016759],[120.76501522060788,14.798845990584997],[120.76411690532376,14.798845990584997],[120.76411690532376,14.797049360016759]]]},"id":"+134434+16473","properties":{"cls":1,"count":2}},{"type":"Feature","geometry":{"geodesic":false,"type":"Polygon","coordinates":[[[120.76411690532376,14.801540936437357],[120.76501522060788,14.801540936437357],[120.76501522060788,14.802439251721475],[120.76411690532376,14.802439251721475],[120.76411690532376,14.801540936437357]]]},"id":"+134434+16477","properties":{"cls":1,"count":1}},{"type":"Feature","geometry":{"geodesic":false,"type":"Polygon","coordinates":[[[120.76411690532376,14.816812296267388],[120.76501522060788,14.816812296267388],[120.76501522060788,14.817710611551508],[120.76411690532376,14.817710611551508],[120.76411690532376,14.816812296267388]]]},"id":"+134434+16494","properties":{"cls":1,"count":1}},{"type":"Feature","geometry":{"geodesic":false,"type":"Polygon","coordinates":[[[120.76411690532376,14.819507242119746],[120.76501522060788,14.819507242119746],[120.76501522060788,14.820405557403866],[120.76411690532376,14.820405557403866],[120.76411690532376,14.819507242119746]]]},"id":"+134434+16497","properties":{"cls":1,"count":1}},{"type":"Feature","geometry":{"geodesic":false,"type":"Polygon","coordinates":[[[120.76411690532376,14.825795449108583],[120.76501522060788,14.825795449108583],[120.76501522060788,14.827592079676823],[120.76411690532376,14.827592079676823],[120.76411690532376,14.825795449108583]]]},"id":"+134434+16505","properties":{"cls":1,"count":2}},{"type":"Feature","geometry":{"geodesic":false,"type":"Polygon","coordinates":[[[120.76411690532376,14.841066808938615],[120.76501522060788,14.841066808938615],[120.76501522060788,14.842863439506853],[120.76411690532376,14.842863439506853],[120.76411690532376,14.841066808938615]]]},"id":"+134434+16522","properties":{"cls":1,"count":2}},{"type":"Feature","geometry":{"geodesic":false,"type":"Polygon","coordinates":[[[120.76411690532376,14.77728642376613],[120.76411690532376,14.77548979319789],[120.76501522060788,14.77548979319789],[120.765913535892,14.77728642376613],[120.76411690532376,14.77728642376613]]]},"id":"+134435+16449","properties":{"cls":1,"count":3}},{"type":"Feature","geometry":{"geodesic":false,"type":"Polygon","coordinates":[[[120.76411690532376,14.782676315470846],[120.765913535892,14.782676315470846],[120.765913535892,14.784472946039086],[120.76411690532376,14.784472946039086],[120.76411690532376,14.782676315470846]]]},"id":"+134435+16457","properties":{"cls":1,"count":4}},{"type":"Feature","geometry":{"geodesic":false,"type":"Polygon","coordinates":[[[120.76501522060788,14.798845990584997],[120.765913535892,14.798845990584997],[120.765913535892,14.799744305869117],[120.76501522060788,14.799744305869117],[120.76501522060788,14.798845990584997]]]},"id":"+134435+16474","properties":{"cls":1,"count":1}},{"type":"Feature","geometry":{"geodesic":false,"type":"Polygon","coordinates":[[[120.76501522060788,14.802439251721475],[120.765913535892,14.802439251721475],[120.765913535892,14.803337567005595],[120.76501522060788,14.803337567005595],[120.76501522060788,14.802439251721475]]]},"id":"+134435+16478","properties":{"cls":1,"count":1}},{"type":"Feature","geometry":{"geodesic":false,"type":"Polygon","coordinates":[[[120.76411690532376,14.815913980983268],[120.76411690532376,14.81411735041503],[120.76321859003964,14.81411735041503],[120.76321859003964,14.81321903513091],[120.76771016646023,14.81321903513091],[120.76771016646023,14.81411735041503],[120.765913535892,14.81411735041503],[120.765913535892,14.815913980983268],[120.76411690532376,14.815913980983268]]]},"id":"+134435+16492","properties":{"cls":1,"count":9}},{"type":"Feature","geometry":{"geodesic":false,"type":"Polygon","coordinates":[[[120.76411690532376,14.83028702552918],[120.765913535892,14.83028702552918],[120.765913535892,14.83208365609742],[120.76411690532376,14.83208365609742],[120.76411690532376,14.83028702552918]]]},"id":"+134435+16510","properties":{"cls":1,"count":4}},{"type":"Feature","geometry":{"geodesic":false,"type":"Polygon","coordinates":[[[120.765913535892,14.77459147791377],[120.76681185117612,14.77459147791377],[120.76681185117612,14.77548979319789],[120.765913535892,14.77548979319789],[120.765913535892,14.77459147791377]]]},"id":"+134436+16447","properties":{"cls":1,"count":1}},{"type":"Feature","geometry":{"geodesic":false,"type":"Polygon","coordinates":[[[120.765913535892,14.778184739050248],[120.76681185117612,14.778184739050248],[120.76681185117612,14.779083054334368],[120.765913535892,14.779083054334368],[120.765913535892,14.778184739050248]]]},"id":"+134436+16451","properties":{"cls":1,"count":1}},{"type":"Feature","geometry":{"geodesic":false,"type":"Polygon","coordinates":[[[120.765913535892,14.801540936437357],[120.76681185117612,14.801540936437357],[120.76681185117612,14.802439251721475],[120.765913535892,14.802439251721475],[120.765913535892,14.801540936437357]]]},"id":"+134436+16477","properties":{"cls":1,"count":1}},{"type":"Feature","geometry":{"geodesic":false,"type":"Polygon","coordinates":[[[120.765913535892,14.822202187972106],[120.76681185117612,14.822202187972106],[120.76681185117612,14.823100503256224],[120.765913535892,14.823100503256224],[120.765913535892,14.822202187972106]]]},"id":"+134436+16500","properties":{"cls":1,"count":1}},{"type":"Feature","geometry":{"geodesic":false,"type":"Polygon","coordinates":[[[120.765913535892,14.847355015927452],[120.76681185117612,14.847355015927452],[120.76681185117612,14.848253331211572],[120.765913535892,14.848253331211572],[120.765913535892,14.847355015927452]]]},"id":"+134436+16528","properties":{"cls":1,"count":1}},{"type":"Feature","geometry":{"geodesic":false,"type":"Polygon","coordinates":[[[120.76681185117612,14.784472946039086],[120.76771016646023,14.784472946039086],[120.76771016646023,14.786269576607324],[120.76681185117612,14.786269576607324],[120.76681185117612,14.784472946039086]]]},"id":"+134437+16459","properties":{"cls":1,"count":2}},{"type":"Feature","geometry":{"geodesic":false,"type":"Polygon","coordinates":[[[120.76681185117612,14.799744305869117],[120.765913535892,14.797947675300879],[120.76771016646023,14.797947675300879],[120.76771016646023,14.799744305869117],[120.76681185117612,14.799744305869117]]]},"id":"+134437+16474","properties":{"cls":1,"count":3}},{"type":"Feature","geometry":{"geodesic":false,"type":"Polygon","coordinates":[[[120.765913535892,14.811422404562672],[120.76771016646023,14.811422404562672],[120.76771016646023,14.81232071984679],[120.765913535892,14.81232071984679],[120.765913535892,14.811422404562672]]]},"id":"+134437+16488","properties":{"cls":1,"count":2}},{"type":"Feature","geometry":{"geodesic":false,"type":"Polygon","coordinates":[[[120.765913535892,14.837473547802137],[120.76771016646023,14.837473547802137],[120.76771016646023,14.838371863086257],[120.765913535892,14.838371863086257],[120.765913535892,14.837473547802137]]]},"id":"+134437+16517","properties":{"cls":1,"count":2}},{"type":"Feature","geometry":{"geodesic":false,"type":"Polygon","coordinates":[[[120.76771016646023,14.766506640356695],[120.76860848174435,14.766506640356695],[120.76860848174435,14.767404955640815],[120.76771016646023,14.767404955640815],[120.76771016646023,14.766506640356695]]]},"id":"+134438+16438","properties":{"cls":1,"count":1}},{"type":"Feature","geometry":{"geodesic":false,"type":"Polygon","coordinates":[[[120.76771016646023,14.771896532061412],[120.76860848174435,14.771896532061412],[120.76860848174435,14.772794847345532],[120.76771016646023,14.772794847345532],[120.76771016646023,14.771896532061412]]]},"id":"+134438+16444","properties":{"cls":1,"count":1}},{"type":"Feature","geometry":{"geodesic":false,"type":"Polygon","coordinates":[[[120.76681185117612,14.778184739050248],[120.76681185117612,14.77548979319789],[120.76771016646023,14.77548979319789],[120.76771016646023,14.77728642376613],[120.76860848174435,14.77728642376613],[120.76860848174435,14.778184739050248],[120.76681185117612,14.778184739050248]]]},"id":"+134438+16450","properties":{"cls":1,"count":4}},{"type":"Feature","geometry":{"geodesic":false,"type":"Polygon","coordinates":[[[120.76771016646023,14.782676315470846],[120.76771016646023,14.781778000186726],[120.76681185117612,14.781778000186726],[120.76681185117612,14.779083054334368],[120.77040511231259,14.778184739050248],[120.77040511231259,14.77638810848201],[120.77130342759672,14.77638810848201],[120.77310005816496,14.779083054334368],[120.77220174288084,14.779083054334368],[120.77220174288084,14.779981369618488],[120.77040511231259,14.779981369618488],[120.77040511231259,14.779083054334368],[120.76950679702847,14.779083054334368],[120.76950679702847,14.780879684902608],[120.76860848174435,14.780879684902608],[120.76860848174435,14.782676315470846],[120.76771016646023,14.782676315470846]]]},"id":"+134438+16455","properties":{"cls":1,"count":19}},{"type":"Feature","geometry":{"geodesic":false,"type":"Polygon","coordinates":[[[120.76771016646023,14.79255778359616],[120.76771016646023,14.79165946831204],[120.76681185117612,14.79165946831204],[120.76681185117612,14.79255778359616],[120.76411690532376,14.79255778359616],[120.76411690532376,14.79165946831204],[120.76321859003964,14.79165946831204],[120.76321859003964,14.788964522459683],[120.76411690532376,14.788964522459683],[120.76411690532376,14.790761153027923],[120.76501522060788,14.790761153027923],[120.76501522060788,14.788066207175564],[120.765913535892,14.788066207175564],[120.765913535892,14.790761153027923],[120.76771016646023,14.790761153027923],[120.76771016646023,14.789862837743803],[120.76860848174435,14.789862837743803],[120.76860848174435,14.79255778359616],[120.76771016646023,14.79255778359616]]]},"id":"+134438+16466","properties":{"cls":1,"count":16}},{"type":"Feature","geometry":{"geodesic":false,"type":"Polygon","coordinates":[[[120.76771016646023,14.807829143426193],[120.76860848174435,14.807829143426193],[120.76860848174435,14.808727458710312],[120.76771016646023,14.808727458710312],[120.76771016646023,14.807829143426193]]]},"id":"+134438+16484","properties":{"cls":1,"count":1}},{"type":"Feature","geometry":{"geodesic":false,"type":"Polygon","coordinates":[[[120.76771016646023,14.82938871024506],[120.76860848174435,14.82938871024506],[120.76860848174435,14.83028702552918],[120.76771016646023,14.83028702552918],[120.76771016646023,14.82938871024506]]]},"id":"+134438+16508","properties":{"cls":1,"count":1}},{"type":"Feature","geometry":{"geodesic":false,"type":"Polygon","coordinates":[[[120.76771016646023,14.840168493654495],[120.76860848174435,14.840168493654495],[120.76860848174435,14.841965124222735],[120.76771016646023,14.841965124222735],[120.76771016646023,14.840168493654495]]]},"id":"+134438+16521","properties":{"cls":1,"count":2}},{"type":"Feature","geometry":{"geodesic":false,"type":"Polygon","coordinates":[[[120.76860848174435,14.782676315470846],[120.76950679702847,14.782676315470846],[120.76950679702847,14.783574630754966],[120.76860848174435,14.783574630754966],[120.76860848174435,14.782676315470846]]]},"id":"+134439+16456","properties":{"cls":1,"count":1}},{"type":"Feature","geometry":{"geodesic":false,"type":"Polygon","coordinates":[[[120.76681185117612,14.7943544141644],[120.76681185117612,14.79345609888028],[120.76860848174435,14.79345609888028],[120.76860848174435,14.79255778359616],[120.76950679702847,14.79255778359616],[120.76950679702847,14.7943544141644],[120.76681185117612,14.7943544141644]]]},"id":"+134439+16468","properties":{"cls":1,"count":4}},{"type":"Feature","geometry":{"geodesic":false,"type":"Polygon","coordinates":[[[120.76860848174435,14.801540936437357],[120.76950679702847,14.801540936437357],[120.76950679702847,14.802439251721475],[120.76860848174435,14.802439251721475],[120.76860848174435,14.801540936437357]]]},"id":"+134439+16477","properties":{"cls":1,"count":1}},{"type":"Feature","geometry":{"geodesic":false,"type":"Polygon","coordinates":[[[120.76860848174435,14.811422404562672],[120.76860848174435,14.808727458710312],[120.76950679702847,14.808727458710312],[120.77040511231259,14.810524089278552],[120.76860848174435,14.811422404562672]]]},"id":"+134439+16487","properties":{"cls":1,"count":4}},{"type":"Feature","geometry":{"geodesic":false,"type":"Polygon","coordinates":[[[120.77579500401731,14.825795449108584],[120.77759163458555,14.825795449108584],[120.77759163458555,14.826693764392703],[120.78118489572203,14.826693764392703],[120.78118489572203,14.825795449108584],[120.78028658043792,14.825795449108584],[120.78028658043792,14.823998818540344],[120.78208321100615,14.823998818540344],[120.78208321100615,14.822202187972106],[120.78477815685851,14.822202187972106],[120.78477815685851,14.819507242119746],[120.78387984157439,14.819507242119746],[120.78387984157439,14.817710611551508],[120.78208321100615,14.818608926835628],[120.78208321100615,14.816812296267388],[120.78028658043792,14.815913980983268],[120.78028658043792,14.81501566569915],[120.78477815685851,14.815913980983268],[120.78477815685851,14.818608926835628],[120.78567647214263,14.818608926835628],[120.78567647214263,14.815913980983268],[120.78747310271086,14.815913980983268],[120.78747310271086,14.81501566569915],[120.78567647214263,14.81501566569915],[120.78567647214263,14.81411735041503],[120.78118489572203,14.81411735041503],[120.78118489572203,14.81232071984679],[120.78298152629027,14.81321903513091],[120.78298152629027,14.811422404562672],[120.78567647214263,14.811422404562672],[120.78567647214263,14.81232071984679],[120.78747310271086,14.81321903513091],[120.78747310271086,14.810524089278552],[120.79106636384735,14.810524089278552],[120.79106636384735,14.809625773994432],[120.7937613096997,14.811422404562672],[120.7937613096997,14.808727458710313],[120.79555794026794,14.809625773994432],[120.79555794026794,14.810524089278552],[120.79465962498382,14.810524089278552],[120.79465962498382,14.811422404562672],[120.79555794026794,14.811422404562672],[120.79645625555206,14.809625773994432],[120.79735457083618,14.809625773994432],[120.79645625555206,14.807829143426193],[120.7982528861203,14.807829143426193],[120.79915120140441,14.809625773994432],[120.7982528861203,14.809625773994432],[120.79735457083618,14.811422404562672],[120.7982528861203,14.811422404562672],[120.7982528861203,14.81232071984679],[120.80004951668855,14.81232071984679],[120.80004951668855,14.81321903513091],[120.79735457083618,14.81321903513091],[120.79735457083618,14.81411735041503],[120.7982528861203,14.81411735041503],[120.7982528861203,14.81501566569915],[120.79735457083618,14.81501566569915],[120.79735457083618,14.816812296267388],[120.79645625555206,14.816812296267388],[120.79645625555206,14.818608926835628],[120.7982528861203,14.818608926835628],[120.7982528861203,14.819507242119746],[120.79915120140441,14.819507242119746],[120.79915120140441,14.816812296267388],[120.80094783197266,14.817710611551508],[120.80094783197266,14.816812296267388],[120.8027444625409,14.816812296267388],[120.80184614725678,14.818608926835628],[120.80454109310914,14.818608926835628],[120.80364277782502,14.820405557403866],[120.80454109310914,14.820405557403866],[120.80454109310914,14.819507242119746],[120.80633772367737,14.819507242119746],[120.80543940839326,14.821303872687986],[120.8027444625409,14.821303872687986],[120.8027444625409,14.826693764392703],[120.79915120140441,14.826693764392703],[120.7982528861203,14.821303872687986],[120.79645625555206,14.821303872687986],[120.79645625555206,14.824897133824464],[120.79465962498382,14.824897133824464],[120.79465962498382,14.823998818540344],[120.7937613096997,14.823998818540344],[120.7937613096997,14.822202187972106],[120.79196467913147,14.822202187972106],[120.79196467913147,14.821303872687986],[120.79106636384735,14.821303872687986],[120.79106636384735,14.823998818540344],[120.78837141799498,14.823998818540344],[120.78747310271086,14.825795449108584],[120.78567647214263,14.825795449108584],[120.78657478742674,14.823998818540344],[120.78567647214263,14.823998818540344],[120.78567647214263,14.824897133824464],[120.78208321100615,14.825795449108584],[120.78208321100615,14.827592079676823],[120.78118489572203,14.827592079676823],[120.78028658043792,14.82938871024506],[120.78208321100615,14.828490394960943],[120.78208321100615,14.82938871024506],[120.78298152629027,14.82938871024506],[120.78298152629027,14.83208365609742],[120.78118489572203,14.832981971381539],[120.78118489572203,14.83208365609742],[120.78028658043792,14.83208365609742],[120.78028658043792,14.833880286665659],[120.78118489572203,14.833880286665659],[120.78028658043792,14.835676917233899],[120.77938826515378,14.835676917233899],[120.77938826515378,14.834778601949779],[120.77759163458555,14.834778601949779],[120.77759163458555,14.833880286665659],[120.77938826515378,14.833880286665659],[120.77938826515378,14.832981971381539],[120.77759163458555,14.832981971381539],[120.77848994986967,14.8311853408133],[120.77759163458555,14.8311853408133],[120.77759163458555,14.83208365609742],[120.77220174288084,14.832981971381539],[120.77220174288084,14.833880286665659],[120.77669331930143,14.833880286665659],[120.77759163458555,14.835676917233899],[120.7704051123126,14.835676917233899],[120.76950679702847,14.837473547802137],[120.76771016646023,14.837473547802137],[120.76681185117612,14.835676917233899],[120.76501522060788,14.835676917233899],[120.765913535892,14.83208365609742],[120.76771016646023,14.8311853408133],[120.76771016646023,14.83208365609742],[120.76950679702847,14.832981971381539],[120.76950679702847,14.83208365609742],[120.76860848174435,14.83208365609742],[120.76860848174435,14.83028702552918],[120.76950679702847,14.83028702552918],[120.7704051123126,14.83208365609742],[120.77220174288084,14.83208365609742],[120.77220174288084,14.8311853408133],[120.7704051123126,14.8311853408133],[120.7704051123126,14.82938871024506],[120.77220174288084,14.83028702552918],[120.77399837344907,14.827592079676823],[120.77310005816496,14.827592079676823],[120.77310005816496,14.824897133824464],[120.77130342759672,14.825795449108584],[120.77130342759672,14.823998818540344],[120.76950679702847,14.824897133824464],[120.76950679702847,14.823100503256224],[120.76860848174435,14.823100503256224],[120.76860848174435,14.824897133824464],[120.76771016646023,14.824897133824464],[120.76771016646023,14.826693764392703],[120.76681185117612,14.826693764392703],[120.76681185117612,14.828490394960943],[120.76771016646023,14.828490394960943],[120.76771016646023,14.82938871024506],[120.76501522060788,14.82938871024506],[120.765913535892,14.825795449108584],[120.76501522060788,14.825795449108584],[120.76501522060788,14.824897133824464],[120.76681185117612,14.824897133824464],[120.76681185117612,14.823998818540344],[120.76771016646023,14.823998818540344],[120.76771016646023,14.822202187972106],[120.76681185117612,14.822202187972106],[120.76681185117612,14.819507242119746],[120.76771016646023,14.819507242119746],[120.76771016646023,14.818608926835628],[120.76681185117612,14.818608926835628],[120.76681185117612,14.815913980983268],[120.76860848174435,14.816812296267388],[120.76860848174435,14.815913980983268],[120.76950679702847,14.815913980983268],[120.76950679702847,14.816812296267388],[120.7704051123126,14.816812296267388],[120.7704051123126,14.818608926835628],[120.76950679702847,14.818608926835628],[120.7704051123126,14.823100503256224],[120.77220174288084,14.823100503256224],[120.77220174288084,14.822202187972106],[120.77310005816496,14.822202187972106],[120.77310005816496,14.823998818540344],[120.77399837344907,14.823998818540344],[120.77399837344907,14.822202187972106],[120.7748966887332,14.822202187972106],[120.7748966887332,14.823998818540344],[120.77579500401731,14.823998818540344],[120.77579500401731,14.825795449108584]],[[120.77579500401731,14.825795449108584],[120.77579500401731,14.826693764392703],[120.7748966887332,14.826693764392703],[120.7748966887332,14.825795449108584],[120.77579500401731,14.825795449108584]],[[120.79645625555206,14.816812296267388],[120.79465962498382,14.816812296267388],[120.79465962498382,14.817710611551508],[120.7937613096997,14.817710611551508],[120.7937613096997,14.815913980983268],[120.79645625555206,14.815913980983268],[120.79645625555206,14.816812296267388]],[[120.76681185117612,14.832981971381539],[120.76771016646023,14.832981971381539],[120.76771016646023,14.834778601949779],[120.76681185117612,14.834778601949779],[120.76681185117612,14.832981971381539]],[[120.77579500401731,14.827592079676823],[120.77669331930143,14.827592079676823],[120.77669331930143,14.828490394960943],[120.77579500401731,14.828490394960943],[120.77579500401731,14.827592079676823]],[[120.78567647214263,14.823100503256224],[120.78657478742674,14.821303872687986],[120.78747310271086,14.821303872687986],[120.78747310271086,14.823100503256224],[120.78567647214263,14.823100503256224]],[[120.78747310271086,14.819507242119746],[120.78837141799498,14.819507242119746],[120.78837141799498,14.820405557403866],[120.78747310271086,14.820405557403866],[120.78747310271086,14.819507242119746]],[[120.78837141799498,14.81321903513091],[120.7892697332791,14.81321903513091],[120.79016804856323,14.81501566569915],[120.78837141799498,14.81411735041503],[120.78837141799498,14.81321903513091]],[[120.78837141799498,14.817710611551508],[120.7892697332791,14.817710611551508],[120.7892697332791,14.816812296267388],[120.79106636384735,14.817710611551508],[120.79106636384735,14.816812296267388],[120.79196467913147,14.816812296267388],[120.79106636384735,14.818608926835628],[120.7937613096997,14.818608926835628],[120.7937613096997,14.819507242119746],[120.79106636384735,14.819507242119746],[120.79016804856323,14.817710611551508],[120.78837141799498,14.818608926835628],[120.78837141799498,14.817710611551508]],[[120.78837141799498,14.822202187972106],[120.7892697332791,14.822202187972106],[120.7892697332791,14.823100503256224],[120.78837141799498,14.823100503256224],[120.78837141799498,14.822202187972106]],[[120.7892697332791,14.819507242119746],[120.79016804856323,14.819507242119746],[120.79016804856323,14.820405557403866],[120.7892697332791,14.820405557403866],[120.7892697332791,14.819507242119746]],[[120.79106636384735,14.811422404562672],[120.79196467913147,14.811422404562672],[120.79196467913147,14.81232071984679],[120.79106636384735,14.81232071984679],[120.79106636384735,14.811422404562672]],[[120.79196467913147,14.81321903513091],[120.7937613096997,14.81232071984679],[120.79286299441559,14.81411735041503],[120.79196467913147,14.81411735041503],[120.79196467913147,14.81321903513091]],[[120.79196467913147,14.81501566569915],[120.79286299441559,14.81501566569915],[120.79286299441559,14.815913980983268],[120.79196467913147,14.815913980983268],[120.79196467913147,14.81501566569915]],[[120.79286299441559,14.820405557403866],[120.7937613096997,14.820405557403866],[120.7937613096997,14.821303872687986],[120.79286299441559,14.821303872687986],[120.79286299441559,14.820405557403866]],[[120.79465962498382,14.818608926835628],[120.79555794026794,14.818608926835628],[120.79555794026794,14.819507242119746],[120.79465962498382,14.819507242119746],[120.79465962498382,14.818608926835628]],[[120.79465962498382,14.820405557403866],[120.79555794026794,14.820405557403866],[120.79555794026794,14.821303872687986],[120.79465962498382,14.821303872687986],[120.79465962498382,14.820405557403866]],[[120.80004951668855,14.819507242119746],[120.80094783197266,14.819507242119746],[120.80094783197266,14.820405557403866],[120.80004951668855,14.820405557403866],[120.80004951668855,14.819507242119746]],[[120.80004951668855,14.823998818540344],[120.80184614725678,14.823998818540344],[120.80184614725678,14.824897133824464],[120.80004951668855,14.824897133824464],[120.80004951668855,14.823998818540344]],[[120.80094783197266,14.821303872687986],[120.80184614725678,14.821303872687986],[120.80184614725678,14.823100503256224],[120.80094783197266,14.823100503256224],[120.80094783197266,14.821303872687986]],[[120.79465962498382,14.81411735041503],[120.79465962498382,14.81321903513091],[120.79645625555206,14.81321903513091],[120.79645625555206,14.81411735041503],[120.79465962498382,14.81411735041503]],[[120.79465962498382,14.81411735041503],[120.79465962498382,14.81501566569915],[120.7937613096997,14.81501566569915],[120.7937613096997,14.81411735041503],[120.79465962498382,14.81411735041503]]]},"id":"+134439+16516","properties":{"cls":1,"count":452}},{"type":"Feature","geometry":{"geodesic":false,"type":"Polygon","coordinates":[[[120.76860848174435,14.839270178370377],[120.76950679702847,14.839270178370377],[120.76950679702847,14.840168493654495],[120.76860848174435,14.840168493654495],[120.76860848174435,14.839270178370377]]]},"id":"+134439+16519","properties":{"cls":1,"count":1}},{"type":"Feature","geometry":{"geodesic":false,"type":"Polygon","coordinates":[[[120.76860848174435,14.841965124222735],[120.76950679702847,14.841965124222735],[120.76950679702847,14.842863439506853],[120.76860848174435,14.842863439506853],[120.76860848174435,14.841965124222735]]]},"id":"+134439+16522","properties":{"cls":1,"count":1}},{"type":"Feature","geometry":{"geodesic":false,"type":"Polygon","coordinates":[[[120.76950679702847,14.767404955640815],[120.77040511231259,14.767404955640815],[120.77040511231259,14.768303270924934],[120.76950679702847,14.768303270924934],[120.76950679702847,14.767404955640815]]]},"id":"+134440+16439","properties":{"cls":1,"count":1}},{"type":"Feature","geometry":{"geodesic":false,"type":"Polygon","coordinates":[[[120.76950679702847,14.780879684902608],[120.77040511231259,14.780879684902608],[120.77040511231259,14.781778000186726],[120.76950679702847,14.781778000186726],[120.76950679702847,14.780879684902608]]]},"id":"+134440+16454","properties":{"cls":1,"count":1}},{"type":"Feature","geometry":{"geodesic":false,"type":"Polygon","coordinates":[[[120.76860848174435,14.826693764392703],[120.77040511231259,14.826693764392703],[120.77040511231259,14.827592079676823],[120.76860848174435,14.827592079676823],[120.76860848174435,14.826693764392703]]]},"id":"+134440+16505","properties":{"cls":1,"count":2}},{"type":"Feature","geometry":{"geodesic":false,"type":"Polygon","coordinates":[[[120.76501522060788,14.85004996177981],[120.76501522060788,14.849151646495692],[120.76860848174435,14.849151646495692],[120.76860848174435,14.848253331211572],[120.76950679702847,14.848253331211572],[120.76860848174435,14.846456700643332],[120.76950679702847,14.846456700643332],[120.76950679702847,14.845558385359213],[120.76681185117612,14.847355015927452],[120.76771016646023,14.843761754790973],[120.76681185117612,14.843761754790973],[120.76681185117612,14.845558385359213],[120.765913535892,14.845558385359213],[120.765913535892,14.843761754790973],[120.76501522060788,14.843761754790973],[120.76501522060788,14.842863439506853],[120.76860848174435,14.842863439506853],[120.76860848174435,14.843761754790973],[120.77220174288084,14.843761754790973],[120.77220174288084,14.844660070075093],[120.77310005816496,14.844660070075093],[120.77310005816496,14.843761754790973],[120.77399837344907,14.843761754790973],[120.77310005816496,14.841965124222735],[120.77399837344907,14.841965124222735],[120.77399837344907,14.836575232518017],[120.77669331930143,14.836575232518017],[120.77669331930143,14.838371863086257],[120.7748966887332,14.838371863086257],[120.7748966887332,14.839270178370377],[120.77669331930143,14.840168493654495],[120.77759163458555,14.835676917233899],[120.77938826515378,14.835676917233899],[120.77938826515378,14.837473547802137],[120.77848994986967,14.837473547802137],[120.77848994986967,14.839270178370377],[120.77759163458555,14.839270178370377],[120.77759163458555,14.840168493654495],[120.77938826515378,14.840168493654495],[120.77938826515378,14.839270178370377],[120.78028658043792,14.839270178370377],[120.78118489572203,14.841066808938615],[120.77938826515378,14.841066808938615],[120.77848994986967,14.842863439506853],[120.77579500401731,14.842863439506853],[120.77310005816496,14.846456700643332],[120.77040511231259,14.846456700643332],[120.77040511231259,14.847355015927452],[120.77130342759672,14.847355015927452],[120.77130342759672,14.849151646495692],[120.77040511231259,14.849151646495692],[120.77040511231259,14.85004996177981],[120.76501522060788,14.85004996177981]]]},"id":"+134440+16530","properties":{"cls":1,"count":80}},{"type":"Feature","geometry":{"geodesic":false,"type":"Polygon","coordinates":[[[120.77040511231259,14.79165946831204],[120.77130342759672,14.79165946831204],[120.77130342759672,14.79255778359616],[120.77040511231259,14.79255778359616],[120.77040511231259,14.79165946831204]]]},"id":"+134441+16466","properties":{"cls":1,"count":1}},{"type":"Feature","geometry":{"geodesic":false,"type":"Polygon","coordinates":[[[120.76950679702847,14.7943544141644],[120.77130342759672,14.7943544141644],[120.77130342759672,14.795252729448519],[120.76950679702847,14.795252729448519],[120.76950679702847,14.7943544141644]]]},"id":"+134441+16469","properties":{"cls":1,"count":2}},{"type":"Feature","geometry":{"geodesic":false,"type":"Polygon","coordinates":[[[120.76950679702847,14.801540936437357],[120.76950679702847,14.799744305869117],[120.77040511231259,14.799744305869117],[120.77040511231259,14.798845990584997],[120.76950679702847,14.798845990584997],[120.76950679702847,14.797947675300879],[120.77220174288084,14.797947675300879],[120.77220174288084,14.795252729448519],[120.77399837344907,14.795252729448519],[120.77399837344907,14.7943544141644],[120.7748966887332,14.7943544141644],[120.77579500401731,14.796151044732639],[120.77310005816496,14.796151044732639],[120.77310005816496,14.797049360016759],[120.7748966887332,14.797947675300879],[120.7748966887332,14.799744305869117],[120.77310005816496,14.800642621153237],[120.77310005816496,14.798845990584997],[120.77130342759672,14.798845990584997],[120.77220174288084,14.800642621153237],[120.77130342759672,14.800642621153237],[120.77130342759672,14.801540936437357],[120.76950679702847,14.801540936437357]]]},"id":"+134441+16476","properties":{"cls":1,"count":23}},{"type":"Feature","geometry":{"geodesic":false,"type":"Polygon","coordinates":[[[120.77040511231259,14.837473547802137],[120.77130342759672,14.837473547802137],[120.77130342759672,14.838371863086257],[120.77040511231259,14.838371863086257],[120.77040511231259,14.837473547802137]]]},"id":"+134441+16517","properties":{"cls":1,"count":1}},{"type":"Feature","geometry":{"geodesic":false,"type":"Polygon","coordinates":[[[120.77130342759672,14.761116748651977],[120.77220174288084,14.761116748651977],[120.77220174288084,14.762913379220217],[120.77130342759672,14.762913379220217],[120.77130342759672,14.761116748651977]]]},"id":"+134442+16433","properties":{"cls":1,"count":2}},{"type":"Feature","geometry":{"geodesic":false,"type":"Polygon","coordinates":[[[120.77130342759672,14.768303270924934],[120.77220174288084,14.768303270924934],[120.77220174288084,14.769201586209054],[120.77130342759672,14.769201586209054],[120.77130342759672,14.768303270924934]]]},"id":"+134442+16440","properties":{"cls":1,"count":1}},{"type":"Feature","geometry":{"geodesic":false,"type":"Polygon","coordinates":[[[120.76950679702847,14.786269576607324],[120.76860848174435,14.784472946039086],[120.76950679702847,14.784472946039086],[120.76950679702847,14.783574630754966],[120.77220174288084,14.783574630754966],[120.77220174288084,14.784472946039086],[120.77130342759672,14.784472946039086],[120.77220174288084,14.786269576607324],[120.76950679702847,14.786269576607324]]]},"id":"+134442+16459","properties":{"cls":1,"count":9}},{"type":"Feature","geometry":{"geodesic":false,"type":"Polygon","coordinates":[[[120.77130342759672,14.805134197573835],[120.77040511231259,14.803337567005595],[120.77220174288084,14.803337567005595],[120.77220174288084,14.805134197573835],[120.77130342759672,14.805134197573835]]]},"id":"+134442+16480","properties":{"cls":1,"count":3}},{"type":"Feature","geometry":{"geodesic":false,"type":"Polygon","coordinates":[[[120.77130342759672,14.810524089278552],[120.77040511231259,14.808727458710312],[120.77220174288084,14.808727458710312],[120.77220174288084,14.810524089278552],[120.77130342759672,14.810524089278552]]]},"id":"+134442+16486","properties":{"cls":1,"count":3}},{"type":"Feature","geometry":{"geodesic":false,"type":"Polygon","coordinates":[[[120.77130342759672,14.821303872687986],[120.77220174288084,14.821303872687986],[120.77220174288084,14.822202187972106],[120.77130342759672,14.822202187972106],[120.77130342759672,14.821303872687986]]]},"id":"+134442+16499","properties":{"cls":1,"count":1}},{"type":"Feature","geometry":{"geodesic":false,"type":"Polygon","coordinates":[[[120.77040511231259,14.841066808938615],[120.77220174288084,14.841066808938615],[120.77220174288084,14.842863439506853],[120.77040511231259,14.842863439506853],[120.77040511231259,14.841066808938615]]]},"id":"+134442+16522","properties":{"cls":1,"count":4}},{"type":"Feature","geometry":{"geodesic":false,"type":"Polygon","coordinates":[[[120.77220174288084,14.773693162629652],[120.77310005816496,14.773693162629652],[120.77310005816496,14.77459147791377],[120.77220174288084,14.77459147791377],[120.77220174288084,14.773693162629652]]]},"id":"+134443+16446","properties":{"cls":1,"count":1}},{"type":"Feature","geometry":{"geodesic":false,"type":"Polygon","coordinates":[[[120.77220174288084,14.782676315470846],[120.77310005816496,14.782676315470846],[120.77310005816496,14.783574630754966],[120.77220174288084,14.783574630754966],[120.77220174288084,14.782676315470846]]]},"id":"+134443+16456","properties":{"cls":1,"count":1}},{"type":"Feature","geometry":{"geodesic":false,"type":"Polygon","coordinates":[[[120.77220174288084,14.786269576607324],[120.77310005816496,14.786269576607324],[120.77310005816496,14.787167891891444],[120.77220174288084,14.787167891891444],[120.77220174288084,14.786269576607324]]]},"id":"+134443+16460","properties":{"cls":1,"count":1}},{"type":"Feature","geometry":{"geodesic":false,"type":"Polygon","coordinates":[[[120.77220174288084,14.816812296267388],[120.77220174288084,14.815913980983268],[120.77130342759672,14.815913980983268],[120.77130342759672,14.81411735041503],[120.77310005816496,14.81411735041503],[120.77310005816496,14.816812296267388],[120.77220174288084,14.816812296267388]]]},"id":"+134443+16493","properties":{"cls":1,"count":5}},{"type":"Feature","geometry":{"geodesic":false,"type":"Polygon","coordinates":[[[120.77130342759672,14.819507242119746],[120.77310005816496,14.819507242119746],[120.77310005816496,14.820405557403866],[120.77130342759672,14.820405557403866],[120.77130342759672,14.819507242119746]]]},"id":"+134443+16497","properties":{"cls":1,"count":2}},{"type":"Feature","geometry":{"geodesic":false,"type":"Polygon","coordinates":[[[120.77220174288084,14.841066808938615],[120.77220174288084,14.839270178370377],[120.77130342759672,14.839270178370377],[120.77130342759672,14.838371863086257],[120.77310005816496,14.838371863086257],[120.77310005816496,14.841066808938615],[120.77220174288084,14.841066808938615]]]},"id":"+134443+16520","properties":{"cls":1,"count":4}},{"type":"Feature","geometry":{"geodesic":false,"type":"Polygon","coordinates":[[[120.77220174288084,14.849151646495692],[120.77310005816496,14.849151646495692],[120.77310005816496,14.85004996177981],[120.77220174288084,14.85004996177981],[120.77220174288084,14.849151646495692]]]},"id":"+134443+16530","properties":{"cls":1,"count":1}},{"type":"Feature","geometry":{"geodesic":false,"type":"Polygon","coordinates":[[[120.77310005816496,14.767404955640815],[120.77310005816496,14.764710009788455],[120.76950679702847,14.764710009788455],[120.76950679702847,14.763811694504337],[120.77310005816496,14.763811694504337],[120.77310005816496,14.762015063936097],[120.7748966887332,14.762015063936097],[120.77669331930143,14.764710009788455],[120.7748966887332,14.764710009788455],[120.7748966887332,14.765608325072575],[120.77399837344907,14.765608325072575],[120.77399837344907,14.767404955640815],[120.77310005816496,14.767404955640815]]]},"id":"+134444+16438","properties":{"cls":1,"count":17}},{"type":"Feature","geometry":{"geodesic":false,"type":"Polygon","coordinates":[[[120.77220174288084,14.771896532061412],[120.77399837344907,14.771896532061412],[120.77399837344907,14.772794847345532],[120.77220174288084,14.772794847345532],[120.77220174288084,14.771896532061412]]]},"id":"+134444+16444","properties":{"cls":1,"count":2}},{"type":"Feature","geometry":{"geodesic":false,"type":"Polygon","coordinates":[[[120.77220174288084,14.7943544141644],[120.77220174288084,14.790761153027923],[120.77310005816496,14.790761153027923],[120.77310005816496,14.79255778359616],[120.7748966887332,14.79255778359616],[120.7748966887332,14.79345609888028],[120.77399837344907,14.79345609888028],[120.77399837344907,14.7943544141644],[120.77220174288084,14.7943544141644]]]},"id":"+134444+16468","properties":{"cls":1,"count":7}},{"type":"Feature","geometry":{"geodesic":false,"type":"Polygon","coordinates":[[[120.77310005816496,14.802439251721475],[120.77399837344907,14.802439251721475],[120.77399837344907,14.804235882289715],[120.77310005816496,14.804235882289715],[120.77310005816496,14.802439251721475]]]},"id":"+134444+16479","properties":{"cls":1,"count":2}},{"type":"Feature","geometry":{"geodesic":false,"type":"Polygon","coordinates":[[[120.77310005816496,14.810524089278552],[120.77399837344907,14.810524089278552],[120.77399837344907,14.811422404562672],[120.77310005816496,14.811422404562672],[120.77310005816496,14.810524089278552]]]},"id":"+134444+16487","properties":{"cls":1,"count":1}},{"type":"Feature","geometry":{"geodesic":false,"type":"Polygon","coordinates":[[[120.77220174288084,14.81321903513091],[120.77220174288084,14.811422404562672],[120.77310005816496,14.811422404562672],[120.77399837344907,14.81321903513091],[120.77220174288084,14.81321903513091]]]},"id":"+134444+16489","properties":{"cls":1,"count":3}},{"type":"Feature","geometry":{"geodesic":false,"type":"Polygon","coordinates":[[[120.77310005816496,14.816812296267388],[120.77399837344907,14.816812296267388],[120.77399837344907,14.817710611551508],[120.77310005816496,14.817710611551508],[120.77310005816496,14.816812296267388]]]},"id":"+134444+16494","properties":{"cls":1,"count":1}},{"type":"Feature","geometry":{"geodesic":false,"type":"Polygon","coordinates":[[[120.77310005816496,14.818608926835628],[120.77399837344907,14.818608926835628],[120.77399837344907,14.819507242119746],[120.77310005816496,14.819507242119746],[120.77310005816496,14.818608926835628]]]},"id":"+134444+16496","properties":{"cls":1,"count":1}},{"type":"Feature","geometry":{"geodesic":false,"type":"Polygon","coordinates":[[[120.77310005816496,14.821303872687986],[120.77399837344907,14.821303872687986],[120.77399837344907,14.822202187972106],[120.77310005816496,14.822202187972106],[120.77310005816496,14.821303872687986]]]},"id":"+134444+16499","properties":{"cls":1,"count":1}},{"type":"Feature","geometry":{"geodesic":false,"type":"Polygon","coordinates":[[[120.77220174288084,14.789862837743803],[120.77220174288084,14.788964522459683],[120.77399837344907,14.788964522459683],[120.77310005816496,14.787167891891444],[120.77399837344907,14.787167891891444],[120.77399837344907,14.785371261323204],[120.77220174288084,14.785371261323204],[120.77220174288084,14.784472946039086],[120.77399837344907,14.784472946039086],[120.77399837344907,14.781778000186726],[120.77220174288084,14.781778000186726],[120.77220174288084,14.782676315470846],[120.77130342759672,14.782676315470846],[120.77130342759672,14.780879684902608],[120.77310005816496,14.780879684902608],[120.77310005816496,14.779083054334368],[120.77399837344907,14.779083054334368],[120.77399837344907,14.779981369618488],[120.7748966887332,14.779981369618488],[120.7748966887332,14.782676315470846],[120.77759163458555,14.782676315470846],[120.77759163458555,14.784472946039086],[120.77669331930143,14.784472946039086],[120.77669331930143,14.783574630754966],[120.7748966887332,14.783574630754966],[120.7748966887332,14.784472946039086],[120.77579500401731,14.784472946039086],[120.77579500401731,14.786269576607324],[120.7748966887332,14.786269576607324],[120.7748966887332,14.787167891891444],[120.77579500401731,14.787167891891444],[120.77579500401731,14.788964522459683],[120.7748966887332,14.788964522459683],[120.7748966887332,14.789862837743803],[120.77220174288084,14.789862837743803]]]},"id":"+134445+16463","properties":{"cls":1,"count":30}},{"type":"Feature","geometry":{"geodesic":false,"type":"Polygon","coordinates":[[[120.77399837344907,14.800642621153237],[120.7748966887332,14.800642621153237],[120.7748966887332,14.801540936437357],[120.77399837344907,14.801540936437357],[120.77399837344907,14.800642621153237]]]},"id":"+134445+16476","properties":{"cls":1,"count":1}},{"type":"Feature","geometry":{"geodesic":false,"type":"Polygon","coordinates":[[[120.77399837344907,14.804235882289715],[120.7748966887332,14.804235882289715],[120.7748966887332,14.806032512857954],[120.77399837344907,14.806032512857954],[120.77399837344907,14.804235882289715]]]},"id":"+134445+16481","properties":{"cls":1,"count":2}},{"type":"Feature","geometry":{"geodesic":false,"type":"Polygon","coordinates":[[[120.77399837344907,14.806930828142074],[120.7748966887332,14.806930828142074],[120.7748966887332,14.808727458710312],[120.77399837344907,14.808727458710312],[120.77399837344907,14.806930828142074]]]},"id":"+134445+16484","properties":{"cls":1,"count":2}},{"type":"Feature","geometry":{"geodesic":false,"type":"Polygon","coordinates":[[[120.7748966887332,14.768303270924934],[120.77579500401731,14.768303270924934],[120.77579500401731,14.769201586209054],[120.7748966887332,14.769201586209054],[120.7748966887332,14.768303270924934]]]},"id":"+134446+16440","properties":{"cls":1,"count":1}},{"type":"Feature","geometry":{"geodesic":false,"type":"Polygon","coordinates":[[[120.7748966887332,14.772794847345532],[120.77579500401731,14.772794847345532],[120.77579500401731,14.773693162629652],[120.7748966887332,14.773693162629652],[120.7748966887332,14.772794847345532]]]},"id":"+134446+16445","properties":{"cls":1,"count":1}},{"type":"Feature","geometry":{"geodesic":false,"type":"Polygon","coordinates":[[[120.7748966887332,14.818608926835628],[120.77579500401731,14.818608926835628],[120.77579500401731,14.819507242119746],[120.7748966887332,14.819507242119746],[120.7748966887332,14.818608926835628]]]},"id":"+134446+16496","properties":{"cls":1,"count":1}},{"type":"Feature","geometry":{"geodesic":false,"type":"Polygon","coordinates":[[[120.77399837344907,14.845558385359213],[120.77579500401731,14.845558385359213],[120.77579500401731,14.846456700643332],[120.77399837344907,14.846456700643332],[120.77399837344907,14.845558385359213]]]},"id":"+134446+16526","properties":{"cls":1,"count":2}},{"type":"Feature","geometry":{"geodesic":false,"type":"Polygon","coordinates":[[[120.77579500401731,14.769201586209054],[120.77669331930143,14.769201586209054],[120.77669331930143,14.770099901493174],[120.77579500401731,14.770099901493174],[120.77579500401731,14.769201586209054]]]},"id":"+134447+16441","properties":{"cls":1,"count":1}},{"type":"Feature","geometry":{"geodesic":false,"type":"Polygon","coordinates":[[[120.7748966887332,14.767404955640815],[120.77579500401731,14.765608325072575],[120.77759163458555,14.766506640356695],[120.77759163458555,14.767404955640815],[120.7748966887332,14.767404955640815]]]},"id":"+134448+16438","properties":{"cls":1,"count":4}},{"type":"Feature","geometry":{"geodesic":false,"type":"Polygon","coordinates":[[[120.77669331930143,14.772794847345532],[120.77759163458555,14.772794847345532],[120.77759163458555,14.773693162629652],[120.77669331930143,14.773693162629652],[120.77669331930143,14.772794847345532]]]},"id":"+134448+16445","properties":{"cls":1,"count":1}},{"type":"Feature","geometry":{"geodesic":false,"type":"Polygon","coordinates":[[[120.77579500401731,14.778184739050248],[120.77669331930143,14.77459147791377],[120.77759163458555,14.77459147791377],[120.77759163458555,14.778184739050248],[120.77579500401731,14.778184739050248]]]},"id":"+134448+16450","properties":{"cls":1,"count":6}},{"type":"Feature","geometry":{"geodesic":false,"type":"Polygon","coordinates":[[[120.7748966887332,14.779083054334368],[120.77759163458555,14.779083054334368],[120.77759163458555,14.779981369618488],[120.7748966887332,14.779981369618488],[120.7748966887332,14.779083054334368]]]},"id":"+134448+16452","properties":{"cls":1,"count":3}},{"type":"Feature","geometry":{"geodesic":false,"type":"Polygon","coordinates":[[[120.77669331930143,14.798845990584997],[120.77759163458555,14.798845990584997],[120.77759163458555,14.799744305869117],[120.77669331930143,14.799744305869117],[120.77669331930143,14.798845990584997]]]},"id":"+134448+16474","properties":{"cls":1,"count":1}},{"type":"Feature","geometry":{"geodesic":false,"type":"Polygon","coordinates":[[[120.77669331930143,14.808727458710312],[120.77759163458555,14.808727458710312],[120.77759163458555,14.810524089278552],[120.77669331930143,14.810524089278552],[120.77669331930143,14.808727458710312]]]},"id":"+134448+16486","properties":{"cls":1,"count":2}},{"type":"Feature","geometry":{"geodesic":false,"type":"Polygon","coordinates":[[[120.77669331930143,14.81232071984679],[120.77759163458555,14.81232071984679],[120.77759163458555,14.81321903513091],[120.77669331930143,14.81321903513091],[120.77669331930143,14.81232071984679]]]},"id":"+134448+16489","properties":{"cls":1,"count":1}},{"type":"Feature","geometry":{"geodesic":false,"type":"Polygon","coordinates":[[[120.77669331930143,14.823100503256224],[120.77759163458555,14.823100503256224],[120.77759163458555,14.823998818540344],[120.77669331930143,14.823998818540344],[120.77669331930143,14.823100503256224]]]},"id":"+134448+16501","properties":{"cls":1,"count":1}},{"type":"Feature","geometry":{"geodesic":false,"type":"Polygon","coordinates":[[[120.77759163458555,14.780879684902608],[120.77848994986967,14.780879684902608],[120.77848994986967,14.781778000186726],[120.77759163458555,14.781778000186726],[120.77759163458555,14.780879684902608]]]},"id":"+134449+16454","properties":{"cls":1,"count":1}},{"type":"Feature","geometry":{"geodesic":false,"type":"Polygon","coordinates":[[[120.77759163458555,14.797947675300879],[120.77848994986967,14.797947675300879],[120.77848994986967,14.798845990584997],[120.77759163458555,14.798845990584997],[120.77759163458555,14.797947675300879]]]},"id":"+134449+16473","properties":{"cls":1,"count":1}},{"type":"Feature","geometry":{"geodesic":false,"type":"Polygon","coordinates":[[[120.77759163458555,14.806032512857954],[120.77848994986967,14.806032512857954],[120.77848994986967,14.806930828142074],[120.77759163458555,14.806930828142074],[120.77759163458555,14.806032512857954]]]},"id":"+134449+16482","properties":{"cls":1,"count":1}},{"type":"Feature","geometry":{"geodesic":false,"type":"Polygon","coordinates":[[[120.77938826515378,14.819507242119746],[120.77938826515378,14.820405557403866],[120.77759163458555,14.821303872687986],[120.77759163458555,14.819507242119746],[120.77669331930143,14.819507242119746],[120.77669331930143,14.818608926835628],[120.77759163458555,14.818608926835628],[120.77759163458555,14.815913980983268],[120.77848994986967,14.815913980983268],[120.77848994986967,14.816812296267388],[120.78028658043792,14.815913980983268],[120.78028658043792,14.819507242119746],[120.77938826515378,14.819507242119746]],[[120.77938826515378,14.819507242119746],[120.77848994986967,14.819507242119746],[120.77848994986967,14.817710611551508],[120.77938826515378,14.817710611551508],[120.77938826515378,14.819507242119746]]]},"id":"+134449+16498","properties":{"cls":1,"count":13}},{"type":"Feature","geometry":{"geodesic":false,"type":"Polygon","coordinates":[[[120.77848994986967,14.765608325072575],[120.77938826515378,14.765608325072575],[120.77938826515378,14.766506640356695],[120.77848994986967,14.766506640356695],[120.77848994986967,14.765608325072575]]]},"id":"+134450+16437","properties":{"cls":1,"count":1}},{"type":"Feature","geometry":{"geodesic":false,"type":"Polygon","coordinates":[[[120.77848994986967,14.77459147791377],[120.77938826515378,14.77459147791377],[120.77938826515378,14.77548979319789],[120.77848994986967,14.77548979319789],[120.77848994986967,14.77459147791377]]]},"id":"+134450+16447","properties":{"cls":1,"count":1}},{"type":"Feature","geometry":{"geodesic":false,"type":"Polygon","coordinates":[[[120.77848994986967,14.782676315470846],[120.77938826515378,14.782676315470846],[120.77938826515378,14.783574630754966],[120.77848994986967,14.783574630754966],[120.77848994986967,14.782676315470846]]]},"id":"+134450+16456","properties":{"cls":1,"count":1}},{"type":"Feature","geometry":{"geodesic":false,"type":"Polygon","coordinates":[[[120.77848994986967,14.79345609888028],[120.77848994986967,14.790761153027923],[120.77669331930143,14.790761153027923],[120.77669331930143,14.789862837743803],[120.77759163458555,14.789862837743803],[120.77669331930143,14.788066207175564],[120.77759163458555,14.788066207175564],[120.77759163458555,14.786269576607324],[120.77669331930143,14.786269576607324],[120.77669331930143,14.785371261323204],[120.77759163458555,14.785371261323204],[120.77759163458555,14.784472946039086],[120.77938826515378,14.784472946039086],[120.77938826515378,14.786269576607324],[120.78208321100615,14.786269576607324],[120.78208321100615,14.783574630754966],[120.78028658043792,14.784472946039086],[120.78028658043792,14.782676315470846],[120.78477815685851,14.781778000186726],[120.78477815685851,14.779981369618488],[120.78657478742674,14.779083054334368],[120.78657478742674,14.778184739050248],[120.78747310271086,14.778184739050248],[120.78747310271086,14.779981369618488],[120.78567647214263,14.780879684902608],[120.78567647214263,14.782676315470846],[120.78477815685851,14.782676315470846],[120.78477815685851,14.783574630754966],[120.78657478742674,14.783574630754966],[120.78657478742674,14.780879684902608],[120.79016804856323,14.781778000186726],[120.78837141799498,14.779083054334368],[120.79016804856323,14.779083054334368],[120.79016804856323,14.779981369618488],[120.79465962498382,14.779083054334368],[120.79465962498382,14.780879684902608],[120.79555794026794,14.780879684902608],[120.79555794026794,14.781778000186726],[120.79735457083618,14.781778000186726],[120.79735457083618,14.780879684902608],[120.79915120140441,14.780879684902608],[120.79915120140441,14.779981369618488],[120.80004951668855,14.779981369618488],[120.80004951668855,14.779083054334368],[120.79645625555206,14.779981369618488],[120.79915120140441,14.77638810848201],[120.80004951668855,14.77638810848201],[120.80004951668855,14.77728642376613],[120.80184614725678,14.77728642376613],[120.8027444625409,14.77548979319789],[120.80454109310914,14.77638810848201],[120.80454109310914,14.779083054334368],[120.80364277782502,14.779083054334368],[120.80364277782502,14.779981369618488],[120.80454109310914,14.779981369618488],[120.80454109310914,14.781778000186726],[120.8027444625409,14.780879684902608],[120.8027444625409,14.781778000186726],[120.80364277782502,14.781778000186726],[120.80364277782502,14.783574630754966],[120.8027444625409,14.783574630754966],[120.8027444625409,14.784472946039086],[120.80364277782502,14.784472946039086],[120.80454109310914,14.788066207175564],[120.80364277782502,14.788066207175564],[120.8027444625409,14.789862837743803],[120.80004951668855,14.789862837743803],[120.80004951668855,14.79165946831204],[120.7982528861203,14.790761153027923],[120.7982528861203,14.789862837743803],[120.79915120140441,14.789862837743803],[120.79915120140441,14.788066207175564],[120.80094783197266,14.788066207175564],[120.80094783197266,14.788964522459683],[120.80184614725678,14.788964522459683],[120.80094783197266,14.785371261323204],[120.80004951668855,14.785371261323204],[120.80094783197266,14.783574630754966],[120.79915120140441,14.783574630754966],[120.7982528861203,14.787167891891444],[120.79645625555206,14.787167891891444],[120.79645625555206,14.784472946039086],[120.7982528861203,14.783574630754966],[120.7982528861203,14.782676315470846],[120.79645625555206,14.782676315470846],[120.79555794026794,14.784472946039086],[120.7937613096997,14.784472946039086],[120.7937613096997,14.782676315470846],[120.79286299441559,14.782676315470846],[120.79286299441559,14.783574630754966],[120.79196467913147,14.783574630754966],[120.79196467913147,14.784472946039086],[120.79286299441559,14.784472946039086],[120.79286299441559,14.786269576607324],[120.79106636384735,14.786269576607324],[120.79106636384735,14.783574630754966],[120.7892697332791,14.782676315470846],[120.7892697332791,14.783574630754966],[120.79016804856323,14.783574630754966],[120.79016804856323,14.784472946039086],[120.7892697332791,14.784472946039086],[120.7892697332791,14.786269576607324],[120.78657478742674,14.784472946039086],[120.78657478742674,14.785371261323204],[120.78747310271086,14.785371261323204],[120.78747310271086,14.788964522459683],[120.78837141799498,14.788964522459683],[120.78837141799498,14.789862837743803],[120.78657478742674,14.789862837743803],[120.78657478742674,14.790761153027923],[120.78567647214263,14.790761153027923],[120.78567647214263,14.789862837743803],[120.78387984157439,14.789862837743803],[120.78387984157439,14.788964522459683],[120.78298152629027,14.788964522459683],[120.78298152629027,14.787167891891444],[120.78028658043792,14.787167891891444],[120.78028658043792,14.79255778359616],[120.77848994986967,14.79345609888028]],[[120.7937613096997,14.780879684902608],[120.79286299441559,14.780879684902608],[120.79286299441559,14.779981369618488],[120.7937613096997,14.779981369618488],[120.7937613096997,14.780879684902608]],[[120.80094783197266,14.781778000186726],[120.80004951668855,14.781778000186726],[120.80004951668855,14.780879684902608],[120.80094783197266,14.780879684902608],[120.80094783197266,14.781778000186726]],[[120.79196467913147,14.782676315470846],[120.79106636384735,14.782676315470846],[120.79106636384735,14.781778000186726],[120.79196467913147,14.781778000186726],[120.79196467913147,14.782676315470846]],[[120.78387984157439,14.783574630754966],[120.78298152629027,14.783574630754966],[120.78298152629027,14.782676315470846],[120.78387984157439,14.782676315470846],[120.78387984157439,14.783574630754966]]]},"id":"+134450+16467","properties":{"cls":1,"count":221}},{"type":"Feature","geometry":{"geodesic":false,"type":"Polygon","coordinates":[[[120.77848994986967,14.798845990584997],[120.77938826515378,14.798845990584997],[120.77938826515378,14.799744305869117],[120.77848994986967,14.799744305869117],[120.77848994986967,14.798845990584997]]]},"id":"+134450+16474","properties":{"cls":1,"count":1}},{"type":"Feature","geometry":{"geodesic":false,"type":"Polygon","coordinates":[[[120.77759163458555,14.800642621153237],[120.77938826515378,14.800642621153237],[120.77938826515378,14.801540936437357],[120.77759163458555,14.801540936437357],[120.77759163458555,14.800642621153237]]]},"id":"+134450+16476","properties":{"cls":1,"count":2}},{"type":"Feature","geometry":{"geodesic":false,"type":"Polygon","coordinates":[[[120.77848994986967,14.806930828142074],[120.77938826515378,14.806930828142074],[120.77938826515378,14.807829143426193],[120.77848994986967,14.807829143426193],[120.77848994986967,14.806930828142074]]]},"id":"+134450+16483","properties":{"cls":1,"count":1}},{"type":"Feature","geometry":{"geodesic":false,"type":"Polygon","coordinates":[[[120.77759163458555,14.823998818540344],[120.77938826515378,14.823998818540344],[120.77938826515378,14.824897133824464],[120.77759163458555,14.824897133824464],[120.77759163458555,14.823998818540344]]]},"id":"+134450+16502","properties":{"cls":1,"count":2}},{"type":"Feature","geometry":{"geodesic":false,"type":"Polygon","coordinates":[[[120.77938826515378,14.820405557403866],[120.78028658043792,14.820405557403866],[120.78028658043792,14.822202187972106],[120.77938826515378,14.822202187972106],[120.77938826515378,14.820405557403866]]]},"id":"+134451+16499","properties":{"cls":1,"count":2}},{"type":"Feature","geometry":{"geodesic":false,"type":"Polygon","coordinates":[[[120.77938826515378,14.837473547802137],[120.78028658043792,14.837473547802137],[120.78028658043792,14.838371863086257],[120.77938826515378,14.838371863086257],[120.77938826515378,14.837473547802137]]]},"id":"+134451+16517","properties":{"cls":1,"count":1}},{"type":"Feature","geometry":{"geodesic":false,"type":"Polygon","coordinates":[[[120.77938826515378,14.842863439506853],[120.78028658043792,14.842863439506853],[120.78028658043792,14.843761754790973],[120.77938826515378,14.843761754790973],[120.77938826515378,14.842863439506853]]]},"id":"+134451+16523","properties":{"cls":1,"count":1}},{"type":"Feature","geometry":{"geodesic":false,"type":"Polygon","coordinates":[[[120.78028658043792,14.765608325072575],[120.78118489572203,14.765608325072575],[120.78118489572203,14.766506640356695],[120.78028658043792,14.766506640356695],[120.78028658043792,14.765608325072575]]]},"id":"+134452+16437","properties":{"cls":1,"count":1}},{"type":"Feature","geometry":{"geodesic":false,"type":"Polygon","coordinates":[[[120.78028658043792,14.77459147791377],[120.78118489572203,14.77459147791377],[120.78118489572203,14.77548979319789],[120.78028658043792,14.77548979319789],[120.78028658043792,14.77459147791377]]]},"id":"+134452+16447","properties":{"cls":1,"count":1}},{"type":"Feature","geometry":{"geodesic":false,"type":"Polygon","coordinates":[[[120.77848994986967,14.779083054334368],[120.77848994986967,14.77728642376613],[120.77938826515378,14.77728642376613],[120.77938826515378,14.778184739050248],[120.78118489572203,14.778184739050248],[120.78118489572203,14.779083054334368],[120.77848994986967,14.779083054334368]]]},"id":"+134452+16451","properties":{"cls":1,"count":4}},{"type":"Feature","geometry":{"geodesic":false,"type":"Polygon","coordinates":[[[120.78028658043792,14.779981369618488],[120.78118489572203,14.779981369618488],[120.78118489572203,14.780879684902608],[120.78028658043792,14.780879684902608],[120.78028658043792,14.779981369618488]]]},"id":"+134452+16453","properties":{"cls":1,"count":1}},{"type":"Feature","geometry":{"geodesic":false,"type":"Polygon","coordinates":[[[120.78028658043792,14.79345609888028],[120.78118489572203,14.79345609888028],[120.78118489572203,14.7943544141644],[120.78028658043792,14.7943544141644],[120.78028658043792,14.79345609888028]]]},"id":"+134452+16468","properties":{"cls":1,"count":1}},{"type":"Feature","geometry":{"geodesic":false,"type":"Polygon","coordinates":[[[120.77938826515378,14.799744305869117],[120.78118489572203,14.799744305869117],[120.78118489572203,14.800642621153237],[120.77938826515378,14.800642621153237],[120.77938826515378,14.799744305869117]]]},"id":"+134452+16475","properties":{"cls":1,"count":2}},{"type":"Feature","geometry":{"geodesic":false,"type":"Polygon","coordinates":[[[120.77938826515378,14.809625773994432],[120.77938826515378,14.807829143426193],[120.78028658043792,14.807829143426193],[120.78118489572203,14.809625773994432],[120.77938826515378,14.809625773994432]]]},"id":"+134452+16485","properties":{"cls":1,"count":3}},{"type":"Feature","geometry":{"geodesic":false,"type":"Polygon","coordinates":[[[120.78028658043792,14.810524089278552],[120.78118489572203,14.810524089278552],[120.78118489572203,14.811422404562672],[120.78028658043792,14.811422404562672],[120.78028658043792,14.810524089278552]]]},"id":"+134452+16487","properties":{"cls":1,"count":1}},{"type":"Feature","geometry":{"geodesic":false,"type":"Polygon","coordinates":[[[120.78028658043792,14.819507242119746],[120.78118489572203,14.819507242119746],[120.78118489572203,14.820405557403866],[120.78028658043792,14.820405557403866],[120.78028658043792,14.819507242119746]]]},"id":"+134452+16497","properties":{"cls":1,"count":1}},{"type":"Feature","geometry":{"geodesic":false,"type":"Polygon","coordinates":[[[120.78118489572203,14.760218433367859],[120.78208321100615,14.760218433367859],[120.78208321100615,14.761116748651977],[120.78118489572203,14.761116748651977],[120.78118489572203,14.760218433367859]]]},"id":"+134453+16431","properties":{"cls":1,"count":1}},{"type":"Feature","geometry":{"geodesic":false,"type":"Polygon","coordinates":[[[120.78118489572203,14.764710009788455],[120.78208321100615,14.764710009788455],[120.78208321100615,14.765608325072575],[120.78118489572203,14.765608325072575],[120.78118489572203,14.764710009788455]]]},"id":"+134453+16436","properties":{"cls":1,"count":1}},{"type":"Feature","geometry":{"geodesic":false,"type":"Polygon","coordinates":[[[120.78118489572203,14.779083054334368],[120.78208321100615,14.779083054334368],[120.78208321100615,14.779981369618488],[120.78118489572203,14.779981369618488],[120.78118489572203,14.779083054334368]]]},"id":"+134453+16452","properties":{"cls":1,"count":1}},{"type":"Feature","geometry":{"geodesic":false,"type":"Polygon","coordinates":[[[120.78118489572203,14.79255778359616],[120.78208321100615,14.79255778359616],[120.78208321100615,14.79345609888028],[120.78118489572203,14.79345609888028],[120.78118489572203,14.79255778359616]]]},"id":"+134453+16467","properties":{"cls":1,"count":1}},{"type":"Feature","geometry":{"geodesic":false,"type":"Polygon","coordinates":[[[120.77938826515378,14.796151044732639],[120.77938826515378,14.7943544141644],[120.78028658043792,14.7943544141644],[120.78028658043792,14.795252729448519],[120.78208321100615,14.795252729448519],[120.78208321100615,14.796151044732639],[120.77938826515378,14.796151044732639]]]},"id":"+134453+16470","properties":{"cls":1,"count":4}},{"type":"Feature","geometry":{"geodesic":false,"type":"Polygon","coordinates":[[[120.78028658043792,14.807829143426193],[120.77848994986967,14.805134197573835],[120.77669331930143,14.805134197573835],[120.77759163458555,14.803337567005595],[120.77669331930143,14.803337567005595],[120.77669331930143,14.802439251721475],[120.7748966887332,14.802439251721475],[120.7748966887332,14.801540936437357],[120.77759163458555,14.801540936437357],[120.77759163458555,14.802439251721475],[120.78028658043792,14.802439251721475],[120.78028658043792,14.801540936437357],[120.78118489572203,14.801540936437357],[120.78118489572203,14.802439251721475],[120.78208321100615,14.802439251721475],[120.78118489572203,14.797947675300879],[120.78208321100615,14.797947675300879],[120.78208321100615,14.796151044732639],[120.78477815685851,14.796151044732639],[120.78387984157439,14.799744305869117],[120.78477815685851,14.799744305869117],[120.78477815685851,14.801540936437357],[120.78567647214263,14.801540936437357],[120.78567647214263,14.802439251721475],[120.78477815685851,14.802439251721475],[120.78477815685851,14.803337567005595],[120.78298152629027,14.803337567005595],[120.78208321100615,14.807829143426193],[120.78028658043792,14.807829143426193]],[[120.78387984157439,14.801540936437357],[120.78298152629027,14.801540936437357],[120.78298152629027,14.800642621153237],[120.78387984157439,14.800642621153237],[120.78387984157439,14.801540936437357]],[[120.78028658043792,14.805134197573835],[120.77938826515378,14.805134197573835],[120.77938826515378,14.804235882289715],[120.78118489572203,14.803337567005595],[120.78028658043792,14.805134197573835]]]},"id":"+134453+16483","properties":{"cls":1,"count":55}},{"type":"Feature","geometry":{"geodesic":false,"type":"Polygon","coordinates":[[[120.78118489572203,14.809625773994432],[120.78208321100615,14.809625773994432],[120.78208321100615,14.810524089278552],[120.78118489572203,14.810524089278552],[120.78118489572203,14.809625773994432]]]},"id":"+134453+16486","properties":{"cls":1,"count":1}},{"type":"Feature","geometry":{"geodesic":false,"type":"Polygon","coordinates":[[[120.78208321100615,14.351484979093476],[120.78298152629027,14.351484979093476],[120.78298152629027,14.352383294377596],[120.78208321100615,14.352383294377596],[120.78208321100615,14.351484979093476]]]},"id":"+134454+15976","properties":{"cls":1,"count":1}},{"type":"Feature","geometry":{"geodesic":false,"type":"Polygon","coordinates":[[[120.78208321100615,14.758421802799619],[120.78298152629027,14.758421802799619],[120.78298152629027,14.759320118083739],[120.78208321100615,14.759320118083739],[120.78208321100615,14.758421802799619]]]},"id":"+134454+16429","properties":{"cls":1,"count":1}},{"type":"Feature","geometry":{"geodesic":false,"type":"Polygon","coordinates":[[[120.78208321100615,14.779981369618488],[120.78298152629027,14.779981369618488],[120.78298152629027,14.780879684902608],[120.78208321100615,14.780879684902608],[120.78208321100615,14.779981369618488]]]},"id":"+134454+16453","properties":{"cls":1,"count":1}},{"type":"Feature","geometry":{"geodesic":false,"type":"Polygon","coordinates":[[[120.78208321100615,14.79165946831204],[120.78208321100615,14.789862837743803],[120.78387984157439,14.789862837743803],[120.78387984157439,14.790761153027923],[120.78208321100615,14.79165946831204]]]},"id":"+134454+16465","properties":{"cls":1,"count":3}},{"type":"Feature","geometry":{"geodesic":false,"type":"Polygon","coordinates":[[[120.78208321100615,14.820405557403866],[120.78298152629027,14.820405557403866],[120.78298152629027,14.821303872687986],[120.78208321100615,14.821303872687986],[120.78208321100615,14.820405557403866]]]},"id":"+134454+16498","properties":{"cls":1,"count":1}},{"type":"Feature","geometry":{"geodesic":false,"type":"Polygon","coordinates":[[[120.78208321100615,14.832981971381539],[120.78298152629027,14.832981971381539],[120.78298152629027,14.834778601949779],[120.78208321100615,14.834778601949779],[120.78208321100615,14.832981971381539]]]},"id":"+134454+16513","properties":{"cls":1,"count":2}},{"type":"Feature","geometry":{"geodesic":false,"type":"Polygon","coordinates":[[[120.78208321100615,14.766506640356695],[120.78298152629027,14.764710009788455],[120.78208321100615,14.764710009788455],[120.78208321100615,14.763811694504337],[120.78118489572203,14.763811694504337],[120.78118489572203,14.764710009788455],[120.77938826515378,14.764710009788455],[120.77938826515378,14.762913379220217],[120.78028658043792,14.762913379220217],[120.78028658043792,14.762015063936097],[120.78118489572203,14.762015063936097],[120.78118489572203,14.762913379220217],[120.78387984157439,14.762913379220217],[120.78387984157439,14.764710009788455],[120.78477815685851,14.764710009788455],[120.78387984157439,14.766506640356695],[120.78208321100615,14.766506640356695]]]},"id":"+134455+16437","properties":{"cls":1,"count":14}},{"type":"Feature","geometry":{"geodesic":false,"type":"Polygon","coordinates":[[[120.78387984157439,14.353281609661716],[120.78477815685851,14.353281609661716],[120.78477815685851,14.354179924945834],[120.78387984157439,14.354179924945834],[120.78387984157439,14.353281609661716]]]},"id":"+134456+15978","properties":{"cls":1,"count":1}},{"type":"Feature","geometry":{"geodesic":false,"type":"Polygon","coordinates":[[[120.78387984157439,14.762015063936097],[120.78477815685851,14.762015063936097],[120.78477815685851,14.762913379220217],[120.78387984157439,14.762913379220217],[120.78387984157439,14.762015063936097]]]},"id":"+134456+16433","properties":{"cls":1,"count":1}},{"type":"Feature","geometry":{"geodesic":false,"type":"Polygon","coordinates":[[[120.78298152629027,14.768303270924934],[120.78477815685851,14.765608325072575],[120.78567647214263,14.765608325072575],[120.78567647214263,14.767404955640815],[120.78477815685851,14.767404955640815],[120.78477815685851,14.768303270924934],[120.78298152629027,14.768303270924934]]]},"id":"+134456+16439","properties":{"cls":1,"count":5}},{"type":"Feature","geometry":{"geodesic":false,"type":"Polygon","coordinates":[[[120.78298152629027,14.771896532061412],[120.78208321100615,14.770099901493174],[120.78477815685851,14.770099901493174],[120.78477815685851,14.771896532061412],[120.78298152629027,14.771896532061412]]]},"id":"+134456+16443","properties":{"cls":1,"count":5}},{"type":"Feature","geometry":{"geodesic":false,"type":"Polygon","coordinates":[[[120.78298152629027,14.79255778359616],[120.78387984157439,14.790761153027923],[120.78567647214263,14.790761153027923],[120.78477815685851,14.79255778359616],[120.78298152629027,14.79255778359616]]]},"id":"+134456+16466","properties":{"cls":1,"count":4}},{"type":"Feature","geometry":{"geodesic":false,"type":"Polygon","coordinates":[[[120.78298152629027,14.795252729448519],[120.78387984157439,14.79345609888028],[120.78567647214263,14.79345609888028],[120.78477815685851,14.795252729448519],[120.78298152629027,14.795252729448519]]]},"id":"+134456+16469","properties":{"cls":1,"count":4}},{"type":"Feature","geometry":{"geodesic":false,"type":"Polygon","coordinates":[[[120.78387984157439,14.804235882289715],[120.78477815685851,14.804235882289715],[120.78477815685851,14.805134197573835],[120.78387984157439,14.805134197573835],[120.78387984157439,14.804235882289715]]]},"id":"+134456+16480","properties":{"cls":1,"count":1}},{"type":"Feature","geometry":{"geodesic":false,"type":"Polygon","coordinates":[[[120.78298152629027,14.836575232518017],[120.78387984157439,14.834778601949779],[120.78477815685851,14.834778601949779],[120.78477815685851,14.836575232518017],[120.78298152629027,14.836575232518017]]]},"id":"+134456+16515","properties":{"cls":1,"count":3}},{"type":"Feature","geometry":{"geodesic":false,"type":"Polygon","coordinates":[[[120.78477815685851,14.768303270924934],[120.78567647214263,14.768303270924934],[120.78567647214263,14.769201586209054],[120.78477815685851,14.769201586209054],[120.78477815685851,14.768303270924934]]]},"id":"+134457+16440","properties":{"cls":1,"count":1}},{"type":"Feature","geometry":{"geodesic":false,"type":"Polygon","coordinates":[[[120.78387984157439,14.772794847345532],[120.78567647214263,14.772794847345532],[120.78567647214263,14.773693162629652],[120.78387984157439,14.773693162629652],[120.78387984157439,14.772794847345532]]]},"id":"+134457+16445","properties":{"cls":1,"count":2}},{"type":"Feature","geometry":{"geodesic":false,"type":"Polygon","coordinates":[[[120.78477815685851,14.779083054334368],[120.78477815685851,14.778184739050248],[120.78298152629027,14.778184739050248],[120.78298152629027,14.779083054334368],[120.78118489572203,14.778184739050248],[120.78118489572203,14.77728642376613],[120.78298152629027,14.77728642376613],[120.78298152629027,14.77638810848201],[120.78208321100615,14.77638810848201],[120.78208321100615,14.773693162629652],[120.78028658043792,14.773693162629652],[120.78028658043792,14.772794847345532],[120.78298152629027,14.772794847345532],[120.78298152629027,14.77459147791377],[120.78477815685851,14.77459147791377],[120.78477815685851,14.77728642376613],[120.78567647214263,14.77728642376613],[120.78567647214263,14.779083054334368],[120.78477815685851,14.779083054334368]]]},"id":"+134457+16451","properties":{"cls":1,"count":19}},{"type":"Feature","geometry":{"geodesic":false,"type":"Polygon","coordinates":[[[120.78298152629027,14.810524089278552],[120.78298152629027,14.807829143426193],[120.78387984157439,14.807829143426193],[120.78387984157439,14.806930828142074],[120.78298152629027,14.806930828142074],[120.78298152629027,14.806032512857954],[120.78657478742674,14.806930828142074],[120.78657478742674,14.806032512857954],[120.78567647214263,14.806032512857954],[120.78567647214263,14.802439251721475],[120.78747310271086,14.801540936437357],[120.78747310271086,14.804235882289715],[120.7892697332791,14.805134197573835],[120.7892697332791,14.806930828142074],[120.78747310271086,14.806032512857954],[120.78747310271086,14.807829143426193],[120.78567647214263,14.807829143426193],[120.78567647214263,14.808727458710312],[120.78477815685851,14.808727458710312],[120.78567647214263,14.810524089278552],[120.78298152629027,14.810524089278552]]]},"id":"+134457+16486","properties":{"cls":1,"count":28}},{"type":"Feature","geometry":{"geodesic":false,"type":"Polygon","coordinates":[[[120.78477815685851,14.825795449108583],[120.78567647214263,14.825795449108583],[120.78567647214263,14.826693764392703],[120.78477815685851,14.826693764392703],[120.78477815685851,14.825795449108583]]]},"id":"+134457+16504","properties":{"cls":1,"count":1}},{"type":"Feature","geometry":{"geodesic":false,"type":"Polygon","coordinates":[[[120.78477815685851,14.834778601949779],[120.78477815685851,14.832981971381539],[120.78387984157439,14.832981971381539],[120.78387984157439,14.82938871024506],[120.78298152629027,14.82938871024506],[120.78298152629027,14.826693764392703],[120.78387984157439,14.826693764392703],[120.78477815685851,14.828490394960943],[120.78657478742674,14.828490394960943],[120.78657478742674,14.827592079676823],[120.78747310271086,14.827592079676823],[120.78747310271086,14.82938871024506],[120.78567647214263,14.82938871024506],[120.78567647214263,14.83028702552918],[120.78477815685851,14.83028702552918],[120.78477815685851,14.83208365609742],[120.78567647214263,14.83208365609742],[120.78567647214263,14.834778601949779],[120.78477815685851,14.834778601949779]]]},"id":"+134457+16513","properties":{"cls":1,"count":17}},{"type":"Feature","geometry":{"geodesic":false,"type":"Polygon","coordinates":[[[120.78298152629027,14.841965124222735],[120.78298152629027,14.841066808938615],[120.78477815685851,14.841066808938615],[120.78567647214263,14.844660070075093],[120.78477815685851,14.844660070075093],[120.78477815685851,14.845558385359213],[120.78298152629027,14.844660070075093],[120.78387984157439,14.846456700643332],[120.78118489572203,14.846456700643332],[120.78118489572203,14.847355015927452],[120.78477815685851,14.847355015927452],[120.78477815685851,14.848253331211572],[120.78567647214263,14.848253331211572],[120.78567647214263,14.85004996177981],[120.78208321100615,14.85004996177981],[120.78208321100615,14.848253331211572],[120.78028658043792,14.848253331211572],[120.77938826515378,14.85004996177981],[120.77399837344907,14.85004996177981],[120.77399837344907,14.848253331211572],[120.77579500401731,14.847355015927452],[120.77579500401731,14.848253331211572],[120.77669331930143,14.848253331211572],[120.77579500401731,14.846456700643332],[120.77759163458555,14.846456700643332],[120.77759163458555,14.844660070075093],[120.77579500401731,14.845558385359213],[120.77579500401731,14.843761754790973],[120.77938826515378,14.843761754790973],[120.77848994986967,14.845558385359213],[120.77938826515378,14.845558385359213],[120.77938826515378,14.844660070075093],[120.78118489572203,14.845558385359213],[120.78028658043792,14.843761754790973],[120.78118489572203,14.843761754790973],[120.78118489572203,14.842863439506855],[120.78028658043792,14.842863439506855],[120.78028658043792,14.841965124222735],[120.78298152629027,14.841965124222735]],[[120.78028658043792,14.848253331211572],[120.77938826515378,14.848253331211572],[120.77938826515378,14.847355015927452],[120.78028658043792,14.847355015927452],[120.78028658043792,14.848253331211572]],[[120.78298152629027,14.841965124222735],[120.78387984157439,14.841965124222735],[120.78298152629027,14.843761754790973],[120.78208321100615,14.843761754790973],[120.78208321100615,14.842863439506855],[120.78298152629027,14.842863439506855],[120.78298152629027,14.841965124222735]]]},"id":"+134457+16530","properties":{"cls":1,"count":69}},{"type":"Feature","geometry":{"geodesic":false,"type":"Polygon","coordinates":[[[120.78567647214263,14.769201586209054],[120.78657478742674,14.769201586209054],[120.78657478742674,14.770099901493174],[120.78567647214263,14.770099901493174],[120.78567647214263,14.769201586209054]]]},"id":"+134458+16441","properties":{"cls":1,"count":1}},{"type":"Feature","geometry":{"geodesic":false,"type":"Polygon","coordinates":[[[120.78567647214263,14.770998216777294],[120.78657478742674,14.770998216777294],[120.78657478742674,14.771896532061412],[120.78567647214263,14.771896532061412],[120.78567647214263,14.770998216777294]]]},"id":"+134458+16443","properties":{"cls":1,"count":1}},{"type":"Feature","geometry":{"geodesic":false,"type":"Polygon","coordinates":[[[120.78567647214263,14.77548979319789],[120.78657478742674,14.77548979319789],[120.78657478742674,14.77728642376613],[120.78567647214263,14.77728642376613],[120.78567647214263,14.77548979319789]]]},"id":"+134458+16449","properties":{"cls":1,"count":2}},{"type":"Feature","geometry":{"geodesic":false,"type":"Polygon","coordinates":[[[120.78567647214263,14.7943544141644],[120.78657478742674,14.7943544141644],[120.78657478742674,14.795252729448519],[120.78567647214263,14.795252729448519],[120.78567647214263,14.7943544141644]]]},"id":"+134458+16469","properties":{"cls":1,"count":1}},{"type":"Feature","geometry":{"geodesic":false,"type":"Polygon","coordinates":[[[120.78567647214263,14.800642621153237],[120.78657478742674,14.800642621153237],[120.78657478742674,14.801540936437357],[120.78567647214263,14.801540936437357],[120.78567647214263,14.800642621153237]]]},"id":"+134458+16476","properties":{"cls":1,"count":1}},{"type":"Feature","geometry":{"geodesic":false,"type":"Polygon","coordinates":[[[120.78567647214263,14.826693764392703],[120.78657478742674,14.826693764392703],[120.78657478742674,14.827592079676823],[120.78567647214263,14.827592079676823],[120.78567647214263,14.826693764392703]]]},"id":"+134458+16505","properties":{"cls":1,"count":1}},{"type":"Feature","geometry":{"geodesic":false,"type":"Polygon","coordinates":[[[120.78567647214263,14.844660070075093],[120.78747310271086,14.844660070075093],[120.78747310271086,14.845558385359213],[120.78567647214263,14.845558385359213],[120.78567647214263,14.844660070075093]]]},"id":"+134459+16525","properties":{"cls":1,"count":2}},{"type":"Feature","geometry":{"geodesic":false,"type":"Polygon","coordinates":[[[120.78747310271086,14.355976555514074],[120.78837141799498,14.355976555514074],[120.78837141799498,14.356874870798194],[120.78747310271086,14.356874870798194],[120.78747310271086,14.355976555514074]]]},"id":"+134460+15981","properties":{"cls":1,"count":1}},{"type":"Feature","geometry":{"geodesic":false,"type":"Polygon","coordinates":[[[120.78747310271086,14.762913379220217],[120.78837141799498,14.762913379220217],[120.78837141799498,14.763811694504337],[120.78747310271086,14.763811694504337],[120.78747310271086,14.762913379220217]]]},"id":"+134460+16434","properties":{"cls":1,"count":1}},{"type":"Feature","geometry":{"geodesic":false,"type":"Polygon","coordinates":[[[120.78747310271086,14.764710009788455],[120.78837141799498,14.764710009788455],[120.78837141799498,14.765608325072575],[120.78747310271086,14.765608325072575],[120.78747310271086,14.764710009788455]]]},"id":"+134460+16436","properties":{"cls":1,"count":1}},{"type":"Feature","geometry":{"geodesic":false,"type":"Polygon","coordinates":[[[120.78747310271086,14.77638810848201],[120.78747310271086,14.77459147791377],[120.78837141799498,14.77459147791377],[120.78837141799498,14.773693162629652],[120.78747310271086,14.773693162629652],[120.78747310271086,14.772794847345532],[120.79106636384735,14.772794847345532],[120.79106636384735,14.77548979319789],[120.78837141799498,14.77548979319789],[120.78837141799498,14.77638810848201],[120.78747310271086,14.77638810848201]]]},"id":"+134460+16448","properties":{"cls":1,"count":12}},{"type":"Feature","geometry":{"geodesic":false,"type":"Polygon","coordinates":[[[120.78747310271086,14.83028702552918],[120.78837141799498,14.83028702552918],[120.78837141799498,14.8311853408133],[120.78747310271086,14.8311853408133],[120.78747310271086,14.83028702552918]]]},"id":"+134460+16509","properties":{"cls":1,"count":1}},{"type":"Feature","geometry":{"geodesic":false,"type":"Polygon","coordinates":[[[120.78747310271086,14.83208365609742],[120.78837141799498,14.83208365609742],[120.78837141799498,14.832981971381539],[120.78747310271086,14.832981971381539],[120.78747310271086,14.83208365609742]]]},"id":"+134460+16511","properties":{"cls":1,"count":1}},{"type":"Feature","geometry":{"geodesic":false,"type":"Polygon","coordinates":[[[120.78747310271086,14.848253331211572],[120.78837141799498,14.848253331211572],[120.78837141799498,14.849151646495692],[120.78747310271086,14.849151646495692],[120.78747310271086,14.848253331211572]]]},"id":"+134460+16529","properties":{"cls":1,"count":1}},{"type":"Feature","geometry":{"geodesic":false,"type":"Polygon","coordinates":[[[120.78837141799498,14.767404955640815],[120.7892697332791,14.767404955640815],[120.7892697332791,14.768303270924934],[120.78837141799498,14.768303270924934],[120.78837141799498,14.767404955640815]]]},"id":"+134461+16439","properties":{"cls":1,"count":1}},{"type":"Feature","geometry":{"geodesic":false,"type":"Polygon","coordinates":[[[120.78837141799498,14.778184739050248],[120.78837141799498,14.77638810848201],[120.79016804856323,14.77638810848201],[120.79016804856323,14.77728642376613],[120.78837141799498,14.778184739050248]]]},"id":"+134461+16450","properties":{"cls":1,"count":3}},{"type":"Feature","geometry":{"geodesic":false,"type":"Polygon","coordinates":[[[120.78837141799498,14.800642621153237],[120.78837141799498,14.799744305869117],[120.78567647214263,14.799744305869117],[120.78567647214263,14.797947675300879],[120.78657478742674,14.797947675300879],[120.78657478742674,14.798845990584997],[120.78837141799498,14.797947675300879],[120.78837141799498,14.798845990584997],[120.7892697332791,14.798845990584997],[120.7892697332791,14.800642621153237],[120.78837141799498,14.800642621153237]]]},"id":"+134461+16475","properties":{"cls":1,"count":7}},{"type":"Feature","geometry":{"geodesic":false,"type":"Polygon","coordinates":[[[120.78837141799498,14.803337567005595],[120.7892697332791,14.803337567005595],[120.7892697332791,14.804235882289715],[120.78837141799498,14.804235882289715],[120.78837141799498,14.803337567005595]]]},"id":"+134461+16479","properties":{"cls":1,"count":1}},{"type":"Feature","geometry":{"geodesic":false,"type":"Polygon","coordinates":[[[120.7892697332791,14.357773186082312],[120.79016804856323,14.357773186082312],[120.79016804856323,14.358671501366432],[120.7892697332791,14.358671501366432],[120.7892697332791,14.357773186082312]]]},"id":"+134462+15983","properties":{"cls":1,"count":1}},{"type":"Feature","geometry":{"geodesic":false,"type":"Polygon","coordinates":[[[120.78747310271086,14.771896532061412],[120.78657478742674,14.770099901493174],[120.7892697332791,14.770099901493174],[120.7892697332791,14.769201586209054],[120.79016804856323,14.769201586209054],[120.79016804856323,14.771896532061412],[120.78747310271086,14.771896532061412]]]},"id":"+134462+16443","properties":{"cls":1,"count":8}},{"type":"Feature","geometry":{"geodesic":false,"type":"Polygon","coordinates":[[[120.7892697332791,14.796151044732639],[120.7892697332791,14.7943544141644],[120.78657478742674,14.7943544141644],[120.78657478742674,14.79345609888028],[120.78837141799498,14.79255778359616],[120.78837141799498,14.79345609888028],[120.7892697332791,14.79345609888028],[120.7892697332791,14.79165946831204],[120.79016804856323,14.79165946831204],[120.79016804856323,14.790761153027923],[120.78837141799498,14.790761153027923],[120.78837141799498,14.789862837743803],[120.7892697332791,14.789862837743803],[120.7892697332791,14.787167891891444],[120.79106636384735,14.786269576607324],[120.79106636384735,14.787167891891444],[120.79286299441559,14.787167891891444],[120.79286299441559,14.788066207175564],[120.79196467913147,14.788066207175564],[120.79196467913147,14.788964522459683],[120.79016804856323,14.788964522459683],[120.79016804856323,14.789862837743803],[120.79465962498382,14.788964522459683],[120.79465962498382,14.789862837743803],[120.79555794026794,14.789862837743803],[120.79555794026794,14.79165946831204],[120.79286299441559,14.79165946831204],[120.79196467913147,14.79345609888028],[120.79016804856323,14.79255778359616],[120.79016804856323,14.796151044732639],[120.7892697332791,14.796151044732639]]]},"id":"+134462+16470","properties":{"cls":1,"count":39}},{"type":"Feature","geometry":{"geodesic":false,"type":"Polygon","coordinates":[[[120.78837141799498,14.797947675300879],[120.78837141799498,14.797049360016759],[120.78657478742674,14.797049360016759],[120.78657478742674,14.796151044732639],[120.7892697332791,14.796151044732639],[120.7892697332791,14.797049360016759],[120.79016804856323,14.797049360016759],[120.79016804856323,14.797947675300879],[120.78837141799498,14.797947675300879]]]},"id":"+134462+16472","properties":{"cls":1,"count":5}},{"type":"Feature","geometry":{"geodesic":false,"type":"Polygon","coordinates":[[[120.7892697332791,14.804235882289715],[120.79016804856323,14.804235882289715],[120.79016804856323,14.805134197573835],[120.7892697332791,14.805134197573835],[120.7892697332791,14.804235882289715]]]},"id":"+134462+16480","properties":{"cls":1,"count":1}},{"type":"Feature","geometry":{"geodesic":false,"type":"Polygon","coordinates":[[[120.7892697332791,14.846456700643332],[120.79016804856323,14.846456700643332],[120.79016804856323,14.847355015927452],[120.7892697332791,14.847355015927452],[120.7892697332791,14.846456700643332]]]},"id":"+134462+16527","properties":{"cls":1,"count":1}},{"type":"Feature","geometry":{"geodesic":false,"type":"Polygon","coordinates":[[[120.7892697332791,14.849151646495692],[120.79016804856323,14.849151646495692],[120.79016804856323,14.85004996177981],[120.7892697332791,14.85004996177981],[120.7892697332791,14.849151646495692]]]},"id":"+134462+16530","properties":{"cls":1,"count":1}},{"type":"Feature","geometry":{"geodesic":false,"type":"Polygon","coordinates":[[[120.79016804856323,14.359569816650552],[120.79106636384735,14.359569816650552],[120.79106636384735,14.360468131934672],[120.79016804856323,14.360468131934672],[120.79016804856323,14.359569816650552]]]},"id":"+134463+15985","properties":{"cls":1,"count":1}},{"type":"Feature","geometry":{"geodesic":false,"type":"Polygon","coordinates":[[[120.79016804856323,14.765608325072575],[120.79106636384735,14.765608325072575],[120.79106636384735,14.766506640356695],[120.79016804856323,14.766506640356695],[120.79016804856323,14.765608325072575]]]},"id":"+134463+16437","properties":{"cls":1,"count":1}},{"type":"Feature","geometry":{"geodesic":false,"type":"Polygon","coordinates":[[[120.79016804856323,14.806930828142074],[120.79016804856323,14.805134197573835],[120.79106636384735,14.805134197573835],[120.79106636384735,14.804235882289715],[120.79286299441559,14.804235882289715],[120.79286299441559,14.805134197573835],[120.7937613096997,14.805134197573835],[120.7937613096997,14.806032512857954],[120.79106636384735,14.806032512857954],[120.79106636384735,14.806930828142074],[120.79016804856323,14.806930828142074]]]},"id":"+134463+16482","properties":{"cls":1,"count":7}},{"type":"Feature","geometry":{"geodesic":false,"type":"Polygon","coordinates":[[[120.79016804856323,14.826693764392703],[120.79106636384735,14.826693764392703],[120.79106636384735,14.827592079676823],[120.79016804856323,14.827592079676823],[120.79016804856323,14.826693764392703]]]},"id":"+134463+16505","properties":{"cls":1,"count":1}},{"type":"Feature","geometry":{"geodesic":false,"type":"Polygon","coordinates":[[[120.79016804856323,14.82938871024506],[120.79106636384735,14.82938871024506],[120.79106636384735,14.83028702552918],[120.79016804856323,14.83028702552918],[120.79016804856323,14.82938871024506]]]},"id":"+134463+16508","properties":{"cls":1,"count":1}},{"type":"Feature","geometry":{"geodesic":false,"type":"Polygon","coordinates":[[[120.79016804856323,14.8311853408133],[120.79106636384735,14.8311853408133],[120.79106636384735,14.83208365609742],[120.79016804856323,14.83208365609742],[120.79016804856323,14.8311853408133]]]},"id":"+134463+16510","properties":{"cls":1,"count":1}},{"type":"Feature","geometry":{"geodesic":false,"type":"Polygon","coordinates":[[[120.79016804856323,14.844660070075093],[120.79016804856323,14.843761754790973],[120.78837141799498,14.843761754790973],[120.7892697332791,14.841965124222735],[120.78837141799498,14.841965124222735],[120.78837141799498,14.841066808938615],[120.79016804856323,14.840168493654495],[120.79016804856323,14.839270178370377],[120.7892697332791,14.839270178370377],[120.7892697332791,14.840168493654495],[120.78747310271086,14.839270178370377],[120.78747310271086,14.840168493654495],[120.78657478742674,14.840168493654495],[120.78657478742674,14.838371863086257],[120.78747310271086,14.838371863086257],[120.78747310271086,14.837473547802137],[120.78837141799498,14.837473547802137],[120.78837141799498,14.838371863086257],[120.79106636384735,14.838371863086257],[120.79106636384735,14.840168493654495],[120.79286299441559,14.839270178370377],[120.79286299441559,14.843761754790973],[120.79106636384735,14.843761754790973],[120.79106636384735,14.844660070075093],[120.79016804856323,14.844660070075093]],[[120.79106636384735,14.841965124222735],[120.79016804856323,14.841965124222735],[120.79016804856323,14.841066808938615],[120.79106636384735,14.841066808938615],[120.79106636384735,14.841965124222735]]]},"id":"+134463+16524","properties":{"cls":1,"count":28}},{"type":"Feature","geometry":{"geodesic":false,"type":"Polygon","coordinates":[[[120.79016804856323,14.848253331211572],[120.79106636384735,14.848253331211572],[120.79106636384735,14.849151646495692],[120.79016804856323,14.849151646495692],[120.79016804856323,14.848253331211572]]]},"id":"+134463+16529","properties":{"cls":1,"count":1}},{"type":"Feature","geometry":{"geodesic":false,"type":"Polygon","coordinates":[[[120.79106636384735,14.77638810848201],[120.79196467913147,14.77638810848201],[120.79196467913147,14.778184739050248],[120.79106636384735,14.778184739050248],[120.79106636384735,14.77638810848201]]]},"id":"+134464+16450","properties":{"cls":1,"count":2}},{"type":"Feature","geometry":{"geodesic":false,"type":"Polygon","coordinates":[[[120.79106636384735,14.797947675300879],[120.79196467913147,14.797947675300879],[120.79196467913147,14.800642621153237],[120.79106636384735,14.800642621153237],[120.79106636384735,14.797947675300879]]]},"id":"+134464+16475","properties":{"cls":1,"count":3}},{"type":"Feature","geometry":{"geodesic":false,"type":"Polygon","coordinates":[[[120.79196467913147,14.760218433367859],[120.79286299441559,14.760218433367859],[120.79286299441559,14.761116748651977],[120.79196467913147,14.761116748651977],[120.79196467913147,14.760218433367859]]]},"id":"+134465+16431","properties":{"cls":1,"count":1}},{"type":"Feature","geometry":{"geodesic":false,"type":"Polygon","coordinates":[[[120.79196467913147,14.772794847345532],[120.79106636384735,14.770998216777294],[120.79286299441559,14.770998216777294],[120.79286299441559,14.772794847345532],[120.79196467913147,14.772794847345532]]]},"id":"+134465+16444","properties":{"cls":1,"count":3}},{"type":"Feature","geometry":{"geodesic":false,"type":"Polygon","coordinates":[[[120.79106636384735,14.795252729448519],[120.79286299441559,14.795252729448519],[120.79286299441559,14.797049360016759],[120.79106636384735,14.797049360016759],[120.79106636384735,14.795252729448519]]]},"id":"+134465+16471","properties":{"cls":1,"count":4}},{"type":"Feature","geometry":{"geodesic":false,"type":"Polygon","coordinates":[[[120.79196467913147,14.800642621153237],[120.79286299441559,14.800642621153237],[120.79286299441559,14.801540936437357],[120.79196467913147,14.801540936437357],[120.79196467913147,14.800642621153237]]]},"id":"+134465+16476","properties":{"cls":1,"count":1}},{"type":"Feature","geometry":{"geodesic":false,"type":"Polygon","coordinates":[[[120.79106636384735,14.802439251721475],[120.79286299441559,14.802439251721475],[120.79286299441559,14.803337567005595],[120.79106636384735,14.803337567005595],[120.79106636384735,14.802439251721475]]]},"id":"+134465+16478","properties":{"cls":1,"count":2}},{"type":"Feature","geometry":{"geodesic":false,"type":"Polygon","coordinates":[[[120.79196467913147,14.809625773994432],[120.79196467913147,14.808727458710312],[120.79106636384735,14.808727458710312],[120.79106636384735,14.809625773994432],[120.78837141799498,14.809625773994432],[120.78837141799498,14.807829143426193],[120.79286299441559,14.806930828142074],[120.79286299441559,14.809625773994432],[120.79196467913147,14.809625773994432]]]},"id":"+134465+16485","properties":{"cls":1,"count":11}},{"type":"Feature","geometry":{"geodesic":false,"type":"Polygon","coordinates":[[[120.79196467913147,14.82938871024506],[120.79196467913147,14.828490394960943],[120.79106636384735,14.828490394960943],[120.79196467913147,14.826693764392703],[120.79106636384735,14.826693764392703],[120.79106636384735,14.824897133824464],[120.79286299441559,14.823998818540344],[120.79286299441559,14.824897133824464],[120.7937613096997,14.824897133824464],[120.7937613096997,14.826693764392703],[120.79286299441559,14.826693764392703],[120.79286299441559,14.82938871024506],[120.79196467913147,14.82938871024506]]]},"id":"+134465+16507","properties":{"cls":1,"count":11}},{"type":"Feature","geometry":{"geodesic":false,"type":"Polygon","coordinates":[[[120.79196467913147,14.848253331211572],[120.79286299441559,14.848253331211572],[120.79286299441559,14.849151646495692],[120.79196467913147,14.849151646495692],[120.79196467913147,14.848253331211572]]]},"id":"+134465+16529","properties":{"cls":1,"count":1}},{"type":"Feature","geometry":{"geodesic":false,"type":"Polygon","coordinates":[[[120.79286299441559,14.36226476250291],[120.7937613096997,14.36226476250291],[120.7937613096997,14.36316307778703],[120.79286299441559,14.36316307778703],[120.79286299441559,14.36226476250291]]]},"id":"+134466+15988","properties":{"cls":1,"count":1}},{"type":"Feature","geometry":{"geodesic":false,"type":"Polygon","coordinates":[[[120.79286299441559,14.763811694504337],[120.7937613096997,14.763811694504337],[120.7937613096997,14.764710009788455],[120.79286299441559,14.764710009788455],[120.79286299441559,14.763811694504337]]]},"id":"+134466+16435","properties":{"cls":1,"count":1}},{"type":"Feature","geometry":{"geodesic":false,"type":"Polygon","coordinates":[[[120.79286299441559,14.772794847345532],[120.7937613096997,14.772794847345532],[120.7937613096997,14.773693162629652],[120.79286299441559,14.773693162629652],[120.79286299441559,14.772794847345532]]]},"id":"+134466+16445","properties":{"cls":1,"count":1}},{"type":"Feature","geometry":{"geodesic":false,"type":"Polygon","coordinates":[[[120.79286299441559,14.77548979319789],[120.7937613096997,14.77548979319789],[120.7937613096997,14.77638810848201],[120.79286299441559,14.77638810848201],[120.79286299441559,14.77548979319789]]]},"id":"+134466+16448","properties":{"cls":1,"count":1}},{"type":"Feature","geometry":{"geodesic":false,"type":"Polygon","coordinates":[[[120.79286299441559,14.797947675300879],[120.7937613096997,14.797947675300879],[120.7937613096997,14.798845990584997],[120.79286299441559,14.798845990584997],[120.79286299441559,14.797947675300879]]]},"id":"+134466+16473","properties":{"cls":1,"count":1}},{"type":"Feature","geometry":{"geodesic":false,"type":"Polygon","coordinates":[[[120.7937613096997,14.786269576607324],[120.79465962498382,14.786269576607324],[120.79465962498382,14.788066207175564],[120.7937613096997,14.788066207175564],[120.7937613096997,14.786269576607324]]]},"id":"+134467+16461","properties":{"cls":1,"count":2}},{"type":"Feature","geometry":{"geodesic":false,"type":"Polygon","coordinates":[[[120.7937613096997,14.7943544141644],[120.79465962498382,14.7943544141644],[120.79465962498382,14.795252729448519],[120.7937613096997,14.795252729448519],[120.7937613096997,14.7943544141644]]]},"id":"+134467+16469","properties":{"cls":1,"count":1}},{"type":"Feature","geometry":{"geodesic":false,"type":"Polygon","coordinates":[[[120.7937613096997,14.841965124222735],[120.79465962498382,14.841965124222735],[120.79465962498382,14.842863439506853],[120.7937613096997,14.842863439506853],[120.7937613096997,14.841965124222735]]]},"id":"+134467+16522","properties":{"cls":1,"count":1}},{"type":"Feature","geometry":{"geodesic":false,"type":"Polygon","coordinates":[[[120.7937613096997,14.846456700643332],[120.79016804856323,14.846456700643332],[120.79016804856323,14.845558385359213],[120.79286299441559,14.845558385359213],[120.7937613096997,14.843761754790973],[120.79555794026794,14.843761754790973],[120.79555794026794,14.845558385359213],[120.79645625555206,14.845558385359213],[120.79645625555206,14.846456700643332],[120.7937613096997,14.848253331211572],[120.7937613096997,14.846456700643332]],[[120.7937613096997,14.846456700643332],[120.7937613096997,14.845558385359213],[120.79465962498382,14.845558385359213],[120.79465962498382,14.846456700643332],[120.7937613096997,14.846456700643332]]]},"id":"+134467+16528","properties":{"cls":1,"count":14}},{"type":"Feature","geometry":{"geodesic":false,"type":"Polygon","coordinates":[[[120.79465962498382,14.757523487515499],[120.79555794026794,14.757523487515499],[120.79555794026794,14.758421802799619],[120.79465962498382,14.758421802799619],[120.79465962498382,14.757523487515499]]]},"id":"+134468+16428","properties":{"cls":1,"count":1}},{"type":"Feature","geometry":{"geodesic":false,"type":"Polygon","coordinates":[[[120.7937613096997,14.760218433367859],[120.79286299441559,14.758421802799619],[120.79465962498382,14.758421802799619],[120.79555794026794,14.760218433367859],[120.7937613096997,14.760218433367859]]]},"id":"+134468+16430","properties":{"cls":1,"count":4}},{"type":"Feature","geometry":{"geodesic":false,"type":"Polygon","coordinates":[[[120.7937613096997,14.762015063936097],[120.79555794026794,14.762015063936097],[120.79555794026794,14.762913379220217],[120.7937613096997,14.762913379220217],[120.7937613096997,14.762015063936097]]]},"id":"+134468+16433","properties":{"cls":1,"count":2}},{"type":"Feature","geometry":{"geodesic":false,"type":"Polygon","coordinates":[[[120.79465962498382,14.77548979319789],[120.79555794026794,14.77548979319789],[120.79555794026794,14.77638810848201],[120.79465962498382,14.77638810848201],[120.79465962498382,14.77548979319789]]]},"id":"+134468+16448","properties":{"cls":1,"count":1}},{"type":"Feature","geometry":{"geodesic":false,"type":"Polygon","coordinates":[[[120.79465962498382,14.788066207175564],[120.79555794026794,14.788066207175564],[120.79555794026794,14.788964522459683],[120.79465962498382,14.788964522459683],[120.79465962498382,14.788066207175564]]]},"id":"+134468+16462","properties":{"cls":1,"count":1}},{"type":"Feature","geometry":{"geodesic":false,"type":"Polygon","coordinates":[[[120.79465962498382,14.79345609888028],[120.79555794026794,14.79345609888028],[120.79555794026794,14.7943544141644],[120.79465962498382,14.7943544141644],[120.79465962498382,14.79345609888028]]]},"id":"+134468+16468","properties":{"cls":1,"count":1}},{"type":"Feature","geometry":{"geodesic":false,"type":"Polygon","coordinates":[[[120.7937613096997,14.805134197573835],[120.79465962498382,14.803337567005595],[120.79555794026794,14.803337567005595],[120.79555794026794,14.805134197573835],[120.7937613096997,14.805134197573835]]]},"id":"+134468+16480","properties":{"cls":1,"count":3}},{"type":"Feature","geometry":{"geodesic":false,"type":"Polygon","coordinates":[[[120.79465962498382,14.848253331211572],[120.79555794026794,14.848253331211572],[120.79555794026794,14.849151646495692],[120.79465962498382,14.849151646495692],[120.79465962498382,14.848253331211572]]]},"id":"+134468+16529","properties":{"cls":1,"count":1}},{"type":"Feature","geometry":{"geodesic":false,"type":"Polygon","coordinates":[[[120.79555794026794,14.364959708355268],[120.79645625555206,14.364959708355268],[120.79645625555206,14.365858023639388],[120.79555794026794,14.365858023639388],[120.79555794026794,14.364959708355268]]]},"id":"+134469+15991","properties":{"cls":1,"count":1}},{"type":"Feature","geometry":{"geodesic":false,"type":"Polygon","coordinates":[[[120.79555794026794,14.761116748651977],[120.79645625555206,14.761116748651977],[120.79645625555206,14.762015063936097],[120.79555794026794,14.762015063936097],[120.79555794026794,14.761116748651977]]]},"id":"+134469+16432","properties":{"cls":1,"count":1}},{"type":"Feature","geometry":{"geodesic":false,"type":"Polygon","coordinates":[[[120.7937613096997,14.770998216777294],[120.79465962498382,14.769201586209054],[120.79645625555206,14.770099901493174],[120.79645625555206,14.770998216777294],[120.7937613096997,14.770998216777294]]]},"id":"+134469+16442","properties":{"cls":1,"count":4}},{"type":"Feature","geometry":{"geodesic":false,"type":"Polygon","coordinates":[[[120.79555794026794,14.779981369618488],[120.79645625555206,14.779981369618488],[120.79645625555206,14.780879684902608],[120.79555794026794,14.780879684902608],[120.79555794026794,14.779981369618488]]]},"id":"+134469+16453","properties":{"cls":1,"count":1}},{"type":"Feature","geometry":{"geodesic":false,"type":"Polygon","coordinates":[[[120.79555794026794,14.788964522459683],[120.79645625555206,14.788964522459683],[120.79645625555206,14.789862837743803],[120.79555794026794,14.789862837743803],[120.79555794026794,14.788964522459683]]]},"id":"+134469+16463","properties":{"cls":1,"count":1}},{"type":"Feature","geometry":{"geodesic":false,"type":"Polygon","coordinates":[[[120.79555794026794,14.79345609888028],[120.79555794026794,14.79165946831204],[120.79915120140441,14.79165946831204],[120.79915120140441,14.79255778359616],[120.79645625555206,14.79255778359616],[120.79645625555206,14.79345609888028],[120.79555794026794,14.79345609888028]]]},"id":"+134469+16467","properties":{"cls":1,"count":5}},{"type":"Feature","geometry":{"geodesic":false,"type":"Polygon","coordinates":[[[120.79555794026794,14.805134197573835],[120.79645625555206,14.805134197573835],[120.79645625555206,14.806032512857954],[120.79555794026794,14.806032512857954],[120.79555794026794,14.805134197573835]]]},"id":"+134469+16481","properties":{"cls":1,"count":1}},{"type":"Feature","geometry":{"geodesic":false,"type":"Polygon","coordinates":[[[120.7937613096997,14.807829143426193],[120.79465962498382,14.806032512857954],[120.79645625555206,14.806930828142074],[120.79645625555206,14.807829143426193],[120.7937613096997,14.807829143426193]]]},"id":"+134469+16483","properties":{"cls":1,"count":4}},{"type":"Feature","geometry":{"geodesic":false,"type":"Polygon","coordinates":[[[120.79555794026794,14.841066808938615],[120.79645625555206,14.841066808938615],[120.79645625555206,14.842863439506853],[120.79555794026794,14.842863439506853],[120.79555794026794,14.841066808938615]]]},"id":"+134469+16522","properties":{"cls":1,"count":2}},{"type":"Feature","geometry":{"geodesic":false,"type":"Polygon","coordinates":[[[120.79645625555206,14.778184739050248],[120.79645625555206,14.77459147791377],[120.7982528861203,14.773693162629652],[120.7982528861203,14.77548979319789],[120.79735457083618,14.77548979319789],[120.7982528861203,14.77728642376613],[120.79645625555206,14.778184739050248]]]},"id":"+134470+16450","properties":{"cls":1,"count":7}},{"type":"Feature","geometry":{"geodesic":false,"type":"Polygon","coordinates":[[[120.79645625555206,14.799744305869117],[120.79735457083618,14.799744305869117],[120.79735457083618,14.800642621153237],[120.79645625555206,14.800642621153237],[120.79645625555206,14.799744305869117]]]},"id":"+134470+16475","properties":{"cls":1,"count":1}},{"type":"Feature","geometry":{"geodesic":false,"type":"Polygon","coordinates":[[[120.79645625555206,14.772794847345532],[120.79645625555206,14.770998216777294],[120.79735457083618,14.770998216777294],[120.7982528861203,14.772794847345532],[120.79645625555206,14.772794847345532]]]},"id":"+134471+16444","properties":{"cls":1,"count":3}},{"type":"Feature","geometry":{"geodesic":false,"type":"Polygon","coordinates":[[[120.79735457083618,14.788964522459683],[120.7982528861203,14.788964522459683],[120.7982528861203,14.789862837743803],[120.79735457083618,14.789862837743803],[120.79735457083618,14.788964522459683]]]},"id":"+134471+16463","properties":{"cls":1,"count":1}},{"type":"Feature","geometry":{"geodesic":false,"type":"Polygon","coordinates":[[[120.79735457083618,14.800642621153237],[120.7982528861203,14.800642621153237],[120.7982528861203,14.803337567005595],[120.79735457083618,14.803337567005595],[120.79735457083618,14.800642621153237]]]},"id":"+134471+16478","properties":{"cls":1,"count":3}},{"type":"Feature","geometry":{"geodesic":false,"type":"Polygon","coordinates":[[[120.79735457083618,14.825795449108583],[120.7982528861203,14.825795449108583],[120.7982528861203,14.827592079676823],[120.79735457083618,14.827592079676823],[120.79735457083618,14.825795449108583]]]},"id":"+134471+16505","properties":{"cls":1,"count":2}},{"type":"Feature","geometry":{"geodesic":false,"type":"Polygon","coordinates":[[[120.79735457083618,14.845558385359213],[120.7982528861203,14.845558385359213],[120.7982528861203,14.846456700643332],[120.79735457083618,14.846456700643332],[120.79735457083618,14.845558385359213]]]},"id":"+134471+16526","properties":{"cls":1,"count":1}},{"type":"Feature","geometry":{"geodesic":false,"type":"Polygon","coordinates":[[[120.79735457083618,14.847355015927452],[120.7982528861203,14.847355015927452],[120.7982528861203,14.848253331211572],[120.79735457083618,14.848253331211572],[120.79735457083618,14.847355015927452]]]},"id":"+134471+16528","properties":{"cls":1,"count":1}},{"type":"Feature","geometry":{"geodesic":false,"type":"Polygon","coordinates":[[[120.7982528861203,14.75572685694726],[120.79915120140441,14.75572685694726],[120.79915120140441,14.75662517223138],[120.7982528861203,14.75662517223138],[120.7982528861203,14.75572685694726]]]},"id":"+134472+16426","properties":{"cls":1,"count":1}},{"type":"Feature","geometry":{"geodesic":false,"type":"Polygon","coordinates":[[[120.7982528861203,14.770099901493174],[120.79915120140441,14.770099901493174],[120.79915120140441,14.770998216777294],[120.7982528861203,14.770998216777294],[120.7982528861203,14.770099901493174]]]},"id":"+134472+16442","properties":{"cls":1,"count":1}},{"type":"Feature","geometry":{"geodesic":false,"type":"Polygon","coordinates":[[[120.7982528861203,14.77548979319789],[120.79915120140441,14.77548979319789],[120.79915120140441,14.77638810848201],[120.7982528861203,14.77638810848201],[120.7982528861203,14.77548979319789]]]},"id":"+134472+16448","properties":{"cls":1,"count":1}},{"type":"Feature","geometry":{"geodesic":false,"type":"Polygon","coordinates":[[[120.7982528861203,14.79345609888028],[120.79915120140441,14.79345609888028],[120.79915120140441,14.796151044732639],[120.7982528861203,14.796151044732639],[120.7982528861203,14.79345609888028]]]},"id":"+134472+16470","properties":{"cls":1,"count":3}},{"type":"Feature","geometry":{"geodesic":false,"type":"Polygon","coordinates":[[[120.7982528861203,14.805134197573835],[120.79915120140441,14.805134197573835],[120.79915120140441,14.806032512857954],[120.7982528861203,14.806032512857954],[120.7982528861203,14.805134197573835]]]},"id":"+134472+16481","properties":{"cls":1,"count":1}},{"type":"Feature","geometry":{"geodesic":false,"type":"Polygon","coordinates":[[[120.7982528861203,14.810524089278552],[120.79915120140441,14.810524089278552],[120.79915120140441,14.811422404562672],[120.7982528861203,14.811422404562672],[120.7982528861203,14.810524089278552]]]},"id":"+134472+16487","properties":{"cls":1,"count":1}},{"type":"Feature","geometry":{"geodesic":false,"type":"Polygon","coordinates":[[[120.7982528861203,14.842863439506853],[120.79915120140441,14.842863439506853],[120.79915120140441,14.843761754790973],[120.7982528861203,14.843761754790973],[120.7982528861203,14.842863439506853]]]},"id":"+134472+16523","properties":{"cls":1,"count":1}},{"type":"Feature","geometry":{"geodesic":false,"type":"Polygon","coordinates":[[[120.7982528861203,14.844660070075093],[120.79915120140441,14.844660070075093],[120.79915120140441,14.845558385359213],[120.7982528861203,14.845558385359213],[120.7982528861203,14.844660070075093]]]},"id":"+134472+16525","properties":{"cls":1,"count":1}},{"type":"Feature","geometry":{"geodesic":false,"type":"Polygon","coordinates":[[[120.79915120140441,14.769201586209054],[120.80004951668855,14.769201586209054],[120.80004951668855,14.770099901493174],[120.79915120140441,14.770099901493174],[120.79915120140441,14.769201586209054]]]},"id":"+134473+16441","properties":{"cls":1,"count":1}},{"type":"Feature","geometry":{"geodesic":false,"type":"Polygon","coordinates":[[[120.79915120140441,14.77459147791377],[120.80004951668855,14.77459147791377],[120.80004951668855,14.77548979319789],[120.79915120140441,14.77548979319789],[120.79915120140441,14.77459147791377]]]},"id":"+134473+16447","properties":{"cls":1,"count":1}},{"type":"Feature","geometry":{"geodesic":false,"type":"Polygon","coordinates":[[[120.79915120140441,14.785371261323204],[120.80004951668855,14.785371261323204],[120.80004951668855,14.786269576607324],[120.79915120140441,14.786269576607324],[120.79915120140441,14.785371261323204]]]},"id":"+134473+16459","properties":{"cls":1,"count":1}},{"type":"Feature","geometry":{"geodesic":false,"type":"Polygon","coordinates":[[[120.79915120140441,14.797947675300879],[120.80004951668855,14.797947675300879],[120.80004951668855,14.798845990584997],[120.79915120140441,14.798845990584997],[120.79915120140441,14.797947675300879]]]},"id":"+134473+16473","properties":{"cls":1,"count":1}},{"type":"Feature","geometry":{"geodesic":false,"type":"Polygon","coordinates":[[[120.80004951668855,14.368552969491747],[120.80094783197266,14.368552969491747],[120.80094783197266,14.369451284775867],[120.80004951668855,14.369451284775867],[120.80004951668855,14.368552969491747]]]},"id":"+134474+15995","properties":{"cls":1,"count":1}},{"type":"Feature","geometry":{"geodesic":false,"type":"Polygon","coordinates":[[[120.80004951668855,14.75482854166314],[120.80094783197266,14.75482854166314],[120.80094783197266,14.75572685694726],[120.80004951668855,14.75572685694726],[120.80004951668855,14.75482854166314]]]},"id":"+134474+16425","properties":{"cls":1,"count":1}},{"type":"Feature","geometry":{"geodesic":false,"type":"Polygon","coordinates":[[[120.80004951668855,14.770998216777294],[120.80094783197266,14.770998216777294],[120.80094783197266,14.771896532061412],[120.80004951668855,14.771896532061412],[120.80004951668855,14.770998216777294]]]},"id":"+134474+16443","properties":{"cls":1,"count":1}},{"type":"Feature","geometry":{"geodesic":false,"type":"Polygon","coordinates":[[[120.80004951668855,14.797947675300879],[120.79915120140441,14.796151044732639],[120.80094783197266,14.796151044732639],[120.80094783197266,14.797947675300879],[120.80004951668855,14.797947675300879]]]},"id":"+134474+16472","properties":{"cls":1,"count":3}},{"type":"Feature","geometry":{"geodesic":false,"type":"Polygon","coordinates":[[[120.79915120140441,14.806032512857954],[120.80094783197266,14.806032512857954],[120.80094783197266,14.807829143426193],[120.79915120140441,14.807829143426193],[120.79915120140441,14.806032512857954]]]},"id":"+134474+16483","properties":{"cls":1,"count":4}},{"type":"Feature","geometry":{"geodesic":false,"type":"Polygon","coordinates":[[[120.80004951668855,14.811422404562672],[120.80094783197266,14.811422404562672],[120.80094783197266,14.81232071984679],[120.80004951668855,14.81232071984679],[120.80004951668855,14.811422404562672]]]},"id":"+134474+16488","properties":{"cls":1,"count":1}},{"type":"Feature","geometry":{"geodesic":false,"type":"Polygon","coordinates":[[[120.80004951668855,14.815913980983268],[120.80094783197266,14.815913980983268],[120.80094783197266,14.816812296267388],[120.80004951668855,14.816812296267388],[120.80004951668855,14.815913980983268]]]},"id":"+134474+16493","properties":{"cls":1,"count":1}},{"type":"Feature","geometry":{"geodesic":false,"type":"Polygon","coordinates":[[[120.7982528861203,14.85004996177981],[120.7982528861203,14.848253331211572],[120.79915120140441,14.848253331211572],[120.79915120140441,14.849151646495692],[120.80094783197266,14.849151646495692],[120.80094783197266,14.85004996177981],[120.7982528861203,14.85004996177981]]]},"id":"+134474+16530","properties":{"cls":1,"count":4}},{"type":"Feature","geometry":{"geodesic":false,"type":"Polygon","coordinates":[[[120.80004951668855,14.77638810848201],[120.80184614725678,14.773693162629652],[120.8027444625409,14.773693162629652],[120.8027444625409,14.77548979319789],[120.80184614725678,14.77548979319789],[120.80184614725678,14.77638810848201],[120.80004951668855,14.77638810848201]]]},"id":"+134475+16448","properties":{"cls":1,"count":5}},{"type":"Feature","geometry":{"geodesic":false,"type":"Polygon","coordinates":[[[120.80094783197266,14.79165946831204],[120.80184614725678,14.79165946831204],[120.80184614725678,14.79255778359616],[120.80094783197266,14.79255778359616],[120.80094783197266,14.79165946831204]]]},"id":"+134475+16466","properties":{"cls":1,"count":1}},{"type":"Feature","geometry":{"geodesic":false,"type":"Polygon","coordinates":[[[120.80094783197266,14.801540936437357],[120.80184614725678,14.801540936437357],[120.80184614725678,14.802439251721475],[120.80094783197266,14.802439251721475],[120.80094783197266,14.801540936437357]]]},"id":"+134475+16477","properties":{"cls":1,"count":1}},{"type":"Feature","geometry":{"geodesic":false,"type":"Polygon","coordinates":[[[120.80094783197266,14.806032512857954],[120.80094783197266,14.804235882289715],[120.80004951668855,14.804235882289715],[120.80004951668855,14.803337567005595],[120.80364277782502,14.804235882289715],[120.80364277782502,14.805134197573835],[120.80184614725678,14.805134197573835],[120.80184614725678,14.806032512857954],[120.80094783197266,14.806032512857954]]]},"id":"+134475+16481","properties":{"cls":1,"count":6}},{"type":"Feature","geometry":{"geodesic":false,"type":"Polygon","coordinates":[[[120.80094783197266,14.842863439506853],[120.80184614725678,14.842863439506853],[120.80184614725678,14.844660070075093],[120.80094783197266,14.844660070075093],[120.80094783197266,14.842863439506853]]]},"id":"+134475+16524","properties":{"cls":1,"count":2}},{"type":"Feature","geometry":{"geodesic":false,"type":"Polygon","coordinates":[[[120.80184614725678,14.75482854166314],[120.8027444625409,14.75482854166314],[120.8027444625409,14.75572685694726],[120.80184614725678,14.75572685694726],[120.80184614725678,14.75482854166314]]]},"id":"+134476+16425","properties":{"cls":1,"count":1}},{"type":"Feature","geometry":{"geodesic":false,"type":"Polygon","coordinates":[[[120.80184614725678,14.770099901493174],[120.8027444625409,14.770099901493174],[120.8027444625409,14.770998216777294],[120.80184614725678,14.770998216777294],[120.80184614725678,14.770099901493174]]]},"id":"+134476+16442","properties":{"cls":1,"count":1}},{"type":"Feature","geometry":{"geodesic":false,"type":"Polygon","coordinates":[[[120.80184614725678,14.771896532061412],[120.8027444625409,14.771896532061412],[120.8027444625409,14.772794847345532],[120.80184614725678,14.772794847345532],[120.80184614725678,14.771896532061412]]]},"id":"+134476+16444","properties":{"cls":1,"count":1}},{"type":"Feature","geometry":{"geodesic":false,"type":"Polygon","coordinates":[[[120.80184614725678,14.790761153027923],[120.8027444625409,14.790761153027923],[120.8027444625409,14.79165946831204],[120.80184614725678,14.79165946831204],[120.80184614725678,14.790761153027923]]]},"id":"+134476+16465","properties":{"cls":1,"count":1}},{"type":"Feature","geometry":{"geodesic":false,"type":"Polygon","coordinates":[[[120.80184614725678,14.796151044732639],[120.8027444625409,14.796151044732639],[120.8027444625409,14.797049360016759],[120.80184614725678,14.797049360016759],[120.80184614725678,14.796151044732639]]]},"id":"+134476+16471","properties":{"cls":1,"count":1}},{"type":"Feature","geometry":{"geodesic":false,"type":"Polygon","coordinates":[[[120.80184614725678,14.839270178370377],[120.8027444625409,14.839270178370377],[120.8027444625409,14.840168493654495],[120.80184614725678,14.840168493654495],[120.80184614725678,14.839270178370377]]]},"id":"+134476+16519","properties":{"cls":1,"count":1}},{"type":"Feature","geometry":{"geodesic":false,"type":"Polygon","coordinates":[[[120.80184614725678,14.844660070075093],[120.8027444625409,14.844660070075093],[120.8027444625409,14.845558385359213],[120.80184614725678,14.845558385359213],[120.80184614725678,14.844660070075093]]]},"id":"+134476+16525","properties":{"cls":1,"count":1}},{"type":"Feature","geometry":{"geodesic":false,"type":"Polygon","coordinates":[[[120.8027444625409,14.795252729448519],[120.80184614725678,14.79345609888028],[120.80364277782502,14.79345609888028],[120.80364277782502,14.795252729448519],[120.8027444625409,14.795252729448519]]]},"id":"+134477+16469","properties":{"cls":1,"count":3}},{"type":"Feature","geometry":{"geodesic":false,"type":"Polygon","coordinates":[[[120.80184614725678,14.807829143426193],[120.80184614725678,14.806032512857954],[120.8027444625409,14.806032512857954],[120.80364277782502,14.807829143426193],[120.80184614725678,14.807829143426193]]]},"id":"+134477+16483","properties":{"cls":1,"count":3}},{"type":"Feature","geometry":{"geodesic":false,"type":"Polygon","coordinates":[[[120.8027444625409,14.81411735041503],[120.8027444625409,14.81321903513091],[120.80184614725678,14.81321903513091],[120.80184614725678,14.810524089278552],[120.80094783197266,14.810524089278552],[120.80094783197266,14.808727458710312],[120.80364277782502,14.808727458710312],[120.80364277782502,14.809625773994432],[120.80454109310914,14.809625773994432],[120.80454109310914,14.808727458710312],[120.80633772367737,14.808727458710312],[120.80633772367737,14.807829143426193],[120.80543940839326,14.807829143426193],[120.80543940839326,14.806032512857954],[120.80903266952973,14.806930828142074],[120.80903266952973,14.806032512857954],[120.81082930009798,14.806032512857954],[120.80813435424561,14.809625773994432],[120.80633772367737,14.809625773994432],[120.80633772367737,14.811422404562672],[120.80543940839326,14.811422404562672],[120.80543940839326,14.810524089278552],[120.80364277782502,14.810524089278552],[120.8027444625409,14.81232071984679],[120.80454109310914,14.81232071984679],[120.80454109310914,14.81321903513091],[120.8027444625409,14.81411735041503]]]},"id":"+134477+16490","properties":{"cls":1,"count":33}},{"type":"Feature","geometry":{"geodesic":false,"type":"Polygon","coordinates":[[[120.80184614725678,14.837473547802137],[120.80364277782502,14.837473547802137],[120.80364277782502,14.838371863086257],[120.80184614725678,14.838371863086257],[120.80184614725678,14.837473547802137]]]},"id":"+134477+16517","properties":{"cls":1,"count":2}},{"type":"Feature","geometry":{"geodesic":false,"type":"Polygon","coordinates":[[[120.80184614725678,14.848253331211572],[120.80184614725678,14.847355015927452],[120.79915120140441,14.847355015927452],[120.79915120140441,14.846456700643332],[120.80094783197266,14.846456700643332],[120.80094783197266,14.845558385359213],[120.80184614725678,14.845558385359213],[120.80184614725678,14.846456700643332],[120.80364277782502,14.846456700643332],[120.80364277782502,14.848253331211572],[120.80184614725678,14.848253331211572]]]},"id":"+134477+16528","properties":{"cls":1,"count":8}},{"type":"Feature","geometry":{"geodesic":false,"type":"Polygon","coordinates":[[[120.80364277782502,14.758421802799619],[120.80364277782502,14.75662517223138],[120.80903266952973,14.75662517223138],[120.80903266952973,14.757523487515499],[120.80454109310914,14.757523487515499],[120.80454109310914,14.758421802799619],[120.80364277782502,14.758421802799619]]]},"id":"+134478+16428","properties":{"cls":1,"count":7}},{"type":"Feature","geometry":{"geodesic":false,"type":"Polygon","coordinates":[[[120.8027444625409,14.772794847345532],[120.80454109310914,14.772794847345532],[120.80454109310914,14.773693162629652],[120.8027444625409,14.773693162629652],[120.8027444625409,14.772794847345532]]]},"id":"+134478+16445","properties":{"cls":1,"count":2}},{"type":"Feature","geometry":{"geodesic":false,"type":"Polygon","coordinates":[[[120.80364277782502,14.802439251721475],[120.80454109310914,14.802439251721475],[120.80454109310914,14.803337567005595],[120.80364277782502,14.803337567005595],[120.80364277782502,14.802439251721475]]]},"id":"+134478+16478","properties":{"cls":1,"count":1}},{"type":"Feature","geometry":{"geodesic":false,"type":"Polygon","coordinates":[[[120.80364277782502,14.822202187972106],[120.80454109310914,14.822202187972106],[120.80454109310914,14.823100503256224],[120.80364277782502,14.823100503256224],[120.80364277782502,14.822202187972106]]]},"id":"+134478+16500","properties":{"cls":1,"count":1}},{"type":"Feature","geometry":{"geodesic":false,"type":"Polygon","coordinates":[[[120.80454109310914,14.766506640356695],[120.80543940839326,14.766506640356695],[120.80543940839326,14.767404955640815],[120.80454109310914,14.767404955640815],[120.80454109310914,14.766506640356695]]]},"id":"+134479+16438","properties":{"cls":1,"count":1}},{"type":"Feature","geometry":{"geodesic":false,"type":"Polygon","coordinates":[[[120.80454109310914,14.785371261323204],[120.80543940839326,14.785371261323204],[120.80543940839326,14.786269576607324],[120.80454109310914,14.786269576607324],[120.80454109310914,14.785371261323204]]]},"id":"+134479+16459","properties":{"cls":1,"count":1}},{"type":"Feature","geometry":{"geodesic":false,"type":"Polygon","coordinates":[[[120.80543940839326,14.369451284775867],[120.80633772367737,14.369451284775867],[120.80633772367737,14.371247915344105],[120.80543940839326,14.371247915344105],[120.80543940839326,14.369451284775867]]]},"id":"+134480+15997","properties":{"cls":1,"count":2}},{"type":"Feature","geometry":{"geodesic":false,"type":"Polygon","coordinates":[[[120.79735457083618,14.764710009788455],[120.79735457083618,14.762913379220217],[120.79915120140441,14.762015063936097],[120.79915120140441,14.761116748651977],[120.79735457083618,14.761116748651977],[120.79645625555206,14.757523487515499],[120.8027444625409,14.75662517223138],[120.8027444625409,14.758421802799619],[120.80454109310914,14.759320118083739],[120.80454109310914,14.758421802799619],[120.80543940839326,14.758421802799619],[120.80543940839326,14.760218433367859],[120.80723603896149,14.761116748651977],[120.80723603896149,14.759320118083739],[120.80633772367737,14.759320118083739],[120.80633772367737,14.758421802799619],[120.80903266952973,14.758421802799619],[120.80903266952973,14.759320118083739],[120.80813435424561,14.759320118083739],[120.80813435424561,14.762913379220217],[120.81082930009798,14.762913379220217],[120.81082930009798,14.762015063936097],[120.81262593066621,14.762913379220217],[120.81262593066621,14.762015063936097],[120.81352424595033,14.762015063936097],[120.81352424595033,14.763811694504337],[120.81532087651857,14.762913379220217],[120.81532087651857,14.764710009788455],[120.81352424595033,14.764710009788455],[120.81352424595033,14.766506640356695],[120.8117276153821,14.766506640356695],[120.81262593066621,14.764710009788455],[120.81082930009798,14.765608325072575],[120.81082930009798,14.764710009788455],[120.80993098481386,14.764710009788455],[120.80993098481386,14.766506640356695],[120.81082930009798,14.766506640356695],[120.81082930009798,14.767404955640815],[120.80813435424561,14.767404955640815],[120.80813435424561,14.769201586209054],[120.80903266952973,14.769201586209054],[120.80903266952973,14.770099901493174],[120.80813435424561,14.770099901493174],[120.80813435424561,14.770998216777294],[120.80633772367737,14.770998216777294],[120.80633772367737,14.771896532061412],[120.80454109310914,14.771896532061412],[120.80364277782502,14.770099901493174],[120.80543940839326,14.770099901493174],[120.80543940839326,14.767404955640815],[120.80723603896149,14.766506640356695],[120.80633772367737,14.764710009788455],[120.80723603896149,14.764710009788455],[120.80723603896149,14.762015063936097],[120.80633772367737,14.762015063936097],[120.80633772367737,14.763811694504337],[120.80454109310914,14.763811694504337],[120.80454109310914,14.764710009788455],[120.80184614725678,14.766506640356695],[120.80184614725678,14.768303270924934],[120.80094783197266,14.768303270924934],[120.80094783197266,14.765608325072575],[120.80004951668855,14.765608325072575],[120.80004951668855,14.766506640356695],[120.7982528861203,14.766506640356695],[120.79915120140441,14.768303270924934],[120.79645625555206,14.770099901493174],[120.79645625555206,14.768303270924934],[120.79555794026794,14.768303270924934],[120.79555794026794,14.767404955640815],[120.7937613096997,14.767404955640815],[120.7937613096997,14.766506640356695],[120.79555794026794,14.765608325072575],[120.79555794026794,14.764710009788455],[120.79735457083618,14.764710009788455]],[[120.79735457083618,14.764710009788455],[120.79915120140441,14.763811694504337],[120.79915120140441,14.765608325072575],[120.79735457083618,14.765608325072575],[120.79735457083618,14.766506640356695],[120.79645625555206,14.766506640356695],[120.79735457083618,14.764710009788455]],[[120.8027444625409,14.758421802799619],[120.8027444625409,14.759320118083739],[120.80094783197266,14.759320118083739],[120.80094783197266,14.757523487515499],[120.8027444625409,14.758421802799619]],[[120.80004951668855,14.761116748651977],[120.80094783197266,14.761116748651977],[120.80094783197266,14.762015063936097],[120.80004951668855,14.762015063936097],[120.80004951668855,14.761116748651977]],[[120.80184614725678,14.760218433367859],[120.80454109310914,14.760218433367859],[120.80454109310914,14.761116748651977],[120.80184614725678,14.761116748651977],[120.80184614725678,14.760218433367859]],[[120.80633772367737,14.768303270924934],[120.80723603896149,14.768303270924934],[120.80723603896149,14.770099901493174],[120.80633772367737,14.770099901493174],[120.80633772367737,14.768303270924934]]]},"id":"+134480+16443","properties":{"cls":1,"count":151}},{"type":"Feature","geometry":{"geodesic":false,"type":"Polygon","coordinates":[[[120.80543940839326,14.77728642376613],[120.80633772367737,14.77728642376613],[120.80633772367737,14.778184739050248],[120.80543940839326,14.778184739050248],[120.80543940839326,14.77728642376613]]]},"id":"+134480+16450","properties":{"cls":1,"count":1}},{"type":"Feature","geometry":{"geodesic":false,"type":"Polygon","coordinates":[[[120.80543940839326,14.797947675300879],[120.80454109310914,14.796151044732639],[120.80364277782502,14.796151044732639],[120.80454109310914,14.7943544141644],[120.80543940839326,14.7943544141644],[120.80543940839326,14.796151044732639],[120.80633772367737,14.796151044732639],[120.80633772367737,14.797947675300879],[120.80543940839326,14.797947675300879]]]},"id":"+134480+16472","properties":{"cls":1,"count":6}},{"type":"Feature","geometry":{"geodesic":false,"type":"Polygon","coordinates":[[[120.80543940839326,14.822202187972106],[120.80633772367737,14.822202187972106],[120.80633772367737,14.823100503256224],[120.80543940839326,14.823100503256224],[120.80543940839326,14.822202187972106]]]},"id":"+134480+16500","properties":{"cls":1,"count":1}},{"type":"Feature","geometry":{"geodesic":false,"type":"Polygon","coordinates":[[[120.80633772367737,14.797947675300879],[120.80723603896149,14.797947675300879],[120.80723603896149,14.798845990584997],[120.80633772367737,14.798845990584997],[120.80633772367737,14.797947675300879]]]},"id":"+134481+16473","properties":{"cls":1,"count":1}},{"type":"Feature","geometry":{"geodesic":false,"type":"Polygon","coordinates":[[[120.80184614725678,14.801540936437357],[120.80184614725678,14.799744305869117],[120.80364277782502,14.799744305869117],[120.80364277782502,14.797947675300879],[120.80543940839326,14.798845990584997],[120.80454109310914,14.800642621153237],[120.80813435424561,14.798845990584997],[120.80813435424561,14.797947675300879],[120.80723603896149,14.797947675300879],[120.80723603896149,14.796151044732639],[120.80813435424561,14.796151044732639],[120.80813435424561,14.795252729448519],[120.80633772367737,14.795252729448519],[120.80633772367737,14.7943544141644],[120.80543940839326,14.7943544141644],[120.80633772367737,14.79255778359616],[120.80543940839326,14.79255778359616],[120.80543940839326,14.79165946831204],[120.80903266952973,14.79255778359616],[120.80813435424561,14.790761153027923],[120.80903266952973,14.790761153027923],[120.80903266952973,14.789862837743803],[120.80454109310914,14.789862837743803],[120.80454109310914,14.790761153027923],[120.8027444625409,14.790761153027923],[120.80543940839326,14.787167891891444],[120.80633772367737,14.787167891891444],[120.80633772367737,14.786269576607324],[120.80813435424561,14.787167891891444],[120.80723603896149,14.785371261323204],[120.80633772367737,14.785371261323204],[120.80633772367737,14.784472946039086],[120.80813435424561,14.784472946039086],[120.80813435424561,14.783574630754966],[120.80633772367737,14.783574630754966],[120.80723603896149,14.781778000186726],[120.80633772367737,14.781778000186726],[120.80633772367737,14.780879684902608],[120.80723603896149,14.780879684902608],[120.80723603896149,14.779981369618488],[120.80543940839326,14.780879684902608],[120.80543940839326,14.779083054334368],[120.80813435424561,14.779083054334368],[120.80813435424561,14.778184739050248],[120.80903266952973,14.778184739050248],[120.80903266952973,14.779083054334368],[120.80993098481386,14.779083054334368],[120.80993098481386,14.780879684902608],[120.8117276153821,14.780879684902608],[120.8117276153821,14.779083054334368],[120.81262593066621,14.779083054334368],[120.81352424595033,14.780879684902608],[120.81262593066621,14.780879684902608],[120.81262593066621,14.781778000186726],[120.80993098481386,14.781778000186726],[120.80993098481386,14.783574630754966],[120.81082930009798,14.783574630754966],[120.81082930009798,14.784472946039086],[120.80903266952973,14.784472946039086],[120.80903266952973,14.785371261323204],[120.80993098481386,14.785371261323204],[120.80993098481386,14.79165946831204],[120.81082930009798,14.79165946831204],[120.80993098481386,14.79345609888028],[120.8117276153821,14.79255778359616],[120.81082930009798,14.797049360016759],[120.80903266952973,14.797049360016759],[120.80903266952973,14.798845990584997],[120.80993098481386,14.798845990584997],[120.80993098481386,14.799744305869117],[120.80903266952973,14.799744305869117],[120.80903266952973,14.800642621153237],[120.80723603896149,14.800642621153237],[120.80723603896149,14.801540936437357],[120.80184614725678,14.801540936437357]],[[120.80813435424561,14.7943544141644],[120.80723603896149,14.7943544141644],[120.80723603896149,14.79345609888028],[120.80813435424561,14.79345609888028],[120.80813435424561,14.7943544141644]],[[120.80993098481386,14.796151044732639],[120.80903266952973,14.796151044732639],[120.80903266952973,14.795252729448519],[120.80993098481386,14.795252729448519],[120.80993098481386,14.796151044732639]]]},"id":"+134481+16476","properties":{"cls":1,"count":110}},{"type":"Feature","geometry":{"geodesic":false,"type":"Polygon","coordinates":[[[120.80723603896149,14.802439251721475],[120.80813435424561,14.802439251721475],[120.80813435424561,14.803337567005595],[120.80723603896149,14.803337567005595],[120.80723603896149,14.802439251721475]]]},"id":"+134482+16478","properties":{"cls":1,"count":1}},{"type":"Feature","geometry":{"geodesic":false,"type":"Polygon","coordinates":[[[120.80633772367737,14.818608926835628],[120.80633772367737,14.817710611551508],[120.80454109310914,14.817710611551508],[120.80454109310914,14.816812296267388],[120.80364277782502,14.816812296267388],[120.80364277782502,14.815913980983268],[120.80094783197266,14.815913980983268],[120.80094783197266,14.81501566569915],[120.80004951668855,14.81501566569915],[120.80004951668855,14.815913980983268],[120.79915120140441,14.815913980983268],[120.79915120140441,14.81411735041503],[120.80094783197266,14.81411735041503],[120.80094783197266,14.81321903513091],[120.80184614725678,14.81321903513091],[120.80184614725678,14.81501566569915],[120.80633772367737,14.81501566569915],[120.80633772367737,14.81411735041503],[120.80723603896149,14.81411735041503],[120.80813435424561,14.815913980983268],[120.8117276153821,14.815913980983268],[120.81082930009798,14.817710611551508],[120.80993098481386,14.817710611551508],[120.80993098481386,14.816812296267388],[120.80903266952973,14.816812296267388],[120.80903266952973,14.817710611551508],[120.80723603896149,14.816812296267388],[120.80813435424561,14.818608926835628],[120.80633772367737,14.818608926835628]],[[120.80633772367737,14.816812296267388],[120.80543940839326,14.816812296267388],[120.80543940839326,14.815913980983268],[120.80633772367737,14.815913980983268],[120.80633772367737,14.816812296267388]]]},"id":"+134482+16495","properties":{"cls":1,"count":29}},{"type":"Feature","geometry":{"geodesic":false,"type":"Polygon","coordinates":[[[120.80723603896149,14.822202187972106],[120.80813435424561,14.822202187972106],[120.80813435424561,14.823100503256224],[120.80723603896149,14.823100503256224],[120.80723603896149,14.822202187972106]]]},"id":"+134482+16500","properties":{"cls":1,"count":1}},{"type":"Feature","geometry":{"geodesic":false,"type":"Polygon","coordinates":[[[120.80813435424561,14.372146230628225],[120.80903266952973,14.372146230628225],[120.80903266952973,14.373044545912345],[120.80813435424561,14.373044545912345],[120.80813435424561,14.372146230628225]]]},"id":"+134483+15999","properties":{"cls":1,"count":1}},{"type":"Feature","geometry":{"geodesic":false,"type":"Polygon","coordinates":[[[120.80723603896149,14.77459147791377],[120.80723603896149,14.773693162629652],[120.80543940839326,14.77459147791377],[120.80543940839326,14.772794847345532],[120.80903266952973,14.772794847345532],[120.80903266952973,14.77459147791377],[120.80723603896149,14.77459147791377]]]},"id":"+134483+16446","properties":{"cls":1,"count":7}},{"type":"Feature","geometry":{"geodesic":false,"type":"Polygon","coordinates":[[[120.80813435424561,14.77728642376613],[120.80723603896149,14.77548979319789],[120.80903266952973,14.77548979319789],[120.80903266952973,14.77459147791377],[120.80993098481386,14.77459147791377],[120.80993098481386,14.77638810848201],[120.80813435424561,14.77728642376613]]]},"id":"+134483+16449","properties":{"cls":1,"count":5}},{"type":"Feature","geometry":{"geodesic":false,"type":"Polygon","coordinates":[[[120.80813435424561,14.818608926835628],[120.80903266952973,14.818608926835628],[120.80903266952973,14.819507242119746],[120.80813435424561,14.819507242119746],[120.80813435424561,14.818608926835628]]]},"id":"+134483+16496","properties":{"cls":1,"count":1}},{"type":"Feature","geometry":{"geodesic":false,"type":"Polygon","coordinates":[[[120.81082930009798,14.823100503256224],[120.81082930009798,14.821303872687986],[120.81262593066621,14.821303872687986],[120.81262593066621,14.819507242119746],[120.81352424595033,14.819507242119746],[120.81352424595033,14.818608926835628],[120.81442256123445,14.818608926835628],[120.81442256123445,14.819507242119746],[120.81621919180269,14.819507242119746],[120.81621919180269,14.816812296267388],[120.8171175070868,14.816812296267388],[120.8171175070868,14.81501566569915],[120.81801582237092,14.81501566569915],[120.81801582237092,14.81321903513091],[120.81891413765506,14.81321903513091],[120.81891413765506,14.81411735041503],[120.81981245293917,14.81411735041503],[120.81981245293917,14.816812296267388],[120.8207107682233,14.816812296267388],[120.81981245293917,14.818608926835628],[120.82160908350741,14.819507242119746],[120.82250739879153,14.817710611551508],[120.82340571407565,14.817710611551508],[120.82340571407565,14.819507242119746],[120.82250739879153,14.819507242119746],[120.82250739879153,14.820405557403866],[120.8207107682233,14.820405557403866],[120.8207107682233,14.821303872687986],[120.82160908350741,14.821303872687986],[120.8207107682233,14.823100503256224],[120.81981245293917,14.823100503256224],[120.81981245293917,14.822202187972106],[120.81801582237092,14.822202187972106],[120.81801582237092,14.823100503256224],[120.8171175070868,14.823100503256224],[120.8171175070868,14.821303872687986],[120.81621919180269,14.821303872687986],[120.81621919180269,14.820405557403866],[120.81442256123445,14.821303872687986],[120.81442256123445,14.822202187972106],[120.81532087651857,14.822202187972106],[120.81532087651857,14.823998818540344],[120.8171175070868,14.823998818540344],[120.8171175070868,14.827592079676823],[120.81352424595033,14.827592079676823],[120.81442256123445,14.825795449108584],[120.81352424595033,14.825795449108584],[120.81352424595033,14.824897133824464],[120.81442256123445,14.824897133824464],[120.81442256123445,14.823998818540344],[120.81262593066621,14.823998818540344],[120.81262593066621,14.826693764392703],[120.8117276153821,14.826693764392703],[120.81262593066621,14.828490394960943],[120.81082930009798,14.828490394960943],[120.81082930009798,14.826693764392703],[120.80993098481386,14.826693764392703],[120.80993098481386,14.827592079676823],[120.80633772367737,14.827592079676823],[120.80633772367737,14.828490394960943],[120.80813435424561,14.828490394960943],[120.80813435424561,14.82938871024506],[120.81262593066621,14.82938871024506],[120.81262593066621,14.832981971381539],[120.81442256123445,14.833880286665659],[120.81442256123445,14.835676917233899],[120.81262593066621,14.835676917233899],[120.81262593066621,14.836575232518017],[120.80993098481386,14.834778601949779],[120.80993098481386,14.835676917233899],[120.80903266952973,14.835676917233899],[120.80993098481386,14.837473547802137],[120.80813435424561,14.837473547802137],[120.80813435424561,14.836575232518017],[120.80723603896149,14.836575232518017],[120.80723603896149,14.838371863086257],[120.80903266952973,14.838371863086257],[120.80903266952973,14.839270178370377],[120.80813435424561,14.839270178370377],[120.80903266952973,14.841066808938615],[120.80633772367737,14.841066808938615],[120.80633772367737,14.840168493654495],[120.80364277782502,14.840168493654495],[120.80364277782502,14.838371863086257],[120.80454109310914,14.838371863086257],[120.80454109310914,14.836575232518017],[120.80633772367737,14.835676917233899],[120.80633772367737,14.834778601949779],[120.80364277782502,14.836575232518017],[120.8027444625409,14.834778601949779],[120.80094783197266,14.834778601949779],[120.80094783197266,14.835676917233899],[120.80184614725678,14.835676917233899],[120.80094783197266,14.837473547802137],[120.80004951668855,14.837473547802137],[120.80004951668855,14.835676917233899],[120.79915120140441,14.835676917233899],[120.79915120140441,14.838371863086257],[120.79555794026794,14.838371863086257],[120.79555794026794,14.839270178370377],[120.79465962498382,14.839270178370377],[120.7937613096997,14.837473547802137],[120.79196467913147,14.837473547802137],[120.79106636384735,14.833880286665659],[120.79196467913147,14.833880286665659],[120.79196467913147,14.832981971381539],[120.79106636384735,14.832981971381539],[120.79106636384735,14.83208365609742],[120.79196467913147,14.83208365609742],[120.79196467913147,14.8311853408133],[120.79106636384735,14.8311853408133],[120.79106636384735,14.83028702552918],[120.79286299441559,14.83028702552918],[120.79286299441559,14.82938871024506],[120.7937613096997,14.82938871024506],[120.7937613096997,14.826693764392703],[120.79555794026794,14.826693764392703],[120.79555794026794,14.825795449108584],[120.79645625555206,14.825795449108584],[120.79645625555206,14.827592079676823],[120.79735457083618,14.827592079676823],[120.79735457083618,14.828490394960943],[120.79465962498382,14.828490394960943],[120.79465962498382,14.82938871024506],[120.7982528861203,14.82938871024506],[120.79915120140441,14.827592079676823],[120.8027444625409,14.827592079676823],[120.8027444625409,14.826693764392703],[120.80454109310914,14.827592079676823],[120.80454109310914,14.825795449108584],[120.80364277782502,14.825795449108584],[120.80364277782502,14.824897133824464],[120.80543940839326,14.824897133824464],[120.80543940839326,14.825795449108584],[120.80633772367737,14.825795449108584],[120.80543940839326,14.823998818540344],[120.80633772367737,14.823998818540344],[120.80633772367737,14.823100503256224],[120.80723603896149,14.823100503256224],[120.80723603896149,14.825795449108584],[120.80903266952973,14.825795449108584],[120.80903266952973,14.824897133824464],[120.80813435424561,14.824897133824464],[120.80813435424561,14.823100503256224],[120.81082930009798,14.823100503256224]],[[120.7937613096997,14.837473547802137],[120.7937613096997,14.836575232518017],[120.79465962498382,14.836575232518017],[120.79465962498382,14.837473547802137],[120.7937613096997,14.837473547802137]],[[120.8027444625409,14.834778601949779],[120.8027444625409,14.833880286665659],[120.80364277782502,14.833880286665659],[120.80364277782502,14.834778601949779],[120.8027444625409,14.834778601949779]],[[120.80633772367737,14.827592079676823],[120.80543940839326,14.827592079676823],[120.80543940839326,14.826693764392703],[120.80633772367737,14.826693764392703],[120.80633772367737,14.827592079676823]],[[120.79286299441559,14.8311853408133],[120.79465962498382,14.8311853408133],[120.79465962498382,14.834778601949779],[120.7937613096997,14.834778601949779],[120.7937613096997,14.83208365609742],[120.79286299441559,14.83208365609742],[120.79286299441559,14.8311853408133]],[[120.79555794026794,14.834778601949779],[120.79645625555206,14.832981971381539],[120.79735457083618,14.832981971381539],[120.79735457083618,14.833880286665659],[120.79645625555206,14.833880286665659],[120.79735457083618,14.835676917233899],[120.79555794026794,14.834778601949779]],[[120.7982528861203,14.832981971381539],[120.80004951668855,14.832981971381539],[120.80004951668855,14.834778601949779],[120.7982528861203,14.834778601949779],[120.7982528861203,14.832981971381539]],[[120.79915120140441,14.8311853408133],[120.80094783197266,14.8311853408133],[120.80094783197266,14.828490394960943],[120.80184614725678,14.828490394960943],[120.80184614725678,14.83028702552918],[120.8027444625409,14.83028702552918],[120.8027444625409,14.8311853408133],[120.80184614725678,14.8311853408133],[120.80184614725678,14.832981971381539],[120.80094783197266,14.832981971381539],[120.80094783197266,14.83208365609742],[120.79915120140441,14.83208365609742],[120.79915120140441,14.8311853408133]],[[120.80364277782502,14.83028702552918],[120.80454109310914,14.83028702552918],[120.80454109310914,14.82938871024506],[120.80543940839326,14.82938871024506],[120.80543940839326,14.832981971381539],[120.80364277782502,14.832981971381539],[120.80454109310914,14.8311853408133],[120.80364277782502,14.8311853408133],[120.80364277782502,14.83028702552918]],[[120.80993098481386,14.83028702552918],[120.81082930009798,14.83028702552918],[120.81082930009798,14.8311853408133],[120.80993098481386,14.8311853408133],[120.80993098481386,14.83028702552918]],[[120.81532087651857,14.824897133824464],[120.81621919180269,14.824897133824464],[120.81621919180269,14.825795449108584],[120.81532087651857,14.825795449108584],[120.81532087651857,14.824897133824464]],[[120.8171175070868,14.819507242119746],[120.81801582237092,14.819507242119746],[120.81801582237092,14.820405557403866],[120.8171175070868,14.820405557403866],[120.8171175070868,14.819507242119746]],[[120.81801582237092,14.815913980983268],[120.81891413765506,14.815913980983268],[120.81891413765506,14.816812296267388],[120.81801582237092,14.816812296267388],[120.81801582237092,14.815913980983268]],[[120.81801582237092,14.817710611551508],[120.81891413765506,14.817710611551508],[120.81891413765506,14.818608926835628],[120.81801582237092,14.818608926835628],[120.81801582237092,14.817710611551508]],[[120.81891413765506,14.820405557403866],[120.81981245293917,14.820405557403866],[120.81981245293917,14.821303872687986],[120.81891413765506,14.821303872687986],[120.81891413765506,14.820405557403866]],[[120.80903266952973,14.83208365609742],[120.80993098481386,14.83208365609742],[120.80993098481386,14.832981971381539],[120.80903266952973,14.832981971381539],[120.80903266952973,14.83208365609742]],[[120.8117276153821,14.823100503256224],[120.8117276153821,14.822202187972106],[120.81352424595033,14.822202187972106],[120.81352424595033,14.823100503256224],[120.8117276153821,14.823100503256224]],[[120.80903266952973,14.83208365609742],[120.80723603896149,14.83208365609742],[120.80633772367737,14.83028702552918],[120.80903266952973,14.83028702552918],[120.80903266952973,14.83208365609742]],[[120.8117276153821,14.823100503256224],[120.8117276153821,14.823998818540344],[120.81082930009798,14.823998818540344],[120.81082930009798,14.823100503256224],[120.8117276153821,14.823100503256224]]]},"id":"+134483+16520","properties":{"cls":1,"count":321}},{"type":"Feature","geometry":{"geodesic":false,"type":"Polygon","coordinates":[[[120.80903266952973,14.770998216777294],[120.80993098481386,14.770998216777294],[120.80993098481386,14.771896532061412],[120.80903266952973,14.771896532061412],[120.80903266952973,14.770998216777294]]]},"id":"+134484+16443","properties":{"cls":1,"count":1}},{"type":"Feature","geometry":{"geodesic":false,"type":"Polygon","coordinates":[[[120.80813435424561,14.81411735041503],[120.80993098481386,14.81411735041503],[120.80993098481386,14.81501566569915],[120.80813435424561,14.81501566569915],[120.80813435424561,14.81411735041503]]]},"id":"+134484+16491","properties":{"cls":1,"count":2}},{"type":"Feature","geometry":{"geodesic":false,"type":"Polygon","coordinates":[[[120.80903266952973,14.817710611551508],[120.80993098481386,14.817710611551508],[120.80993098481386,14.818608926835628],[120.80903266952973,14.818608926835628],[120.80903266952973,14.817710611551508]]]},"id":"+134484+16495","properties":{"cls":1,"count":1}},{"type":"Feature","geometry":{"geodesic":false,"type":"Polygon","coordinates":[[[120.80903266952973,14.822202187972106],[120.80813435424561,14.820405557403866],[120.80993098481386,14.819507242119746],[120.80993098481386,14.822202187972106],[120.80903266952973,14.822202187972106]]]},"id":"+134484+16499","properties":{"cls":1,"count":4}},{"type":"Feature","geometry":{"geodesic":false,"type":"Polygon","coordinates":[[[120.80993098481386,14.760218433367859],[120.81082930009798,14.760218433367859],[120.81082930009798,14.762015063936097],[120.80993098481386,14.762015063936097],[120.80993098481386,14.760218433367859]]]},"id":"+134485+16432","properties":{"cls":1,"count":2}},{"type":"Feature","geometry":{"geodesic":false,"type":"Polygon","coordinates":[[[120.80993098481386,14.768303270924934],[120.81082930009798,14.768303270924934],[120.81082930009798,14.769201586209054],[120.80993098481386,14.769201586209054],[120.80993098481386,14.768303270924934]]]},"id":"+134485+16440","properties":{"cls":1,"count":1}},{"type":"Feature","geometry":{"geodesic":false,"type":"Polygon","coordinates":[[[120.80993098481386,14.778184739050248],[120.81082930009798,14.778184739050248],[120.81082930009798,14.779083054334368],[120.80993098481386,14.779083054334368],[120.80993098481386,14.778184739050248]]]},"id":"+134485+16451","properties":{"cls":1,"count":1}},{"type":"Feature","geometry":{"geodesic":false,"type":"Polygon","coordinates":[[[120.80993098481386,14.797947675300879],[120.81082930009798,14.797947675300879],[120.81082930009798,14.798845990584997],[120.80993098481386,14.798845990584997],[120.80993098481386,14.797947675300879]]]},"id":"+134485+16473","properties":{"cls":1,"count":1}},{"type":"Feature","geometry":{"geodesic":false,"type":"Polygon","coordinates":[[[120.80993098481386,14.81321903513091],[120.81082930009798,14.81321903513091],[120.81082930009798,14.81411735041503],[120.80993098481386,14.81411735041503],[120.80993098481386,14.81321903513091]]]},"id":"+134485+16490","properties":{"cls":1,"count":1}},{"type":"Feature","geometry":{"geodesic":false,"type":"Polygon","coordinates":[[[120.80993098481386,14.835676917233899],[120.81082930009798,14.835676917233899],[120.81082930009798,14.836575232518017],[120.80993098481386,14.836575232518017],[120.80993098481386,14.835676917233899]]]},"id":"+134485+16515","properties":{"cls":1,"count":1}},{"type":"Feature","geometry":{"geodesic":false,"type":"Polygon","coordinates":[[[120.81082930009798,14.757523487515499],[120.8117276153821,14.757523487515499],[120.8117276153821,14.758421802799619],[120.81082930009798,14.758421802799619],[120.81082930009798,14.757523487515499]]]},"id":"+134486+16428","properties":{"cls":1,"count":1}},{"type":"Feature","geometry":{"geodesic":false,"type":"Polygon","coordinates":[[[120.81082930009798,14.77459147791377],[120.8117276153821,14.77459147791377],[120.8117276153821,14.77548979319789],[120.81082930009798,14.77548979319789],[120.81082930009798,14.77459147791377]]]},"id":"+134486+16447","properties":{"cls":1,"count":1}},{"type":"Feature","geometry":{"geodesic":false,"type":"Polygon","coordinates":[[[120.81082930009798,14.788066207175564],[120.8117276153821,14.788066207175564],[120.8117276153821,14.789862837743803],[120.81082930009798,14.789862837743803],[120.81082930009798,14.788066207175564]]]},"id":"+134486+16463","properties":{"cls":1,"count":2}},{"type":"Feature","geometry":{"geodesic":false,"type":"Polygon","coordinates":[[[120.80993098481386,14.819507242119746],[120.81082930009798,14.817710611551508],[120.8117276153821,14.817710611551508],[120.8117276153821,14.819507242119746],[120.80993098481386,14.819507242119746]]]},"id":"+134486+16496","properties":{"cls":1,"count":3}},{"type":"Feature","geometry":{"geodesic":false,"type":"Polygon","coordinates":[[[120.81082930009798,14.836575232518017],[120.8117276153821,14.836575232518017],[120.8117276153821,14.838371863086257],[120.81082930009798,14.838371863086257],[120.81082930009798,14.836575232518017]]]},"id":"+134486+16517","properties":{"cls":1,"count":2}},{"type":"Feature","geometry":{"geodesic":false,"type":"Polygon","coordinates":[[[120.80723603896149,14.805134197573835],[120.80813435424561,14.803337567005595],[120.80903266952973,14.803337567005595],[120.80903266952973,14.804235882289715],[120.81082930009798,14.804235882289715],[120.81082930009798,14.803337567005595],[120.81442256123445,14.803337567005595],[120.81442256123445,14.804235882289715],[120.81262593066621,14.804235882289715],[120.81262593066621,14.805134197573835],[120.80723603896149,14.805134197573835]]]},"id":"+134487+16480","properties":{"cls":1,"count":11}},{"type":"Feature","geometry":{"geodesic":false,"type":"Polygon","coordinates":[[[120.8117276153821,14.807829143426193],[120.8117276153821,14.806032512857954],[120.81352424595033,14.806032512857954],[120.81352424595033,14.806930828142074],[120.8117276153821,14.807829143426193]]]},"id":"+134487+16483","properties":{"cls":1,"count":3}},{"type":"Feature","geometry":{"geodesic":false,"type":"Polygon","coordinates":[[[120.81262593066621,14.374841176480583],[120.81352424595033,14.374841176480583],[120.81352424595033,14.375739491764703],[120.81262593066621,14.375739491764703],[120.81262593066621,14.374841176480583]]]},"id":"+134488+16002","properties":{"cls":1,"count":1}},{"type":"Feature","geometry":{"geodesic":false,"type":"Polygon","coordinates":[[[120.81082930009798,14.77728642376613],[120.81352424595033,14.77728642376613],[120.81352424595033,14.778184739050248],[120.81082930009798,14.778184739050248],[120.81082930009798,14.77728642376613]]]},"id":"+134488+16450","properties":{"cls":1,"count":3}},{"type":"Feature","geometry":{"geodesic":false,"type":"Polygon","coordinates":[[[120.81262593066621,14.781778000186726],[120.81352424595033,14.781778000186726],[120.81352424595033,14.782676315470846],[120.81262593066621,14.782676315470846],[120.81262593066621,14.781778000186726]]]},"id":"+134488+16455","properties":{"cls":1,"count":1}},{"type":"Feature","geometry":{"geodesic":false,"type":"Polygon","coordinates":[[[120.81262593066621,14.815913980983268],[120.81352424595033,14.815913980983268],[120.81352424595033,14.816812296267388],[120.81262593066621,14.816812296267388],[120.81262593066621,14.815913980983268]]]},"id":"+134488+16493","properties":{"cls":1,"count":1}},{"type":"Feature","geometry":{"geodesic":false,"type":"Polygon","coordinates":[[[120.81352424595033,14.758421802799619],[120.81442256123445,14.758421802799619],[120.81442256123445,14.759320118083739],[120.81352424595033,14.759320118083739],[120.81352424595033,14.758421802799619]]]},"id":"+134489+16429","properties":{"cls":1,"count":1}},{"type":"Feature","geometry":{"geodesic":false,"type":"Polygon","coordinates":[[[120.81352424595033,14.760218433367859],[120.81442256123445,14.760218433367859],[120.81442256123445,14.762015063936097],[120.81352424595033,14.762015063936097],[120.81352424595033,14.760218433367859]]]},"id":"+134489+16432","properties":{"cls":1,"count":2}},{"type":"Feature","geometry":{"geodesic":false,"type":"Polygon","coordinates":[[[120.8117276153821,14.77638810848201],[120.8117276153821,14.77548979319789],[120.81262593066621,14.77548979319789],[120.81262593066621,14.773693162629652],[120.81352424595033,14.773693162629652],[120.81352424595033,14.77548979319789],[120.81442256123445,14.77548979319789],[120.81442256123445,14.77638810848201],[120.8117276153821,14.77638810848201]]]},"id":"+134489+16448","properties":{"cls":1,"count":5}},{"type":"Feature","geometry":{"geodesic":false,"type":"Polygon","coordinates":[[[120.81352424595033,14.779981369618488],[120.81442256123445,14.77638810848201],[120.81532087651857,14.77638810848201],[120.81532087651857,14.779083054334368],[120.81352424595033,14.779981369618488]]]},"id":"+134489+16452","properties":{"cls":1,"count":5}},{"type":"Feature","geometry":{"geodesic":false,"type":"Polygon","coordinates":[[[120.81352424595033,14.79345609888028],[120.81352424595033,14.79255778359616],[120.8117276153821,14.79255778359616],[120.8117276153821,14.789862837743803],[120.81352424595033,14.789862837743803],[120.81262593066621,14.79165946831204],[120.81442256123445,14.790761153027923],[120.81442256123445,14.787167891891444],[120.81262593066621,14.787167891891444],[120.81262593066621,14.788066207175564],[120.8117276153821,14.788066207175564],[120.8117276153821,14.783574630754966],[120.81532087651857,14.782676315470846],[120.81532087651857,14.781778000186726],[120.8171175070868,14.782676315470846],[120.81532087651857,14.779981369618488],[120.8171175070868,14.779083054334368],[120.81801582237092,14.783574630754966],[120.81532087651857,14.785371261323204],[120.81532087651857,14.787167891891444],[120.8171175070868,14.788066207175564],[120.8171175070868,14.789862837743803],[120.81532087651857,14.788964522459683],[120.81532087651857,14.79165946831204],[120.81442256123445,14.79165946831204],[120.81442256123445,14.79345609888028],[120.81352424595033,14.79345609888028]],[[120.81442256123445,14.786269576607324],[120.81352424595033,14.786269576607324],[120.81352424595033,14.785371261323204],[120.81442256123445,14.785371261323204],[120.81442256123445,14.786269576607324]]]},"id":"+134489+16467","properties":{"cls":1,"count":48}},{"type":"Feature","geometry":{"geodesic":false,"type":"Polygon","coordinates":[[[120.8117276153821,14.81232071984679],[120.80813435424561,14.81321903513091],[120.80813435424561,14.81411735041503],[120.80633772367737,14.81321903513091],[120.80633772367737,14.81411735041503],[120.80543940839326,14.81411735041503],[120.80543940839326,14.81232071984679],[120.80813435424561,14.810524089278552],[120.80813435424561,14.809625773994432],[120.80993098481386,14.809625773994432],[120.80993098481386,14.807829143426193],[120.81082930009798,14.807829143426193],[120.81082930009798,14.808727458710313],[120.81352424595033,14.808727458710313],[120.81352424595033,14.807829143426193],[120.81442256123445,14.807829143426193],[120.81442256123445,14.809625773994432],[120.81532087651857,14.809625773994432],[120.81621919180269,14.807829143426193],[120.81532087651857,14.807829143426193],[120.81532087651857,14.806930828142074],[120.8171175070868,14.806032512857954],[120.81801582237092,14.810524089278552],[120.81442256123445,14.810524089278552],[120.81442256123445,14.81232071984679],[120.81532087651857,14.81232071984679],[120.81532087651857,14.811422404562672],[120.8171175070868,14.811422404562672],[120.8171175070868,14.81232071984679],[120.81352424595033,14.81411735041503],[120.81352424595033,14.81321903513091],[120.81262593066621,14.81321903513091],[120.81262593066621,14.81411735041503],[120.8117276153821,14.81411735041503],[120.8117276153821,14.81232071984679]],[[120.8117276153821,14.81232071984679],[120.81262593066621,14.810524089278552],[120.81352424595033,14.810524089278552],[120.81352424595033,14.81232071984679],[120.8117276153821,14.81232071984679]],[[120.80993098481386,14.810524089278552],[120.81082930009798,14.810524089278552],[120.81082930009798,14.811422404562672],[120.80993098481386,14.811422404562672],[120.80993098481386,14.810524089278552]]]},"id":"+134489+16490","properties":{"cls":1,"count":54}},{"type":"Feature","geometry":{"geodesic":false,"type":"Polygon","coordinates":[[[120.81352424595033,14.780879684902608],[120.81532087651857,14.780879684902608],[120.81532087651857,14.781778000186726],[120.81352424595033,14.781778000186726],[120.81352424595033,14.780879684902608]]]},"id":"+134490+16454","properties":{"cls":1,"count":2}},{"type":"Feature","geometry":{"geodesic":false,"type":"Polygon","coordinates":[[[120.81442256123445,14.81411735041503],[120.81532087651857,14.81411735041503],[120.81532087651857,14.81501566569915],[120.81442256123445,14.81501566569915],[120.81442256123445,14.81411735041503]]]},"id":"+134490+16491","properties":{"cls":1,"count":1}},{"type":"Feature","geometry":{"geodesic":false,"type":"Polygon","coordinates":[[[120.81352424595033,14.816812296267388],[120.81532087651857,14.816812296267388],[120.81532087651857,14.817710611551508],[120.81352424595033,14.817710611551508],[120.81352424595033,14.816812296267388]]]},"id":"+134490+16494","properties":{"cls":1,"count":2}},{"type":"Feature","geometry":{"geodesic":false,"type":"Polygon","coordinates":[[[120.81442256123445,14.833880286665659],[120.81352424595033,14.83208365609742],[120.81532087651857,14.83208365609742],[120.81532087651857,14.833880286665659],[120.81442256123445,14.833880286665659]]]},"id":"+134490+16512","properties":{"cls":1,"count":3}},{"type":"Feature","geometry":{"geodesic":false,"type":"Polygon","coordinates":[[[120.81532087651857,14.804235882289715],[120.81621919180269,14.804235882289715],[120.81621919180269,14.806032512857954],[120.81532087651857,14.806032512857954],[120.81532087651857,14.804235882289715]]]},"id":"+134491+16481","properties":{"cls":1,"count":2}},{"type":"Feature","geometry":{"geodesic":false,"type":"Polygon","coordinates":[[[120.81532087651857,14.815913980983268],[120.81621919180269,14.815913980983268],[120.81621919180269,14.816812296267388],[120.81532087651857,14.816812296267388],[120.81532087651857,14.815913980983268]]]},"id":"+134491+16493","properties":{"cls":1,"count":1}},{"type":"Feature","geometry":{"geodesic":false,"type":"Polygon","coordinates":[[[120.81532087651857,14.821303872687986],[120.81621919180269,14.821303872687986],[120.81621919180269,14.822202187972106],[120.81532087651857,14.822202187972106],[120.81532087651857,14.821303872687986]]]},"id":"+134491+16499","properties":{"cls":1,"count":1}},{"type":"Feature","geometry":{"geodesic":false,"type":"Polygon","coordinates":[[[120.81532087651857,14.839270178370377],[120.81532087651857,14.837473547802137],[120.81621919180269,14.837473547802137],[120.81621919180269,14.836575232518017],[120.81801582237092,14.836575232518017],[120.81801582237092,14.837473547802137],[120.81532087651857,14.839270178370377]]]},"id":"+134491+16518","properties":{"cls":1,"count":5}},{"type":"Feature","geometry":{"geodesic":false,"type":"Polygon","coordinates":[[[120.81621919180269,14.377536122332943],[120.8171175070868,14.377536122332943],[120.8171175070868,14.378434437617061],[120.81621919180269,14.378434437617061],[120.81621919180269,14.377536122332943]]]},"id":"+134492+16005","properties":{"cls":1,"count":1}},{"type":"Feature","geometry":{"geodesic":false,"type":"Polygon","coordinates":[[[120.81621919180269,14.778184739050248],[120.81621919180269,14.77548979319789],[120.81442256123445,14.77548979319789],[120.81532087651857,14.770099901493174],[120.81352424595033,14.770099901493174],[120.81352424595033,14.770998216777294],[120.8117276153821,14.771896532061412],[120.8117276153821,14.770998216777294],[120.81082930009798,14.770998216777294],[120.81082930009798,14.769201586209054],[120.8117276153821,14.769201586209054],[120.8117276153821,14.767404955640815],[120.81532087651857,14.768303270924934],[120.81532087651857,14.767404955640815],[120.81352424595033,14.767404955640815],[120.81352424595033,14.766506640356695],[120.81981245293917,14.765608325072575],[120.81981245293917,14.767404955640815],[120.8207107682233,14.767404955640815],[120.8207107682233,14.772794847345532],[120.81981245293917,14.772794847345532],[120.81981245293917,14.77459147791377],[120.81891413765504,14.77459147791377],[120.81891413765504,14.77548979319789],[120.8171175070868,14.77638810848201],[120.8171175070868,14.778184739050248],[120.81621919180269,14.778184739050248]],[[120.81981245293917,14.771896532061412],[120.81801582237092,14.771896532061412],[120.81801582237092,14.770998216777294],[120.81981245293917,14.770998216777294],[120.81981245293917,14.771896532061412]],[[120.8171175070868,14.772794847345532],[120.81621919180269,14.772794847345532],[120.81621919180269,14.771896532061412],[120.8171175070868,14.771896532061412],[120.8171175070868,14.772794847345532]]]},"id":"+134492+16450","properties":{"cls":1,"count":80}},{"type":"Feature","geometry":{"geodesic":false,"type":"Polygon","coordinates":[[[120.81621919180269,14.799744305869117],[120.8171175070868,14.799744305869117],[120.8171175070868,14.800642621153237],[120.81621919180269,14.800642621153237],[120.81621919180269,14.799744305869117]]]},"id":"+134492+16475","properties":{"cls":1,"count":1}},{"type":"Feature","geometry":{"geodesic":false,"type":"Polygon","coordinates":[[[120.8171175070868,14.355976555514074],[120.81801582237092,14.355976555514074],[120.81801582237092,14.356874870798194],[120.8171175070868,14.356874870798194],[120.8171175070868,14.355976555514074]]]},"id":"+134493+15981","properties":{"cls":1,"count":1}},{"type":"Feature","geometry":{"geodesic":false,"type":"Polygon","coordinates":[[[120.8171175070868,14.379332752901181],[120.81801582237092,14.379332752901181],[120.81801582237092,14.380231068185301],[120.8171175070868,14.380231068185301],[120.8171175070868,14.379332752901181]]]},"id":"+134493+16007","properties":{"cls":1,"count":1}},{"type":"Feature","geometry":{"geodesic":false,"type":"Polygon","coordinates":[[[120.8171175070868,14.762015063936097],[120.81801582237092,14.762015063936097],[120.81801582237092,14.762913379220217],[120.8171175070868,14.762913379220217],[120.8171175070868,14.762015063936097]]]},"id":"+134493+16433","properties":{"cls":1,"count":1}},{"type":"Feature","geometry":{"geodesic":false,"type":"Polygon","coordinates":[[[120.8171175070868,14.788066207175564],[120.8171175070868,14.786269576607324],[120.81891413765504,14.786269576607324],[120.81891413765504,14.787167891891444],[120.8171175070868,14.788066207175564]]]},"id":"+134493+16461","properties":{"cls":1,"count":3}},{"type":"Feature","geometry":{"geodesic":false,"type":"Polygon","coordinates":[[[120.81621919180269,14.7943544141644],[120.81801582237092,14.7943544141644],[120.81801582237092,14.795252729448519],[120.81621919180269,14.795252729448519],[120.81621919180269,14.7943544141644]]]},"id":"+134493+16469","properties":{"cls":1,"count":2}},{"type":"Feature","geometry":{"geodesic":false,"type":"Polygon","coordinates":[[[120.81442256123445,14.803337567005595],[120.81442256123445,14.801540936437357],[120.81352424595033,14.801540936437357],[120.81352424595033,14.802439251721475],[120.80903266952973,14.803337567005595],[120.80903266952973,14.802439251721475],[120.80993098481386,14.802439251721475],[120.80993098481386,14.800642621153237],[120.8117276153821,14.800642621153237],[120.8117276153821,14.801540936437357],[120.81262593066621,14.801540936437357],[120.81082930009798,14.798845990584997],[120.8117276153821,14.798845990584997],[120.8117276153821,14.797947675300879],[120.81352424595033,14.797947675300879],[120.81352424595033,14.7943544141644],[120.81442256123445,14.7943544141644],[120.81442256123445,14.795252729448519],[120.81621919180269,14.795252729448519],[120.81621919180269,14.796151044732639],[120.81442256123445,14.796151044732639],[120.81442256123445,14.797947675300879],[120.81532087651857,14.797947675300879],[120.81532087651857,14.797049360016759],[120.8171175070868,14.797049360016759],[120.81621919180269,14.798845990584997],[120.81352424595033,14.798845990584997],[120.81352424595033,14.800642621153237],[120.81621919180269,14.800642621153237],[120.81532087651857,14.802439251721475],[120.81801582237092,14.802439251721475],[120.81801582237092,14.803337567005595],[120.81442256123445,14.803337567005595]]]},"id":"+134493+16478","properties":{"cls":1,"count":35}},{"type":"Feature","geometry":{"geodesic":false,"type":"Polygon","coordinates":[[[120.8171175070868,14.805134197573835],[120.81801582237092,14.805134197573835],[120.81801582237092,14.806032512857954],[120.8171175070868,14.806032512857954],[120.8171175070868,14.805134197573835]]]},"id":"+134493+16481","properties":{"cls":1,"count":1}},{"type":"Feature","geometry":{"geodesic":false,"type":"Polygon","coordinates":[[[120.8171175070868,14.81232071984679],[120.81801582237092,14.81232071984679],[120.81801582237092,14.81321903513091],[120.8171175070868,14.81321903513091],[120.8171175070868,14.81232071984679]]]},"id":"+134493+16489","properties":{"cls":1,"count":1}},{"type":"Feature","geometry":{"geodesic":false,"type":"Polygon","coordinates":[[[120.81801582237092,14.380231068185301],[120.81891413765504,14.380231068185301],[120.81891413765504,14.381129383469421],[120.81801582237092,14.381129383469421],[120.81801582237092,14.380231068185301]]]},"id":"+134494+16008","properties":{"cls":1,"count":1}},{"type":"Feature","geometry":{"geodesic":false,"type":"Polygon","coordinates":[[[120.81801582237092,14.784472946039086],[120.81891413765504,14.784472946039086],[120.81891413765504,14.785371261323204],[120.81801582237092,14.785371261323204],[120.81801582237092,14.784472946039086]]]},"id":"+134494+16458","properties":{"cls":1,"count":1}},{"type":"Feature","geometry":{"geodesic":false,"type":"Polygon","coordinates":[[[120.81801582237092,14.789862837743803],[120.81891413765504,14.789862837743803],[120.81891413765504,14.790761153027923],[120.81801582237092,14.790761153027923],[120.81801582237092,14.789862837743803]]]},"id":"+134494+16464","properties":{"cls":1,"count":1}},{"type":"Feature","geometry":{"geodesic":false,"type":"Polygon","coordinates":[[[120.81801582237092,14.801540936437357],[120.81891413765504,14.801540936437357],[120.81891413765504,14.802439251721475],[120.81801582237092,14.802439251721475],[120.81801582237092,14.801540936437357]]]},"id":"+134494+16477","properties":{"cls":1,"count":1}},{"type":"Feature","geometry":{"geodesic":false,"type":"Polygon","coordinates":[[[120.81801582237092,14.807829143426193],[120.81891413765504,14.807829143426193],[120.81891413765504,14.808727458710312],[120.81801582237092,14.808727458710312],[120.81801582237092,14.807829143426193]]]},"id":"+134494+16484","properties":{"cls":1,"count":1}},{"type":"Feature","geometry":{"geodesic":false,"type":"Polygon","coordinates":[[[120.81891413765504,14.805134197573835],[120.81981245293917,14.805134197573835],[120.81981245293917,14.806032512857954],[120.81891413765504,14.806032512857954],[120.81891413765504,14.805134197573835]]]},"id":"+134495+16481","properties":{"cls":1,"count":1}},{"type":"Feature","geometry":{"geodesic":false,"type":"Polygon","coordinates":[[[120.81891413765504,14.806930828142074],[120.81981245293917,14.806930828142074],[120.81981245293917,14.807829143426193],[120.81891413765504,14.807829143426193],[120.81891413765504,14.806930828142074]]]},"id":"+134495+16483","properties":{"cls":1,"count":1}},{"type":"Feature","geometry":{"geodesic":false,"type":"Polygon","coordinates":[[[120.81891413765504,14.81232071984679],[120.81981245293917,14.81232071984679],[120.81981245293917,14.81321903513091],[120.81891413765504,14.81321903513091],[120.81891413765504,14.81232071984679]]]},"id":"+134495+16489","properties":{"cls":1,"count":1}},{"type":"Feature","geometry":{"geodesic":false,"type":"Polygon","coordinates":[[[120.81801582237092,14.834778601949779],[120.81981245293917,14.834778601949779],[120.81981245293917,14.835676917233899],[120.81801582237092,14.835676917233899],[120.81801582237092,14.834778601949779]]]},"id":"+134495+16514","properties":{"cls":1,"count":2}},{"type":"Feature","geometry":{"geodesic":false,"type":"Polygon","coordinates":[[[120.81891413765504,14.841066808938615],[120.81891413765504,14.840168493654495],[120.8171175070868,14.840168493654495],[120.8171175070868,14.841066808938615],[120.81621919180269,14.841066808938615],[120.81621919180269,14.839270178370377],[120.8171175070868,14.839270178370377],[120.8171175070868,14.838371863086257],[120.81891413765504,14.838371863086257],[120.81891413765504,14.839270178370377],[120.81981245293917,14.839270178370377],[120.81981245293917,14.841066808938615],[120.81891413765504,14.841066808938615]]]},"id":"+134495+16520","properties":{"cls":1,"count":8}},{"type":"Feature","geometry":{"geodesic":false,"type":"Polygon","coordinates":[[[120.81981245293917,14.763811694504337],[120.81981245293917,14.759320118083739],[120.82160908350741,14.758421802799619],[120.82160908350741,14.760218433367859],[120.8207107682233,14.760218433367859],[120.8207107682233,14.763811694504337],[120.81981245293917,14.763811694504337]]]},"id":"+134496+16434","properties":{"cls":1,"count":7}},{"type":"Feature","geometry":{"geodesic":false,"type":"Polygon","coordinates":[[[120.81801582237092,14.779083054334368],[120.81891413765504,14.77728642376613],[120.81981245293917,14.77728642376613],[120.81981245293917,14.77548979319789],[120.8207107682233,14.77548979319789],[120.8207107682233,14.779083054334368],[120.81801582237092,14.779083054334368]]]},"id":"+134496+16451","properties":{"cls":1,"count":7}},{"type":"Feature","geometry":{"geodesic":false,"type":"Polygon","coordinates":[[[120.81981245293917,14.783574630754966],[120.81981245293917,14.780879684902608],[120.8207107682233,14.780879684902608],[120.82160908350741,14.782676315470846],[120.81981245293917,14.783574630754966]]]},"id":"+134496+16456","properties":{"cls":1,"count":4}},{"type":"Feature","geometry":{"geodesic":false,"type":"Polygon","coordinates":[[[120.81891413765504,14.802439251721475],[120.8207107682233,14.802439251721475],[120.8207107682233,14.803337567005595],[120.81891413765504,14.803337567005595],[120.81891413765504,14.802439251721475]]]},"id":"+134496+16478","properties":{"cls":1,"count":2}},{"type":"Feature","geometry":{"geodesic":false,"type":"Polygon","coordinates":[[[120.81891413765504,14.808727458710312],[120.8207107682233,14.808727458710312],[120.8207107682233,14.809625773994432],[120.81891413765504,14.809625773994432],[120.81891413765504,14.808727458710312]]]},"id":"+134496+16485","properties":{"cls":1,"count":2}},{"type":"Feature","geometry":{"geodesic":false,"type":"Polygon","coordinates":[[[120.81981245293917,14.823998818540344],[120.8207107682233,14.823998818540344],[120.8207107682233,14.824897133824464],[120.81981245293917,14.824897133824464],[120.81981245293917,14.823998818540344]]]},"id":"+134496+16502","properties":{"cls":1,"count":1}},{"type":"Feature","geometry":{"geodesic":false,"type":"Polygon","coordinates":[[[120.81891413765504,14.82938871024506],[120.81891413765504,14.828490394960943],[120.81801582237092,14.828490394960943],[120.81801582237092,14.826693764392703],[120.81891413765504,14.826693764392703],[120.81891413765504,14.825795449108583],[120.81801582237092,14.825795449108583],[120.81801582237092,14.823100503256224],[120.81981245293917,14.823100503256224],[120.81891413765504,14.824897133824464],[120.81981245293917,14.824897133824464],[120.81981245293917,14.825795449108583],[120.82160908350741,14.824897133824464],[120.82160908350741,14.826693764392703],[120.81981245293917,14.826693764392703],[120.81981245293917,14.828490394960943],[120.8207107682233,14.828490394960943],[120.8207107682233,14.82938871024506],[120.81891413765504,14.82938871024506]]]},"id":"+134496+16507","properties":{"cls":1,"count":15}},{"type":"Feature","geometry":{"geodesic":false,"type":"Polygon","coordinates":[[[120.8207107682233,14.763811694504337],[120.82160908350741,14.763811694504337],[120.82160908350741,14.764710009788455],[120.8207107682233,14.764710009788455],[120.8207107682233,14.763811694504337]]]},"id":"+134497+16435","properties":{"cls":1,"count":1}},{"type":"Feature","geometry":{"geodesic":false,"type":"Polygon","coordinates":[[[120.8207107682233,14.779083054334368],[120.82160908350741,14.779083054334368],[120.82160908350741,14.779981369618488],[120.8207107682233,14.779981369618488],[120.8207107682233,14.779083054334368]]]},"id":"+134497+16452","properties":{"cls":1,"count":1}},{"type":"Feature","geometry":{"geodesic":false,"type":"Polygon","coordinates":[[[120.8207107682233,14.796151044732639],[120.8207107682233,14.795252729448519],[120.81891413765504,14.795252729448519],[120.81891413765504,14.7943544141644],[120.81981245293917,14.7943544141644],[120.81981245293917,14.79165946831204],[120.81891413765504,14.79165946831204],[120.81891413765504,14.790761153027923],[120.8207107682233,14.790761153027923],[120.8207107682233,14.79255778359616],[120.82250739879153,14.79255778359616],[120.82250739879153,14.79345609888028],[120.82160908350741,14.79345609888028],[120.82250739879153,14.795252729448519],[120.8207107682233,14.796151044732639]]]},"id":"+134497+16470","properties":{"cls":1,"count":13}},{"type":"Feature","geometry":{"geodesic":false,"type":"Polygon","coordinates":[[[120.8207107682233,14.803337567005595],[120.82160908350741,14.803337567005595],[120.82160908350741,14.804235882289715],[120.8207107682233,14.804235882289715],[120.8207107682233,14.803337567005595]]]},"id":"+134497+16479","properties":{"cls":1,"count":1}},{"type":"Feature","geometry":{"geodesic":false,"type":"Polygon","coordinates":[[[120.8207107682233,14.81501566569915],[120.82160908350741,14.81501566569915],[120.82160908350741,14.815913980983268],[120.8207107682233,14.815913980983268],[120.8207107682233,14.81501566569915]]]},"id":"+134497+16492","properties":{"cls":1,"count":1}},{"type":"Feature","geometry":{"geodesic":false,"type":"Polygon","coordinates":[[[120.8207107682233,14.817710611551508],[120.82160908350741,14.817710611551508],[120.82160908350741,14.818608926835628],[120.8207107682233,14.818608926835628],[120.8207107682233,14.817710611551508]]]},"id":"+134497+16495","properties":{"cls":1,"count":1}},{"type":"Feature","geometry":{"geodesic":false,"type":"Polygon","coordinates":[[[120.8207107682233,14.838371863086257],[120.82160908350741,14.838371863086257],[120.82160908350741,14.839270178370377],[120.8207107682233,14.839270178370377],[120.8207107682233,14.838371863086257]]]},"id":"+134497+16518","properties":{"cls":1,"count":1}},{"type":"Feature","geometry":{"geodesic":false,"type":"Polygon","coordinates":[[[120.82160908350741,14.77548979319789],[120.8207107682233,14.773693162629652],[120.82250739879153,14.773693162629652],[120.82250739879153,14.77548979319789],[120.82160908350741,14.77548979319789]]]},"id":"+134498+16447","properties":{"cls":1,"count":3}},{"type":"Feature","geometry":{"geodesic":false,"type":"Polygon","coordinates":[[[120.82160908350741,14.780879684902608],[120.82250739879153,14.780879684902608],[120.82250739879153,14.781778000186726],[120.82160908350741,14.781778000186726],[120.82160908350741,14.780879684902608]]]},"id":"+134498+16454","properties":{"cls":1,"count":1}},{"type":"Feature","geometry":{"geodesic":false,"type":"Polygon","coordinates":[[[120.82160908350741,14.805134197573835],[120.82250739879153,14.805134197573835],[120.82250739879153,14.806032512857954],[120.82160908350741,14.806032512857954],[120.82160908350741,14.805134197573835]]]},"id":"+134498+16481","properties":{"cls":1,"count":1}},{"type":"Feature","geometry":{"geodesic":false,"type":"Polygon","coordinates":[[[120.82160908350741,14.81411735041503],[120.82250739879153,14.81411735041503],[120.82250739879153,14.81501566569915],[120.82160908350741,14.81501566569915],[120.82160908350741,14.81411735041503]]]},"id":"+134498+16491","properties":{"cls":1,"count":1}},{"type":"Feature","geometry":{"geodesic":false,"type":"Polygon","coordinates":[[[120.82250739879153,14.38382432932178],[120.82340571407565,14.38382432932178],[120.82340571407565,14.384722644605898],[120.82250739879153,14.384722644605898],[120.82250739879153,14.38382432932178]]]},"id":"+134499+16012","properties":{"cls":1,"count":1}},{"type":"Feature","geometry":{"geodesic":false,"type":"Polygon","coordinates":[[[120.82250739879153,14.762913379220217],[120.82340571407565,14.762913379220217],[120.82340571407565,14.764710009788455],[120.82250739879153,14.764710009788455],[120.82250739879153,14.762913379220217]]]},"id":"+134499+16435","properties":{"cls":1,"count":2}},{"type":"Feature","geometry":{"geodesic":false,"type":"Polygon","coordinates":[[[120.82250739879153,14.768303270924934],[120.82340571407565,14.768303270924934],[120.82340571407565,14.769201586209054],[120.82250739879153,14.769201586209054],[120.82250739879153,14.768303270924934]]]},"id":"+134499+16440","properties":{"cls":1,"count":1}},{"type":"Feature","geometry":{"geodesic":false,"type":"Polygon","coordinates":[[[120.82160908350741,14.779083054334368],[120.82160908350741,14.77728642376613],[120.82250739879153,14.77728642376613],[120.82340571407565,14.779083054334368],[120.82160908350741,14.779083054334368]]]},"id":"+134499+16451","properties":{"cls":1,"count":3}},{"type":"Feature","geometry":{"geodesic":false,"type":"Polygon","coordinates":[[[120.82250739879153,14.788066207175564],[120.82340571407565,14.788066207175564],[120.82340571407565,14.788964522459683],[120.82250739879153,14.788964522459683],[120.82250739879153,14.788066207175564]]]},"id":"+134499+16462","properties":{"cls":1,"count":1}},{"type":"Feature","geometry":{"geodesic":false,"type":"Polygon","coordinates":[[[120.82250739879153,14.79165946831204],[120.82340571407565,14.79165946831204],[120.82340571407565,14.79255778359616],[120.82250739879153,14.79255778359616],[120.82250739879153,14.79165946831204]]]},"id":"+134499+16466","properties":{"cls":1,"count":1}},{"type":"Feature","geometry":{"geodesic":false,"type":"Polygon","coordinates":[[[120.82160908350741,14.797049360016759],[120.82250739879153,14.795252729448519],[120.82340571407565,14.795252729448519],[120.82340571407565,14.797049360016759],[120.82160908350741,14.797049360016759]]]},"id":"+134499+16471","properties":{"cls":1,"count":3}},{"type":"Feature","geometry":{"geodesic":false,"type":"Polygon","coordinates":[[[120.82250739879153,14.806032512857954],[120.82340571407565,14.806032512857954],[120.82340571407565,14.806930828142074],[120.82250739879153,14.806930828142074],[120.82250739879153,14.806032512857954]]]},"id":"+134499+16482","properties":{"cls":1,"count":1}},{"type":"Feature","geometry":{"geodesic":false,"type":"Polygon","coordinates":[[[120.82160908350741,14.815913980983268],[120.82340571407565,14.815913980983268],[120.82340571407565,14.816812296267388],[120.82160908350741,14.816812296267388],[120.82160908350741,14.815913980983268]]]},"id":"+134499+16493","properties":{"cls":1,"count":2}},{"type":"Feature","geometry":{"geodesic":false,"type":"Polygon","coordinates":[[[120.82250739879153,14.820405557403866],[120.82340571407565,14.820405557403866],[120.82340571407565,14.821303872687986],[120.82250739879153,14.821303872687986],[120.82250739879153,14.820405557403866]]]},"id":"+134499+16498","properties":{"cls":1,"count":1}},{"type":"Feature","geometry":{"geodesic":false,"type":"Polygon","coordinates":[[[120.82250739879153,14.837473547802137],[120.82340571407565,14.837473547802137],[120.82340571407565,14.838371863086257],[120.82250739879153,14.838371863086257],[120.82250739879153,14.837473547802137]]]},"id":"+134499+16517","properties":{"cls":1,"count":1}},{"type":"Feature","geometry":{"geodesic":false,"type":"Polygon","coordinates":[[[120.82340571407565,14.384722644605898],[120.82430402935977,14.384722644605898],[120.82430402935977,14.385620959890018],[120.82340571407565,14.385620959890018],[120.82340571407565,14.384722644605898]]]},"id":"+134500+16013","properties":{"cls":1,"count":1}},{"type":"Feature","geometry":{"geodesic":false,"type":"Polygon","coordinates":[[[120.82340571407565,14.765608325072575],[120.82430402935977,14.765608325072575],[120.82430402935977,14.766506640356695],[120.82340571407565,14.766506640356695],[120.82340571407565,14.765608325072575]]]},"id":"+134500+16437","properties":{"cls":1,"count":1}},{"type":"Feature","geometry":{"geodesic":false,"type":"Polygon","coordinates":[[[120.82340571407565,14.77459147791377],[120.82340571407565,14.773693162629652],[120.82250739879153,14.773693162629652],[120.82250739879153,14.770998216777294],[120.82430402935977,14.770099901493174],[120.82430402935977,14.770998216777294],[120.82520234464388,14.770998216777294],[120.82520234464388,14.772794847345532],[120.82430402935977,14.772794847345532],[120.82430402935977,14.77459147791377],[120.82340571407565,14.77459147791377]]]},"id":"+134500+16446","properties":{"cls":1,"count":10}},{"type":"Feature","geometry":{"geodesic":false,"type":"Polygon","coordinates":[[[120.82250739879153,14.77638810848201],[120.82430402935977,14.77638810848201],[120.82430402935977,14.77728642376613],[120.82250739879153,14.77728642376613],[120.82250739879153,14.77638810848201]]]},"id":"+134500+16449","properties":{"cls":1,"count":2}},{"type":"Feature","geometry":{"geodesic":false,"type":"Polygon","coordinates":[[[120.82250739879153,14.786269576607324],[120.82340571407565,14.784472946039086],[120.82160908350741,14.784472946039086],[120.82160908350741,14.783574630754966],[120.82789729049624,14.783574630754966],[120.82789729049624,14.785371261323204],[120.82430402935977,14.784472946039086],[120.82430402935977,14.786269576607324],[120.82250739879153,14.786269576607324]]]},"id":"+134500+16459","properties":{"cls":1,"count":12}},{"type":"Feature","geometry":{"geodesic":false,"type":"Polygon","coordinates":[[[120.82340571407565,14.780879684902608],[120.82520234464388,14.780879684902608],[120.82520234464388,14.781778000186726],[120.82340571407565,14.781778000186726],[120.82340571407565,14.780879684902608]]]},"id":"+134501+16454","properties":{"cls":1,"count":2}},{"type":"Feature","geometry":{"geodesic":false,"type":"Polygon","coordinates":[[[120.82430402935977,14.79255778359616],[120.82520234464388,14.79255778359616],[120.82520234464388,14.796151044732639],[120.82430402935977,14.796151044732639],[120.82430402935977,14.79255778359616]]]},"id":"+134501+16470","properties":{"cls":1,"count":4}},{"type":"Feature","geometry":{"geodesic":false,"type":"Polygon","coordinates":[[[120.82430402935977,14.83208365609742],[120.82430402935977,14.83028702552918],[120.82340571407565,14.83028702552918],[120.82340571407565,14.82938871024506],[120.82520234464388,14.82938871024506],[120.82520234464388,14.83208365609742],[120.82430402935977,14.83208365609742]]]},"id":"+134501+16510","properties":{"cls":1,"count":4}},{"type":"Feature","geometry":{"geodesic":false,"type":"Polygon","coordinates":[[[120.82520234464388,14.77548979319789],[120.826100659928,14.77548979319789],[120.826100659928,14.77728642376613],[120.82520234464388,14.77728642376613],[120.82520234464388,14.77548979319789]]]},"id":"+134502+16449","properties":{"cls":1,"count":2}},{"type":"Feature","geometry":{"geodesic":false,"type":"Polygon","coordinates":[[[120.82520234464388,14.781778000186726],[120.826100659928,14.781778000186726],[120.826100659928,14.782676315470846],[120.82520234464388,14.782676315470846],[120.82520234464388,14.781778000186726]]]},"id":"+134502+16455","properties":{"cls":1,"count":1}},{"type":"Feature","geometry":{"geodesic":false,"type":"Polygon","coordinates":[[[120.82520234464388,14.828490394960943],[120.82520234464388,14.827592079676823],[120.82340571407565,14.827592079676823],[120.82340571407565,14.826693764392703],[120.82430402935977,14.826693764392703],[120.82430402935977,14.824897133824464],[120.82789729049624,14.823998818540344],[120.82789729049624,14.822202187972106],[120.82879560578036,14.822202187972106],[120.82879560578036,14.824897133824464],[120.82699897521212,14.824897133824464],[120.82699897521212,14.825795449108583],[120.826100659928,14.825795449108583],[120.826100659928,14.826693764392703],[120.82789729049624,14.826693764392703],[120.82789729049624,14.827592079676823],[120.826100659928,14.827592079676823],[120.826100659928,14.828490394960943],[120.82520234464388,14.828490394960943]]]},"id":"+134502+16506","properties":{"cls":1,"count":16}},{"type":"Feature","geometry":{"geodesic":false,"type":"Polygon","coordinates":[[[120.82520234464388,14.788964522459683],[120.82520234464388,14.788066207175564],[120.82430402935977,14.788066207175564],[120.82430402935977,14.786269576607324],[120.82520234464388,14.786269576607324],[120.82520234464388,14.785371261323204],[120.826100659928,14.785371261323204],[120.826100659928,14.786269576607324],[120.82789729049624,14.786269576607324],[120.82789729049624,14.787167891891444],[120.826100659928,14.787167891891444],[120.82699897521212,14.788964522459683],[120.82520234464388,14.788964522459683]]]},"id":"+134503+16462","properties":{"cls":1,"count":9}},{"type":"Feature","geometry":{"geodesic":false,"type":"Polygon","coordinates":[[[120.82520234464388,14.763811694504337],[120.826100659928,14.762015063936097],[120.82520234464388,14.762015063936097],[120.82520234464388,14.762913379220217],[120.82340571407565,14.762913379220217],[120.82250739879153,14.761116748651977],[120.82160908350741,14.761116748651977],[120.82160908350741,14.760218433367859],[120.82250739879153,14.760218433367859],[120.82250739879153,14.758421802799619],[120.82160908350741,14.758421802799619],[120.82160908350741,14.757523487515499],[120.82789729049624,14.757523487515499],[120.82789729049624,14.758421802799619],[120.82969392106449,14.759320118083739],[120.82969392106449,14.760218433367859],[120.82789729049624,14.760218433367859],[120.82789729049624,14.761116748651977],[120.82879560578036,14.761116748651977],[120.82879560578036,14.762015063936097],[120.82789729049624,14.762015063936097],[120.82789729049624,14.763811694504337],[120.82520234464388,14.763811694504337]],[[120.82699897521212,14.760218433367859],[120.826100659928,14.760218433367859],[120.826100659928,14.759320118083739],[120.82699897521212,14.759320118083739],[120.82699897521212,14.760218433367859]]]},"id":"+134504+16434","properties":{"cls":1,"count":42}},{"type":"Feature","geometry":{"geodesic":false,"type":"Polygon","coordinates":[[[120.82699897521212,14.79255778359616],[120.82789729049624,14.79255778359616],[120.82789729049624,14.79345609888028],[120.82699897521212,14.79345609888028],[120.82699897521212,14.79255778359616]]]},"id":"+134504+16467","properties":{"cls":1,"count":1}},{"type":"Feature","geometry":{"geodesic":false,"type":"Polygon","coordinates":[[[120.82699897521212,14.7943544141644],[120.82789729049624,14.7943544141644],[120.82789729049624,14.795252729448519],[120.82699897521212,14.795252729448519],[120.82699897521212,14.7943544141644]]]},"id":"+134504+16469","properties":{"cls":1,"count":1}},{"type":"Feature","geometry":{"geodesic":false,"type":"Polygon","coordinates":[[[120.82699897521212,14.807829143426193],[120.82789729049624,14.807829143426193],[120.82789729049624,14.808727458710312],[120.82699897521212,14.808727458710312],[120.82699897521212,14.807829143426193]]]},"id":"+134504+16484","properties":{"cls":1,"count":1}},{"type":"Feature","geometry":{"geodesic":false,"type":"Polygon","coordinates":[[[120.82430402935977,14.821303872687986],[120.82340571407565,14.819507242119746],[120.82520234464388,14.819507242119746],[120.82520234464388,14.820405557403866],[120.826100659928,14.820405557403866],[120.826100659928,14.819507242119746],[120.82789729049624,14.819507242119746],[120.82789729049624,14.821303872687986],[120.82430402935977,14.821303872687986]]]},"id":"+134504+16498","properties":{"cls":1,"count":8}},{"type":"Feature","geometry":{"geodesic":false,"type":"Polygon","coordinates":[[[120.82699897521212,14.83208365609742],[120.82789729049624,14.83208365609742],[120.82789729049624,14.832981971381539],[120.82699897521212,14.832981971381539],[120.82699897521212,14.83208365609742]]]},"id":"+134504+16511","properties":{"cls":1,"count":1}},{"type":"Feature","geometry":{"geodesic":false,"type":"Polygon","coordinates":[[[120.826100659928,14.849151646495692],[120.82789729049624,14.849151646495692],[120.82789729049624,14.85004996177981],[120.826100659928,14.85004996177981],[120.826100659928,14.849151646495692]]]},"id":"+134504+16530","properties":{"cls":1,"count":2}},{"type":"Feature","geometry":{"geodesic":false,"type":"Polygon","coordinates":[[[120.82789729049624,14.763811694504337],[120.82879560578036,14.763811694504337],[120.82879560578036,14.764710009788455],[120.82789729049624,14.764710009788455],[120.82789729049624,14.763811694504337]]]},"id":"+134505+16435","properties":{"cls":1,"count":1}},{"type":"Feature","geometry":{"geodesic":false,"type":"Polygon","coordinates":[[[120.82789729049624,14.768303270924934],[120.82879560578036,14.768303270924934],[120.82879560578036,14.769201586209054],[120.82789729049624,14.769201586209054],[120.82789729049624,14.768303270924934]]]},"id":"+134505+16440","properties":{"cls":1,"count":1}},{"type":"Feature","geometry":{"geodesic":false,"type":"Polygon","coordinates":[[[120.82789729049624,14.772794847345532],[120.82789729049624,14.771896532061412],[120.82699897521212,14.771896532061412],[120.82699897521212,14.770099901493174],[120.83059223634861,14.769201586209054],[120.83059223634861,14.768303270924934],[120.83238886691684,14.768303270924934],[120.83238886691684,14.770099901493174],[120.83059223634861,14.770099901493174],[120.83149055163273,14.771896532061412],[120.82879560578036,14.771896532061412],[120.82879560578036,14.772794847345532],[120.82789729049624,14.772794847345532]]]},"id":"+134505+16444","properties":{"cls":1,"count":16}},{"type":"Feature","geometry":{"geodesic":false,"type":"Polygon","coordinates":[[[120.82789729049624,14.785371261323204],[120.82879560578036,14.785371261323204],[120.82879560578036,14.786269576607324],[120.82789729049624,14.786269576607324],[120.82789729049624,14.785371261323204]]]},"id":"+134505+16459","properties":{"cls":1,"count":1}},{"type":"Feature","geometry":{"geodesic":false,"type":"Polygon","coordinates":[[[120.82789729049624,14.825795449108583],[120.82879560578036,14.825795449108583],[120.82879560578036,14.826693764392703],[120.82789729049624,14.826693764392703],[120.82789729049624,14.825795449108583]]]},"id":"+134505+16504","properties":{"cls":1,"count":1}},{"type":"Feature","geometry":{"geodesic":false,"type":"Polygon","coordinates":[[[120.82879560578036,14.781778000186726],[120.82789729049624,14.779981369618488],[120.826100659928,14.780879684902608],[120.826100659928,14.779083054334368],[120.82430402935977,14.779083054334368],[120.82430402935977,14.778184739050248],[120.826100659928,14.778184739050248],[120.82699897521212,14.77638810848201],[120.82879560578036,14.77728642376613],[120.82789729049624,14.77548979319789],[120.83418549748508,14.77638810848201],[120.83418549748508,14.779083054334368],[120.83328718220096,14.779083054334368],[120.83328718220096,14.778184739050248],[120.83238886691684,14.778184739050248],[120.83238886691684,14.779083054334368],[120.82969392106449,14.779083054334368],[120.82969392106449,14.781778000186726],[120.82879560578036,14.781778000186726]],[[120.82789729049624,14.779083054334368],[120.82699897521212,14.779083054334368],[120.82699897521212,14.778184739050248],[120.82789729049624,14.778184739050248],[120.82789729049624,14.779083054334368]]]},"id":"+134506+16454","properties":{"cls":1,"count":37}},{"type":"Feature","geometry":{"geodesic":false,"type":"Polygon","coordinates":[[[120.82969392106449,14.760218433367859],[120.83059223634861,14.760218433367859],[120.83059223634861,14.761116748651977],[120.82969392106449,14.761116748651977],[120.82969392106449,14.760218433367859]]]},"id":"+134507+16431","properties":{"cls":1,"count":1}},{"type":"Feature","geometry":{"geodesic":false,"type":"Polygon","coordinates":[[[120.82969392106449,14.766506640356695],[120.83059223634861,14.766506640356695],[120.83059223634861,14.767404955640815],[120.82969392106449,14.767404955640815],[120.82969392106449,14.766506640356695]]]},"id":"+134507+16438","properties":{"cls":1,"count":1}},{"type":"Feature","geometry":{"geodesic":false,"type":"Polygon","coordinates":[[[120.82969392106449,14.782676315470846],[120.83059223634861,14.782676315470846],[120.83059223634861,14.784472946039086],[120.82969392106449,14.784472946039086],[120.82969392106449,14.782676315470846]]]},"id":"+134507+16457","properties":{"cls":1,"count":2}},{"type":"Feature","geometry":{"geodesic":false,"type":"Polygon","coordinates":[[[120.82969392106449,14.789862837743803],[120.82969392106449,14.788964522459683],[120.82789729049624,14.788964522459683],[120.82789729049624,14.787167891891444],[120.82879560578036,14.787167891891444],[120.82879560578036,14.788066207175564],[120.83149055163273,14.788066207175564],[120.83149055163273,14.788964522459683],[120.82969392106449,14.789862837743803]]]},"id":"+134507+16463","properties":{"cls":1,"count":6}},{"type":"Feature","geometry":{"geodesic":false,"type":"Polygon","coordinates":[[[120.82879560578036,14.79345609888028],[120.83059223634861,14.79345609888028],[120.83059223634861,14.7943544141644],[120.82879560578036,14.7943544141644],[120.82879560578036,14.79345609888028]]]},"id":"+134507+16468","properties":{"cls":1,"count":2}},{"type":"Feature","geometry":{"geodesic":false,"type":"Polygon","coordinates":[[[120.82879560578036,14.806032512857954],[120.83059223634861,14.806032512857954],[120.83059223634861,14.806930828142074],[120.82879560578036,14.806930828142074],[120.82879560578036,14.806032512857954]]]},"id":"+134507+16482","properties":{"cls":1,"count":2}},{"type":"Feature","geometry":{"geodesic":false,"type":"Polygon","coordinates":[[[120.82879560578036,14.811422404562672],[120.82879560578036,14.810524089278552],[120.82969392106449,14.810524089278552],[120.82969392106449,14.808727458710312],[120.83059223634861,14.808727458710312],[120.83059223634861,14.811422404562672],[120.82879560578036,14.811422404562672]]]},"id":"+134507+16487","properties":{"cls":1,"count":4}},{"type":"Feature","geometry":{"geodesic":false,"type":"Polygon","coordinates":[[[120.83328718220096,14.807829143426193],[120.83238886691684,14.807829143426193],[120.83238886691684,14.809625773994432],[120.83149055163273,14.809625773994432],[120.83149055163273,14.807829143426193],[120.83059223634861,14.807829143426193],[120.83149055163273,14.806032512857954],[120.83238886691684,14.806032512857954],[120.83149055163273,14.804235882289715],[120.83328718220096,14.804235882289715],[120.83328718220096,14.801540936437357],[120.83688044333744,14.801540936437357],[120.83867707390569,14.798845990584997],[120.8395753891898,14.798845990584997],[120.83867707390569,14.797049360016759],[120.83688044333744,14.797947675300879],[120.83688044333744,14.796151044732639],[120.83598212805332,14.796151044732639],[120.83598212805332,14.797947675300879],[120.83149055163273,14.797947675300879],[120.83149055163273,14.798845990584997],[120.83059223634861,14.798845990584997],[120.83059223634861,14.799744305869117],[120.83149055163273,14.799744305869117],[120.83149055163273,14.801540936437357],[120.83059223634861,14.801540936437357],[120.83059223634861,14.800642621153237],[120.82879560578037,14.800642621153237],[120.82879560578037,14.803337567005595],[120.82789729049624,14.803337567005595],[120.82789729049624,14.805134197573835],[120.82699897521212,14.805134197573835],[120.82699897521212,14.806930828142074],[120.826100659928,14.806930828142074],[120.826100659928,14.808727458710313],[120.82520234464388,14.808727458710313],[120.82520234464388,14.811422404562672],[120.826100659928,14.811422404562672],[120.826100659928,14.809625773994432],[120.82789729049624,14.809625773994432],[120.82789729049624,14.808727458710313],[120.82879560578037,14.808727458710313],[120.82879560578037,14.810524089278552],[120.82699897521212,14.810524089278552],[120.82699897521212,14.811422404562672],[120.82879560578037,14.811422404562672],[120.82879560578037,14.81411735041503],[120.83059223634861,14.81411735041503],[120.83059223634861,14.815913980983268],[120.82340571407565,14.815913980983268],[120.82340571407565,14.81411735041503],[120.82250739879153,14.81411735041503],[120.82250739879153,14.81321903513091],[120.82160908350741,14.81321903513091],[120.82160908350741,14.81411735041503],[120.81981245293917,14.81411735041503],[120.81981245293917,14.81321903513091],[120.82340571407565,14.810524089278552],[120.82340571407565,14.808727458710313],[120.82250739879153,14.808727458710313],[120.82250739879153,14.807829143426193],[120.82430402935977,14.807829143426193],[120.82430402935977,14.806032512857954],[120.82340571407565,14.806032512857954],[120.82340571407565,14.804235882289715],[120.82430402935977,14.804235882289715],[120.82430402935977,14.803337567005595],[120.81981245293917,14.801540936437357],[120.81981245293917,14.800642621153237],[120.8207107682233,14.800642621153237],[120.8207107682233,14.798845990584997],[120.81981245293917,14.798845990584997],[120.81891413765506,14.800642621153237],[120.8171175070868,14.799744305869117],[120.81801582237092,14.797947675300879],[120.81891413765506,14.797947675300879],[120.81891413765506,14.796151044732639],[120.8207107682233,14.796151044732639],[120.81981245293917,14.797947675300879],[120.82340571407565,14.797947675300879],[120.82340571407565,14.798845990584997],[120.82520234464388,14.799744305869117],[120.82520234464388,14.800642621153237],[120.82340571407565,14.800642621153237],[120.82340571407565,14.801540936437357],[120.82520234464388,14.802439251721475],[120.826100659928,14.800642621153237],[120.82969392106449,14.799744305869117],[120.82879560578037,14.797947675300879],[120.83059223634861,14.797947675300879],[120.83059223634861,14.796151044732639],[120.83238886691684,14.797049360016759],[120.83238886691684,14.796151044732639],[120.83328718220096,14.796151044732639],[120.83328718220096,14.79345609888028],[120.83418549748508,14.79345609888028],[120.83418549748508,14.795252729448519],[120.8350838127692,14.795252729448519],[120.8350838127692,14.7943544141644],[120.83688044333744,14.7943544141644],[120.83688044333744,14.79345609888028],[120.83867707390569,14.79345609888028],[120.83867707390569,14.790761153027923],[120.8395753891898,14.790761153027923],[120.8395753891898,14.79165946831204],[120.84137201975804,14.790761153027923],[120.84227033504216,14.79255778359616],[120.8395753891898,14.79255778359616],[120.8395753891898,14.7943544141644],[120.83777875862155,14.7943544141644],[120.83777875862155,14.795252729448519],[120.84047370447392,14.795252729448519],[120.84047370447392,14.7943544141644],[120.84137201975804,14.7943544141644],[120.84137201975804,14.797049360016759],[120.84227033504216,14.797049360016759],[120.84227033504216,14.799744305869117],[120.84047370447392,14.798845990584997],[120.84047370447392,14.799744305869117],[120.84137201975804,14.799744305869117],[120.84137201975804,14.800642621153237],[120.84047370447392,14.800642621153237],[120.84137201975804,14.802439251721475],[120.83777875862155,14.802439251721475],[120.83777875862155,14.803337567005595],[120.83867707390569,14.803337567005595],[120.83867707390569,14.804235882289715],[120.83777875862155,14.804235882289715],[120.83777875862155,14.806032512857954],[120.83598212805332,14.806032512857954],[120.83598212805332,14.805134197573835],[120.8350838127692,14.805134197573835],[120.83598212805332,14.806930828142074],[120.83867707390569,14.806930828142074],[120.83867707390569,14.808727458710313],[120.83777875862155,14.808727458710313],[120.83777875862155,14.807829143426193],[120.8350838127692,14.807829143426193],[120.8350838127692,14.809625773994432],[120.83418549748508,14.809625773994432],[120.83328718220096,14.807829143426193]],[[120.82430402935977,14.806032512857954],[120.82430402935977,14.805134197573835],[120.826100659928,14.805134197573835],[120.826100659928,14.806032512857954],[120.82430402935977,14.806032512857954]],[[120.83328718220096,14.804235882289715],[120.83418549748508,14.804235882289715],[120.83418549748508,14.805134197573835],[120.83328718220096,14.805134197573835],[120.83328718220096,14.804235882289715]],[[120.83328718220096,14.807829143426193],[120.83328718220096,14.806930828142074],[120.83418549748508,14.806930828142074],[120.83418549748508,14.807829143426193],[120.83328718220096,14.807829143426193]],[[120.82160908350741,14.798845990584997],[120.82250739879153,14.798845990584997],[120.82250739879153,14.799744305869117],[120.82160908350741,14.799744305869117],[120.82160908350741,14.798845990584997]],[[120.82340571407565,14.81232071984679],[120.82520234464388,14.81321903513091],[120.82520234464388,14.81501566569915],[120.82430402935977,14.81501566569915],[120.82430402935977,14.81321903513091],[120.82340571407565,14.81321903513091],[120.82340571407565,14.81232071984679]],[[120.826100659928,14.81321903513091],[120.82789729049624,14.81321903513091],[120.82789729049624,14.81411735041503],[120.826100659928,14.81411735041503],[120.826100659928,14.81321903513091]],[[120.82699897521212,14.801540936437357],[120.82789729049624,14.801540936437357],[120.82789729049624,14.802439251721475],[120.82699897521212,14.802439251721475],[120.82699897521212,14.801540936437357]],[[120.83598212805332,14.803337567005595],[120.83688044333744,14.803337567005595],[120.83688044333744,14.804235882289715],[120.83598212805332,14.804235882289715],[120.83598212805332,14.803337567005595]],[[120.83867707390569,14.800642621153237],[120.8395753891898,14.800642621153237],[120.8395753891898,14.801540936437357],[120.83867707390569,14.801540936437357],[120.83867707390569,14.800642621153237]]]},"id":"+134507+16492","properties":{"cls":1,"count":227}},{"type":"Feature","geometry":{"geodesic":false,"type":"Polygon","coordinates":[[[120.82789729049624,14.83208365609742],[120.82879560578036,14.83028702552918],[120.83059223634861,14.83028702552918],[120.83059223634861,14.83208365609742],[120.82789729049624,14.83208365609742]]]},"id":"+134507+16510","properties":{"cls":1,"count":5}},{"type":"Feature","geometry":{"geodesic":false,"type":"Polygon","coordinates":[[[120.83059223634861,14.79255778359616],[120.83149055163273,14.79255778359616],[120.83149055163273,14.79345609888028],[120.83059223634861,14.79345609888028],[120.83059223634861,14.79255778359616]]]},"id":"+134508+16467","properties":{"cls":1,"count":1}},{"type":"Feature","geometry":{"geodesic":false,"type":"Polygon","coordinates":[[[120.83059223634861,14.821303872687986],[120.83149055163273,14.821303872687986],[120.83149055163273,14.822202187972106],[120.83059223634861,14.822202187972106],[120.83059223634861,14.821303872687986]]]},"id":"+134508+16499","properties":{"cls":1,"count":1}},{"type":"Feature","geometry":{"geodesic":false,"type":"Polygon","coordinates":[[[120.83149055163273,14.795252729448519],[120.83238886691684,14.795252729448519],[120.83238886691684,14.796151044732639],[120.83149055163273,14.796151044732639],[120.83149055163273,14.795252729448519]]]},"id":"+134509+16470","properties":{"cls":1,"count":1}},{"type":"Feature","geometry":{"geodesic":false,"type":"Polygon","coordinates":[[[120.83238886691684,14.809625773994432],[120.83328718220096,14.809625773994432],[120.83328718220096,14.810524089278552],[120.83238886691684,14.810524089278552],[120.83238886691684,14.809625773994432]]]},"id":"+134510+16486","properties":{"cls":1,"count":1}},{"type":"Feature","geometry":{"geodesic":false,"type":"Polygon","coordinates":[[[120.83149055163273,14.787167891891444],[120.83149055163273,14.783574630754966],[120.83418549748508,14.783574630754966],[120.83418549748508,14.784472946039086],[120.83328718220096,14.784472946039086],[120.83328718220096,14.786269576607324],[120.83418549748508,14.786269576607324],[120.83418549748508,14.787167891891444],[120.83149055163273,14.787167891891444]]]},"id":"+134511+16460","properties":{"cls":1,"count":10}},{"type":"Feature","geometry":{"geodesic":false,"type":"Polygon","coordinates":[[[120.83328718220096,14.79165946831204],[120.83418549748508,14.79165946831204],[120.83418549748508,14.79255778359616],[120.83328718220096,14.79255778359616],[120.83328718220096,14.79165946831204]]]},"id":"+134511+16466","properties":{"cls":1,"count":1}},{"type":"Feature","geometry":{"geodesic":false,"type":"Polygon","coordinates":[[[120.83328718220096,14.823998818540344],[120.83418549748508,14.823998818540344],[120.83418549748508,14.824897133824464],[120.83328718220096,14.824897133824464],[120.83328718220096,14.823998818540344]]]},"id":"+134511+16502","properties":{"cls":1,"count":1}},{"type":"Feature","geometry":{"geodesic":false,"type":"Polygon","coordinates":[[[120.83418549748508,14.393705797447094],[120.8350838127692,14.393705797447094],[120.8350838127692,14.394604112731214],[120.83418549748508,14.394604112731214],[120.83418549748508,14.393705797447094]]]},"id":"+134512+16023","properties":{"cls":1,"count":1}},{"type":"Feature","geometry":{"geodesic":false,"type":"Polygon","coordinates":[[[120.83418549748508,14.765608325072575],[120.8350838127692,14.765608325072575],[120.8350838127692,14.766506640356695],[120.83418549748508,14.766506640356695],[120.83418549748508,14.765608325072575]]]},"id":"+134512+16437","properties":{"cls":1,"count":1}},{"type":"Feature","geometry":{"geodesic":false,"type":"Polygon","coordinates":[[[120.83418549748508,14.823100503256224],[120.83418549748508,14.821303872687986],[120.83598212805332,14.821303872687986],[120.83598212805332,14.822202187972106],[120.83418549748508,14.823100503256224]]]},"id":"+134512+16500","properties":{"cls":1,"count":3}},{"type":"Feature","geometry":{"geodesic":false,"type":"Polygon","coordinates":[[[120.8350838127692,14.798845990584997],[120.83598212805332,14.798845990584997],[120.83598212805332,14.799744305869117],[120.8350838127692,14.799744305869117],[120.8350838127692,14.798845990584997]]]},"id":"+134513+16474","properties":{"cls":1,"count":1}},{"type":"Feature","geometry":{"geodesic":false,"type":"Polygon","coordinates":[[[120.8350838127692,14.823100503256224],[120.83598212805332,14.823100503256224],[120.83598212805332,14.823998818540344],[120.8350838127692,14.823998818540344],[120.8350838127692,14.823100503256224]]]},"id":"+134513+16501","properties":{"cls":1,"count":1}},{"type":"Feature","geometry":{"geodesic":false,"type":"Polygon","coordinates":[[[120.83598212805332,14.765608325072575],[120.83688044333744,14.765608325072575],[120.83688044333744,14.766506640356695],[120.83598212805332,14.766506640356695],[120.83598212805332,14.765608325072575]]]},"id":"+134514+16437","properties":{"cls":1,"count":1}},{"type":"Feature","geometry":{"geodesic":false,"type":"Polygon","coordinates":[[[120.83598212805332,14.770998216777294],[120.83598212805332,14.770099901493174],[120.83418549748508,14.770998216777294],[120.83418549748508,14.770099901493174],[120.83328718220096,14.770099901493174],[120.83418549748508,14.768303270924934],[120.83598212805332,14.768303270924934],[120.83598212805332,14.769201586209054],[120.83688044333744,14.769201586209054],[120.83688044333744,14.770998216777294],[120.83598212805332,14.770998216777294]]]},"id":"+134514+16442","properties":{"cls":1,"count":8}},{"type":"Feature","geometry":{"geodesic":false,"type":"Polygon","coordinates":[[[120.8350838127692,14.780879684902608],[120.83688044333744,14.780879684902608],[120.83688044333744,14.781778000186726],[120.8350838127692,14.781778000186726],[120.8350838127692,14.780879684902608]]]},"id":"+134514+16454","properties":{"cls":1,"count":2}},{"type":"Feature","geometry":{"geodesic":false,"type":"Polygon","coordinates":[[[120.83598212805332,14.797947675300879],[120.83688044333744,14.797947675300879],[120.83688044333744,14.798845990584997],[120.83598212805332,14.798845990584997],[120.83598212805332,14.797947675300879]]]},"id":"+134514+16473","properties":{"cls":1,"count":1}},{"type":"Feature","geometry":{"geodesic":false,"type":"Polygon","coordinates":[[[120.83688044333744,14.396400743299452],[120.83777875862155,14.396400743299452],[120.83777875862155,14.397299058583572],[120.83688044333744,14.397299058583572],[120.83688044333744,14.396400743299452]]]},"id":"+134515+16026","properties":{"cls":1,"count":1}},{"type":"Feature","geometry":{"geodesic":false,"type":"Polygon","coordinates":[[[120.83688044333744,14.782676315470846],[120.83777875862155,14.782676315470846],[120.83777875862155,14.783574630754966],[120.83688044333744,14.783574630754966],[120.83688044333744,14.782676315470846]]]},"id":"+134515+16456","properties":{"cls":1,"count":1}},{"type":"Feature","geometry":{"geodesic":false,"type":"Polygon","coordinates":[[[120.83688044333744,14.784472946039086],[120.83777875862155,14.784472946039086],[120.83777875862155,14.785371261323204],[120.83688044333744,14.785371261323204],[120.83688044333744,14.784472946039086]]]},"id":"+134515+16458","properties":{"cls":1,"count":1}},{"type":"Feature","geometry":{"geodesic":false,"type":"Polygon","coordinates":[[[120.83688044333744,14.798845990584997],[120.83777875862155,14.798845990584997],[120.83777875862155,14.799744305869117],[120.83688044333744,14.799744305869117],[120.83688044333744,14.798845990584997]]]},"id":"+134515+16474","properties":{"cls":1,"count":1}},{"type":"Feature","geometry":{"geodesic":false,"type":"Polygon","coordinates":[[[120.83777875862155,14.397299058583572],[120.83867707390569,14.397299058583572],[120.83867707390569,14.398197373867692],[120.83777875862155,14.398197373867692],[120.83777875862155,14.397299058583572]]]},"id":"+134516+16027","properties":{"cls":1,"count":1}},{"type":"Feature","geometry":{"geodesic":false,"type":"Polygon","coordinates":[[[120.83777875862155,14.748540334674304],[120.83777875862155,14.747642019390184],[120.83688044333744,14.747642019390184],[120.83688044333744,14.748540334674304],[120.83598212805332,14.748540334674304],[120.83598212805332,14.746743704106066],[120.83777875862155,14.745845388821946],[120.83777875862155,14.744048758253706],[120.83867707390569,14.744048758253706],[120.83867707390569,14.746743704106066],[120.8395753891898,14.746743704106066],[120.8395753891898,14.747642019390184],[120.83777875862155,14.748540334674304]]]},"id":"+134516+16417","properties":{"cls":1,"count":10}},{"type":"Feature","geometry":{"geodesic":false,"type":"Polygon","coordinates":[[[120.83777875862155,14.766506640356695],[120.83867707390569,14.766506640356695],[120.83867707390569,14.767404955640815],[120.83777875862155,14.767404955640815],[120.83777875862155,14.766506640356695]]]},"id":"+134516+16438","properties":{"cls":1,"count":1}},{"type":"Feature","geometry":{"geodesic":false,"type":"Polygon","coordinates":[[[120.83598212805332,14.779981369618488],[120.8350838127692,14.778184739050248],[120.83598212805332,14.778184739050248],[120.83598212805332,14.77728642376613],[120.83418549748508,14.77638810848201],[120.83418549748508,14.771896532061412],[120.83598212805332,14.771896532061412],[120.83598212805332,14.772794847345532],[120.8350838127692,14.772794847345532],[120.8350838127692,14.77459147791377],[120.83598212805332,14.77459147791377],[120.83598212805332,14.773693162629652],[120.83867707390569,14.773693162629652],[120.8395753891898,14.771896532061412],[120.84047370447392,14.771896532061412],[120.84047370447392,14.77459147791377],[120.84227033504216,14.77459147791377],[120.84227033504216,14.77548979319789],[120.84316865032628,14.77548979319789],[120.84316865032628,14.77638810848201],[120.84227033504216,14.77638810848201],[120.84227033504216,14.778184739050248],[120.84137201975804,14.778184739050248],[120.84137201975804,14.779083054334368],[120.83867707390569,14.779083054334368],[120.83867707390569,14.779981369618488],[120.83598212805332,14.779981369618488]],[[120.8395753891898,14.77548979319789],[120.83867707390569,14.77548979319789],[120.83867707390569,14.77459147791377],[120.8395753891898,14.77459147791377],[120.8395753891898,14.77548979319789]],[[120.83777875862155,14.77638810848201],[120.83688044333744,14.77638810848201],[120.83688044333744,14.77548979319789],[120.83777875862155,14.77548979319789],[120.83777875862155,14.77638810848201]]]},"id":"+134516+16452","properties":{"cls":1,"count":54}},{"type":"Feature","geometry":{"geodesic":false,"type":"Polygon","coordinates":[[[120.83777875862155,14.797947675300879],[120.83867707390569,14.797947675300879],[120.83867707390569,14.798845990584997],[120.83777875862155,14.798845990584997],[120.83777875862155,14.797947675300879]]]},"id":"+134516+16473","properties":{"cls":1,"count":1}},{"type":"Feature","geometry":{"geodesic":false,"type":"Polygon","coordinates":[[[120.83688044333744,14.819507242119746],[120.83688044333744,14.816812296267388],[120.83777875862155,14.816812296267388],[120.83777875862155,14.817710611551508],[120.8395753891898,14.817710611551508],[120.83867707390569,14.819507242119746],[120.83688044333744,14.819507242119746]]]},"id":"+134516+16496","properties":{"cls":1,"count":6}},{"type":"Feature","geometry":{"geodesic":false,"type":"Polygon","coordinates":[[[120.83777875862155,14.752133595810783],[120.8395753891898,14.752133595810783],[120.8395753891898,14.753031911094903],[120.83777875862155,14.753031911094903],[120.83777875862155,14.752133595810783]]]},"id":"+134517+16422","properties":{"cls":1,"count":2}},{"type":"Feature","geometry":{"geodesic":false,"type":"Polygon","coordinates":[[[120.83867707390569,14.765608325072575],[120.8395753891898,14.765608325072575],[120.8395753891898,14.766506640356695],[120.83867707390569,14.766506640356695],[120.83867707390569,14.765608325072575]]]},"id":"+134517+16437","properties":{"cls":1,"count":1}},{"type":"Feature","geometry":{"geodesic":false,"type":"Polygon","coordinates":[[[120.8395753891898,14.751235280526663],[120.84047370447392,14.751235280526663],[120.84047370447392,14.752133595810783],[120.8395753891898,14.752133595810783],[120.8395753891898,14.751235280526663]]]},"id":"+134518+16421","properties":{"cls":1,"count":1}},{"type":"Feature","geometry":{"geodesic":false,"type":"Polygon","coordinates":[[[120.8395753891898,14.766506640356695],[120.84047370447392,14.766506640356695],[120.84047370447392,14.768303270924934],[120.8395753891898,14.768303270924934],[120.8395753891898,14.766506640356695]]]},"id":"+134518+16439","properties":{"cls":1,"count":2}},{"type":"Feature","geometry":{"geodesic":false,"type":"Polygon","coordinates":[[[120.8395753891898,14.789862837743803],[120.84047370447392,14.789862837743803],[120.84047370447392,14.790761153027923],[120.8395753891898,14.790761153027923],[120.8395753891898,14.789862837743803]]]},"id":"+134518+16464","properties":{"cls":1,"count":1}},{"type":"Feature","geometry":{"geodesic":false,"type":"Polygon","coordinates":[[[120.83867707390569,14.805134197573835],[120.84047370447392,14.805134197573835],[120.84047370447392,14.806032512857954],[120.83867707390569,14.806032512857954],[120.83867707390569,14.805134197573835]]]},"id":"+134518+16481","properties":{"cls":1,"count":2}},{"type":"Feature","geometry":{"geodesic":false,"type":"Polygon","coordinates":[[[120.84047370447392,14.740455497117228],[120.84137201975804,14.740455497117228],[120.84137201975804,14.741353812401348],[120.84047370447392,14.741353812401348],[120.84047370447392,14.740455497117228]]]},"id":"+134519+16409","properties":{"cls":1,"count":1}},{"type":"Feature","geometry":{"geodesic":false,"type":"Polygon","coordinates":[[[120.8395753891898,14.747642019390184],[120.84137201975804,14.747642019390184],[120.84137201975804,14.748540334674304],[120.8395753891898,14.748540334674304],[120.8395753891898,14.747642019390184]]]},"id":"+134519+16417","properties":{"cls":1,"count":2}},{"type":"Feature","geometry":{"geodesic":false,"type":"Polygon","coordinates":[[[120.84047370447392,14.753031911094903],[120.84137201975804,14.753031911094903],[120.84137201975804,14.75393022637902],[120.84047370447392,14.75393022637902],[120.84047370447392,14.753031911094903]]]},"id":"+134519+16423","properties":{"cls":1,"count":1}},{"type":"Feature","geometry":{"geodesic":false,"type":"Polygon","coordinates":[[[120.84047370447392,14.780879684902608],[120.84137201975804,14.780879684902608],[120.84137201975804,14.781778000186726],[120.84047370447392,14.781778000186726],[120.84047370447392,14.780879684902608]]]},"id":"+134519+16454","properties":{"cls":1,"count":1}},{"type":"Feature","geometry":{"geodesic":false,"type":"Polygon","coordinates":[[[120.84047370447392,14.804235882289715],[120.84137201975804,14.804235882289715],[120.84137201975804,14.805134197573835],[120.84047370447392,14.805134197573835],[120.84047370447392,14.804235882289715]]]},"id":"+134519+16480","properties":{"cls":1,"count":1}},{"type":"Feature","geometry":{"geodesic":false,"type":"Polygon","coordinates":[[[120.84137201975804,14.360468131934672],[120.84227033504216,14.360468131934672],[120.84227033504216,14.36136644721879],[120.84137201975804,14.36136644721879],[120.84137201975804,14.360468131934672]]]},"id":"+134520+15986","properties":{"cls":1,"count":1}},{"type":"Feature","geometry":{"geodesic":false,"type":"Polygon","coordinates":[[[120.84137201975804,14.745845388821946],[120.84227033504216,14.745845388821946],[120.84227033504216,14.746743704106066],[120.84137201975804,14.746743704106066],[120.84137201975804,14.745845388821946]]]},"id":"+134520+16415","properties":{"cls":1,"count":1}},{"type":"Feature","geometry":{"geodesic":false,"type":"Polygon","coordinates":[[[120.848558542031,14.75572685694726],[120.84945685731512,14.75572685694726],[120.84945685731512,14.75662517223138],[120.85305011845159,14.75662517223138],[120.85305011845159,14.757523487515499],[120.85215180316747,14.757523487515499],[120.85215180316747,14.759320118083739],[120.848558542031,14.759320118083739],[120.848558542031,14.760218433367859],[120.85035517259924,14.760218433367859],[120.85035517259924,14.761116748651977],[120.84676191146275,14.761116748651977],[120.84676191146275,14.762015063936097],[120.84496528089451,14.762015063936097],[120.84496528089451,14.763811694504337],[120.84316865032628,14.762913379220217],[120.84227033504216,14.764710009788455],[120.84047370447392,14.764710009788455],[120.84047370447392,14.762913379220217],[120.84316865032628,14.761116748651977],[120.84316865032628,14.760218433367859],[120.84047370447392,14.760218433367859],[120.84047370447392,14.759320118083739],[120.8395753891898,14.759320118083739],[120.84047370447392,14.761116748651977],[120.8395753891898,14.761116748651977],[120.8395753891898,14.762913379220217],[120.83867707390569,14.762913379220217],[120.8395753891898,14.75482854166314],[120.84137201975804,14.75482854166314],[120.84137201975804,14.759320118083739],[120.8440669656104,14.759320118083739],[120.8440669656104,14.757523487515499],[120.84586359617863,14.757523487515499],[120.84586359617863,14.753930226379023],[120.848558542031,14.753930226379023],[120.848558542031,14.75572685694726]],[[120.84676191146275,14.761116748651977],[120.84496528089451,14.761116748651977],[120.84496528089451,14.759320118083739],[120.84586359617863,14.759320118083739],[120.84676191146275,14.761116748651977]],[[120.848558542031,14.75572685694726],[120.848558542031,14.75662517223138],[120.84766022674687,14.75662517223138],[120.84766022674687,14.75572685694726],[120.848558542031,14.75572685694726]]]},"id":"+134520+16435","properties":{"cls":1,"count":80}},{"type":"Feature","geometry":{"geodesic":false,"type":"Polygon","coordinates":[[[120.84137201975804,14.765608325072575],[120.84227033504216,14.765608325072575],[120.84227033504216,14.768303270924934],[120.84137201975804,14.768303270924934],[120.84137201975804,14.765608325072575]]]},"id":"+134520+16439","properties":{"cls":1,"count":3}},{"type":"Feature","geometry":{"geodesic":false,"type":"Polygon","coordinates":[[[120.84137201975804,14.772794847345532],[120.84047370447392,14.770998216777294],[120.8395753891898,14.770998216777294],[120.8395753891898,14.771896532061412],[120.83688044333744,14.771896532061412],[120.83688044333744,14.770998216777294],[120.83777875862155,14.770998216777294],[120.83777875862155,14.769201586209054],[120.8395753891898,14.770099901493174],[120.84047370447392,14.768303270924934],[120.84137201975804,14.768303270924934],[120.84137201975804,14.769201586209054],[120.84227033504216,14.769201586209054],[120.84227033504216,14.772794847345532],[120.84137201975804,14.772794847345532]]]},"id":"+134520+16444","properties":{"cls":1,"count":16}},{"type":"Feature","geometry":{"geodesic":false,"type":"Polygon","coordinates":[[[120.8395753891898,14.817710611551508],[120.83867707390569,14.815913980983268],[120.8395753891898,14.815913980983268],[120.8395753891898,14.81501566569915],[120.84137201975804,14.81501566569915],[120.84137201975804,14.811422404562672],[120.8440669656104,14.811422404562672],[120.84496528089451,14.809625773994432],[120.84586359617863,14.809625773994432],[120.84496528089451,14.81321903513091],[120.8440669656104,14.81321903513091],[120.8440669656104,14.81411735041503],[120.84227033504216,14.81411735041503],[120.84227033504216,14.817710611551508],[120.8395753891898,14.817710611551508]]]},"id":"+134520+16494","properties":{"cls":1,"count":25}},{"type":"Feature","geometry":{"geodesic":false,"type":"Polygon","coordinates":[[[120.84227033504216,14.743150442969588],[120.84316865032628,14.743150442969588],[120.84316865032628,14.744048758253706],[120.84227033504216,14.744048758253706],[120.84227033504216,14.743150442969588]]]},"id":"+134521+16412","properties":{"cls":1,"count":1}},{"type":"Feature","geometry":{"geodesic":false,"type":"Polygon","coordinates":[[[120.84227033504216,14.744947073537826],[120.84316865032628,14.744947073537826],[120.84316865032628,14.745845388821946],[120.84227033504216,14.745845388821946],[120.84227033504216,14.744947073537826]]]},"id":"+134521+16414","properties":{"cls":1,"count":1}},{"type":"Feature","geometry":{"geodesic":false,"type":"Polygon","coordinates":[[[120.84137201975804,14.752133595810783],[120.84227033504216,14.750336965242544],[120.8440669656104,14.750336965242544],[120.84316865032628,14.752133595810783],[120.84137201975804,14.752133595810783]]]},"id":"+134521+16421","properties":{"cls":1,"count":4}},{"type":"Feature","geometry":{"geodesic":false,"type":"Polygon","coordinates":[[[120.84137201975804,14.801540936437357],[120.84227033504216,14.799744305869117],[120.84316865032628,14.799744305869117],[120.84316865032628,14.801540936437357],[120.84137201975804,14.801540936437357]]]},"id":"+134521+16476","properties":{"cls":1,"count":3}},{"type":"Feature","geometry":{"geodesic":false,"type":"Polygon","coordinates":[[[120.84227033504216,14.73955718183311],[120.8440669656104,14.73955718183311],[120.8440669656104,14.740455497117228],[120.84227033504216,14.740455497117228],[120.84227033504216,14.73955718183311]]]},"id":"+134522+16408","properties":{"cls":1,"count":2}},{"type":"Feature","geometry":{"geodesic":false,"type":"Polygon","coordinates":[[[120.84316865032628,14.744048758253706],[120.8440669656104,14.744048758253706],[120.8440669656104,14.744947073537826],[120.84316865032628,14.744947073537826],[120.84316865032628,14.744048758253706]]]},"id":"+134522+16413","properties":{"cls":1,"count":1}},{"type":"Feature","geometry":{"geodesic":false,"type":"Polygon","coordinates":[[[120.84316865032628,14.757523487515499],[120.84316865032628,14.75662517223138],[120.84227033504216,14.75662517223138],[120.84227033504216,14.75482854166314],[120.84316865032628,14.75482854166314],[120.84316865032628,14.75572685694726],[120.84496528089451,14.75482854166314],[120.84496528089451,14.75662517223138],[120.84316865032628,14.757523487515499]]]},"id":"+134522+16427","properties":{"cls":1,"count":6}},{"type":"Feature","geometry":{"geodesic":false,"type":"Polygon","coordinates":[[[120.84316865032628,14.763811694504337],[120.8440669656104,14.763811694504337],[120.8440669656104,14.764710009788455],[120.84316865032628,14.764710009788455],[120.84316865032628,14.763811694504337]]]},"id":"+134522+16435","properties":{"cls":1,"count":1}},{"type":"Feature","geometry":{"geodesic":false,"type":"Polygon","coordinates":[[[120.84316865032628,14.77728642376613],[120.8440669656104,14.77728642376613],[120.8440669656104,14.778184739050248],[120.84316865032628,14.778184739050248],[120.84316865032628,14.77728642376613]]]},"id":"+134522+16450","properties":{"cls":1,"count":1}},{"type":"Feature","geometry":{"geodesic":false,"type":"Polygon","coordinates":[[[120.84137201975804,14.7943544141644],[120.84137201975804,14.79345609888028],[120.84316865032628,14.79345609888028],[120.84316865032628,14.79255778359616],[120.8440669656104,14.79255778359616],[120.8440669656104,14.7943544141644],[120.84137201975804,14.7943544141644]]]},"id":"+134522+16468","properties":{"cls":1,"count":4}},{"type":"Feature","geometry":{"geodesic":false,"type":"Polygon","coordinates":[[[120.84316865032628,14.798845990584997],[120.8440669656104,14.798845990584997],[120.8440669656104,14.799744305869117],[120.84316865032628,14.799744305869117],[120.84316865032628,14.798845990584997]]]},"id":"+134522+16474","properties":{"cls":1,"count":1}},{"type":"Feature","geometry":{"geodesic":false,"type":"Polygon","coordinates":[[[120.84137201975804,14.804235882289715],[120.84137201975804,14.802439251721475],[120.84316865032628,14.802439251721475],[120.84316865032628,14.801540936437357],[120.8440669656104,14.801540936437357],[120.8440669656104,14.804235882289715],[120.84137201975804,14.804235882289715]]]},"id":"+134522+16479","properties":{"cls":1,"count":7}},{"type":"Feature","geometry":{"geodesic":false,"type":"Polygon","coordinates":[[[120.8440669656104,14.743150442969588],[120.84496528089451,14.743150442969588],[120.84496528089451,14.744048758253706],[120.8440669656104,14.744048758253706],[120.8440669656104,14.743150442969588]]]},"id":"+134523+16412","properties":{"cls":1,"count":1}},{"type":"Feature","geometry":{"geodesic":false,"type":"Polygon","coordinates":[[[120.8440669656104,14.753031911094903],[120.84496528089451,14.753031911094903],[120.84496528089451,14.75393022637902],[120.8440669656104,14.75393022637902],[120.8440669656104,14.753031911094903]]]},"id":"+134523+16423","properties":{"cls":1,"count":1}},{"type":"Feature","geometry":{"geodesic":false,"type":"Polygon","coordinates":[[[120.8440669656104,14.797947675300879],[120.84496528089451,14.797947675300879],[120.84496528089451,14.798845990584997],[120.8440669656104,14.798845990584997],[120.8440669656104,14.797947675300879]]]},"id":"+134523+16473","properties":{"cls":1,"count":1}},{"type":"Feature","geometry":{"geodesic":false,"type":"Polygon","coordinates":[[[120.8440669656104,14.81411735041503],[120.84496528089451,14.81411735041503],[120.84496528089451,14.815913980983268],[120.8440669656104,14.815913980983268],[120.8440669656104,14.81411735041503]]]},"id":"+134523+16492","properties":{"cls":1,"count":2}},{"type":"Feature","geometry":{"geodesic":false,"type":"Polygon","coordinates":[[[120.8440669656104,14.409875472561245],[120.84586359617863,14.409875472561245],[120.84586359617863,14.410773787845365],[120.8440669656104,14.410773787845365],[120.8440669656104,14.409875472561245]]]},"id":"+134524+16041","properties":{"cls":1,"count":2}},{"type":"Feature","geometry":{"geodesic":false,"type":"Polygon","coordinates":[[[120.84496528089451,14.745845388821946],[120.84586359617863,14.745845388821946],[120.84586359617863,14.746743704106066],[120.84496528089451,14.746743704106066],[120.84496528089451,14.745845388821946]]]},"id":"+134524+16415","properties":{"cls":1,"count":1}},{"type":"Feature","geometry":{"geodesic":false,"type":"Polygon","coordinates":[[[120.84496528089451,14.752133595810783],[120.84586359617863,14.752133595810783],[120.84586359617863,14.753031911094903],[120.84496528089451,14.753031911094903],[120.84496528089451,14.752133595810783]]]},"id":"+134524+16422","properties":{"cls":1,"count":1}},{"type":"Feature","geometry":{"geodesic":false,"type":"Polygon","coordinates":[[[120.84496528089451,14.768303270924934],[120.84586359617863,14.768303270924934],[120.84586359617863,14.769201586209054],[120.84496528089451,14.769201586209054],[120.84496528089451,14.768303270924934]]]},"id":"+134524+16440","properties":{"cls":1,"count":1}},{"type":"Feature","geometry":{"geodesic":false,"type":"Polygon","coordinates":[[[120.84496528089451,14.790761153027923],[120.84586359617863,14.790761153027923],[120.84586359617863,14.79165946831204],[120.84496528089451,14.79165946831204],[120.84496528089451,14.790761153027923]]]},"id":"+134524+16465","properties":{"cls":1,"count":1}},{"type":"Feature","geometry":{"geodesic":false,"type":"Polygon","coordinates":[[[120.84496528089451,14.815913980983268],[120.84586359617863,14.815913980983268],[120.84586359617863,14.816812296267388],[120.84496528089451,14.816812296267388],[120.84496528089451,14.815913980983268]]]},"id":"+134524+16493","properties":{"cls":1,"count":1}},{"type":"Feature","geometry":{"geodesic":false,"type":"Polygon","coordinates":[[[120.84586359617863,14.414367048981843],[120.84676191146275,14.414367048981843],[120.84676191146275,14.415265364265963],[120.84586359617863,14.415265364265963],[120.84586359617863,14.414367048981843]]]},"id":"+134525+16046","properties":{"cls":1,"count":1}},{"type":"Feature","geometry":{"geodesic":false,"type":"Polygon","coordinates":[[[120.84586359617863,14.765608325072575],[120.84676191146275,14.765608325072575],[120.84676191146275,14.766506640356695],[120.84586359617863,14.766506640356695],[120.84586359617863,14.765608325072575]]]},"id":"+134525+16437","properties":{"cls":1,"count":1}},{"type":"Feature","geometry":{"geodesic":false,"type":"Polygon","coordinates":[[[120.84496528089451,14.81321903513091],[120.84676191146275,14.81321903513091],[120.84676191146275,14.81411735041503],[120.84496528089451,14.81411735041503],[120.84496528089451,14.81321903513091]]]},"id":"+134525+16490","properties":{"cls":1,"count":2}},{"type":"Feature","geometry":{"geodesic":false,"type":"Polygon","coordinates":[[[120.84676191146275,14.407180526708887],[120.84766022674687,14.407180526708887],[120.84766022674687,14.408078841993007],[120.84676191146275,14.408078841993007],[120.84676191146275,14.407180526708887]]]},"id":"+134526+16038","properties":{"cls":1,"count":1}},{"type":"Feature","geometry":{"geodesic":false,"type":"Polygon","coordinates":[[[120.84676191146275,14.752133595810783],[120.84676191146275,14.751235280526663],[120.84496528089451,14.751235280526663],[120.84496528089451,14.750336965242544],[120.84766022674687,14.750336965242544],[120.84766022674687,14.747642019390184],[120.84945685731512,14.746743704106066],[120.84945685731512,14.748540334674304],[120.85035517259924,14.748540334674304],[120.85035517259924,14.749438649958424],[120.84945685731512,14.749438649958424],[120.84945685731512,14.751235280526663],[120.84766022674687,14.751235280526663],[120.84766022674687,14.752133595810783],[120.84676191146275,14.752133595810783]]]},"id":"+134526+16421","properties":{"cls":1,"count":14}},{"type":"Feature","geometry":{"geodesic":false,"type":"Polygon","coordinates":[[[120.84676191146275,14.767404955640815],[120.84766022674687,14.767404955640815],[120.84766022674687,14.770099901493174],[120.84676191146275,14.770099901493174],[120.84676191146275,14.767404955640815]]]},"id":"+134526+16441","properties":{"cls":1,"count":3}},{"type":"Feature","geometry":{"geodesic":false,"type":"Polygon","coordinates":[[[120.84766022674687,14.778184739050248],[120.84766022674687,14.77638810848201],[120.84676191146275,14.77638810848201],[120.84676191146275,14.77548979319789],[120.84586359617863,14.77548979319789],[120.84586359617863,14.77728642376613],[120.8440669656104,14.77728642376613],[120.8440669656104,14.77548979319789],[120.84227033504216,14.77459147791377],[120.84227033504216,14.773693162629652],[120.84316865032628,14.773693162629652],[120.84316865032628,14.771896532061412],[120.8440669656104,14.771896532061412],[120.8440669656104,14.773693162629652],[120.84586359617863,14.773693162629652],[120.84586359617863,14.772794847345532],[120.84676191146275,14.772794847345532],[120.84676191146275,14.771896532061412],[120.84496528089451,14.771896532061412],[120.84496528089451,14.770099901493174],[120.84586359617863,14.770099901493174],[120.84586359617863,14.770998216777294],[120.84766022674687,14.770998216777294],[120.84766022674687,14.770099901493174],[120.84945685731512,14.770099901493174],[120.84945685731512,14.769201586209054],[120.85035517259924,14.769201586209054],[120.85035517259924,14.770998216777294],[120.85215180316747,14.770998216777294],[120.85215180316747,14.770099901493174],[120.85305011845159,14.770099901493174],[120.85394843373571,14.771896532061412],[120.85125348788335,14.771896532061412],[120.85125348788335,14.772794847345532],[120.85215180316747,14.772794847345532],[120.85215180316747,14.77548979319789],[120.85125348788335,14.77548979319789],[120.85125348788335,14.77638810848201],[120.85215180316747,14.77638810848201],[120.85215180316747,14.778184739050248],[120.85394843373571,14.778184739050248],[120.85394843373571,14.779083054334368],[120.85215180316747,14.779083054334368],[120.85215180316747,14.779981369618488],[120.85305011845159,14.779981369618488],[120.85305011845159,14.781778000186726],[120.85125348788335,14.781778000186726],[120.85125348788335,14.783574630754966],[120.85035517259924,14.783574630754966],[120.85125348788335,14.785371261323204],[120.85035517259924,14.785371261323204],[120.85035517259924,14.788066207175564],[120.85215180316747,14.788066207175564],[120.85394843373571,14.79255778359616],[120.85305011845159,14.79255778359616],[120.85305011845159,14.7943544141644],[120.85215180316747,14.7943544141644],[120.85215180316747,14.795252729448519],[120.85125348788335,14.795252729448519],[120.85125348788335,14.7943544141644],[120.848558542031,14.7943544141644],[120.848558542031,14.796151044732639],[120.84766022674687,14.796151044732639],[120.84766022674687,14.797049360016759],[120.84496528089451,14.797049360016759],[120.84496528089451,14.796151044732639],[120.84316865032628,14.797049360016759],[120.84316865032628,14.795252729448519],[120.84496528089451,14.795252729448519],[120.84496528089451,14.79345609888028],[120.84586359617863,14.79345609888028],[120.84586359617863,14.7943544141644],[120.84766022674687,14.7943544141644],[120.84676191146275,14.789862837743803],[120.8440669656104,14.789862837743803],[120.8440669656104,14.79165946831204],[120.84227033504216,14.79165946831204],[120.84227033504216,14.790761153027923],[120.84137201975804,14.790761153027923],[120.84137201975804,14.788964522459683],[120.8395753891898,14.788964522459683],[120.83867707390569,14.790761153027923],[120.83688044333744,14.790761153027923],[120.83777875862155,14.788964522459683],[120.83598212805332,14.788964522459683],[120.83598212805332,14.788066207175564],[120.83688044333744,14.788066207175564],[120.83688044333744,14.787167891891444],[120.8350838127692,14.787167891891444],[120.83418549748508,14.785371261323204],[120.83867707390569,14.786269576607324],[120.83867707390569,14.785371261323204],[120.8395753891898,14.785371261323204],[120.8395753891898,14.782676315470846],[120.84227033504216,14.782676315470846],[120.84227033504216,14.780879684902608],[120.84496528089451,14.779083054334368],[120.84496528089451,14.778184739050248],[120.84766022674687,14.778184739050248]],[[120.84766022674687,14.778184739050248],[120.848558542031,14.778184739050248],[120.848558542031,14.779981369618488],[120.85125348788335,14.778184739050248],[120.85125348788335,14.779083054334368],[120.85035517259924,14.779083054334368],[120.85035517259924,14.779981369618488],[120.85125348788335,14.779981369618488],[120.85125348788335,14.780879684902608],[120.85035517259924,14.780879684902608],[120.85035517259924,14.782676315470846],[120.848558542031,14.782676315470846],[120.84945685731512,14.780879684902608],[120.84766022674687,14.779981369618488],[120.84766022674687,14.778184739050248]],[[120.85035517259924,14.770998216777294],[120.85035517259924,14.772794847345532],[120.848558542031,14.772794847345532],[120.848558542031,14.77459147791377],[120.85035517259924,14.77459147791377],[120.85035517259924,14.77548979319789],[120.84766022674687,14.77548979319789],[120.84766022674687,14.772794847345532],[120.85035517259924,14.770998216777294]],[[120.85035517259924,14.788066207175564],[120.85035517259924,14.789862837743803],[120.848558542031,14.790761153027923],[120.848558542031,14.788066207175564],[120.85035517259924,14.788066207175564]],[[120.84137201975804,14.786269576607324],[120.84227033504216,14.786269576607324],[120.84227033504216,14.784472946039086],[120.84316865032628,14.784472946039086],[120.84316865032628,14.786269576607324],[120.8440669656104,14.786269576607324],[120.8440669656104,14.788964522459683],[120.84137201975804,14.787167891891444],[120.84137201975804,14.786269576607324]],[[120.84316865032628,14.782676315470846],[120.8440669656104,14.782676315470846],[120.8440669656104,14.783574630754966],[120.84316865032628,14.783574630754966],[120.84316865032628,14.782676315470846]],[[120.8440669656104,14.780879684902608],[120.84766022674687,14.780879684902608],[120.84766022674687,14.784472946039086],[120.84945685731512,14.785371261323204],[120.84945685731512,14.787167891891444],[120.84766022674687,14.787167891891444],[120.84766022674687,14.788066207175564],[120.84496528089451,14.788066207175564],[120.84496528089451,14.785371261323204],[120.84676191146275,14.785371261323204],[120.84676191146275,14.786269576607324],[120.848558542031,14.786269576607324],[120.848558542031,14.785371261323204],[120.84496528089451,14.783574630754966],[120.84496528089451,14.781778000186726],[120.8440669656104,14.781778000186726],[120.8440669656104,14.780879684902608]],[[120.848558542031,14.79165946831204],[120.84945685731512,14.79165946831204],[120.84945685731512,14.79345609888028],[120.848558542031,14.79345609888028],[120.848558542031,14.79165946831204]],[[120.84945685731512,14.77638810848201],[120.85035517259924,14.77638810848201],[120.85035517259924,14.77728642376613],[120.84945685731512,14.77728642376613],[120.84945685731512,14.77638810848201]],[[120.85035517259924,14.79255778359616],[120.85215180316747,14.79255778359616],[120.85215180316747,14.79345609888028],[120.85035517259924,14.79345609888028],[120.85035517259924,14.79255778359616]],[[120.85125348788335,14.789862837743803],[120.85215180316747,14.789862837743803],[120.85215180316747,14.790761153027923],[120.85125348788335,14.790761153027923],[120.85125348788335,14.789862837743803]]]},"id":"+134526+16471","properties":{"cls":1,"count":235}},{"type":"Feature","geometry":{"geodesic":false,"type":"Polygon","coordinates":[[[120.84676191146275,14.810524089278552],[120.84676191146275,14.808727458710312],[120.84586359617863,14.808727458710312],[120.84586359617863,14.807829143426193],[120.84766022674687,14.806930828142074],[120.848558542031,14.808727458710312],[120.84766022674687,14.808727458710312],[120.84766022674687,14.810524089278552],[120.84676191146275,14.810524089278552]]]},"id":"+134526+16486","properties":{"cls":1,"count":6}},{"type":"Feature","geometry":{"geodesic":false,"type":"Polygon","coordinates":[[[120.84676191146275,14.806032512857954],[120.84586359617863,14.804235882289715],[120.84676191146275,14.804235882289715],[120.84676191146275,14.803337567005595],[120.84496528089451,14.803337567005595],[120.84586359617863,14.801540936437357],[120.8440669656104,14.800642621153237],[120.8440669656104,14.799744305869117],[120.84586359617863,14.799744305869117],[120.84586359617863,14.797947675300879],[120.84766022674687,14.797947675300879],[120.84766022674687,14.798845990584997],[120.84676191146275,14.798845990584997],[120.84676191146275,14.799744305869117],[120.84766022674687,14.799744305869117],[120.84676191146275,14.801540936437357],[120.84766022674687,14.801540936437357],[120.84766022674687,14.805134197573835],[120.848558542031,14.805134197573835],[120.848558542031,14.806032512857954],[120.84676191146275,14.806032512857954]]]},"id":"+134527+16481","properties":{"cls":1,"count":19}},{"type":"Feature","geometry":{"geodesic":false,"type":"Polygon","coordinates":[[[120.848558542031,14.742252127685468],[120.84945685731512,14.742252127685468],[120.84945685731512,14.743150442969588],[120.848558542031,14.743150442969588],[120.848558542031,14.742252127685468]]]},"id":"+134528+16411","properties":{"cls":1,"count":1}},{"type":"Feature","geometry":{"geodesic":false,"type":"Polygon","coordinates":[[[120.848558542031,14.767404955640815],[120.84945685731512,14.767404955640815],[120.84945685731512,14.768303270924934],[120.848558542031,14.768303270924934],[120.848558542031,14.767404955640815]]]},"id":"+134528+16439","properties":{"cls":1,"count":1}},{"type":"Feature","geometry":{"geodesic":false,"type":"Polygon","coordinates":[[[120.848558542031,14.797049360016759],[120.84945685731512,14.797049360016759],[120.84945685731512,14.797947675300879],[120.848558542031,14.797947675300879],[120.848558542031,14.797049360016759]]]},"id":"+134528+16472","properties":{"cls":1,"count":1}},{"type":"Feature","geometry":{"geodesic":false,"type":"Polygon","coordinates":[[[120.84766022674687,14.798845990584997],[120.84945685731512,14.798845990584997],[120.84945685731512,14.799744305869117],[120.84766022674687,14.799744305869117],[120.84766022674687,14.798845990584997]]]},"id":"+134528+16474","properties":{"cls":1,"count":2}},{"type":"Feature","geometry":{"geodesic":false,"type":"Polygon","coordinates":[[[120.848558542031,14.803337567005595],[120.84945685731512,14.803337567005595],[120.84945685731512,14.804235882289715],[120.848558542031,14.804235882289715],[120.848558542031,14.803337567005595]]]},"id":"+134528+16479","properties":{"cls":1,"count":1}},{"type":"Feature","geometry":{"geodesic":false,"type":"Polygon","coordinates":[[[120.84945685731512,14.740455497117228],[120.85035517259924,14.740455497117228],[120.85035517259924,14.741353812401348],[120.84945685731512,14.741353812401348],[120.84945685731512,14.740455497117228]]]},"id":"+134529+16409","properties":{"cls":1,"count":1}},{"type":"Feature","geometry":{"geodesic":false,"type":"Polygon","coordinates":[[[120.84945685731512,14.743150442969588],[120.85035517259924,14.743150442969588],[120.85035517259924,14.744048758253706],[120.84945685731512,14.744048758253706],[120.84945685731512,14.743150442969588]]]},"id":"+134529+16412","properties":{"cls":1,"count":1}},{"type":"Feature","geometry":{"geodesic":false,"type":"Polygon","coordinates":[[[120.84945685731512,14.745845388821946],[120.85035517259924,14.745845388821946],[120.85035517259924,14.746743704106066],[120.84945685731512,14.746743704106066],[120.84945685731512,14.745845388821946]]]},"id":"+134529+16415","properties":{"cls":1,"count":1}},{"type":"Feature","geometry":{"geodesic":false,"type":"Polygon","coordinates":[[[120.84945685731512,14.797947675300879],[120.85035517259924,14.797947675300879],[120.85035517259924,14.798845990584997],[120.84945685731512,14.798845990584997],[120.84945685731512,14.797947675300879]]]},"id":"+134529+16473","properties":{"cls":1,"count":1}},{"type":"Feature","geometry":{"geodesic":false,"type":"Polygon","coordinates":[[[120.84945685731512,14.805134197573835],[120.85035517259924,14.805134197573835],[120.85035517259924,14.806032512857954],[120.84945685731512,14.806032512857954],[120.84945685731512,14.805134197573835]]]},"id":"+134529+16481","properties":{"cls":1,"count":1}},{"type":"Feature","geometry":{"geodesic":false,"type":"Polygon","coordinates":[[[120.84945685731512,14.81411735041503],[120.85035517259924,14.81411735041503],[120.85035517259924,14.81501566569915],[120.84945685731512,14.81501566569915],[120.84945685731512,14.81411735041503]]]},"id":"+134529+16491","properties":{"cls":1,"count":1}},{"type":"Feature","geometry":{"geodesic":false,"type":"Polygon","coordinates":[[[120.85035517259924,14.73955718183311],[120.85125348788335,14.73955718183311],[120.85125348788335,14.740455497117228],[120.85035517259924,14.740455497117228],[120.85035517259924,14.73955718183311]]]},"id":"+134530+16408","properties":{"cls":1,"count":1}},{"type":"Feature","geometry":{"geodesic":false,"type":"Polygon","coordinates":[[[120.85035517259924,14.741353812401348],[120.85125348788335,14.741353812401348],[120.85125348788335,14.742252127685468],[120.85035517259924,14.742252127685468],[120.85035517259924,14.741353812401348]]]},"id":"+134530+16410","properties":{"cls":1,"count":1}},{"type":"Feature","geometry":{"geodesic":false,"type":"Polygon","coordinates":[[[120.85035517259924,14.744048758253706],[120.85125348788335,14.744048758253706],[120.85125348788335,14.744947073537826],[120.85035517259924,14.744947073537826],[120.85035517259924,14.744048758253706]]]},"id":"+134530+16413","properties":{"cls":1,"count":1}},{"type":"Feature","geometry":{"geodesic":false,"type":"Polygon","coordinates":[[[120.84945685731512,14.800642621153237],[120.85035517259924,14.798845990584997],[120.85125348788335,14.798845990584997],[120.85125348788335,14.797947675300879],[120.85035517259924,14.797947675300879],[120.85035517259924,14.796151044732639],[120.85125348788335,14.796151044732639],[120.85215180316747,14.797947675300879],[120.85484674901983,14.797947675300879],[120.85484674901983,14.798845990584997],[120.85305011845159,14.798845990584997],[120.85305011845159,14.799744305869117],[120.84945685731512,14.800642621153237]]]},"id":"+134530+16475","properties":{"cls":1,"count":12}},{"type":"Feature","geometry":{"geodesic":false,"type":"Polygon","coordinates":[[[120.84945685731512,14.405383896140647],[120.85215180316747,14.405383896140647],[120.85215180316747,14.406282211424767],[120.84945685731512,14.406282211424767],[120.84945685731512,14.405383896140647]]]},"id":"+134531+16036","properties":{"cls":1,"count":3}},{"type":"Feature","geometry":{"geodesic":false,"type":"Polygon","coordinates":[[[120.85035517259924,14.411672103129485],[120.85035517259924,14.409875472561245],[120.85215180316747,14.408977157277125],[120.85215180316747,14.411672103129485],[120.85035517259924,14.411672103129485]]]},"id":"+134531+16042","properties":{"cls":1,"count":5}},{"type":"Feature","geometry":{"geodesic":false,"type":"Polygon","coordinates":[[[120.85035517259924,14.422451886538918],[120.85035517259924,14.41975694068656],[120.85215180316747,14.41975694068656],[120.85305011845159,14.4215535712548],[120.85215180316747,14.4215535712548],[120.85215180316747,14.422451886538918],[120.85035517259924,14.422451886538918]]]},"id":"+134531+16054","properties":{"cls":1,"count":7}},{"type":"Feature","geometry":{"geodesic":false,"type":"Polygon","coordinates":[[[120.85125348788335,14.73776055126487],[120.85125348788335,14.73686223598075],[120.85035517259924,14.73686223598075],[120.85035517259924,14.734167290128392],[120.85215180316747,14.734167290128392],[120.85215180316747,14.73776055126487],[120.85125348788335,14.73776055126487]]]},"id":"+134531+16405","properties":{"cls":1,"count":7}},{"type":"Feature","geometry":{"geodesic":false,"type":"Polygon","coordinates":[[[120.85125348788335,14.744048758253706],[120.85215180316747,14.740455497117228],[120.85305011845159,14.740455497117228],[120.85305011845159,14.742252127685468],[120.85394843373571,14.742252127685468],[120.85394843373571,14.743150442969588],[120.85215180316747,14.743150442969588],[120.85215180316747,14.744048758253706],[120.85125348788335,14.744048758253706]]]},"id":"+134531+16412","properties":{"cls":1,"count":6}},{"type":"Feature","geometry":{"geodesic":false,"type":"Polygon","coordinates":[[[120.85125348788335,14.744947073537826],[120.85215180316747,14.744947073537826],[120.85215180316747,14.745845388821946],[120.85125348788335,14.745845388821946],[120.85125348788335,14.744947073537826]]]},"id":"+134531+16414","properties":{"cls":1,"count":1}},{"type":"Feature","geometry":{"geodesic":false,"type":"Polygon","coordinates":[[[120.85035517259924,14.75482854166314],[120.85215180316747,14.752133595810783],[120.85125348788335,14.752133595810783],[120.85035517259924,14.75393022637902],[120.848558542031,14.75393022637902],[120.848558542031,14.752133595810783],[120.85035517259924,14.751235280526663],[120.85035517259924,14.749438649958424],[120.85215180316747,14.749438649958424],[120.85215180316747,14.748540334674304],[120.85035517259924,14.748540334674304],[120.85035517259924,14.747642019390184],[120.85215180316747,14.747642019390184],[120.85215180316747,14.746743704106066],[120.85305011845159,14.746743704106066],[120.85305011845159,14.749438649958424],[120.85484674901983,14.749438649958424],[120.85574506430395,14.747642019390184],[120.85664337958806,14.747642019390184],[120.85574506430395,14.745845388821946],[120.85754169487218,14.745845388821946],[120.85754169487218,14.744048758253706],[120.85844001015631,14.744048758253706],[120.85844001015631,14.744947073537826],[120.86023664072455,14.744947073537826],[120.86023664072455,14.745845388821946],[120.85844001015631,14.745845388821946],[120.85844001015631,14.746743704106066],[120.85754169487218,14.746743704106066],[120.85844001015631,14.748540334674304],[120.85664337958806,14.749438649958424],[120.85664337958806,14.751235280526663],[120.85844001015631,14.751235280526663],[120.85844001015631,14.753031911094903],[120.85664337958806,14.752133595810783],[120.85664337958806,14.753031911094903],[120.85484674901983,14.75393022637902],[120.85574506430395,14.750336965242544],[120.85484674901983,14.750336965242544],[120.85484674901983,14.752133595810783],[120.85394843373571,14.752133595810783],[120.85215180316747,14.75482854166314],[120.85035517259924,14.75482854166314]],[[120.85305011845159,14.751235280526663],[120.85215180316747,14.751235280526663],[120.85215180316747,14.750336965242544],[120.85305011845159,14.750336965242544],[120.85305011845159,14.751235280526663]]]},"id":"+134531+16424","properties":{"cls":1,"count":55}},{"type":"Feature","geometry":{"geodesic":false,"type":"Polygon","coordinates":[[[120.85125348788335,14.785371261323204],[120.85215180316747,14.785371261323204],[120.85215180316747,14.786269576607324],[120.85125348788335,14.786269576607324],[120.85125348788335,14.785371261323204]]]},"id":"+134531+16459","properties":{"cls":1,"count":1}},{"type":"Feature","geometry":{"geodesic":false,"type":"Polygon","coordinates":[[[120.85215180316747,14.733268974844274],[120.85305011845159,14.733268974844274],[120.85305011845159,14.734167290128392],[120.85215180316747,14.734167290128392],[120.85215180316747,14.733268974844274]]]},"id":"+134532+16401","properties":{"cls":1,"count":1}},{"type":"Feature","geometry":{"geodesic":false,"type":"Polygon","coordinates":[[[120.85215180316747,14.782676315470846],[120.85305011845159,14.782676315470846],[120.85305011845159,14.785371261323204],[120.85215180316747,14.785371261323204],[120.85215180316747,14.782676315470846]]]},"id":"+134532+16458","properties":{"cls":1,"count":3}},{"type":"Feature","geometry":{"geodesic":false,"type":"Polygon","coordinates":[[[120.85215180316747,14.795252729448519],[120.85305011845159,14.795252729448519],[120.85305011845159,14.796151044732639],[120.85215180316747,14.796151044732639],[120.85215180316747,14.795252729448519]]]},"id":"+134532+16470","properties":{"cls":1,"count":1}},{"type":"Feature","geometry":{"geodesic":false,"type":"Polygon","coordinates":[[[120.85215180316747,14.404485580856528],[120.85394843373571,14.404485580856528],[120.85394843373571,14.405383896140647],[120.85215180316747,14.405383896140647],[120.85215180316747,14.404485580856528]]]},"id":"+134533+16035","properties":{"cls":1,"count":2}},{"type":"Feature","geometry":{"geodesic":false,"type":"Polygon","coordinates":[[[120.85305011845159,14.758421802799619],[120.85394843373571,14.758421802799619],[120.85394843373571,14.759320118083739],[120.85305011845159,14.759320118083739],[120.85305011845159,14.758421802799619]]]},"id":"+134533+16429","properties":{"cls":1,"count":1}},{"type":"Feature","geometry":{"geodesic":false,"type":"Polygon","coordinates":[[[120.85305011845159,14.760218433367859],[120.85394843373571,14.760218433367859],[120.85394843373571,14.761116748651977],[120.85305011845159,14.761116748651977],[120.85305011845159,14.760218433367859]]]},"id":"+134533+16431","properties":{"cls":1,"count":1}},{"type":"Feature","geometry":{"geodesic":false,"type":"Polygon","coordinates":[[[120.85305011845159,14.767404955640815],[120.85305011845159,14.765608325072575],[120.85215180316747,14.765608325072575],[120.85215180316747,14.766506640356695],[120.85035517259924,14.766506640356695],[120.85035517259924,14.765608325072575],[120.848558542031,14.765608325072575],[120.848558542031,14.764710009788455],[120.85035517259924,14.764710009788455],[120.85035517259924,14.762913379220217],[120.85215180316747,14.762913379220217],[120.85215180316747,14.763811694504337],[120.85305011845159,14.763811694504337],[120.85305011845159,14.762015063936097],[120.85394843373571,14.762015063936097],[120.85394843373571,14.762913379220217],[120.85574506430395,14.762913379220217],[120.85574506430395,14.765608325072575],[120.85305011845159,14.767404955640815]]]},"id":"+134533+16438","properties":{"cls":1,"count":25}},{"type":"Feature","geometry":{"geodesic":false,"type":"Polygon","coordinates":[[[120.85305011845159,14.788066207175564],[120.85394843373571,14.788066207175564],[120.85394843373571,14.788964522459683],[120.85305011845159,14.788964522459683],[120.85305011845159,14.788066207175564]]]},"id":"+134533+16462","properties":{"cls":1,"count":1}},{"type":"Feature","geometry":{"geodesic":false,"type":"Polygon","coordinates":[[[120.85394843373571,14.403587265572408],[120.85484674901983,14.403587265572408],[120.85484674901983,14.404485580856528],[120.85394843373571,14.404485580856528],[120.85394843373571,14.403587265572408]]]},"id":"+134534+16034","properties":{"cls":1,"count":1}},{"type":"Feature","geometry":{"geodesic":false,"type":"Polygon","coordinates":[[[120.85394843373571,14.4215535712548],[120.85484674901983,14.4215535712548],[120.85484674901983,14.422451886538918],[120.85394843373571,14.422451886538918],[120.85394843373571,14.4215535712548]]]},"id":"+134534+16054","properties":{"cls":1,"count":1}},{"type":"Feature","geometry":{"geodesic":false,"type":"Polygon","coordinates":[[[120.85394843373571,14.73686223598075],[120.85484674901983,14.73686223598075],[120.85484674901983,14.73776055126487],[120.85394843373571,14.73776055126487],[120.85394843373571,14.73686223598075]]]},"id":"+134534+16405","properties":{"cls":1,"count":1}},{"type":"Feature","geometry":{"geodesic":false,"type":"Polygon","coordinates":[[[120.85305011845159,14.740455497117228],[120.85305011845159,14.73955718183311],[120.85125348788335,14.73955718183311],[120.85215180316747,14.73776055126487],[120.85394843373571,14.73776055126487],[120.85394843373571,14.73955718183311],[120.85484674901983,14.73955718183311],[120.85484674901983,14.740455497117228],[120.85305011845159,14.740455497117228]]]},"id":"+134534+16408","properties":{"cls":1,"count":7}},{"type":"Feature","geometry":{"geodesic":false,"type":"Polygon","coordinates":[[[120.85394843373571,14.741353812401348],[120.85484674901983,14.741353812401348],[120.85484674901983,14.742252127685468],[120.85394843373571,14.742252127685468],[120.85394843373571,14.741353812401348]]]},"id":"+134534+16410","properties":{"cls":1,"count":1}},{"type":"Feature","geometry":{"geodesic":false,"type":"Polygon","coordinates":[[[120.85394843373571,14.745845388821946],[120.85484674901983,14.745845388821946],[120.85484674901983,14.746743704106066],[120.85394843373571,14.746743704106066],[120.85394843373571,14.745845388821946]]]},"id":"+134534+16415","properties":{"cls":1,"count":1}},{"type":"Feature","geometry":{"geodesic":false,"type":"Polygon","coordinates":[[[120.85394843373571,14.77459147791377],[120.85305011845159,14.772794847345532],[120.85484674901983,14.772794847345532],[120.85484674901983,14.77459147791377],[120.85394843373571,14.77459147791377]]]},"id":"+134534+16446","properties":{"cls":1,"count":3}},{"type":"Feature","geometry":{"geodesic":false,"type":"Polygon","coordinates":[[[120.85394843373571,14.77638810848201],[120.85484674901983,14.77638810848201],[120.85484674901983,14.778184739050248],[120.85394843373571,14.778184739050248],[120.85394843373571,14.77638810848201]]]},"id":"+134534+16450","properties":{"cls":1,"count":2}},{"type":"Feature","geometry":{"geodesic":false,"type":"Polygon","coordinates":[[[120.85394843373571,14.783574630754966],[120.85484674901983,14.783574630754966],[120.85484674901983,14.784472946039086],[120.85394843373571,14.784472946039086],[120.85394843373571,14.783574630754966]]]},"id":"+134534+16457","properties":{"cls":1,"count":1}},{"type":"Feature","geometry":{"geodesic":false,"type":"Polygon","coordinates":[[[120.85394843373571,14.788964522459683],[120.85484674901983,14.788964522459683],[120.85484674901983,14.79165946831204],[120.85394843373571,14.79165946831204],[120.85394843373571,14.788964522459683]]]},"id":"+134534+16465","properties":{"cls":1,"count":3}},{"type":"Feature","geometry":{"geodesic":false,"type":"Polygon","coordinates":[[[120.85394843373571,14.806032512857954],[120.85484674901983,14.806032512857954],[120.85484674901983,14.806930828142074],[120.85394843373571,14.806930828142074],[120.85394843373571,14.806032512857954]]]},"id":"+134534+16482","properties":{"cls":1,"count":1}},{"type":"Feature","geometry":{"geodesic":false,"type":"Polygon","coordinates":[[[120.85484674901983,14.729675713707795],[120.85574506430395,14.729675713707795],[120.85574506430395,14.730574028991914],[120.85484674901983,14.730574028991914],[120.85484674901983,14.729675713707795]]]},"id":"+134535+16397","properties":{"cls":1,"count":1}},{"type":"Feature","geometry":{"geodesic":false,"type":"Polygon","coordinates":[[[120.85484674901983,14.735065605412512],[120.85574506430395,14.735065605412512],[120.85574506430395,14.735963920696632],[120.85484674901983,14.735963920696632],[120.85484674901983,14.735065605412512]]]},"id":"+134535+16403","properties":{"cls":1,"count":1}},{"type":"Feature","geometry":{"geodesic":false,"type":"Polygon","coordinates":[[[120.85484674901983,14.746743704106066],[120.85574506430395,14.746743704106066],[120.85574506430395,14.747642019390184],[120.85484674901983,14.747642019390184],[120.85484674901983,14.746743704106066]]]},"id":"+134535+16416","properties":{"cls":1,"count":1}},{"type":"Feature","geometry":{"geodesic":false,"type":"Polygon","coordinates":[[[120.85484674901983,14.761116748651977],[120.85574506430395,14.761116748651977],[120.85574506430395,14.762015063936097],[120.85484674901983,14.762015063936097],[120.85484674901983,14.761116748651977]]]},"id":"+134535+16432","properties":{"cls":1,"count":1}},{"type":"Feature","geometry":{"geodesic":false,"type":"Polygon","coordinates":[[[120.85484674901983,14.766506640356695],[120.85574506430395,14.766506640356695],[120.85574506430395,14.767404955640815],[120.85484674901983,14.767404955640815],[120.85484674901983,14.766506640356695]]]},"id":"+134535+16438","properties":{"cls":1,"count":1}},{"type":"Feature","geometry":{"geodesic":false,"type":"Polygon","coordinates":[[[120.85484674901983,14.778184739050248],[120.85574506430395,14.778184739050248],[120.85574506430395,14.779083054334368],[120.85484674901983,14.779083054334368],[120.85484674901983,14.778184739050248]]]},"id":"+134535+16451","properties":{"cls":1,"count":1}},{"type":"Feature","geometry":{"geodesic":false,"type":"Polygon","coordinates":[[[120.85574506430395,14.42065525597068],[120.85664337958806,14.42065525597068],[120.85664337958806,14.4215535712548],[120.85574506430395,14.4215535712548],[120.85574506430395,14.42065525597068]]]},"id":"+134536+16053","properties":{"cls":1,"count":1}},{"type":"Feature","geometry":{"geodesic":false,"type":"Polygon","coordinates":[[[120.85574506430395,14.727879083139555],[120.85664337958806,14.727879083139555],[120.85664337958806,14.728777398423675],[120.85574506430395,14.728777398423675],[120.85574506430395,14.727879083139555]]]},"id":"+134536+16395","properties":{"cls":1,"count":1}},{"type":"Feature","geometry":{"geodesic":false,"type":"Polygon","coordinates":[[[120.85574506430395,14.733268974844274],[120.85664337958806,14.733268974844274],[120.85664337958806,14.734167290128392],[120.85574506430395,14.734167290128392],[120.85574506430395,14.733268974844274]]]},"id":"+134536+16401","properties":{"cls":1,"count":1}},{"type":"Feature","geometry":{"geodesic":false,"type":"Polygon","coordinates":[[[120.85574506430395,14.758421802799619],[120.85574506430395,14.75662517223138],[120.85484674901983,14.75662517223138],[120.85484674901983,14.75572685694726],[120.85664337958806,14.75572685694726],[120.85664337958806,14.75662517223138],[120.85754169487218,14.75662517223138],[120.85754169487218,14.757523487515499],[120.85574506430395,14.758421802799619]]]},"id":"+134536+16428","properties":{"cls":1,"count":5}},{"type":"Feature","geometry":{"geodesic":false,"type":"Polygon","coordinates":[[[120.85574506430395,14.765608325072575],[120.85664337958806,14.765608325072575],[120.85664337958806,14.766506640356695],[120.85574506430395,14.766506640356695],[120.85574506430395,14.765608325072575]]]},"id":"+134536+16437","properties":{"cls":1,"count":1}},{"type":"Feature","geometry":{"geodesic":false,"type":"Polygon","coordinates":[[[120.85574506430395,14.772794847345532],[120.85664337958806,14.772794847345532],[120.85664337958806,14.773693162629652],[120.85574506430395,14.773693162629652],[120.85574506430395,14.772794847345532]]]},"id":"+134536+16445","properties":{"cls":1,"count":1}},{"type":"Feature","geometry":{"geodesic":false,"type":"Polygon","coordinates":[[[120.85484674901983,14.77548979319789],[120.85664337958806,14.77548979319789],[120.85664337958806,14.77638810848201],[120.85484674901983,14.77638810848201],[120.85484674901983,14.77548979319789]]]},"id":"+134536+16448","properties":{"cls":1,"count":2}},{"type":"Feature","geometry":{"geodesic":false,"type":"Polygon","coordinates":[[[120.85484674901983,14.779981369618488],[120.85664337958806,14.779981369618488],[120.85664337958806,14.780879684902608],[120.85484674901983,14.780879684902608],[120.85484674901983,14.779981369618488]]]},"id":"+134536+16453","properties":{"cls":1,"count":2}},{"type":"Feature","geometry":{"geodesic":false,"type":"Polygon","coordinates":[[[120.85484674901983,14.783574630754966],[120.85574506430395,14.781778000186726],[120.85754169487218,14.781778000186726],[120.85664337958806,14.783574630754966],[120.85484674901983,14.783574630754966]]]},"id":"+134536+16456","properties":{"cls":1,"count":4}},{"type":"Feature","geometry":{"geodesic":false,"type":"Polygon","coordinates":[[[120.85574506430395,14.403587265572408],[120.85484674901983,14.401790635004168],[120.85664337958806,14.401790635004168],[120.85664337958806,14.402688950288288],[120.85754169487218,14.402688950288288],[120.85754169487218,14.403587265572408],[120.85574506430395,14.403587265572408]]]},"id":"+134537+16033","properties":{"cls":1,"count":4}},{"type":"Feature","geometry":{"geodesic":false,"type":"Polygon","coordinates":[[[120.85574506430395,14.73776055126487],[120.85664337958806,14.735963920696632],[120.85754169487218,14.735963920696632],[120.85754169487218,14.73776055126487],[120.85574506430395,14.73776055126487]]]},"id":"+134537+16405","properties":{"cls":1,"count":3}},{"type":"Feature","geometry":{"geodesic":false,"type":"Polygon","coordinates":[[[120.85664337958806,14.741353812401348],[120.85754169487218,14.741353812401348],[120.85754169487218,14.742252127685468],[120.85664337958806,14.742252127685468],[120.85664337958806,14.741353812401348]]]},"id":"+134537+16410","properties":{"cls":1,"count":1}},{"type":"Feature","geometry":{"geodesic":false,"type":"Polygon","coordinates":[[[120.85664337958806,14.75572685694726],[120.85664337958806,14.75393022637902],[120.85933832544043,14.75393022637902],[120.85933832544043,14.75482854166314],[120.85754169487218,14.75482854166314],[120.85754169487218,14.75572685694726],[120.85664337958806,14.75572685694726]]]},"id":"+134537+16425","properties":{"cls":1,"count":4}},{"type":"Feature","geometry":{"geodesic":false,"type":"Polygon","coordinates":[[[120.85664337958806,14.758421802799619],[120.85754169487218,14.758421802799619],[120.85754169487218,14.760218433367859],[120.85664337958806,14.760218433367859],[120.85664337958806,14.758421802799619]]]},"id":"+134537+16430","properties":{"cls":1,"count":2}},{"type":"Feature","geometry":{"geodesic":false,"type":"Polygon","coordinates":[[[120.85574506430395,14.770998216777294],[120.85664337958806,14.769201586209054],[120.85574506430395,14.769201586209054],[120.85574506430395,14.767404955640815],[120.85754169487218,14.767404955640815],[120.85754169487218,14.766506640356695],[120.85844001015631,14.766506640356695],[120.85844001015631,14.770099901493174],[120.85754169487218,14.770099901493174],[120.85754169487218,14.770998216777294],[120.85574506430395,14.770998216777294]]]},"id":"+134537+16442","properties":{"cls":1,"count":11}},{"type":"Feature","geometry":{"geodesic":false,"type":"Polygon","coordinates":[[[120.85664337958806,14.771896532061412],[120.85754169487218,14.771896532061412],[120.85754169487218,14.772794847345532],[120.85664337958806,14.772794847345532],[120.85664337958806,14.771896532061412]]]},"id":"+134537+16444","properties":{"cls":1,"count":1}},{"type":"Feature","geometry":{"geodesic":false,"type":"Polygon","coordinates":[[[120.85664337958806,14.789862837743803],[120.85574506430395,14.788066207175564],[120.85844001015631,14.788066207175564],[120.85844001015631,14.788964522459683],[120.85664337958806,14.789862837743803]]]},"id":"+134537+16463","properties":{"cls":1,"count":4}},{"type":"Feature","geometry":{"geodesic":false,"type":"Polygon","coordinates":[[[120.85394843373571,14.7943544141644],[120.85394843373571,14.79255778359616],[120.85574506430395,14.79345609888028],[120.85484674901983,14.79165946831204],[120.85664337958806,14.790761153027923],[120.85664337958806,14.79165946831204],[120.85754169487218,14.79165946831204],[120.85754169487218,14.79255778359616],[120.85664337958806,14.79255778359616],[120.85754169487218,14.7943544141644],[120.85394843373571,14.7943544141644]]]},"id":"+134537+16468","properties":{"cls":1,"count":10}},{"type":"Feature","geometry":{"geodesic":false,"type":"Polygon","coordinates":[[[120.85664337958806,14.796151044732639],[120.85754169487218,14.796151044732639],[120.85754169487218,14.797049360016759],[120.85664337958806,14.797049360016759],[120.85664337958806,14.796151044732639]]]},"id":"+134537+16471","properties":{"cls":1,"count":1}},{"type":"Feature","geometry":{"geodesic":false,"type":"Polygon","coordinates":[[[120.85664337958806,14.798845990584997],[120.85754169487218,14.798845990584997],[120.85754169487218,14.799744305869117],[120.85664337958806,14.799744305869117],[120.85664337958806,14.798845990584997]]]},"id":"+134537+16474","properties":{"cls":1,"count":1}},{"type":"Feature","geometry":{"geodesic":false,"type":"Polygon","coordinates":[[[120.85754169487218,14.401790635004168],[120.85844001015631,14.401790635004168],[120.85844001015631,14.402688950288288],[120.85754169487218,14.402688950288288],[120.85754169487218,14.401790635004168]]]},"id":"+134538+16032","properties":{"cls":1,"count":1}},{"type":"Feature","geometry":{"geodesic":false,"type":"Polygon","coordinates":[[[120.85754169487218,14.726980767855435],[120.85844001015631,14.726980767855435],[120.85844001015631,14.727879083139555],[120.85754169487218,14.727879083139555],[120.85754169487218,14.726980767855435]]]},"id":"+134538+16394","properties":{"cls":1,"count":1}},{"type":"Feature","geometry":{"geodesic":false,"type":"Polygon","coordinates":[[[120.85754169487218,14.735065605412512],[120.85844001015631,14.735065605412512],[120.85844001015631,14.735963920696632],[120.85754169487218,14.735963920696632],[120.85754169487218,14.735065605412512]]]},"id":"+134538+16403","properties":{"cls":1,"count":1}},{"type":"Feature","geometry":{"geodesic":false,"type":"Polygon","coordinates":[[[120.85754169487218,14.762015063936097],[120.85844001015631,14.758421802799619],[120.85754169487218,14.758421802799619],[120.85754169487218,14.757523487515499],[120.85844001015631,14.757523487515499],[120.85844001015631,14.75572685694726],[120.85933832544043,14.75572685694726],[120.85933832544043,14.757523487515499],[120.8629315865769,14.757523487515499],[120.8629315865769,14.758421802799619],[120.86382990186102,14.758421802799619],[120.86382990186102,14.759320118083739],[120.8629315865769,14.759320118083739],[120.86382990186102,14.761116748651977],[120.86203327129279,14.761116748651977],[120.86203327129279,14.760218433367859],[120.86023664072455,14.760218433367859],[120.86023664072455,14.759320118083739],[120.85933832544043,14.759320118083739],[120.85933832544043,14.761116748651977],[120.85754169487218,14.762015063936097]]]},"id":"+134538+16432","properties":{"cls":1,"count":23}},{"type":"Feature","geometry":{"geodesic":false,"type":"Polygon","coordinates":[[[120.85754169487218,14.765608325072575],[120.85664337958806,14.763811694504337],[120.85844001015631,14.763811694504337],[120.85844001015631,14.765608325072575],[120.85754169487218,14.765608325072575]]]},"id":"+134538+16436","properties":{"cls":1,"count":3}},{"type":"Feature","geometry":{"geodesic":false,"type":"Polygon","coordinates":[[[120.85754169487218,14.77548979319789],[120.85754169487218,14.772794847345532],[120.85844001015631,14.772794847345532],[120.85933832544043,14.77459147791377],[120.85754169487218,14.77548979319789]]]},"id":"+134538+16447","properties":{"cls":1,"count":4}},{"type":"Feature","geometry":{"geodesic":false,"type":"Polygon","coordinates":[[[120.85754169487218,14.790761153027923],[120.85844001015631,14.790761153027923],[120.85844001015631,14.79165946831204],[120.85754169487218,14.79165946831204],[120.85754169487218,14.790761153027923]]]},"id":"+134538+16465","properties":{"cls":1,"count":1}},{"type":"Feature","geometry":{"geodesic":false,"type":"Polygon","coordinates":[[[120.85844001015631,14.735065605412512],[120.85844001015631,14.733268974844274],[120.86023664072455,14.732370659560154],[120.86023664072455,14.734167290128392],[120.85844001015631,14.735065605412512]]]},"id":"+134539+16402","properties":{"cls":1,"count":4}},{"type":"Feature","geometry":{"geodesic":false,"type":"Polygon","coordinates":[[[120.85844001015631,14.751235280526663],[120.85754169487218,14.749438649958424],[120.85933832544043,14.748540334674304],[120.85933832544043,14.751235280526663],[120.85844001015631,14.751235280526663]]]},"id":"+134539+16420","properties":{"cls":1,"count":4}},{"type":"Feature","geometry":{"geodesic":false,"type":"Polygon","coordinates":[[[120.85844001015631,14.765608325072575],[120.85933832544043,14.765608325072575],[120.85933832544043,14.766506640356695],[120.85844001015631,14.766506640356695],[120.85844001015631,14.765608325072575]]]},"id":"+134539+16437","properties":{"cls":1,"count":1}},{"type":"Feature","geometry":{"geodesic":false,"type":"Polygon","coordinates":[[[120.85844001015631,14.770998216777294],[120.85933832544043,14.770998216777294],[120.85933832544043,14.772794847345532],[120.85844001015631,14.772794847345532],[120.85844001015631,14.770998216777294]]]},"id":"+134539+16444","properties":{"cls":1,"count":2}},{"type":"Feature","geometry":{"geodesic":false,"type":"Polygon","coordinates":[[[120.85844001015631,14.788066207175564],[120.85844001015631,14.786269576607324],[120.86023664072455,14.786269576607324],[120.86023664072455,14.787167891891444],[120.85844001015631,14.788066207175564]]]},"id":"+134539+16461","properties":{"cls":1,"count":3}},{"type":"Feature","geometry":{"geodesic":false,"type":"Polygon","coordinates":[[[120.85844001015631,14.788964522459683],[120.85933832544043,14.788964522459683],[120.85933832544043,14.789862837743803],[120.85844001015631,14.789862837743803],[120.85844001015631,14.788964522459683]]]},"id":"+134539+16463","properties":{"cls":1,"count":1}},{"type":"Feature","geometry":{"geodesic":false,"type":"Polygon","coordinates":[[[120.85933832544043,14.75482854166314],[120.86023664072455,14.75482854166314],[120.86023664072455,14.75572685694726],[120.85933832544043,14.75572685694726],[120.85933832544043,14.75482854166314]]]},"id":"+134540+16425","properties":{"cls":1,"count":1}},{"type":"Feature","geometry":{"geodesic":false,"type":"Polygon","coordinates":[[[120.85844001015631,14.762015063936097],[120.86023664072455,14.762015063936097],[120.86023664072455,14.762913379220217],[120.85844001015631,14.762913379220217],[120.85844001015631,14.762015063936097]]]},"id":"+134540+16433","properties":{"cls":1,"count":2}},{"type":"Feature","geometry":{"geodesic":false,"type":"Polygon","coordinates":[[[120.85933832544043,14.764710009788455],[120.86023664072455,14.764710009788455],[120.86023664072455,14.765608325072575],[120.85933832544043,14.765608325072575],[120.85933832544043,14.764710009788455]]]},"id":"+134540+16436","properties":{"cls":1,"count":1}},{"type":"Feature","geometry":{"geodesic":false,"type":"Polygon","coordinates":[[[120.85664337958806,14.778184739050248],[120.85664337958806,14.77638810848201],[120.85844001015631,14.77728642376613],[120.85933832544043,14.77548979319789],[120.86023664072455,14.77548979319789],[120.86023664072455,14.77638810848201],[120.86113495600867,14.77638810848201],[120.86023664072455,14.778184739050248],[120.85664337958806,14.778184739050248]]]},"id":"+134540+16450","properties":{"cls":1,"count":9}},{"type":"Feature","geometry":{"geodesic":false,"type":"Polygon","coordinates":[[[120.85754169487218,14.781778000186726],[120.85754169487218,14.779083054334368],[120.85933832544043,14.779083054334368],[120.85933832544043,14.779981369618488],[120.86023664072455,14.779981369618488],[120.86023664072455,14.781778000186726],[120.85754169487218,14.781778000186726]]]},"id":"+134540+16454","properties":{"cls":1,"count":8}},{"type":"Feature","geometry":{"geodesic":false,"type":"Polygon","coordinates":[[[120.85754169487218,14.79255778359616],[120.86023664072455,14.79255778359616],[120.86023664072455,14.79345609888028],[120.85754169487218,14.79345609888028],[120.85754169487218,14.79255778359616]]]},"id":"+134540+16467","properties":{"cls":1,"count":3}},{"type":"Feature","geometry":{"geodesic":false,"type":"Polygon","coordinates":[[[120.86023664072455,14.422451886538918],[120.86113495600867,14.422451886538918],[120.86113495600867,14.423350201823038],[120.86023664072455,14.423350201823038],[120.86023664072455,14.422451886538918]]]},"id":"+134541+16055","properties":{"cls":1,"count":1}},{"type":"Feature","geometry":{"geodesic":false,"type":"Polygon","coordinates":[[[120.86023664072455,14.726082452571317],[120.86113495600867,14.726082452571317],[120.86113495600867,14.726980767855435],[120.86023664072455,14.726980767855435],[120.86023664072455,14.726082452571317]]]},"id":"+134541+16393","properties":{"cls":1,"count":1}},{"type":"Feature","geometry":{"geodesic":false,"type":"Polygon","coordinates":[[[120.86562653242926,14.735963920696632],[120.86382990186102,14.735963920696632],[120.8629315865769,14.73955718183311],[120.86113495600867,14.73955718183311],[120.86113495600867,14.73865886654899],[120.86023664072455,14.73865886654899],[120.86023664072455,14.741353812401348],[120.85933832544043,14.741353812401348],[120.85933832544043,14.742252127685468],[120.8629315865769,14.743150442969588],[120.8629315865769,14.744048758253706],[120.86113495600867,14.744048758253706],[120.86113495600867,14.744947073537826],[120.86023664072455,14.744947073537826],[120.86023664072455,14.744048758253706],[120.85844001015631,14.744048758253706],[120.85844001015631,14.743150442969588],[120.85754169487218,14.743150442969588],[120.85754169487218,14.742252127685468],[120.85844001015631,14.742252127685468],[120.85844001015631,14.740455497117228],[120.85664337958806,14.740455497117228],[120.85664337958806,14.73955718183311],[120.85844001015631,14.73865886654899],[120.85844001015631,14.736862235980752],[120.86023664072455,14.73776055126487],[120.86023664072455,14.736862235980752],[120.86203327129279,14.736862235980752],[120.86023664072455,14.734167290128392],[120.8629315865769,14.732370659560154],[120.8629315865769,14.731472344276034],[120.86113495600867,14.731472344276034],[120.86113495600867,14.730574028991914],[120.8629315865769,14.730574028991914],[120.8629315865769,14.727879083139555],[120.86382990186102,14.727879083139555],[120.86382990186102,14.726980767855435],[120.86472821714514,14.726980767855435],[120.86472821714514,14.728777398423675],[120.86382990186102,14.728777398423675],[120.86472821714514,14.730574028991914],[120.86562653242926,14.730574028991914],[120.86562653242926,14.728777398423675],[120.8674231629975,14.729675713707795],[120.86652484771338,14.727879083139555],[120.87101642413398,14.727879083139555],[120.87101642413398,14.726980767855435],[120.8719147394181,14.726980767855435],[120.8719147394181,14.728777398423675],[120.87101642413398,14.728777398423675],[120.87101642413398,14.729675713707795],[120.87281305470222,14.729675713707795],[120.87281305470222,14.728777398423675],[120.87371136998634,14.728777398423675],[120.87371136998634,14.730574028991914],[120.87460968527046,14.730574028991914],[120.87460968527046,14.728777398423675],[120.8764063158387,14.728777398423675],[120.8764063158387,14.729675713707795],[120.87550800055458,14.729675713707795],[120.87550800055458,14.731472344276034],[120.87460968527046,14.731472344276034],[120.87460968527046,14.733268974844274],[120.86921979356575,14.732370659560154],[120.86921979356575,14.733268974844274],[120.8719147394181,14.733268974844274],[120.8719147394181,14.735065605412512],[120.87101642413398,14.735065605412512],[120.87101642413398,14.734167290128392],[120.86921979356575,14.734167290128392],[120.86921979356575,14.735065605412512],[120.8674231629975,14.735963920696632],[120.8674231629975,14.73776055126487],[120.86832147828163,14.73776055126487],[120.86832147828163,14.735963920696632],[120.86921979356575,14.735963920696632],[120.86921979356575,14.73776055126487],[120.87011810884987,14.73776055126487],[120.87011810884987,14.73865886654899],[120.86832147828163,14.73865886654899],[120.86921979356575,14.740455497117228],[120.86562653242926,14.740455497117228],[120.86562653242926,14.73865886654899],[120.86652484771338,14.73865886654899],[120.86652484771338,14.73776055126487],[120.86562653242926,14.73776055126487],[120.86562653242926,14.735963920696632]],[[120.86562653242926,14.735963920696632],[120.86472821714514,14.734167290128392],[120.86652484771338,14.734167290128392],[120.86652484771338,14.735963920696632],[120.86562653242926,14.735963920696632]],[[120.86832147828163,14.730574028991914],[120.86832147828163,14.733268974844274],[120.86652484771338,14.733268974844274],[120.86652484771338,14.732370659560154],[120.8674231629975,14.732370659560154],[120.8674231629975,14.730574028991914],[120.86832147828163,14.730574028991914]],[[120.86832147828163,14.730574028991914],[120.86832147828163,14.729675713707795],[120.87011810884987,14.729675713707795],[120.87011810884987,14.730574028991914],[120.86832147828163,14.730574028991914]]]},"id":"+134541+16413","properties":{"cls":1,"count":144}},{"type":"Feature","geometry":{"geodesic":false,"type":"Polygon","coordinates":[[[120.86023664072455,14.751235280526663],[120.85933832544043,14.746743704106066],[120.86113495600867,14.745845388821946],[120.86113495600867,14.751235280526663],[120.86023664072455,14.751235280526663]]]},"id":"+134541+16420","properties":{"cls":1,"count":8}},{"type":"Feature","geometry":{"geodesic":false,"type":"Polygon","coordinates":[[[120.85933832544043,14.753031911094903],[120.86113495600867,14.753031911094903],[120.86113495600867,14.75393022637902],[120.85933832544043,14.75393022637902],[120.85933832544043,14.753031911094903]]]},"id":"+134541+16423","properties":{"cls":1,"count":2}},{"type":"Feature","geometry":{"geodesic":false,"type":"Polygon","coordinates":[[[120.86023664072455,14.773693162629652],[120.86113495600867,14.773693162629652],[120.86113495600867,14.77459147791377],[120.86023664072455,14.77459147791377],[120.86023664072455,14.773693162629652]]]},"id":"+134541+16446","properties":{"cls":1,"count":1}},{"type":"Feature","geometry":{"geodesic":false,"type":"Polygon","coordinates":[[[120.86023664072455,14.778184739050248],[120.86113495600867,14.778184739050248],[120.86113495600867,14.779083054334368],[120.86023664072455,14.779083054334368],[120.86023664072455,14.778184739050248]]]},"id":"+134541+16451","properties":{"cls":1,"count":1}},{"type":"Feature","geometry":{"geodesic":false,"type":"Polygon","coordinates":[[[120.86023664072455,14.786269576607324],[120.86023664072455,14.784472946039086],[120.86203327129279,14.784472946039086],[120.86203327129279,14.785371261323204],[120.86023664072455,14.786269576607324]]]},"id":"+134541+16459","properties":{"cls":1,"count":3}},{"type":"Feature","geometry":{"geodesic":false,"type":"Polygon","coordinates":[[[120.86023664072455,14.797049360016759],[120.86113495600867,14.797049360016759],[120.86113495600867,14.797947675300879],[120.86023664072455,14.797947675300879],[120.86023664072455,14.797049360016759]]]},"id":"+134541+16472","properties":{"cls":1,"count":1}},{"type":"Feature","geometry":{"geodesic":false,"type":"Polygon","coordinates":[[[120.86113495600867,14.725184137287197],[120.86203327129279,14.725184137287197],[120.86203327129279,14.726082452571317],[120.86113495600867,14.726082452571317],[120.86113495600867,14.725184137287197]]]},"id":"+134542+16392","properties":{"cls":1,"count":1}},{"type":"Feature","geometry":{"geodesic":false,"type":"Polygon","coordinates":[[[120.86113495600867,14.728777398423675],[120.86203327129279,14.728777398423675],[120.86203327129279,14.729675713707795],[120.86113495600867,14.729675713707795],[120.86113495600867,14.728777398423675]]]},"id":"+134542+16396","properties":{"cls":1,"count":1}},{"type":"Feature","geometry":{"geodesic":false,"type":"Polygon","coordinates":[[[120.86113495600867,14.752133595810783],[120.86203327129279,14.752133595810783],[120.86203327129279,14.753031911094903],[120.86113495600867,14.753031911094903],[120.86113495600867,14.752133595810783]]]},"id":"+134542+16422","properties":{"cls":1,"count":1}},{"type":"Feature","geometry":{"geodesic":false,"type":"Polygon","coordinates":[[[120.8629315865769,14.769201586209054],[120.86382990186102,14.769201586209054],[120.86472821714514,14.770998216777294],[120.86203327129279,14.770998216777294],[120.86203327129279,14.772794847345532],[120.86023664072455,14.772794847345532],[120.86023664072455,14.771896532061412],[120.86113495600867,14.771896532061412],[120.86113495600867,14.770099901493174],[120.86023664072455,14.770099901493174],[120.86023664072455,14.767404955640815],[120.86203327129279,14.767404955640815],[120.86203327129279,14.766506640356695],[120.8629315865769,14.766506640356695],[120.8629315865769,14.764710009788455],[120.86113495600867,14.764710009788455],[120.86113495600867,14.761116748651977],[120.86203327129279,14.761116748651977],[120.86203327129279,14.762015063936097],[120.86382990186102,14.762913379220217],[120.86382990186102,14.765608325072575],[120.86562653242926,14.765608325072575],[120.86562653242926,14.766506640356695],[120.86472821714514,14.766506640356695],[120.86472821714514,14.767404955640815],[120.8629315865769,14.767404955640815],[120.8629315865769,14.769201586209054]],[[120.8629315865769,14.769201586209054],[120.8629315865769,14.770099901493174],[120.86203327129279,14.770099901493174],[120.86203327129279,14.769201586209054],[120.8629315865769,14.769201586209054]]]},"id":"+134542+16444","properties":{"cls":1,"count":32}},{"type":"Feature","geometry":{"geodesic":false,"type":"Polygon","coordinates":[[[120.86113495600867,14.797947675300879],[120.86203327129279,14.797947675300879],[120.86203327129279,14.799744305869117],[120.86113495600867,14.799744305869117],[120.86113495600867,14.797947675300879]]]},"id":"+134542+16474","properties":{"cls":1,"count":2}},{"type":"Feature","geometry":{"geodesic":false,"type":"Polygon","coordinates":[[[120.86203327129279,14.725184137287197],[120.86113495600867,14.721590876150719],[120.86382990186102,14.723387506718957],[120.86382990186102,14.724285822003077],[120.86203327129279,14.725184137287197]]]},"id":"+134543+16391","properties":{"cls":1,"count":6}},{"type":"Feature","geometry":{"geodesic":false,"type":"Polygon","coordinates":[[[120.86203327129279,14.746743704106066],[120.8629315865769,14.746743704106066],[120.8629315865769,14.747642019390184],[120.86203327129279,14.747642019390184],[120.86203327129279,14.746743704106066]]]},"id":"+134543+16416","properties":{"cls":1,"count":1}},{"type":"Feature","geometry":{"geodesic":false,"type":"Polygon","coordinates":[[[120.86203327129279,14.773693162629652],[120.8629315865769,14.773693162629652],[120.8629315865769,14.77459147791377],[120.86203327129279,14.77459147791377],[120.86203327129279,14.773693162629652]]]},"id":"+134543+16446","properties":{"cls":1,"count":1}},{"type":"Feature","geometry":{"geodesic":false,"type":"Polygon","coordinates":[[[120.86113495600867,14.77548979319789],[120.8629315865769,14.77548979319789],[120.8629315865769,14.77638810848201],[120.86113495600867,14.77638810848201],[120.86113495600867,14.77548979319789]]]},"id":"+134543+16448","properties":{"cls":1,"count":2}},{"type":"Feature","geometry":{"geodesic":false,"type":"Polygon","coordinates":[[[120.86113495600867,14.77728642376613],[120.8629315865769,14.77728642376613],[120.8629315865769,14.778184739050248],[120.86113495600867,14.778184739050248],[120.86113495600867,14.77728642376613]]]},"id":"+134543+16450","properties":{"cls":1,"count":2}},{"type":"Feature","geometry":{"geodesic":false,"type":"Polygon","coordinates":[[[120.86113495600867,14.789862837743803],[120.86113495600867,14.788964522459683],[120.85933832544043,14.788964522459683],[120.85933832544043,14.788066207175564],[120.86023664072455,14.788066207175564],[120.86023664072455,14.787167891891444],[120.86203327129279,14.787167891891444],[120.86203327129279,14.788066207175564],[120.8629315865769,14.788066207175564],[120.86203327129279,14.786269576607324],[120.86382990186102,14.786269576607324],[120.86382990186102,14.788964522459683],[120.8629315865769,14.788964522459683],[120.8629315865769,14.789862837743803],[120.86113495600867,14.789862837743803]]]},"id":"+134543+16463","properties":{"cls":1,"count":12}},{"type":"Feature","geometry":{"geodesic":false,"type":"Polygon","coordinates":[[[120.86113495600867,14.79345609888028],[120.86023664072455,14.79165946831204],[120.86203327129279,14.79165946831204],[120.86203327129279,14.79255778359616],[120.8629315865769,14.79255778359616],[120.8629315865769,14.79345609888028],[120.86113495600867,14.79345609888028]]]},"id":"+134543+16467","properties":{"cls":1,"count":4}},{"type":"Feature","geometry":{"geodesic":false,"type":"Polygon","coordinates":[[[120.86203327129279,14.795252729448519],[120.8629315865769,14.795252729448519],[120.8629315865769,14.797947675300879],[120.86203327129279,14.797947675300879],[120.86203327129279,14.795252729448519]]]},"id":"+134543+16472","properties":{"cls":1,"count":3}},{"type":"Feature","geometry":{"geodesic":false,"type":"Polygon","coordinates":[[[120.86203327129279,14.799744305869117],[120.8629315865769,14.799744305869117],[120.8629315865769,14.800642621153237],[120.86203327129279,14.800642621153237],[120.86203327129279,14.799744305869117]]]},"id":"+134543+16475","properties":{"cls":1,"count":1}},{"type":"Feature","geometry":{"geodesic":false,"type":"Polygon","coordinates":[[[120.86203327129279,14.726082452571317],[120.86382990186102,14.726082452571317],[120.86382990186102,14.726980767855435],[120.86203327129279,14.726980767855435],[120.86203327129279,14.726082452571317]]]},"id":"+134544+16393","properties":{"cls":1,"count":2}},{"type":"Feature","geometry":{"geodesic":false,"type":"Polygon","coordinates":[[[120.8629315865769,14.744048758253706],[120.86382990186102,14.744048758253706],[120.86382990186102,14.744947073537826],[120.8629315865769,14.744947073537826],[120.8629315865769,14.744048758253706]]]},"id":"+134544+16413","properties":{"cls":1,"count":1}},{"type":"Feature","geometry":{"geodesic":false,"type":"Polygon","coordinates":[[[120.8629315865769,14.745845388821946],[120.86382990186102,14.745845388821946],[120.86382990186102,14.746743704106066],[120.8629315865769,14.746743704106066],[120.8629315865769,14.745845388821946]]]},"id":"+134544+16415","properties":{"cls":1,"count":1}},{"type":"Feature","geometry":{"geodesic":false,"type":"Polygon","coordinates":[[[120.8629315865769,14.778184739050248],[120.86382990186102,14.778184739050248],[120.86382990186102,14.779083054334368],[120.8629315865769,14.779083054334368],[120.8629315865769,14.778184739050248]]]},"id":"+134544+16451","properties":{"cls":1,"count":1}},{"type":"Feature","geometry":{"geodesic":false,"type":"Polygon","coordinates":[[[120.86382990186102,14.73776055126487],[120.86472821714514,14.73776055126487],[120.86472821714514,14.73865886654899],[120.86382990186102,14.73865886654899],[120.86382990186102,14.73776055126487]]]},"id":"+134545+16406","properties":{"cls":1,"count":1}},{"type":"Feature","geometry":{"geodesic":false,"type":"Polygon","coordinates":[[[120.86382990186102,14.744947073537826],[120.86472821714514,14.744947073537826],[120.86472821714514,14.745845388821946],[120.86382990186102,14.745845388821946],[120.86382990186102,14.744947073537826]]]},"id":"+134545+16414","properties":{"cls":1,"count":1}},{"type":"Feature","geometry":{"geodesic":false,"type":"Polygon","coordinates":[[[120.86382990186102,14.746743704106066],[120.86472821714514,14.746743704106066],[120.86472821714514,14.747642019390184],[120.86382990186102,14.747642019390184],[120.86382990186102,14.746743704106066]]]},"id":"+134545+16416","properties":{"cls":1,"count":1}},{"type":"Feature","geometry":{"geodesic":false,"type":"Polygon","coordinates":[[[120.86382990186102,14.762913379220217],[120.86382990186102,14.761116748651977],[120.86562653242926,14.760218433367859],[120.86562653242926,14.762015063936097],[120.86382990186102,14.762913379220217]]]},"id":"+134545+16433","properties":{"cls":1,"count":4}},{"type":"Feature","geometry":{"geodesic":false,"type":"Polygon","coordinates":[[[120.86382990186102,14.782676315470846],[120.86472821714514,14.782676315470846],[120.86472821714514,14.783574630754966],[120.86382990186102,14.783574630754966],[120.86382990186102,14.782676315470846]]]},"id":"+134545+16456","properties":{"cls":1,"count":1}},{"type":"Feature","geometry":{"geodesic":false,"type":"Polygon","coordinates":[[[120.86382990186102,14.785371261323204],[120.86472821714514,14.785371261323204],[120.86472821714514,14.786269576607324],[120.86382990186102,14.786269576607324],[120.86382990186102,14.785371261323204]]]},"id":"+134545+16459","properties":{"cls":1,"count":1}},{"type":"Feature","geometry":{"geodesic":false,"type":"Polygon","coordinates":[[[120.86382990186102,14.75393022637902],[120.86562653242926,14.75393022637902],[120.86562653242926,14.75482854166314],[120.86382990186102,14.75482854166314],[120.86382990186102,14.75393022637902]]]},"id":"+134546+16424","properties":{"cls":1,"count":2}},{"type":"Feature","geometry":{"geodesic":false,"type":"Polygon","coordinates":[[[120.86382990186102,14.751235280526663],[120.86382990186102,14.750336965242544],[120.86203327129279,14.751235280526663],[120.86203327129279,14.749438649958424],[120.8629315865769,14.749438649958424],[120.8629315865769,14.748540334674304],[120.86472821714514,14.748540334674304],[120.86472821714514,14.747642019390184],[120.86562653242926,14.747642019390184],[120.86562653242926,14.742252127685468],[120.86382990186102,14.743150442969588],[120.86382990186102,14.741353812401348],[120.8629315865769,14.741353812401348],[120.8629315865769,14.740455497117228],[120.86562653242926,14.740455497117228],[120.86562653242926,14.741353812401348],[120.8674231629975,14.742252127685468],[120.8674231629975,14.743150442969588],[120.86652484771338,14.743150442969588],[120.86652484771338,14.744048758253706],[120.8674231629975,14.744048758253706],[120.86652484771338,14.747642019390184],[120.8674231629975,14.747642019390184],[120.8674231629975,14.745845388821946],[120.86832147828163,14.745845388821946],[120.86832147828163,14.744048758253706],[120.86921979356575,14.744048758253706],[120.86832147828163,14.750336965242544],[120.86652484771338,14.750336965242544],[120.86652484771338,14.751235280526663],[120.86832147828163,14.751235280526663],[120.86832147828163,14.752133595810783],[120.86562653242926,14.753930226379023],[120.86562653242926,14.753031911094903],[120.8629315865769,14.753031911094903],[120.8629315865769,14.751235280526663],[120.86382990186102,14.751235280526663]],[[120.86382990186102,14.751235280526663],[120.86562653242926,14.751235280526663],[120.86562653242926,14.752133595810783],[120.86382990186102,14.752133595810783],[120.86382990186102,14.751235280526663]],[[120.86652484771338,14.748540334674304],[120.8674231629975,14.748540334674304],[120.8674231629975,14.749438649958424],[120.86652484771338,14.749438649958424],[120.86652484771338,14.748540334674304]]]},"id":"+134547+16423","properties":{"cls":1,"count":52}},{"type":"Feature","geometry":{"geodesic":false,"type":"Polygon","coordinates":[[[120.86652484771338,14.759320118083739],[120.86652484771338,14.757523487515499],[120.86562653242926,14.757523487515499],[120.86562653242926,14.75662517223138],[120.86113495600867,14.75662517223138],[120.86113495600867,14.75482854166314],[120.86652484771338,14.75572685694726],[120.86652484771338,14.75662517223138],[120.86832147828163,14.757523487515499],[120.86832147828163,14.758421802799619],[120.86652484771338,14.759320118083739]]]},"id":"+134548+16429","properties":{"cls":1,"count":14}},{"type":"Feature","geometry":{"geodesic":false,"type":"Polygon","coordinates":[[[120.86652484771338,14.760218433367859],[120.8674231629975,14.760218433367859],[120.8674231629975,14.761116748651977],[120.86652484771338,14.761116748651977],[120.86652484771338,14.760218433367859]]]},"id":"+134548+16431","properties":{"cls":1,"count":1}},{"type":"Feature","geometry":{"geodesic":false,"type":"Polygon","coordinates":[[[120.86652484771338,14.765608325072575],[120.8674231629975,14.765608325072575],[120.8674231629975,14.766506640356695],[120.86652484771338,14.766506640356695],[120.86652484771338,14.765608325072575]]]},"id":"+134548+16437","properties":{"cls":1,"count":1}},{"type":"Feature","geometry":{"geodesic":false,"type":"Polygon","coordinates":[[[120.86652484771338,14.780879684902608],[120.8674231629975,14.780879684902608],[120.8674231629975,14.781778000186726],[120.86652484771338,14.781778000186726],[120.86652484771338,14.780879684902608]]]},"id":"+134548+16454","properties":{"cls":1,"count":1}},{"type":"Feature","geometry":{"geodesic":false,"type":"Polygon","coordinates":[[[120.86562653242926,14.783574630754966],[120.8674231629975,14.783574630754966],[120.8674231629975,14.784472946039086],[120.86562653242926,14.784472946039086],[120.86562653242926,14.783574630754966]]]},"id":"+134548+16457","properties":{"cls":1,"count":2}},{"type":"Feature","geometry":{"geodesic":false,"type":"Polygon","coordinates":[[[120.8674231629975,14.743150442969588],[120.86832147828163,14.743150442969588],[120.86832147828163,14.744048758253706],[120.8674231629975,14.744048758253706],[120.8674231629975,14.743150442969588]]]},"id":"+134549+16412","properties":{"cls":1,"count":1}},{"type":"Feature","geometry":{"geodesic":false,"type":"Polygon","coordinates":[[[120.86562653242926,14.771896532061412],[120.86472821714514,14.767404955640815],[120.86562653242926,14.767404955640815],[120.86562653242926,14.768303270924934],[120.8674231629975,14.769201586209054],[120.8674231629975,14.770998216777294],[120.86832147828163,14.770998216777294],[120.86832147828163,14.771896532061412],[120.86562653242926,14.771896532061412]]]},"id":"+134549+16443","properties":{"cls":1,"count":10}},{"type":"Feature","geometry":{"geodesic":false,"type":"Polygon","coordinates":[[[120.86832147828163,14.752133595810783],[120.86921979356575,14.752133595810783],[120.86921979356575,14.753031911094903],[120.86832147828163,14.753031911094903],[120.86832147828163,14.752133595810783]]]},"id":"+134550+16422","properties":{"cls":1,"count":1}},{"type":"Feature","geometry":{"geodesic":false,"type":"Polygon","coordinates":[[[120.86832147828163,14.768303270924934],[120.86832147828163,14.764710009788455],[120.86562653242926,14.764710009788455],[120.86562653242926,14.762913379220217],[120.8674231629975,14.762015063936097],[120.8674231629975,14.761116748651977],[120.87101642413398,14.762015063936097],[120.87101642413398,14.762913379220217],[120.86921979356575,14.762913379220217],[120.86921979356575,14.763811694504337],[120.87011810884987,14.763811694504337],[120.87011810884987,14.765608325072575],[120.86921979356575,14.765608325072575],[120.87011810884987,14.767404955640815],[120.86832147828163,14.768303270924934]]]},"id":"+134550+16439","properties":{"cls":1,"count":22}},{"type":"Feature","geometry":{"geodesic":false,"type":"Polygon","coordinates":[[[120.86832147828163,14.770099901493174],[120.86921979356575,14.770099901493174],[120.86921979356575,14.770998216777294],[120.86832147828163,14.770998216777294],[120.86832147828163,14.770099901493174]]]},"id":"+134550+16442","properties":{"cls":1,"count":1}},{"type":"Feature","geometry":{"geodesic":false,"type":"Polygon","coordinates":[[[120.86832147828163,14.782676315470846],[120.86921979356575,14.782676315470846],[120.86921979356575,14.783574630754966],[120.86832147828163,14.783574630754966],[120.86832147828163,14.782676315470846]]]},"id":"+134550+16456","properties":{"cls":1,"count":1}},{"type":"Feature","geometry":{"geodesic":false,"type":"Polygon","coordinates":[[[120.86921979356575,14.743150442969588],[120.86921979356575,14.741353812401348],[120.87101642413398,14.740455497117228],[120.87101642413398,14.742252127685468],[120.86921979356575,14.743150442969588]]]},"id":"+134551+16411","properties":{"cls":1,"count":4}},{"type":"Feature","geometry":{"geodesic":false,"type":"Polygon","coordinates":[[[120.86921979356575,14.749438649958424],[120.87011810884987,14.749438649958424],[120.87011810884987,14.750336965242544],[120.86921979356575,14.750336965242544],[120.86921979356575,14.749438649958424]]]},"id":"+134551+16419","properties":{"cls":1,"count":1}},{"type":"Feature","geometry":{"geodesic":false,"type":"Polygon","coordinates":[[[120.87101642413398,14.75482854166314],[120.87011810884987,14.75482854166314],[120.87011810884987,14.75662517223138],[120.8719147394181,14.757523487515499],[120.8719147394181,14.759320118083739],[120.87011810884987,14.758421802799619],[120.87011810884987,14.760218433367859],[120.8674231629975,14.760218433367859],[120.8674231629975,14.759320118083739],[120.86921979356575,14.759320118083739],[120.86832147828163,14.75572685694726],[120.86652484771338,14.75572685694726],[120.86652484771338,14.753930226379023],[120.8674231629975,14.753930226379023],[120.8674231629975,14.753031911094903],[120.86832147828163,14.753031911094903],[120.86832147828163,14.753930226379023],[120.87011810884987,14.753930226379023],[120.87011810884987,14.751235280526663],[120.87101642413398,14.751235280526663],[120.87101642413398,14.753031911094903],[120.8719147394181,14.753031911094903],[120.8719147394181,14.748540334674304],[120.87281305470222,14.748540334674304],[120.87281305470222,14.749438649958424],[120.87371136998634,14.749438649958424],[120.87281305470222,14.751235280526663],[120.87550800055458,14.751235280526663],[120.87460968527046,14.75662517223138],[120.8764063158387,14.75662517223138],[120.8764063158387,14.75572685694726],[120.87730463112281,14.75572685694726],[120.87730463112281,14.757523487515499],[120.8764063158387,14.757523487515499],[120.8764063158387,14.758421802799619],[120.87460968527046,14.757523487515499],[120.87460968527046,14.758421802799619],[120.87371136998634,14.758421802799619],[120.87371136998634,14.75662517223138],[120.87101642413398,14.75662517223138],[120.87101642413398,14.75482854166314]],[[120.86832147828163,14.75572685694726],[120.86832147828163,14.75482854166314],[120.86921979356575,14.75482854166314],[120.86921979356575,14.75572685694726],[120.86832147828163,14.75572685694726]],[[120.87101642413398,14.75482854166314],[120.87101642413398,14.753930226379023],[120.8719147394181,14.753930226379023],[120.8719147394181,14.75482854166314],[120.87101642413398,14.75482854166314]],[[120.87371136998634,14.752133595810783],[120.87460968527046,14.752133595810783],[120.87460968527046,14.753031911094903],[120.87371136998634,14.753031911094903],[120.87371136998634,14.752133595810783]]]},"id":"+134551+16430","properties":{"cls":1,"count":59}},{"type":"Feature","geometry":{"geodesic":false,"type":"Polygon","coordinates":[[[120.86921979356575,14.768303270924934],[120.87011810884987,14.768303270924934],[120.87011810884987,14.769201586209054],[120.86921979356575,14.769201586209054],[120.86921979356575,14.768303270924934]]]},"id":"+134551+16440","properties":{"cls":1,"count":1}},{"type":"Feature","geometry":{"geodesic":false,"type":"Polygon","coordinates":[[[120.87011810884987,14.415265364265963],[120.87101642413398,14.415265364265963],[120.87101642413398,14.416163679550081],[120.87011810884987,14.416163679550081],[120.87011810884987,14.415265364265963]]]},"id":"+134552+16047","properties":{"cls":1,"count":1}},{"type":"Feature","geometry":{"geodesic":false,"type":"Polygon","coordinates":[[[120.87011810884987,14.726082452571317],[120.87011810884987,14.725184137287197],[120.86921979356575,14.725184137287197],[120.86921979356575,14.726082452571317],[120.86832147828163,14.726082452571317],[120.8674231629975,14.724285822003077],[120.8719147394181,14.724285822003077],[120.8719147394181,14.725184137287197],[120.87011810884987,14.726082452571317]]]},"id":"+134552+16392","properties":{"cls":1,"count":7}},{"type":"Feature","geometry":{"geodesic":false,"type":"Polygon","coordinates":[[[120.87011810884987,14.735963920696632],[120.87101642413398,14.735963920696632],[120.87101642413398,14.73686223598075],[120.87011810884987,14.73686223598075],[120.87011810884987,14.735963920696632]]]},"id":"+134552+16404","properties":{"cls":1,"count":1}},{"type":"Feature","geometry":{"geodesic":false,"type":"Polygon","coordinates":[[[120.87011810884987,14.769201586209054],[120.87101642413398,14.769201586209054],[120.87101642413398,14.770099901493174],[120.87011810884987,14.770099901493174],[120.87011810884987,14.769201586209054]]]},"id":"+134552+16441","properties":{"cls":1,"count":1}},{"type":"Feature","geometry":{"geodesic":false,"type":"Polygon","coordinates":[[[120.87101642413398,14.417061994834201],[120.8719147394181,14.417061994834201],[120.8719147394181,14.417960310118321],[120.87101642413398,14.417960310118321],[120.87101642413398,14.417061994834201]]]},"id":"+134553+16049","properties":{"cls":1,"count":1}},{"type":"Feature","geometry":{"geodesic":false,"type":"Polygon","coordinates":[[[120.87101642413398,14.427841778243636],[120.8719147394181,14.427841778243636],[120.8719147394181,14.428740093527756],[120.87101642413398,14.428740093527756],[120.87101642413398,14.427841778243636]]]},"id":"+134553+16061","properties":{"cls":1,"count":1}},{"type":"Feature","geometry":{"geodesic":false,"type":"Polygon","coordinates":[[[120.86921979356575,14.431435039380114],[120.86832147828163,14.429638408811874],[120.87011810884987,14.429638408811874],[120.87011810884987,14.428740093527756],[120.87101642413398,14.428740093527756],[120.87101642413398,14.430536724095994],[120.8719147394181,14.430536724095994],[120.8719147394181,14.431435039380114],[120.86921979356575,14.431435039380114]]]},"id":"+134553+16064","properties":{"cls":1,"count":7}},{"type":"Feature","geometry":{"geodesic":false,"type":"Polygon","coordinates":[[[120.87101642413398,14.769201586209054],[120.87101642413398,14.766506640356695],[120.87011810884987,14.766506640356695],[120.87011810884987,14.765608325072575],[120.87101642413398,14.765608325072575],[120.87101642413398,14.764710009788455],[120.8719147394181,14.764710009788455],[120.8719147394181,14.765608325072575],[120.87371136998634,14.765608325072575],[120.87371136998634,14.766506640356695],[120.87460968527046,14.766506640356695],[120.87460968527046,14.764710009788455],[120.8764063158387,14.764710009788455],[120.87550800055458,14.760218433367859],[120.8764063158387,14.760218433367859],[120.8764063158387,14.762015063936097],[120.87910126169106,14.762015063936097],[120.87999957697518,14.763811694504337],[120.8808978922593,14.763811694504337],[120.8808978922593,14.761116748651977],[120.88179620754342,14.761116748651977],[120.88179620754342,14.762913379220217],[120.88269452282753,14.762913379220217],[120.88269452282753,14.761116748651977],[120.88628778396401,14.762015063936097],[120.88628778396401,14.765608325072575],[120.88718609924813,14.765608325072575],[120.88718609924813,14.763811694504337],[120.88808441453226,14.763811694504337],[120.88808441453226,14.767404955640815],[120.88628778396401,14.767404955640815],[120.88628778396401,14.766506640356695],[120.88449115339577,14.767404955640815],[120.88449115339577,14.766506640356695],[120.88359283811165,14.766506640356695],[120.88359283811165,14.768303270924934],[120.88269452282753,14.768303270924934],[120.88179620754342,14.766506640356695],[120.8808978922593,14.766506640356695],[120.88179620754342,14.764710009788455],[120.87730463112281,14.763811694504337],[120.87730463112281,14.765608325072575],[120.8764063158387,14.765608325072575],[120.87550800055458,14.767404955640815],[120.87281305470222,14.767404955640815],[120.87281305470222,14.766506640356695],[120.8719147394181,14.766506640356695],[120.87281305470222,14.768303270924934],[120.87101642413398,14.769201586209054]],[[120.88449115339577,14.765608325072575],[120.88359283811165,14.765608325072575],[120.88359283811165,14.763811694504337],[120.88538946867989,14.762913379220217],[120.88538946867989,14.764710009788455],[120.88449115339577,14.764710009788455],[120.88449115339577,14.765608325072575]]]},"id":"+134553+16440","properties":{"cls":1,"count":67}},{"type":"Feature","geometry":{"geodesic":false,"type":"Polygon","coordinates":[[[120.87101642413398,14.785371261323204],[120.8719147394181,14.785371261323204],[120.8719147394181,14.786269576607324],[120.87101642413398,14.786269576607324],[120.87101642413398,14.785371261323204]]]},"id":"+134553+16459","properties":{"cls":1,"count":1}},{"type":"Feature","geometry":{"geodesic":false,"type":"Polygon","coordinates":[[[120.8719147394181,14.429638408811874],[120.87281305470222,14.429638408811874],[120.87281305470222,14.430536724095994],[120.8719147394181,14.430536724095994],[120.8719147394181,14.429638408811874]]]},"id":"+134554+16063","properties":{"cls":1,"count":1}},{"type":"Feature","geometry":{"geodesic":false,"type":"Polygon","coordinates":[[[120.8719147394181,14.719794245582479],[120.87281305470222,14.719794245582479],[120.87281305470222,14.720692560866599],[120.8719147394181,14.720692560866599],[120.8719147394181,14.719794245582479]]]},"id":"+134554+16386","properties":{"cls":1,"count":1}},{"type":"Feature","geometry":{"geodesic":false,"type":"Polygon","coordinates":[[[120.8719147394181,14.740455497117228],[120.8719147394181,14.73865886654899],[120.87371136998634,14.73865886654899],[120.87371136998634,14.73776055126487],[120.87550800055458,14.73865886654899],[120.87550800055458,14.73955718183311],[120.87281305470222,14.73955718183311],[120.87281305470222,14.740455497117228],[120.8719147394181,14.740455497117228]]]},"id":"+134554+16408","properties":{"cls":1,"count":6}},{"type":"Feature","geometry":{"geodesic":false,"type":"Polygon","coordinates":[[[120.8719147394181,14.783574630754966],[120.87281305470222,14.783574630754966],[120.87281305470222,14.784472946039086],[120.8719147394181,14.784472946039086],[120.8719147394181,14.783574630754966]]]},"id":"+134554+16457","properties":{"cls":1,"count":1}},{"type":"Feature","geometry":{"geodesic":false,"type":"Polygon","coordinates":[[[120.87281305470222,14.427841778243636],[120.87371136998634,14.427841778243636],[120.87371136998634,14.428740093527756],[120.87281305470222,14.428740093527756],[120.87281305470222,14.427841778243636]]]},"id":"+134555+16061","properties":{"cls":1,"count":1}},{"type":"Feature","geometry":{"geodesic":false,"type":"Polygon","coordinates":[[[120.8719147394181,14.724285822003077],[120.8719147394181,14.722489191434839],[120.87460968527046,14.722489191434839],[120.87371136998634,14.724285822003077],[120.8719147394181,14.724285822003077]]]},"id":"+134555+16390","properties":{"cls":1,"count":5}},{"type":"Feature","geometry":{"geodesic":false,"type":"Polygon","coordinates":[[[120.87281305470222,14.735963920696632],[120.87371136998634,14.735963920696632],[120.87371136998634,14.73686223598075],[120.87281305470222,14.73686223598075],[120.87281305470222,14.735963920696632]]]},"id":"+134555+16404","properties":{"cls":1,"count":1}},{"type":"Feature","geometry":{"geodesic":false,"type":"Polygon","coordinates":[[[120.87281305470222,14.740455497117228],[120.87371136998634,14.740455497117228],[120.87371136998634,14.741353812401348],[120.87281305470222,14.741353812401348],[120.87281305470222,14.740455497117228]]]},"id":"+134555+16409","properties":{"cls":1,"count":1}},{"type":"Feature","geometry":{"geodesic":false,"type":"Polygon","coordinates":[[[120.87281305470222,14.762015063936097],[120.87281305470222,14.760218433367859],[120.8719147394181,14.760218433367859],[120.8719147394181,14.759320118083739],[120.87371136998634,14.758421802799619],[120.87371136998634,14.762015063936097],[120.87281305470222,14.762015063936097]]]},"id":"+134555+16432","properties":{"cls":1,"count":5}},{"type":"Feature","geometry":{"geodesic":false,"type":"Polygon","coordinates":[[[120.87371136998634,14.413468733697723],[120.87460968527046,14.413468733697723],[120.87460968527046,14.414367048981843],[120.87371136998634,14.414367048981843],[120.87371136998634,14.413468733697723]]]},"id":"+134556+16045","properties":{"cls":1,"count":1}},{"type":"Feature","geometry":{"geodesic":false,"type":"Polygon","coordinates":[[[120.87371136998634,14.429638408811874],[120.87460968527046,14.429638408811874],[120.87460968527046,14.430536724095994],[120.87371136998634,14.430536724095994],[120.87371136998634,14.429638408811874]]]},"id":"+134556+16063","properties":{"cls":1,"count":1}},{"type":"Feature","geometry":{"geodesic":false,"type":"Polygon","coordinates":[[[120.87371136998634,14.728777398423675],[120.87371136998634,14.724285822003077],[120.87460968527046,14.724285822003077],[120.8764063158387,14.726980767855435],[120.87460968527046,14.726980767855435],[120.87460968527046,14.728777398423675],[120.87371136998634,14.728777398423675]]]},"id":"+134556+16395","properties":{"cls":1,"count":8}},{"type":"Feature","geometry":{"geodesic":false,"type":"Polygon","coordinates":[[[120.87371136998634,14.748540334674304],[120.87460968527046,14.748540334674304],[120.87460968527046,14.749438649958424],[120.87371136998634,14.749438649958424],[120.87371136998634,14.748540334674304]]]},"id":"+134556+16418","properties":{"cls":1,"count":1}},{"type":"Feature","geometry":{"geodesic":false,"type":"Polygon","coordinates":[[[120.87371136998634,14.764710009788455],[120.87371136998634,14.762913379220217],[120.87550800055458,14.762913379220217],[120.87550800055458,14.763811694504337],[120.87371136998634,14.764710009788455]]]},"id":"+134556+16435","properties":{"cls":1,"count":3}},{"type":"Feature","geometry":{"geodesic":false,"type":"Polygon","coordinates":[[[120.87460968527046,14.427841778243636],[120.87550800055458,14.427841778243636],[120.87550800055458,14.428740093527756],[120.87460968527046,14.428740093527756],[120.87460968527046,14.427841778243636]]]},"id":"+134557+16061","properties":{"cls":1,"count":1}},{"type":"Feature","geometry":{"geodesic":false,"type":"Polygon","coordinates":[[[120.87460968527046,14.43592661580071],[120.87460968527046,14.435028300516592],[120.87371136998634,14.435028300516592],[120.87371136998634,14.43592661580071],[120.8719147394181,14.43592661580071],[120.8719147394181,14.434129985232472],[120.87101642413398,14.434129985232472],[120.87101642413398,14.433231669948352],[120.8719147394181,14.433231669948352],[120.8719147394181,14.431435039380114],[120.87281305470222,14.431435039380114],[120.87281305470222,14.433231669948352],[120.87371136998634,14.433231669948352],[120.87371136998634,14.434129985232472],[120.87550800055458,14.434129985232472],[120.87550800055458,14.43592661580071],[120.87460968527046,14.43592661580071]]]},"id":"+134557+16069","properties":{"cls":1,"count":12}},{"type":"Feature","geometry":{"geodesic":false,"type":"Polygon","coordinates":[[[120.87460968527046,14.442214822789548],[120.87550800055458,14.442214822789548],[120.87550800055458,14.444011453357787],[120.87460968527046,14.444011453357787],[120.87460968527046,14.442214822789548]]]},"id":"+134557+16078","properties":{"cls":1,"count":2}},{"type":"Feature","geometry":{"geodesic":false,"type":"Polygon","coordinates":[[[120.87460968527046,14.747642019390184],[120.87550800055458,14.747642019390184],[120.87550800055458,14.748540334674304],[120.87460968527046,14.748540334674304],[120.87460968527046,14.747642019390184]]]},"id":"+134557+16417","properties":{"cls":1,"count":1}},{"type":"Feature","geometry":{"geodesic":false,"type":"Polygon","coordinates":[[[120.87460968527046,14.758421802799619],[120.87550800055458,14.758421802799619],[120.87550800055458,14.759320118083739],[120.87460968527046,14.759320118083739],[120.87460968527046,14.758421802799619]]]},"id":"+134557+16429","properties":{"cls":1,"count":1}},{"type":"Feature","geometry":{"geodesic":false,"type":"Polygon","coordinates":[[[120.87550800055458,14.43592661580071],[120.8764063158387,14.43592661580071],[120.8764063158387,14.43682493108483],[120.87550800055458,14.43682493108483],[120.87550800055458,14.43592661580071]]]},"id":"+134558+16070","properties":{"cls":1,"count":1}},{"type":"Feature","geometry":{"geodesic":false,"type":"Polygon","coordinates":[[[120.87550800055458,14.442214822789548],[120.87460968527046,14.440418192221308],[120.8764063158387,14.439519876937188],[120.8764063158387,14.43862156165307],[120.87460968527046,14.43862156165307],[120.87460968527046,14.43772324636895],[120.87730463112281,14.43772324636895],[120.87730463112281,14.441316507505428],[120.87550800055458,14.442214822789548]]]},"id":"+134558+16076","properties":{"cls":1,"count":10}},{"type":"Feature","geometry":{"geodesic":false,"type":"Polygon","coordinates":[[[120.87550800055458,14.722489191434839],[120.8764063158387,14.722489191434839],[120.8764063158387,14.723387506718957],[120.87550800055458,14.723387506718957],[120.87550800055458,14.722489191434839]]]},"id":"+134558+16389","properties":{"cls":1,"count":1}},{"type":"Feature","geometry":{"geodesic":false,"type":"Polygon","coordinates":[[[120.87550800055458,14.73686223598075],[120.8764063158387,14.73686223598075],[120.8764063158387,14.73776055126487],[120.87550800055458,14.73776055126487],[120.87550800055458,14.73686223598075]]]},"id":"+134558+16405","properties":{"cls":1,"count":1}},{"type":"Feature","geometry":{"geodesic":false,"type":"Polygon","coordinates":[[[120.87550800055458,14.741353812401348],[120.8764063158387,14.741353812401348],[120.8764063158387,14.743150442969588],[120.87550800055458,14.743150442969588],[120.87550800055458,14.741353812401348]]]},"id":"+134558+16411","properties":{"cls":1,"count":2}},{"type":"Feature","geometry":{"geodesic":false,"type":"Polygon","coordinates":[[[120.87550800055458,14.412570418413603],[120.87730463112281,14.412570418413603],[120.87730463112281,14.413468733697723],[120.87550800055458,14.413468733697723],[120.87550800055458,14.412570418413603]]]},"id":"+134559+16044","properties":{"cls":1,"count":2}},{"type":"Feature","geometry":{"geodesic":false,"type":"Polygon","coordinates":[[[120.8764063158387,14.444011453357787],[120.8764063158387,14.442214822789548],[120.87730463112281,14.442214822789548],[120.87730463112281,14.441316507505428],[120.87910126169106,14.442214822789548],[120.87999957697518,14.440418192221308],[120.8808978922593,14.440418192221308],[120.8808978922593,14.441316507505428],[120.88359283811165,14.441316507505428],[120.88359283811165,14.442214822789548],[120.88179620754342,14.442214822789548],[120.88179620754342,14.443113138073667],[120.87730463112281,14.443113138073667],[120.87730463112281,14.444011453357787],[120.8764063158387,14.444011453357787]]]},"id":"+134559+16078","properties":{"cls":1,"count":14}},{"type":"Feature","geometry":{"geodesic":false,"type":"Polygon","coordinates":[[[120.8764063158387,14.725184137287197],[120.87730463112281,14.725184137287197],[120.87730463112281,14.726082452571317],[120.8764063158387,14.726082452571317],[120.8764063158387,14.725184137287197]]]},"id":"+134559+16392","properties":{"cls":1,"count":1}},{"type":"Feature","geometry":{"geodesic":false,"type":"Polygon","coordinates":[[[120.8764063158387,14.790761153027923],[120.87730463112281,14.790761153027923],[120.87730463112281,14.79165946831204],[120.8764063158387,14.79165946831204],[120.8764063158387,14.790761153027923]]]},"id":"+134559+16465","properties":{"cls":1,"count":1}},{"type":"Feature","geometry":{"geodesic":false,"type":"Polygon","coordinates":[[[120.8764063158387,14.809625773994432],[120.87730463112281,14.809625773994432],[120.87730463112281,14.810524089278552],[120.8764063158387,14.810524089278552],[120.8764063158387,14.809625773994432]]]},"id":"+134559+16486","properties":{"cls":1,"count":1}},{"type":"Feature","geometry":{"geodesic":false,"type":"Polygon","coordinates":[[[120.87730463112281,14.730574028991914],[120.87820294640694,14.730574028991914],[120.87820294640694,14.731472344276034],[120.87730463112281,14.731472344276034],[120.87730463112281,14.730574028991914]]]},"id":"+134560+16398","properties":{"cls":1,"count":1}},{"type":"Feature","geometry":{"geodesic":false,"type":"Polygon","coordinates":[[[120.87730463112281,14.747642019390184],[120.87730463112281,14.746743704106066],[120.87460968527046,14.746743704106066],[120.87371136998634,14.744947073537826],[120.8719147394181,14.744947073537826],[120.8719147394181,14.745845388821946],[120.87371136998634,14.745845388821946],[120.87371136998634,14.746743704106066],[120.87101642413398,14.746743704106066],[120.87101642413398,14.744947073537826],[120.87011810884987,14.744947073537826],[120.87011810884987,14.744048758253706],[120.87101642413398,14.744048758253706],[120.87101642413398,14.743150442969588],[120.87460968527046,14.743150442969588],[120.87460968527046,14.744947073537826],[120.87820294640694,14.745845388821946],[120.87820294640694,14.744947073537826],[120.87999957697518,14.744947073537826],[120.87999957697518,14.744048758253706],[120.8808978922593,14.744048758253706],[120.8808978922593,14.745845388821946],[120.87910126169106,14.745845388821946],[120.87910126169106,14.746743704106066],[120.87730463112281,14.747642019390184]]]},"id":"+134560+16416","properties":{"cls":1,"count":26}},{"type":"Feature","geometry":{"geodesic":false,"type":"Polygon","coordinates":[[[120.87820294640694,14.43772324636895],[120.87910126169106,14.43772324636895],[120.87910126169106,14.43862156165307],[120.87820294640694,14.43862156165307],[120.87820294640694,14.43772324636895]]]},"id":"+134561+16072","properties":{"cls":1,"count":1}},{"type":"Feature","geometry":{"geodesic":false,"type":"Polygon","coordinates":[[[120.87730463112281,14.449401345062505],[120.87730463112281,14.445808083926027],[120.87999957697518,14.444011453357787],[120.87999957697518,14.445808083926027],[120.87820294640694,14.446706399210145],[120.87820294640694,14.448503029778385],[120.87910126169106,14.448503029778385],[120.87910126169106,14.449401345062505],[120.87730463112281,14.449401345062505]]]},"id":"+134561+16084","properties":{"cls":1,"count":9}},{"type":"Feature","geometry":{"geodesic":false,"type":"Polygon","coordinates":[[[120.87820294640694,14.450299660346623],[120.87910126169106,14.450299660346623],[120.87910126169106,14.452096290914863],[120.87820294640694,14.452096290914863],[120.87820294640694,14.450299660346623]]]},"id":"+134561+16087","properties":{"cls":1,"count":2}},{"type":"Feature","geometry":{"geodesic":false,"type":"Polygon","coordinates":[[[120.87820294640694,14.453892921483101],[120.87910126169106,14.453892921483101],[120.87910126169106,14.455689552051341],[120.87820294640694,14.455689552051341],[120.87820294640694,14.453892921483101]]]},"id":"+134561+16091","properties":{"cls":1,"count":2}},{"type":"Feature","geometry":{"geodesic":false,"type":"Polygon","coordinates":[[[120.87820294640694,14.714404353877763],[120.87910126169106,14.714404353877763],[120.87910126169106,14.715302669161883],[120.87820294640694,14.715302669161883],[120.87820294640694,14.714404353877763]]]},"id":"+134561+16380","properties":{"cls":1,"count":1}},{"type":"Feature","geometry":{"geodesic":false,"type":"Polygon","coordinates":[[[120.87820294640694,14.723387506718957],[120.87910126169106,14.723387506718957],[120.87910126169106,14.724285822003077],[120.87820294640694,14.724285822003077],[120.87820294640694,14.723387506718957]]]},"id":"+134561+16390","properties":{"cls":1,"count":1}},{"type":"Feature","geometry":{"geodesic":false,"type":"Polygon","coordinates":[[[120.87820294640694,14.73955718183311],[120.87910126169106,14.73955718183311],[120.87910126169106,14.741353812401348],[120.87820294640694,14.741353812401348],[120.87820294640694,14.73955718183311]]]},"id":"+134561+16409","properties":{"cls":1,"count":2}},{"type":"Feature","geometry":{"geodesic":false,"type":"Polygon","coordinates":[[[120.87730463112281,14.743150442969588],[120.87730463112281,14.741353812401348],[120.87820294640694,14.741353812401348],[120.87910126169106,14.743150442969588],[120.87730463112281,14.743150442969588]]]},"id":"+134561+16411","properties":{"cls":1,"count":3}},{"type":"Feature","geometry":{"geodesic":false,"type":"Polygon","coordinates":[[[120.87730463112281,14.748540334674304],[120.87910126169106,14.748540334674304],[120.87910126169106,14.749438649958424],[120.87730463112281,14.749438649958424],[120.87730463112281,14.748540334674304]]]},"id":"+134561+16418","properties":{"cls":1,"count":2}},{"type":"Feature","geometry":{"geodesic":false,"type":"Polygon","coordinates":[[[120.87820294640694,14.760218433367859],[120.87910126169106,14.760218433367859],[120.87910126169106,14.761116748651977],[120.87820294640694,14.761116748651977],[120.87820294640694,14.760218433367859]]]},"id":"+134561+16431","properties":{"cls":1,"count":1}},{"type":"Feature","geometry":{"geodesic":false,"type":"Polygon","coordinates":[[[120.87820294640694,14.810524089278552],[120.87820294640694,14.809625773994432],[120.87730463112281,14.809625773994432],[120.87730463112281,14.807829143426193],[120.87910126169106,14.807829143426193],[120.87910126169106,14.810524089278552],[120.87820294640694,14.810524089278552]]]},"id":"+134561+16486","properties":{"cls":1,"count":5}},{"type":"Feature","geometry":{"geodesic":false,"type":"Polygon","coordinates":[[[120.87910126169106,14.447604714494265],[120.87999957697518,14.447604714494265],[120.87999957697518,14.448503029778385],[120.87910126169106,14.448503029778385],[120.87910126169106,14.447604714494265]]]},"id":"+134562+16083","properties":{"cls":1,"count":1}},{"type":"Feature","geometry":{"geodesic":false,"type":"Polygon","coordinates":[[[120.87910126169106,14.452096290914863],[120.87999957697518,14.452096290914863],[120.87999957697518,14.452994606198981],[120.87910126169106,14.452994606198981],[120.87910126169106,14.452096290914863]]]},"id":"+134562+16088","properties":{"cls":1,"count":1}},{"type":"Feature","geometry":{"geodesic":false,"type":"Polygon","coordinates":[[[120.87910126169106,14.71709929973012],[120.87999957697518,14.71709929973012],[120.87999957697518,14.71799761501424],[120.87910126169106,14.71799761501424],[120.87910126169106,14.71709929973012]]]},"id":"+134562+16383","properties":{"cls":1,"count":1}},{"type":"Feature","geometry":{"geodesic":false,"type":"Polygon","coordinates":[[[120.87820294640694,14.720692560866599],[120.87999957697518,14.720692560866599],[120.87999957697518,14.722489191434839],[120.87820294640694,14.722489191434839],[120.87820294640694,14.720692560866599]]]},"id":"+134562+16388","properties":{"cls":1,"count":4}},{"type":"Feature","geometry":{"geodesic":false,"type":"Polygon","coordinates":[[[120.87910126169106,14.73955718183311],[120.87910126169106,14.73865886654899],[120.87730463112281,14.73865886654899],[120.87730463112281,14.73686223598075],[120.8764063158387,14.73686223598075],[120.8764063158387,14.735963920696632],[120.87371136998634,14.735963920696632],[120.87371136998634,14.734167290128392],[120.87460968527046,14.734167290128392],[120.87460968527046,14.733268974844274],[120.87910126169106,14.734167290128392],[120.87910126169106,14.732370659560154],[120.8808978922593,14.732370659560154],[120.8808978922593,14.734167290128392],[120.88179620754342,14.734167290128392],[120.88179620754342,14.735065605412512],[120.87820294640694,14.735963920696632],[120.87910126169106,14.73776055126487],[120.8808978922593,14.73776055126487],[120.8808978922593,14.73865886654899],[120.87910126169106,14.73955718183311]]]},"id":"+134562+16407","properties":{"cls":1,"count":31}},{"type":"Feature","geometry":{"geodesic":false,"type":"Polygon","coordinates":[[[120.87730463112281,14.75393022637902],[120.87730463112281,14.752133595810783],[120.8764063158387,14.752133595810783],[120.8764063158387,14.750336965242544],[120.87550800055458,14.750336965242544],[120.87550800055458,14.749438649958424],[120.87730463112281,14.749438649958424],[120.87730463112281,14.750336965242544],[120.87910126169106,14.750336965242544],[120.87910126169106,14.751235280526663],[120.88179620754342,14.751235280526663],[120.88179620754342,14.752133595810783],[120.87999957697518,14.752133595810783],[120.87999957697518,14.75393022637902],[120.87730463112281,14.75393022637902]]]},"id":"+134562+16423","properties":{"cls":1,"count":17}},{"type":"Feature","geometry":{"geodesic":false,"type":"Polygon","coordinates":[[[120.87910126169106,14.75662517223138],[120.87999957697518,14.75662517223138],[120.87999957697518,14.757523487515499],[120.87910126169106,14.757523487515499],[120.87910126169106,14.75662517223138]]]},"id":"+134562+16427","properties":{"cls":1,"count":1}},{"type":"Feature","geometry":{"geodesic":false,"type":"Polygon","coordinates":[[[120.87910126169106,14.761116748651977],[120.87999957697518,14.761116748651977],[120.87999957697518,14.762015063936097],[120.87910126169106,14.762015063936097],[120.87910126169106,14.761116748651977]]]},"id":"+134562+16432","properties":{"cls":1,"count":1}},{"type":"Feature","geometry":{"geodesic":false,"type":"Polygon","coordinates":[[[120.87910126169106,14.786269576607324],[120.87999957697518,14.786269576607324],[120.87999957697518,14.788066207175564],[120.87910126169106,14.788066207175564],[120.87910126169106,14.786269576607324]]]},"id":"+134562+16461","properties":{"cls":1,"count":2}},{"type":"Feature","geometry":{"geodesic":false,"type":"Polygon","coordinates":[[[120.87910126169106,14.43862156165307],[120.8808978922593,14.43862156165307],[120.8808978922593,14.439519876937188],[120.87910126169106,14.439519876937188],[120.87910126169106,14.43862156165307]]]},"id":"+134563+16073","properties":{"cls":1,"count":2}},{"type":"Feature","geometry":{"geodesic":false,"type":"Polygon","coordinates":[[[120.87999957697518,14.453892921483101],[120.8808978922593,14.453892921483101],[120.8808978922593,14.454791236767221],[120.87999957697518,14.454791236767221],[120.87999957697518,14.453892921483101]]]},"id":"+134563+16090","properties":{"cls":1,"count":1}},{"type":"Feature","geometry":{"geodesic":false,"type":"Polygon","coordinates":[[[120.87999957697518,14.71889593029836],[120.8808978922593,14.71889593029836],[120.8808978922593,14.719794245582479],[120.87999957697518,14.719794245582479],[120.87999957697518,14.71889593029836]]]},"id":"+134563+16385","properties":{"cls":1,"count":1}},{"type":"Feature","geometry":{"geodesic":false,"type":"Polygon","coordinates":[[[120.87999957697518,14.735963920696632],[120.8808978922593,14.735963920696632],[120.8808978922593,14.73686223598075],[120.87999957697518,14.73686223598075],[120.87999957697518,14.735963920696632]]]},"id":"+134563+16404","properties":{"cls":1,"count":1}},{"type":"Feature","geometry":{"geodesic":false,"type":"Polygon","coordinates":[[[120.87999957697518,14.741353812401348],[120.8808978922593,14.741353812401348],[120.8808978922593,14.742252127685468],[120.87999957697518,14.742252127685468],[120.87999957697518,14.741353812401348]]]},"id":"+134563+16410","properties":{"cls":1,"count":1}},{"type":"Feature","geometry":{"geodesic":false,"type":"Polygon","coordinates":[[[120.87999957697518,14.747642019390184],[120.8808978922593,14.747642019390184],[120.8808978922593,14.748540334674304],[120.87999957697518,14.748540334674304],[120.87999957697518,14.747642019390184]]]},"id":"+134563+16417","properties":{"cls":1,"count":1}},{"type":"Feature","geometry":{"geodesic":false,"type":"Polygon","coordinates":[[[120.87999957697518,14.75393022637902],[120.8808978922593,14.75393022637902],[120.8808978922593,14.75482854166314],[120.87999957697518,14.75482854166314],[120.87999957697518,14.75393022637902]]]},"id":"+134563+16424","properties":{"cls":1,"count":1}},{"type":"Feature","geometry":{"geodesic":false,"type":"Polygon","coordinates":[[[120.87999957697518,14.784472946039086],[120.8808978922593,14.784472946039086],[120.8808978922593,14.785371261323204],[120.87999957697518,14.785371261323204],[120.87999957697518,14.784472946039086]]]},"id":"+134563+16458","properties":{"cls":1,"count":1}},{"type":"Feature","geometry":{"geodesic":false,"type":"Polygon","coordinates":[[[120.8808978922593,14.451197975630743],[120.88179620754342,14.451197975630743],[120.88179620754342,14.452096290914863],[120.8808978922593,14.452096290914863],[120.8808978922593,14.451197975630743]]]},"id":"+134564+16087","properties":{"cls":1,"count":1}},{"type":"Feature","geometry":{"geodesic":false,"type":"Polygon","coordinates":[[[120.8808978922593,14.45928281318782],[120.88179620754342,14.45928281318782],[120.88179620754342,14.460181128471937],[120.8808978922593,14.460181128471937],[120.8808978922593,14.45928281318782]]]},"id":"+134564+16096","properties":{"cls":1,"count":1}},{"type":"Feature","geometry":{"geodesic":false,"type":"Polygon","coordinates":[[[120.8808978922593,14.725184137287197],[120.88179620754342,14.725184137287197],[120.88179620754342,14.726980767855435],[120.8808978922593,14.726980767855435],[120.8808978922593,14.725184137287197]]]},"id":"+134564+16393","properties":{"cls":1,"count":2}},{"type":"Feature","geometry":{"geodesic":false,"type":"Polygon","coordinates":[[[120.8808978922593,14.73686223598075],[120.88179620754342,14.73686223598075],[120.88179620754342,14.73776055126487],[120.8808978922593,14.73776055126487],[120.8808978922593,14.73686223598075]]]},"id":"+134564+16405","properties":{"cls":1,"count":1}},{"type":"Feature","geometry":{"geodesic":false,"type":"Polygon","coordinates":[[[120.8808978922593,14.746743704106066],[120.88179620754342,14.746743704106066],[120.88179620754342,14.747642019390184],[120.8808978922593,14.747642019390184],[120.8808978922593,14.746743704106066]]]},"id":"+134564+16416","properties":{"cls":1,"count":1}},{"type":"Feature","geometry":{"geodesic":false,"type":"Polygon","coordinates":[[[120.8808978922593,14.748540334674304],[120.88179620754342,14.748540334674304],[120.88179620754342,14.749438649958424],[120.8808978922593,14.749438649958424],[120.8808978922593,14.748540334674304]]]},"id":"+134564+16418","properties":{"cls":1,"count":1}},{"type":"Feature","geometry":{"geodesic":false,"type":"Polygon","coordinates":[[[120.8808978922593,14.753031911094903],[120.88179620754342,14.753031911094903],[120.88179620754342,14.75393022637902],[120.8808978922593,14.75393022637902],[120.8808978922593,14.753031911094903]]]},"id":"+134564+16423","properties":{"cls":1,"count":1}},{"type":"Feature","geometry":{"geodesic":false,"type":"Polygon","coordinates":[[[120.8808978922593,14.757523487515499],[120.8808978922593,14.75482854166314],[120.88179620754342,14.75482854166314],[120.88179620754342,14.75393022637902],[120.88359283811165,14.75393022637902],[120.88359283811165,14.75482854166314],[120.88179620754342,14.75572685694726],[120.88179620754342,14.757523487515499],[120.8808978922593,14.757523487515499]]]},"id":"+134564+16427","properties":{"cls":1,"count":6}},{"type":"Feature","geometry":{"geodesic":false,"type":"Polygon","coordinates":[[[120.8808978922593,14.767404955640815],[120.88179620754342,14.767404955640815],[120.88179620754342,14.768303270924934],[120.8808978922593,14.768303270924934],[120.8808978922593,14.767404955640815]]]},"id":"+134564+16439","properties":{"cls":1,"count":1}},{"type":"Feature","geometry":{"geodesic":false,"type":"Polygon","coordinates":[[[120.8808978922593,14.808727458710312],[120.88179620754342,14.808727458710312],[120.88179620754342,14.809625773994432],[120.8808978922593,14.809625773994432],[120.8808978922593,14.808727458710312]]]},"id":"+134564+16485","properties":{"cls":1,"count":1}},{"type":"Feature","geometry":{"geodesic":false,"type":"Polygon","coordinates":[[[120.8808978922593,14.821303872687986],[120.88179620754342,14.821303872687986],[120.88179620754342,14.822202187972106],[120.8808978922593,14.822202187972106],[120.8808978922593,14.821303872687986]]]},"id":"+134564+16499","properties":{"cls":1,"count":1}},{"type":"Feature","geometry":{"geodesic":false,"type":"Polygon","coordinates":[[[120.8808978922593,14.823100503256224],[120.88179620754342,14.823100503256224],[120.88179620754342,14.823998818540344],[120.8808978922593,14.823998818540344],[120.8808978922593,14.823100503256224]]]},"id":"+134564+16501","properties":{"cls":1,"count":1}},{"type":"Feature","geometry":{"geodesic":false,"type":"Polygon","coordinates":[[[120.8808978922593,14.448503029778385],[120.88269452282753,14.448503029778385],[120.88269452282753,14.449401345062505],[120.8808978922593,14.449401345062505],[120.8808978922593,14.448503029778385]]]},"id":"+134565+16084","properties":{"cls":1,"count":2}},{"type":"Feature","geometry":{"geodesic":false,"type":"Polygon","coordinates":[[[120.88179620754342,14.452994606198981],[120.88269452282753,14.452994606198981],[120.88269452282753,14.453892921483101],[120.88179620754342,14.453892921483101],[120.88179620754342,14.452994606198981]]]},"id":"+134565+16089","properties":{"cls":1,"count":1}},{"type":"Feature","geometry":{"geodesic":false,"type":"Polygon","coordinates":[[[120.88179620754342,14.454791236767221],[120.88269452282753,14.454791236767221],[120.88269452282753,14.455689552051341],[120.88179620754342,14.455689552051341],[120.88179620754342,14.454791236767221]]]},"id":"+134565+16091","properties":{"cls":1,"count":1}},{"type":"Feature","geometry":{"geodesic":false,"type":"Polygon","coordinates":[[[120.88179620754342,14.460181128471937],[120.88269452282753,14.460181128471937],[120.88269452282753,14.461079443756057],[120.88179620754342,14.461079443756057],[120.88179620754342,14.460181128471937]]]},"id":"+134565+16097","properties":{"cls":1,"count":1}},{"type":"Feature","geometry":{"geodesic":false,"type":"Polygon","coordinates":[[[120.88179620754342,14.463774389608416],[120.88269452282753,14.463774389608416],[120.88269452282753,14.464672704892536],[120.88179620754342,14.464672704892536],[120.88179620754342,14.463774389608416]]]},"id":"+134565+16101","properties":{"cls":1,"count":1}},{"type":"Feature","geometry":{"geodesic":false,"type":"Polygon","coordinates":[[[120.88179620754342,14.735065605412512],[120.88269452282753,14.735065605412512],[120.88269452282753,14.735963920696632],[120.88179620754342,14.735963920696632],[120.88179620754342,14.735065605412512]]]},"id":"+134565+16403","properties":{"cls":1,"count":1}},{"type":"Feature","geometry":{"geodesic":false,"type":"Polygon","coordinates":[[[120.8808978922593,14.73865886654899],[120.88269452282753,14.73865886654899],[120.88269452282753,14.73955718183311],[120.8808978922593,14.73955718183311],[120.8808978922593,14.73865886654899]]]},"id":"+134565+16407","properties":{"cls":1,"count":2}},{"type":"Feature","geometry":{"geodesic":false,"type":"Polygon","coordinates":[[[120.87820294640694,14.758421802799619],[120.88269452282753,14.758421802799619],[120.88269452282753,14.759320118083739],[120.87820294640694,14.759320118083739],[120.87820294640694,14.758421802799619]]]},"id":"+134565+16429","properties":{"cls":1,"count":5}},{"type":"Feature","geometry":{"geodesic":false,"type":"Polygon","coordinates":[[[120.88179620754342,14.81501566569915],[120.88269452282753,14.81501566569915],[120.88269452282753,14.815913980983268],[120.88179620754342,14.815913980983268],[120.88179620754342,14.81501566569915]]]},"id":"+134565+16492","properties":{"cls":1,"count":1}},{"type":"Feature","geometry":{"geodesic":false,"type":"Polygon","coordinates":[[[120.88179620754342,14.443113138073667],[120.88359283811165,14.443113138073667],[120.88359283811165,14.444011453357787],[120.88179620754342,14.444011453357787],[120.88179620754342,14.443113138073667]]]},"id":"+134566+16078","properties":{"cls":1,"count":2}},{"type":"Feature","geometry":{"geodesic":false,"type":"Polygon","coordinates":[[[120.88269452282753,14.444909768641907],[120.88359283811165,14.444909768641907],[120.88359283811165,14.445808083926027],[120.88269452282753,14.445808083926027],[120.88269452282753,14.444909768641907]]]},"id":"+134566+16080","properties":{"cls":1,"count":1}},{"type":"Feature","geometry":{"geodesic":false,"type":"Polygon","coordinates":[[[120.88269452282753,14.447604714494265],[120.88359283811165,14.447604714494265],[120.88359283811165,14.448503029778385],[120.88269452282753,14.448503029778385],[120.88269452282753,14.447604714494265]]]},"id":"+134566+16083","properties":{"cls":1,"count":1}},{"type":"Feature","geometry":{"geodesic":false,"type":"Polygon","coordinates":[[[120.88179620754342,14.4583844979037],[120.88359283811165,14.4583844979037],[120.88359283811165,14.45928281318782],[120.88179620754342,14.45928281318782],[120.88179620754342,14.4583844979037]]]},"id":"+134566+16095","properties":{"cls":1,"count":2}},{"type":"Feature","geometry":{"geodesic":false,"type":"Polygon","coordinates":[[[120.88269452282753,14.71709929973012],[120.88269452282753,14.714404353877763],[120.88449115339577,14.714404353877763],[120.88538946867989,14.716200984446003],[120.88359283811165,14.716200984446003],[120.88359283811165,14.71709929973012],[120.88269452282753,14.71709929973012]]]},"id":"+134566+16382","properties":{"cls":1,"count":6}},{"type":"Feature","geometry":{"geodesic":false,"type":"Polygon","coordinates":[[[120.88179620754342,14.725184137287197],[120.88179620754342,14.724285822003077],[120.87999957697518,14.725184137287197],[120.87999957697518,14.722489191434839],[120.8808978922593,14.722489191434839],[120.8808978922593,14.723387506718957],[120.88359283811165,14.723387506718957],[120.88359283811165,14.725184137287197],[120.88179620754342,14.725184137287197]]]},"id":"+134566+16391","properties":{"cls":1,"count":8}},{"type":"Feature","geometry":{"geodesic":false,"type":"Polygon","coordinates":[[[120.88269452282753,14.729675713707795],[120.88359283811165,14.729675713707795],[120.88359283811165,14.730574028991914],[120.88269452282753,14.730574028991914],[120.88269452282753,14.729675713707795]]]},"id":"+134566+16397","properties":{"cls":1,"count":1}},{"type":"Feature","geometry":{"geodesic":false,"type":"Polygon","coordinates":[[[120.88269452282753,14.734167290128392],[120.88359283811165,14.734167290128392],[120.88359283811165,14.735065605412512],[120.88269452282753,14.735065605412512],[120.88269452282753,14.734167290128392]]]},"id":"+134566+16402","properties":{"cls":1,"count":1}},{"type":"Feature","geometry":{"geodesic":false,"type":"Polygon","coordinates":[[[120.88269452282753,14.735963920696632],[120.88359283811165,14.735963920696632],[120.88359283811165,14.73686223598075],[120.88269452282753,14.73686223598075],[120.88269452282753,14.735963920696632]]]},"id":"+134566+16404","properties":{"cls":1,"count":1}},{"type":"Feature","geometry":{"geodesic":false,"type":"Polygon","coordinates":[[[120.88269452282753,14.757523487515499],[120.88269452282753,14.75572685694726],[120.88449115339577,14.75482854166314],[120.88449115339577,14.75662517223138],[120.88269452282753,14.757523487515499]]]},"id":"+134566+16427","properties":{"cls":1,"count":4}},{"type":"Feature","geometry":{"geodesic":false,"type":"Polygon","coordinates":[[[120.88269452282753,14.77638810848201],[120.88359283811165,14.77638810848201],[120.88359283811165,14.779083054334368],[120.88269452282753,14.779083054334368],[120.88269452282753,14.77638810848201]]]},"id":"+134566+16451","properties":{"cls":1,"count":3}},{"type":"Feature","geometry":{"geodesic":false,"type":"Polygon","coordinates":[[[120.88269452282753,14.783574630754966],[120.88269452282753,14.782676315470846],[120.88179620754342,14.782676315470846],[120.88179620754342,14.779981369618488],[120.88359283811165,14.779981369618488],[120.88359283811165,14.779083054334368],[120.88449115339577,14.779083054334368],[120.88449115339577,14.779981369618488],[120.88628778396401,14.779981369618488],[120.88628778396401,14.780879684902608],[120.88449115339577,14.780879684902608],[120.88449115339577,14.782676315470846],[120.88269452282753,14.783574630754966]],[[120.88359283811165,14.781778000186726],[120.88269452282753,14.781778000186726],[120.88269452282753,14.780879684902608],[120.88359283811165,14.780879684902608],[120.88359283811165,14.781778000186726]]]},"id":"+134566+16456","properties":{"cls":1,"count":12}},{"type":"Feature","geometry":{"geodesic":false,"type":"Polygon","coordinates":[[[120.88269452282753,14.787167891891444],[120.88359283811165,14.787167891891444],[120.88359283811165,14.788964522459683],[120.88269452282753,14.788964522459683],[120.88269452282753,14.787167891891444]]]},"id":"+134566+16462","properties":{"cls":1,"count":2}},{"type":"Feature","geometry":{"geodesic":false,"type":"Polygon","coordinates":[[[120.88269452282753,14.789862837743803],[120.88359283811165,14.789862837743803],[120.88359283811165,14.790761153027923],[120.88269452282753,14.790761153027923],[120.88269452282753,14.789862837743803]]]},"id":"+134566+16464","properties":{"cls":1,"count":1}},{"type":"Feature","geometry":{"geodesic":false,"type":"Polygon","coordinates":[[[120.88359283811165,14.444011453357787],[120.88449115339577,14.444011453357787],[120.88449115339577,14.444909768641907],[120.88359283811165,14.444909768641907],[120.88359283811165,14.444011453357787]]]},"id":"+134567+16079","properties":{"cls":1,"count":1}},{"type":"Feature","geometry":{"geodesic":false,"type":"Polygon","coordinates":[[[120.88359283811165,14.449401345062505],[120.88449115339577,14.449401345062505],[120.88449115339577,14.450299660346623],[120.88359283811165,14.450299660346623],[120.88359283811165,14.449401345062505]]]},"id":"+134567+16085","properties":{"cls":1,"count":1}},{"type":"Feature","geometry":{"geodesic":false,"type":"Polygon","coordinates":[[[120.88269452282753,14.712607723309524],[120.88449115339577,14.712607723309524],[120.88449115339577,14.713506038593643],[120.88269452282753,14.713506038593643],[120.88269452282753,14.712607723309524]]]},"id":"+134567+16378","properties":{"cls":1,"count":2}},{"type":"Feature","geometry":{"geodesic":false,"type":"Polygon","coordinates":[[[120.88359283811165,14.733268974844274],[120.88449115339577,14.733268974844274],[120.88449115339577,14.734167290128392],[120.88359283811165,14.734167290128392],[120.88359283811165,14.733268974844274]]]},"id":"+134567+16401","properties":{"cls":1,"count":1}},{"type":"Feature","geometry":{"geodesic":false,"type":"Polygon","coordinates":[[[120.88359283811165,14.735065605412512],[120.88449115339577,14.735065605412512],[120.88449115339577,14.735963920696632],[120.88359283811165,14.735963920696632],[120.88359283811165,14.735065605412512]]]},"id":"+134567+16403","properties":{"cls":1,"count":1}},{"type":"Feature","geometry":{"geodesic":false,"type":"Polygon","coordinates":[[[120.88449115339577,14.449401345062505],[120.88449115339577,14.444909768641907],[120.88628778396401,14.444011453357787],[120.88628778396401,14.443113138073667],[120.88359283811165,14.443113138073667],[120.88359283811165,14.442214822789548],[120.88538946867989,14.441316507505428],[120.88538946867989,14.442214822789548],[120.88718609924813,14.442214822789548],[120.88718609924813,14.444011453357787],[120.88808441453226,14.444011453357787],[120.88808441453226,14.444909768641907],[120.8898810451005,14.444011453357787],[120.8898810451005,14.444909768641907],[120.89077936038461,14.444909768641907],[120.89077936038461,14.446706399210145],[120.88538946867989,14.446706399210145],[120.88628778396401,14.448503029778385],[120.88449115339577,14.449401345062505]]]},"id":"+134568+16084","properties":{"cls":1,"count":28}},{"type":"Feature","geometry":{"geodesic":false,"type":"Polygon","coordinates":[[[120.88449115339577,14.45748618261958],[120.88538946867989,14.45748618261958],[120.88538946867989,14.4583844979037],[120.88449115339577,14.4583844979037],[120.88449115339577,14.45748618261958]]]},"id":"+134568+16094","properties":{"cls":1,"count":1}},{"type":"Feature","geometry":{"geodesic":false,"type":"Polygon","coordinates":[[[120.88449115339577,14.461977759040177],[120.88538946867989,14.461977759040177],[120.88538946867989,14.462876074324297],[120.88449115339577,14.462876074324297],[120.88449115339577,14.461977759040177]]]},"id":"+134568+16099","properties":{"cls":1,"count":1}},{"type":"Feature","geometry":{"geodesic":false,"type":"Polygon","coordinates":[[[120.88449115339577,14.71799761501424],[120.88538946867989,14.71799761501424],[120.88538946867989,14.71889593029836],[120.88449115339577,14.71889593029836],[120.88449115339577,14.71799761501424]]]},"id":"+134568+16384","properties":{"cls":1,"count":1}},{"type":"Feature","geometry":{"geodesic":false,"type":"Polygon","coordinates":[[[120.88359283811165,14.731472344276034],[120.88538946867989,14.731472344276034],[120.88538946867989,14.732370659560154],[120.88359283811165,14.732370659560154],[120.88359283811165,14.731472344276034]]]},"id":"+134568+16399","properties":{"cls":1,"count":2}},{"type":"Feature","geometry":{"geodesic":false,"type":"Polygon","coordinates":[[[120.88449115339577,14.734167290128392],[120.88538946867989,14.734167290128392],[120.88538946867989,14.735065605412512],[120.88449115339577,14.735065605412512],[120.88449115339577,14.734167290128392]]]},"id":"+134568+16402","properties":{"cls":1,"count":1}},{"type":"Feature","geometry":{"geodesic":false,"type":"Polygon","coordinates":[[[120.88449115339577,14.73865886654899],[120.88538946867989,14.73865886654899],[120.88538946867989,14.740455497117228],[120.88449115339577,14.740455497117228],[120.88449115339577,14.73865886654899]]]},"id":"+134568+16408","properties":{"cls":1,"count":2}},{"type":"Feature","geometry":{"geodesic":false,"type":"Polygon","coordinates":[[[120.88449115339577,14.751235280526663],[120.88538946867989,14.751235280526663],[120.88538946867989,14.752133595810783],[120.88449115339577,14.752133595810783],[120.88449115339577,14.751235280526663]]]},"id":"+134568+16421","properties":{"cls":1,"count":1}},{"type":"Feature","geometry":{"geodesic":false,"type":"Polygon","coordinates":[[[120.88449115339577,14.758421802799619],[120.88538946867989,14.758421802799619],[120.88538946867989,14.759320118083739],[120.88449115339577,14.759320118083739],[120.88449115339577,14.758421802799619]]]},"id":"+134568+16429","properties":{"cls":1,"count":1}},{"type":"Feature","geometry":{"geodesic":false,"type":"Polygon","coordinates":[[[120.88449115339577,14.77638810848201],[120.88538946867989,14.77638810848201],[120.88538946867989,14.778184739050248],[120.88449115339577,14.778184739050248],[120.88449115339577,14.77638810848201]]]},"id":"+134568+16450","properties":{"cls":1,"count":2}},{"type":"Feature","geometry":{"geodesic":false,"type":"Polygon","coordinates":[[[120.88449115339577,14.784472946039086],[120.88538946867989,14.784472946039086],[120.88538946867989,14.785371261323204],[120.88449115339577,14.785371261323204],[120.88449115339577,14.784472946039086]]]},"id":"+134568+16458","properties":{"cls":1,"count":1}},{"type":"Feature","geometry":{"geodesic":false,"type":"Polygon","coordinates":[[[120.88538946867989,14.470960911881372],[120.88628778396401,14.470960911881372],[120.88628778396401,14.471859227165492],[120.88538946867989,14.471859227165492],[120.88538946867989,14.470960911881372]]]},"id":"+134569+16109","properties":{"cls":1,"count":1}},{"type":"Feature","geometry":{"geodesic":false,"type":"Polygon","coordinates":[[[120.88359283811165,14.726980767855435],[120.88359283811165,14.725184137287197],[120.88538946867989,14.726082452571317],[120.88538946867989,14.725184137287197],[120.88628778396401,14.725184137287197],[120.88628778396401,14.726980767855435],[120.88359283811165,14.726980767855435]]]},"id":"+134569+16393","properties":{"cls":1,"count":5}},{"type":"Feature","geometry":{"geodesic":false,"type":"Polygon","coordinates":[[[120.88538946867989,14.730574028991914],[120.88628778396401,14.730574028991914],[120.88628778396401,14.731472344276034],[120.88538946867989,14.731472344276034],[120.88538946867989,14.730574028991914]]]},"id":"+134569+16398","properties":{"cls":1,"count":1}},{"type":"Feature","geometry":{"geodesic":false,"type":"Polygon","coordinates":[[[120.88538946867989,14.750336965242544],[120.88628778396401,14.750336965242544],[120.88628778396401,14.751235280526663],[120.88538946867989,14.751235280526663],[120.88538946867989,14.750336965242544]]]},"id":"+134569+16420","properties":{"cls":1,"count":1}},{"type":"Feature","geometry":{"geodesic":false,"type":"Polygon","coordinates":[[[120.88538946867989,14.75393022637902],[120.88628778396401,14.75393022637902],[120.88628778396401,14.75482854166314],[120.88538946867989,14.75482854166314],[120.88538946867989,14.75393022637902]]]},"id":"+134569+16424","properties":{"cls":1,"count":1}},{"type":"Feature","geometry":{"geodesic":false,"type":"Polygon","coordinates":[[[120.88538946867989,14.778184739050248],[120.88628778396401,14.778184739050248],[120.88628778396401,14.779083054334368],[120.88538946867989,14.779083054334368],[120.88538946867989,14.778184739050248]]]},"id":"+134569+16451","properties":{"cls":1,"count":1}},{"type":"Feature","geometry":{"geodesic":false,"type":"Polygon","coordinates":[[[120.88538946867989,14.786269576607324],[120.88628778396401,14.786269576607324],[120.88628778396401,14.787167891891444],[120.88538946867989,14.787167891891444],[120.88538946867989,14.786269576607324]]]},"id":"+134569+16460","properties":{"cls":1,"count":1}},{"type":"Feature","geometry":{"geodesic":false,"type":"Polygon","coordinates":[[[120.88359283811165,14.788964522459683],[120.88628778396401,14.788964522459683],[120.88628778396401,14.789862837743803],[120.88359283811165,14.789862837743803],[120.88359283811165,14.788964522459683]]]},"id":"+134569+16463","properties":{"cls":1,"count":3}},{"type":"Feature","geometry":{"geodesic":false,"type":"Polygon","coordinates":[[[120.88538946867989,14.796151044732639],[120.88628778396401,14.796151044732639],[120.88628778396401,14.797049360016759],[120.88538946867989,14.797049360016759],[120.88538946867989,14.796151044732639]]]},"id":"+134569+16471","properties":{"cls":1,"count":1}},{"type":"Feature","geometry":{"geodesic":false,"type":"Polygon","coordinates":[[[120.88628778396401,14.449401345062505],[120.88718609924813,14.449401345062505],[120.88718609924813,14.450299660346623],[120.88628778396401,14.450299660346623],[120.88628778396401,14.449401345062505]]]},"id":"+134570+16085","properties":{"cls":1,"count":1}},{"type":"Feature","geometry":{"geodesic":false,"type":"Polygon","coordinates":[[[120.88628778396401,14.451197975630743],[120.88718609924813,14.451197975630743],[120.88718609924813,14.452096290914863],[120.88628778396401,14.452096290914863],[120.88628778396401,14.451197975630743]]]},"id":"+134570+16087","properties":{"cls":1,"count":1}},{"type":"Feature","geometry":{"geodesic":false,"type":"Polygon","coordinates":[[[120.88628778396401,14.45748618261958],[120.88628778396401,14.455689552051341],[120.88538946867989,14.455689552051341],[120.88538946867989,14.454791236767221],[120.88269452282753,14.454791236767221],[120.88269452282753,14.453892921483101],[120.88449115339577,14.453892921483101],[120.88449115339577,14.452994606198981],[120.88808441453226,14.452994606198981],[120.88808441453226,14.452096290914863],[120.88898272981638,14.452096290914863],[120.88898272981638,14.452994606198981],[120.8898810451005,14.452994606198981],[120.8898810451005,14.454791236767221],[120.88808441453226,14.454791236767221],[120.88808441453226,14.455689552051341],[120.88718609924813,14.455689552051341],[120.88718609924813,14.45748618261958],[120.88628778396401,14.45748618261958]]]},"id":"+134570+16093","properties":{"cls":1,"count":20}},{"type":"Feature","geometry":{"geodesic":false,"type":"Polygon","coordinates":[[[120.88628778396401,14.472757542449612],[120.88718609924813,14.472757542449612],[120.88718609924813,14.47365585773373],[120.88628778396401,14.47365585773373],[120.88628778396401,14.472757542449612]]]},"id":"+134570+16111","properties":{"cls":1,"count":1}},{"type":"Feature","geometry":{"geodesic":false,"type":"Polygon","coordinates":[[[120.88449115339577,14.722489191434839],[120.88718609924813,14.722489191434839],[120.88718609924813,14.724285822003077],[120.88449115339577,14.724285822003077],[120.88449115339577,14.722489191434839]]]},"id":"+134570+16390","properties":{"cls":1,"count":6}},{"type":"Feature","geometry":{"geodesic":false,"type":"Polygon","coordinates":[[[120.88538946867989,14.73776055126487],[120.88538946867989,14.73686223598075],[120.88628778396401,14.73686223598075],[120.88628778396401,14.735065605412512],[120.88718609924813,14.735065605412512],[120.88718609924813,14.73776055126487],[120.88538946867989,14.73776055126487]]]},"id":"+134570+16405","properties":{"cls":1,"count":4}},{"type":"Feature","geometry":{"geodesic":false,"type":"Polygon","coordinates":[[[120.88628778396401,14.73955718183311],[120.88718609924813,14.73955718183311],[120.88718609924813,14.740455497117228],[120.88628778396401,14.740455497117228],[120.88628778396401,14.73955718183311]]]},"id":"+134570+16408","properties":{"cls":1,"count":1}},{"type":"Feature","geometry":{"geodesic":false,"type":"Polygon","coordinates":[[[120.88628778396401,14.749438649958424],[120.88718609924813,14.749438649958424],[120.88718609924813,14.750336965242544],[120.88628778396401,14.750336965242544],[120.88628778396401,14.749438649958424]]]},"id":"+134570+16419","properties":{"cls":1,"count":1}},{"type":"Feature","geometry":{"geodesic":false,"type":"Polygon","coordinates":[[[120.88628778396401,14.751235280526663],[120.88718609924813,14.751235280526663],[120.88718609924813,14.752133595810783],[120.88628778396401,14.752133595810783],[120.88628778396401,14.751235280526663]]]},"id":"+134570+16421","properties":{"cls":1,"count":1}},{"type":"Feature","geometry":{"geodesic":false,"type":"Polygon","coordinates":[[[120.88628778396401,14.77638810848201],[120.88538946867989,14.77459147791377],[120.88718609924813,14.77459147791377],[120.88718609924813,14.773693162629652],[120.88808441453226,14.773693162629652],[120.88808441453226,14.77548979319789],[120.88628778396401,14.77638810848201]]]},"id":"+134570+16448","properties":{"cls":1,"count":5}},{"type":"Feature","geometry":{"geodesic":false,"type":"Polygon","coordinates":[[[120.88538946867989,14.797947675300879],[120.88718609924813,14.797947675300879],[120.88718609924813,14.798845990584997],[120.88538946867989,14.798845990584997],[120.88538946867989,14.797947675300879]]]},"id":"+134570+16473","properties":{"cls":1,"count":2}},{"type":"Feature","geometry":{"geodesic":false,"type":"Polygon","coordinates":[[[120.88628778396401,14.806032512857954],[120.88718609924813,14.806032512857954],[120.88718609924813,14.806930828142074],[120.88628778396401,14.806930828142074],[120.88628778396401,14.806032512857954]]]},"id":"+134570+16482","properties":{"cls":1,"count":1}},{"type":"Feature","geometry":{"geodesic":false,"type":"Polygon","coordinates":[[[120.88718609924813,14.447604714494265],[120.88808441453226,14.447604714494265],[120.88808441453226,14.449401345062505],[120.88718609924813,14.449401345062505],[120.88718609924813,14.447604714494265]]]},"id":"+134571+16084","properties":{"cls":1,"count":2}},{"type":"Feature","geometry":{"geodesic":false,"type":"Polygon","coordinates":[[[120.88718609924813,14.726082452571317],[120.88718609924813,14.724285822003077],[120.88898272981638,14.724285822003077],[120.88898272981638,14.723387506718957],[120.89257599095285,14.723387506718957],[120.89257599095285,14.724285822003077],[120.8898810451005,14.724285822003077],[120.8898810451005,14.725184137287197],[120.88808441453226,14.725184137287197],[120.88808441453226,14.726082452571317],[120.88718609924813,14.726082452571317]]]},"id":"+134571+16392","properties":{"cls":1,"count":8}},{"type":"Feature","geometry":{"geodesic":false,"type":"Polygon","coordinates":[[[120.88718609924813,14.731472344276034],[120.88808441453226,14.731472344276034],[120.88808441453226,14.732370659560154],[120.88718609924813,14.732370659560154],[120.88718609924813,14.731472344276034]]]},"id":"+134571+16399","properties":{"cls":1,"count":1}},{"type":"Feature","geometry":{"geodesic":false,"type":"Polygon","coordinates":[[[120.88718609924813,14.73776055126487],[120.88808441453226,14.73776055126487],[120.88808441453226,14.73865886654899],[120.88718609924813,14.73865886654899],[120.88718609924813,14.73776055126487]]]},"id":"+134571+16406","properties":{"cls":1,"count":1}},{"type":"Feature","geometry":{"geodesic":false,"type":"Polygon","coordinates":[[[120.88718609924813,14.741353812401348],[120.88808441453226,14.741353812401348],[120.88808441453226,14.742252127685468],[120.88718609924813,14.742252127685468],[120.88718609924813,14.741353812401348]]]},"id":"+134571+16410","properties":{"cls":1,"count":1}},{"type":"Feature","geometry":{"geodesic":false,"type":"Polygon","coordinates":[[[120.88718609924813,14.748540334674304],[120.88808441453226,14.748540334674304],[120.88808441453226,14.749438649958424],[120.88718609924813,14.749438649958424],[120.88718609924813,14.748540334674304]]]},"id":"+134571+16418","properties":{"cls":1,"count":1}},{"type":"Feature","geometry":{"geodesic":false,"type":"Polygon","coordinates":[[[120.88628778396401,14.759320118083739],[120.88718609924813,14.757523487515499],[120.88808441453226,14.757523487515499],[120.88808441453226,14.759320118083739],[120.88628778396401,14.759320118083739]]]},"id":"+134571+16429","properties":{"cls":1,"count":3}},{"type":"Feature","geometry":{"geodesic":false,"type":"Polygon","coordinates":[[[120.88718609924813,14.760218433367859],[120.88808441453226,14.760218433367859],[120.88808441453226,14.761116748651977],[120.88718609924813,14.761116748651977],[120.88718609924813,14.760218433367859]]]},"id":"+134571+16431","properties":{"cls":1,"count":1}},{"type":"Feature","geometry":{"geodesic":false,"type":"Polygon","coordinates":[[[120.88718609924813,14.781778000186726],[120.88808441453226,14.781778000186726],[120.88808441453226,14.782676315470846],[120.88718609924813,14.782676315470846],[120.88718609924813,14.781778000186726]]]},"id":"+134571+16455","properties":{"cls":1,"count":1}},{"type":"Feature","geometry":{"geodesic":false,"type":"Polygon","coordinates":[[[120.88808441453226,14.729675713707795],[120.88898272981638,14.729675713707795],[120.88898272981638,14.730574028991914],[120.88808441453226,14.730574028991914],[120.88808441453226,14.729675713707795]]]},"id":"+134572+16397","properties":{"cls":1,"count":1}},{"type":"Feature","geometry":{"geodesic":false,"type":"Polygon","coordinates":[[[120.88808441453226,14.762015063936097],[120.88898272981638,14.762015063936097],[120.88898272981638,14.763811694504337],[120.88808441453226,14.763811694504337],[120.88808441453226,14.762015063936097]]]},"id":"+134572+16434","properties":{"cls":1,"count":2}},{"type":"Feature","geometry":{"geodesic":false,"type":"Polygon","coordinates":[[[120.88808441453226,14.803337567005595],[120.88898272981638,14.803337567005595],[120.88898272981638,14.804235882289715],[120.88808441453226,14.804235882289715],[120.88808441453226,14.803337567005595]]]},"id":"+134572+16479","properties":{"cls":1,"count":1}},{"type":"Feature","geometry":{"geodesic":false,"type":"Polygon","coordinates":[[[120.88808441453226,14.805134197573835],[120.88898272981638,14.805134197573835],[120.88898272981638,14.806032512857954],[120.88808441453226,14.806032512857954],[120.88808441453226,14.805134197573835]]]},"id":"+134572+16481","properties":{"cls":1,"count":1}},{"type":"Feature","geometry":{"geodesic":false,"type":"Polygon","coordinates":[[[120.88808441453226,14.807829143426193],[120.88898272981638,14.807829143426193],[120.88898272981638,14.808727458710312],[120.88808441453226,14.808727458710312],[120.88808441453226,14.807829143426193]]]},"id":"+134572+16484","properties":{"cls":1,"count":1}},{"type":"Feature","geometry":{"geodesic":false,"type":"Polygon","coordinates":[[[120.88898272981638,14.730574028991914],[120.8898810451005,14.730574028991914],[120.8898810451005,14.732370659560154],[120.88898272981638,14.732370659560154],[120.88898272981638,14.730574028991914]]]},"id":"+134573+16399","properties":{"cls":1,"count":2}},{"type":"Feature","geometry":{"geodesic":false,"type":"Polygon","coordinates":[[[120.88808441453226,14.735065605412512],[120.8898810451005,14.735065605412512],[120.8898810451005,14.735963920696632],[120.88808441453226,14.735963920696632],[120.88808441453226,14.735065605412512]]]},"id":"+134573+16403","properties":{"cls":1,"count":2}},{"type":"Feature","geometry":{"geodesic":false,"type":"Polygon","coordinates":[[[120.88808441453226,14.743150442969588],[120.88808441453226,14.742252127685468],[120.88898272981638,14.742252127685468],[120.88898272981638,14.740455497117228],[120.8898810451005,14.740455497117228],[120.8898810451005,14.73865886654899],[120.88898272981638,14.73865886654899],[120.88898272981638,14.73776055126487],[120.89077936038461,14.73776055126487],[120.89077936038461,14.741353812401348],[120.8898810451005,14.741353812401348],[120.8898810451005,14.743150442969588],[120.88808441453226,14.743150442969588]]]},"id":"+134573+16411","properties":{"cls":1,"count":9}},{"type":"Feature","geometry":{"geodesic":false,"type":"Polygon","coordinates":[[[120.88898272981638,14.759320118083739],[120.8898810451005,14.759320118083739],[120.8898810451005,14.760218433367859],[120.88898272981638,14.760218433367859],[120.88898272981638,14.759320118083739]]]},"id":"+134573+16430","properties":{"cls":1,"count":1}},{"type":"Feature","geometry":{"geodesic":false,"type":"Polygon","coordinates":[[[120.88808441453226,14.781778000186726],[120.88808441453226,14.780879684902608],[120.88718609924813,14.780879684902608],[120.88718609924813,14.778184739050248],[120.88898272981638,14.778184739050248],[120.88898272981638,14.779083054334368],[120.8898810451005,14.779083054334368],[120.8898810451005,14.77728642376613],[120.88718609924813,14.77728642376613],[120.88718609924813,14.77638810848201],[120.88898272981638,14.77548979319789],[120.88898272981638,14.773693162629652],[120.89077936038461,14.773693162629652],[120.8898810451005,14.77548979319789],[120.89167767566873,14.77548979319789],[120.89077936038461,14.77728642376613],[120.89257599095285,14.778184739050248],[120.89347430623697,14.771896532061412],[120.89437262152109,14.771896532061412],[120.89437262152109,14.770998216777294],[120.89706756737344,14.770998216777294],[120.89616925208932,14.772794847345532],[120.89706756737344,14.772794847345532],[120.89796588265757,14.77459147791377],[120.89706756737344,14.77459147791377],[120.89616925208932,14.77638810848201],[120.89347430623697,14.77638810848201],[120.89347430623697,14.779083054334368],[120.89167767566873,14.779083054334368],[120.8898810451005,14.781778000186726],[120.88808441453226,14.781778000186726]],[[120.89616925208932,14.77459147791377],[120.89437262152109,14.773693162629652],[120.89437262152109,14.772794847345532],[120.8952709368052,14.772794847345532],[120.89616925208932,14.77459147791377]]]},"id":"+134573+16454","properties":{"cls":1,"count":53}},{"type":"Feature","geometry":{"geodesic":false,"type":"Polygon","coordinates":[[[120.88628778396401,14.788964522459683],[120.88628778396401,14.787167891891444],[120.88718609924813,14.787167891891444],[120.88718609924813,14.786269576607324],[120.8898810451005,14.788066207175564],[120.8898810451005,14.788964522459683],[120.88628778396401,14.788964522459683]]]},"id":"+134573+16462","properties":{"cls":1,"count":8}},{"type":"Feature","geometry":{"geodesic":false,"type":"Polygon","coordinates":[[[120.88898272981638,14.798845990584997],[120.88898272981638,14.797049360016759],[120.88718609924813,14.797947675300879],[120.88718609924813,14.79345609888028],[120.88808441453226,14.79345609888028],[120.88808441453226,14.7943544141644],[120.8898810451005,14.7943544141644],[120.8898810451005,14.798845990584997],[120.88898272981638,14.798845990584997]]]},"id":"+134573+16473","properties":{"cls":1,"count":13}},{"type":"Feature","geometry":{"geodesic":false,"type":"Polygon","coordinates":[[[120.8898810451005,14.480842380006687],[120.89077936038461,14.480842380006687],[120.89077936038461,14.481740695290807],[120.8898810451005,14.481740695290807],[120.8898810451005,14.480842380006687]]]},"id":"+134574+16120","properties":{"cls":1,"count":1}},{"type":"Feature","geometry":{"geodesic":false,"type":"Polygon","coordinates":[[[120.88898272981638,14.721590876150719],[120.89077936038461,14.721590876150719],[120.89077936038461,14.722489191434839],[120.88898272981638,14.722489191434839],[120.88898272981638,14.721590876150719]]]},"id":"+134574+16388","properties":{"cls":1,"count":2}},{"type":"Feature","geometry":{"geodesic":false,"type":"Polygon","coordinates":[[[120.8898810451005,14.746743704106066],[120.89077936038461,14.746743704106066],[120.89077936038461,14.747642019390184],[120.8898810451005,14.747642019390184],[120.8898810451005,14.746743704106066]]]},"id":"+134574+16416","properties":{"cls":1,"count":1}},{"type":"Feature","geometry":{"geodesic":false,"type":"Polygon","coordinates":[[[120.8898810451005,14.749438649958424],[120.89077936038461,14.749438649958424],[120.89077936038461,14.750336965242544],[120.8898810451005,14.750336965242544],[120.8898810451005,14.749438649958424]]]},"id":"+134574+16419","properties":{"cls":1,"count":1}},{"type":"Feature","geometry":{"geodesic":false,"type":"Polygon","coordinates":[[[120.88808441453226,14.757523487515499],[120.88808441453226,14.75662517223138],[120.8898810451005,14.75662517223138],[120.8898810451005,14.75572685694726],[120.89077936038461,14.75572685694726],[120.89077936038461,14.757523487515499],[120.88808441453226,14.757523487515499]]]},"id":"+134574+16427","properties":{"cls":1,"count":4}},{"type":"Feature","geometry":{"geodesic":false,"type":"Polygon","coordinates":[[[120.8898810451005,14.758421802799619],[120.89077936038461,14.758421802799619],[120.89077936038461,14.759320118083739],[120.8898810451005,14.759320118083739],[120.8898810451005,14.758421802799619]]]},"id":"+134574+16429","properties":{"cls":1,"count":1}},{"type":"Feature","geometry":{"geodesic":false,"type":"Polygon","coordinates":[[[120.8898810451005,14.764710009788455],[120.89077936038461,14.764710009788455],[120.89077936038461,14.766506640356695],[120.8898810451005,14.766506640356695],[120.8898810451005,14.764710009788455]]]},"id":"+134574+16437","properties":{"cls":1,"count":2}},{"type":"Feature","geometry":{"geodesic":false,"type":"Polygon","coordinates":[[[120.88898272981638,14.770099901493174],[120.88898272981638,14.769201586209054],[120.88808441453226,14.769201586209054],[120.88808441453226,14.767404955640815],[120.8898810451005,14.768303270924934],[120.8898810451005,14.767404955640815],[120.89167767566873,14.767404955640815],[120.89167767566873,14.766506640356695],[120.89347430623697,14.767404955640815],[120.89257599095285,14.769201586209054],[120.89077936038461,14.768303270924934],[120.89077936038461,14.770099901493174],[120.88898272981638,14.770099901493174]]]},"id":"+134574+16441","properties":{"cls":1,"count":12}},{"type":"Feature","geometry":{"geodesic":false,"type":"Polygon","coordinates":[[[120.8898810451005,14.788066207175564],[120.8898810451005,14.786269576607324],[120.88808441453226,14.786269576607324],[120.88808441453226,14.783574630754966],[120.8898810451005,14.783574630754966],[120.8898810451005,14.781778000186726],[120.89077936038461,14.781778000186726],[120.89077936038461,14.780879684902608],[120.89257599095285,14.780879684902608],[120.89257599095285,14.782676315470846],[120.89077936038461,14.783574630754966],[120.89077936038461,14.784472946039086],[120.89167767566873,14.784472946039086],[120.89167767566873,14.785371261323204],[120.89077936038461,14.785371261323204],[120.89077936038461,14.788066207175564],[120.8898810451005,14.788066207175564]]]},"id":"+134574+16461","properties":{"cls":1,"count":19}},{"type":"Feature","geometry":{"geodesic":false,"type":"Polygon","coordinates":[[[120.8898810451005,14.79255778359616],[120.89077936038461,14.79255778359616],[120.89077936038461,14.79345609888028],[120.8898810451005,14.79345609888028],[120.8898810451005,14.79255778359616]]]},"id":"+134574+16467","properties":{"cls":1,"count":1}},{"type":"Feature","geometry":{"geodesic":false,"type":"Polygon","coordinates":[[[120.8898810451005,14.806930828142074],[120.8898810451005,14.805134197573835],[120.88898272981638,14.805134197573835],[120.88898272981638,14.804235882289715],[120.8898810451005,14.804235882289715],[120.8898810451005,14.800642621153237],[120.88808441453226,14.800642621153237],[120.88808441453226,14.799744305869117],[120.89257599095285,14.799744305869117],[120.89257599095285,14.800642621153237],[120.89077936038461,14.801540936437357],[120.89077936038461,14.802439251721475],[120.89257599095285,14.803337567005595],[120.89257599095285,14.801540936437357],[120.89437262152109,14.801540936437357],[120.89437262152109,14.799744305869117],[120.89616925208932,14.799744305869117],[120.89616925208932,14.800642621153237],[120.8952709368052,14.800642621153237],[120.8952709368052,14.802439251721475],[120.89437262152109,14.802439251721475],[120.89437262152109,14.804235882289715],[120.89257599095285,14.804235882289715],[120.89257599095285,14.806032512857954],[120.89077936038461,14.806032512857954],[120.89077936038461,14.806930828142074],[120.8898810451005,14.806930828142074]]]},"id":"+134574+16482","properties":{"cls":1,"count":31}},{"type":"Feature","geometry":{"geodesic":false,"type":"Polygon","coordinates":[[[120.89077936038461,14.486232271711405],[120.89167767566873,14.486232271711405],[120.89167767566873,14.487130586995525],[120.89077936038461,14.487130586995525],[120.89077936038461,14.486232271711405]]]},"id":"+134575+16126","properties":{"cls":1,"count":1}},{"type":"Feature","geometry":{"geodesic":false,"type":"Polygon","coordinates":[[[120.89077936038461,14.729675713707795],[120.89167767566873,14.729675713707795],[120.89167767566873,14.730574028991914],[120.89077936038461,14.730574028991914],[120.89077936038461,14.729675713707795]]]},"id":"+134575+16397","properties":{"cls":1,"count":1}},{"type":"Feature","geometry":{"geodesic":false,"type":"Polygon","coordinates":[[[120.89077936038461,14.735963920696632],[120.89167767566873,14.735963920696632],[120.89167767566873,14.73686223598075],[120.89077936038461,14.73686223598075],[120.89077936038461,14.735963920696632]]]},"id":"+134575+16404","properties":{"cls":1,"count":1}},{"type":"Feature","geometry":{"geodesic":false,"type":"Polygon","coordinates":[[[120.89077936038461,14.761116748651977],[120.89167767566873,14.761116748651977],[120.89167767566873,14.762015063936097],[120.89077936038461,14.762015063936097],[120.89077936038461,14.761116748651977]]]},"id":"+134575+16432","properties":{"cls":1,"count":1}},{"type":"Feature","geometry":{"geodesic":false,"type":"Polygon","coordinates":[[[120.89077936038461,14.79255778359616],[120.8898810451005,14.790761153027923],[120.88808441453226,14.790761153027923],[120.88808441453226,14.79165946831204],[120.88628778396401,14.79165946831204],[120.88628778396401,14.79255778359616],[120.88449115339577,14.79165946831204],[120.88449115339577,14.790761153027923],[120.88628778396401,14.790761153027923],[120.88628778396401,14.789862837743803],[120.8898810451005,14.789862837743803],[120.8898810451005,14.788964522459683],[120.89257599095285,14.788964522459683],[120.89257599095285,14.789862837743803],[120.89077936038461,14.789862837743803],[120.89077936038461,14.790761153027923],[120.89347430623697,14.790761153027923],[120.89347430623697,14.79165946831204],[120.89167767566873,14.79165946831204],[120.89167767566873,14.79255778359616],[120.89077936038461,14.79255778359616]]]},"id":"+134575+16466","properties":{"cls":1,"count":18}},{"type":"Feature","geometry":{"geodesic":false,"type":"Polygon","coordinates":[[[120.89077936038461,14.806930828142074],[120.89167767566873,14.806930828142074],[120.89167767566873,14.807829143426193],[120.89077936038461,14.807829143426193],[120.89077936038461,14.806930828142074]]]},"id":"+134575+16483","properties":{"cls":1,"count":1}},{"type":"Feature","geometry":{"geodesic":false,"type":"Polygon","coordinates":[[[120.89167767566873,14.487130586995525],[120.89257599095285,14.487130586995525],[120.89257599095285,14.488028902279643],[120.89167767566873,14.488028902279643],[120.89167767566873,14.487130586995525]]]},"id":"+134576+16127","properties":{"cls":1,"count":1}},{"type":"Feature","geometry":{"geodesic":false,"type":"Polygon","coordinates":[[[120.89167767566873,14.760218433367859],[120.89257599095285,14.760218433367859],[120.89257599095285,14.761116748651977],[120.89167767566873,14.761116748651977],[120.89167767566873,14.760218433367859]]]},"id":"+134576+16431","properties":{"cls":1,"count":1}},{"type":"Feature","geometry":{"geodesic":false,"type":"Polygon","coordinates":[[[120.89167767566873,14.772794847345532],[120.89257599095285,14.772794847345532],[120.89257599095285,14.773693162629652],[120.89167767566873,14.773693162629652],[120.89167767566873,14.772794847345532]]]},"id":"+134576+16445","properties":{"cls":1,"count":1}},{"type":"Feature","geometry":{"geodesic":false,"type":"Polygon","coordinates":[[[120.89167767566873,14.786269576607324],[120.89257599095285,14.786269576607324],[120.89257599095285,14.787167891891444],[120.89167767566873,14.787167891891444],[120.89167767566873,14.786269576607324]]]},"id":"+134576+16460","properties":{"cls":1,"count":1}},{"type":"Feature","geometry":{"geodesic":false,"type":"Polygon","coordinates":[[[120.89077936038461,14.797049360016759],[120.89077936038461,14.795252729448519],[120.89257599095285,14.795252729448519],[120.89257599095285,14.79255778359616],[120.89347430623697,14.79255778359616],[120.89347430623697,14.7943544141644],[120.89437262152109,14.7943544141644],[120.89437262152109,14.795252729448519],[120.89347430623697,14.795252729448519],[120.89257599095285,14.797049360016759],[120.89077936038461,14.797049360016759]]]},"id":"+134576+16471","properties":{"cls":1,"count":9}},{"type":"Feature","geometry":{"geodesic":false,"type":"Polygon","coordinates":[[[120.89077936038461,14.797947675300879],[120.89257599095285,14.797947675300879],[120.89257599095285,14.798845990584997],[120.89077936038461,14.798845990584997],[120.89077936038461,14.797947675300879]]]},"id":"+134576+16473","properties":{"cls":1,"count":2}},{"type":"Feature","geometry":{"geodesic":false,"type":"Polygon","coordinates":[[[120.89257599095285,14.440418192221308],[120.89347430623697,14.440418192221308],[120.89347430623697,14.441316507505428],[120.89257599095285,14.441316507505428],[120.89257599095285,14.440418192221308]]]},"id":"+134577+16075","properties":{"cls":1,"count":1}},{"type":"Feature","geometry":{"geodesic":false,"type":"Polygon","coordinates":[[[120.89257599095285,14.722489191434839],[120.89347430623697,14.722489191434839],[120.89347430623697,14.723387506718957],[120.89257599095285,14.723387506718957],[120.89257599095285,14.722489191434839]]]},"id":"+134577+16389","properties":{"cls":1,"count":1}},{"type":"Feature","geometry":{"geodesic":false,"type":"Polygon","coordinates":[[[120.89257599095285,14.730574028991914],[120.89347430623697,14.730574028991914],[120.89347430623697,14.731472344276034],[120.89257599095285,14.731472344276034],[120.89257599095285,14.730574028991914]]]},"id":"+134577+16398","properties":{"cls":1,"count":1}},{"type":"Feature","geometry":{"geodesic":false,"type":"Polygon","coordinates":[[[120.89167767566873,14.735065605412512],[120.89167767566873,14.733268974844274],[120.89257599095285,14.733268974844274],[120.89347430623697,14.735065605412512],[120.89167767566873,14.735065605412512]]]},"id":"+134577+16402","properties":{"cls":1,"count":3}},{"type":"Feature","geometry":{"geodesic":false,"type":"Polygon","coordinates":[[[120.89257599095285,14.75393022637902],[120.89257599095285,14.753031911094903],[120.89077936038461,14.75393022637902],[120.89077936038461,14.752133595810783],[120.89347430623697,14.752133595810783],[120.89347430623697,14.75393022637902],[120.89257599095285,14.75393022637902]]]},"id":"+134577+16423","properties":{"cls":1,"count":5}},{"type":"Feature","geometry":{"geodesic":false,"type":"Polygon","coordinates":[[[120.89257599095285,14.75662517223138],[120.89167767566873,14.75482854166314],[120.8952709368052,14.75482854166314],[120.8952709368052,14.75572685694726],[120.89347430623697,14.75572685694726],[120.89347430623697,14.75662517223138],[120.89257599095285,14.75662517223138]]]},"id":"+134577+16426","properties":{"cls":1,"count":5}},{"type":"Feature","geometry":{"geodesic":false,"type":"Polygon","coordinates":[[[120.89257599095285,14.764710009788455],[120.89347430623697,14.764710009788455],[120.89347430623697,14.765608325072575],[120.89257599095285,14.765608325072575],[120.89257599095285,14.764710009788455]]]},"id":"+134577+16436","properties":{"cls":1,"count":1}},{"type":"Feature","geometry":{"geodesic":false,"type":"Polygon","coordinates":[[[120.89167767566873,14.770998216777294],[120.89347430623697,14.768303270924934],[120.89437262152109,14.768303270924934],[120.89437262152109,14.770099901493174],[120.89347430623697,14.770099901493174],[120.89347430623697,14.770998216777294],[120.89167767566873,14.770998216777294]]]},"id":"+134577+16442","properties":{"cls":1,"count":5}},{"type":"Feature","geometry":{"geodesic":false,"type":"Polygon","coordinates":[[[120.89257599095285,14.787167891891444],[120.89347430623697,14.787167891891444],[120.89347430623697,14.788066207175564],[120.89257599095285,14.788066207175564],[120.89257599095285,14.787167891891444]]]},"id":"+134577+16461","properties":{"cls":1,"count":1}},{"type":"Feature","geometry":{"geodesic":false,"type":"Polygon","coordinates":[[[120.89257599095285,14.797049360016759],[120.89347430623697,14.797049360016759],[120.89347430623697,14.797947675300879],[120.89257599095285,14.797947675300879],[120.89257599095285,14.797049360016759]]]},"id":"+134577+16472","properties":{"cls":1,"count":1}},{"type":"Feature","geometry":{"geodesic":false,"type":"Polygon","coordinates":[[[120.89347430623697,14.440418192221308],[120.89347430623697,14.439519876937188],[120.89167767566873,14.439519876937188],[120.89167767566873,14.43862156165307],[120.8952709368052,14.43862156165307],[120.8952709368052,14.439519876937188],[120.89347430623697,14.440418192221308]]]},"id":"+134578+16074","properties":{"cls":1,"count":5}},{"type":"Feature","geometry":{"geodesic":false,"type":"Polygon","coordinates":[[[120.89167767566873,14.448503029778385],[120.89077936038461,14.446706399210145],[120.89167767566873,14.446706399210145],[120.89167767566873,14.444909768641907],[120.89077936038461,14.444909768641907],[120.89077936038461,14.444011453357787],[120.89347430623697,14.444011453357787],[120.89347430623697,14.444909768641907],[120.89257599095285,14.444909768641907],[120.89257599095285,14.446706399210145],[120.89437262152109,14.446706399210145],[120.89437262152109,14.448503029778385],[120.89167767566873,14.448503029778385]]]},"id":"+134578+16083","properties":{"cls":1,"count":12}},{"type":"Feature","geometry":{"geodesic":false,"type":"Polygon","coordinates":[[[120.89347430623697,14.733268974844274],[120.89437262152109,14.733268974844274],[120.89437262152109,14.734167290128392],[120.89347430623697,14.734167290128392],[120.89347430623697,14.733268974844274]]]},"id":"+134578+16401","properties":{"cls":1,"count":1}},{"type":"Feature","geometry":{"geodesic":false,"type":"Polygon","coordinates":[[[120.89347430623697,14.741353812401348],[120.89437262152109,14.741353812401348],[120.89437262152109,14.742252127685468],[120.89347430623697,14.742252127685468],[120.89347430623697,14.741353812401348]]]},"id":"+134578+16410","properties":{"cls":1,"count":1}},{"type":"Feature","geometry":{"geodesic":false,"type":"Polygon","coordinates":[[[120.89347430623697,14.745845388821946],[120.89437262152109,14.745845388821946],[120.89437262152109,14.748540334674304],[120.89347430623697,14.748540334674304],[120.89347430623697,14.745845388821946]]]},"id":"+134578+16417","properties":{"cls":1,"count":3}},{"type":"Feature","geometry":{"geodesic":false,"type":"Polygon","coordinates":[[[120.89347430623697,14.758421802799619],[120.89347430623697,14.75662517223138],[120.8952709368052,14.75662517223138],[120.8952709368052,14.757523487515499],[120.89347430623697,14.758421802799619]]]},"id":"+134578+16428","properties":{"cls":1,"count":3}},{"type":"Feature","geometry":{"geodesic":false,"type":"Polygon","coordinates":[[[120.89257599095285,14.759320118083739],[120.89437262152109,14.759320118083739],[120.89437262152109,14.760218433367859],[120.89257599095285,14.760218433367859],[120.89257599095285,14.759320118083739]]]},"id":"+134578+16430","properties":{"cls":1,"count":2}},{"type":"Feature","geometry":{"geodesic":false,"type":"Polygon","coordinates":[[[120.89347430623697,14.764710009788455],[120.89347430623697,14.763811694504337],[120.89167767566873,14.763811694504337],[120.89167767566873,14.762913379220217],[120.8952709368052,14.762913379220217],[120.8952709368052,14.763811694504337],[120.89347430623697,14.764710009788455]]]},"id":"+134578+16435","properties":{"cls":1,"count":5}},{"type":"Feature","geometry":{"geodesic":false,"type":"Polygon","coordinates":[[[120.89257599095285,14.798845990584997],[120.89437262152109,14.798845990584997],[120.89437262152109,14.799744305869117],[120.89257599095285,14.799744305869117],[120.89257599095285,14.798845990584997]]]},"id":"+134578+16474","properties":{"cls":1,"count":2}},{"type":"Feature","geometry":{"geodesic":false,"type":"Polygon","coordinates":[[[120.89347430623697,14.806930828142074],[120.89437262152109,14.806930828142074],[120.89437262152109,14.809625773994432],[120.89347430623697,14.809625773994432],[120.89347430623697,14.806930828142074]]]},"id":"+134578+16485","properties":{"cls":1,"count":3}},{"type":"Feature","geometry":{"geodesic":false,"type":"Polygon","coordinates":[[[120.89347430623697,14.43772324636895],[120.89437262152109,14.43592661580071],[120.89616925208932,14.43592661580071],[120.8952709368052,14.43772324636895],[120.89347430623697,14.43772324636895]]]},"id":"+134579+16071","properties":{"cls":1,"count":4}},{"type":"Feature","geometry":{"geodesic":false,"type":"Polygon","coordinates":[[[120.89437262152109,14.73955718183311],[120.8952709368052,14.73955718183311],[120.8952709368052,14.740455497117228],[120.89437262152109,14.740455497117228],[120.89437262152109,14.73955718183311]]]},"id":"+134579+16408","properties":{"cls":1,"count":1}},{"type":"Feature","geometry":{"geodesic":false,"type":"Polygon","coordinates":[[[120.89437262152109,14.751235280526663],[120.8952709368052,14.751235280526663],[120.8952709368052,14.752133595810783],[120.89437262152109,14.752133595810783],[120.89437262152109,14.751235280526663]]]},"id":"+134579+16421","properties":{"cls":1,"count":1}},{"type":"Feature","geometry":{"geodesic":false,"type":"Polygon","coordinates":[[[120.89437262152109,14.768303270924934],[120.89437262152109,14.766506640356695],[120.89347430623697,14.766506640356695],[120.89347430623697,14.765608325072575],[120.8952709368052,14.764710009788455],[120.8952709368052,14.768303270924934],[120.89437262152109,14.768303270924934]]]},"id":"+134579+16439","properties":{"cls":1,"count":5}},{"type":"Feature","geometry":{"geodesic":false,"type":"Polygon","coordinates":[[[120.89347430623697,14.780879684902608],[120.89347430623697,14.779083054334368],[120.89437262152109,14.779083054334368],[120.8952709368052,14.780879684902608],[120.89347430623697,14.780879684902608]]]},"id":"+134579+16453","properties":{"cls":1,"count":3}},{"type":"Feature","geometry":{"geodesic":false,"type":"Polygon","coordinates":[[[120.89437262152109,14.787167891891444],[120.8952709368052,14.787167891891444],[120.8952709368052,14.788066207175564],[120.89437262152109,14.788066207175564],[120.89437262152109,14.787167891891444]]]},"id":"+134579+16461","properties":{"cls":1,"count":1}},{"type":"Feature","geometry":{"geodesic":false,"type":"Polygon","coordinates":[[[120.89347430623697,14.79165946831204],[120.8952709368052,14.79165946831204],[120.8952709368052,14.79255778359616],[120.89347430623697,14.79255778359616],[120.89347430623697,14.79165946831204]]]},"id":"+134579+16466","properties":{"cls":1,"count":2}},{"type":"Feature","geometry":{"geodesic":false,"type":"Polygon","coordinates":[[[120.89437262152109,14.79345609888028],[120.8952709368052,14.79345609888028],[120.8952709368052,14.7943544141644],[120.89437262152109,14.7943544141644],[120.89437262152109,14.79345609888028]]]},"id":"+134579+16468","properties":{"cls":1,"count":1}},{"type":"Feature","geometry":{"geodesic":false,"type":"Polygon","coordinates":[[[120.89437262152109,14.797947675300879],[120.8952709368052,14.797947675300879],[120.8952709368052,14.798845990584997],[120.89437262152109,14.798845990584997],[120.89437262152109,14.797947675300879]]]},"id":"+134579+16473","properties":{"cls":1,"count":1}},{"type":"Feature","geometry":{"geodesic":false,"type":"Polygon","coordinates":[[[120.8952709368052,14.443113138073667],[120.8952709368052,14.439519876937188],[120.89616925208932,14.439519876937188],[120.89616925208932,14.440418192221308],[120.89796588265757,14.440418192221308],[120.89796588265757,14.441316507505428],[120.89616925208932,14.441316507505428],[120.89616925208932,14.443113138073667],[120.8952709368052,14.443113138073667]]]},"id":"+134580+16077","properties":{"cls":1,"count":6}},{"type":"Feature","geometry":{"geodesic":false,"type":"Polygon","coordinates":[[[120.8952709368052,14.444011453357787],[120.89616925208932,14.444011453357787],[120.89616925208932,14.444909768641907],[120.8952709368052,14.444909768641907],[120.8952709368052,14.444011453357787]]]},"id":"+134580+16079","properties":{"cls":1,"count":1}},{"type":"Feature","geometry":{"geodesic":false,"type":"Polygon","coordinates":[[[120.8952709368052,14.472757542449612],[120.89616925208932,14.472757542449612],[120.89616925208932,14.47365585773373],[120.8952709368052,14.47365585773373],[120.8952709368052,14.472757542449612]]]},"id":"+134580+16111","properties":{"cls":1,"count":1}},{"type":"Feature","geometry":{"geodesic":false,"type":"Polygon","coordinates":[[[120.89437262152109,14.732370659560154],[120.89616925208932,14.732370659560154],[120.89616925208932,14.733268974844274],[120.89437262152109,14.733268974844274],[120.89437262152109,14.732370659560154]]]},"id":"+134580+16400","properties":{"cls":1,"count":2}},{"type":"Feature","geometry":{"geodesic":false,"type":"Polygon","coordinates":[[[120.8952709368052,14.735963920696632],[120.89616925208932,14.735963920696632],[120.89616925208932,14.73686223598075],[120.8952709368052,14.73686223598075],[120.8952709368052,14.735963920696632]]]},"id":"+134580+16404","properties":{"cls":1,"count":1}},{"type":"Feature","geometry":{"geodesic":false,"type":"Polygon","coordinates":[[[120.89437262152109,14.744048758253706],[120.89616925208932,14.744048758253706],[120.89616925208932,14.744947073537826],[120.89437262152109,14.744947073537826],[120.89437262152109,14.744048758253706]]]},"id":"+134580+16413","properties":{"cls":1,"count":2}},{"type":"Feature","geometry":{"geodesic":false,"type":"Polygon","coordinates":[[[120.8952709368052,14.747642019390184],[120.89616925208932,14.747642019390184],[120.89616925208932,14.748540334674304],[120.8952709368052,14.748540334674304],[120.8952709368052,14.747642019390184]]]},"id":"+134580+16417","properties":{"cls":1,"count":1}},{"type":"Feature","geometry":{"geodesic":false,"type":"Polygon","coordinates":[[[120.8952709368052,14.75572685694726],[120.89616925208932,14.75572685694726],[120.89616925208932,14.75662517223138],[120.8952709368052,14.75662517223138],[120.8952709368052,14.75572685694726]]]},"id":"+134580+16426","properties":{"cls":1,"count":1}},{"type":"Feature","geometry":{"geodesic":false,"type":"Polygon","coordinates":[[[120.8952709368052,14.760218433367859],[120.89616925208932,14.760218433367859],[120.89616925208932,14.761116748651977],[120.8952709368052,14.761116748651977],[120.8952709368052,14.760218433367859]]]},"id":"+134580+16431","properties":{"cls":1,"count":1}},{"type":"Feature","geometry":{"geodesic":false,"type":"Polygon","coordinates":[[[120.8952709368052,14.782676315470846],[120.89616925208932,14.782676315470846],[120.89616925208932,14.783574630754966],[120.8952709368052,14.783574630754966],[120.8952709368052,14.782676315470846]]]},"id":"+134580+16456","properties":{"cls":1,"count":1}},{"type":"Feature","geometry":{"geodesic":false,"type":"Polygon","coordinates":[[[120.8952709368052,14.805134197573835],[120.8952709368052,14.803337567005595],[120.89706756737344,14.802439251721475],[120.89706756737344,14.804235882289715],[120.8952709368052,14.805134197573835]]]},"id":"+134580+16480","properties":{"cls":1,"count":4}},{"type":"Feature","geometry":{"geodesic":false,"type":"Polygon","coordinates":[[[120.8952709368052,14.446706399210145],[120.89706756737344,14.446706399210145],[120.89706756737344,14.447604714494265],[120.8952709368052,14.447604714494265],[120.8952709368052,14.446706399210145]]]},"id":"+134581+16082","properties":{"cls":1,"count":2}},{"type":"Feature","geometry":{"geodesic":false,"type":"Polygon","coordinates":[[[120.89616925208932,14.452096290914863],[120.89706756737344,14.452096290914863],[120.89706756737344,14.453892921483101],[120.89616925208932,14.453892921483101],[120.89616925208932,14.452096290914863]]]},"id":"+134581+16089","properties":{"cls":1,"count":2}},{"type":"Feature","geometry":{"geodesic":false,"type":"Polygon","coordinates":[[[120.89616925208932,14.455689552051341],[120.89706756737344,14.455689552051341],[120.89706756737344,14.45658786733546],[120.89616925208932,14.45658786733546],[120.89616925208932,14.455689552051341]]]},"id":"+134581+16092","properties":{"cls":1,"count":1}},{"type":"Feature","geometry":{"geodesic":false,"type":"Polygon","coordinates":[[[120.89616925208932,14.757523487515499],[120.89706756737344,14.757523487515499],[120.89706756737344,14.758421802799619],[120.89616925208932,14.758421802799619],[120.89616925208932,14.757523487515499]]]},"id":"+134581+16428","properties":{"cls":1,"count":1}},{"type":"Feature","geometry":{"geodesic":false,"type":"Polygon","coordinates":[[[120.89616925208932,14.761116748651977],[120.89706756737344,14.761116748651977],[120.89706756737344,14.763811694504337],[120.89616925208932,14.763811694504337],[120.89616925208932,14.761116748651977]]]},"id":"+134581+16434","properties":{"cls":1,"count":3}},{"type":"Feature","geometry":{"geodesic":false,"type":"Polygon","coordinates":[[[120.8952709368052,14.786269576607324],[120.89706756737344,14.786269576607324],[120.89706756737344,14.787167891891444],[120.8952709368052,14.787167891891444],[120.8952709368052,14.786269576607324]]]},"id":"+134581+16460","properties":{"cls":1,"count":2}},{"type":"Feature","geometry":{"geodesic":false,"type":"Polygon","coordinates":[[[120.89616925208932,14.798845990584997],[120.89706756737344,14.798845990584997],[120.89706756737344,14.799744305869117],[120.89616925208932,14.799744305869117],[120.89616925208932,14.798845990584997]]]},"id":"+134581+16474","properties":{"cls":1,"count":1}},{"type":"Feature","geometry":{"geodesic":false,"type":"Polygon","coordinates":[[[120.89616925208932,14.81411735041503],[120.89706756737344,14.81411735041503],[120.89706756737344,14.81501566569915],[120.89616925208932,14.81501566569915],[120.89616925208932,14.81411735041503]]]},"id":"+134581+16491","properties":{"cls":1,"count":1}},{"type":"Feature","geometry":{"geodesic":false,"type":"Polygon","coordinates":[[[120.89706756737344,14.43682493108483],[120.89796588265757,14.43682493108483],[120.89796588265757,14.43772324636895],[120.89706756737344,14.43772324636895],[120.89706756737344,14.43682493108483]]]},"id":"+134582+16071","properties":{"cls":1,"count":1}},{"type":"Feature","geometry":{"geodesic":false,"type":"Polygon","coordinates":[[[120.8952709368052,14.723387506718957],[120.89796588265757,14.723387506718957],[120.89796588265757,14.724285822003077],[120.8952709368052,14.724285822003077],[120.8952709368052,14.723387506718957]]]},"id":"+134582+16390","properties":{"cls":1,"count":3}},{"type":"Feature","geometry":{"geodesic":false,"type":"Polygon","coordinates":[[[120.89706756737344,14.733268974844274],[120.89796588265757,14.733268974844274],[120.89796588265757,14.734167290128392],[120.89706756737344,14.734167290128392],[120.89706756737344,14.733268974844274]]]},"id":"+134582+16401","properties":{"cls":1,"count":1}},{"type":"Feature","geometry":{"geodesic":false,"type":"Polygon","coordinates":[[[120.89616925208932,14.73776055126487],[120.89796588265757,14.73776055126487],[120.89796588265757,14.73865886654899],[120.89616925208932,14.73865886654899],[120.89616925208932,14.73776055126487]]]},"id":"+134582+16406","properties":{"cls":1,"count":2}},{"type":"Feature","geometry":{"geodesic":false,"type":"Polygon","coordinates":[[[120.89706756737344,14.741353812401348],[120.89796588265757,14.741353812401348],[120.89796588265757,14.742252127685468],[120.89706756737344,14.742252127685468],[120.89706756737344,14.741353812401348]]]},"id":"+134582+16410","properties":{"cls":1,"count":1}},{"type":"Feature","geometry":{"geodesic":false,"type":"Polygon","coordinates":[[[120.89706756737344,14.745845388821946],[120.89706756737344,14.744048758253706],[120.89886419794169,14.744048758253706],[120.89886419794169,14.744947073537826],[120.89706756737344,14.745845388821946]]]},"id":"+134582+16414","properties":{"cls":1,"count":3}},{"type":"Feature","geometry":{"geodesic":false,"type":"Polygon","coordinates":[[[120.89706756737344,14.751235280526663],[120.89796588265757,14.751235280526663],[120.89796588265757,14.752133595810783],[120.89706756737344,14.752133595810783],[120.89706756737344,14.751235280526663]]]},"id":"+134582+16421","properties":{"cls":1,"count":1}},{"type":"Feature","geometry":{"geodesic":false,"type":"Polygon","coordinates":[[[120.89706756737344,14.758421802799619],[120.89796588265757,14.758421802799619],[120.89796588265757,14.759320118083739],[120.89706756737344,14.759320118083739],[120.89706756737344,14.758421802799619]]]},"id":"+134582+16429","properties":{"cls":1,"count":1}},{"type":"Feature","geometry":{"geodesic":false,"type":"Polygon","coordinates":[[[120.89706756737344,14.790761153027923],[120.89616925208932,14.788964522459683],[120.89706756737344,14.788964522459683],[120.89706756737344,14.787167891891444],[120.89796588265757,14.787167891891444],[120.89796588265757,14.790761153027923],[120.89706756737344,14.790761153027923]]]},"id":"+134582+16464","properties":{"cls":1,"count":5}},{"type":"Feature","geometry":{"geodesic":false,"type":"Polygon","coordinates":[[[120.89706756737344,14.79165946831204],[120.89796588265757,14.79165946831204],[120.89796588265757,14.79255778359616],[120.89706756737344,14.79255778359616],[120.89706756737344,14.79165946831204]]]},"id":"+134582+16466","properties":{"cls":1,"count":1}},{"type":"Feature","geometry":{"geodesic":false,"type":"Polygon","coordinates":[[[120.89706756737344,14.797049360016759],[120.89706756737344,14.796151044732639],[120.8952709368052,14.796151044732639],[120.8952709368052,14.797049360016759],[120.89437262152109,14.797049360016759],[120.89437262152109,14.795252729448519],[120.89706756737344,14.795252729448519],[120.89706756737344,14.79345609888028],[120.89886419794169,14.79345609888028],[120.89886419794169,14.7943544141644],[120.89796588265757,14.7943544141644],[120.89886419794169,14.796151044732639],[120.89706756737344,14.797049360016759]]]},"id":"+134582+16471","properties":{"cls":1,"count":10}},{"type":"Feature","geometry":{"geodesic":false,"type":"Polygon","coordinates":[[[120.89796588265757,14.446706399210145],[120.89796588265757,14.444909768641907],[120.89706756737344,14.444909768641907],[120.89706756737344,14.444011453357787],[120.89886419794169,14.444011453357787],[120.89886419794169,14.446706399210145],[120.89796588265757,14.446706399210145]]]},"id":"+134583+16081","properties":{"cls":1,"count":4}},{"type":"Feature","geometry":{"geodesic":false,"type":"Polygon","coordinates":[[[120.89796588265757,14.452994606198981],[120.89706756737344,14.451197975630743],[120.89886419794169,14.451197975630743],[120.89886419794169,14.452994606198981],[120.89796588265757,14.452994606198981]]]},"id":"+134583+16088","properties":{"cls":1,"count":3}},{"type":"Feature","geometry":{"geodesic":false,"type":"Polygon","coordinates":[[[120.89796588265757,14.45658786733546],[120.89886419794169,14.45658786733546],[120.89886419794169,14.45748618261958],[120.89796588265757,14.45748618261958],[120.89796588265757,14.45658786733546]]]},"id":"+134583+16093","properties":{"cls":1,"count":1}},{"type":"Feature","geometry":{"geodesic":false,"type":"Polygon","coordinates":[[[120.89796588265757,14.477249118870208],[120.89796588265757,14.47635080358609],[120.89616925208932,14.47635080358609],[120.89616925208932,14.47455417301785],[120.89796588265757,14.47455417301785],[120.89796588265757,14.47545248830197],[120.89886419794169,14.47545248830197],[120.89886419794169,14.477249118870208],[120.89796588265757,14.477249118870208]]]},"id":"+134583+16115","properties":{"cls":1,"count":6}},{"type":"Feature","geometry":{"geodesic":false,"type":"Polygon","coordinates":[[[120.89796588265757,14.493418793984361],[120.89886419794169,14.493418793984361],[120.89886419794169,14.49431710926848],[120.89796588265757,14.49431710926848],[120.89796588265757,14.493418793984361]]]},"id":"+134583+16134","properties":{"cls":1,"count":1}},{"type":"Feature","geometry":{"geodesic":false,"type":"Polygon","coordinates":[[[120.89796588265757,14.735065605412512],[120.89886419794169,14.735065605412512],[120.89886419794169,14.735963920696632],[120.89796588265757,14.735963920696632],[120.89796588265757,14.735065605412512]]]},"id":"+134583+16403","properties":{"cls":1,"count":1}},{"type":"Feature","geometry":{"geodesic":false,"type":"Polygon","coordinates":[[[120.89706756737344,14.760218433367859],[120.89886419794169,14.760218433367859],[120.89886419794169,14.761116748651977],[120.89706756737344,14.761116748651977],[120.89706756737344,14.760218433367859]]]},"id":"+134583+16431","properties":{"cls":1,"count":2}},{"type":"Feature","geometry":{"geodesic":false,"type":"Polygon","coordinates":[[[120.89796588265757,14.762015063936097],[120.89886419794169,14.762015063936097],[120.89886419794169,14.763811694504337],[120.89796588265757,14.763811694504337],[120.89796588265757,14.762015063936097]]]},"id":"+134583+16434","properties":{"cls":1,"count":2}},{"type":"Feature","geometry":{"geodesic":false,"type":"Polygon","coordinates":[[[120.89796588265757,14.767404955640815],[120.89886419794169,14.767404955640815],[120.89886419794169,14.769201586209054],[120.89796588265757,14.769201586209054],[120.89796588265757,14.767404955640815]]]},"id":"+134583+16440","properties":{"cls":1,"count":2}},{"type":"Feature","geometry":{"geodesic":false,"type":"Polygon","coordinates":[[[120.89796588265757,14.770998216777294],[120.89886419794169,14.770998216777294],[120.89886419794169,14.771896532061412],[120.89796588265757,14.771896532061412],[120.89796588265757,14.770998216777294]]]},"id":"+134583+16443","properties":{"cls":1,"count":1}},{"type":"Feature","geometry":{"geodesic":false,"type":"Polygon","coordinates":[[[120.89796588265757,14.772794847345532],[120.89886419794169,14.772794847345532],[120.89886419794169,14.773693162629652],[120.89796588265757,14.773693162629652],[120.89796588265757,14.772794847345532]]]},"id":"+134583+16445","properties":{"cls":1,"count":1}},{"type":"Feature","geometry":{"geodesic":false,"type":"Polygon","coordinates":[[[120.89796588265757,14.77728642376613],[120.89886419794169,14.77728642376613],[120.89886419794169,14.778184739050248],[120.89796588265757,14.778184739050248],[120.89796588265757,14.77728642376613]]]},"id":"+134583+16450","properties":{"cls":1,"count":1}},{"type":"Feature","geometry":{"geodesic":false,"type":"Polygon","coordinates":[[[120.89796588265757,14.786269576607324],[120.89796588265757,14.785371261323204],[120.8952709368052,14.785371261323204],[120.8952709368052,14.784472946039086],[120.89706756737344,14.784472946039086],[120.89706756737344,14.782676315470846],[120.89616925208932,14.782676315470846],[120.89616925208932,14.77728642376613],[120.89706756737344,14.77728642376613],[120.89706756737344,14.779083054334368],[120.89796588265757,14.779083054334368],[120.89796588265757,14.779981369618488],[120.89976251322581,14.779981369618488],[120.90155914379405,14.77728642376613],[120.90515240493052,14.77638810848201],[120.90515240493052,14.77728642376613],[120.9042540896464,14.77728642376613],[120.9042540896464,14.778184739050248],[120.90515240493052,14.778184739050248],[120.90515240493052,14.780879684902608],[120.9042540896464,14.780879684902608],[120.90515240493052,14.782676315470846],[120.90335577436228,14.783574630754966],[120.90335577436228,14.780879684902608],[120.90155914379405,14.779981369618488],[120.90155914379405,14.780879684902608],[120.89976251322581,14.780879684902608],[120.90155914379405,14.783574630754966],[120.89886419794169,14.783574630754966],[120.89976251322581,14.785371261323204],[120.89796588265757,14.786269576607324]],[[120.9042540896464,14.779981369618488],[120.90335577436228,14.779981369618488],[120.90335577436228,14.779083054334368],[120.9042540896464,14.779083054334368],[120.9042540896464,14.779981369618488]]]},"id":"+134583+16459","properties":{"cls":1,"count":54}},{"type":"Feature","geometry":{"geodesic":false,"type":"Polygon","coordinates":[[[120.89796588265757,14.804235882289715],[120.89886419794169,14.804235882289715],[120.89886419794169,14.806032512857954],[120.89796588265757,14.806032512857954],[120.89796588265757,14.804235882289715]]]},"id":"+134583+16481","properties":{"cls":1,"count":2}},{"type":"Feature","geometry":{"geodesic":false,"type":"Polygon","coordinates":[[[120.89796588265757,14.808727458710312],[120.89886419794169,14.808727458710312],[120.89886419794169,14.810524089278552],[120.89796588265757,14.810524089278552],[120.89796588265757,14.808727458710312]]]},"id":"+134583+16486","properties":{"cls":1,"count":2}},{"type":"Feature","geometry":{"geodesic":false,"type":"Polygon","coordinates":[[[120.89886419794169,14.452994606198981],[120.89976251322581,14.452994606198981],[120.89976251322581,14.453892921483101],[120.89886419794169,14.453892921483101],[120.89886419794169,14.452994606198981]]]},"id":"+134584+16089","properties":{"cls":1,"count":1}},{"type":"Feature","geometry":{"geodesic":false,"type":"Polygon","coordinates":[[[120.89886419794169,14.719794245582479],[120.89976251322581,14.719794245582479],[120.89976251322581,14.720692560866599],[120.89886419794169,14.720692560866599],[120.89886419794169,14.719794245582479]]]},"id":"+134584+16386","properties":{"cls":1,"count":1}},{"type":"Feature","geometry":{"geodesic":false,"type":"Polygon","coordinates":[[[120.89886419794169,14.740455497117228],[120.89976251322581,14.740455497117228],[120.89976251322581,14.741353812401348],[120.89886419794169,14.741353812401348],[120.89886419794169,14.740455497117228]]]},"id":"+134584+16409","properties":{"cls":1,"count":1}},{"type":"Feature","geometry":{"geodesic":false,"type":"Polygon","coordinates":[[[120.89886419794169,14.742252127685468],[120.89976251322581,14.742252127685468],[120.89976251322581,14.744048758253706],[120.89886419794169,14.744048758253706],[120.89886419794169,14.742252127685468]]]},"id":"+134584+16412","properties":{"cls":1,"count":2}},{"type":"Feature","geometry":{"geodesic":false,"type":"Polygon","coordinates":[[[120.89886419794169,14.753031911094903],[120.89976251322581,14.753031911094903],[120.89976251322581,14.75393022637902],[120.89886419794169,14.75393022637902],[120.89886419794169,14.753031911094903]]]},"id":"+134584+16423","properties":{"cls":1,"count":1}},{"type":"Feature","geometry":{"geodesic":false,"type":"Polygon","coordinates":[[[120.89886419794169,14.786269576607324],[120.89976251322581,14.786269576607324],[120.89976251322581,14.787167891891444],[120.89886419794169,14.787167891891444],[120.89886419794169,14.786269576607324]]]},"id":"+134584+16460","properties":{"cls":1,"count":1}},{"type":"Feature","geometry":{"geodesic":false,"type":"Polygon","coordinates":[[[120.89886419794169,14.79345609888028],[120.89886419794169,14.79165946831204],[120.89976251322581,14.79165946831204],[120.89976251322581,14.790761153027923],[120.89886419794169,14.790761153027923],[120.89886419794169,14.789862837743803],[120.90066082850993,14.789862837743803],[120.90066082850993,14.79255778359616],[120.89886419794169,14.79345609888028]]]},"id":"+134584+16467","properties":{"cls":1,"count":6}},{"type":"Feature","geometry":{"geodesic":false,"type":"Polygon","coordinates":[[[120.89886419794169,14.7943544141644],[120.89976251322581,14.7943544141644],[120.89976251322581,14.795252729448519],[120.89886419794169,14.795252729448519],[120.89886419794169,14.7943544141644]]]},"id":"+134584+16469","properties":{"cls":1,"count":1}},{"type":"Feature","geometry":{"geodesic":false,"type":"Polygon","coordinates":[[[120.89886419794169,14.798845990584997],[120.89976251322581,14.798845990584997],[120.89976251322581,14.799744305869117],[120.89886419794169,14.799744305869117],[120.89886419794169,14.798845990584997]]]},"id":"+134584+16474","properties":{"cls":1,"count":1}},{"type":"Feature","geometry":{"geodesic":false,"type":"Polygon","coordinates":[[[120.89886419794169,14.802439251721475],[120.89976251322581,14.802439251721475],[120.89976251322581,14.803337567005595],[120.89886419794169,14.803337567005595],[120.89886419794169,14.802439251721475]]]},"id":"+134584+16478","properties":{"cls":1,"count":1}},{"type":"Feature","geometry":{"geodesic":false,"type":"Polygon","coordinates":[[[120.89976251322581,14.43862156165307],[120.90066082850993,14.43862156165307],[120.90066082850993,14.439519876937188],[120.89976251322581,14.439519876937188],[120.89976251322581,14.43862156165307]]]},"id":"+134585+16073","properties":{"cls":1,"count":1}},{"type":"Feature","geometry":{"geodesic":false,"type":"Polygon","coordinates":[[[120.89976251322581,14.450299660346623],[120.89976251322581,14.448503029778385],[120.89886419794169,14.448503029778385],[120.89886419794169,14.447604714494265],[120.90066082850993,14.447604714494265],[120.90066082850993,14.450299660346623],[120.89976251322581,14.450299660346623]]]},"id":"+134585+16085","properties":{"cls":1,"count":4}},{"type":"Feature","geometry":{"geodesic":false,"type":"Polygon","coordinates":[[[120.89976251322581,14.454791236767221],[120.90066082850993,14.454791236767221],[120.90066082850993,14.455689552051341],[120.89976251322581,14.455689552051341],[120.89976251322581,14.454791236767221]]]},"id":"+134585+16091","properties":{"cls":1,"count":1}},{"type":"Feature","geometry":{"geodesic":false,"type":"Polygon","coordinates":[[[120.89976251322581,14.4952154245526],[120.90066082850993,14.4952154245526],[120.90066082850993,14.49611373983672],[120.89976251322581,14.49611373983672],[120.89976251322581,14.4952154245526]]]},"id":"+134585+16136","properties":{"cls":1,"count":1}},{"type":"Feature","geometry":{"geodesic":false,"type":"Polygon","coordinates":[[[120.89976251322581,14.710811092741285],[120.90066082850993,14.710811092741285],[120.90066082850993,14.713506038593643],[120.89976251322581,14.713506038593643],[120.89976251322581,14.710811092741285]]]},"id":"+134585+16378","properties":{"cls":1,"count":3}},{"type":"Feature","geometry":{"geodesic":false,"type":"Polygon","coordinates":[[[120.89976251322581,14.751235280526663],[120.90066082850993,14.751235280526663],[120.90066082850993,14.752133595810783],[120.89976251322581,14.752133595810783],[120.89976251322581,14.751235280526663]]]},"id":"+134585+16421","properties":{"cls":1,"count":1}},{"type":"Feature","geometry":{"geodesic":false,"type":"Polygon","coordinates":[[[120.89976251322581,14.762015063936097],[120.90066082850993,14.762015063936097],[120.90066082850993,14.762913379220217],[120.89976251322581,14.762913379220217],[120.89976251322581,14.762015063936097]]]},"id":"+134585+16433","properties":{"cls":1,"count":1}},{"type":"Feature","geometry":{"geodesic":false,"type":"Polygon","coordinates":[[[120.89976251322581,14.766506640356695],[120.90066082850993,14.766506640356695],[120.90066082850993,14.768303270924934],[120.89976251322581,14.768303270924934],[120.89976251322581,14.766506640356695]]]},"id":"+134585+16439","properties":{"cls":1,"count":2}},{"type":"Feature","geometry":{"geodesic":false,"type":"Polygon","coordinates":[[[120.89976251322581,14.77638810848201],[120.89976251322581,14.77548979319789],[120.89886419794169,14.77548979319789],[120.89886419794169,14.77638810848201],[120.89706756737344,14.77638810848201],[120.89706756737344,14.77548979319789],[120.89796588265757,14.77548979319789],[120.89796588265757,14.77459147791377],[120.90066082850993,14.77459147791377],[120.90066082850993,14.77638810848201],[120.89976251322581,14.77638810848201]]]},"id":"+134585+16448","properties":{"cls":1,"count":6}},{"type":"Feature","geometry":{"geodesic":false,"type":"Polygon","coordinates":[[[120.89976251322581,14.81501566569915],[120.90066082850993,14.81501566569915],[120.90066082850993,14.816812296267388],[120.89976251322581,14.816812296267388],[120.89976251322581,14.81501566569915]]]},"id":"+134585+16493","properties":{"cls":1,"count":2}},{"type":"Feature","geometry":{"geodesic":false,"type":"Polygon","coordinates":[[[120.89976251322581,14.444909768641907],[120.90155914379405,14.444909768641907],[120.90155914379405,14.446706399210145],[120.89976251322581,14.446706399210145],[120.89976251322581,14.444909768641907]]]},"id":"+134586+16081","properties":{"cls":1,"count":4}},{"type":"Feature","geometry":{"geodesic":false,"type":"Polygon","coordinates":[[[120.89886419794169,14.479045749438448],[120.89886419794169,14.477249118870208],[120.89976251322581,14.477249118870208],[120.89976251322581,14.478147434154328],[120.90155914379405,14.478147434154328],[120.90155914379405,14.479045749438448],[120.89886419794169,14.479045749438448]]]},"id":"+134586+16117","properties":{"cls":1,"count":4}},{"type":"Feature","geometry":{"geodesic":false,"type":"Polygon","coordinates":[[[120.90066082850993,14.758421802799619],[120.90155914379405,14.758421802799619],[120.90155914379405,14.759320118083739],[120.90066082850993,14.759320118083739],[120.90066082850993,14.758421802799619]]]},"id":"+134586+16429","properties":{"cls":1,"count":1}},{"type":"Feature","geometry":{"geodesic":false,"type":"Polygon","coordinates":[[[120.90066082850993,14.77638810848201],[120.90155914379405,14.77638810848201],[120.90155914379405,14.77728642376613],[120.90066082850993,14.77728642376613],[120.90066082850993,14.77638810848201]]]},"id":"+134586+16449","properties":{"cls":1,"count":1}},{"type":"Feature","geometry":{"geodesic":false,"type":"Polygon","coordinates":[[[120.90066082850993,14.789862837743803],[120.89976251322581,14.788066207175564],[120.90066082850993,14.788066207175564],[120.90066082850993,14.786269576607324],[120.90155914379405,14.786269576607324],[120.90155914379405,14.789862837743803],[120.90066082850993,14.789862837743803]]]},"id":"+134586+16463","properties":{"cls":1,"count":5}},{"type":"Feature","geometry":{"geodesic":false,"type":"Polygon","coordinates":[[[120.90066082850993,14.800642621153237],[120.90066082850993,14.798845990584997],[120.90245745907816,14.798845990584997],[120.90245745907816,14.799744305869117],[120.90066082850993,14.800642621153237]]]},"id":"+134586+16475","properties":{"cls":1,"count":3}},{"type":"Feature","geometry":{"geodesic":false,"type":"Polygon","coordinates":[[[120.90155914379405,14.478147434154328],[120.90155914379405,14.477249118870208],[120.89976251322581,14.477249118870208],[120.89976251322581,14.47635080358609],[120.90335577436228,14.47635080358609],[120.90335577436228,14.477249118870208],[120.90155914379405,14.478147434154328]]]},"id":"+134587+16116","properties":{"cls":1,"count":5}},{"type":"Feature","geometry":{"geodesic":false,"type":"Polygon","coordinates":[[[120.90155914379405,14.709014462173046],[120.90245745907816,14.709014462173046],[120.90245745907816,14.709912777457165],[120.90155914379405,14.709912777457165],[120.90155914379405,14.709014462173046]]]},"id":"+134587+16374","properties":{"cls":1,"count":1}},{"type":"Feature","geometry":{"geodesic":false,"type":"Polygon","coordinates":[[[120.90155914379405,14.715302669161883],[120.90155914379405,14.712607723309524],[120.90245745907816,14.712607723309524],[120.90245745907816,14.710811092741285],[120.90335577436228,14.710811092741285],[120.90335577436228,14.713506038593643],[120.90245745907816,14.713506038593643],[120.90245745907816,14.715302669161883],[120.90155914379405,14.715302669161883]]]},"id":"+134587+16380","properties":{"cls":1,"count":6}},{"type":"Feature","geometry":{"geodesic":false,"type":"Polygon","coordinates":[[[120.90155914379405,14.760218433367859],[120.90245745907816,14.760218433367859],[120.90245745907816,14.761116748651977],[120.90155914379405,14.761116748651977],[120.90155914379405,14.760218433367859]]]},"id":"+134587+16431","properties":{"cls":1,"count":1}},{"type":"Feature","geometry":{"geodesic":false,"type":"Polygon","coordinates":[[[120.90155914379405,14.762015063936097],[120.90245745907816,14.762015063936097],[120.90245745907816,14.762913379220217],[120.90155914379405,14.762913379220217],[120.90155914379405,14.762015063936097]]]},"id":"+134587+16433","properties":{"cls":1,"count":1}},{"type":"Feature","geometry":{"geodesic":false,"type":"Polygon","coordinates":[[[120.90066082850993,14.772794847345532],[120.90245745907816,14.772794847345532],[120.90245745907816,14.773693162629652],[120.90066082850993,14.773693162629652],[120.90066082850993,14.772794847345532]]]},"id":"+134587+16445","properties":{"cls":1,"count":2}},{"type":"Feature","geometry":{"geodesic":false,"type":"Polygon","coordinates":[[[120.90155914379405,14.77459147791377],[120.90245745907816,14.77459147791377],[120.90245745907816,14.77548979319789],[120.90155914379405,14.77548979319789],[120.90155914379405,14.77459147791377]]]},"id":"+134587+16447","properties":{"cls":1,"count":1}},{"type":"Feature","geometry":{"geodesic":false,"type":"Polygon","coordinates":[[[120.90245745907816,14.446706399210145],[120.90335577436228,14.446706399210145],[120.90335577436228,14.447604714494265],[120.90245745907816,14.447604714494265],[120.90245745907816,14.446706399210145]]]},"id":"+134588+16082","properties":{"cls":1,"count":1}},{"type":"Feature","geometry":{"geodesic":false,"type":"Polygon","coordinates":[[[120.90245745907816,14.708116146888926],[120.90155914379405,14.706319516320686],[120.90335577436228,14.706319516320686],[120.90335577436228,14.708116146888926],[120.90245745907816,14.708116146888926]]]},"id":"+134588+16372","properties":{"cls":1,"count":3}},{"type":"Feature","geometry":{"geodesic":false,"type":"Polygon","coordinates":[[[120.90245745907816,14.757523487515499],[120.90335577436228,14.757523487515499],[120.90335577436228,14.758421802799619],[120.90245745907816,14.758421802799619],[120.90245745907816,14.757523487515499]]]},"id":"+134588+16428","properties":{"cls":1,"count":1}},{"type":"Feature","geometry":{"geodesic":false,"type":"Polygon","coordinates":[[[120.90245745907816,14.762913379220217],[120.90335577436228,14.762913379220217],[120.90335577436228,14.763811694504337],[120.90245745907816,14.763811694504337],[120.90245745907816,14.762913379220217]]]},"id":"+134588+16434","properties":{"cls":1,"count":1}},{"type":"Feature","geometry":{"geodesic":false,"type":"Polygon","coordinates":[[[120.90245745907816,14.768303270924934],[120.90155914379405,14.763811694504337],[120.90335577436228,14.764710009788455],[120.90335577436228,14.768303270924934],[120.90245745907816,14.768303270924934]]]},"id":"+134588+16439","properties":{"cls":1,"count":6}},{"type":"Feature","geometry":{"geodesic":false,"type":"Polygon","coordinates":[[[120.90245745907816,14.783574630754966],[120.90335577436228,14.783574630754966],[120.90335577436228,14.784472946039086],[120.90245745907816,14.784472946039086],[120.90245745907816,14.783574630754966]]]},"id":"+134588+16457","properties":{"cls":1,"count":1}},{"type":"Feature","geometry":{"geodesic":false,"type":"Polygon","coordinates":[[[120.90245745907816,14.811422404562672],[120.90335577436228,14.811422404562672],[120.90335577436228,14.81232071984679],[120.90245745907816,14.81232071984679],[120.90245745907816,14.811422404562672]]]},"id":"+134588+16488","properties":{"cls":1,"count":1}},{"type":"Feature","geometry":{"geodesic":false,"type":"Polygon","coordinates":[[[120.90335577436228,14.702726255184208],[120.9042540896464,14.702726255184208],[120.9042540896464,14.703624570468328],[120.90335577436228,14.703624570468328],[120.90335577436228,14.702726255184208]]]},"id":"+134589+16367","properties":{"cls":1,"count":1}},{"type":"Feature","geometry":{"geodesic":false,"type":"Polygon","coordinates":[[[120.90335577436228,14.708116146888926],[120.9042540896464,14.708116146888926],[120.9042540896464,14.709912777457165],[120.90335577436228,14.709912777457165],[120.90335577436228,14.708116146888926]]]},"id":"+134589+16374","properties":{"cls":1,"count":2}},{"type":"Feature","geometry":{"geodesic":false,"type":"Polygon","coordinates":[[[120.90335577436228,14.715302669161883],[120.9042540896464,14.715302669161883],[120.9042540896464,14.716200984446003],[120.90335577436228,14.716200984446003],[120.90335577436228,14.715302669161883]]]},"id":"+134589+16381","properties":{"cls":1,"count":1}},{"type":"Feature","geometry":{"geodesic":false,"type":"Polygon","coordinates":[[[120.90245745907816,14.742252127685468],[120.9042540896464,14.742252127685468],[120.9042540896464,14.743150442969588],[120.90245745907816,14.743150442969588],[120.90245745907816,14.742252127685468]]]},"id":"+134589+16411","properties":{"cls":1,"count":2}},{"type":"Feature","geometry":{"geodesic":false,"type":"Polygon","coordinates":[[[120.90335577436228,14.758421802799619],[120.9042540896464,14.758421802799619],[120.9042540896464,14.759320118083739],[120.90335577436228,14.759320118083739],[120.90335577436228,14.758421802799619]]]},"id":"+134589+16429","properties":{"cls":1,"count":1}},{"type":"Feature","geometry":{"geodesic":false,"type":"Polygon","coordinates":[[[120.90335577436228,14.770998216777294],[120.90335577436228,14.770099901493174],[120.90155914379405,14.770998216777294],[120.90155914379405,14.770099901493174],[120.90066082850993,14.770099901493174],[120.90066082850993,14.770998216777294],[120.89976251322581,14.770998216777294],[120.89886419794169,14.769201586209054],[120.90066082850993,14.769201586209054],[120.90066082850993,14.768303270924934],[120.90245745907816,14.768303270924934],[120.90245745907816,14.769201586209054],[120.90335577436228,14.769201586209054],[120.90335577436228,14.768303270924934],[120.90694903549877,14.768303270924934],[120.90694903549877,14.769201586209054],[120.90515240493052,14.769201586209054],[120.90515240493052,14.770099901493174],[120.90335577436228,14.770998216777294]]]},"id":"+134589+16442","properties":{"cls":1,"count":16}},{"type":"Feature","geometry":{"geodesic":false,"type":"Polygon","coordinates":[[[120.90335577436228,14.773693162629652],[120.9042540896464,14.773693162629652],[120.9042540896464,14.77459147791377],[120.90335577436228,14.77459147791377],[120.90335577436228,14.773693162629652]]]},"id":"+134589+16446","properties":{"cls":1,"count":1}},{"type":"Feature","geometry":{"geodesic":false,"type":"Polygon","coordinates":[[[120.90335577436228,14.784472946039086],[120.9042540896464,14.784472946039086],[120.9042540896464,14.786269576607324],[120.90335577436228,14.786269576607324],[120.90335577436228,14.784472946039086]]]},"id":"+134589+16459","properties":{"cls":1,"count":2}},{"type":"Feature","geometry":{"geodesic":false,"type":"Polygon","coordinates":[[[120.90155914379405,14.790761153027923],[120.90245745907816,14.788964522459683],[120.9042540896464,14.788964522459683],[120.9042540896464,14.790761153027923],[120.90155914379405,14.790761153027923]]]},"id":"+134589+16464","properties":{"cls":1,"count":5}},{"type":"Feature","geometry":{"geodesic":false,"type":"Polygon","coordinates":[[[120.9042540896464,14.480842380006687],[120.90515240493052,14.480842380006687],[120.90515240493052,14.481740695290807],[120.9042540896464,14.481740695290807],[120.9042540896464,14.480842380006687]]]},"id":"+134590+16120","properties":{"cls":1,"count":1}},{"type":"Feature","geometry":{"geodesic":false,"type":"Polygon","coordinates":[[[120.9042540896464,14.70182793990009],[120.90515240493052,14.70182793990009],[120.90515240493052,14.702726255184208],[120.9042540896464,14.702726255184208],[120.9042540896464,14.70182793990009]]]},"id":"+134590+16366","properties":{"cls":1,"count":1}},{"type":"Feature","geometry":{"geodesic":false,"type":"Polygon","coordinates":[[[120.9042540896464,14.71709929973012],[120.90515240493052,14.71709929973012],[120.90515240493052,14.71799761501424],[120.9042540896464,14.71799761501424],[120.9042540896464,14.71709929973012]]]},"id":"+134590+16383","properties":{"cls":1,"count":1}},{"type":"Feature","geometry":{"geodesic":false,"type":"Polygon","coordinates":[[[120.9042540896464,14.725184137287197],[120.90515240493052,14.725184137287197],[120.90515240493052,14.726980767855435],[120.9042540896464,14.726980767855435],[120.9042540896464,14.725184137287197]]]},"id":"+134590+16393","properties":{"cls":1,"count":2}},{"type":"Feature","geometry":{"geodesic":false,"type":"Polygon","coordinates":[[[120.90335577436228,14.744048758253706],[120.90515240493052,14.744048758253706],[120.90515240493052,14.744947073537826],[120.90335577436228,14.744947073537826],[120.90335577436228,14.744048758253706]]]},"id":"+134590+16413","properties":{"cls":1,"count":2}},{"type":"Feature","geometry":{"geodesic":false,"type":"Polygon","coordinates":[[[120.90335577436228,14.75393022637902],[120.90335577436228,14.752133595810783],[120.9042540896464,14.752133595810783],[120.90515240493052,14.75393022637902],[120.90335577436228,14.75393022637902]]]},"id":"+134590+16423","properties":{"cls":1,"count":3}},{"type":"Feature","geometry":{"geodesic":false,"type":"Polygon","coordinates":[[[120.9042540896464,14.765608325072575],[120.90515240493052,14.765608325072575],[120.90515240493052,14.766506640356695],[120.9042540896464,14.766506640356695],[120.9042540896464,14.765608325072575]]]},"id":"+134590+16437","properties":{"cls":1,"count":1}},{"type":"Feature","geometry":{"geodesic":false,"type":"Polygon","coordinates":[[[120.9042540896464,14.783574630754966],[120.90515240493052,14.783574630754966],[120.90515240493052,14.784472946039086],[120.9042540896464,14.784472946039086],[120.9042540896464,14.783574630754966]]]},"id":"+134590+16457","properties":{"cls":1,"count":1}},{"type":"Feature","geometry":{"geodesic":false,"type":"Polygon","coordinates":[[[120.90335577436228,14.45748618261958],[120.90335577436228,14.45658786733546],[120.90515240493052,14.45658786733546],[120.90515240493052,14.455689552051341],[120.90605072021464,14.455689552051341],[120.90605072021464,14.45748618261958],[120.90335577436228,14.45748618261958]]]},"id":"+134591+16093","properties":{"cls":1,"count":4}},{"type":"Feature","geometry":{"geodesic":false,"type":"Polygon","coordinates":[[[120.90515240493052,14.70092962461597],[120.90605072021464,14.70092962461597],[120.90605072021464,14.70182793990009],[120.90515240493052,14.70182793990009],[120.90515240493052,14.70092962461597]]]},"id":"+134591+16365","properties":{"cls":1,"count":1}},{"type":"Feature","geometry":{"geodesic":false,"type":"Polygon","coordinates":[[[120.90515240493052,14.704522885752448],[120.90605072021464,14.704522885752448],[120.90605072021464,14.705421201036568],[120.90515240493052,14.705421201036568],[120.90515240493052,14.704522885752448]]]},"id":"+134591+16369","properties":{"cls":1,"count":1}},{"type":"Feature","geometry":{"geodesic":false,"type":"Polygon","coordinates":[[[120.90515240493052,14.722489191434839],[120.90605072021464,14.722489191434839],[120.90605072021464,14.723387506718957],[120.90515240493052,14.723387506718957],[120.90515240493052,14.722489191434839]]]},"id":"+134591+16389","properties":{"cls":1,"count":1}},{"type":"Feature","geometry":{"geodesic":false,"type":"Polygon","coordinates":[[[120.90515240493052,14.75393022637902],[120.90605072021464,14.75393022637902],[120.90605072021464,14.75482854166314],[120.90515240493052,14.75482854166314],[120.90515240493052,14.75393022637902]]]},"id":"+134591+16424","properties":{"cls":1,"count":1}},{"type":"Feature","geometry":{"geodesic":false,"type":"Polygon","coordinates":[[[120.90515240493052,14.758421802799619],[120.90605072021464,14.758421802799619],[120.90605072021464,14.759320118083739],[120.90515240493052,14.759320118083739],[120.90515240493052,14.758421802799619]]]},"id":"+134591+16429","properties":{"cls":1,"count":1}},{"type":"Feature","geometry":{"geodesic":false,"type":"Polygon","coordinates":[[[120.90515240493052,14.761116748651977],[120.90605072021464,14.761116748651977],[120.90605072021464,14.762015063936097],[120.90515240493052,14.762015063936097],[120.90515240493052,14.761116748651977]]]},"id":"+134591+16432","properties":{"cls":1,"count":1}},{"type":"Feature","geometry":{"geodesic":false,"type":"Polygon","coordinates":[[[120.9042540896464,14.772794847345532],[120.90605072021464,14.772794847345532],[120.90605072021464,14.773693162629652],[120.9042540896464,14.773693162629652],[120.9042540896464,14.772794847345532]]]},"id":"+134591+16445","properties":{"cls":1,"count":2}},{"type":"Feature","geometry":{"geodesic":false,"type":"Polygon","coordinates":[[[120.90515240493052,14.77459147791377],[120.90605072021464,14.77459147791377],[120.90605072021464,14.77638810848201],[120.90515240493052,14.77638810848201],[120.90515240493052,14.77459147791377]]]},"id":"+134591+16448","properties":{"cls":1,"count":2}},{"type":"Feature","geometry":{"geodesic":false,"type":"Polygon","coordinates":[[[120.90515240493052,14.77728642376613],[120.90605072021464,14.77728642376613],[120.90605072021464,14.778184739050248],[120.90515240493052,14.778184739050248],[120.90515240493052,14.77728642376613]]]},"id":"+134591+16450","properties":{"cls":1,"count":1}},{"type":"Feature","geometry":{"geodesic":false,"type":"Polygon","coordinates":[[[120.90515240493052,14.789862837743803],[120.90335577436228,14.787167891891444],[120.90515240493052,14.787167891891444],[120.90515240493052,14.786269576607324],[120.90605072021464,14.786269576607324],[120.90605072021464,14.783574630754966],[120.90694903549877,14.783574630754966],[120.90694903549877,14.784472946039086],[120.908745666067,14.784472946039086],[120.90964398135112,14.782676315470846],[120.91054229663524,14.782676315470846],[120.91054229663524,14.783574630754966],[120.91144061191936,14.783574630754966],[120.91144061191936,14.784472946039086],[120.91054229663524,14.784472946039086],[120.91144061191936,14.786269576607324],[120.91054229663524,14.786269576607324],[120.91054229663524,14.787167891891444],[120.908745666067,14.786269576607324],[120.908745666067,14.787167891891444],[120.90784735078289,14.787167891891444],[120.90784735078289,14.788964522459683],[120.90605072021464,14.788964522459683],[120.90605072021464,14.789862837743803],[120.90515240493052,14.789862837743803]]]},"id":"+134591+16463","properties":{"cls":1,"count":31}},{"type":"Feature","geometry":{"geodesic":false,"type":"Polygon","coordinates":[[[120.90605072021464,14.442214822789548],[120.90694903549877,14.442214822789548],[120.90694903549877,14.443113138073667],[120.90605072021464,14.443113138073667],[120.90605072021464,14.442214822789548]]]},"id":"+134592+16077","properties":{"cls":1,"count":1}},{"type":"Feature","geometry":{"geodesic":false,"type":"Polygon","coordinates":[[[120.90605072021464,14.454791236767221],[120.90694903549877,14.454791236767221],[120.90694903549877,14.455689552051341],[120.90605072021464,14.455689552051341],[120.90605072021464,14.454791236767221]]]},"id":"+134592+16091","properties":{"cls":1,"count":1}},{"type":"Feature","geometry":{"geodesic":false,"type":"Polygon","coordinates":[[[120.90605072021464,14.490723848132001],[120.90694903549877,14.490723848132001],[120.90694903549877,14.491622163416121],[120.90605072021464,14.491622163416121],[120.90605072021464,14.490723848132001]]]},"id":"+134592+16131","properties":{"cls":1,"count":1}},{"type":"Feature","geometry":{"geodesic":false,"type":"Polygon","coordinates":[[[120.90605072021464,14.70003130933185],[120.90694903549877,14.70003130933185],[120.90694903549877,14.70092962461597],[120.90605072021464,14.70092962461597],[120.90605072021464,14.70003130933185]]]},"id":"+134592+16364","properties":{"cls":1,"count":1}},{"type":"Feature","geometry":{"geodesic":false,"type":"Polygon","coordinates":[[[120.90605072021464,14.702726255184208],[120.90694903549877,14.702726255184208],[120.90694903549877,14.703624570468328],[120.90605072021464,14.703624570468328],[120.90605072021464,14.702726255184208]]]},"id":"+134592+16367","properties":{"cls":1,"count":1}},{"type":"Feature","geometry":{"geodesic":false,"type":"Polygon","coordinates":[[[120.90605072021464,14.713506038593643],[120.90694903549877,14.713506038593643],[120.90694903549877,14.714404353877763],[120.90605072021464,14.714404353877763],[120.90605072021464,14.713506038593643]]]},"id":"+134592+16379","properties":{"cls":1,"count":1}},{"type":"Feature","geometry":{"geodesic":false,"type":"Polygon","coordinates":[[[120.90605072021464,14.715302669161883],[120.90694903549877,14.715302669161883],[120.90694903549877,14.716200984446003],[120.90605072021464,14.716200984446003],[120.90605072021464,14.715302669161883]]]},"id":"+134592+16381","properties":{"cls":1,"count":1}},{"type":"Feature","geometry":{"geodesic":false,"type":"Polygon","coordinates":[[[120.90515240493052,14.750336965242544],[120.90694903549877,14.750336965242544],[120.90694903549877,14.751235280526663],[120.90515240493052,14.751235280526663],[120.90515240493052,14.750336965242544]]]},"id":"+134592+16420","properties":{"cls":1,"count":2}},{"type":"Feature","geometry":{"geodesic":false,"type":"Polygon","coordinates":[[[120.90605072021464,14.752133595810783],[120.90694903549877,14.752133595810783],[120.90694903549877,14.753031911094903],[120.90605072021464,14.753031911094903],[120.90605072021464,14.752133595810783]]]},"id":"+134592+16422","properties":{"cls":1,"count":1}},{"type":"Feature","geometry":{"geodesic":false,"type":"Polygon","coordinates":[[[120.90605072021464,14.758421802799619],[120.90515240493052,14.75662517223138],[120.90964398135112,14.75572685694726],[120.90964398135112,14.757523487515499],[120.90694903549877,14.757523487515499],[120.90694903549877,14.758421802799619],[120.90605072021464,14.758421802799619]]]},"id":"+134592+16428","properties":{"cls":1,"count":8}},{"type":"Feature","geometry":{"geodesic":false,"type":"Polygon","coordinates":[[[120.90605072021464,14.77638810848201],[120.90694903549877,14.77638810848201],[120.90694903549877,14.77728642376613],[120.90605072021464,14.77728642376613],[120.90605072021464,14.77638810848201]]]},"id":"+134592+16449","properties":{"cls":1,"count":1}},{"type":"Feature","geometry":{"geodesic":false,"type":"Polygon","coordinates":[[[120.90694903549877,14.446706399210145],[120.90784735078289,14.446706399210145],[120.90784735078289,14.447604714494265],[120.90694903549877,14.447604714494265],[120.90694903549877,14.446706399210145]]]},"id":"+134593+16082","properties":{"cls":1,"count":1}},{"type":"Feature","geometry":{"geodesic":false,"type":"Polygon","coordinates":[[[120.90155914379405,14.449401345062505],[120.90155914379405,14.448503029778385],[120.90515240493052,14.448503029778385],[120.90515240493052,14.446706399210145],[120.90605072021464,14.446706399210145],[120.90605072021464,14.448503029778385],[120.90784735078289,14.448503029778385],[120.90784735078289,14.449401345062505],[120.90155914379405,14.449401345062505]]]},"id":"+134593+16084","properties":{"cls":1,"count":9}},{"type":"Feature","geometry":{"geodesic":false,"type":"Polygon","coordinates":[[[120.90694903549877,14.699132994047732],[120.90784735078289,14.699132994047732],[120.90784735078289,14.70003130933185],[120.90694903549877,14.70003130933185],[120.90694903549877,14.699132994047732]]]},"id":"+134593+16363","properties":{"cls":1,"count":1}},{"type":"Feature","geometry":{"geodesic":false,"type":"Polygon","coordinates":[[[120.90605072021464,14.75482854166314],[120.90784735078289,14.75482854166314],[120.90784735078289,14.75572685694726],[120.90605072021464,14.75572685694726],[120.90605072021464,14.75482854166314]]]},"id":"+134593+16425","properties":{"cls":1,"count":2}},{"type":"Feature","geometry":{"geodesic":false,"type":"Polygon","coordinates":[[[120.90694903549877,14.768303270924934],[120.90694903549877,14.767404955640815],[120.90515240493052,14.767404955640815],[120.90515240493052,14.766506640356695],[120.90694903549877,14.766506640356695],[120.90694903549877,14.765608325072575],[120.90784735078289,14.765608325072575],[120.90784735078289,14.768303270924934],[120.90694903549877,14.768303270924934]]]},"id":"+134593+16439","properties":{"cls":1,"count":5}},{"type":"Feature","geometry":{"geodesic":false,"type":"Polygon","coordinates":[[[120.90694903549877,14.778184739050248],[120.90784735078289,14.778184739050248],[120.90784735078289,14.779083054334368],[120.90694903549877,14.779083054334368],[120.90694903549877,14.778184739050248]]]},"id":"+134593+16451","properties":{"cls":1,"count":1}},{"type":"Feature","geometry":{"geodesic":false,"type":"Polygon","coordinates":[[[120.90694903549877,14.782676315470846],[120.90784735078289,14.782676315470846],[120.90784735078289,14.783574630754966],[120.90694903549877,14.783574630754966],[120.90694903549877,14.782676315470846]]]},"id":"+134593+16456","properties":{"cls":1,"count":1}},{"type":"Feature","geometry":{"geodesic":false,"type":"Polygon","coordinates":[[[120.90694903549877,14.789862837743803],[120.90784735078289,14.789862837743803],[120.90784735078289,14.790761153027923],[120.90694903549877,14.790761153027923],[120.90694903549877,14.789862837743803]]]},"id":"+134593+16464","properties":{"cls":1,"count":1}},{"type":"Feature","geometry":{"geodesic":false,"type":"Polygon","coordinates":[[[120.9042540896464,14.805134197573835],[120.9042540896464,14.803337567005595],[120.90605072021464,14.804235882289715],[120.90605072021464,14.803337567005595],[120.90694903549877,14.803337567005595],[120.90694903549877,14.804235882289715],[120.90784735078289,14.804235882289715],[120.90784735078289,14.805134197573835],[120.9042540896464,14.805134197573835]]]},"id":"+134593+16480","properties":{"cls":1,"count":6}},{"type":"Feature","geometry":{"geodesic":false,"type":"Polygon","coordinates":[[[120.90784735078289,14.442214822789548],[120.908745666067,14.442214822789548],[120.908745666067,14.443113138073667],[120.90784735078289,14.443113138073667],[120.90784735078289,14.442214822789548]]]},"id":"+134594+16077","properties":{"cls":1,"count":1}},{"type":"Feature","geometry":{"geodesic":false,"type":"Polygon","coordinates":[[[120.90784735078289,14.480842380006687],[120.908745666067,14.480842380006687],[120.908745666067,14.481740695290807],[120.90784735078289,14.481740695290807],[120.90784735078289,14.480842380006687]]]},"id":"+134594+16120","properties":{"cls":1,"count":1}},{"type":"Feature","geometry":{"geodesic":false,"type":"Polygon","coordinates":[[[120.90784735078289,14.492520478700241],[120.908745666067,14.492520478700241],[120.908745666067,14.493418793984361],[120.90784735078289,14.493418793984361],[120.90784735078289,14.492520478700241]]]},"id":"+134594+16133","properties":{"cls":1,"count":1}},{"type":"Feature","geometry":{"geodesic":false,"type":"Polygon","coordinates":[[[120.90784735078289,14.698234678763612],[120.908745666067,14.698234678763612],[120.908745666067,14.699132994047732],[120.90784735078289,14.699132994047732],[120.90784735078289,14.698234678763612]]]},"id":"+134594+16362","properties":{"cls":1,"count":1}},{"type":"Feature","geometry":{"geodesic":false,"type":"Polygon","coordinates":[[[120.90784735078289,14.70182793990009],[120.908745666067,14.70182793990009],[120.908745666067,14.702726255184208],[120.90784735078289,14.702726255184208],[120.90784735078289,14.70182793990009]]]},"id":"+134594+16366","properties":{"cls":1,"count":1}},{"type":"Feature","geometry":{"geodesic":false,"type":"Polygon","coordinates":[[[120.90784735078289,14.704522885752448],[120.908745666067,14.704522885752448],[120.908745666067,14.705421201036568],[120.90784735078289,14.705421201036568],[120.90784735078289,14.704522885752448]]]},"id":"+134594+16369","properties":{"cls":1,"count":1}},{"type":"Feature","geometry":{"geodesic":false,"type":"Polygon","coordinates":[[[120.90784735078289,14.749438649958424],[120.908745666067,14.749438649958424],[120.908745666067,14.751235280526663],[120.90784735078289,14.751235280526663],[120.90784735078289,14.749438649958424]]]},"id":"+134594+16420","properties":{"cls":1,"count":2}},{"type":"Feature","geometry":{"geodesic":false,"type":"Polygon","coordinates":[[[120.90784735078289,14.753031911094903],[120.908745666067,14.753031911094903],[120.908745666067,14.75393022637902],[120.90784735078289,14.75393022637902],[120.90784735078289,14.753031911094903]]]},"id":"+134594+16423","properties":{"cls":1,"count":1}},{"type":"Feature","geometry":{"geodesic":false,"type":"Polygon","coordinates":[[[120.90784735078289,14.761116748651977],[120.908745666067,14.761116748651977],[120.908745666067,14.762015063936097],[120.90784735078289,14.762015063936097],[120.90784735078289,14.761116748651977]]]},"id":"+134594+16432","properties":{"cls":1,"count":1}},{"type":"Feature","geometry":{"geodesic":false,"type":"Polygon","coordinates":[[[120.90694903549877,14.763811694504337],[120.908745666067,14.763811694504337],[120.908745666067,14.764710009788455],[120.90694903549877,14.764710009788455],[120.90694903549877,14.763811694504337]]]},"id":"+134594+16435","properties":{"cls":1,"count":2}},{"type":"Feature","geometry":{"geodesic":false,"type":"Polygon","coordinates":[[[120.90784735078289,14.77728642376613],[120.908745666067,14.77728642376613],[120.908745666067,14.778184739050248],[120.90784735078289,14.778184739050248],[120.90784735078289,14.77728642376613]]]},"id":"+134594+16450","properties":{"cls":1,"count":1}},{"type":"Feature","geometry":{"geodesic":false,"type":"Polygon","coordinates":[[[120.90784735078289,14.779083054334368],[120.908745666067,14.779083054334368],[120.908745666067,14.779981369618488],[120.90784735078289,14.779981369618488],[120.90784735078289,14.779083054334368]]]},"id":"+134594+16452","properties":{"cls":1,"count":1}},{"type":"Feature","geometry":{"geodesic":false,"type":"Polygon","coordinates":[[[120.90694903549877,14.797049360016759],[120.908745666067,14.797049360016759],[120.908745666067,14.797947675300879],[120.90694903549877,14.797947675300879],[120.90694903549877,14.797049360016759]]]},"id":"+134594+16472","properties":{"cls":1,"count":2}},{"type":"Feature","geometry":{"geodesic":false,"type":"Polygon","coordinates":[[[120.90335577436228,14.79255778359616],[120.90335577436228,14.79165946831204],[120.90694903549877,14.79165946831204],[120.90694903549877,14.79255778359616],[120.908745666067,14.79255778359616],[120.908745666067,14.79345609888028],[120.90964398135112,14.79345609888028],[120.908745666067,14.795252729448519],[120.90784735078289,14.795252729448519],[120.90784735078289,14.7943544141644],[120.90694903549877,14.7943544141644],[120.90694903549877,14.795252729448519],[120.90515240493052,14.7943544141644],[120.90515240493052,14.796151044732639],[120.90694903549877,14.796151044732639],[120.90694903549877,14.797049360016759],[120.90605072021464,14.797049360016759],[120.90605072021464,14.797947675300879],[120.90694903549877,14.797947675300879],[120.90694903549877,14.799744305869117],[120.908745666067,14.798845990584997],[120.908745666067,14.801540936437357],[120.90784735078289,14.801540936437357],[120.90784735078289,14.800642621153237],[120.90605072021464,14.801540936437357],[120.90605072021464,14.800642621153237],[120.90515240493052,14.800642621153237],[120.90605072021464,14.798845990584997],[120.90515240493052,14.798845990584997],[120.90515240493052,14.797947675300879],[120.9042540896464,14.797947675300879],[120.9042540896464,14.798845990584997],[120.90335577436228,14.798845990584997],[120.90335577436228,14.797947675300879],[120.90155914379405,14.797947675300879],[120.90155914379405,14.7943544141644],[120.90066082850993,14.7943544141644],[120.90066082850993,14.79255778359616],[120.90335577436228,14.79255778359616]],[[120.90335577436228,14.79345609888028],[120.9042540896464,14.795252729448519],[120.90335577436228,14.795252729448519],[120.90245745907816,14.79345609888028],[120.90335577436228,14.79345609888028]],[[120.90335577436228,14.79345609888028],[120.90335577436228,14.79255778359616],[120.9042540896464,14.79255778359616],[120.9042540896464,14.79345609888028],[120.90335577436228,14.79345609888028]]]},"id":"+134594+16476","properties":{"cls":1,"count":52}},{"type":"Feature","geometry":{"geodesic":false,"type":"Polygon","coordinates":[[[120.90784735078289,14.803337567005595],[120.908745666067,14.803337567005595],[120.908745666067,14.804235882289715],[120.90784735078289,14.804235882289715],[120.90784735078289,14.803337567005595]]]},"id":"+134594+16479","properties":{"cls":1,"count":1}},{"type":"Feature","geometry":{"geodesic":false,"type":"Polygon","coordinates":[[[120.908745666067,14.455689552051341],[120.90964398135112,14.455689552051341],[120.90964398135112,14.45748618261958],[120.908745666067,14.45748618261958],[120.908745666067,14.455689552051341]]]},"id":"+134595+16093","properties":{"cls":1,"count":2}},{"type":"Feature","geometry":{"geodesic":false,"type":"Polygon","coordinates":[[[120.908745666067,14.697336363479492],[120.90964398135112,14.697336363479492],[120.90964398135112,14.698234678763612],[120.908745666067,14.698234678763612],[120.908745666067,14.697336363479492]]]},"id":"+134595+16361","properties":{"cls":1,"count":1}},{"type":"Feature","geometry":{"geodesic":false,"type":"Polygon","coordinates":[[[120.908745666067,14.70182793990009],[120.908745666067,14.70003130933185],[120.91054229663524,14.70003130933185],[120.91054229663524,14.70092962461597],[120.908745666067,14.70182793990009]]]},"id":"+134595+16365","properties":{"cls":1,"count":3}},{"type":"Feature","geometry":{"geodesic":false,"type":"Polygon","coordinates":[[[120.908745666067,14.702726255184208],[120.90964398135112,14.702726255184208],[120.90964398135112,14.703624570468328],[120.908745666067,14.703624570468328],[120.908745666067,14.702726255184208]]]},"id":"+134595+16367","properties":{"cls":1,"count":1}},{"type":"Feature","geometry":{"geodesic":false,"type":"Polygon","coordinates":[[[120.908745666067,14.724285822003077],[120.90964398135112,14.724285822003077],[120.90964398135112,14.725184137287197],[120.908745666067,14.725184137287197],[120.908745666067,14.724285822003077]]]},"id":"+134595+16391","properties":{"cls":1,"count":1}},{"type":"Feature","geometry":{"geodesic":false,"type":"Polygon","coordinates":[[[120.908745666067,14.744048758253706],[120.90964398135112,14.744048758253706],[120.90964398135112,14.744947073537826],[120.908745666067,14.744947073537826],[120.908745666067,14.744048758253706]]]},"id":"+134595+16413","properties":{"cls":1,"count":1}},{"type":"Feature","geometry":{"geodesic":false,"type":"Polygon","coordinates":[[[120.908745666067,14.75393022637902],[120.90964398135112,14.75393022637902],[120.90964398135112,14.75482854166314],[120.908745666067,14.75482854166314],[120.908745666067,14.75393022637902]]]},"id":"+134595+16424","properties":{"cls":1,"count":1}},{"type":"Feature","geometry":{"geodesic":false,"type":"Polygon","coordinates":[[[120.908745666067,14.762015063936097],[120.90964398135112,14.762015063936097],[120.90964398135112,14.762913379220217],[120.908745666067,14.762913379220217],[120.908745666067,14.762015063936097]]]},"id":"+134595+16433","properties":{"cls":1,"count":1}},{"type":"Feature","geometry":{"geodesic":false,"type":"Polygon","coordinates":[[[120.908745666067,14.764710009788455],[120.90964398135112,14.764710009788455],[120.90964398135112,14.765608325072575],[120.908745666067,14.765608325072575],[120.908745666067,14.764710009788455]]]},"id":"+134595+16436","properties":{"cls":1,"count":1}},{"type":"Feature","geometry":{"geodesic":false,"type":"Polygon","coordinates":[[[120.908745666067,14.781778000186726],[120.90964398135112,14.781778000186726],[120.90964398135112,14.782676315470846],[120.908745666067,14.782676315470846],[120.908745666067,14.781778000186726]]]},"id":"+134595+16455","properties":{"cls":1,"count":1}},{"type":"Feature","geometry":{"geodesic":false,"type":"Polygon","coordinates":[[[120.90784735078289,14.790761153027923],[120.90964398135112,14.790761153027923],[120.90964398135112,14.79165946831204],[120.90784735078289,14.79165946831204],[120.90784735078289,14.790761153027923]]]},"id":"+134595+16465","properties":{"cls":1,"count":2}},{"type":"Feature","geometry":{"geodesic":false,"type":"Polygon","coordinates":[[[120.908745666067,14.797947675300879],[120.90964398135112,14.797947675300879],[120.90964398135112,14.798845990584997],[120.908745666067,14.798845990584997],[120.908745666067,14.797947675300879]]]},"id":"+134595+16473","properties":{"cls":1,"count":1}},{"type":"Feature","geometry":{"geodesic":false,"type":"Polygon","coordinates":[[[120.908745666067,14.805134197573835],[120.90964398135112,14.805134197573835],[120.90964398135112,14.806032512857954],[120.908745666067,14.806032512857954],[120.908745666067,14.805134197573835]]]},"id":"+134595+16481","properties":{"cls":1,"count":1}},{"type":"Feature","geometry":{"geodesic":false,"type":"Polygon","coordinates":[[[120.90964398135112,14.444909768641907],[120.91054229663524,14.444909768641907],[120.91054229663524,14.445808083926027],[120.90964398135112,14.445808083926027],[120.90964398135112,14.444909768641907]]]},"id":"+134596+16080","properties":{"cls":1,"count":1}},{"type":"Feature","geometry":{"geodesic":false,"type":"Polygon","coordinates":[[[120.90964398135112,14.70182793990009],[120.91054229663524,14.70182793990009],[120.91054229663524,14.702726255184208],[120.90964398135112,14.702726255184208],[120.90964398135112,14.70182793990009]]]},"id":"+134596+16366","properties":{"cls":1,"count":1}},{"type":"Feature","geometry":{"geodesic":false,"type":"Polygon","coordinates":[[[120.90964398135112,14.722489191434839],[120.91054229663524,14.722489191434839],[120.91054229663524,14.723387506718957],[120.90964398135112,14.723387506718957],[120.90964398135112,14.722489191434839]]]},"id":"+134596+16389","properties":{"cls":1,"count":1}},{"type":"Feature","geometry":{"geodesic":false,"type":"Polygon","coordinates":[[[120.90964398135112,14.751235280526663],[120.91054229663524,14.751235280526663],[120.91054229663524,14.752133595810783],[120.90964398135112,14.752133595810783],[120.90964398135112,14.751235280526663]]]},"id":"+134596+16421","properties":{"cls":1,"count":1}},{"type":"Feature","geometry":{"geodesic":false,"type":"Polygon","coordinates":[[[120.90964398135112,14.757523487515499],[120.91054229663524,14.757523487515499],[120.91054229663524,14.758421802799619],[120.90964398135112,14.758421802799619],[120.90964398135112,14.757523487515499]]]},"id":"+134596+16428","properties":{"cls":1,"count":1}},{"type":"Feature","geometry":{"geodesic":false,"type":"Polygon","coordinates":[[[120.90964398135112,14.763811694504337],[120.91054229663524,14.763811694504337],[120.91054229663524,14.764710009788455],[120.90964398135112,14.764710009788455],[120.90964398135112,14.763811694504337]]]},"id":"+134596+16435","properties":{"cls":1,"count":1}},{"type":"Feature","geometry":{"geodesic":false,"type":"Polygon","coordinates":[[[120.90964398135112,14.77728642376613],[120.91054229663524,14.77728642376613],[120.91054229663524,14.778184739050248],[120.90964398135112,14.778184739050248],[120.90964398135112,14.77728642376613]]]},"id":"+134596+16450","properties":{"cls":1,"count":1}},{"type":"Feature","geometry":{"geodesic":false,"type":"Polygon","coordinates":[[[120.90964398135112,14.79255778359616],[120.91054229663524,14.79255778359616],[120.91054229663524,14.79345609888028],[120.90964398135112,14.79345609888028],[120.90964398135112,14.79255778359616]]]},"id":"+134596+16467","properties":{"cls":1,"count":1}},{"type":"Feature","geometry":{"geodesic":false,"type":"Polygon","coordinates":[[[120.90964398135112,14.799744305869117],[120.91054229663524,14.799744305869117],[120.91054229663524,14.800642621153237],[120.90964398135112,14.800642621153237],[120.90964398135112,14.799744305869117]]]},"id":"+134596+16475","properties":{"cls":1,"count":1}},{"type":"Feature","geometry":{"geodesic":false,"type":"Polygon","coordinates":[[[120.91054229663524,14.447604714494265],[120.91144061191936,14.447604714494265],[120.91144061191936,14.448503029778385],[120.91054229663524,14.448503029778385],[120.91054229663524,14.447604714494265]]]},"id":"+134597+16083","properties":{"cls":1,"count":1}},{"type":"Feature","geometry":{"geodesic":false,"type":"Polygon","coordinates":[[[120.91054229663524,14.449401345062505],[120.91144061191936,14.449401345062505],[120.91144061191936,14.450299660346623],[120.91054229663524,14.450299660346623],[120.91054229663524,14.449401345062505]]]},"id":"+134597+16085","properties":{"cls":1,"count":1}},{"type":"Feature","geometry":{"geodesic":false,"type":"Polygon","coordinates":[[[120.91054229663524,14.451197975630743],[120.91144061191936,14.451197975630743],[120.91144061191936,14.452994606198981],[120.91054229663524,14.452994606198981],[120.91054229663524,14.451197975630743]]]},"id":"+134597+16088","properties":{"cls":1,"count":2}},{"type":"Feature","geometry":{"geodesic":false,"type":"Polygon","coordinates":[[[120.90964398135112,14.696438048195372],[120.91144061191936,14.696438048195372],[120.91144061191936,14.697336363479492],[120.90964398135112,14.697336363479492],[120.90964398135112,14.696438048195372]]]},"id":"+134597+16360","properties":{"cls":1,"count":2}},{"type":"Feature","geometry":{"geodesic":false,"type":"Polygon","coordinates":[[[120.91054229663524,14.698234678763612],[120.91144061191936,14.698234678763612],[120.91144061191936,14.699132994047732],[120.91054229663524,14.699132994047732],[120.91054229663524,14.698234678763612]]]},"id":"+134597+16362","properties":{"cls":1,"count":1}},{"type":"Feature","geometry":{"geodesic":false,"type":"Polygon","coordinates":[[[120.91054229663524,14.70092962461597],[120.91144061191936,14.70092962461597],[120.91144061191936,14.70182793990009],[120.91054229663524,14.70182793990009],[120.91054229663524,14.70092962461597]]]},"id":"+134597+16365","properties":{"cls":1,"count":1}},{"type":"Feature","geometry":{"geodesic":false,"type":"Polygon","coordinates":[[[120.91054229663524,14.703624570468328],[120.91144061191936,14.703624570468328],[120.91144061191936,14.704522885752448],[120.91054229663524,14.704522885752448],[120.91054229663524,14.703624570468328]]]},"id":"+134597+16368","properties":{"cls":1,"count":1}},{"type":"Feature","geometry":{"geodesic":false,"type":"Polygon","coordinates":[[[120.91054229663524,14.721590876150719],[120.91144061191936,14.721590876150719],[120.91144061191936,14.722489191434839],[120.91054229663524,14.722489191434839],[120.91054229663524,14.721590876150719]]]},"id":"+134597+16388","properties":{"cls":1,"count":1}},{"type":"Feature","geometry":{"geodesic":false,"type":"Polygon","coordinates":[[[120.91054229663524,14.762913379220217],[120.90964398135112,14.761116748651977],[120.91144061191936,14.761116748651977],[120.91144061191936,14.762913379220217],[120.91054229663524,14.762913379220217]]]},"id":"+134597+16433","properties":{"cls":1,"count":3}},{"type":"Feature","geometry":{"geodesic":false,"type":"Polygon","coordinates":[[[120.91054229663524,14.765608325072575],[120.91144061191936,14.765608325072575],[120.91144061191936,14.766506640356695],[120.91054229663524,14.766506640356695],[120.91054229663524,14.765608325072575]]]},"id":"+134597+16437","properties":{"cls":1,"count":1}},{"type":"Feature","geometry":{"geodesic":false,"type":"Polygon","coordinates":[[[120.90964398135112,14.779083054334368],[120.91144061191936,14.779083054334368],[120.91144061191936,14.779981369618488],[120.90964398135112,14.779981369618488],[120.90964398135112,14.779083054334368]]]},"id":"+134597+16452","properties":{"cls":1,"count":2}},{"type":"Feature","geometry":{"geodesic":false,"type":"Polygon","coordinates":[[[120.90964398135112,14.780879684902608],[120.91144061191936,14.780879684902608],[120.91144061191936,14.781778000186726],[120.90964398135112,14.781778000186726],[120.90964398135112,14.780879684902608]]]},"id":"+134597+16454","properties":{"cls":1,"count":2}},{"type":"Feature","geometry":{"geodesic":false,"type":"Polygon","coordinates":[[[120.91054229663524,14.79255778359616],[120.91054229663524,14.790761153027923],[120.90964398135112,14.790761153027923],[120.90964398135112,14.789862837743803],[120.91144061191936,14.789862837743803],[120.91144061191936,14.79255778359616],[120.91054229663524,14.79255778359616]]]},"id":"+134597+16466","properties":{"cls":1,"count":4}},{"type":"Feature","geometry":{"geodesic":false,"type":"Polygon","coordinates":[[[120.91054229663524,14.7943544141644],[120.91144061191936,14.7943544141644],[120.91144061191936,14.795252729448519],[120.91054229663524,14.795252729448519],[120.91054229663524,14.7943544141644]]]},"id":"+134597+16469","properties":{"cls":1,"count":1}},{"type":"Feature","geometry":{"geodesic":false,"type":"Polygon","coordinates":[[[120.91144061191936,14.695539732911254],[120.91233892720348,14.695539732911254],[120.91233892720348,14.696438048195372],[120.91144061191936,14.696438048195372],[120.91144061191936,14.695539732911254]]]},"id":"+134598+16359","properties":{"cls":1,"count":1}},{"type":"Feature","geometry":{"geodesic":false,"type":"Polygon","coordinates":[[[120.91144061191936,14.715302669161883],[120.91233892720348,14.715302669161883],[120.91233892720348,14.716200984446003],[120.91144061191936,14.716200984446003],[120.91144061191936,14.715302669161883]]]},"id":"+134598+16381","properties":{"cls":1,"count":1}},{"type":"Feature","geometry":{"geodesic":false,"type":"Polygon","coordinates":[[[120.91144061191936,14.726082452571317],[120.91233892720348,14.726082452571317],[120.91233892720348,14.726980767855435],[120.91144061191936,14.726980767855435],[120.91144061191936,14.726082452571317]]]},"id":"+134598+16393","properties":{"cls":1,"count":1}},{"type":"Feature","geometry":{"geodesic":false,"type":"Polygon","coordinates":[[[120.91144061191936,14.742252127685468],[120.91233892720348,14.742252127685468],[120.91233892720348,14.743150442969588],[120.91144061191936,14.743150442969588],[120.91144061191936,14.742252127685468]]]},"id":"+134598+16411","properties":{"cls":1,"count":1}},{"type":"Feature","geometry":{"geodesic":false,"type":"Polygon","coordinates":[[[120.91144061191936,14.744048758253706],[120.91233892720348,14.744048758253706],[120.91233892720348,14.744947073537826],[120.91144061191936,14.744947073537826],[120.91144061191936,14.744048758253706]]]},"id":"+134598+16413","properties":{"cls":1,"count":1}},{"type":"Feature","geometry":{"geodesic":false,"type":"Polygon","coordinates":[[[120.91144061191936,14.75393022637902],[120.91054229663524,14.752133595810783],[120.91233892720348,14.752133595810783],[120.91233892720348,14.75393022637902],[120.91144061191936,14.75393022637902]]]},"id":"+134598+16423","properties":{"cls":1,"count":3}},{"type":"Feature","geometry":{"geodesic":false,"type":"Polygon","coordinates":[[[120.91144061191936,14.75662517223138],[120.91054229663524,14.75482854166314],[120.91233892720348,14.75482854166314],[120.91233892720348,14.75662517223138],[120.91144061191936,14.75662517223138]]]},"id":"+134598+16426","properties":{"cls":1,"count":3}},{"type":"Feature","geometry":{"geodesic":false,"type":"Polygon","coordinates":[[[120.91144061191936,14.757523487515499],[120.91233892720348,14.757523487515499],[120.91233892720348,14.758421802799619],[120.91144061191936,14.758421802799619],[120.91144061191936,14.757523487515499]]]},"id":"+134598+16428","properties":{"cls":1,"count":1}},{"type":"Feature","geometry":{"geodesic":false,"type":"Polygon","coordinates":[[[120.91144061191936,14.762913379220217],[120.91233892720348,14.762913379220217],[120.91233892720348,14.763811694504337],[120.91144061191936,14.763811694504337],[120.91144061191936,14.762913379220217]]]},"id":"+134598+16434","properties":{"cls":1,"count":1}},{"type":"Feature","geometry":{"geodesic":false,"type":"Polygon","coordinates":[[[120.91054229663524,14.769201586209054],[120.91144061191936,14.767404955640815],[120.91233892720348,14.767404955640815],[120.91233892720348,14.769201586209054],[120.91054229663524,14.769201586209054]]]},"id":"+134598+16440","properties":{"cls":1,"count":3}},{"type":"Feature","geometry":{"geodesic":false,"type":"Polygon","coordinates":[[[120.91144061191936,14.770998216777294],[120.91233892720348,14.770998216777294],[120.91233892720348,14.771896532061412],[120.91144061191936,14.771896532061412],[120.91144061191936,14.770998216777294]]]},"id":"+134598+16443","properties":{"cls":1,"count":1}},{"type":"Feature","geometry":{"geodesic":false,"type":"Polygon","coordinates":[[[120.91144061191936,14.77548979319789],[120.91233892720348,14.77548979319789],[120.91233892720348,14.77638810848201],[120.91144061191936,14.77638810848201],[120.91144061191936,14.77548979319789]]]},"id":"+134598+16448","properties":{"cls":1,"count":1}},{"type":"Feature","geometry":{"geodesic":false,"type":"Polygon","coordinates":[[[120.91144061191936,14.79345609888028],[120.91233892720348,14.79345609888028],[120.91233892720348,14.7943544141644],[120.91144061191936,14.7943544141644],[120.91144061191936,14.79345609888028]]]},"id":"+134598+16468","properties":{"cls":1,"count":1}},{"type":"Feature","geometry":{"geodesic":false,"type":"Polygon","coordinates":[[[120.91144061191936,14.797947675300879],[120.91144061191936,14.797049360016759],[120.90964398135112,14.797947675300879],[120.90964398135112,14.795252729448519],[120.91054229663524,14.795252729448519],[120.91054229663524,14.796151044732639],[120.91144061191936,14.796151044732639],[120.91144061191936,14.795252729448519],[120.91503387305583,14.796151044732639],[120.91503387305583,14.797049360016759],[120.91233892720348,14.797049360016759],[120.91233892720348,14.797947675300879],[120.91144061191936,14.797947675300879]]]},"id":"+134598+16472","properties":{"cls":1,"count":11}},{"type":"Feature","geometry":{"geodesic":false,"type":"Polygon","coordinates":[[[120.91144061191936,14.81232071984679],[120.91233892720348,14.81232071984679],[120.91233892720348,14.81321903513091],[120.91144061191936,14.81321903513091],[120.91144061191936,14.81232071984679]]]},"id":"+134598+16489","properties":{"cls":1,"count":1}},{"type":"Feature","geometry":{"geodesic":false,"type":"Polygon","coordinates":[[[120.91233892720348,14.453892921483101],[120.9132372424876,14.453892921483101],[120.9132372424876,14.454791236767221],[120.91233892720348,14.454791236767221],[120.91233892720348,14.453892921483101]]]},"id":"+134599+16090","properties":{"cls":1,"count":1}},{"type":"Feature","geometry":{"geodesic":false,"type":"Polygon","coordinates":[[[120.91233892720348,14.750336965242544],[120.9132372424876,14.750336965242544],[120.9132372424876,14.752133595810783],[120.91233892720348,14.752133595810783],[120.91233892720348,14.750336965242544]]]},"id":"+134599+16421","properties":{"cls":1,"count":2}},{"type":"Feature","geometry":{"geodesic":false,"type":"Polygon","coordinates":[[[120.91233892720348,14.75662517223138],[120.9132372424876,14.75662517223138],[120.9132372424876,14.757523487515499],[120.91233892720348,14.757523487515499],[120.91233892720348,14.75662517223138]]]},"id":"+134599+16427","properties":{"cls":1,"count":1}},{"type":"Feature","geometry":{"geodesic":false,"type":"Polygon","coordinates":[[[120.91233892720348,14.770099901493174],[120.9132372424876,14.770099901493174],[120.9132372424876,14.770998216777294],[120.91233892720348,14.770998216777294],[120.91233892720348,14.770099901493174]]]},"id":"+134599+16442","properties":{"cls":1,"count":1}},{"type":"Feature","geometry":{"geodesic":false,"type":"Polygon","coordinates":[[[120.91233892720348,14.772794847345532],[120.9132372424876,14.772794847345532],[120.9132372424876,14.773693162629652],[120.91233892720348,14.773693162629652],[120.91233892720348,14.772794847345532]]]},"id":"+134599+16445","properties":{"cls":1,"count":1}},{"type":"Feature","geometry":{"geodesic":false,"type":"Polygon","coordinates":[[[120.91144061191936,14.779083054334368],[120.91144061191936,14.77728642376613],[120.91233892720348,14.77728642376613],[120.9132372424876,14.779083054334368],[120.91144061191936,14.779083054334368]]]},"id":"+134599+16451","properties":{"cls":1,"count":3}},{"type":"Feature","geometry":{"geodesic":false,"type":"Polygon","coordinates":[[[120.91233892720348,14.779981369618488],[120.9132372424876,14.779981369618488],[120.9132372424876,14.780879684902608],[120.91233892720348,14.780879684902608],[120.91233892720348,14.779981369618488]]]},"id":"+134599+16453","properties":{"cls":1,"count":1}},{"type":"Feature","geometry":{"geodesic":false,"type":"Polygon","coordinates":[[[120.91233892720348,14.797947675300879],[120.9132372424876,14.797947675300879],[120.9132372424876,14.798845990584997],[120.91233892720348,14.798845990584997],[120.91233892720348,14.797947675300879]]]},"id":"+134599+16473","properties":{"cls":1,"count":1}},{"type":"Feature","geometry":{"geodesic":false,"type":"Polygon","coordinates":[[[120.91144061191936,14.803337567005595],[120.91054229663524,14.801540936437357],[120.91144061191936,14.801540936437357],[120.91144061191936,14.800642621153237],[120.9132372424876,14.800642621153237],[120.91413555777171,14.802439251721475],[120.9132372424876,14.802439251721475],[120.9132372424876,14.803337567005595],[120.91144061191936,14.803337567005595]]]},"id":"+134599+16478","properties":{"cls":1,"count":8}},{"type":"Feature","geometry":{"geodesic":false,"type":"Polygon","coordinates":[[[120.9132372424876,14.446706399210145],[120.91233892720348,14.444909768641907],[120.91413555777171,14.444909768641907],[120.91413555777171,14.446706399210145],[120.9132372424876,14.446706399210145]]]},"id":"+134600+16081","properties":{"cls":1,"count":3}},{"type":"Feature","geometry":{"geodesic":false,"type":"Polygon","coordinates":[[[120.91233892720348,14.450299660346623],[120.91413555777171,14.450299660346623],[120.91413555777171,14.451197975630743],[120.91233892720348,14.451197975630743],[120.91233892720348,14.450299660346623]]]},"id":"+134600+16086","properties":{"cls":1,"count":2}},{"type":"Feature","geometry":{"geodesic":false,"type":"Polygon","coordinates":[[[120.91233892720348,14.698234678763612],[120.9132372424876,14.696438048195372],[120.91413555777171,14.696438048195372],[120.91413555777171,14.698234678763612],[120.91233892720348,14.698234678763612]]]},"id":"+134600+16361","properties":{"cls":1,"count":3}},{"type":"Feature","geometry":{"geodesic":false,"type":"Polygon","coordinates":[[[120.91233892720348,14.745845388821946],[120.91413555777171,14.745845388821946],[120.91413555777171,14.746743704106066],[120.91233892720348,14.746743704106066],[120.91233892720348,14.745845388821946]]]},"id":"+134600+16415","properties":{"cls":1,"count":2}},{"type":"Feature","geometry":{"geodesic":false,"type":"Polygon","coordinates":[[[120.9132372424876,14.758421802799619],[120.91413555777171,14.758421802799619],[120.91413555777171,14.759320118083739],[120.9132372424876,14.759320118083739],[120.9132372424876,14.758421802799619]]]},"id":"+134600+16429","properties":{"cls":1,"count":1}},{"type":"Feature","geometry":{"geodesic":false,"type":"Polygon","coordinates":[[[120.9132372424876,14.762913379220217],[120.9132372424876,14.762015063936097],[120.91233892720348,14.762015063936097],[120.91233892720348,14.759320118083739],[120.91413555777171,14.760218433367859],[120.91413555777171,14.762913379220217],[120.9132372424876,14.762913379220217]]]},"id":"+134600+16433","properties":{"cls":1,"count":6}},{"type":"Feature","geometry":{"geodesic":false,"type":"Polygon","coordinates":[[[120.9132372424876,14.766506640356695],[120.91413555777171,14.766506640356695],[120.91413555777171,14.767404955640815],[120.9132372424876,14.767404955640815],[120.9132372424876,14.766506640356695]]]},"id":"+134600+16438","properties":{"cls":1,"count":1}},{"type":"Feature","geometry":{"geodesic":false,"type":"Polygon","coordinates":[[[120.9132372424876,14.768303270924934],[120.91413555777171,14.768303270924934],[120.91413555777171,14.770099901493174],[120.9132372424876,14.770099901493174],[120.9132372424876,14.768303270924934]]]},"id":"+134600+16441","properties":{"cls":1,"count":2}},{"type":"Feature","geometry":{"geodesic":false,"type":"Polygon","coordinates":[[[120.91233892720348,14.77638810848201],[120.91413555777171,14.77638810848201],[120.91413555777171,14.77728642376613],[120.91233892720348,14.77728642376613],[120.91233892720348,14.77638810848201]]]},"id":"+134600+16449","properties":{"cls":1,"count":2}},{"type":"Feature","geometry":{"geodesic":false,"type":"Polygon","coordinates":[[[120.9132372424876,14.783574630754966],[120.91233892720348,14.781778000186726],[120.9132372424876,14.781778000186726],[120.9132372424876,14.780879684902608],[120.91503387305583,14.780879684902608],[120.91503387305583,14.781778000186726],[120.91413555777171,14.781778000186726],[120.91413555777171,14.783574630754966],[120.9132372424876,14.783574630754966]]]},"id":"+134600+16456","properties":{"cls":1,"count":5}},{"type":"Feature","geometry":{"geodesic":false,"type":"Polygon","coordinates":[[[120.91233892720348,14.786269576607324],[120.91233892720348,14.784472946039086],[120.9132372424876,14.784472946039086],[120.91413555777171,14.786269576607324],[120.91233892720348,14.786269576607324]]]},"id":"+134600+16459","properties":{"cls":1,"count":3}},{"type":"Feature","geometry":{"geodesic":false,"type":"Polygon","coordinates":[[[120.91233892720348,14.79165946831204],[120.91413555777171,14.79165946831204],[120.91413555777171,14.79255778359616],[120.91233892720348,14.79255778359616],[120.91233892720348,14.79165946831204]]]},"id":"+134600+16466","properties":{"cls":1,"count":2}},{"type":"Feature","geometry":{"geodesic":false,"type":"Polygon","coordinates":[[[120.9132372424876,14.799744305869117],[120.91413555777171,14.799744305869117],[120.91413555777171,14.800642621153237],[120.9132372424876,14.800642621153237],[120.9132372424876,14.799744305869117]]]},"id":"+134600+16475","properties":{"cls":1,"count":1}},{"type":"Feature","geometry":{"geodesic":false,"type":"Polygon","coordinates":[[[120.91413555777171,14.444011453357787],[120.91503387305583,14.444011453357787],[120.91503387305583,14.444909768641907],[120.91413555777171,14.444909768641907],[120.91413555777171,14.444011453357787]]]},"id":"+134601+16079","properties":{"cls":1,"count":1}},{"type":"Feature","geometry":{"geodesic":false,"type":"Polygon","coordinates":[[[120.91413555777171,14.499707000973197],[120.91503387305583,14.499707000973197],[120.91503387305583,14.500605316257317],[120.91413555777171,14.500605316257317],[120.91413555777171,14.499707000973197]]]},"id":"+134601+16141","properties":{"cls":1,"count":1}},{"type":"Feature","geometry":{"geodesic":false,"type":"Polygon","coordinates":[[[120.9132372424876,14.706319516320686],[120.91503387305583,14.706319516320686],[120.91503387305583,14.707217831604806],[120.9132372424876,14.707217831604806],[120.9132372424876,14.706319516320686]]]},"id":"+134601+16371","properties":{"cls":1,"count":2}},{"type":"Feature","geometry":{"geodesic":false,"type":"Polygon","coordinates":[[[120.91413555777171,14.708116146888926],[120.91503387305583,14.708116146888926],[120.91503387305583,14.709014462173046],[120.91413555777171,14.709014462173046],[120.91413555777171,14.708116146888926]]]},"id":"+134601+16373","properties":{"cls":1,"count":1}},{"type":"Feature","geometry":{"geodesic":false,"type":"Polygon","coordinates":[[[120.91413555777171,14.709912777457165],[120.91503387305583,14.709912777457165],[120.91503387305583,14.710811092741285],[120.91413555777171,14.710811092741285],[120.91413555777171,14.709912777457165]]]},"id":"+134601+16375","properties":{"cls":1,"count":1}},{"type":"Feature","geometry":{"geodesic":false,"type":"Polygon","coordinates":[[[120.91413555777171,14.711709408025404],[120.91503387305583,14.711709408025404],[120.91503387305583,14.712607723309524],[120.91413555777171,14.712607723309524],[120.91413555777171,14.711709408025404]]]},"id":"+134601+16377","properties":{"cls":1,"count":1}},{"type":"Feature","geometry":{"geodesic":false,"type":"Polygon","coordinates":[[[120.9132372424876,14.744048758253706],[120.91503387305583,14.744048758253706],[120.91503387305583,14.744947073537826],[120.9132372424876,14.744947073537826],[120.9132372424876,14.744048758253706]]]},"id":"+134601+16413","properties":{"cls":1,"count":2}},{"type":"Feature","geometry":{"geodesic":false,"type":"Polygon","coordinates":[[[120.91413555777171,14.75482854166314],[120.91503387305583,14.75482854166314],[120.91503387305583,14.75572685694726],[120.91413555777171,14.75572685694726],[120.91413555777171,14.75482854166314]]]},"id":"+134601+16425","properties":{"cls":1,"count":1}},{"type":"Feature","geometry":{"geodesic":false,"type":"Polygon","coordinates":[[[120.91413555777171,14.757523487515499],[120.91503387305583,14.757523487515499],[120.91503387305583,14.758421802799619],[120.91413555777171,14.758421802799619],[120.91413555777171,14.757523487515499]]]},"id":"+134601+16428","properties":{"cls":1,"count":1}},{"type":"Feature","geometry":{"geodesic":false,"type":"Polygon","coordinates":[[[120.9132372424876,14.771896532061412],[120.91503387305583,14.771896532061412],[120.91503387305583,14.772794847345532],[120.9132372424876,14.772794847345532],[120.9132372424876,14.771896532061412]]]},"id":"+134601+16444","properties":{"cls":1,"count":2}},{"type":"Feature","geometry":{"geodesic":false,"type":"Polygon","coordinates":[[[120.91413555777171,14.778184739050248],[120.91503387305583,14.778184739050248],[120.91503387305583,14.779083054334368],[120.91413555777171,14.779083054334368],[120.91413555777171,14.778184739050248]]]},"id":"+134601+16451","properties":{"cls":1,"count":1}},{"type":"Feature","geometry":{"geodesic":false,"type":"Polygon","coordinates":[[[120.91413555777171,14.783574630754966],[120.91503387305583,14.783574630754966],[120.91503387305583,14.785371261323204],[120.91413555777171,14.785371261323204],[120.91413555777171,14.783574630754966]]]},"id":"+134601+16458","properties":{"cls":1,"count":2}},{"type":"Feature","geometry":{"geodesic":false,"type":"Polygon","coordinates":[[[120.91413555777171,14.786269576607324],[120.91503387305583,14.786269576607324],[120.91503387305583,14.787167891891444],[120.91413555777171,14.787167891891444],[120.91413555777171,14.786269576607324]]]},"id":"+134601+16460","properties":{"cls":1,"count":1}},{"type":"Feature","geometry":{"geodesic":false,"type":"Polygon","coordinates":[[[120.91413555777171,14.788066207175564],[120.91503387305583,14.788066207175564],[120.91503387305583,14.788964522459683],[120.91413555777171,14.788964522459683],[120.91413555777171,14.788066207175564]]]},"id":"+134601+16462","properties":{"cls":1,"count":1}},{"type":"Feature","geometry":{"geodesic":false,"type":"Polygon","coordinates":[[[120.91413555777171,14.797947675300879],[120.91503387305583,14.797947675300879],[120.91503387305583,14.799744305869117],[120.91413555777171,14.799744305869117],[120.91413555777171,14.797947675300879]]]},"id":"+134601+16474","properties":{"cls":1,"count":2}},{"type":"Feature","geometry":{"geodesic":false,"type":"Polygon","coordinates":[[[120.91503387305583,14.479944064722568],[120.91593218833995,14.479944064722568],[120.91593218833995,14.480842380006687],[120.91503387305583,14.480842380006687],[120.91503387305583,14.479944064722568]]]},"id":"+134602+16119","properties":{"cls":1,"count":1}},{"type":"Feature","geometry":{"geodesic":false,"type":"Polygon","coordinates":[[[120.91413555777171,14.693743102343014],[120.91503387305583,14.691946471774775],[120.91683050362408,14.691946471774775],[120.91593218833995,14.693743102343014],[120.91413555777171,14.693743102343014]]]},"id":"+134602+16356","properties":{"cls":1,"count":4}},{"type":"Feature","geometry":{"geodesic":false,"type":"Polygon","coordinates":[[[120.91503387305583,14.712607723309524],[120.91593218833995,14.712607723309524],[120.91593218833995,14.713506038593643],[120.91503387305583,14.713506038593643],[120.91503387305583,14.712607723309524]]]},"id":"+134602+16378","properties":{"cls":1,"count":1}},{"type":"Feature","geometry":{"geodesic":false,"type":"Polygon","coordinates":[[[120.91413555777171,14.73865886654899],[120.91593218833995,14.73865886654899],[120.91593218833995,14.73955718183311],[120.91413555777171,14.73955718183311],[120.91413555777171,14.73865886654899]]]},"id":"+134602+16407","properties":{"cls":1,"count":2}},{"type":"Feature","geometry":{"geodesic":false,"type":"Polygon","coordinates":[[[120.91413555777171,14.750336965242544],[120.91593218833995,14.750336965242544],[120.91593218833995,14.751235280526663],[120.91413555777171,14.751235280526663],[120.91413555777171,14.750336965242544]]]},"id":"+134602+16420","properties":{"cls":1,"count":2}},{"type":"Feature","geometry":{"geodesic":false,"type":"Polygon","coordinates":[[[120.91503387305583,14.772794847345532],[120.91593218833995,14.772794847345532],[120.91593218833995,14.773693162629652],[120.91503387305583,14.773693162629652],[120.91503387305583,14.772794847345532]]]},"id":"+134602+16445","properties":{"cls":1,"count":1}},{"type":"Feature","geometry":{"geodesic":false,"type":"Polygon","coordinates":[[[120.91503387305583,14.779083054334368],[120.91593218833995,14.779083054334368],[120.91593218833995,14.779981369618488],[120.91503387305583,14.779981369618488],[120.91503387305583,14.779083054334368]]]},"id":"+134602+16452","properties":{"cls":1,"count":1}},{"type":"Feature","geometry":{"geodesic":false,"type":"Polygon","coordinates":[[[120.91503387305583,14.790761153027923],[120.91593218833995,14.790761153027923],[120.91593218833995,14.79165946831204],[120.91503387305583,14.79165946831204],[120.91503387305583,14.790761153027923]]]},"id":"+134602+16465","properties":{"cls":1,"count":1}},{"type":"Feature","geometry":{"geodesic":false,"type":"Polygon","coordinates":[[[120.91593218833995,14.447604714494265],[120.91683050362408,14.447604714494265],[120.91683050362408,14.448503029778385],[120.91593218833995,14.448503029778385],[120.91593218833995,14.447604714494265]]]},"id":"+134603+16083","properties":{"cls":1,"count":1}},{"type":"Feature","geometry":{"geodesic":false,"type":"Polygon","coordinates":[[[120.91593218833995,14.720692560866599],[120.91683050362408,14.720692560866599],[120.91683050362408,14.721590876150719],[120.91593218833995,14.721590876150719],[120.91593218833995,14.720692560866599]]]},"id":"+134603+16387","properties":{"cls":1,"count":1}},{"type":"Feature","geometry":{"geodesic":false,"type":"Polygon","coordinates":[[[120.91593218833995,14.735963920696632],[120.91683050362408,14.735963920696632],[120.91683050362408,14.73776055126487],[120.91593218833995,14.73776055126487],[120.91593218833995,14.735963920696632]]]},"id":"+134603+16405","properties":{"cls":1,"count":2}},{"type":"Feature","geometry":{"geodesic":false,"type":"Polygon","coordinates":[[[120.91503387305583,14.745845388821946],[120.91683050362408,14.745845388821946],[120.91683050362408,14.746743704106066],[120.91503387305583,14.746743704106066],[120.91503387305583,14.745845388821946]]]},"id":"+134603+16415","properties":{"cls":1,"count":2}},{"type":"Feature","geometry":{"geodesic":false,"type":"Polygon","coordinates":[[[120.91593218833995,14.75393022637902],[120.91593218833995,14.751235280526663],[120.91683050362408,14.751235280526663],[120.91683050362408,14.750336965242544],[120.92042376476056,14.749438649958424],[120.92042376476056,14.750336965242544],[120.91952544947644,14.750336965242544],[120.91862713419232,14.752133595810783],[120.91683050362408,14.752133595810783],[120.91683050362408,14.75393022637902],[120.91593218833995,14.75393022637902]]]},"id":"+134603+16423","properties":{"cls":1,"count":10}},{"type":"Feature","geometry":{"geodesic":false,"type":"Polygon","coordinates":[[[120.91593218833995,14.760218433367859],[120.91503387305583,14.758421802799619],[120.91683050362408,14.758421802799619],[120.91683050362408,14.760218433367859],[120.91593218833995,14.760218433367859]]]},"id":"+134603+16430","properties":{"cls":1,"count":3}},{"type":"Feature","geometry":{"geodesic":false,"type":"Polygon","coordinates":[[[120.91503387305583,14.767404955640815],[120.91683050362408,14.767404955640815],[120.91683050362408,14.768303270924934],[120.91503387305583,14.768303270924934],[120.91503387305583,14.767404955640815]]]},"id":"+134603+16439","properties":{"cls":1,"count":2}},{"type":"Feature","geometry":{"geodesic":false,"type":"Polygon","coordinates":[[[120.91593218833995,14.784472946039086],[120.91503387305583,14.782676315470846],[120.91683050362408,14.781778000186726],[120.91683050362408,14.778184739050248],[120.9177288189082,14.778184739050248],[120.9177288189082,14.779981369618488],[120.92042376476056,14.779981369618488],[120.92042376476056,14.778184739050248],[120.9222203953288,14.778184739050248],[120.9222203953288,14.779083054334368],[120.92401702589703,14.779083054334368],[120.92401702589703,14.779981369618488],[120.92491534118115,14.779981369618488],[120.92491534118115,14.781778000186726],[120.9222203953288,14.781778000186726],[120.9222203953288,14.782676315470846],[120.92042376476056,14.781778000186726],[120.92042376476056,14.780879684902608],[120.91862713419232,14.781778000186726],[120.91862713419232,14.780879684902608],[120.9177288189082,14.780879684902608],[120.91862713419232,14.782676315470846],[120.92132208004467,14.782676315470846],[120.92132208004467,14.783574630754966],[120.9177288189082,14.783574630754966],[120.9177288189082,14.782676315470846],[120.91683050362408,14.782676315470846],[120.91683050362408,14.784472946039086],[120.91593218833995,14.784472946039086]],[[120.9222203953288,14.780879684902608],[120.92132208004467,14.780879684902608],[120.92132208004467,14.779981369618488],[120.9222203953288,14.779981369618488],[120.9222203953288,14.780879684902608]]]},"id":"+134603+16457","properties":{"cls":1,"count":34}},{"type":"Feature","geometry":{"geodesic":false,"type":"Polygon","coordinates":[[[120.91593218833995,14.786269576607324],[120.91683050362408,14.786269576607324],[120.91683050362408,14.787167891891444],[120.91593218833995,14.787167891891444],[120.91593218833995,14.786269576607324]]]},"id":"+134603+16460","properties":{"cls":1,"count":1}},{"type":"Feature","geometry":{"geodesic":false,"type":"Polygon","coordinates":[[[120.91593218833995,14.788066207175564],[120.91683050362408,14.788066207175564],[120.91683050362408,14.788964522459683],[120.91593218833995,14.788964522459683],[120.91593218833995,14.788066207175564]]]},"id":"+134603+16462","properties":{"cls":1,"count":1}},{"type":"Feature","geometry":{"geodesic":false,"type":"Polygon","coordinates":[[[120.91683050362408,14.444909768641907],[120.9177288189082,14.444909768641907],[120.9177288189082,14.446706399210145],[120.91683050362408,14.446706399210145],[120.91683050362408,14.444909768641907]]]},"id":"+134604+16081","properties":{"cls":1,"count":2}},{"type":"Feature","geometry":{"geodesic":false,"type":"Polygon","coordinates":[[[120.91683050362408,14.449401345062505],[120.9177288189082,14.449401345062505],[120.9177288189082,14.450299660346623],[120.91683050362408,14.450299660346623],[120.91683050362408,14.449401345062505]]]},"id":"+134604+16085","properties":{"cls":1,"count":1}},{"type":"Feature","geometry":{"geodesic":false,"type":"Polygon","coordinates":[[[120.91683050362408,14.691048156490655],[120.9177288189082,14.691048156490655],[120.9177288189082,14.691946471774775],[120.91683050362408,14.691946471774775],[120.91683050362408,14.691048156490655]]]},"id":"+134604+16354","properties":{"cls":1,"count":1}},{"type":"Feature","geometry":{"geodesic":false,"type":"Polygon","coordinates":[[[120.91683050362408,14.711709408025404],[120.9177288189082,14.711709408025404],[120.9177288189082,14.712607723309524],[120.91683050362408,14.712607723309524],[120.91683050362408,14.711709408025404]]]},"id":"+134604+16377","properties":{"cls":1,"count":1}},{"type":"Feature","geometry":{"geodesic":false,"type":"Polygon","coordinates":[[[120.91683050362408,14.735065605412512],[120.9177288189082,14.735065605412512],[120.9177288189082,14.735963920696632],[120.91683050362408,14.735963920696632],[120.91683050362408,14.735065605412512]]]},"id":"+134604+16403","properties":{"cls":1,"count":1}},{"type":"Feature","geometry":{"geodesic":false,"type":"Polygon","coordinates":[[[120.91683050362408,14.766506640356695],[120.91683050362408,14.765608325072575],[120.91503387305583,14.765608325072575],[120.91503387305583,14.762913379220217],[120.91593218833995,14.762913379220217],[120.91593218833995,14.764710009788455],[120.9177288189082,14.764710009788455],[120.9177288189082,14.766506640356695],[120.91683050362408,14.766506640356695]]]},"id":"+134604+16437","properties":{"cls":1,"count":6}},{"type":"Feature","geometry":{"geodesic":false,"type":"Polygon","coordinates":[[[120.91683050362408,14.77638810848201],[120.9177288189082,14.77638810848201],[120.9177288189082,14.77728642376613],[120.91683050362408,14.77728642376613],[120.91683050362408,14.77638810848201]]]},"id":"+134604+16449","properties":{"cls":1,"count":1}},{"type":"Feature","geometry":{"geodesic":false,"type":"Polygon","coordinates":[[[120.91683050362408,14.787167891891444],[120.9177288189082,14.787167891891444],[120.9177288189082,14.788066207175564],[120.91683050362408,14.788066207175564],[120.91683050362408,14.787167891891444]]]},"id":"+134604+16461","properties":{"cls":1,"count":1}},{"type":"Feature","geometry":{"geodesic":false,"type":"Polygon","coordinates":[[[120.91593218833995,14.796151044732639],[120.91683050362408,14.7943544141644],[120.91503387305583,14.79345609888028],[120.91503387305583,14.7943544141644],[120.91413555777171,14.7943544141644],[120.91413555777171,14.79255778359616],[120.9177288189082,14.79255778359616],[120.9177288189082,14.796151044732639],[120.91593218833995,14.796151044732639]]]},"id":"+134604+16470","properties":{"cls":1,"count":10}},{"type":"Feature","geometry":{"geodesic":false,"type":"Polygon","coordinates":[[[120.9177288189082,14.690149841206535],[120.91862713419232,14.690149841206535],[120.91862713419232,14.691048156490655],[120.9177288189082,14.691048156490655],[120.9177288189082,14.690149841206535]]]},"id":"+134605+16353","properties":{"cls":1,"count":1}},{"type":"Feature","geometry":{"geodesic":false,"type":"Polygon","coordinates":[[[120.9177288189082,14.73686223598075],[120.91862713419232,14.73686223598075],[120.91862713419232,14.73776055126487],[120.9177288189082,14.73776055126487],[120.9177288189082,14.73686223598075]]]},"id":"+134605+16405","properties":{"cls":1,"count":1}},{"type":"Feature","geometry":{"geodesic":false,"type":"Polygon","coordinates":[[[120.9177288189082,14.747642019390184],[120.91862713419232,14.747642019390184],[120.91862713419232,14.748540334674304],[120.9177288189082,14.748540334674304],[120.9177288189082,14.747642019390184]]]},"id":"+134605+16417","properties":{"cls":1,"count":1}},{"type":"Feature","geometry":{"geodesic":false,"type":"Polygon","coordinates":[[[120.9177288189082,14.75662517223138],[120.9177288189082,14.75572685694726],[120.91683050362408,14.75572685694726],[120.91683050362408,14.75393022637902],[120.91862713419232,14.75393022637902],[120.91862713419232,14.75662517223138],[120.9177288189082,14.75662517223138]]]},"id":"+134605+16426","properties":{"cls":1,"count":5}},{"type":"Feature","geometry":{"geodesic":false,"type":"Polygon","coordinates":[[[120.9177288189082,14.77728642376613],[120.91862713419232,14.77728642376613],[120.91862713419232,14.778184739050248],[120.9177288189082,14.778184739050248],[120.9177288189082,14.77728642376613]]]},"id":"+134605+16450","properties":{"cls":1,"count":1}},{"type":"Feature","geometry":{"geodesic":false,"type":"Polygon","coordinates":[[[120.9177288189082,14.786269576607324],[120.91862713419232,14.786269576607324],[120.91862713419232,14.787167891891444],[120.9177288189082,14.787167891891444],[120.9177288189082,14.786269576607324]]]},"id":"+134605+16460","properties":{"cls":1,"count":1}},{"type":"Feature","geometry":{"geodesic":false,"type":"Polygon","coordinates":[[[120.91862713419232,14.453892921483101],[120.91952544947644,14.453892921483101],[120.91952544947644,14.454791236767221],[120.91862713419232,14.454791236767221],[120.91862713419232,14.453892921483101]]]},"id":"+134606+16090","properties":{"cls":1,"count":1}},{"type":"Feature","geometry":{"geodesic":false,"type":"Polygon","coordinates":[[[120.9177288189082,14.45928281318782],[120.9177288189082,14.45748618261958],[120.91862713419232,14.45748618261958],[120.91952544947644,14.45928281318782],[120.9177288189082,14.45928281318782]]]},"id":"+134606+16095","properties":{"cls":1,"count":3}},{"type":"Feature","geometry":{"geodesic":false,"type":"Polygon","coordinates":[[[120.91862713419232,14.462876074324297],[120.91952544947644,14.462876074324297],[120.91952544947644,14.463774389608416],[120.91862713419232,14.463774389608416],[120.91862713419232,14.462876074324297]]]},"id":"+134606+16100","properties":{"cls":1,"count":1}},{"type":"Feature","geometry":{"geodesic":false,"type":"Polygon","coordinates":[[[120.91862713419232,14.466469335460776],[120.91952544947644,14.466469335460776],[120.91952544947644,14.467367650744894],[120.91862713419232,14.467367650744894],[120.91862713419232,14.466469335460776]]]},"id":"+134606+16104","properties":{"cls":1,"count":1}},{"type":"Feature","geometry":{"geodesic":false,"type":"Polygon","coordinates":[[[120.91862713419232,14.479045749438448],[120.91952544947644,14.479045749438448],[120.91952544947644,14.479944064722568],[120.91862713419232,14.479944064722568],[120.91862713419232,14.479045749438448]]]},"id":"+134606+16118","properties":{"cls":1,"count":1}},{"type":"Feature","geometry":{"geodesic":false,"type":"Polygon","coordinates":[[[120.91862713419232,14.49611373983672],[120.91952544947644,14.49611373983672],[120.91952544947644,14.49701205512084],[120.91862713419232,14.49701205512084],[120.91862713419232,14.49611373983672]]]},"id":"+134606+16137","properties":{"cls":1,"count":1}},{"type":"Feature","geometry":{"geodesic":false,"type":"Polygon","coordinates":[[[120.91862713419232,14.497910370404957],[120.91952544947644,14.497910370404957],[120.91952544947644,14.498808685689077],[120.91862713419232,14.498808685689077],[120.91862713419232,14.497910370404957]]]},"id":"+134606+16139","properties":{"cls":1,"count":1}},{"type":"Feature","geometry":{"geodesic":false,"type":"Polygon","coordinates":[[[120.91862713419232,14.689251525922415],[120.91952544947644,14.689251525922415],[120.91952544947644,14.690149841206535],[120.91862713419232,14.690149841206535],[120.91862713419232,14.689251525922415]]]},"id":"+134606+16352","properties":{"cls":1,"count":1}},{"type":"Feature","geometry":{"geodesic":false,"type":"Polygon","coordinates":[[[120.9177288189082,14.691946471774775],[120.91952544947644,14.691946471774775],[120.91952544947644,14.692844787058894],[120.9177288189082,14.692844787058894],[120.9177288189082,14.691946471774775]]]},"id":"+134606+16355","properties":{"cls":1,"count":2}},{"type":"Feature","geometry":{"geodesic":false,"type":"Polygon","coordinates":[[[120.91862713419232,14.696438048195372],[120.91952544947644,14.696438048195372],[120.91952544947644,14.697336363479492],[120.91862713419232,14.697336363479492],[120.91862713419232,14.696438048195372]]]},"id":"+134606+16360","properties":{"cls":1,"count":1}},{"type":"Feature","geometry":{"geodesic":false,"type":"Polygon","coordinates":[[[120.9177288189082,14.704522885752448],[120.91952544947644,14.704522885752448],[120.91952544947644,14.705421201036568],[120.9177288189082,14.705421201036568],[120.9177288189082,14.704522885752448]]]},"id":"+134606+16369","properties":{"cls":1,"count":2}},{"type":"Feature","geometry":{"geodesic":false,"type":"Polygon","coordinates":[[[120.91862713419232,14.745845388821946],[120.91952544947644,14.745845388821946],[120.91952544947644,14.746743704106066],[120.91862713419232,14.746743704106066],[120.91862713419232,14.745845388821946]]]},"id":"+134606+16415","properties":{"cls":1,"count":1}},{"type":"Feature","geometry":{"geodesic":false,"type":"Polygon","coordinates":[[[120.91862713419232,14.762015063936097],[120.91952544947644,14.762015063936097],[120.91952544947644,14.762913379220217],[120.91862713419232,14.762913379220217],[120.91862713419232,14.762015063936097]]]},"id":"+134606+16433","properties":{"cls":1,"count":1}},{"type":"Feature","geometry":{"geodesic":false,"type":"Polygon","coordinates":[[[120.91862713419232,14.765608325072575],[120.91862713419232,14.763811694504337],[120.92042376476056,14.762913379220217],[120.92132208004467,14.764710009788455],[120.91952544947644,14.764710009788455],[120.91952544947644,14.765608325072575],[120.91862713419232,14.765608325072575]]]},"id":"+134606+16436","properties":{"cls":1,"count":5}},{"type":"Feature","geometry":{"geodesic":false,"type":"Polygon","coordinates":[[[120.9177288189082,14.771896532061412],[120.91862713419232,14.770099901493174],[120.9177288189082,14.770099901493174],[120.9177288189082,14.769201586209054],[120.91862713419232,14.769201586209054],[120.91862713419232,14.767404955640815],[120.91952544947644,14.767404955640815],[120.91952544947644,14.769201586209054],[120.92132208004467,14.769201586209054],[120.92132208004467,14.770099901493174],[120.91952544947644,14.770099901493174],[120.91952544947644,14.771896532061412],[120.9177288189082,14.771896532061412]]]},"id":"+134606+16443","properties":{"cls":1,"count":9}},{"type":"Feature","geometry":{"geodesic":false,"type":"Polygon","coordinates":[[[120.9177288189082,14.788964522459683],[120.91952544947644,14.788964522459683],[120.91952544947644,14.789862837743803],[120.9177288189082,14.789862837743803],[120.9177288189082,14.788964522459683]]]},"id":"+134606+16463","properties":{"cls":1,"count":2}},{"type":"Feature","geometry":{"geodesic":false,"type":"Polygon","coordinates":[[[120.91683050362408,14.790761153027923],[120.91952544947644,14.790761153027923],[120.91952544947644,14.79165946831204],[120.91683050362408,14.79165946831204],[120.91683050362408,14.790761153027923]]]},"id":"+134606+16465","properties":{"cls":1,"count":3}},{"type":"Feature","geometry":{"geodesic":false,"type":"Polygon","coordinates":[[[120.91862713419232,14.79255778359616],[120.91952544947644,14.79255778359616],[120.91952544947644,14.79345609888028],[120.91862713419232,14.79345609888028],[120.91862713419232,14.79255778359616]]]},"id":"+134606+16467","properties":{"cls":1,"count":1}},{"type":"Feature","geometry":{"geodesic":false,"type":"Polygon","coordinates":[[[120.91952544947644,14.481740695290807],[120.92042376476056,14.481740695290807],[120.92042376476056,14.482639010574927],[120.91952544947644,14.482639010574927],[120.91952544947644,14.481740695290807]]]},"id":"+134607+16121","properties":{"cls":1,"count":1}},{"type":"Feature","geometry":{"geodesic":false,"type":"Polygon","coordinates":[[[120.91952544947644,14.703624570468328],[120.92042376476056,14.703624570468328],[120.92042376476056,14.704522885752448],[120.91952544947644,14.704522885752448],[120.91952544947644,14.703624570468328]]]},"id":"+134607+16368","properties":{"cls":1,"count":1}},{"type":"Feature","geometry":{"geodesic":false,"type":"Polygon","coordinates":[[[120.91952544947644,14.708116146888926],[120.91862713419232,14.706319516320686],[120.92042376476056,14.705421201036568],[120.92042376476056,14.708116146888926],[120.91952544947644,14.708116146888926]]]},"id":"+134607+16372","properties":{"cls":1,"count":4}},{"type":"Feature","geometry":{"geodesic":false,"type":"Polygon","coordinates":[[[120.91952544947644,14.73865886654899],[120.92042376476056,14.73865886654899],[120.92042376476056,14.73955718183311],[120.91952544947644,14.73955718183311],[120.91952544947644,14.73865886654899]]]},"id":"+134607+16407","properties":{"cls":1,"count":1}},{"type":"Feature","geometry":{"geodesic":false,"type":"Polygon","coordinates":[[[120.91952544947644,14.742252127685468],[120.92042376476056,14.742252127685468],[120.92042376476056,14.744048758253706],[120.91952544947644,14.744048758253706],[120.91952544947644,14.742252127685468]]]},"id":"+134607+16412","properties":{"cls":1,"count":2}},{"type":"Feature","geometry":{"geodesic":false,"type":"Polygon","coordinates":[[[120.91952544947644,14.75393022637902],[120.92042376476056,14.75393022637902],[120.92042376476056,14.75482854166314],[120.91952544947644,14.75482854166314],[120.91952544947644,14.75393022637902]]]},"id":"+134607+16424","properties":{"cls":1,"count":1}},{"type":"Feature","geometry":{"geodesic":false,"type":"Polygon","coordinates":[[[120.91862713419232,14.760218433367859],[120.91862713419232,14.758421802799619],[120.91952544947644,14.758421802799619],[120.92042376476056,14.760218433367859],[120.91862713419232,14.760218433367859]]]},"id":"+134607+16430","properties":{"cls":1,"count":3}},{"type":"Feature","geometry":{"geodesic":false,"type":"Polygon","coordinates":[[[120.92042376476056,14.463774389608416],[120.92132208004467,14.463774389608416],[120.92132208004467,14.464672704892536],[120.92042376476056,14.464672704892536],[120.92042376476056,14.463774389608416]]]},"id":"+134608+16101","properties":{"cls":1,"count":1}},{"type":"Feature","geometry":{"geodesic":false,"type":"Polygon","coordinates":[[[120.92042376476056,14.480842380006687],[120.92132208004467,14.480842380006687],[120.92132208004467,14.481740695290807],[120.92042376476056,14.481740695290807],[120.92042376476056,14.480842380006687]]]},"id":"+134608+16120","properties":{"cls":1,"count":1}},{"type":"Feature","geometry":{"geodesic":false,"type":"Polygon","coordinates":[[[120.92042376476056,14.688353210638297],[120.92132208004467,14.688353210638297],[120.92132208004467,14.690149841206535],[120.92042376476056,14.690149841206535],[120.92042376476056,14.688353210638297]]]},"id":"+134608+16352","properties":{"cls":1,"count":2}},{"type":"Feature","geometry":{"geodesic":false,"type":"Polygon","coordinates":[[[120.92042376476056,14.698234678763612],[120.92132208004467,14.698234678763612],[120.92132208004467,14.70092962461597],[120.92042376476056,14.70092962461597],[120.92042376476056,14.698234678763612]]]},"id":"+134608+16364","properties":{"cls":1,"count":3}},{"type":"Feature","geometry":{"geodesic":false,"type":"Polygon","coordinates":[[[120.92042376476056,14.702726255184208],[120.92132208004467,14.702726255184208],[120.92132208004467,14.703624570468328],[120.92042376476056,14.703624570468328],[120.92042376476056,14.702726255184208]]]},"id":"+134608+16367","properties":{"cls":1,"count":1}},{"type":"Feature","geometry":{"geodesic":false,"type":"Polygon","coordinates":[[[120.92042376476056,14.73686223598075],[120.92132208004467,14.73686223598075],[120.92132208004467,14.73776055126487],[120.92042376476056,14.73776055126487],[120.92042376476056,14.73686223598075]]]},"id":"+134608+16405","properties":{"cls":1,"count":1}},{"type":"Feature","geometry":{"geodesic":false,"type":"Polygon","coordinates":[[[120.92042376476056,14.746743704106066],[120.92132208004467,14.746743704106066],[120.92132208004467,14.749438649958424],[120.92042376476056,14.749438649958424],[120.92042376476056,14.746743704106066]]]},"id":"+134608+16418","properties":{"cls":1,"count":3}},{"type":"Feature","geometry":{"geodesic":false,"type":"Polygon","coordinates":[[[120.92042376476056,14.75662517223138],[120.92132208004467,14.75662517223138],[120.92132208004467,14.757523487515499],[120.92042376476056,14.757523487515499],[120.92042376476056,14.75662517223138]]]},"id":"+134608+16427","properties":{"cls":1,"count":1}},{"type":"Feature","geometry":{"geodesic":false,"type":"Polygon","coordinates":[[[120.92042376476056,14.770998216777294],[120.92132208004467,14.770998216777294],[120.92132208004467,14.771896532061412],[120.92042376476056,14.771896532061412],[120.92042376476056,14.770998216777294]]]},"id":"+134608+16443","properties":{"cls":1,"count":1}},{"type":"Feature","geometry":{"geodesic":false,"type":"Polygon","coordinates":[[[120.92042376476056,14.77638810848201],[120.92132208004467,14.77638810848201],[120.92132208004467,14.77728642376613],[120.92042376476056,14.77728642376613],[120.92042376476056,14.77638810848201]]]},"id":"+134608+16449","properties":{"cls":1,"count":1}},{"type":"Feature","geometry":{"geodesic":false,"type":"Polygon","coordinates":[[[120.92042376476056,14.786269576607324],[120.92132208004467,14.786269576607324],[120.92132208004467,14.787167891891444],[120.92042376476056,14.787167891891444],[120.92042376476056,14.786269576607324]]]},"id":"+134608+16460","properties":{"cls":1,"count":1}},{"type":"Feature","geometry":{"geodesic":false,"type":"Polygon","coordinates":[[[120.92132208004467,14.446706399210145],[120.9222203953288,14.446706399210145],[120.9222203953288,14.447604714494265],[120.92132208004467,14.447604714494265],[120.92132208004467,14.446706399210145]]]},"id":"+134609+16082","properties":{"cls":1,"count":1}},{"type":"Feature","geometry":{"geodesic":false,"type":"Polygon","coordinates":[[[120.92132208004467,14.465571020176656],[120.9222203953288,14.465571020176656],[120.9222203953288,14.466469335460776],[120.92132208004467,14.466469335460776],[120.92132208004467,14.465571020176656]]]},"id":"+134609+16103","properties":{"cls":1,"count":1}},{"type":"Feature","geometry":{"geodesic":false,"type":"Polygon","coordinates":[[[120.92132208004467,14.687454895354177],[120.9222203953288,14.687454895354177],[120.9222203953288,14.688353210638297],[120.92132208004467,14.688353210638297],[120.92132208004467,14.687454895354177]]]},"id":"+134609+16350","properties":{"cls":1,"count":1}},{"type":"Feature","geometry":{"geodesic":false,"type":"Polygon","coordinates":[[[120.92132208004467,14.694641417627134],[120.9222203953288,14.694641417627134],[120.9222203953288,14.695539732911254],[120.92132208004467,14.695539732911254],[120.92132208004467,14.694641417627134]]]},"id":"+134609+16358","properties":{"cls":1,"count":1}},{"type":"Feature","geometry":{"geodesic":false,"type":"Polygon","coordinates":[[[120.92132208004467,14.734167290128392],[120.9222203953288,14.734167290128392],[120.9222203953288,14.73686223598075],[120.92132208004467,14.73686223598075],[120.92132208004467,14.734167290128392]]]},"id":"+134609+16404","properties":{"cls":1,"count":3}},{"type":"Feature","geometry":{"geodesic":false,"type":"Polygon","coordinates":[[[120.92132208004467,14.753031911094903],[120.9222203953288,14.753031911094903],[120.9222203953288,14.75393022637902],[120.92132208004467,14.75393022637902],[120.92132208004467,14.753031911094903]]]},"id":"+134609+16423","properties":{"cls":1,"count":1}},{"type":"Feature","geometry":{"geodesic":false,"type":"Polygon","coordinates":[[[120.92132208004467,14.75572685694726],[120.9222203953288,14.75572685694726],[120.9222203953288,14.75662517223138],[120.92132208004467,14.75662517223138],[120.92132208004467,14.75572685694726]]]},"id":"+134609+16426","properties":{"cls":1,"count":1}},{"type":"Feature","geometry":{"geodesic":false,"type":"Polygon","coordinates":[[[120.91952544947644,14.788964522459683],[120.91952544947644,14.787167891891444],[120.92042376476056,14.787167891891444],[120.92042376476056,14.788066207175564],[120.92132208004467,14.788066207175564],[120.92132208004467,14.787167891891444],[120.92311871061291,14.787167891891444],[120.9222203953288,14.788964522459683],[120.91952544947644,14.788964522459683]]]},"id":"+134609+16462","properties":{"cls":1,"count":6}},{"type":"Feature","geometry":{"geodesic":false,"type":"Polygon","coordinates":[[[120.9222203953288,14.693743102343014],[120.92311871061291,14.693743102343014],[120.92311871061291,14.694641417627134],[120.9222203953288,14.694641417627134],[120.9222203953288,14.693743102343014]]]},"id":"+134610+16357","properties":{"cls":1,"count":1}},{"type":"Feature","geometry":{"geodesic":false,"type":"Polygon","coordinates":[[[120.9222203953288,14.70092962461597],[120.92311871061291,14.70092962461597],[120.92311871061291,14.70182793990009],[120.9222203953288,14.70182793990009],[120.9222203953288,14.70092962461597]]]},"id":"+134610+16365","properties":{"cls":1,"count":1}},{"type":"Feature","geometry":{"geodesic":false,"type":"Polygon","coordinates":[[[120.9222203953288,14.708116146888926],[120.92311871061291,14.708116146888926],[120.92311871061291,14.709014462173046],[120.9222203953288,14.709014462173046],[120.9222203953288,14.708116146888926]]]},"id":"+134610+16373","properties":{"cls":1,"count":1}},{"type":"Feature","geometry":{"geodesic":false,"type":"Polygon","coordinates":[[[120.9222203953288,14.728777398423675],[120.92311871061291,14.728777398423675],[120.92311871061291,14.729675713707795],[120.9222203953288,14.729675713707795],[120.9222203953288,14.728777398423675]]]},"id":"+134610+16396","properties":{"cls":1,"count":1}},{"type":"Feature","geometry":{"geodesic":false,"type":"Polygon","coordinates":[[[120.92132208004467,14.732370659560154],[120.92311871061291,14.732370659560154],[120.92311871061291,14.733268974844274],[120.92132208004467,14.733268974844274],[120.92132208004467,14.732370659560154]]]},"id":"+134610+16400","properties":{"cls":1,"count":2}},{"type":"Feature","geometry":{"geodesic":false,"type":"Polygon","coordinates":[[[120.9222203953288,14.741353812401348],[120.92311871061291,14.741353812401348],[120.92311871061291,14.742252127685468],[120.9222203953288,14.742252127685468],[120.9222203953288,14.741353812401348]]]},"id":"+134610+16410","properties":{"cls":1,"count":1}},{"type":"Feature","geometry":{"geodesic":false,"type":"Polygon","coordinates":[[[120.9222203953288,14.75393022637902],[120.92311871061291,14.75393022637902],[120.92311871061291,14.75482854166314],[120.9222203953288,14.75482854166314],[120.9222203953288,14.75393022637902]]]},"id":"+134610+16424","properties":{"cls":1,"count":1}},{"type":"Feature","geometry":{"geodesic":false,"type":"Polygon","coordinates":[[[120.92132208004467,14.762015063936097],[120.92311871061291,14.762015063936097],[120.92311871061291,14.762913379220217],[120.92132208004467,14.762913379220217],[120.92132208004467,14.762015063936097]]]},"id":"+134610+16433","properties":{"cls":1,"count":2}},{"type":"Feature","geometry":{"geodesic":false,"type":"Polygon","coordinates":[[[120.9222203953288,14.772794847345532],[120.9222203953288,14.770998216777294],[120.92132208004467,14.770998216777294],[120.92132208004467,14.770099901493174],[120.92311871061291,14.770099901493174],[120.92311871061291,14.772794847345532],[120.9222203953288,14.772794847345532]]]},"id":"+134610+16444","properties":{"cls":1,"count":4}},{"type":"Feature","geometry":{"geodesic":false,"type":"Polygon","coordinates":[[[120.9222203953288,14.77638810848201],[120.92311871061291,14.77638810848201],[120.92311871061291,14.778184739050248],[120.9222203953288,14.778184739050248],[120.9222203953288,14.77638810848201]]]},"id":"+134610+16450","properties":{"cls":1,"count":2}},{"type":"Feature","geometry":{"geodesic":false,"type":"Polygon","coordinates":[[[120.92311871061291,14.4583844979037],[120.92401702589703,14.4583844979037],[120.92401702589703,14.45928281318782],[120.92311871061291,14.45928281318782],[120.92311871061291,14.4583844979037]]]},"id":"+134611+16095","properties":{"cls":1,"count":1}},{"type":"Feature","geometry":{"geodesic":false,"type":"Polygon","coordinates":[[[120.9222203953288,14.460181128471937],[120.92401702589703,14.460181128471937],[120.92401702589703,14.461079443756057],[120.9222203953288,14.461079443756057],[120.9222203953288,14.460181128471937]]]},"id":"+134611+16097","properties":{"cls":1,"count":2}},{"type":"Feature","geometry":{"geodesic":false,"type":"Polygon","coordinates":[[[120.9222203953288,14.687454895354177],[120.9222203953288,14.686556580070057],[120.92311871061291,14.686556580070057],[120.92311871061291,14.684759949501819],[120.92491534118115,14.684759949501819],[120.92491534118115,14.685658264785937],[120.92401702589703,14.685658264785937],[120.92401702589703,14.687454895354177],[120.9222203953288,14.687454895354177]]]},"id":"+134611+16349","properties":{"cls":1,"count":5}},{"type":"Feature","geometry":{"geodesic":false,"type":"Polygon","coordinates":[[[120.92311871061291,14.695539732911254],[120.92401702589703,14.695539732911254],[120.92401702589703,14.697336363479492],[120.92311871061291,14.697336363479492],[120.92311871061291,14.695539732911254]]]},"id":"+134611+16360","properties":{"cls":1,"count":2}},{"type":"Feature","geometry":{"geodesic":false,"type":"Polygon","coordinates":[[[120.92311871061291,14.746743704106066],[120.92401702589703,14.746743704106066],[120.92401702589703,14.747642019390184],[120.92311871061291,14.747642019390184],[120.92311871061291,14.746743704106066]]]},"id":"+134611+16416","properties":{"cls":1,"count":1}},{"type":"Feature","geometry":{"geodesic":false,"type":"Polygon","coordinates":[[[120.92311871061291,14.757523487515499],[120.92401702589703,14.757523487515499],[120.92401702589703,14.759320118083739],[120.92311871061291,14.759320118083739],[120.92311871061291,14.757523487515499]]]},"id":"+134611+16429","properties":{"cls":1,"count":2}},{"type":"Feature","geometry":{"geodesic":false,"type":"Polygon","coordinates":[[[120.9222203953288,14.77548979319789],[120.9222203953288,14.77459147791377],[120.92132208004467,14.77459147791377],[120.92132208004467,14.77548979319789],[120.92042376476056,14.77548979319789],[120.91952544947644,14.773693162629652],[120.9177288189082,14.773693162629652],[120.9177288189082,14.77459147791377],[120.91952544947644,14.77459147791377],[120.91952544947644,14.77548979319789],[120.91413555777171,14.77548979319789],[120.91413555777171,14.77459147791377],[120.91593218833995,14.77459147791377],[120.91683050362408,14.772794847345532],[120.91952544947644,14.772794847345532],[120.91952544947644,14.771896532061412],[120.92042376476056,14.771896532061412],[120.92042376476056,14.772794847345532],[120.9222203953288,14.772794847345532],[120.9222203953288,14.773693162629652],[120.92401702589703,14.77459147791377],[120.92401702589703,14.77548979319789],[120.9222203953288,14.77548979319789]]]},"id":"+134611+16447","properties":{"cls":1,"count":22}},{"type":"Feature","geometry":{"geodesic":false,"type":"Polygon","coordinates":[[[120.92311871061291,14.689251525922415],[120.92401702589703,14.687454895354177],[120.92491534118115,14.687454895354177],[120.92491534118115,14.689251525922415],[120.92311871061291,14.689251525922415]]]},"id":"+134612+16351","properties":{"cls":1,"count":3}},{"type":"Feature","geometry":{"geodesic":false,"type":"Polygon","coordinates":[[[120.92401702589703,14.693743102343014],[120.92491534118115,14.693743102343014],[120.92491534118115,14.694641417627134],[120.92401702589703,14.694641417627134],[120.92401702589703,14.693743102343014]]]},"id":"+134612+16357","properties":{"cls":1,"count":1}},{"type":"Feature","geometry":{"geodesic":false,"type":"Polygon","coordinates":[[[120.92401702589703,14.70092962461597],[120.92491534118115,14.70092962461597],[120.92491534118115,14.70182793990009],[120.92401702589703,14.70182793990009],[120.92401702589703,14.70092962461597]]]},"id":"+134612+16365","properties":{"cls":1,"count":1}},{"type":"Feature","geometry":{"geodesic":false,"type":"Polygon","coordinates":[[[120.92311871061291,14.729675713707795],[120.92491534118115,14.729675713707795],[120.92491534118115,14.730574028991914],[120.92311871061291,14.730574028991914],[120.92311871061291,14.729675713707795]]]},"id":"+134612+16397","properties":{"cls":1,"count":2}},{"type":"Feature","geometry":{"geodesic":false,"type":"Polygon","coordinates":[[[120.92401702589703,14.735963920696632],[120.92491534118115,14.735963920696632],[120.92491534118115,14.73686223598075],[120.92401702589703,14.73686223598075],[120.92401702589703,14.735963920696632]]]},"id":"+134612+16404","properties":{"cls":1,"count":1}},{"type":"Feature","geometry":{"geodesic":false,"type":"Polygon","coordinates":[[[120.92311871061291,14.753031911094903],[120.9222203953288,14.753031911094903],[120.9222203953288,14.751235280526663],[120.92042376476056,14.751235280526663],[120.92132208004467,14.749438649958424],[120.92311871061291,14.750336965242544],[120.92311871061291,14.749438649958424],[120.92401702589703,14.749438649958424],[120.92401702589703,14.750336965242544],[120.92581365646527,14.751235280526663],[120.92581365646527,14.752133595810783],[120.92491534118115,14.752133595810783],[120.92581365646527,14.753930226379023],[120.92401702589703,14.75482854166314],[120.92311871061291,14.753031911094903]],[[120.92311871061291,14.753031911094903],[120.92311871061291,14.751235280526663],[120.92401702589703,14.751235280526663],[120.92401702589703,14.753031911094903],[120.92311871061291,14.753031911094903]]]},"id":"+134612+16424","properties":{"cls":1,"count":16}},{"type":"Feature","geometry":{"geodesic":false,"type":"Polygon","coordinates":[[[120.92401702589703,14.763811694504337],[120.92491534118115,14.763811694504337],[120.92491534118115,14.764710009788455],[120.92401702589703,14.764710009788455],[120.92401702589703,14.763811694504337]]]},"id":"+134612+16435","properties":{"cls":1,"count":1}},{"type":"Feature","geometry":{"geodesic":false,"type":"Polygon","coordinates":[[[120.92401702589703,14.77459147791377],[120.92311871061291,14.772794847345532],[120.92491534118115,14.771896532061412],[120.92491534118115,14.77459147791377],[120.92401702589703,14.77459147791377]]]},"id":"+134612+16446","properties":{"cls":1,"count":4}},{"type":"Feature","geometry":{"geodesic":false,"type":"Polygon","coordinates":[[[120.92401702589703,14.784472946039086],[120.92491534118115,14.784472946039086],[120.92491534118115,14.785371261323204],[120.92401702589703,14.785371261323204],[120.92401702589703,14.784472946039086]]]},"id":"+134612+16458","properties":{"cls":1,"count":1}},{"type":"Feature","geometry":{"geodesic":false,"type":"Polygon","coordinates":[[[120.92401702589703,14.786269576607324],[120.92491534118115,14.786269576607324],[120.92491534118115,14.787167891891444],[120.92401702589703,14.787167891891444],[120.92401702589703,14.786269576607324]]]},"id":"+134612+16460","properties":{"cls":1,"count":1}},{"type":"Feature","geometry":{"geodesic":false,"type":"Polygon","coordinates":[[[120.92491534118115,14.45928281318782],[120.92581365646527,14.45928281318782],[120.92581365646527,14.461977759040177],[120.92491534118115,14.461977759040177],[120.92491534118115,14.45928281318782]]]},"id":"+134613+16098","properties":{"cls":1,"count":3}},{"type":"Feature","geometry":{"geodesic":false,"type":"Polygon","coordinates":[[[120.92491534118115,14.686556580070057],[120.92581365646527,14.686556580070057],[120.92581365646527,14.687454895354177],[120.92491534118115,14.687454895354177],[120.92491534118115,14.686556580070057]]]},"id":"+134613+16349","properties":{"cls":1,"count":1}},{"type":"Feature","geometry":{"geodesic":false,"type":"Polygon","coordinates":[[[120.92491534118115,14.691946471774775],[120.92581365646527,14.691946471774775],[120.92581365646527,14.692844787058894],[120.92491534118115,14.692844787058894],[120.92491534118115,14.691946471774775]]]},"id":"+134613+16355","properties":{"cls":1,"count":1}},{"type":"Feature","geometry":{"geodesic":false,"type":"Polygon","coordinates":[[[120.92491534118115,14.725184137287197],[120.92581365646527,14.725184137287197],[120.92581365646527,14.726082452571317],[120.92491534118115,14.726082452571317],[120.92491534118115,14.725184137287197]]]},"id":"+134613+16392","properties":{"cls":1,"count":1}},{"type":"Feature","geometry":{"geodesic":false,"type":"Polygon","coordinates":[[[120.92491534118115,14.731472344276034],[120.92581365646527,14.731472344276034],[120.92581365646527,14.732370659560154],[120.92491534118115,14.732370659560154],[120.92491534118115,14.731472344276034]]]},"id":"+134613+16399","properties":{"cls":1,"count":1}},{"type":"Feature","geometry":{"geodesic":false,"type":"Polygon","coordinates":[[[120.92491534118115,14.733268974844274],[120.92581365646527,14.733268974844274],[120.92581365646527,14.735065605412512],[120.92491534118115,14.735065605412512],[120.92491534118115,14.733268974844274]]]},"id":"+134613+16402","properties":{"cls":1,"count":2}},{"type":"Feature","geometry":{"geodesic":false,"type":"Polygon","coordinates":[[[120.92491534118115,14.740455497117228],[120.92581365646527,14.740455497117228],[120.92581365646527,14.741353812401348],[120.92491534118115,14.741353812401348],[120.92491534118115,14.740455497117228]]]},"id":"+134613+16409","properties":{"cls":1,"count":1}},{"type":"Feature","geometry":{"geodesic":false,"type":"Polygon","coordinates":[[[120.92491534118115,14.758421802799619],[120.92581365646527,14.758421802799619],[120.92581365646527,14.759320118083739],[120.92491534118115,14.759320118083739],[120.92491534118115,14.758421802799619]]]},"id":"+134613+16429","properties":{"cls":1,"count":1}},{"type":"Feature","geometry":{"geodesic":false,"type":"Polygon","coordinates":[[[120.92491534118115,14.764710009788455],[120.92581365646527,14.764710009788455],[120.92581365646527,14.765608325072575],[120.92491534118115,14.765608325072575],[120.92491534118115,14.764710009788455]]]},"id":"+134613+16436","properties":{"cls":1,"count":1}},{"type":"Feature","geometry":{"geodesic":false,"type":"Polygon","coordinates":[[[120.92491534118115,14.771896532061412],[120.92401702589703,14.770099901493174],[120.92311871061291,14.770099901493174],[120.92311871061291,14.768303270924934],[120.92132208004467,14.769201586209054],[120.92132208004467,14.765608325072575],[120.9222203953288,14.765608325072575],[120.9222203953288,14.764710009788455],[120.92401702589703,14.764710009788455],[120.92401702589703,14.766506640356695],[120.92581365646527,14.766506640356695],[120.9267119717494,14.764710009788455],[120.92850860231763,14.765608325072575],[120.92850860231763,14.767404955640815],[120.92761028703352,14.767404955640815],[120.92761028703352,14.768303270924934],[120.92401702589703,14.768303270924934],[120.92401702589703,14.769201586209054],[120.92581365646527,14.770099901493174],[120.92581365646527,14.771896532061412],[120.92491534118115,14.771896532061412]]]},"id":"+134613+16443","properties":{"cls":1,"count":31}},{"type":"Feature","geometry":{"geodesic":false,"type":"Polygon","coordinates":[[[120.92401702589703,14.77728642376613],[120.92401702589703,14.77548979319789],[120.92491534118115,14.77548979319789],[120.92581365646527,14.77728642376613],[120.92401702589703,14.77728642376613]]]},"id":"+134613+16449","properties":{"cls":1,"count":3}},{"type":"Feature","geometry":{"geodesic":false,"type":"Polygon","coordinates":[[[120.92581365646527,14.45748618261958],[120.9267119717494,14.45748618261958],[120.9267119717494,14.45928281318782],[120.92581365646527,14.45928281318782],[120.92581365646527,14.45748618261958]]]},"id":"+134614+16095","properties":{"cls":1,"count":2}},{"type":"Feature","geometry":{"geodesic":false,"type":"Polygon","coordinates":[[[120.92581365646527,14.691048156490655],[120.9267119717494,14.691048156490655],[120.9267119717494,14.691946471774775],[120.92581365646527,14.691946471774775],[120.92581365646527,14.691048156490655]]]},"id":"+134614+16354","properties":{"cls":1,"count":1}},{"type":"Feature","geometry":{"geodesic":false,"type":"Polygon","coordinates":[[[120.92491534118115,14.726980767855435],[120.9267119717494,14.726980767855435],[120.9267119717494,14.727879083139555],[120.92491534118115,14.727879083139555],[120.92491534118115,14.726980767855435]]]},"id":"+134614+16394","properties":{"cls":1,"count":2}},{"type":"Feature","geometry":{"geodesic":false,"type":"Polygon","coordinates":[[[120.92581365646527,14.73865886654899],[120.9267119717494,14.73865886654899],[120.9267119717494,14.73955718183311],[120.92581365646527,14.73955718183311],[120.92581365646527,14.73865886654899]]]},"id":"+134614+16407","properties":{"cls":1,"count":1}},{"type":"Feature","geometry":{"geodesic":false,"type":"Polygon","coordinates":[[[120.92311871061291,14.761116748651977],[120.92401702589703,14.759320118083739],[120.92491534118115,14.759320118083739],[120.92491534118115,14.760218433367859],[120.92581365646527,14.760218433367859],[120.92581365646527,14.759320118083739],[120.92761028703352,14.759320118083739],[120.9267119717494,14.761116748651977],[120.92311871061291,14.761116748651977]]]},"id":"+134614+16431","properties":{"cls":1,"count":7}},{"type":"Feature","geometry":{"geodesic":false,"type":"Polygon","coordinates":[[[120.92581365646527,14.802439251721475],[120.9267119717494,14.802439251721475],[120.9267119717494,14.803337567005595],[120.92581365646527,14.803337567005595],[120.92581365646527,14.802439251721475]]]},"id":"+134614+16478","properties":{"cls":1,"count":1}},{"type":"Feature","geometry":{"geodesic":false,"type":"Polygon","coordinates":[[[120.92581365646527,14.805134197573835],[120.9267119717494,14.805134197573835],[120.9267119717494,14.806032512857954],[120.92581365646527,14.806032512857954],[120.92581365646527,14.805134197573835]]]},"id":"+134614+16481","properties":{"cls":1,"count":1}},{"type":"Feature","geometry":{"geodesic":false,"type":"Polygon","coordinates":[[[120.92581365646527,14.453892921483101],[120.9267119717494,14.452096290914863],[120.92761028703352,14.452096290914863],[120.92761028703352,14.453892921483101],[120.92581365646527,14.453892921483101]]]},"id":"+134615+16089","properties":{"cls":1,"count":3}},{"type":"Feature","geometry":{"geodesic":false,"type":"Polygon","coordinates":[[[120.9267119717494,14.45658786733546],[120.9267119717494,14.454791236767221],[120.92850860231763,14.454791236767221],[120.92850860231763,14.455689552051341],[120.9267119717494,14.45658786733546]]]},"id":"+134615+16092","properties":{"cls":1,"count":3}},{"type":"Feature","geometry":{"geodesic":false,"type":"Polygon","coordinates":[[[120.9267119717494,14.679370057797101],[120.92761028703352,14.679370057797101],[120.92761028703352,14.681166688365341],[120.9267119717494,14.681166688365341],[120.9267119717494,14.679370057797101]]]},"id":"+134615+16342","properties":{"cls":1,"count":2}},{"type":"Feature","geometry":{"geodesic":false,"type":"Polygon","coordinates":[[[120.92581365646527,14.685658264785937],[120.92761028703352,14.685658264785937],[120.92761028703352,14.686556580070057],[120.92581365646527,14.686556580070057],[120.92581365646527,14.685658264785937]]]},"id":"+134615+16348","properties":{"cls":1,"count":2}},{"type":"Feature","geometry":{"geodesic":false,"type":"Polygon","coordinates":[[[120.9267119717494,14.723387506718957],[120.92761028703352,14.723387506718957],[120.92761028703352,14.724285822003077],[120.9267119717494,14.724285822003077],[120.9267119717494,14.723387506718957]]]},"id":"+134615+16390","properties":{"cls":1,"count":1}},{"type":"Feature","geometry":{"geodesic":false,"type":"Polygon","coordinates":[[[120.9267119717494,14.733268974844274],[120.92761028703352,14.733268974844274],[120.92761028703352,14.734167290128392],[120.9267119717494,14.734167290128392],[120.9267119717494,14.733268974844274]]]},"id":"+134615+16401","properties":{"cls":1,"count":1}},{"type":"Feature","geometry":{"geodesic":false,"type":"Polygon","coordinates":[[[120.9267119717494,14.735065605412512],[120.92761028703352,14.735065605412512],[120.92761028703352,14.735963920696632],[120.9267119717494,14.735963920696632],[120.9267119717494,14.735065605412512]]]},"id":"+134615+16403","properties":{"cls":1,"count":1}},{"type":"Feature","geometry":{"geodesic":false,"type":"Polygon","coordinates":[[[120.9267119717494,14.761116748651977],[120.92761028703352,14.761116748651977],[120.92761028703352,14.762913379220217],[120.9267119717494,14.762913379220217],[120.9267119717494,14.761116748651977]]]},"id":"+134615+16433","properties":{"cls":1,"count":2}},{"type":"Feature","geometry":{"geodesic":false,"type":"Polygon","coordinates":[[[120.9267119717494,14.795252729448519],[120.92761028703352,14.795252729448519],[120.92761028703352,14.797947675300879],[120.9267119717494,14.797947675300879],[120.9267119717494,14.795252729448519]]]},"id":"+134615+16472","properties":{"cls":1,"count":3}},{"type":"Feature","geometry":{"geodesic":false,"type":"Polygon","coordinates":[[[120.9267119717494,14.799744305869117],[120.92761028703352,14.799744305869117],[120.92761028703352,14.800642621153237],[120.9267119717494,14.800642621153237],[120.9267119717494,14.799744305869117]]]},"id":"+134615+16475","properties":{"cls":1,"count":1}},{"type":"Feature","geometry":{"geodesic":false,"type":"Polygon","coordinates":[[[120.9267119717494,14.801540936437357],[120.92761028703352,14.801540936437357],[120.92761028703352,14.802439251721475],[120.9267119717494,14.802439251721475],[120.9267119717494,14.801540936437357]]]},"id":"+134615+16477","properties":{"cls":1,"count":1}},{"type":"Feature","geometry":{"geodesic":false,"type":"Polygon","coordinates":[[[120.92761028703352,14.678471742512983],[120.92850860231763,14.678471742512983],[120.92850860231763,14.679370057797101],[120.92761028703352,14.679370057797101],[120.92761028703352,14.678471742512983]]]},"id":"+134616+16340","properties":{"cls":1,"count":1}},{"type":"Feature","geometry":{"geodesic":false,"type":"Polygon","coordinates":[[[120.92761028703352,14.681166688365341],[120.92850860231763,14.681166688365341],[120.92850860231763,14.68206500364946],[120.92761028703352,14.68206500364946],[120.92761028703352,14.681166688365341]]]},"id":"+134616+16343","properties":{"cls":1,"count":1}},{"type":"Feature","geometry":{"geodesic":false,"type":"Polygon","coordinates":[[[120.92761028703352,14.684759949501819],[120.92850860231763,14.684759949501819],[120.92850860231763,14.685658264785937],[120.92761028703352,14.685658264785937],[120.92761028703352,14.684759949501819]]]},"id":"+134616+16347","properties":{"cls":1,"count":1}},{"type":"Feature","geometry":{"geodesic":false,"type":"Polygon","coordinates":[[[120.92761028703352,14.698234678763612],[120.92850860231763,14.698234678763612],[120.92850860231763,14.699132994047732],[120.92761028703352,14.699132994047732],[120.92761028703352,14.698234678763612]]]},"id":"+134616+16362","properties":{"cls":1,"count":1}},{"type":"Feature","geometry":{"geodesic":false,"type":"Polygon","coordinates":[[[120.92761028703352,14.705421201036568],[120.92850860231763,14.705421201036568],[120.92850860231763,14.706319516320686],[120.92761028703352,14.706319516320686],[120.92761028703352,14.705421201036568]]]},"id":"+134616+16370","properties":{"cls":1,"count":1}},{"type":"Feature","geometry":{"geodesic":false,"type":"Polygon","coordinates":[[[120.92761028703352,14.725184137287197],[120.92850860231763,14.725184137287197],[120.92850860231763,14.727879083139555],[120.92761028703352,14.727879083139555],[120.92761028703352,14.725184137287197]]]},"id":"+134616+16394","properties":{"cls":1,"count":3}},{"type":"Feature","geometry":{"geodesic":false,"type":"Polygon","coordinates":[[[120.92761028703352,14.735963920696632],[120.92850860231763,14.735963920696632],[120.92850860231763,14.73686223598075],[120.92761028703352,14.73686223598075],[120.92761028703352,14.735963920696632]]]},"id":"+134616+16404","properties":{"cls":1,"count":1}},{"type":"Feature","geometry":{"geodesic":false,"type":"Polygon","coordinates":[[[120.92761028703352,14.762913379220217],[120.92850860231763,14.762913379220217],[120.92850860231763,14.764710009788455],[120.92761028703352,14.764710009788455],[120.92761028703352,14.762913379220217]]]},"id":"+134616+16435","properties":{"cls":1,"count":2}},{"type":"Feature","geometry":{"geodesic":false,"type":"Polygon","coordinates":[[[120.92761028703352,14.782676315470846],[120.92850860231763,14.782676315470846],[120.92850860231763,14.784472946039086],[120.92761028703352,14.784472946039086],[120.92761028703352,14.782676315470846]]]},"id":"+134616+16457","properties":{"cls":1,"count":2}},{"type":"Feature","geometry":{"geodesic":false,"type":"Polygon","coordinates":[[[120.92850860231763,14.678471742512983],[120.92850860231763,14.676675111944743],[120.93030523288587,14.676675111944743],[120.93030523288587,14.677573427228863],[120.92850860231763,14.678471742512983]]]},"id":"+134617+16339","properties":{"cls":1,"count":3}},{"type":"Feature","geometry":{"geodesic":false,"type":"Polygon","coordinates":[[[120.92761028703352,14.690149841206535],[120.92940691760175,14.690149841206535],[120.92940691760175,14.691048156490655],[120.92761028703352,14.691048156490655],[120.92761028703352,14.690149841206535]]]},"id":"+134617+16353","properties":{"cls":1,"count":2}},{"type":"Feature","geometry":{"geodesic":false,"type":"Polygon","coordinates":[[[120.92850860231763,14.727879083139555],[120.92940691760175,14.727879083139555],[120.92940691760175,14.728777398423675],[120.92850860231763,14.728777398423675],[120.92850860231763,14.727879083139555]]]},"id":"+134617+16395","properties":{"cls":1,"count":1}},{"type":"Feature","geometry":{"geodesic":false,"type":"Polygon","coordinates":[[[120.92761028703352,14.731472344276034],[120.92850860231763,14.729675713707795],[120.93030523288587,14.729675713707795],[120.92940691760175,14.731472344276034],[120.92761028703352,14.731472344276034]]]},"id":"+134617+16398","properties":{"cls":1,"count":4}},{"type":"Feature","geometry":{"geodesic":false,"type":"Polygon","coordinates":[[[120.92850860231763,14.733268974844274],[120.92940691760175,14.733268974844274],[120.92940691760175,14.734167290128392],[120.92850860231763,14.734167290128392],[120.92850860231763,14.733268974844274]]]},"id":"+134617+16401","properties":{"cls":1,"count":1}},{"type":"Feature","geometry":{"geodesic":false,"type":"Polygon","coordinates":[[[120.92850860231763,14.750336965242544],[120.92940691760175,14.750336965242544],[120.92940691760175,14.752133595810783],[120.92850860231763,14.752133595810783],[120.92850860231763,14.750336965242544]]]},"id":"+134617+16421","properties":{"cls":1,"count":2}},{"type":"Feature","geometry":{"geodesic":false,"type":"Polygon","coordinates":[[[120.92850860231763,14.762015063936097],[120.92761028703352,14.760218433367859],[120.92850860231763,14.760218433367859],[120.92850860231763,14.759320118083739],[120.93030523288587,14.759320118083739],[120.93030523288587,14.760218433367859],[120.92940691760175,14.760218433367859],[120.92940691760175,14.762015063936097],[120.92850860231763,14.762015063936097]]]},"id":"+134617+16432","properties":{"cls":1,"count":5}},{"type":"Feature","geometry":{"geodesic":false,"type":"Polygon","coordinates":[[[120.9267119717494,14.770998216777294],[120.9267119717494,14.769201586209054],[120.92761028703352,14.769201586209054],[120.92761028703352,14.770099901493174],[120.92940691760175,14.770099901493174],[120.92940691760175,14.770998216777294],[120.9267119717494,14.770998216777294]]]},"id":"+134617+16442","properties":{"cls":1,"count":4}},{"type":"Feature","geometry":{"geodesic":false,"type":"Polygon","coordinates":[[[120.92850860231763,14.779083054334368],[120.92940691760175,14.779083054334368],[120.92940691760175,14.780879684902608],[120.92850860231763,14.780879684902608],[120.92850860231763,14.779083054334368]]]},"id":"+134617+16453","properties":{"cls":1,"count":2}},{"type":"Feature","geometry":{"geodesic":false,"type":"Polygon","coordinates":[[[120.92850860231763,14.787167891891444],[120.92940691760175,14.787167891891444],[120.92940691760175,14.788066207175564],[120.92850860231763,14.788066207175564],[120.92850860231763,14.787167891891444]]]},"id":"+134617+16461","properties":{"cls":1,"count":1}},{"type":"Feature","geometry":{"geodesic":false,"type":"Polygon","coordinates":[[[120.92850860231763,14.79255778359616],[120.92940691760175,14.79255778359616],[120.92940691760175,14.79345609888028],[120.92850860231763,14.79345609888028],[120.92850860231763,14.79255778359616]]]},"id":"+134617+16467","properties":{"cls":1,"count":1}},{"type":"Feature","geometry":{"geodesic":false,"type":"Polygon","coordinates":[[[120.92940691760175,14.689251525922415],[120.93030523288587,14.689251525922415],[120.93030523288587,14.690149841206535],[120.92940691760175,14.690149841206535],[120.92940691760175,14.689251525922415]]]},"id":"+134618+16352","properties":{"cls":1,"count":1}},{"type":"Feature","geometry":{"geodesic":false,"type":"Polygon","coordinates":[[[120.92940691760175,14.696438048195372],[120.93030523288587,14.696438048195372],[120.93030523288587,14.697336363479492],[120.92940691760175,14.697336363479492],[120.92940691760175,14.696438048195372]]]},"id":"+134618+16360","properties":{"cls":1,"count":1}},{"type":"Feature","geometry":{"geodesic":false,"type":"Polygon","coordinates":[[[120.92940691760175,14.71799761501424],[120.93030523288587,14.71799761501424],[120.93030523288587,14.71889593029836],[120.92940691760175,14.71889593029836],[120.92940691760175,14.71799761501424]]]},"id":"+134618+16384","properties":{"cls":1,"count":1}},{"type":"Feature","geometry":{"geodesic":false,"type":"Polygon","coordinates":[[[120.92940691760175,14.726980767855435],[120.93030523288587,14.726980767855435],[120.93030523288587,14.727879083139555],[120.92940691760175,14.727879083139555],[120.92940691760175,14.726980767855435]]]},"id":"+134618+16394","properties":{"cls":1,"count":1}},{"type":"Feature","geometry":{"geodesic":false,"type":"Polygon","coordinates":[[[120.92940691760175,14.735065605412512],[120.93030523288587,14.735065605412512],[120.93030523288587,14.735963920696632],[120.92940691760175,14.735963920696632],[120.92940691760175,14.735065605412512]]]},"id":"+134618+16403","properties":{"cls":1,"count":1}},{"type":"Feature","geometry":{"geodesic":false,"type":"Polygon","coordinates":[[[120.92850860231763,14.73776055126487],[120.93030523288587,14.73776055126487],[120.93030523288587,14.73865886654899],[120.92850860231763,14.73865886654899],[120.92850860231763,14.73776055126487]]]},"id":"+134618+16406","properties":{"cls":1,"count":2}},{"type":"Feature","geometry":{"geodesic":false,"type":"Polygon","coordinates":[[[120.92761028703352,14.748540334674304],[120.93030523288587,14.748540334674304],[120.93030523288587,14.749438649958424],[120.92761028703352,14.749438649958424],[120.92761028703352,14.748540334674304]]]},"id":"+134618+16418","properties":{"cls":1,"count":3}},{"type":"Feature","geometry":{"geodesic":false,"type":"Polygon","coordinates":[[[120.92850860231763,14.758421802799619],[120.92850860231763,14.757523487515499],[120.9267119717494,14.757523487515499],[120.9267119717494,14.758421802799619],[120.92581365646527,14.758421802799619],[120.92581365646527,14.75482854166314],[120.92761028703352,14.75482854166314],[120.92761028703352,14.75662517223138],[120.92850860231763,14.75662517223138],[120.92850860231763,14.75482854166314],[120.93030523288587,14.75482854166314],[120.92940691760175,14.75662517223138],[120.93120354816999,14.75572685694726],[120.93120354816999,14.757523487515499],[120.93030523288587,14.757523487515499],[120.93030523288587,14.758421802799619],[120.92850860231763,14.758421802799619]]]},"id":"+134618+16428","properties":{"cls":1,"count":17}},{"type":"Feature","geometry":{"geodesic":false,"type":"Polygon","coordinates":[[[120.92940691760175,14.762913379220217],[120.93030523288587,14.762913379220217],[120.93030523288587,14.763811694504337],[120.92940691760175,14.763811694504337],[120.92940691760175,14.762913379220217]]]},"id":"+134618+16434","properties":{"cls":1,"count":1}},{"type":"Feature","geometry":{"geodesic":false,"type":"Polygon","coordinates":[[[120.92850860231763,14.785371261323204],[120.93030523288587,14.785371261323204],[120.93030523288587,14.786269576607324],[120.92850860231763,14.786269576607324],[120.92850860231763,14.785371261323204]]]},"id":"+134618+16459","properties":{"cls":1,"count":2}},{"type":"Feature","geometry":{"geodesic":false,"type":"Polygon","coordinates":[[[120.92940691760175,14.788066207175564],[120.93030523288587,14.788066207175564],[120.93030523288587,14.788964522459683],[120.92940691760175,14.788964522459683],[120.92940691760175,14.788066207175564]]]},"id":"+134618+16462","properties":{"cls":1,"count":1}},{"type":"Feature","geometry":{"geodesic":false,"type":"Polygon","coordinates":[[[120.93030523288587,14.675776796660623],[120.93120354816999,14.675776796660623],[120.93120354816999,14.676675111944743],[120.93030523288587,14.676675111944743],[120.93030523288587,14.675776796660623]]]},"id":"+134619+16337","properties":{"cls":1,"count":1}},{"type":"Feature","geometry":{"geodesic":false,"type":"Polygon","coordinates":[[[120.93030523288587,14.716200984446003],[120.93120354816999,14.716200984446003],[120.93120354816999,14.71709929973012],[120.93030523288587,14.71709929973012],[120.93030523288587,14.716200984446003]]]},"id":"+134619+16382","properties":{"cls":1,"count":1}},{"type":"Feature","geometry":{"geodesic":false,"type":"Polygon","coordinates":[[[120.93030523288587,14.726082452571317],[120.92940691760175,14.724285822003077],[120.93120354816999,14.724285822003077],[120.93120354816999,14.726082452571317],[120.93030523288587,14.726082452571317]]]},"id":"+134619+16392","properties":{"cls":1,"count":3}},{"type":"Feature","geometry":{"geodesic":false,"type":"Polygon","coordinates":[[[120.93030523288587,14.727879083139555],[120.93120354816999,14.727879083139555],[120.93120354816999,14.728777398423675],[120.93030523288587,14.728777398423675],[120.93030523288587,14.727879083139555]]]},"id":"+134619+16395","properties":{"cls":1,"count":1}},{"type":"Feature","geometry":{"geodesic":false,"type":"Polygon","coordinates":[[[120.93030523288587,14.749438649958424],[120.93120354816999,14.749438649958424],[120.93120354816999,14.750336965242544],[120.93030523288587,14.750336965242544],[120.93030523288587,14.749438649958424]]]},"id":"+134619+16419","properties":{"cls":1,"count":1}},{"type":"Feature","geometry":{"geodesic":false,"type":"Polygon","coordinates":[[[120.93030523288587,14.772794847345532],[120.93120354816999,14.772794847345532],[120.93120354816999,14.773693162629652],[120.93030523288587,14.773693162629652],[120.93030523288587,14.772794847345532]]]},"id":"+134619+16445","properties":{"cls":1,"count":1}},{"type":"Feature","geometry":{"geodesic":false,"type":"Polygon","coordinates":[[[120.93030523288587,14.779083054334368],[120.93030523288587,14.77728642376613],[120.92940691760175,14.77728642376613],[120.92940691760175,14.77638810848201],[120.93120354816999,14.77638810848201],[120.93120354816999,14.779083054334368],[120.93030523288587,14.779083054334368]]]},"id":"+134619+16451","properties":{"cls":1,"count":4}},{"type":"Feature","geometry":{"geodesic":false,"type":"Polygon","coordinates":[[[120.93120354816999,14.453892921483101],[120.93210186345411,14.453892921483101],[120.93210186345411,14.454791236767221],[120.93120354816999,14.454791236767221],[120.93120354816999,14.453892921483101]]]},"id":"+134620+16090","properties":{"cls":1,"count":1}},{"type":"Feature","geometry":{"geodesic":false,"type":"Polygon","coordinates":[[[120.93120354816999,14.693743102343014],[120.93210186345411,14.693743102343014],[120.93210186345411,14.694641417627134],[120.93120354816999,14.694641417627134],[120.93120354816999,14.693743102343014]]]},"id":"+134620+16357","properties":{"cls":1,"count":1}},{"type":"Feature","geometry":{"geodesic":false,"type":"Polygon","coordinates":[[[120.93120354816999,14.719794245582479],[120.93210186345411,14.719794245582479],[120.93210186345411,14.720692560866599],[120.93120354816999,14.720692560866599],[120.93120354816999,14.719794245582479]]]},"id":"+134620+16386","properties":{"cls":1,"count":1}},{"type":"Feature","geometry":{"geodesic":false,"type":"Polygon","coordinates":[[[120.93120354816999,14.721590876150719],[120.93210186345411,14.721590876150719],[120.93210186345411,14.722489191434839],[120.93120354816999,14.722489191434839],[120.93120354816999,14.721590876150719]]]},"id":"+134620+16388","properties":{"cls":1,"count":1}},{"type":"Feature","geometry":{"geodesic":false,"type":"Polygon","coordinates":[[[120.93120354816999,14.731472344276034],[120.93210186345411,14.731472344276034],[120.93210186345411,14.733268974844274],[120.93120354816999,14.733268974844274],[120.93120354816999,14.731472344276034]]]},"id":"+134620+16400","properties":{"cls":1,"count":2}},{"type":"Feature","geometry":{"geodesic":false,"type":"Polygon","coordinates":[[[120.93120354816999,14.734167290128392],[120.93210186345411,14.734167290128392],[120.93210186345411,14.735065605412512],[120.93120354816999,14.735065605412512],[120.93120354816999,14.734167290128392]]]},"id":"+134620+16402","properties":{"cls":1,"count":1}},{"type":"Feature","geometry":{"geodesic":false,"type":"Polygon","coordinates":[[[120.93120354816999,14.742252127685468],[120.93210186345411,14.742252127685468],[120.93210186345411,14.743150442969588],[120.93120354816999,14.743150442969588],[120.93120354816999,14.742252127685468]]]},"id":"+134620+16411","properties":{"cls":1,"count":1}},{"type":"Feature","geometry":{"geodesic":false,"type":"Polygon","coordinates":[[[120.93120354816999,14.746743704106066],[120.93210186345411,14.746743704106066],[120.93210186345411,14.747642019390184],[120.93120354816999,14.747642019390184],[120.93120354816999,14.746743704106066]]]},"id":"+134620+16416","properties":{"cls":1,"count":1}},{"type":"Feature","geometry":{"geodesic":false,"type":"Polygon","coordinates":[[[120.93120354816999,14.750336965242544],[120.93210186345411,14.750336965242544],[120.93210186345411,14.753031911094903],[120.93120354816999,14.753031911094903],[120.93120354816999,14.750336965242544]]]},"id":"+134620+16422","properties":{"cls":1,"count":3}},{"type":"Feature","geometry":{"geodesic":false,"type":"Polygon","coordinates":[[[120.93120354816999,14.762015063936097],[120.93210186345411,14.762015063936097],[120.93210186345411,14.762913379220217],[120.93120354816999,14.762913379220217],[120.93120354816999,14.762015063936097]]]},"id":"+134620+16433","properties":{"cls":1,"count":1}},{"type":"Feature","geometry":{"geodesic":false,"type":"Polygon","coordinates":[[[120.93030523288587,14.763811694504337],[120.93210186345411,14.763811694504337],[120.93210186345411,14.764710009788455],[120.93030523288587,14.764710009788455],[120.93030523288587,14.763811694504337]]]},"id":"+134620+16435","properties":{"cls":1,"count":2}},{"type":"Feature","geometry":{"geodesic":false,"type":"Polygon","coordinates":[[[120.93030523288587,14.765608325072575],[120.93210186345411,14.765608325072575],[120.93210186345411,14.766506640356695],[120.93030523288587,14.766506640356695],[120.93030523288587,14.765608325072575]]]},"id":"+134620+16437","properties":{"cls":1,"count":2}},{"type":"Feature","geometry":{"geodesic":false,"type":"Polygon","coordinates":[[[120.93120354816999,14.451197975630743],[120.93300017873823,14.451197975630743],[120.93300017873823,14.452096290914863],[120.93120354816999,14.452096290914863],[120.93120354816999,14.451197975630743]]]},"id":"+134621+16087","properties":{"cls":1,"count":2}},{"type":"Feature","geometry":{"geodesic":false,"type":"Polygon","coordinates":[[[120.93210186345411,14.671285220240026],[120.93300017873823,14.671285220240026],[120.93300017873823,14.673081850808265],[120.93210186345411,14.673081850808265],[120.93210186345411,14.671285220240026]]]},"id":"+134621+16333","properties":{"cls":1,"count":2}},{"type":"Feature","geometry":{"geodesic":false,"type":"Polygon","coordinates":[[[120.93120354816999,14.685658264785937],[120.93120354816999,14.684759949501819],[120.93030523288587,14.684759949501819],[120.93030523288587,14.682963318933579],[120.93210186345411,14.682963318933579],[120.93210186345411,14.683861634217699],[120.93300017873823,14.683861634217699],[120.93300017873823,14.685658264785937],[120.93120354816999,14.685658264785937]]]},"id":"+134621+16347","properties":{"cls":1,"count":7}},{"type":"Feature","geometry":{"geodesic":false,"type":"Polygon","coordinates":[[[120.93210186345411,14.692844787058894],[120.93300017873823,14.692844787058894],[120.93300017873823,14.693743102343014],[120.93210186345411,14.693743102343014],[120.93210186345411,14.692844787058894]]]},"id":"+134621+16356","properties":{"cls":1,"count":1}},{"type":"Feature","geometry":{"geodesic":false,"type":"Polygon","coordinates":[[[120.93120354816999,14.714404353877763],[120.93300017873823,14.714404353877763],[120.93300017873823,14.715302669161883],[120.93120354816999,14.715302669161883],[120.93120354816999,14.714404353877763]]]},"id":"+134621+16380","properties":{"cls":1,"count":2}},{"type":"Feature","geometry":{"geodesic":false,"type":"Polygon","coordinates":[[[120.93210186345411,14.71709929973012],[120.93300017873823,14.71709929973012],[120.93300017873823,14.71799761501424],[120.93210186345411,14.71799761501424],[120.93210186345411,14.71709929973012]]]},"id":"+134621+16383","properties":{"cls":1,"count":1}},{"type":"Feature","geometry":{"geodesic":false,"type":"Polygon","coordinates":[[[120.93210186345411,14.723387506718957],[120.93300017873823,14.723387506718957],[120.93300017873823,14.726082452571317],[120.93210186345411,14.726082452571317],[120.93210186345411,14.723387506718957]]]},"id":"+134621+16392","properties":{"cls":1,"count":3}},{"type":"Feature","geometry":{"geodesic":false,"type":"Polygon","coordinates":[[[120.93210186345411,14.749438649958424],[120.93300017873823,14.749438649958424],[120.93300017873823,14.750336965242544],[120.93210186345411,14.750336965242544],[120.93210186345411,14.749438649958424]]]},"id":"+134621+16419","properties":{"cls":1,"count":1}},{"type":"Feature","geometry":{"geodesic":false,"type":"Polygon","coordinates":[[[120.93210186345411,14.757523487515499],[120.93120354816999,14.75393022637902],[120.93210186345411,14.75393022637902],[120.93210186345411,14.75482854166314],[120.93389849402234,14.75482854166314],[120.93389849402234,14.75572685694726],[120.93300017873823,14.75572685694726],[120.93300017873823,14.757523487515499],[120.93210186345411,14.757523487515499]]]},"id":"+134621+16427","properties":{"cls":1,"count":6}},{"type":"Feature","geometry":{"geodesic":false,"type":"Polygon","coordinates":[[[120.93210186345411,14.764710009788455],[120.93300017873823,14.764710009788455],[120.93300017873823,14.765608325072575],[120.93210186345411,14.765608325072575],[120.93210186345411,14.764710009788455]]]},"id":"+134621+16436","properties":{"cls":1,"count":1}},{"type":"Feature","geometry":{"geodesic":false,"type":"Polygon","coordinates":[[[120.93210186345411,14.770998216777294],[120.93300017873823,14.770998216777294],[120.93300017873823,14.771896532061412],[120.93210186345411,14.771896532061412],[120.93210186345411,14.770998216777294]]]},"id":"+134621+16443","properties":{"cls":1,"count":1}},{"type":"Feature","geometry":{"geodesic":false,"type":"Polygon","coordinates":[[[120.93300017873823,14.454791236767221],[120.93210186345411,14.452994606198981],[120.93569512459058,14.452096290914863],[120.93569512459058,14.453892921483101],[120.93389849402234,14.453892921483101],[120.93389849402234,14.454791236767221],[120.93300017873823,14.454791236767221]]]},"id":"+134622+16090","properties":{"cls":1,"count":7}},{"type":"Feature","geometry":{"geodesic":false,"type":"Polygon","coordinates":[[[120.93300017873823,14.670386904955906],[120.93389849402234,14.670386904955906],[120.93389849402234,14.671285220240026],[120.93300017873823,14.671285220240026],[120.93300017873823,14.670386904955906]]]},"id":"+134622+16331","properties":{"cls":1,"count":1}},{"type":"Feature","geometry":{"geodesic":false,"type":"Polygon","coordinates":[[[120.93210186345411,14.675776796660623],[120.93389849402234,14.675776796660623],[120.93389849402234,14.676675111944743],[120.93210186345411,14.676675111944743],[120.93210186345411,14.675776796660623]]]},"id":"+134622+16337","properties":{"cls":1,"count":2}},{"type":"Feature","geometry":{"geodesic":false,"type":"Polygon","coordinates":[[[120.93300017873823,14.691946471774775],[120.93389849402234,14.691946471774775],[120.93389849402234,14.692844787058894],[120.93300017873823,14.692844787058894],[120.93300017873823,14.691946471774775]]]},"id":"+134622+16355","properties":{"cls":1,"count":1}},{"type":"Feature","geometry":{"geodesic":false,"type":"Polygon","coordinates":[[[120.93300017873823,14.699132994047732],[120.93389849402234,14.699132994047732],[120.93389849402234,14.70003130933185],[120.93300017873823,14.70003130933185],[120.93300017873823,14.699132994047732]]]},"id":"+134622+16363","properties":{"cls":1,"count":1}},{"type":"Feature","geometry":{"geodesic":false,"type":"Polygon","coordinates":[[[120.93300017873823,14.71889593029836],[120.93389849402234,14.71889593029836],[120.93389849402234,14.719794245582479],[120.93300017873823,14.719794245582479],[120.93300017873823,14.71889593029836]]]},"id":"+134622+16385","properties":{"cls":1,"count":1}},{"type":"Feature","geometry":{"geodesic":false,"type":"Polygon","coordinates":[[[120.93300017873823,14.721590876150719],[120.93389849402234,14.721590876150719],[120.93389849402234,14.723387506718957],[120.93300017873823,14.723387506718957],[120.93300017873823,14.721590876150719]]]},"id":"+134622+16389","properties":{"cls":1,"count":2}},{"type":"Feature","geometry":{"geodesic":false,"type":"Polygon","coordinates":[[[120.93300017873823,14.740455497117228],[120.93300017873823,14.73955718183311],[120.93030523288587,14.73955718183311],[120.93030523288587,14.73865886654899],[120.93389849402234,14.73865886654899],[120.93389849402234,14.740455497117228],[120.93300017873823,14.740455497117228]]]},"id":"+134622+16408","properties":{"cls":1,"count":5}},{"type":"Feature","geometry":{"geodesic":false,"type":"Polygon","coordinates":[[[120.93300017873823,14.752133595810783],[120.93389849402234,14.752133595810783],[120.93389849402234,14.753031911094903],[120.93300017873823,14.753031911094903],[120.93300017873823,14.752133595810783]]]},"id":"+134622+16422","properties":{"cls":1,"count":1}},{"type":"Feature","geometry":{"geodesic":false,"type":"Polygon","coordinates":[[[120.93389849402234,14.454791236767221],[120.93479680930646,14.454791236767221],[120.93479680930646,14.455689552051341],[120.93389849402234,14.455689552051341],[120.93389849402234,14.454791236767221]]]},"id":"+134623+16091","properties":{"cls":1,"count":1}},{"type":"Feature","geometry":{"geodesic":false,"type":"Polygon","coordinates":[[[120.93389849402234,14.686556580070057],[120.93479680930646,14.686556580070057],[120.93479680930646,14.687454895354177],[120.93389849402234,14.687454895354177],[120.93389849402234,14.686556580070057]]]},"id":"+134623+16349","properties":{"cls":1,"count":1}},{"type":"Feature","geometry":{"geodesic":false,"type":"Polygon","coordinates":[[[120.93389849402234,14.724285822003077],[120.93479680930646,14.724285822003077],[120.93479680930646,14.725184137287197],[120.93389849402234,14.725184137287197],[120.93389849402234,14.724285822003077]]]},"id":"+134623+16391","properties":{"cls":1,"count":1}},{"type":"Feature","geometry":{"geodesic":false,"type":"Polygon","coordinates":[[[120.93300017873823,14.726082452571317],[120.93479680930646,14.726082452571317],[120.93479680930646,14.726980767855435],[120.93300017873823,14.726980767855435],[120.93300017873823,14.726082452571317]]]},"id":"+134623+16393","properties":{"cls":1,"count":2}},{"type":"Feature","geometry":{"geodesic":false,"type":"Polygon","coordinates":[[[120.93300017873823,14.733268974844274],[120.93479680930646,14.733268974844274],[120.93479680930646,14.734167290128392],[120.93300017873823,14.734167290128392],[120.93300017873823,14.733268974844274]]]},"id":"+134623+16401","properties":{"cls":1,"count":2}},{"type":"Feature","geometry":{"geodesic":false,"type":"Polygon","coordinates":[[[120.93389849402234,14.745845388821946],[120.93479680930646,14.745845388821946],[120.93479680930646,14.746743704106066],[120.93389849402234,14.746743704106066],[120.93389849402234,14.745845388821946]]]},"id":"+134623+16415","properties":{"cls":1,"count":1}},{"type":"Feature","geometry":{"geodesic":false,"type":"Polygon","coordinates":[[[120.93389849402234,14.75662517223138],[120.93479680930646,14.75662517223138],[120.93479680930646,14.757523487515499],[120.93389849402234,14.757523487515499],[120.93389849402234,14.75662517223138]]]},"id":"+134623+16427","properties":{"cls":1,"count":1}},{"type":"Feature","geometry":{"geodesic":false,"type":"Polygon","coordinates":[[[120.93389849402234,14.761116748651977],[120.93479680930646,14.761116748651977],[120.93479680930646,14.762015063936097],[120.93389849402234,14.762015063936097],[120.93389849402234,14.761116748651977]]]},"id":"+134623+16432","properties":{"cls":1,"count":1}},{"type":"Feature","geometry":{"geodesic":false,"type":"Polygon","coordinates":[[[120.93300017873823,14.762913379220217],[120.93479680930646,14.762913379220217],[120.93479680930646,14.763811694504337],[120.93300017873823,14.763811694504337],[120.93300017873823,14.762913379220217]]]},"id":"+134623+16434","properties":{"cls":1,"count":2}},{"type":"Feature","geometry":{"geodesic":false,"type":"Polygon","coordinates":[[[120.93479680930646,14.455689552051341],[120.93569512459058,14.455689552051341],[120.93569512459058,14.45658786733546],[120.93479680930646,14.45658786733546],[120.93479680930646,14.455689552051341]]]},"id":"+134624+16092","properties":{"cls":1,"count":1}},{"type":"Feature","geometry":{"geodesic":false,"type":"Polygon","coordinates":[[[120.93479680930646,14.45928281318782],[120.93569512459058,14.45928281318782],[120.93569512459058,14.460181128471937],[120.93479680930646,14.460181128471937],[120.93479680930646,14.45928281318782]]]},"id":"+134624+16096","properties":{"cls":1,"count":1}},{"type":"Feature","geometry":{"geodesic":false,"type":"Polygon","coordinates":[[[120.93389849402234,14.670386904955906],[120.93479680930646,14.668590274387666],[120.93569512459058,14.668590274387666],[120.93569512459058,14.670386904955906],[120.93389849402234,14.670386904955906]]]},"id":"+134624+16330","properties":{"cls":1,"count":3}},{"type":"Feature","geometry":{"geodesic":false,"type":"Polygon","coordinates":[[[120.93479680930646,14.675776796660623],[120.93569512459058,14.675776796660623],[120.93569512459058,14.676675111944743],[120.93479680930646,14.676675111944743],[120.93479680930646,14.675776796660623]]]},"id":"+134624+16337","properties":{"cls":1,"count":1}},{"type":"Feature","geometry":{"geodesic":false,"type":"Polygon","coordinates":[[[120.93479680930646,14.68206500364946],[120.93569512459058,14.68206500364946],[120.93569512459058,14.682963318933579],[120.93479680930646,14.682963318933579],[120.93479680930646,14.68206500364946]]]},"id":"+134624+16344","properties":{"cls":1,"count":1}},{"type":"Feature","geometry":{"geodesic":false,"type":"Polygon","coordinates":[[[120.93479680930646,14.689251525922415],[120.93569512459058,14.689251525922415],[120.93569512459058,14.690149841206535],[120.93479680930646,14.690149841206535],[120.93479680930646,14.689251525922415]]]},"id":"+134624+16352","properties":{"cls":1,"count":1}},{"type":"Feature","geometry":{"geodesic":false,"type":"Polygon","coordinates":[[[120.93479680930646,14.696438048195372],[120.93569512459058,14.696438048195372],[120.93569512459058,14.697336363479492],[120.93479680930646,14.697336363479492],[120.93479680930646,14.696438048195372]]]},"id":"+134624+16360","properties":{"cls":1,"count":1}},{"type":"Feature","geometry":{"geodesic":false,"type":"Polygon","coordinates":[[[120.93479680930646,14.709912777457165],[120.93569512459058,14.709912777457165],[120.93569512459058,14.710811092741285],[120.93479680930646,14.710811092741285],[120.93479680930646,14.709912777457165]]]},"id":"+134624+16375","properties":{"cls":1,"count":1}},{"type":"Feature","geometry":{"geodesic":false,"type":"Polygon","coordinates":[[[120.93479680930646,14.723387506718957],[120.93569512459058,14.723387506718957],[120.93569512459058,14.724285822003077],[120.93479680930646,14.724285822003077],[120.93479680930646,14.723387506718957]]]},"id":"+134624+16390","properties":{"cls":1,"count":1}},{"type":"Feature","geometry":{"geodesic":false,"type":"Polygon","coordinates":[[[120.93479680930646,14.732370659560154],[120.93479680930646,14.731472344276034],[120.93389849402234,14.731472344276034],[120.93389849402234,14.732370659560154],[120.93210186345411,14.731472344276034],[120.93210186345411,14.729675713707795],[120.93300017873823,14.729675713707795],[120.93300017873823,14.730574028991914],[120.93479680930646,14.730574028991914],[120.93479680930646,14.728777398423675],[120.93569512459058,14.728777398423675],[120.93569512459058,14.732370659560154],[120.93479680930646,14.732370659560154]]]},"id":"+134624+16399","properties":{"cls":1,"count":9}},{"type":"Feature","geometry":{"geodesic":false,"type":"Polygon","coordinates":[[[120.93479680930646,14.741353812401348],[120.93569512459058,14.741353812401348],[120.93569512459058,14.742252127685468],[120.93479680930646,14.742252127685468],[120.93479680930646,14.741353812401348]]]},"id":"+134624+16410","properties":{"cls":1,"count":1}},{"type":"Feature","geometry":{"geodesic":false,"type":"Polygon","coordinates":[[[120.93479680930646,14.744048758253706],[120.93569512459058,14.744048758253706],[120.93569512459058,14.745845388821946],[120.93479680930646,14.745845388821946],[120.93479680930646,14.744048758253706]]]},"id":"+134624+16414","properties":{"cls":1,"count":2}},{"type":"Feature","geometry":{"geodesic":false,"type":"Polygon","coordinates":[[[120.93389849402234,14.752133595810783],[120.93389849402234,14.751235280526663],[120.93479680930646,14.751235280526663],[120.93479680930646,14.749438649958424],[120.93659343987471,14.749438649958424],[120.93659343987471,14.750336965242544],[120.93569512459058,14.750336965242544],[120.93569512459058,14.752133595810783],[120.93389849402234,14.752133595810783]]]},"id":"+134624+16421","properties":{"cls":1,"count":5}},{"type":"Feature","geometry":{"geodesic":false,"type":"Polygon","coordinates":[[[120.93479680930646,14.75393022637902],[120.93569512459058,14.75393022637902],[120.93569512459058,14.75482854166314],[120.93479680930646,14.75482854166314],[120.93479680930646,14.75393022637902]]]},"id":"+134624+16424","properties":{"cls":1,"count":1}},{"type":"Feature","geometry":{"geodesic":false,"type":"Polygon","coordinates":[[[120.93569512459058,14.450299660346623],[120.93659343987471,14.450299660346623],[120.93659343987471,14.451197975630743],[120.93569512459058,14.451197975630743],[120.93569512459058,14.450299660346623]]]},"id":"+134625+16086","properties":{"cls":1,"count":1}},{"type":"Feature","geometry":{"geodesic":false,"type":"Polygon","coordinates":[[[120.93569512459058,14.667691959103548],[120.93659343987471,14.667691959103548],[120.93659343987471,14.668590274387666],[120.93569512459058,14.668590274387666],[120.93569512459058,14.667691959103548]]]},"id":"+134625+16328","properties":{"cls":1,"count":1}},{"type":"Feature","geometry":{"geodesic":false,"type":"Polygon","coordinates":[[[120.93569512459058,14.690149841206535],[120.93659343987471,14.690149841206535],[120.93659343987471,14.691048156490655],[120.93569512459058,14.691048156490655],[120.93569512459058,14.690149841206535]]]},"id":"+134625+16353","properties":{"cls":1,"count":1}},{"type":"Feature","geometry":{"geodesic":false,"type":"Polygon","coordinates":[[[120.93569512459058,14.695539732911254],[120.93659343987471,14.695539732911254],[120.93659343987471,14.696438048195372],[120.93569512459058,14.696438048195372],[120.93569512459058,14.695539732911254]]]},"id":"+134625+16359","properties":{"cls":1,"count":1}},{"type":"Feature","geometry":{"geodesic":false,"type":"Polygon","coordinates":[[[120.93569512459058,14.721590876150719],[120.93569512459058,14.71889593029836],[120.93659343987471,14.71889593029836],[120.93749175515883,14.720692560866599],[120.93569512459058,14.721590876150719]]]},"id":"+134625+16387","properties":{"cls":1,"count":4}},{"type":"Feature","geometry":{"geodesic":false,"type":"Polygon","coordinates":[[[120.93569512459058,14.722489191434839],[120.93659343987471,14.722489191434839],[120.93659343987471,14.723387506718957],[120.93569512459058,14.723387506718957],[120.93569512459058,14.722489191434839]]]},"id":"+134625+16389","properties":{"cls":1,"count":1}},{"type":"Feature","geometry":{"geodesic":false,"type":"Polygon","coordinates":[[[120.93569512459058,14.732370659560154],[120.93659343987471,14.732370659560154],[120.93659343987471,14.735065605412512],[120.93569512459058,14.735065605412512],[120.93569512459058,14.732370659560154]]]},"id":"+134625+16402","properties":{"cls":1,"count":3}},{"type":"Feature","geometry":{"geodesic":false,"type":"Polygon","coordinates":[[[120.93569512459058,14.75572685694726],[120.93659343987471,14.75572685694726],[120.93659343987471,14.75662517223138],[120.93569512459058,14.75662517223138],[120.93569512459058,14.75572685694726]]]},"id":"+134625+16426","properties":{"cls":1,"count":1}},{"type":"Feature","geometry":{"geodesic":false,"type":"Polygon","coordinates":[[[120.93569512459058,14.757523487515499],[120.93659343987471,14.757523487515499],[120.93659343987471,14.758421802799619],[120.93569512459058,14.758421802799619],[120.93569512459058,14.757523487515499]]]},"id":"+134625+16428","properties":{"cls":1,"count":1}},{"type":"Feature","geometry":{"geodesic":false,"type":"Polygon","coordinates":[[[120.93569512459058,14.761116748651977],[120.93659343987471,14.761116748651977],[120.93659343987471,14.762913379220217],[120.93569512459058,14.762913379220217],[120.93569512459058,14.761116748651977]]]},"id":"+134625+16433","properties":{"cls":1,"count":2}},{"type":"Feature","geometry":{"geodesic":false,"type":"Polygon","coordinates":[[[120.93659343987471,14.393705797447094],[120.93749175515883,14.393705797447094],[120.93749175515883,14.394604112731214],[120.93659343987471,14.394604112731214],[120.93659343987471,14.393705797447094]]]},"id":"+134626+16023","properties":{"cls":1,"count":1}},{"type":"Feature","geometry":{"geodesic":false,"type":"Polygon","coordinates":[[[120.93659343987471,14.451197975630743],[120.93749175515883,14.451197975630743],[120.93749175515883,14.452096290914863],[120.93659343987471,14.452096290914863],[120.93659343987471,14.451197975630743]]]},"id":"+134626+16087","properties":{"cls":1,"count":1}},{"type":"Feature","geometry":{"geodesic":false,"type":"Polygon","coordinates":[[[120.93659343987471,14.460181128471937],[120.93749175515883,14.460181128471937],[120.93749175515883,14.461079443756057],[120.93659343987471,14.461079443756057],[120.93659343987471,14.460181128471937]]]},"id":"+134626+16097","properties":{"cls":1,"count":1}},{"type":"Feature","geometry":{"geodesic":false,"type":"Polygon","coordinates":[[[120.93659343987471,14.71799761501424],[120.93749175515883,14.71799761501424],[120.93749175515883,14.71889593029836],[120.93659343987471,14.71889593029836],[120.93659343987471,14.71799761501424]]]},"id":"+134626+16384","properties":{"cls":1,"count":1}},{"type":"Feature","geometry":{"geodesic":false,"type":"Polygon","coordinates":[[[120.93659343987471,14.724285822003077],[120.93749175515883,14.724285822003077],[120.93749175515883,14.725184137287197],[120.93659343987471,14.725184137287197],[120.93659343987471,14.724285822003077]]]},"id":"+134626+16391","properties":{"cls":1,"count":1}},{"type":"Feature","geometry":{"geodesic":false,"type":"Polygon","coordinates":[[[120.93569512459058,14.728777398423675],[120.93659343987471,14.726980767855435],[120.93749175515883,14.726980767855435],[120.93749175515883,14.728777398423675],[120.93569512459058,14.728777398423675]]]},"id":"+134626+16395","properties":{"cls":1,"count":3}},{"type":"Feature","geometry":{"geodesic":false,"type":"Polygon","coordinates":[[[120.93749175515883,14.40089231972005],[120.93839007044295,14.40089231972005],[120.93839007044295,14.401790635004168],[120.93749175515883,14.401790635004168],[120.93749175515883,14.40089231972005]]]},"id":"+134627+16031","properties":{"cls":1,"count":1}},{"type":"Feature","geometry":{"geodesic":false,"type":"Polygon","coordinates":[[[120.93749175515883,14.450299660346623],[120.93839007044295,14.450299660346623],[120.93839007044295,14.451197975630743],[120.93749175515883,14.451197975630743],[120.93749175515883,14.450299660346623]]]},"id":"+134627+16086","properties":{"cls":1,"count":1}},{"type":"Feature","geometry":{"geodesic":false,"type":"Polygon","coordinates":[[[120.93659343987471,14.665895328535308],[120.93839007044295,14.665895328535308],[120.93839007044295,14.666793643819428],[120.93659343987471,14.666793643819428],[120.93659343987471,14.665895328535308]]]},"id":"+134627+16326","properties":{"cls":1,"count":2}},{"type":"Feature","geometry":{"geodesic":false,"type":"Polygon","coordinates":[[[120.93749175515883,14.674878481376505],[120.93839007044295,14.674878481376505],[120.93839007044295,14.675776796660623],[120.93749175515883,14.675776796660623],[120.93749175515883,14.674878481376505]]]},"id":"+134627+16336","properties":{"cls":1,"count":1}},{"type":"Feature","geometry":{"geodesic":false,"type":"Polygon","coordinates":[[[120.93749175515883,14.680268373081221],[120.93839007044295,14.680268373081221],[120.93839007044295,14.681166688365341],[120.93749175515883,14.681166688365341],[120.93749175515883,14.680268373081221]]]},"id":"+134627+16342","properties":{"cls":1,"count":1}},{"type":"Feature","geometry":{"geodesic":false,"type":"Polygon","coordinates":[[[120.93659343987471,14.694641417627134],[120.93839007044295,14.694641417627134],[120.93839007044295,14.695539732911254],[120.93659343987471,14.695539732911254],[120.93659343987471,14.694641417627134]]]},"id":"+134627+16358","properties":{"cls":1,"count":2}},{"type":"Feature","geometry":{"geodesic":false,"type":"Polygon","coordinates":[[[120.93749175515883,14.71889593029836],[120.93839007044295,14.71889593029836],[120.93839007044295,14.719794245582479],[120.93749175515883,14.719794245582479],[120.93749175515883,14.71889593029836]]]},"id":"+134627+16385","properties":{"cls":1,"count":1}},{"type":"Feature","geometry":{"geodesic":false,"type":"Polygon","coordinates":[[[120.93749175515883,14.734167290128392],[120.93839007044295,14.734167290128392],[120.93839007044295,14.735065605412512],[120.93749175515883,14.735065605412512],[120.93749175515883,14.734167290128392]]]},"id":"+134627+16402","properties":{"cls":1,"count":1}},{"type":"Feature","geometry":{"geodesic":false,"type":"Polygon","coordinates":[[[120.93569512459058,14.73776055126487],[120.93569512459058,14.735963920696632],[120.93659343987471,14.735963920696632],[120.93659343987471,14.73686223598075],[120.93839007044295,14.73686223598075],[120.93839007044295,14.73776055126487],[120.93569512459058,14.73776055126487]]]},"id":"+134627+16405","properties":{"cls":1,"count":4}},{"type":"Feature","geometry":{"geodesic":false,"type":"Polygon","coordinates":[[[120.93749175515883,14.75482854166314],[120.93839007044295,14.75482854166314],[120.93839007044295,14.75572685694726],[120.93749175515883,14.75572685694726],[120.93749175515883,14.75482854166314]]]},"id":"+134627+16425","properties":{"cls":1,"count":1}},{"type":"Feature","geometry":{"geodesic":false,"type":"Polygon","coordinates":[[[120.93749175515883,14.759320118083739],[120.93839007044295,14.759320118083739],[120.93839007044295,14.760218433367859],[120.93749175515883,14.760218433367859],[120.93749175515883,14.759320118083739]]]},"id":"+134627+16430","properties":{"cls":1,"count":1}},{"type":"Feature","geometry":{"geodesic":false,"type":"Polygon","coordinates":[[[120.93839007044295,14.452096290914863],[120.93928838572707,14.452096290914863],[120.93928838572707,14.452994606198981],[120.93839007044295,14.452994606198981],[120.93839007044295,14.452096290914863]]]},"id":"+134628+16088","properties":{"cls":1,"count":1}},{"type":"Feature","geometry":{"geodesic":false,"type":"Polygon","coordinates":[[[120.93839007044295,14.673980166092385],[120.93928838572707,14.673980166092385],[120.93928838572707,14.674878481376505],[120.93839007044295,14.674878481376505],[120.93839007044295,14.673980166092385]]]},"id":"+134628+16335","properties":{"cls":1,"count":1}},{"type":"Feature","geometry":{"geodesic":false,"type":"Polygon","coordinates":[[[120.93839007044295,14.693743102343014],[120.93928838572707,14.693743102343014],[120.93928838572707,14.694641417627134],[120.93839007044295,14.694641417627134],[120.93839007044295,14.693743102343014]]]},"id":"+134628+16357","properties":{"cls":1,"count":1}},{"type":"Feature","geometry":{"geodesic":false,"type":"Polygon","coordinates":[[[120.93839007044295,14.709912777457165],[120.93928838572707,14.709912777457165],[120.93928838572707,14.711709408025404],[120.93839007044295,14.711709408025404],[120.93839007044295,14.709912777457165]]]},"id":"+134628+16376","properties":{"cls":1,"count":2}},{"type":"Feature","geometry":{"geodesic":false,"type":"Polygon","coordinates":[[[120.93839007044295,14.716200984446003],[120.93928838572707,14.716200984446003],[120.93928838572707,14.71889593029836],[120.93839007044295,14.71889593029836],[120.93839007044295,14.716200984446003]]]},"id":"+134628+16384","properties":{"cls":1,"count":3}},{"type":"Feature","geometry":{"geodesic":false,"type":"Polygon","coordinates":[[[120.93839007044295,14.724285822003077],[120.93839007044295,14.722489191434839],[120.94018670101119,14.722489191434839],[120.94018670101119,14.723387506718957],[120.93839007044295,14.724285822003077]]]},"id":"+134628+16390","properties":{"cls":1,"count":3}},{"type":"Feature","geometry":{"geodesic":false,"type":"Polygon","coordinates":[[[120.93839007044295,14.731472344276034],[120.93928838572707,14.731472344276034],[120.93928838572707,14.732370659560154],[120.93839007044295,14.732370659560154],[120.93839007044295,14.731472344276034]]]},"id":"+134628+16399","properties":{"cls":1,"count":1}},{"type":"Feature","geometry":{"geodesic":false,"type":"Polygon","coordinates":[[[120.93839007044295,14.750336965242544],[120.93928838572707,14.750336965242544],[120.93928838572707,14.751235280526663],[120.93839007044295,14.751235280526663],[120.93839007044295,14.750336965242544]]]},"id":"+134628+16420","properties":{"cls":1,"count":1}},{"type":"Feature","geometry":{"geodesic":false,"type":"Polygon","coordinates":[[[120.93659343987471,14.75662517223138],[120.93928838572707,14.75662517223138],[120.93928838572707,14.757523487515499],[120.93659343987471,14.757523487515499],[120.93659343987471,14.75662517223138]]]},"id":"+134628+16427","properties":{"cls":1,"count":3}},{"type":"Feature","geometry":{"geodesic":false,"type":"Polygon","coordinates":[[[120.93839007044295,14.764710009788455],[120.93928838572707,14.764710009788455],[120.93928838572707,14.765608325072575],[120.93839007044295,14.765608325072575],[120.93839007044295,14.764710009788455]]]},"id":"+134628+16436","properties":{"cls":1,"count":1}},{"type":"Feature","geometry":{"geodesic":false,"type":"Polygon","coordinates":[[[120.93839007044295,14.811422404562672],[120.93928838572707,14.811422404562672],[120.93928838572707,14.81232071984679],[120.93839007044295,14.81232071984679],[120.93839007044295,14.811422404562672]]]},"id":"+134628+16488","properties":{"cls":1,"count":1}},{"type":"Feature","geometry":{"geodesic":false,"type":"Polygon","coordinates":[[[120.93928838572707,14.385620959890018],[120.94018670101119,14.385620959890018],[120.94018670101119,14.387417590458258],[120.93928838572707,14.387417590458258],[120.93928838572707,14.385620959890018]]]},"id":"+134629+16015","properties":{"cls":1,"count":2}},{"type":"Feature","geometry":{"geodesic":false,"type":"Polygon","coordinates":[[[120.93928838572707,14.66230206739883],[120.94018670101119,14.66230206739883],[120.94018670101119,14.66320038268295],[120.93928838572707,14.66320038268295],[120.93928838572707,14.66230206739883]]]},"id":"+134629+16322","properties":{"cls":1,"count":1}},{"type":"Feature","geometry":{"geodesic":false,"type":"Polygon","coordinates":[[[120.93928838572707,14.676675111944743],[120.93928838572707,14.674878481376505],[120.9410850162953,14.674878481376505],[120.9410850162953,14.675776796660623],[120.93928838572707,14.676675111944743]]]},"id":"+134629+16337","properties":{"cls":1,"count":3}},{"type":"Feature","geometry":{"geodesic":false,"type":"Polygon","coordinates":[[[120.93839007044295,14.685658264785937],[120.94018670101119,14.685658264785937],[120.94018670101119,14.686556580070057],[120.93839007044295,14.686556580070057],[120.93839007044295,14.685658264785937]]]},"id":"+134629+16348","properties":{"cls":1,"count":2}},{"type":"Feature","geometry":{"geodesic":false,"type":"Polygon","coordinates":[[[120.93928838572707,14.714404353877763],[120.94018670101119,14.714404353877763],[120.94018670101119,14.715302669161883],[120.93928838572707,14.715302669161883],[120.93928838572707,14.714404353877763]]]},"id":"+134629+16380","properties":{"cls":1,"count":1}},{"type":"Feature","geometry":{"geodesic":false,"type":"Polygon","coordinates":[[[120.93839007044295,14.729675713707795],[120.94018670101119,14.729675713707795],[120.94018670101119,14.730574028991914],[120.93839007044295,14.730574028991914],[120.93839007044295,14.729675713707795]]]},"id":"+134629+16397","properties":{"cls":1,"count":2}},{"type":"Feature","geometry":{"geodesic":false,"type":"Polygon","coordinates":[[[120.93928838572707,14.735065605412512],[120.94018670101119,14.735065605412512],[120.94018670101119,14.735963920696632],[120.93928838572707,14.735963920696632],[120.93928838572707,14.735065605412512]]]},"id":"+134629+16403","properties":{"cls":1,"count":1}},{"type":"Feature","geometry":{"geodesic":false,"type":"Polygon","coordinates":[[[120.93839007044295,14.73865886654899],[120.93928838572707,14.73686223598075],[120.94288164686354,14.735963920696632],[120.94198333157942,14.73776055126487],[120.93839007044295,14.73865886654899]]]},"id":"+134629+16406","properties":{"cls":1,"count":7}},{"type":"Feature","geometry":{"geodesic":false,"type":"Polygon","coordinates":[[[120.93928838572707,14.747642019390184],[120.93928838572707,14.744048758253706],[120.94018670101119,14.744048758253706],[120.94018670101119,14.745845388821946],[120.9410850162953,14.745845388821946],[120.9410850162953,14.746743704106066],[120.93928838572707,14.747642019390184]]]},"id":"+134629+16416","properties":{"cls":1,"count":5}},{"type":"Feature","geometry":{"geodesic":false,"type":"Polygon","coordinates":[[[120.93928838572707,14.760218433367859],[120.93928838572707,14.757523487515499],[120.9410850162953,14.757523487515499],[120.9410850162953,14.758421802799619],[120.94018670101119,14.758421802799619],[120.94018670101119,14.760218433367859],[120.93928838572707,14.760218433367859]]]},"id":"+134629+16430","properties":{"cls":1,"count":4}},{"type":"Feature","geometry":{"geodesic":false,"type":"Polygon","coordinates":[[[120.93928838572707,14.81232071984679],[120.94018670101119,14.81232071984679],[120.94018670101119,14.81321903513091],[120.93928838572707,14.81321903513091],[120.93928838572707,14.81232071984679]]]},"id":"+134629+16489","properties":{"cls":1,"count":1}},{"type":"Feature","geometry":{"geodesic":false,"type":"Polygon","coordinates":[[[120.94018670101119,14.461977759040177],[120.9410850162953,14.461977759040177],[120.9410850162953,14.462876074324297],[120.94018670101119,14.462876074324297],[120.94018670101119,14.461977759040177]]]},"id":"+134630+16099","properties":{"cls":1,"count":1}},{"type":"Feature","geometry":{"geodesic":false,"type":"Polygon","coordinates":[[[120.94018670101119,14.671285220240026],[120.9410850162953,14.671285220240026],[120.9410850162953,14.672183535524145],[120.94018670101119,14.672183535524145],[120.94018670101119,14.671285220240026]]]},"id":"+134630+16332","properties":{"cls":1,"count":1}},{"type":"Feature","geometry":{"geodesic":false,"type":"Polygon","coordinates":[[[120.93928838572707,14.681166688365341],[120.9410850162953,14.681166688365341],[120.9410850162953,14.68206500364946],[120.93928838572707,14.68206500364946],[120.93928838572707,14.681166688365341]]]},"id":"+134630+16343","properties":{"cls":1,"count":2}},{"type":"Feature","geometry":{"geodesic":false,"type":"Polygon","coordinates":[[[120.94018670101119,14.682963318933579],[120.9410850162953,14.682963318933579],[120.9410850162953,14.683861634217699],[120.94018670101119,14.683861634217699],[120.94018670101119,14.682963318933579]]]},"id":"+134630+16345","properties":{"cls":1,"count":1}},{"type":"Feature","geometry":{"geodesic":false,"type":"Polygon","coordinates":[[[120.94018670101119,14.687454895354177],[120.9410850162953,14.687454895354177],[120.9410850162953,14.688353210638297],[120.94018670101119,14.688353210638297],[120.94018670101119,14.687454895354177]]]},"id":"+134630+16350","properties":{"cls":1,"count":1}},{"type":"Feature","geometry":{"geodesic":false,"type":"Polygon","coordinates":[[[120.93928838572707,14.691946471774775],[120.9410850162953,14.691946471774775],[120.9410850162953,14.692844787058894],[120.93928838572707,14.692844787058894],[120.93928838572707,14.691946471774775]]]},"id":"+134630+16355","properties":{"cls":1,"count":2}},{"type":"Feature","geometry":{"geodesic":false,"type":"Polygon","coordinates":[[[120.94018670101119,14.704522885752448],[120.9410850162953,14.704522885752448],[120.9410850162953,14.705421201036568],[120.94018670101119,14.705421201036568],[120.94018670101119,14.704522885752448]]]},"id":"+134630+16369","properties":{"cls":1,"count":1}},{"type":"Feature","geometry":{"geodesic":false,"type":"Polygon","coordinates":[[[120.94018670101119,14.721590876150719],[120.9410850162953,14.721590876150719],[120.9410850162953,14.722489191434839],[120.94018670101119,14.722489191434839],[120.94018670101119,14.721590876150719]]]},"id":"+134630+16388","properties":{"cls":1,"count":1}},{"type":"Feature","geometry":{"geodesic":false,"type":"Polygon","coordinates":[[[120.94018670101119,14.726980767855435],[120.9410850162953,14.726980767855435],[120.9410850162953,14.727879083139555],[120.94018670101119,14.727879083139555],[120.94018670101119,14.726980767855435]]]},"id":"+134630+16394","properties":{"cls":1,"count":1}},{"type":"Feature","geometry":{"geodesic":false,"type":"Polygon","coordinates":[[[120.94018670101119,14.728777398423675],[120.9410850162953,14.728777398423675],[120.9410850162953,14.729675713707795],[120.94018670101119,14.729675713707795],[120.94018670101119,14.728777398423675]]]},"id":"+134630+16396","properties":{"cls":1,"count":1}},{"type":"Feature","geometry":{"geodesic":false,"type":"Polygon","coordinates":[[[120.94018670101119,14.743150442969588],[120.9410850162953,14.743150442969588],[120.9410850162953,14.744048758253706],[120.94018670101119,14.744048758253706],[120.94018670101119,14.743150442969588]]]},"id":"+134630+16412","properties":{"cls":1,"count":1}},{"type":"Feature","geometry":{"geodesic":false,"type":"Polygon","coordinates":[[[120.9410850162953,14.686556580070057],[120.94198333157942,14.686556580070057],[120.94198333157942,14.687454895354177],[120.9410850162953,14.687454895354177],[120.9410850162953,14.686556580070057]]]},"id":"+134631+16349","properties":{"cls":1,"count":1}},{"type":"Feature","geometry":{"geodesic":false,"type":"Polygon","coordinates":[[[120.9410850162953,14.70003130933185],[120.94198333157942,14.70003130933185],[120.94198333157942,14.70092962461597],[120.9410850162953,14.70092962461597],[120.9410850162953,14.70003130933185]]]},"id":"+134631+16364","properties":{"cls":1,"count":1}},{"type":"Feature","geometry":{"geodesic":false,"type":"Polygon","coordinates":[[[120.9410850162953,14.721590876150719],[120.9410850162953,14.719794245582479],[120.94018670101119,14.719794245582479],[120.94018670101119,14.71889593029836],[120.9410850162953,14.71889593029836],[120.9410850162953,14.71709929973012],[120.94198333157942,14.71709929973012],[120.94198333157942,14.721590876150719],[120.9410850162953,14.721590876150719]]]},"id":"+134631+16387","properties":{"cls":1,"count":6}},{"type":"Feature","geometry":{"geodesic":false,"type":"Polygon","coordinates":[[[120.9410850162953,14.722489191434839],[120.94198333157942,14.722489191434839],[120.94198333157942,14.723387506718957],[120.9410850162953,14.723387506718957],[120.9410850162953,14.722489191434839]]]},"id":"+134631+16389","properties":{"cls":1,"count":1}},{"type":"Feature","geometry":{"geodesic":false,"type":"Polygon","coordinates":[[[120.9410850162953,14.73865886654899],[120.94198333157942,14.73865886654899],[120.94198333157942,14.73955718183311],[120.9410850162953,14.73955718183311],[120.9410850162953,14.73865886654899]]]},"id":"+134631+16407","properties":{"cls":1,"count":1}},{"type":"Feature","geometry":{"geodesic":false,"type":"Polygon","coordinates":[[[120.9410850162953,14.746743704106066],[120.94198333157942,14.746743704106066],[120.94198333157942,14.747642019390184],[120.9410850162953,14.747642019390184],[120.9410850162953,14.746743704106066]]]},"id":"+134631+16416","properties":{"cls":1,"count":1}},{"type":"Feature","geometry":{"geodesic":false,"type":"Polygon","coordinates":[[[120.94018670101119,14.752133595810783],[120.94198333157942,14.752133595810783],[120.94198333157942,14.753031911094903],[120.94018670101119,14.753031911094903],[120.94018670101119,14.752133595810783]]]},"id":"+134631+16422","properties":{"cls":1,"count":2}},{"type":"Feature","geometry":{"geodesic":false,"type":"Polygon","coordinates":[[[120.94198333157942,14.462876074324297],[120.94288164686354,14.462876074324297],[120.94288164686354,14.463774389608416],[120.94198333157942,14.463774389608416],[120.94198333157942,14.462876074324297]]]},"id":"+134632+16100","properties":{"cls":1,"count":1}},{"type":"Feature","geometry":{"geodesic":false,"type":"Polygon","coordinates":[[[120.94198333157942,14.633555978307006],[120.94288164686354,14.633555978307006],[120.94288164686354,14.634454293591125],[120.94198333157942,14.634454293591125],[120.94198333157942,14.633555978307006]]]},"id":"+134632+16290","properties":{"cls":1,"count":1}},{"type":"Feature","geometry":{"geodesic":false,"type":"Polygon","coordinates":[[[120.94198333157942,14.659607121546472],[120.94288164686354,14.659607121546472],[120.94288164686354,14.660505436830592],[120.94198333157942,14.660505436830592],[120.94198333157942,14.659607121546472]]]},"id":"+134632+16319","properties":{"cls":1,"count":1}},{"type":"Feature","geometry":{"geodesic":false,"type":"Polygon","coordinates":[[[120.94198333157942,14.672183535524145],[120.94288164686354,14.672183535524145],[120.94288164686354,14.673081850808265],[120.94198333157942,14.673081850808265],[120.94198333157942,14.672183535524145]]]},"id":"+134632+16333","properties":{"cls":1,"count":1}},{"type":"Feature","geometry":{"geodesic":false,"type":"Polygon","coordinates":[[[120.94198333157942,14.687454895354177],[120.94288164686354,14.687454895354177],[120.94288164686354,14.688353210638297],[120.94198333157942,14.688353210638297],[120.94198333157942,14.687454895354177]]]},"id":"+134632+16350","properties":{"cls":1,"count":1}},{"type":"Feature","geometry":{"geodesic":false,"type":"Polygon","coordinates":[[[120.94198333157942,14.70092962461597],[120.94288164686354,14.70092962461597],[120.94288164686354,14.70182793990009],[120.94198333157942,14.70182793990009],[120.94198333157942,14.70092962461597]]]},"id":"+134632+16365","properties":{"cls":1,"count":1}},{"type":"Feature","geometry":{"geodesic":false,"type":"Polygon","coordinates":[[[120.94198333157942,14.707217831604806],[120.94288164686354,14.707217831604806],[120.94288164686354,14.708116146888926],[120.94198333157942,14.708116146888926],[120.94198333157942,14.707217831604806]]]},"id":"+134632+16372","properties":{"cls":1,"count":1}},{"type":"Feature","geometry":{"geodesic":false,"type":"Polygon","coordinates":[[[120.94198333157942,14.715302669161883],[120.94288164686354,14.715302669161883],[120.94288164686354,14.716200984446003],[120.94198333157942,14.716200984446003],[120.94198333157942,14.715302669161883]]]},"id":"+134632+16381","properties":{"cls":1,"count":1}},{"type":"Feature","geometry":{"geodesic":false,"type":"Polygon","coordinates":[[[120.94198333157942,14.729675713707795],[120.94288164686354,14.729675713707795],[120.94288164686354,14.730574028991914],[120.94198333157942,14.730574028991914],[120.94198333157942,14.729675713707795]]]},"id":"+134632+16397","properties":{"cls":1,"count":1}},{"type":"Feature","geometry":{"geodesic":false,"type":"Polygon","coordinates":[[[120.9410850162953,14.751235280526663],[120.9410850162953,14.750336965242544],[120.94018670101119,14.750336965242544],[120.94018670101119,14.748540334674304],[120.94467827743178,14.747642019390184],[120.94467827743178,14.748540334674304],[120.94288164686354,14.748540334674304],[120.94288164686354,14.751235280526663],[120.9410850162953,14.751235280526663]]]},"id":"+134632+16420","properties":{"cls":1,"count":11}},{"type":"Feature","geometry":{"geodesic":false,"type":"Polygon","coordinates":[[[120.94288164686354,14.4583844979037],[120.94198333157942,14.45658786733546],[120.9410850162953,14.45658786733546],[120.9410850162953,14.45748618261958],[120.93928838572707,14.45748618261958],[120.93928838572707,14.453892921483101],[120.9410850162953,14.453892921483101],[120.94018670101119,14.455689552051341],[120.94198333157942,14.455689552051341],[120.94198333157942,14.453892921483101],[120.94288164686354,14.453892921483101],[120.94288164686354,14.452994606198981],[120.94467827743178,14.453892921483101],[120.94467827743178,14.45658786733546],[120.94377996214766,14.45658786733546],[120.94377996214766,14.4583844979037],[120.94288164686354,14.4583844979037]]]},"id":"+134633+16094","properties":{"cls":1,"count":21}},{"type":"Feature","geometry":{"geodesic":false,"type":"Polygon","coordinates":[[[120.94198333157942,14.631759347738766],[120.94377996214766,14.631759347738766],[120.94377996214766,14.632657663022886],[120.94198333157942,14.632657663022886],[120.94198333157942,14.631759347738766]]]},"id":"+134633+16288","properties":{"cls":1,"count":2}},{"type":"Feature","geometry":{"geodesic":false,"type":"Polygon","coordinates":[[[120.94288164686354,14.657810490978234],[120.94377996214766,14.657810490978234],[120.94377996214766,14.659607121546472],[120.94288164686354,14.659607121546472],[120.94288164686354,14.657810490978234]]]},"id":"+134633+16318","properties":{"cls":1,"count":2}},{"type":"Feature","geometry":{"geodesic":false,"type":"Polygon","coordinates":[[[120.94288164686354,14.671285220240026],[120.94377996214766,14.671285220240026],[120.94377996214766,14.672183535524145],[120.94288164686354,14.672183535524145],[120.94288164686354,14.671285220240026]]]},"id":"+134633+16332","properties":{"cls":1,"count":1}},{"type":"Feature","geometry":{"geodesic":false,"type":"Polygon","coordinates":[[[120.94288164686354,14.681166688365341],[120.94377996214766,14.681166688365341],[120.94377996214766,14.68206500364946],[120.94288164686354,14.68206500364946],[120.94288164686354,14.681166688365341]]]},"id":"+134633+16343","properties":{"cls":1,"count":1}},{"type":"Feature","geometry":{"geodesic":false,"type":"Polygon","coordinates":[[[120.94198333157942,14.689251525922415],[120.94377996214766,14.689251525922415],[120.94377996214766,14.690149841206535],[120.94198333157942,14.690149841206535],[120.94198333157942,14.689251525922415]]]},"id":"+134633+16352","properties":{"cls":1,"count":2}},{"type":"Feature","geometry":{"geodesic":false,"type":"Polygon","coordinates":[[[120.94288164686354,14.699132994047732],[120.94377996214766,14.699132994047732],[120.94377996214766,14.70003130933185],[120.94288164686354,14.70003130933185],[120.94288164686354,14.699132994047732]]]},"id":"+134633+16363","properties":{"cls":1,"count":1}},{"type":"Feature","geometry":{"geodesic":false,"type":"Polygon","coordinates":[[[120.94288164686354,14.708116146888926],[120.94377996214766,14.708116146888926],[120.94377996214766,14.709014462173046],[120.94288164686354,14.709014462173046],[120.94288164686354,14.708116146888926]]]},"id":"+134633+16373","properties":{"cls":1,"count":1}},{"type":"Feature","geometry":{"geodesic":false,"type":"Polygon","coordinates":[[[120.94288164686354,14.715302669161883],[120.94288164686354,14.714404353877763],[120.94018670101119,14.714404353877763],[120.94018670101119,14.712607723309524],[120.9410850162953,14.712607723309524],[120.9410850162953,14.713506038593643],[120.94377996214766,14.713506038593643],[120.94377996214766,14.715302669161883],[120.94288164686354,14.715302669161883]]]},"id":"+134633+16380","properties":{"cls":1,"count":6}},{"type":"Feature","geometry":{"geodesic":false,"type":"Polygon","coordinates":[[[120.94288164686354,14.716200984446003],[120.94377996214766,14.716200984446003],[120.94377996214766,14.71709929973012],[120.94288164686354,14.71709929973012],[120.94288164686354,14.716200984446003]]]},"id":"+134633+16382","properties":{"cls":1,"count":1}},{"type":"Feature","geometry":{"geodesic":false,"type":"Polygon","coordinates":[[[120.9410850162953,14.731472344276034],[120.94377996214766,14.731472344276034],[120.94377996214766,14.732370659560154],[120.9410850162953,14.732370659560154],[120.9410850162953,14.731472344276034]]]},"id":"+134633+16399","properties":{"cls":1,"count":3}},{"type":"Feature","geometry":{"geodesic":false,"type":"Polygon","coordinates":[[[120.94288164686354,14.744048758253706],[120.94198333157942,14.742252127685468],[120.94377996214766,14.741353812401348],[120.94467827743178,14.743150442969588],[120.94288164686354,14.744048758253706]]]},"id":"+134633+16412","properties":{"cls":1,"count":5}},{"type":"Feature","geometry":{"geodesic":false,"type":"Polygon","coordinates":[[[120.94377996214766,14.461977759040177],[120.94467827743178,14.461977759040177],[120.94467827743178,14.462876074324297],[120.94377996214766,14.462876074324297],[120.94377996214766,14.461977759040177]]]},"id":"+134634+16099","properties":{"cls":1,"count":1}},{"type":"Feature","geometry":{"geodesic":false,"type":"Polygon","coordinates":[[[120.94288164686354,14.598521682226345],[120.94288164686354,14.595826736373986],[120.94377996214766,14.595826736373986],[120.94377996214766,14.594928421089866],[120.9455765927159,14.594928421089866],[120.9455765927159,14.595826736373986],[120.94467827743178,14.595826736373986],[120.94467827743178,14.598521682226345],[120.94288164686354,14.598521682226345]]]},"id":"+134634+16250","properties":{"cls":1,"count":8}},{"type":"Feature","geometry":{"geodesic":false,"type":"Polygon","coordinates":[[[120.94377996214766,14.679370057797101],[120.94467827743178,14.679370057797101],[120.94467827743178,14.681166688365341],[120.94377996214766,14.681166688365341],[120.94377996214766,14.679370057797101]]]},"id":"+134634+16342","properties":{"cls":1,"count":2}},{"type":"Feature","geometry":{"geodesic":false,"type":"Polygon","coordinates":[[[120.94377996214766,14.715302669161883],[120.94467827743178,14.715302669161883],[120.94467827743178,14.716200984446003],[120.94377996214766,14.716200984446003],[120.94377996214766,14.715302669161883]]]},"id":"+134634+16381","properties":{"cls":1,"count":1}},{"type":"Feature","geometry":{"geodesic":false,"type":"Polygon","coordinates":[[[120.94377996214766,14.71889593029836],[120.94467827743178,14.71889593029836],[120.94467827743178,14.720692560866599],[120.94377996214766,14.720692560866599],[120.94377996214766,14.71889593029836]]]},"id":"+134634+16386","properties":{"cls":1,"count":2}},{"type":"Feature","geometry":{"geodesic":false,"type":"Polygon","coordinates":[[[120.94377996214766,14.730574028991914],[120.94288164686354,14.728777398423675],[120.94377996214766,14.728777398423675],[120.94377996214766,14.726980767855435],[120.94467827743178,14.726980767855435],[120.94467827743178,14.730574028991914],[120.94377996214766,14.730574028991914]]]},"id":"+134634+16397","properties":{"cls":1,"count":5}},{"type":"Feature","geometry":{"geodesic":false,"type":"Polygon","coordinates":[[[120.94377996214766,14.734167290128392],[120.94467827743178,14.734167290128392],[120.94467827743178,14.735065605412512],[120.94377996214766,14.735065605412512],[120.94377996214766,14.734167290128392]]]},"id":"+134634+16402","properties":{"cls":1,"count":1}},{"type":"Feature","geometry":{"geodesic":false,"type":"Polygon","coordinates":[[[120.94377996214766,14.750336965242544],[120.94467827743178,14.750336965242544],[120.94467827743178,14.751235280526663],[120.94377996214766,14.751235280526663],[120.94377996214766,14.750336965242544]]]},"id":"+134634+16420","properties":{"cls":1,"count":1}},{"type":"Feature","geometry":{"geodesic":false,"type":"Polygon","coordinates":[[[120.94198333157942,14.75662517223138],[120.94198333157942,14.75572685694726],[120.94018670101119,14.75572685694726],[120.94018670101119,14.75662517223138],[120.93928838572707,14.75662517223138],[120.93928838572707,14.75482854166314],[120.93839007044295,14.75482854166314],[120.93839007044295,14.75393022637902],[120.93569512459058,14.75393022637902],[120.93569512459058,14.752133595810783],[120.93749175515883,14.752133595810783],[120.93749175515883,14.751235280526663],[120.93839007044295,14.751235280526663],[120.93839007044295,14.753031911094903],[120.93928838572707,14.753031911094903],[120.93928838572707,14.75393022637902],[120.94198333157942,14.75393022637902],[120.94198333157942,14.753031911094903],[120.94288164686354,14.753031911094903],[120.94288164686354,14.75393022637902],[120.94377996214766,14.75393022637902],[120.94288164686354,14.752133595810783],[120.94467827743178,14.752133595810783],[120.94467827743178,14.751235280526663],[120.94647490800003,14.751235280526663],[120.94647490800003,14.750336965242544],[120.94737322328415,14.750336965242544],[120.94737322328415,14.752133595810783],[120.9455765927159,14.752133595810783],[120.9455765927159,14.753031911094903],[120.94467827743178,14.753031911094903],[120.94467827743178,14.75393022637902],[120.94647490800003,14.75393022637902],[120.94647490800003,14.75482854166314],[120.9455765927159,14.75482854166314],[120.94467827743178,14.75662517223138],[120.94198333157942,14.75662517223138]]]},"id":"+134634+16426","properties":{"cls":1,"count":37}},{"type":"Feature","geometry":{"geodesic":false,"type":"Polygon","coordinates":[[[120.94467827743178,14.461079443756057],[120.9455765927159,14.461079443756057],[120.9455765927159,14.461977759040177],[120.94467827743178,14.461977759040177],[120.94467827743178,14.461079443756057]]]},"id":"+134635+16098","properties":{"cls":1,"count":1}},{"type":"Feature","geometry":{"geodesic":false,"type":"Polygon","coordinates":[[[120.94467827743178,14.655115545125874],[120.9455765927159,14.655115545125874],[120.9455765927159,14.656013860409994],[120.94467827743178,14.656013860409994],[120.94467827743178,14.655115545125874]]]},"id":"+134635+16314","properties":{"cls":1,"count":1}},{"type":"Feature","geometry":{"geodesic":false,"type":"Polygon","coordinates":[[[120.94467827743178,14.678471742512983],[120.9455765927159,14.678471742512983],[120.9455765927159,14.679370057797101],[120.94467827743178,14.679370057797101],[120.94467827743178,14.678471742512983]]]},"id":"+134635+16340","properties":{"cls":1,"count":1}},{"type":"Feature","geometry":{"geodesic":false,"type":"Polygon","coordinates":[[[120.94467827743178,14.682963318933579],[120.9455765927159,14.682963318933579],[120.9455765927159,14.683861634217699],[120.94467827743178,14.683861634217699],[120.94467827743178,14.682963318933579]]]},"id":"+134635+16345","properties":{"cls":1,"count":1}},{"type":"Feature","geometry":{"geodesic":false,"type":"Polygon","coordinates":[[[120.94467827743178,14.689251525922415],[120.94377996214766,14.687454895354177],[120.9455765927159,14.686556580070057],[120.9455765927159,14.689251525922415],[120.94467827743178,14.689251525922415]]]},"id":"+134635+16351","properties":{"cls":1,"count":4}},{"type":"Feature","geometry":{"geodesic":false,"type":"Polygon","coordinates":[[[120.94467827743178,14.698234678763612],[120.9455765927159,14.698234678763612],[120.9455765927159,14.699132994047732],[120.94467827743178,14.699132994047732],[120.94467827743178,14.698234678763612]]]},"id":"+134635+16362","properties":{"cls":1,"count":1}},{"type":"Feature","geometry":{"geodesic":false,"type":"Polygon","coordinates":[[[120.94467827743178,14.712607723309524],[120.9455765927159,14.712607723309524],[120.9455765927159,14.713506038593643],[120.94467827743178,14.713506038593643],[120.94467827743178,14.712607723309524]]]},"id":"+134635+16378","properties":{"cls":1,"count":1}},{"type":"Feature","geometry":{"geodesic":false,"type":"Polygon","coordinates":[[[120.94467827743178,14.724285822003077],[120.9455765927159,14.724285822003077],[120.9455765927159,14.726082452571317],[120.94467827743178,14.726082452571317],[120.94467827743178,14.724285822003077]]]},"id":"+134635+16392","properties":{"cls":1,"count":2}},{"type":"Feature","geometry":{"geodesic":false,"type":"Polygon","coordinates":[[[120.94377996214766,14.745845388821946],[120.9455765927159,14.745845388821946],[120.9455765927159,14.746743704106066],[120.94377996214766,14.746743704106066],[120.94377996214766,14.745845388821946]]]},"id":"+134635+16415","properties":{"cls":1,"count":2}},{"type":"Feature","geometry":{"geodesic":false,"type":"Polygon","coordinates":[[[120.9455765927159,14.654217229841755],[120.94647490800003,14.654217229841755],[120.94647490800003,14.655115545125874],[120.9455765927159,14.655115545125874],[120.9455765927159,14.654217229841755]]]},"id":"+134636+16313","properties":{"cls":1,"count":1}},{"type":"Feature","geometry":{"geodesic":false,"type":"Polygon","coordinates":[[[120.9455765927159,14.665895328535308],[120.9455765927159,14.664997013251188],[120.94467827743178,14.664997013251188],[120.94467827743178,14.66320038268295],[120.94737322328415,14.66320038268295],[120.94737322328415,14.664997013251188],[120.9455765927159,14.665895328535308]]]},"id":"+134636+16325","properties":{"cls":1,"count":7}},{"type":"Feature","geometry":{"geodesic":false,"type":"Polygon","coordinates":[[[120.9455765927159,14.667691959103548],[120.94647490800003,14.667691959103548],[120.94647490800003,14.668590274387666],[120.9455765927159,14.668590274387666],[120.9455765927159,14.667691959103548]]]},"id":"+134636+16328","properties":{"cls":1,"count":1}},{"type":"Feature","geometry":{"geodesic":false,"type":"Polygon","coordinates":[[[120.9455765927159,14.680268373081221],[120.94647490800003,14.680268373081221],[120.94647490800003,14.681166688365341],[120.9455765927159,14.681166688365341],[120.9455765927159,14.680268373081221]]]},"id":"+134636+16342","properties":{"cls":1,"count":1}},{"type":"Feature","geometry":{"geodesic":false,"type":"Polygon","coordinates":[[[120.9455765927159,14.685658264785937],[120.94647490800003,14.685658264785937],[120.94647490800003,14.686556580070057],[120.9455765927159,14.686556580070057],[120.9455765927159,14.685658264785937]]]},"id":"+134636+16348","properties":{"cls":1,"count":1}},{"type":"Feature","geometry":{"geodesic":false,"type":"Polygon","coordinates":[[[120.9455765927159,14.696438048195372],[120.94647490800003,14.696438048195372],[120.94647490800003,14.697336363479492],[120.9455765927159,14.697336363479492],[120.9455765927159,14.696438048195372]]]},"id":"+134636+16360","properties":{"cls":1,"count":1}},{"type":"Feature","geometry":{"geodesic":false,"type":"Polygon","coordinates":[[[120.9455765927159,14.716200984446003],[120.94647490800003,14.716200984446003],[120.94647490800003,14.71709929973012],[120.9455765927159,14.71709929973012],[120.9455765927159,14.716200984446003]]]},"id":"+134636+16382","properties":{"cls":1,"count":1}},{"type":"Feature","geometry":{"geodesic":false,"type":"Polygon","coordinates":[[[120.94467827743178,14.740455497117228],[120.94467827743178,14.73955718183311],[120.94288164686354,14.740455497117228],[120.94288164686354,14.73865886654899],[120.94198333157942,14.73865886654899],[120.94198333157942,14.73776055126487],[120.94377996214766,14.73776055126487],[120.94377996214766,14.73865886654899],[120.9455765927159,14.73865886654899],[120.9455765927159,14.73955718183311],[120.94647490800003,14.73955718183311],[120.94647490800003,14.740455497117228],[120.94467827743178,14.740455497117228]]]},"id":"+134636+16408","properties":{"cls":1,"count":8}},{"type":"Feature","geometry":{"geodesic":false,"type":"Polygon","coordinates":[[[120.9455765927159,14.743150442969588],[120.94467827743178,14.741353812401348],[120.94647490800003,14.741353812401348],[120.94647490800003,14.743150442969588],[120.9455765927159,14.743150442969588]]]},"id":"+134636+16411","properties":{"cls":1,"count":3}},{"type":"Feature","geometry":{"geodesic":false,"type":"Polygon","coordinates":[[[120.9455765927159,14.744947073537826],[120.94647490800003,14.744947073537826],[120.94647490800003,14.745845388821946],[120.9455765927159,14.745845388821946],[120.9455765927159,14.744947073537826]]]},"id":"+134636+16414","properties":{"cls":1,"count":1}},{"type":"Feature","geometry":{"geodesic":false,"type":"Polygon","coordinates":[[[120.94467827743178,14.750336965242544],[120.94467827743178,14.749438649958424],[120.9455765927159,14.749438649958424],[120.9455765927159,14.746743704106066],[120.94647490800003,14.746743704106066],[120.94647490800003,14.748540334674304],[120.94737322328415,14.748540334674304],[120.94737322328415,14.749438649958424],[120.94647490800003,14.749438649958424],[120.94647490800003,14.750336965242544],[120.94467827743178,14.750336965242544]]]},"id":"+134636+16419","properties":{"cls":1,"count":6}},{"type":"Feature","geometry":{"geodesic":false,"type":"Polygon","coordinates":[[[120.9455765927159,14.454791236767221],[120.9455765927159,14.452994606198981],[120.94827153856826,14.452994606198981],[120.94737322328415,14.454791236767221],[120.9455765927159,14.454791236767221]]]},"id":"+134637+16090","properties":{"cls":1,"count":5}},{"type":"Feature","geometry":{"geodesic":false,"type":"Polygon","coordinates":[[[120.94647490800003,14.455689552051341],[120.94737322328415,14.455689552051341],[120.94737322328415,14.45658786733546],[120.94647490800003,14.45658786733546],[120.94647490800003,14.455689552051341]]]},"id":"+134637+16092","properties":{"cls":1,"count":1}},{"type":"Feature","geometry":{"geodesic":false,"type":"Polygon","coordinates":[[[120.94647490800003,14.631759347738766],[120.94737322328415,14.631759347738766],[120.94737322328415,14.632657663022886],[120.94647490800003,14.632657663022886],[120.94647490800003,14.631759347738766]]]},"id":"+134637+16288","properties":{"cls":1,"count":1}},{"type":"Feature","geometry":{"geodesic":false,"type":"Polygon","coordinates":[[[120.94647490800003,14.674878481376505],[120.94737322328415,14.674878481376505],[120.94737322328415,14.675776796660623],[120.94647490800003,14.675776796660623],[120.94647490800003,14.674878481376505]]]},"id":"+134637+16336","properties":{"cls":1,"count":1}},{"type":"Feature","geometry":{"geodesic":false,"type":"Polygon","coordinates":[[[120.94647490800003,14.678471742512983],[120.94737322328415,14.678471742512983],[120.94737322328415,14.680268373081221],[120.94647490800003,14.680268373081221],[120.94647490800003,14.678471742512983]]]},"id":"+134637+16341","properties":{"cls":1,"count":2}},{"type":"Feature","geometry":{"geodesic":false,"type":"Polygon","coordinates":[[[120.94647490800003,14.685658264785937],[120.94647490800003,14.682963318933579],[120.9455765927159,14.682963318933579],[120.9455765927159,14.68206500364946],[120.94737322328415,14.68206500364946],[120.94737322328415,14.685658264785937],[120.94647490800003,14.685658264785937]]]},"id":"+134637+16347","properties":{"cls":1,"count":5}},{"type":"Feature","geometry":{"geodesic":false,"type":"Polygon","coordinates":[[[120.94647490800003,14.713506038593643],[120.94737322328415,14.713506038593643],[120.94737322328415,14.714404353877763],[120.94647490800003,14.714404353877763],[120.94647490800003,14.713506038593643]]]},"id":"+134637+16379","properties":{"cls":1,"count":1}},{"type":"Feature","geometry":{"geodesic":false,"type":"Polygon","coordinates":[[[120.94647490800003,14.71709929973012],[120.94737322328415,14.71709929973012],[120.94737322328415,14.71799761501424],[120.94647490800003,14.71799761501424],[120.94647490800003,14.71709929973012]]]},"id":"+134637+16383","properties":{"cls":1,"count":1}},{"type":"Feature","geometry":{"geodesic":false,"type":"Polygon","coordinates":[[[120.94647490800003,14.73686223598075],[120.94737322328415,14.73686223598075],[120.94737322328415,14.73776055126487],[120.94647490800003,14.73776055126487],[120.94647490800003,14.73686223598075]]]},"id":"+134637+16405","properties":{"cls":1,"count":1}},{"type":"Feature","geometry":{"geodesic":false,"type":"Polygon","coordinates":[[[120.94647490800003,14.811422404562672],[120.94737322328415,14.811422404562672],[120.94737322328415,14.81411735041503],[120.94647490800003,14.81411735041503],[120.94647490800003,14.811422404562672]]]},"id":"+134637+16490","properties":{"cls":1,"count":3}},{"type":"Feature","geometry":{"geodesic":false,"type":"Polygon","coordinates":[[[120.94737322328415,14.454791236767221],[120.94827153856826,14.454791236767221],[120.94827153856826,14.455689552051341],[120.94737322328415,14.455689552051341],[120.94737322328415,14.454791236767221]]]},"id":"+134638+16091","properties":{"cls":1,"count":1}},{"type":"Feature","geometry":{"geodesic":false,"type":"Polygon","coordinates":[[[120.94737322328415,14.461977759040177],[120.94827153856826,14.461977759040177],[120.94827153856826,14.462876074324297],[120.94737322328415,14.462876074324297],[120.94737322328415,14.461977759040177]]]},"id":"+134638+16099","properties":{"cls":1,"count":1}},{"type":"Feature","geometry":{"geodesic":false,"type":"Polygon","coordinates":[[[120.94737322328415,14.598521682226345],[120.94737322328415,14.596725051658105],[120.94916985385238,14.596725051658105],[120.94916985385238,14.597623366942225],[120.94737322328415,14.598521682226345]]]},"id":"+134638+16250","properties":{"cls":1,"count":3}},{"type":"Feature","geometry":{"geodesic":false,"type":"Polygon","coordinates":[[[120.94737322328415,14.644335761716441],[120.94827153856826,14.644335761716441],[120.94827153856826,14.64613239228468],[120.94737322328415,14.64613239228468],[120.94737322328415,14.644335761716441]]]},"id":"+134638+16303","properties":{"cls":1,"count":2}},{"type":"Feature","geometry":{"geodesic":false,"type":"Polygon","coordinates":[[[120.94737322328415,14.660505436830592],[120.94827153856826,14.660505436830592],[120.94827153856826,14.661403752114712],[120.94737322328415,14.661403752114712],[120.94737322328415,14.660505436830592]]]},"id":"+134638+16320","properties":{"cls":1,"count":1}},{"type":"Feature","geometry":{"geodesic":false,"type":"Polygon","coordinates":[[[120.94737322328415,14.66230206739883],[120.94827153856826,14.66230206739883],[120.94827153856826,14.66320038268295],[120.94737322328415,14.66320038268295],[120.94737322328415,14.66230206739883]]]},"id":"+134638+16322","properties":{"cls":1,"count":1}},{"type":"Feature","geometry":{"geodesic":false,"type":"Polygon","coordinates":[[[120.94737322328415,14.716200984446003],[120.94827153856826,14.716200984446003],[120.94827153856826,14.71709929973012],[120.94737322328415,14.71709929973012],[120.94737322328415,14.716200984446003]]]},"id":"+134638+16382","properties":{"cls":1,"count":1}},{"type":"Feature","geometry":{"geodesic":false,"type":"Polygon","coordinates":[[[120.94737322328415,14.729675713707795],[120.94827153856826,14.729675713707795],[120.94827153856826,14.730574028991914],[120.94737322328415,14.730574028991914],[120.94737322328415,14.729675713707795]]]},"id":"+134638+16397","properties":{"cls":1,"count":1}},{"type":"Feature","geometry":{"geodesic":false,"type":"Polygon","coordinates":[[[120.94647490800003,14.733268974844274],[120.94827153856826,14.733268974844274],[120.94827153856826,14.734167290128392],[120.94647490800003,14.734167290128392],[120.94647490800003,14.733268974844274]]]},"id":"+134638+16401","properties":{"cls":1,"count":2}},{"type":"Feature","geometry":{"geodesic":false,"type":"Polygon","coordinates":[[[120.94737322328415,14.735065605412512],[120.94827153856826,14.735065605412512],[120.94827153856826,14.735963920696632],[120.94737322328415,14.735963920696632],[120.94737322328415,14.735065605412512]]]},"id":"+134638+16403","properties":{"cls":1,"count":1}},{"type":"Feature","geometry":{"geodesic":false,"type":"Polygon","coordinates":[[[120.94737322328415,14.740455497117228],[120.94737322328415,14.73865886654899],[120.94916985385238,14.73865886654899],[120.94916985385238,14.73776055126487],[120.9500681691365,14.73776055126487],[120.9500681691365,14.735963920696632],[120.95186479970474,14.735963920696632],[120.95186479970474,14.73686223598075],[120.95096648442062,14.73686223598075],[120.95186479970474,14.73865886654899],[120.9500681691365,14.73865886654899],[120.9500681691365,14.73955718183311],[120.94827153856826,14.73955718183311],[120.94827153856826,14.740455497117228],[120.94737322328415,14.740455497117228]]]},"id":"+134638+16408","properties":{"cls":1,"count":10}},{"type":"Feature","geometry":{"geodesic":false,"type":"Polygon","coordinates":[[[120.94737322328415,14.742252127685468],[120.94827153856826,14.742252127685468],[120.94827153856826,14.743150442969588],[120.94737322328415,14.743150442969588],[120.94737322328415,14.742252127685468]]]},"id":"+134638+16411","properties":{"cls":1,"count":1}},{"type":"Feature","geometry":{"geodesic":false,"type":"Polygon","coordinates":[[[120.94737322328415,14.744947073537826],[120.94827153856826,14.744947073537826],[120.94827153856826,14.745845388821946],[120.94737322328415,14.745845388821946],[120.94737322328415,14.744947073537826]]]},"id":"+134638+16414","properties":{"cls":1,"count":1}},{"type":"Feature","geometry":{"geodesic":false,"type":"Polygon","coordinates":[[[120.94737322328415,14.749438649958424],[120.94827153856826,14.749438649958424],[120.94827153856826,14.750336965242544],[120.94737322328415,14.750336965242544],[120.94737322328415,14.749438649958424]]]},"id":"+134638+16419","properties":{"cls":1,"count":1}},{"type":"Feature","geometry":{"geodesic":false,"type":"Polygon","coordinates":[[[120.94827153856826,14.631759347738766],[120.94916985385238,14.631759347738766],[120.94916985385238,14.632657663022886],[120.94827153856826,14.632657663022886],[120.94827153856826,14.631759347738766]]]},"id":"+134639+16288","properties":{"cls":1,"count":1}},{"type":"Feature","geometry":{"geodesic":false,"type":"Polygon","coordinates":[[[120.94647490800003,14.633555978307006],[120.94916985385238,14.633555978307006],[120.94916985385238,14.634454293591125],[120.94647490800003,14.634454293591125],[120.94647490800003,14.633555978307006]]]},"id":"+134639+16290","properties":{"cls":1,"count":3}},{"type":"Feature","geometry":{"geodesic":false,"type":"Polygon","coordinates":[[[120.94827153856826,14.658708806262352],[120.94916985385238,14.658708806262352],[120.94916985385238,14.659607121546472],[120.94827153856826,14.659607121546472],[120.94827153856826,14.658708806262352]]]},"id":"+134639+16318","properties":{"cls":1,"count":1}},{"type":"Feature","geometry":{"geodesic":false,"type":"Polygon","coordinates":[[[120.94737322328415,14.673081850808265],[120.94916985385238,14.673081850808265],[120.94916985385238,14.673980166092385],[120.94737322328415,14.673980166092385],[120.94737322328415,14.673081850808265]]]},"id":"+134639+16334","properties":{"cls":1,"count":2}},{"type":"Feature","geometry":{"geodesic":false,"type":"Polygon","coordinates":[[[120.94827153856826,14.680268373081221],[120.94916985385238,14.680268373081221],[120.94916985385238,14.681166688365341],[120.94827153856826,14.681166688365341],[120.94827153856826,14.680268373081221]]]},"id":"+134639+16342","properties":{"cls":1,"count":1}},{"type":"Feature","geometry":{"geodesic":false,"type":"Polygon","coordinates":[[[120.94827153856826,14.723387506718957],[120.94737322328415,14.721590876150719],[120.94916985385238,14.720692560866599],[120.94916985385238,14.723387506718957],[120.94827153856826,14.723387506718957]]]},"id":"+134639+16389","properties":{"cls":1,"count":4}},{"type":"Feature","geometry":{"geodesic":false,"type":"Polygon","coordinates":[[[120.94827153856826,14.740455497117228],[120.94916985385238,14.740455497117228],[120.94916985385238,14.741353812401348],[120.94827153856826,14.741353812401348],[120.94827153856826,14.740455497117228]]]},"id":"+134639+16409","properties":{"cls":1,"count":1}},{"type":"Feature","geometry":{"geodesic":false,"type":"Polygon","coordinates":[[[120.94827153856826,14.749438649958424],[120.94827153856826,14.748540334674304],[120.94737322328415,14.748540334674304],[120.94737322328415,14.746743704106066],[120.94916985385238,14.747642019390184],[120.94916985385238,14.749438649958424],[120.94827153856826,14.749438649958424]]]},"id":"+134639+16418","properties":{"cls":1,"count":4}},{"type":"Feature","geometry":{"geodesic":false,"type":"Polygon","coordinates":[[[120.94827153856826,14.817710611551508],[120.94916985385238,14.817710611551508],[120.94916985385238,14.818608926835628],[120.94827153856826,14.818608926835628],[120.94827153856826,14.817710611551508]]]},"id":"+134639+16495","properties":{"cls":1,"count":1}},{"type":"Feature","geometry":{"geodesic":false,"type":"Polygon","coordinates":[[[120.94467827743178,14.4583844979037],[120.94467827743178,14.45658786733546],[120.94827153856826,14.45748618261958],[120.94827153856826,14.455689552051341],[120.9500681691365,14.455689552051341],[120.9500681691365,14.45658786733546],[120.94916985385238,14.45658786733546],[120.9500681691365,14.4583844979037],[120.94467827743178,14.4583844979037]]]},"id":"+134640+16094","properties":{"cls":1,"count":11}},{"type":"Feature","geometry":{"geodesic":false,"type":"Polygon","coordinates":[[[120.94916985385238,14.462876074324297],[120.94916985385238,14.461079443756057],[120.95186479970474,14.461079443756057],[120.95186479970474,14.461977759040177],[120.9500681691365,14.461977759040177],[120.9500681691365,14.462876074324297],[120.94916985385238,14.462876074324297]]]},"id":"+134640+16099","properties":{"cls":1,"count":4}},{"type":"Feature","geometry":{"geodesic":false,"type":"Polygon","coordinates":[[[120.94916985385238,14.60840315035166],[120.94916985385238,14.606606519783421],[120.95096648442062,14.606606519783421],[120.95096648442062,14.60750483506754],[120.94916985385238,14.60840315035166]]]},"id":"+134640+16261","properties":{"cls":1,"count":3}},{"type":"Feature","geometry":{"geodesic":false,"type":"Polygon","coordinates":[[[120.94916985385238,14.650623968705277],[120.9500681691365,14.650623968705277],[120.9500681691365,14.651522283989395],[120.94916985385238,14.651522283989395],[120.94916985385238,14.650623968705277]]]},"id":"+134640+16309","properties":{"cls":1,"count":1}},{"type":"Feature","geometry":{"geodesic":false,"type":"Polygon","coordinates":[[[120.94916985385238,14.689251525922415],[120.9500681691365,14.689251525922415],[120.9500681691365,14.690149841206535],[120.94916985385238,14.690149841206535],[120.94916985385238,14.689251525922415]]]},"id":"+134640+16352","properties":{"cls":1,"count":1}},{"type":"Feature","geometry":{"geodesic":false,"type":"Polygon","coordinates":[[[120.94827153856826,14.71889593029836],[120.9500681691365,14.71889593029836],[120.9500681691365,14.719794245582479],[120.94827153856826,14.719794245582479],[120.94827153856826,14.71889593029836]]]},"id":"+134640+16385","properties":{"cls":1,"count":2}},{"type":"Feature","geometry":{"geodesic":false,"type":"Polygon","coordinates":[[[120.94916985385238,14.733268974844274],[120.9500681691365,14.733268974844274],[120.9500681691365,14.734167290128392],[120.94916985385238,14.734167290128392],[120.94916985385238,14.733268974844274]]]},"id":"+134640+16401","properties":{"cls":1,"count":1}},{"type":"Feature","geometry":{"geodesic":false,"type":"Polygon","coordinates":[[[120.94916985385238,14.743150442969588],[120.9500681691365,14.743150442969588],[120.9500681691365,14.744048758253706],[120.94916985385238,14.744048758253706],[120.94916985385238,14.743150442969588]]]},"id":"+134640+16412","properties":{"cls":1,"count":1}},{"type":"Feature","geometry":{"geodesic":false,"type":"Polygon","coordinates":[[[120.94916985385238,14.760218433367859],[120.9500681691365,14.760218433367859],[120.9500681691365,14.761116748651977],[120.94916985385238,14.761116748651977],[120.94916985385238,14.760218433367859]]]},"id":"+134640+16431","properties":{"cls":1,"count":1}},{"type":"Feature","geometry":{"geodesic":false,"type":"Polygon","coordinates":[[[120.94916985385238,14.597623366942225],[120.95096648442062,14.597623366942225],[120.95096648442062,14.598521682226345],[120.94916985385238,14.598521682226345],[120.94916985385238,14.597623366942225]]]},"id":"+134641+16250","properties":{"cls":1,"count":2}},{"type":"Feature","geometry":{"geodesic":false,"type":"Polygon","coordinates":[[[120.9500681691365,14.599419997510465],[120.95096648442062,14.599419997510465],[120.95096648442062,14.600318312794583],[120.9500681691365,14.600318312794583],[120.9500681691365,14.599419997510465]]]},"id":"+134641+16252","properties":{"cls":1,"count":1}},{"type":"Feature","geometry":{"geodesic":false,"type":"Polygon","coordinates":[[[120.9500681691365,14.604809889215181],[120.95096648442062,14.604809889215181],[120.95096648442062,14.605708204499301],[120.9500681691365,14.605708204499301],[120.9500681691365,14.604809889215181]]]},"id":"+134641+16258","properties":{"cls":1,"count":1}},{"type":"Feature","geometry":{"geodesic":false,"type":"Polygon","coordinates":[[[120.94377996214766,14.629962717170528],[120.95096648442062,14.629962717170528],[120.95096648442062,14.630861032454646],[120.94377996214766,14.630861032454646],[120.94377996214766,14.629962717170528]]]},"id":"+134641+16286","properties":{"cls":1,"count":8}},{"type":"Feature","geometry":{"geodesic":false,"type":"Polygon","coordinates":[[[120.9500681691365,14.661403752114712],[120.95096648442062,14.661403752114712],[120.95096648442062,14.66230206739883],[120.9500681691365,14.66230206739883],[120.9500681691365,14.661403752114712]]]},"id":"+134641+16321","properties":{"cls":1,"count":1}},{"type":"Feature","geometry":{"geodesic":false,"type":"Polygon","coordinates":[[[120.9500681691365,14.678471742512983],[120.95096648442062,14.678471742512983],[120.95096648442062,14.679370057797101],[120.9500681691365,14.679370057797101],[120.9500681691365,14.678471742512983]]]},"id":"+134641+16340","properties":{"cls":1,"count":1}},{"type":"Feature","geometry":{"geodesic":false,"type":"Polygon","coordinates":[[[120.9500681691365,14.683861634217699],[120.95096648442062,14.683861634217699],[120.95096648442062,14.685658264785937],[120.9500681691365,14.685658264785937],[120.9500681691365,14.683861634217699]]]},"id":"+134641+16347","properties":{"cls":1,"count":2}},{"type":"Feature","geometry":{"geodesic":false,"type":"Polygon","coordinates":[[[120.9500681691365,14.708116146888926],[120.9500681691365,14.706319516320686],[120.95186479970474,14.706319516320686],[120.95186479970474,14.707217831604806],[120.9500681691365,14.708116146888926]]]},"id":"+134641+16372","properties":{"cls":1,"count":3}},{"type":"Feature","geometry":{"geodesic":false,"type":"Polygon","coordinates":[[[120.9500681691365,14.732370659560154],[120.95096648442062,14.732370659560154],[120.95096648442062,14.733268974844274],[120.9500681691365,14.733268974844274],[120.9500681691365,14.732370659560154]]]},"id":"+134641+16400","properties":{"cls":1,"count":1}},{"type":"Feature","geometry":{"geodesic":false,"type":"Polygon","coordinates":[[[120.9500681691365,14.742252127685468],[120.95096648442062,14.742252127685468],[120.95096648442062,14.743150442969588],[120.9500681691365,14.743150442969588],[120.9500681691365,14.742252127685468]]]},"id":"+134641+16411","properties":{"cls":1,"count":1}},{"type":"Feature","geometry":{"geodesic":false,"type":"Polygon","coordinates":[[[120.95096648442062,14.422451886538918],[120.95186479970474,14.422451886538918],[120.95186479970474,14.423350201823038],[120.95096648442062,14.423350201823038],[120.95096648442062,14.422451886538918]]]},"id":"+134642+16055","properties":{"cls":1,"count":1}},{"type":"Feature","geometry":{"geodesic":false,"type":"Polygon","coordinates":[[[120.95096648442062,14.603911573931061],[120.95186479970474,14.603911573931061],[120.95186479970474,14.604809889215181],[120.95096648442062,14.604809889215181],[120.95096648442062,14.603911573931061]]]},"id":"+134642+16257","properties":{"cls":1,"count":1}},{"type":"Feature","geometry":{"geodesic":false,"type":"Polygon","coordinates":[[[120.9500681691365,14.641640815864081],[120.95186479970474,14.641640815864081],[120.95186479970474,14.642539131148201],[120.9500681691365,14.642539131148201],[120.9500681691365,14.641640815864081]]]},"id":"+134642+16299","properties":{"cls":1,"count":2}},{"type":"Feature","geometry":{"geodesic":false,"type":"Polygon","coordinates":[[[120.95096648442062,14.656013860409994],[120.95186479970474,14.656013860409994],[120.95186479970474,14.656912175694114],[120.95096648442062,14.656912175694114],[120.95096648442062,14.656013860409994]]]},"id":"+134642+16315","properties":{"cls":1,"count":1}},{"type":"Feature","geometry":{"geodesic":false,"type":"Polygon","coordinates":[[[120.94916985385238,14.659607121546472],[120.95186479970474,14.659607121546472],[120.95186479970474,14.660505436830592],[120.94916985385238,14.660505436830592],[120.94916985385238,14.659607121546472]]]},"id":"+134642+16319","properties":{"cls":1,"count":3}},{"type":"Feature","geometry":{"geodesic":false,"type":"Polygon","coordinates":[[[120.95096648442062,14.66230206739883],[120.95186479970474,14.66230206739883],[120.95186479970474,14.66320038268295],[120.95096648442062,14.66320038268295],[120.95096648442062,14.66230206739883]]]},"id":"+134642+16322","properties":{"cls":1,"count":1}},{"type":"Feature","geometry":{"geodesic":false,"type":"Polygon","coordinates":[[[120.95096648442062,14.668590274387666],[120.95096648442062,14.666793643819428],[120.95276311498885,14.666793643819428],[120.95276311498885,14.665895328535308],[120.95366143027297,14.665895328535308],[120.95366143027297,14.667691959103548],[120.95186479970474,14.667691959103548],[120.95186479970474,14.668590274387666],[120.95096648442062,14.668590274387666]]]},"id":"+134642+16328","properties":{"cls":1,"count":5}},{"type":"Feature","geometry":{"geodesic":false,"type":"Polygon","coordinates":[[[120.9500681691365,14.744048758253706],[120.95186479970474,14.744048758253706],[120.95186479970474,14.744947073537826],[120.9500681691365,14.744947073537826],[120.9500681691365,14.744048758253706]]]},"id":"+134642+16413","properties":{"cls":1,"count":2}},{"type":"Feature","geometry":{"geodesic":false,"type":"Polygon","coordinates":[[[120.95096648442062,14.753031911094903],[120.95186479970474,14.753031911094903],[120.95186479970474,14.75393022637902],[120.95096648442062,14.75393022637902],[120.95096648442062,14.753031911094903]]]},"id":"+134642+16423","properties":{"cls":1,"count":1}},{"type":"Feature","geometry":{"geodesic":false,"type":"Polygon","coordinates":[[[120.95186479970474,14.452994606198981],[120.95276311498885,14.452994606198981],[120.95276311498885,14.454791236767221],[120.95186479970474,14.454791236767221],[120.95186479970474,14.452994606198981]]]},"id":"+134643+16090","properties":{"cls":1,"count":2}},{"type":"Feature","geometry":{"geodesic":false,"type":"Polygon","coordinates":[[[120.95186479970474,14.4583844979037],[120.95276311498885,14.4583844979037],[120.95276311498885,14.45928281318782],[120.95186479970474,14.45928281318782],[120.95186479970474,14.4583844979037]]]},"id":"+134643+16095","properties":{"cls":1,"count":1}},{"type":"Feature","geometry":{"geodesic":false,"type":"Polygon","coordinates":[[[120.95186479970474,14.461977759040177],[120.95276311498885,14.461977759040177],[120.95276311498885,14.462876074324297],[120.95186479970474,14.462876074324297],[120.95186479970474,14.461977759040177]]]},"id":"+134643+16099","properties":{"cls":1,"count":1}},{"type":"Feature","geometry":{"geodesic":false,"type":"Polygon","coordinates":[[[120.95186479970474,14.603013258646943],[120.95276311498885,14.603013258646943],[120.95276311498885,14.603911573931061],[120.95186479970474,14.603911573931061],[120.95186479970474,14.603013258646943]]]},"id":"+134643+16256","properties":{"cls":1,"count":1}},{"type":"Feature","geometry":{"geodesic":false,"type":"Polygon","coordinates":[[[120.95186479970474,14.638945870011723],[120.95276311498885,14.638945870011723],[120.95276311498885,14.639844185295843],[120.95186479970474,14.639844185295843],[120.95186479970474,14.638945870011723]]]},"id":"+134643+16296","properties":{"cls":1,"count":1}},{"type":"Feature","geometry":{"geodesic":false,"type":"Polygon","coordinates":[[[120.95186479970474,14.656013860409994],[120.95186479970474,14.655115545125874],[120.95096648442062,14.655115545125874],[120.95186479970474,14.653318914557635],[120.95096648442062,14.653318914557635],[120.95096648442062,14.651522283989395],[120.95186479970474,14.651522283989395],[120.95186479970474,14.652420599273515],[120.95366143027297,14.652420599273515],[120.95366143027297,14.653318914557635],[120.95276311498885,14.653318914557635],[120.95276311498885,14.656013860409994],[120.95186479970474,14.656013860409994]]]},"id":"+134643+16314","properties":{"cls":1,"count":8}},{"type":"Feature","geometry":{"geodesic":false,"type":"Polygon","coordinates":[[[120.95186479970474,14.658708806262352],[120.95276311498885,14.658708806262352],[120.95276311498885,14.659607121546472],[120.95186479970474,14.659607121546472],[120.95186479970474,14.658708806262352]]]},"id":"+134643+16318","properties":{"cls":1,"count":1}},{"type":"Feature","geometry":{"geodesic":false,"type":"Polygon","coordinates":[[[120.95186479970474,14.66320038268295],[120.95276311498885,14.66320038268295],[120.95276311498885,14.66409869796707],[120.95186479970474,14.66409869796707],[120.95186479970474,14.66320038268295]]]},"id":"+134643+16323","properties":{"cls":1,"count":1}},{"type":"Feature","geometry":{"geodesic":false,"type":"Polygon","coordinates":[[[120.95186479970474,14.670386904955906],[120.95276311498885,14.670386904955906],[120.95276311498885,14.671285220240026],[120.95186479970474,14.671285220240026],[120.95186479970474,14.670386904955906]]]},"id":"+134643+16331","properties":{"cls":1,"count":1}},{"type":"Feature","geometry":{"geodesic":false,"type":"Polygon","coordinates":[[[120.95186479970474,14.675776796660623],[120.95276311498885,14.675776796660623],[120.95276311498885,14.676675111944743],[120.95186479970474,14.676675111944743],[120.95186479970474,14.675776796660623]]]},"id":"+134643+16337","properties":{"cls":1,"count":1}},{"type":"Feature","geometry":{"geodesic":false,"type":"Polygon","coordinates":[[[120.95186479970474,14.70092962461597],[120.95276311498885,14.70092962461597],[120.95276311498885,14.70182793990009],[120.95186479970474,14.70182793990009],[120.95186479970474,14.70092962461597]]]},"id":"+134643+16365","properties":{"cls":1,"count":1}},{"type":"Feature","geometry":{"geodesic":false,"type":"Polygon","coordinates":[[[120.95186479970474,14.71889593029836],[120.95276311498885,14.71889593029836],[120.95276311498885,14.719794245582479],[120.95186479970474,14.719794245582479],[120.95186479970474,14.71889593029836]]]},"id":"+134643+16385","properties":{"cls":1,"count":1}},{"type":"Feature","geometry":{"geodesic":false,"type":"Polygon","coordinates":[[[120.95186479970474,14.73865886654899],[120.95276311498885,14.73865886654899],[120.95276311498885,14.73955718183311],[120.95186479970474,14.73955718183311],[120.95186479970474,14.73865886654899]]]},"id":"+134643+16407","properties":{"cls":1,"count":1}},{"type":"Feature","geometry":{"geodesic":false,"type":"Polygon","coordinates":[[[120.95096648442062,14.748540334674304],[120.95096648442062,14.747642019390184],[120.9500681691365,14.747642019390184],[120.9500681691365,14.745845388821946],[120.95096648442062,14.745845388821946],[120.95096648442062,14.746743704106066],[120.95276311498885,14.746743704106066],[120.95276311498885,14.748540334674304],[120.95096648442062,14.748540334674304]]]},"id":"+134643+16417","properties":{"cls":1,"count":6}},{"type":"Feature","geometry":{"geodesic":false,"type":"Polygon","coordinates":[[[120.95186479970474,14.463774389608416],[120.95366143027297,14.463774389608416],[120.95366143027297,14.464672704892536],[120.95186479970474,14.464672704892536],[120.95186479970474,14.463774389608416]]]},"id":"+134644+16101","properties":{"cls":1,"count":2}},{"type":"Feature","geometry":{"geodesic":false,"type":"Polygon","coordinates":[[[120.95276311498885,14.650623968705277],[120.95366143027297,14.650623968705277],[120.95366143027297,14.651522283989395],[120.95276311498885,14.651522283989395],[120.95276311498885,14.650623968705277]]]},"id":"+134644+16309","properties":{"cls":1,"count":1}},{"type":"Feature","geometry":{"geodesic":false,"type":"Polygon","coordinates":[[[120.95276311498885,14.686556580070057],[120.95276311498885,14.683861634217699],[120.95186479970474,14.683861634217699],[120.95186479970474,14.682963318933579],[120.95455974555709,14.681166688365341],[120.95455974555709,14.682963318933579],[120.95366143027297,14.682963318933579],[120.95366143027297,14.686556580070057],[120.95276311498885,14.686556580070057]]]},"id":"+134644+16348","properties":{"cls":1,"count":8}},{"type":"Feature","geometry":{"geodesic":false,"type":"Polygon","coordinates":[[[120.95276311498885,14.704522885752448],[120.95366143027297,14.704522885752448],[120.95366143027297,14.705421201036568],[120.95276311498885,14.705421201036568],[120.95276311498885,14.704522885752448]]]},"id":"+134644+16369","properties":{"cls":1,"count":1}},{"type":"Feature","geometry":{"geodesic":false,"type":"Polygon","coordinates":[[[120.95186479970474,14.729675713707795],[120.95186479970474,14.726980767855435],[120.9500681691365,14.726980767855435],[120.95096648442062,14.725184137287197],[120.9500681691365,14.725184137287197],[120.9500681691365,14.724285822003077],[120.95276311498885,14.724285822003077],[120.95276311498885,14.723387506718957],[120.95096648442062,14.723387506718957],[120.95096648442062,14.720692560866599],[120.9500681691365,14.720692560866599],[120.9500681691365,14.719794245582479],[120.95186479970474,14.719794245582479],[120.95186479970474,14.722489191434839],[120.95545806084121,14.722489191434839],[120.95545806084121,14.723387506718957],[120.95366143027297,14.724285822003077],[120.95366143027297,14.725184137287197],[120.95545806084121,14.725184137287197],[120.95545806084121,14.726082452571317],[120.95455974555709,14.726082452571317],[120.95366143027297,14.729675713707795],[120.95186479970474,14.729675713707795]]]},"id":"+134644+16396","properties":{"cls":1,"count":32}},{"type":"Feature","geometry":{"geodesic":false,"type":"Polygon","coordinates":[[[120.95366143027297,14.462876074324297],[120.95455974555709,14.462876074324297],[120.95455974555709,14.463774389608416],[120.95366143027297,14.463774389608416],[120.95366143027297,14.462876074324297]]]},"id":"+134645+16100","properties":{"cls":1,"count":1}},{"type":"Feature","geometry":{"geodesic":false,"type":"Polygon","coordinates":[[[120.95366143027297,14.464672704892536],[120.95455974555709,14.464672704892536],[120.95455974555709,14.465571020176656],[120.95366143027297,14.465571020176656],[120.95366143027297,14.464672704892536]]]},"id":"+134645+16102","properties":{"cls":1,"count":1}},{"type":"Feature","geometry":{"geodesic":false,"type":"Polygon","coordinates":[[[120.95366143027297,14.600318312794583],[120.95455974555709,14.600318312794583],[120.95455974555709,14.601216628078703],[120.95366143027297,14.601216628078703],[120.95366143027297,14.600318312794583]]]},"id":"+134645+16253","properties":{"cls":1,"count":1}},{"type":"Feature","geometry":{"geodesic":false,"type":"Polygon","coordinates":[[[120.95366143027297,14.602114943362823],[120.95455974555709,14.602114943362823],[120.95455974555709,14.603013258646943],[120.95366143027297,14.603013258646943],[120.95366143027297,14.602114943362823]]]},"id":"+134645+16255","properties":{"cls":1,"count":1}},{"type":"Feature","geometry":{"geodesic":false,"type":"Polygon","coordinates":[[[120.95366143027297,14.633555978307006],[120.95455974555709,14.633555978307006],[120.95455974555709,14.634454293591125],[120.95366143027297,14.634454293591125],[120.95366143027297,14.633555978307006]]]},"id":"+134645+16290","properties":{"cls":1,"count":1}},{"type":"Feature","geometry":{"geodesic":false,"type":"Polygon","coordinates":[[[120.95366143027297,14.637149239443485],[120.95455974555709,14.637149239443485],[120.95455974555709,14.638047554727603],[120.95366143027297,14.638047554727603],[120.95366143027297,14.637149239443485]]]},"id":"+134645+16294","properties":{"cls":1,"count":1}},{"type":"Feature","geometry":{"geodesic":false,"type":"Polygon","coordinates":[[[120.95366143027297,14.639844185295843],[120.95455974555709,14.639844185295843],[120.95455974555709,14.640742500579963],[120.95366143027297,14.640742500579963],[120.95366143027297,14.639844185295843]]]},"id":"+134645+16297","properties":{"cls":1,"count":1}},{"type":"Feature","geometry":{"geodesic":false,"type":"Polygon","coordinates":[[[120.95366143027297,14.664997013251188],[120.95455974555709,14.664997013251188],[120.95455974555709,14.665895328535308],[120.95366143027297,14.665895328535308],[120.95366143027297,14.664997013251188]]]},"id":"+134645+16325","properties":{"cls":1,"count":1}},{"type":"Feature","geometry":{"geodesic":false,"type":"Polygon","coordinates":[[[120.95276311498885,14.671285220240026],[120.95455974555709,14.671285220240026],[120.95455974555709,14.672183535524145],[120.95276311498885,14.672183535524145],[120.95276311498885,14.671285220240026]]]},"id":"+134645+16332","properties":{"cls":1,"count":2}},{"type":"Feature","geometry":{"geodesic":false,"type":"Polygon","coordinates":[[[120.95276311498885,14.673980166092385],[120.95455974555709,14.673980166092385],[120.95455974555709,14.674878481376505],[120.95276311498885,14.674878481376505],[120.95276311498885,14.673980166092385]]]},"id":"+134645+16335","properties":{"cls":1,"count":2}},{"type":"Feature","geometry":{"geodesic":false,"type":"Polygon","coordinates":[[[120.95366143027297,14.733268974844274],[120.95455974555709,14.733268974844274],[120.95455974555709,14.734167290128392],[120.95366143027297,14.734167290128392],[120.95366143027297,14.733268974844274]]]},"id":"+134645+16401","properties":{"cls":1,"count":1}},{"type":"Feature","geometry":{"geodesic":false,"type":"Polygon","coordinates":[[[120.95366143027297,14.742252127685468],[120.95366143027297,14.740455497117228],[120.95276311498885,14.740455497117228],[120.95276311498885,14.73955718183311],[120.95545806084121,14.73955718183311],[120.95545806084121,14.740455497117228],[120.95455974555709,14.740455497117228],[120.95455974555709,14.742252127685468],[120.95366143027297,14.742252127685468]]]},"id":"+134645+16410","properties":{"cls":1,"count":5}},{"type":"Feature","geometry":{"geodesic":false,"type":"Polygon","coordinates":[[[120.95276311498885,14.818608926835628],[120.95455974555709,14.818608926835628],[120.95455974555709,14.819507242119746],[120.95276311498885,14.819507242119746],[120.95276311498885,14.818608926835628]]]},"id":"+134645+16496","properties":{"cls":1,"count":2}},{"type":"Feature","geometry":{"geodesic":false,"type":"Polygon","coordinates":[[[120.95455974555709,14.463774389608416],[120.95545806084121,14.463774389608416],[120.95545806084121,14.464672704892536],[120.95455974555709,14.464672704892536],[120.95455974555709,14.463774389608416]]]},"id":"+134646+16101","properties":{"cls":1,"count":1}},{"type":"Feature","geometry":{"geodesic":false,"type":"Polygon","coordinates":[[[120.95276311498885,14.597623366942225],[120.95276311498885,14.596725051658105],[120.9500681691365,14.596725051658105],[120.9500681691365,14.595826736373986],[120.95545806084121,14.595826736373986],[120.95545806084121,14.597623366942225],[120.95276311498885,14.597623366942225]]]},"id":"+134646+16249","properties":{"cls":1,"count":9}},{"type":"Feature","geometry":{"geodesic":false,"type":"Polygon","coordinates":[[[120.95455974555709,14.622776194897572],[120.95545806084121,14.622776194897572],[120.95545806084121,14.62547114074993],[120.95455974555709,14.62547114074993],[120.95455974555709,14.622776194897572]]]},"id":"+134646+16280","properties":{"cls":1,"count":3}},{"type":"Feature","geometry":{"geodesic":false,"type":"Polygon","coordinates":[[[120.95455974555709,14.641640815864081],[120.95545806084121,14.641640815864081],[120.95545806084121,14.642539131148201],[120.95455974555709,14.642539131148201],[120.95455974555709,14.641640815864081]]]},"id":"+134646+16299","properties":{"cls":1,"count":1}},{"type":"Feature","geometry":{"geodesic":false,"type":"Polygon","coordinates":[[[120.95366143027297,14.649725653421157],[120.95545806084121,14.649725653421157],[120.95545806084121,14.650623968705277],[120.95366143027297,14.650623968705277],[120.95366143027297,14.649725653421157]]]},"id":"+134646+16308","properties":{"cls":1,"count":2}},{"type":"Feature","geometry":{"geodesic":false,"type":"Polygon","coordinates":[[[120.95366143027297,14.655115545125874],[120.95366143027297,14.653318914557635],[120.95455974555709,14.653318914557635],[120.95545806084121,14.655115545125874],[120.95366143027297,14.655115545125874]]]},"id":"+134646+16313","properties":{"cls":1,"count":3}},{"type":"Feature","geometry":{"geodesic":false,"type":"Polygon","coordinates":[[[120.95455974555709,14.656912175694114],[120.95545806084121,14.656912175694114],[120.95545806084121,14.660505436830592],[120.95455974555709,14.660505436830592],[120.95455974555709,14.656912175694114]]]},"id":"+134646+16319","properties":{"cls":1,"count":4}},{"type":"Feature","geometry":{"geodesic":false,"type":"Polygon","coordinates":[[[120.95276311498885,14.66230206739883],[120.95545806084121,14.66230206739883],[120.95545806084121,14.66320038268295],[120.95276311498885,14.66320038268295],[120.95276311498885,14.66230206739883]]]},"id":"+134646+16322","properties":{"cls":1,"count":3}},{"type":"Feature","geometry":{"geodesic":false,"type":"Polygon","coordinates":[[[120.95455974555709,14.702726255184208],[120.95366143027297,14.70092962461597],[120.95545806084121,14.70092962461597],[120.95545806084121,14.702726255184208],[120.95455974555709,14.702726255184208]]]},"id":"+134646+16366","properties":{"cls":1,"count":3}},{"type":"Feature","geometry":{"geodesic":false,"type":"Polygon","coordinates":[[[120.95455974555709,14.748540334674304],[120.95545806084121,14.748540334674304],[120.95545806084121,14.749438649958424],[120.95455974555709,14.749438649958424],[120.95455974555709,14.748540334674304]]]},"id":"+134646+16418","properties":{"cls":1,"count":1}},{"type":"Feature","geometry":{"geodesic":false,"type":"Polygon","coordinates":[[[120.95455974555709,14.750336965242544],[120.95545806084121,14.750336965242544],[120.95545806084121,14.751235280526663],[120.95455974555709,14.751235280526663],[120.95455974555709,14.750336965242544]]]},"id":"+134646+16420","properties":{"cls":1,"count":1}},{"type":"Feature","geometry":{"geodesic":false,"type":"Polygon","coordinates":[[[120.95545806084121,14.632657663022886],[120.95545806084121,14.630861032454646],[120.95186479970474,14.630861032454646],[120.95186479970474,14.629962717170528],[120.95725469140946,14.629962717170528],[120.95815300669358,14.631759347738766],[120.95635637612534,14.631759347738766],[120.95635637612534,14.632657663022886],[120.95545806084121,14.632657663022886]]]},"id":"+134647+16288","properties":{"cls":1,"count":10}},{"type":"Feature","geometry":{"geodesic":false,"type":"Polygon","coordinates":[[[120.95545806084121,14.647030707568799],[120.95635637612534,14.647030707568799],[120.95635637612534,14.647929022852917],[120.95545806084121,14.647929022852917],[120.95545806084121,14.647030707568799]]]},"id":"+134647+16305","properties":{"cls":1,"count":1}},{"type":"Feature","geometry":{"geodesic":false,"type":"Polygon","coordinates":[[[120.95545806084121,14.672183535524145],[120.95635637612534,14.672183535524145],[120.95635637612534,14.673081850808265],[120.95545806084121,14.673081850808265],[120.95545806084121,14.672183535524145]]]},"id":"+134647+16333","properties":{"cls":1,"count":1}},{"type":"Feature","geometry":{"geodesic":false,"type":"Polygon","coordinates":[[[120.95545806084121,14.682963318933579],[120.95635637612534,14.682963318933579],[120.95635637612534,14.683861634217699],[120.95545806084121,14.683861634217699],[120.95545806084121,14.682963318933579]]]},"id":"+134647+16345","properties":{"cls":1,"count":1}},{"type":"Feature","geometry":{"geodesic":false,"type":"Polygon","coordinates":[[[120.95545806084121,14.684759949501819],[120.95635637612534,14.684759949501819],[120.95635637612534,14.686556580070057],[120.95545806084121,14.686556580070057],[120.95545806084121,14.684759949501819]]]},"id":"+134647+16348","properties":{"cls":1,"count":2}},{"type":"Feature","geometry":{"geodesic":false,"type":"Polygon","coordinates":[[[120.95545806084121,14.73865886654899],[120.95635637612534,14.73865886654899],[120.95635637612534,14.73955718183311],[120.95545806084121,14.73955718183311],[120.95545806084121,14.73865886654899]]]},"id":"+134647+16407","properties":{"cls":1,"count":1}},{"type":"Feature","geometry":{"geodesic":false,"type":"Polygon","coordinates":[[[120.95545806084121,14.593131790521628],[120.95366143027297,14.590436844669268],[120.95545806084121,14.58953852938515],[120.95545806084121,14.58774189881691],[120.95725469140946,14.58774189881691],[120.95725469140946,14.58684358353279],[120.95815300669358,14.58684358353279],[120.95815300669358,14.58774189881691],[120.9590513219777,14.58774189881691],[120.9590513219777,14.58953852938515],[120.95994963726181,14.58953852938515],[120.95994963726181,14.592233475237508],[120.95545806084121,14.593131790521628]]]},"id":"+134648+16244","properties":{"cls":1,"count":30}},{"type":"Feature","geometry":{"geodesic":false,"type":"Polygon","coordinates":[[[120.95635637612534,14.616487987908735],[120.95725469140946,14.616487987908735],[120.95725469140946,14.617386303192854],[120.95635637612534,14.617386303192854],[120.95635637612534,14.616487987908735]]]},"id":"+134648+16271","properties":{"cls":1,"count":1}},{"type":"Feature","geometry":{"geodesic":false,"type":"Polygon","coordinates":[[[120.95635637612534,14.618284618476974],[120.95725469140946,14.618284618476974],[120.95725469140946,14.619182933761094],[120.95635637612534,14.619182933761094],[120.95635637612534,14.618284618476974]]]},"id":"+134648+16273","properties":{"cls":1,"count":1}},{"type":"Feature","geometry":{"geodesic":false,"type":"Polygon","coordinates":[[[120.95635637612534,14.623674510181692],[120.95725469140946,14.623674510181692],[120.95725469140946,14.62457282546581],[120.95635637612534,14.62457282546581],[120.95635637612534,14.623674510181692]]]},"id":"+134648+16279","properties":{"cls":1,"count":1}},{"type":"Feature","geometry":{"geodesic":false,"type":"Polygon","coordinates":[[[120.95635637612534,14.62547114074993],[120.95725469140946,14.62547114074993],[120.95725469140946,14.62636945603405],[120.95635637612534,14.62636945603405],[120.95635637612534,14.62547114074993]]]},"id":"+134648+16281","properties":{"cls":1,"count":1}},{"type":"Feature","geometry":{"geodesic":false,"type":"Polygon","coordinates":[[[120.95635637612534,14.635352608875245],[120.95725469140946,14.635352608875245],[120.95725469140946,14.636250924159365],[120.95635637612534,14.636250924159365],[120.95635637612534,14.635352608875245]]]},"id":"+134648+16292","properties":{"cls":1,"count":1}},{"type":"Feature","geometry":{"geodesic":false,"type":"Polygon","coordinates":[[[120.95635637612534,14.647929022852917],[120.95725469140946,14.647929022852917],[120.95725469140946,14.648827338137037],[120.95635637612534,14.648827338137037],[120.95635637612534,14.647929022852917]]]},"id":"+134648+16306","properties":{"cls":1,"count":1}},{"type":"Feature","geometry":{"geodesic":false,"type":"Polygon","coordinates":[[[120.95545806084121,14.466469335460776],[120.95635637612534,14.464672704892536],[120.95815300669358,14.465571020176656],[120.95815300669358,14.466469335460776],[120.95545806084121,14.466469335460776]]]},"id":"+134649+16103","properties":{"cls":1,"count":4}},{"type":"Feature","geometry":{"geodesic":false,"type":"Polygon","coordinates":[[[120.95725469140946,14.619182933761094],[120.95815300669358,14.619182933761094],[120.95815300669358,14.620081249045214],[120.95725469140946,14.620081249045214],[120.95725469140946,14.619182933761094]]]},"id":"+134649+16274","properties":{"cls":1,"count":1}},{"type":"Feature","geometry":{"geodesic":false,"type":"Polygon","coordinates":[[[120.95725469140946,14.635352608875245],[120.95725469140946,14.633555978307006],[120.9590513219777,14.633555978307006],[120.9590513219777,14.634454293591125],[120.95725469140946,14.635352608875245]]]},"id":"+134649+16291","properties":{"cls":1,"count":3}},{"type":"Feature","geometry":{"geodesic":false,"type":"Polygon","coordinates":[[[120.95725469140946,14.676675111944743],[120.95815300669358,14.676675111944743],[120.95815300669358,14.677573427228863],[120.95725469140946,14.677573427228863],[120.95725469140946,14.676675111944743]]]},"id":"+134649+16338","properties":{"cls":1,"count":1}},{"type":"Feature","geometry":{"geodesic":false,"type":"Polygon","coordinates":[[[120.95725469140946,14.68206500364946],[120.95815300669358,14.68206500364946],[120.95815300669358,14.682963318933579],[120.95725469140946,14.682963318933579],[120.95725469140946,14.68206500364946]]]},"id":"+134649+16344","properties":{"cls":1,"count":1}},{"type":"Feature","geometry":{"geodesic":false,"type":"Polygon","coordinates":[[[120.95725469140946,14.735963920696632],[120.95815300669358,14.735963920696632],[120.95815300669358,14.73686223598075],[120.95725469140946,14.73686223598075],[120.95725469140946,14.735963920696632]]]},"id":"+134649+16404","properties":{"cls":1,"count":1}},{"type":"Feature","geometry":{"geodesic":false,"type":"Polygon","coordinates":[[[120.95815300669358,14.613793042056376],[120.9590513219777,14.613793042056376],[120.9590513219777,14.614691357340496],[120.95815300669358,14.614691357340496],[120.95815300669358,14.613793042056376]]]},"id":"+134650+16268","properties":{"cls":1,"count":1}},{"type":"Feature","geometry":{"geodesic":false,"type":"Polygon","coordinates":[[[120.95815300669358,14.615589672624616],[120.9590513219777,14.615589672624616],[120.9590513219777,14.617386303192854],[120.95815300669358,14.617386303192854],[120.95815300669358,14.615589672624616]]]},"id":"+134650+16271","properties":{"cls":1,"count":2}},{"type":"Feature","geometry":{"geodesic":false,"type":"Polygon","coordinates":[[[120.95815300669358,14.641640815864081],[120.9590513219777,14.641640815864081],[120.9590513219777,14.642539131148201],[120.95815300669358,14.642539131148201],[120.95815300669358,14.641640815864081]]]},"id":"+134650+16299","properties":{"cls":1,"count":1}},{"type":"Feature","geometry":{"geodesic":false,"type":"Polygon","coordinates":[[[120.95815300669358,14.669488589671786],[120.9590513219777,14.669488589671786],[120.9590513219777,14.670386904955906],[120.95815300669358,14.670386904955906],[120.95815300669358,14.669488589671786]]]},"id":"+134650+16330","properties":{"cls":1,"count":1}},{"type":"Feature","geometry":{"geodesic":false,"type":"Polygon","coordinates":[[[120.95815300669358,14.677573427228863],[120.9590513219777,14.677573427228863],[120.9590513219777,14.678471742512983],[120.95815300669358,14.678471742512983],[120.95815300669358,14.677573427228863]]]},"id":"+134650+16339","properties":{"cls":1,"count":1}},{"type":"Feature","geometry":{"geodesic":false,"type":"Polygon","coordinates":[[[120.95815300669358,14.732370659560154],[120.9590513219777,14.732370659560154],[120.9590513219777,14.734167290128392],[120.95815300669358,14.734167290128392],[120.95815300669358,14.732370659560154]]]},"id":"+134650+16401","properties":{"cls":1,"count":2}},{"type":"Feature","geometry":{"geodesic":false,"type":"Polygon","coordinates":[[[120.9590513219777,14.58684358353279],[120.95815300669358,14.585046952964552],[120.95994963726181,14.585046952964552],[120.95994963726181,14.58684358353279],[120.9590513219777,14.58684358353279]]]},"id":"+134651+16237","properties":{"cls":1,"count":3}},{"type":"Feature","geometry":{"geodesic":false,"type":"Polygon","coordinates":[[[120.95635637612534,14.597623366942225],[120.95635637612534,14.596725051658105],[120.95815300669358,14.596725051658105],[120.95815300669358,14.595826736373986],[120.95994963726181,14.596725051658105],[120.95994963726181,14.597623366942225],[120.95635637612534,14.597623366942225]]]},"id":"+134651+16249","properties":{"cls":1,"count":5}},{"type":"Feature","geometry":{"geodesic":false,"type":"Polygon","coordinates":[[[120.95815300669358,14.603911573931061],[120.95994963726181,14.603911573931061],[120.95994963726181,14.604809889215181],[120.95815300669358,14.604809889215181],[120.95815300669358,14.603911573931061]]]},"id":"+134651+16257","properties":{"cls":1,"count":2}},{"type":"Feature","geometry":{"geodesic":false,"type":"Polygon","coordinates":[[[120.95815300669358,14.605708204499301],[120.95994963726181,14.605708204499301],[120.95994963726181,14.606606519783421],[120.95815300669358,14.606606519783421],[120.95815300669358,14.605708204499301]]]},"id":"+134651+16259","properties":{"cls":1,"count":2}},{"type":"Feature","geometry":{"geodesic":false,"type":"Polygon","coordinates":[[[120.9590513219777,14.6101997809199],[120.95994963726181,14.6101997809199],[120.95994963726181,14.611098096204017],[120.9590513219777,14.611098096204017],[120.9590513219777,14.6101997809199]]]},"id":"+134651+16264","properties":{"cls":1,"count":1}},{"type":"Feature","geometry":{"geodesic":false,"type":"Polygon","coordinates":[[[120.9590513219777,14.611996411488137],[120.95994963726181,14.611996411488137],[120.95994963726181,14.612894726772257],[120.9590513219777,14.612894726772257],[120.9590513219777,14.611996411488137]]]},"id":"+134651+16266","properties":{"cls":1,"count":1}},{"type":"Feature","geometry":{"geodesic":false,"type":"Polygon","coordinates":[[[120.9590513219777,14.628166086602288],[120.95994963726181,14.628166086602288],[120.95994963726181,14.629064401886408],[120.9590513219777,14.629064401886408],[120.9590513219777,14.628166086602288]]]},"id":"+134651+16284","properties":{"cls":1,"count":1}},{"type":"Feature","geometry":{"geodesic":false,"type":"Polygon","coordinates":[[[120.9590513219777,14.635352608875245],[120.95994963726181,14.635352608875245],[120.95994963726181,14.637149239443485],[120.9590513219777,14.637149239443485],[120.9590513219777,14.635352608875245]]]},"id":"+134651+16293","properties":{"cls":1,"count":2}},{"type":"Feature","geometry":{"geodesic":false,"type":"Polygon","coordinates":[[[120.9590513219777,14.64523407700056],[120.95994963726181,14.64523407700056],[120.95994963726181,14.64613239228468],[120.9590513219777,14.64613239228468],[120.9590513219777,14.64523407700056]]]},"id":"+134651+16303","properties":{"cls":1,"count":1}},{"type":"Feature","geometry":{"geodesic":false,"type":"Polygon","coordinates":[[[120.9590513219777,14.659607121546472],[120.95994963726181,14.659607121546472],[120.95994963726181,14.660505436830592],[120.9590513219777,14.660505436830592],[120.9590513219777,14.659607121546472]]]},"id":"+134651+16319","properties":{"cls":1,"count":1}},{"type":"Feature","geometry":{"geodesic":false,"type":"Polygon","coordinates":[[[120.95725469140946,14.673980166092385],[120.95994963726181,14.673980166092385],[120.95994963726181,14.674878481376505],[120.95725469140946,14.674878481376505],[120.95725469140946,14.673980166092385]]]},"id":"+134651+16335","properties":{"cls":1,"count":3}},{"type":"Feature","geometry":{"geodesic":false,"type":"Polygon","coordinates":[[[120.95994963726181,14.353281609661716],[120.96084795254593,14.353281609661716],[120.96084795254593,14.354179924945834],[120.95994963726181,14.354179924945834],[120.95994963726181,14.353281609661716]]]},"id":"+134652+15978","properties":{"cls":1,"count":1}},{"type":"Feature","geometry":{"geodesic":false,"type":"Polygon","coordinates":[[[120.95994963726181,14.58774189881691],[120.96084795254593,14.58774189881691],[120.96084795254593,14.58864021410103],[120.95994963726181,14.58864021410103],[120.95994963726181,14.58774189881691]]]},"id":"+134652+16239","properties":{"cls":1,"count":1}},{"type":"Feature","geometry":{"geodesic":false,"type":"Polygon","coordinates":[[[120.95994963726181,14.595826736373986],[120.96084795254593,14.595826736373986],[120.96084795254593,14.596725051658105],[120.95994963726181,14.596725051658105],[120.95994963726181,14.595826736373986]]]},"id":"+134652+16248","properties":{"cls":1,"count":1}},{"type":"Feature","geometry":{"geodesic":false,"type":"Polygon","coordinates":[[[120.95994963726181,14.602114943362823],[120.96084795254593,14.602114943362823],[120.96084795254593,14.603013258646943],[120.95994963726181,14.603013258646943],[120.95994963726181,14.602114943362823]]]},"id":"+134652+16255","properties":{"cls":1,"count":1}},{"type":"Feature","geometry":{"geodesic":false,"type":"Polygon","coordinates":[[[120.95994963726181,14.674878481376505],[120.96084795254593,14.674878481376505],[120.96084795254593,14.675776796660623],[120.95994963726181,14.675776796660623],[120.95994963726181,14.674878481376505]]]},"id":"+134652+16336","properties":{"cls":1,"count":1}},{"type":"Feature","geometry":{"geodesic":false,"type":"Polygon","coordinates":[[[120.95994963726181,14.468265966029014],[120.96174626783005,14.468265966029014],[120.96174626783005,14.469164281313134],[120.95994963726181,14.469164281313134],[120.95994963726181,14.468265966029014]]]},"id":"+134653+16106","properties":{"cls":1,"count":2}},{"type":"Feature","geometry":{"geodesic":false,"type":"Polygon","coordinates":[[[120.96084795254593,14.472757542449612],[120.96084795254593,14.470960911881372],[120.95994963726181,14.470960911881372],[120.95994963726181,14.470062596597254],[120.96174626783005,14.470062596597254],[120.96174626783005,14.472757542449612],[120.96084795254593,14.472757542449612]]]},"id":"+134653+16110","properties":{"cls":1,"count":4}},{"type":"Feature","geometry":{"geodesic":false,"type":"Polygon","coordinates":[[[120.96084795254593,14.628166086602288],[120.96174626783005,14.628166086602288],[120.96174626783005,14.629064401886408],[120.96084795254593,14.629064401886408],[120.96084795254593,14.628166086602288]]]},"id":"+134653+16284","properties":{"cls":1,"count":1}},{"type":"Feature","geometry":{"geodesic":false,"type":"Polygon","coordinates":[[[120.96084795254593,14.681166688365341],[120.96174626783005,14.681166688365341],[120.96174626783005,14.68206500364946],[120.96084795254593,14.68206500364946],[120.96084795254593,14.681166688365341]]]},"id":"+134653+16343","properties":{"cls":1,"count":1}},{"type":"Feature","geometry":{"geodesic":false,"type":"Polygon","coordinates":[[[120.96174626783005,14.472757542449612],[120.96264458311417,14.472757542449612],[120.96264458311417,14.47365585773373],[120.96174626783005,14.47365585773373],[120.96174626783005,14.472757542449612]]]},"id":"+134654+16111","properties":{"cls":1,"count":1}},{"type":"Feature","geometry":{"geodesic":false,"type":"Polygon","coordinates":[[[120.96174626783005,14.594030105805746],[120.96084795254593,14.592233475237508],[120.96264458311417,14.592233475237508],[120.96264458311417,14.594030105805746],[120.96174626783005,14.594030105805746]]]},"id":"+134654+16245","properties":{"cls":1,"count":3}},{"type":"Feature","geometry":{"geodesic":false,"type":"Polygon","coordinates":[[[120.96174626783005,14.642539131148201],[120.96264458311417,14.642539131148201],[120.96264458311417,14.644335761716441],[120.96174626783005,14.644335761716441],[120.96174626783005,14.642539131148201]]]},"id":"+134654+16301","properties":{"cls":1,"count":2}},{"type":"Feature","geometry":{"geodesic":false,"type":"Polygon","coordinates":[[[120.96174626783005,14.673980166092385],[120.96264458311417,14.673980166092385],[120.96264458311417,14.674878481376505],[120.96174626783005,14.674878481376505],[120.96174626783005,14.673980166092385]]]},"id":"+134654+16335","properties":{"cls":1,"count":1}},{"type":"Feature","geometry":{"geodesic":false,"type":"Polygon","coordinates":[[[120.96264458311417,14.353281609661716],[120.96354289839829,14.353281609661716],[120.96354289839829,14.355078240229954],[120.96264458311417,14.355078240229954],[120.96264458311417,14.353281609661716]]]},"id":"+134655+15979","properties":{"cls":1,"count":2}},{"type":"Feature","geometry":{"geodesic":false,"type":"Polygon","coordinates":[[[120.96264458311417,14.471859227165492],[120.96354289839829,14.471859227165492],[120.96354289839829,14.472757542449612],[120.96264458311417,14.472757542449612],[120.96264458311417,14.471859227165492]]]},"id":"+134655+16110","properties":{"cls":1,"count":1}},{"type":"Feature","geometry":{"geodesic":false,"type":"Polygon","coordinates":[[[120.96264458311417,14.596725051658105],[120.96354289839829,14.596725051658105],[120.96354289839829,14.597623366942225],[120.96264458311417,14.597623366942225],[120.96264458311417,14.596725051658105]]]},"id":"+134655+16249","properties":{"cls":1,"count":1}},{"type":"Feature","geometry":{"geodesic":false,"type":"Polygon","coordinates":[[[120.96174626783005,14.641640815864081],[120.96174626783005,14.639844185295843],[120.96084795254593,14.639844185295843],[120.96084795254593,14.638945870011723],[120.96264458311417,14.638945870011723],[120.96264458311417,14.640742500579963],[120.96354289839829,14.640742500579963],[120.96354289839829,14.641640815864081],[120.96174626783005,14.641640815864081]]]},"id":"+134655+16298","properties":{"cls":1,"count":5}},{"type":"Feature","geometry":{"geodesic":false,"type":"Polygon","coordinates":[[[120.96354289839829,14.470960911881372],[120.9644412136824,14.470960911881372],[120.9644412136824,14.471859227165492],[120.96354289839829,14.471859227165492],[120.96354289839829,14.470960911881372]]]},"id":"+134656+16109","properties":{"cls":1,"count":1}},{"type":"Feature","geometry":{"geodesic":false,"type":"Polygon","coordinates":[[[120.96354289839829,14.594928421089866],[120.9644412136824,14.594928421089866],[120.9644412136824,14.595826736373986],[120.96354289839829,14.595826736373986],[120.96354289839829,14.594928421089866]]]},"id":"+134656+16247","properties":{"cls":1,"count":1}},{"type":"Feature","geometry":{"geodesic":false,"type":"Polygon","coordinates":[[[120.96354289839829,14.675776796660623],[120.96354289839829,14.673980166092385],[120.9644412136824,14.673980166092385],[120.96533952896652,14.675776796660623],[120.96354289839829,14.675776796660623]]]},"id":"+134657+16336","properties":{"cls":1,"count":3}},{"type":"Feature","geometry":{"geodesic":false,"type":"Polygon","coordinates":[[[120.96264458311417,14.730574028991914],[120.96533952896652,14.730574028991914],[120.96533952896652,14.731472344276034],[120.96264458311417,14.731472344276034],[120.96264458311417,14.730574028991914]]]},"id":"+134657+16398","properties":{"cls":1,"count":3}},{"type":"Feature","geometry":{"geodesic":false,"type":"Polygon","coordinates":[[[120.96533952896652,14.464672704892536],[120.96623784425066,14.464672704892536],[120.96623784425066,14.465571020176656],[120.96533952896652,14.465571020176656],[120.96533952896652,14.464672704892536]]]},"id":"+134658+16102","properties":{"cls":1,"count":1}},{"type":"Feature","geometry":{"geodesic":false,"type":"Polygon","coordinates":[[[120.96533952896652,14.470960911881372],[120.96623784425066,14.470960911881372],[120.96623784425066,14.471859227165492],[120.96533952896652,14.471859227165492],[120.96533952896652,14.470960911881372]]]},"id":"+134658+16109","properties":{"cls":1,"count":1}},{"type":"Feature","geometry":{"geodesic":false,"type":"Polygon","coordinates":[[[120.96533952896652,14.593131790521628],[120.96623784425066,14.593131790521628],[120.96623784425066,14.594030105805746],[120.96533952896652,14.594030105805746],[120.96533952896652,14.593131790521628]]]},"id":"+134658+16245","properties":{"cls":1,"count":1}},{"type":"Feature","geometry":{"geodesic":false,"type":"Polygon","coordinates":[[[120.96533952896652,14.62726777131817],[120.96533952896652,14.62636945603405],[120.96354289839829,14.62636945603405],[120.96354289839829,14.62547114074993],[120.96623784425066,14.62547114074993],[120.96623784425066,14.62726777131817],[120.96533952896652,14.62726777131817]]]},"id":"+134658+16282","properties":{"cls":1,"count":4}},{"type":"Feature","geometry":{"geodesic":false,"type":"Polygon","coordinates":[[[120.96533952896652,14.638945870011723],[120.96623784425066,14.638945870011723],[120.96623784425066,14.639844185295843],[120.96533952896652,14.639844185295843],[120.96533952896652,14.638945870011723]]]},"id":"+134658+16296","properties":{"cls":1,"count":1}},{"type":"Feature","geometry":{"geodesic":false,"type":"Polygon","coordinates":[[[120.9644412136824,14.729675713707795],[120.9644412136824,14.727879083139555],[120.96533952896652,14.727879083139555],[120.96623784425066,14.729675713707795],[120.9644412136824,14.729675713707795]]]},"id":"+134658+16396","properties":{"cls":1,"count":3}},{"type":"Feature","geometry":{"geodesic":false,"type":"Polygon","coordinates":[[[120.96623784425066,14.581453691828074],[120.96713615953477,14.581453691828074],[120.96713615953477,14.582352007112194],[120.96623784425066,14.582352007112194],[120.96623784425066,14.581453691828074]]]},"id":"+134659+16232","properties":{"cls":1,"count":1}},{"type":"Feature","geometry":{"geodesic":false,"type":"Polygon","coordinates":[[[120.96623784425066,14.677573427228863],[120.96713615953477,14.677573427228863],[120.96713615953477,14.678471742512983],[120.96623784425066,14.678471742512983],[120.96623784425066,14.677573427228863]]]},"id":"+134659+16339","properties":{"cls":1,"count":1}},{"type":"Feature","geometry":{"geodesic":false,"type":"Polygon","coordinates":[[[120.96713615953477,14.470062596597254],[120.9680344748189,14.470062596597254],[120.9680344748189,14.471859227165492],[120.96713615953477,14.471859227165492],[120.96713615953477,14.470062596597254]]]},"id":"+134660+16109","properties":{"cls":1,"count":2}},{"type":"Feature","geometry":{"geodesic":false,"type":"Polygon","coordinates":[[[120.96713615953477,14.47365585773373],[120.9680344748189,14.47365585773373],[120.9680344748189,14.47455417301785],[120.96713615953477,14.47455417301785],[120.96713615953477,14.47365585773373]]]},"id":"+134660+16112","properties":{"cls":1,"count":1}},{"type":"Feature","geometry":{"geodesic":false,"type":"Polygon","coordinates":[[[120.96713615953477,14.622776194897572],[120.9680344748189,14.622776194897572],[120.9680344748189,14.62457282546581],[120.96713615953477,14.62457282546581],[120.96713615953477,14.622776194897572]]]},"id":"+134660+16279","properties":{"cls":1,"count":2}},{"type":"Feature","geometry":{"geodesic":false,"type":"Polygon","coordinates":[[[120.9680344748189,14.733268974844274],[120.9680344748189,14.729675713707795],[120.97072942067125,14.729675713707795],[120.97072942067125,14.730574028991914],[120.96893279010301,14.730574028991914],[120.96893279010301,14.733268974844274],[120.9680344748189,14.733268974844274]]]},"id":"+134661+16400","properties":{"cls":1,"count":6}},{"type":"Feature","geometry":{"geodesic":false,"type":"Polygon","coordinates":[[[120.96893279010301,14.403587265572408],[120.96983110538713,14.403587265572408],[120.96983110538713,14.404485580856528],[120.96893279010301,14.404485580856528],[120.96893279010301,14.403587265572408]]]},"id":"+134662+16034","properties":{"cls":1,"count":1}},{"type":"Feature","geometry":{"geodesic":false,"type":"Polygon","coordinates":[[[120.96893279010301,14.580555376543954],[120.96983110538713,14.580555376543954],[120.96983110538713,14.582352007112194],[120.96893279010301,14.582352007112194],[120.96893279010301,14.580555376543954]]]},"id":"+134662+16232","properties":{"cls":1,"count":2}},{"type":"Feature","geometry":{"geodesic":false,"type":"Polygon","coordinates":[[[120.96893279010301,14.629962717170528],[120.96983110538713,14.629962717170528],[120.96983110538713,14.630861032454646],[120.96893279010301,14.630861032454646],[120.96893279010301,14.629962717170528]]]},"id":"+134662+16286","properties":{"cls":1,"count":1}},{"type":"Feature","geometry":{"geodesic":false,"type":"Polygon","coordinates":[[[120.96983110538713,14.583250322396312],[120.97072942067125,14.583250322396312],[120.97072942067125,14.584148637680432],[120.96983110538713,14.584148637680432],[120.96983110538713,14.583250322396312]]]},"id":"+134663+16234","properties":{"cls":1,"count":1}},{"type":"Feature","geometry":{"geodesic":false,"type":"Polygon","coordinates":[[[120.9644412136824,14.597623366942225],[120.9644412136824,14.595826736373986],[120.96533952896652,14.595826736373986],[120.96533952896652,14.596725051658105],[120.97072942067125,14.596725051658105],[120.97072942067125,14.597623366942225],[120.9644412136824,14.597623366942225]]]},"id":"+134663+16249","properties":{"cls":1,"count":8}},{"type":"Feature","geometry":{"geodesic":false,"type":"Polygon","coordinates":[[[120.96893279010301,14.638047554727603],[120.96893279010301,14.635352608875245],[120.97162773595537,14.635352608875245],[120.97162773595537,14.636250924159365],[120.96983110538713,14.636250924159365],[120.97072942067125,14.638047554727603],[120.96893279010301,14.638047554727603]]]},"id":"+134663+16294","properties":{"cls":1,"count":6}},{"type":"Feature","geometry":{"geodesic":false,"type":"Polygon","coordinates":[[[120.96983110538713,14.731472344276034],[120.97072942067125,14.731472344276034],[120.97072942067125,14.732370659560154],[120.96983110538713,14.732370659560154],[120.96983110538713,14.731472344276034]]]},"id":"+134663+16399","properties":{"cls":1,"count":1}},{"type":"Feature","geometry":{"geodesic":false,"type":"Polygon","coordinates":[[[120.96893279010301,14.47455417301785],[120.96983110538713,14.472757542449612],[120.96893279010301,14.472757542449612],[120.96893279010301,14.470960911881372],[120.96983110538713,14.470960911881372],[120.96983110538713,14.471859227165492],[120.97162773595537,14.472757542449612],[120.97162773595537,14.47455417301785],[120.96893279010301,14.47455417301785]]]},"id":"+134664+16112","properties":{"cls":1,"count":8}},{"type":"Feature","geometry":{"geodesic":false,"type":"Polygon","coordinates":[[[120.97072942067125,14.479944064722568],[120.97162773595537,14.47455417301785],[120.9734243665236,14.47455417301785],[120.9734243665236,14.47635080358609],[120.97252605123948,14.47635080358609],[120.97252605123948,14.478147434154328],[120.97162773595537,14.478147434154328],[120.97162773595537,14.479944064722568],[120.97072942067125,14.479944064722568]]]},"id":"+134664+16118","properties":{"cls":1,"count":9}},{"type":"Feature","geometry":{"geodesic":false,"type":"Polygon","coordinates":[[[120.97072942067125,14.633555978307006],[120.97162773595537,14.633555978307006],[120.97162773595537,14.634454293591125],[120.97072942067125,14.634454293591125],[120.97072942067125,14.633555978307006]]]},"id":"+134664+16290","properties":{"cls":1,"count":1}},{"type":"Feature","geometry":{"geodesic":false,"type":"Polygon","coordinates":[[[120.97162773595537,14.482639010574927],[120.97252605123948,14.482639010574927],[120.97252605123948,14.483537325859047],[120.97162773595537,14.483537325859047],[120.97162773595537,14.482639010574927]]]},"id":"+134665+16122","properties":{"cls":1,"count":1}},{"type":"Feature","geometry":{"geodesic":false,"type":"Polygon","coordinates":[[[120.97162773595537,14.634454293591125],[120.97252605123948,14.634454293591125],[120.97252605123948,14.635352608875245],[120.97162773595537,14.635352608875245],[120.97162773595537,14.634454293591125]]]},"id":"+134665+16291","properties":{"cls":1,"count":1}},{"type":"Feature","geometry":{"geodesic":false,"type":"Polygon","coordinates":[[[120.97252605123948,14.478147434154328],[120.9734243665236,14.478147434154328],[120.9734243665236,14.479045749438448],[120.97252605123948,14.479045749438448],[120.97252605123948,14.478147434154328]]]},"id":"+134666+16117","properties":{"cls":1,"count":1}},{"type":"Feature","geometry":{"geodesic":false,"type":"Polygon","coordinates":[[[120.97162773595537,14.578758745975716],[120.9734243665236,14.578758745975716],[120.9734243665236,14.579657061259834],[120.97162773595537,14.579657061259834],[120.97162773595537,14.578758745975716]]]},"id":"+134666+16229","properties":{"cls":1,"count":2}},{"type":"Feature","geometry":{"geodesic":false,"type":"Polygon","coordinates":[[[120.97252605123948,14.633555978307006],[120.9734243665236,14.633555978307006],[120.9734243665236,14.634454293591125],[120.97252605123948,14.634454293591125],[120.97252605123948,14.633555978307006]]]},"id":"+134666+16290","properties":{"cls":1,"count":1}},{"type":"Feature","geometry":{"geodesic":false,"type":"Polygon","coordinates":[[[120.9734243665236,14.47635080358609],[120.97432268180772,14.47635080358609],[120.97432268180772,14.477249118870208],[120.9734243665236,14.477249118870208],[120.9734243665236,14.47635080358609]]]},"id":"+134667+16115","properties":{"cls":1,"count":1}},{"type":"Feature","geometry":{"geodesic":false,"type":"Polygon","coordinates":[[[120.97162773595537,14.595826736373986],[120.97432268180772,14.595826736373986],[120.97432268180772,14.596725051658105],[120.97162773595537,14.596725051658105],[120.97162773595537,14.595826736373986]]]},"id":"+134667+16248","properties":{"cls":1,"count":3}},{"type":"Feature","geometry":{"geodesic":false,"type":"Polygon","coordinates":[[[120.97432268180772,14.507791838530272],[120.97522099709185,14.507791838530272],[120.97522099709185,14.508690153814392],[120.97432268180772,14.508690153814392],[120.97432268180772,14.507791838530272]]]},"id":"+134668+16150","properties":{"cls":1,"count":1}},{"type":"Feature","geometry":{"geodesic":false,"type":"Polygon","coordinates":[[[120.97522099709185,14.488927217563763],[120.97611931237597,14.488927217563763],[120.97611931237597,14.489825532847883],[120.97522099709185,14.489825532847883],[120.97522099709185,14.488927217563763]]]},"id":"+134669+16129","properties":{"cls":1,"count":1}},{"type":"Feature","geometry":{"geodesic":false,"type":"Polygon","coordinates":[[[120.97522099709185,14.595826736373986],[120.97611931237597,14.595826736373986],[120.97611931237597,14.596725051658105],[120.97522099709185,14.596725051658105],[120.97522099709185,14.595826736373986]]]},"id":"+134669+16248","properties":{"cls":1,"count":1}},{"type":"Feature","geometry":{"geodesic":false,"type":"Polygon","coordinates":[[[120.97611931237597,14.576063800123357],[120.97701762766009,14.576063800123357],[120.97701762766009,14.576962115407476],[120.97611931237597,14.576962115407476],[120.97611931237597,14.576063800123357]]]},"id":"+134670+16226","properties":{"cls":1,"count":1}},{"type":"Feature","geometry":{"geodesic":false,"type":"Polygon","coordinates":[[[120.97701762766009,14.51408004551911],[120.97791594294421,14.51408004551911],[120.97791594294421,14.514978360803228],[120.97701762766009,14.514978360803228],[120.97701762766009,14.51408004551911]]]},"id":"+134671+16157","properties":{"cls":1,"count":1}},{"type":"Feature","geometry":{"geodesic":false,"type":"Polygon","coordinates":[[[120.97701762766009,14.596725051658105],[120.97791594294421,14.596725051658105],[120.97791594294421,14.597623366942225],[120.97701762766009,14.597623366942225],[120.97701762766009,14.596725051658105]]]},"id":"+134671+16249","properties":{"cls":1,"count":1}},{"type":"Feature","geometry":{"geodesic":false,"type":"Polygon","coordinates":[[[120.97791594294421,14.482639010574927],[120.97881425822833,14.482639010574927],[120.97881425822833,14.484435641143165],[120.97791594294421,14.484435641143165],[120.97791594294421,14.482639010574927]]]},"id":"+134672+16123","properties":{"cls":1,"count":2}},{"type":"Feature","geometry":{"geodesic":false,"type":"Polygon","coordinates":[[[120.97791594294421,14.488028902279643],[120.97881425822833,14.488028902279643],[120.97881425822833,14.489825532847883],[120.97791594294421,14.489825532847883],[120.97791594294421,14.488028902279643]]]},"id":"+134672+16129","properties":{"cls":1,"count":2}},{"type":"Feature","geometry":{"geodesic":false,"type":"Polygon","coordinates":[[[120.97791594294421,14.505995207962034],[120.97881425822833,14.505995207962034],[120.97881425822833,14.506893523246154],[120.97791594294421,14.506893523246154],[120.97791594294421,14.505995207962034]]]},"id":"+134672+16148","properties":{"cls":1,"count":1}},{"type":"Feature","geometry":{"geodesic":false,"type":"Polygon","coordinates":[[[120.97791594294421,14.575165484839237],[120.97881425822833,14.575165484839237],[120.97881425822833,14.576063800123357],[120.97791594294421,14.576063800123357],[120.97791594294421,14.575165484839237]]]},"id":"+134672+16225","properties":{"cls":1,"count":1}},{"type":"Feature","geometry":{"geodesic":false,"type":"Polygon","coordinates":[[[120.97791594294421,14.62547114074993],[120.97881425822833,14.62547114074993],[120.97881425822833,14.62636945603405],[120.97791594294421,14.62636945603405],[120.97791594294421,14.62547114074993]]]},"id":"+134672+16281","properties":{"cls":1,"count":1}},{"type":"Feature","geometry":{"geodesic":false,"type":"Polygon","coordinates":[[[120.97881425822833,14.398197373867692],[120.97791594294421,14.396400743299452],[120.97971257351244,14.395502428015332],[120.98061088879656,14.397299058583572],[120.97881425822833,14.398197373867692]]]},"id":"+134673+16027","properties":{"cls":1,"count":5}},{"type":"Feature","geometry":{"geodesic":false,"type":"Polygon","coordinates":[[[120.97881425822833,14.449401345062505],[120.97971257351244,14.449401345062505],[120.97971257351244,14.450299660346623],[120.97881425822833,14.450299660346623],[120.97881425822833,14.449401345062505]]]},"id":"+134673+16085","properties":{"cls":1,"count":1}},{"type":"Feature","geometry":{"geodesic":false,"type":"Polygon","coordinates":[[[120.97881425822833,14.528453090065021],[120.97881425822833,14.523063198360305],[120.98061088879656,14.523063198360305],[120.98061088879656,14.523961513644425],[120.97971257351244,14.523961513644425],[120.97971257351244,14.528453090065021],[120.97881425822833,14.528453090065021]]]},"id":"+134673+16172","properties":{"cls":1,"count":7}},{"type":"Feature","geometry":{"geodesic":false,"type":"Polygon","coordinates":[[[120.97881425822833,14.576063800123357],[120.97971257351244,14.576063800123357],[120.97971257351244,14.576962115407476],[120.97881425822833,14.576962115407476],[120.97881425822833,14.576063800123357]]]},"id":"+134673+16226","properties":{"cls":1,"count":1}},{"type":"Feature","geometry":{"geodesic":false,"type":"Polygon","coordinates":[[[120.97881425822833,14.611098096204017],[120.97971257351244,14.611098096204017],[120.97971257351244,14.611996411488137],[120.97881425822833,14.611996411488137],[120.97881425822833,14.611098096204017]]]},"id":"+134673+16265","properties":{"cls":1,"count":1}},{"type":"Feature","geometry":{"geodesic":false,"type":"Polygon","coordinates":[[[120.97881425822833,14.671285220240026],[120.97971257351244,14.671285220240026],[120.97971257351244,14.673081850808265],[120.97881425822833,14.673081850808265],[120.97881425822833,14.671285220240026]]]},"id":"+134673+16333","properties":{"cls":1,"count":2}},{"type":"Feature","geometry":{"geodesic":false,"type":"Polygon","coordinates":[[[120.97971257351244,14.398197373867692],[120.98061088879656,14.398197373867692],[120.98061088879656,14.39909568915181],[120.97971257351244,14.39909568915181],[120.97971257351244,14.398197373867692]]]},"id":"+134674+16028","properties":{"cls":1,"count":1}},{"type":"Feature","geometry":{"geodesic":false,"type":"Polygon","coordinates":[[[120.97971257351244,14.536537927622097],[120.98061088879656,14.536537927622097],[120.98061088879656,14.537436242906217],[120.97971257351244,14.537436242906217],[120.97971257351244,14.536537927622097]]]},"id":"+134674+16182","properties":{"cls":1,"count":1}},{"type":"Feature","geometry":{"geodesic":false,"type":"Polygon","coordinates":[[[120.97881425822833,14.552707602736248],[120.98061088879656,14.552707602736248],[120.98061088879656,14.553605918020368],[120.97881425822833,14.553605918020368],[120.97881425822833,14.552707602736248]]]},"id":"+134674+16200","properties":{"cls":1,"count":2}},{"type":"Feature","geometry":{"geodesic":false,"type":"Polygon","coordinates":[[[120.97881425822833,14.597623366942225],[120.98061088879656,14.597623366942225],[120.98061088879656,14.598521682226345],[120.97881425822833,14.598521682226345],[120.97881425822833,14.597623366942225]]]},"id":"+134674+16250","properties":{"cls":1,"count":2}},{"type":"Feature","geometry":{"geodesic":false,"type":"Polygon","coordinates":[[[120.98061088879656,14.393705797447094],[120.98150920408068,14.393705797447094],[120.98150920408068,14.394604112731214],[120.98061088879656,14.394604112731214],[120.98061088879656,14.393705797447094]]]},"id":"+134675+16023","properties":{"cls":1,"count":1}},{"type":"Feature","geometry":{"geodesic":false,"type":"Polygon","coordinates":[[[120.97971257351244,14.492520478700241],[120.98150920408068,14.492520478700241],[120.98150920408068,14.493418793984361],[120.97971257351244,14.493418793984361],[120.97971257351244,14.492520478700241]]]},"id":"+134675+16133","properties":{"cls":1,"count":2}},{"type":"Feature","geometry":{"geodesic":false,"type":"Polygon","coordinates":[[[120.98061088879656,14.537436242906217],[120.98150920408068,14.537436242906217],[120.98150920408068,14.539232873474456],[120.98061088879656,14.539232873474456],[120.98061088879656,14.537436242906217]]]},"id":"+134675+16184","properties":{"cls":1,"count":2}},{"type":"Feature","geometry":{"geodesic":false,"type":"Polygon","coordinates":[[[120.98061088879656,14.57247053898688],[120.98150920408068,14.57247053898688],[120.98150920408068,14.573368854270997],[120.98061088879656,14.573368854270997],[120.98061088879656,14.57247053898688]]]},"id":"+134675+16222","properties":{"cls":1,"count":1}},{"type":"Feature","geometry":{"geodesic":false,"type":"Polygon","coordinates":[[[120.97971257351244,14.673081850808265],[120.98150920408068,14.673081850808265],[120.98150920408068,14.673980166092385],[120.97971257351244,14.673980166092385],[120.97971257351244,14.673081850808265]]]},"id":"+134675+16334","properties":{"cls":1,"count":2}},{"type":"Feature","geometry":{"geodesic":false,"type":"Polygon","coordinates":[[[120.98061088879656,14.530249720633261],[120.98150920408068,14.530249720633261],[120.98150920408068,14.528453090065021],[120.98061088879656,14.528453090065021],[120.98061088879656,14.525758144212663],[120.98420414993303,14.524859828928545],[120.98420414993303,14.525758144212663],[120.98330583464892,14.525758144212663],[120.98330583464892,14.527554774780903],[120.98420414993303,14.527554774780903],[120.98330583464892,14.529351405349141],[120.98510246521717,14.529351405349141],[120.98510246521717,14.528453090065021],[120.98600078050129,14.528453090065021],[120.9868990957854,14.530249720633261],[120.98600078050129,14.530249720633261],[120.98600078050129,14.53384298176974],[120.98510246521717,14.53384298176974],[120.98510246521717,14.53474129705386],[120.98420414993303,14.53474129705386],[120.98420414993303,14.53294466648562],[120.98510246521717,14.53294466648562],[120.98510246521717,14.5320463512015],[120.98420414993303,14.5320463512015],[120.98330583464892,14.53384298176974],[120.98150920408068,14.53384298176974],[120.98150920408068,14.53474129705386],[120.9824075193648,14.53474129705386],[120.9824075193648,14.536537927622097],[120.98150920408068,14.536537927622097],[120.98150920408068,14.535639612337977],[120.98061088879656,14.535639612337977],[120.98061088879656,14.53384298176974],[120.97881425822833,14.53384298176974],[120.97971257351244,14.5320463512015],[120.97881425822833,14.5320463512015],[120.97881425822833,14.529351405349141],[120.98061088879656,14.529351405349141],[120.98061088879656,14.530249720633261]],[[120.98061088879656,14.530249720633261],[120.98061088879656,14.531148035917381],[120.97971257351244,14.531148035917381],[120.97971257351244,14.530249720633261],[120.98061088879656,14.530249720633261]],[[120.98420414993303,14.530249720633261],[120.98510246521717,14.530249720633261],[120.98510246521717,14.531148035917381],[120.98420414993303,14.531148035917381],[120.98420414993303,14.530249720633261]]]},"id":"+134676+16181","properties":{"cls":1,"count":55}},{"type":"Feature","geometry":{"geodesic":false,"type":"Polygon","coordinates":[[[120.98150920408068,14.55001265688389],[120.9824075193648,14.55001265688389],[120.9824075193648,14.55180928745213],[120.98150920408068,14.55180928745213],[120.98150920408068,14.55001265688389]]]},"id":"+134676+16198","properties":{"cls":1,"count":2}},{"type":"Feature","geometry":{"geodesic":false,"type":"Polygon","coordinates":[[[120.98150920408068,14.573368854270997],[120.9824075193648,14.573368854270997],[120.9824075193648,14.574267169555117],[120.98150920408068,14.574267169555117],[120.98150920408068,14.573368854270997]]]},"id":"+134676+16223","properties":{"cls":1,"count":1}},{"type":"Feature","geometry":{"geodesic":false,"type":"Polygon","coordinates":[[[120.98150920408068,14.58953852938515],[120.9824075193648,14.58953852938515],[120.9824075193648,14.590436844669268],[120.98150920408068,14.590436844669268],[120.98150920408068,14.58953852938515]]]},"id":"+134676+16241","properties":{"cls":1,"count":1}},{"type":"Feature","geometry":{"geodesic":false,"type":"Polygon","coordinates":[[[120.98150920408068,14.595826736373986],[120.9824075193648,14.595826736373986],[120.9824075193648,14.596725051658105],[120.98150920408068,14.596725051658105],[120.98150920408068,14.595826736373986]]]},"id":"+134676+16248","properties":{"cls":1,"count":1}},{"type":"Feature","geometry":{"geodesic":false,"type":"Polygon","coordinates":[[[120.9824075193648,14.502401946825556],[120.98330583464892,14.502401946825556],[120.98330583464892,14.503300262109676],[120.9824075193648,14.503300262109676],[120.9824075193648,14.502401946825556]]]},"id":"+134677+16144","properties":{"cls":1,"count":1}},{"type":"Feature","geometry":{"geodesic":false,"type":"Polygon","coordinates":[[[120.98150920408068,14.504198577393796],[120.98330583464892,14.504198577393796],[120.98330583464892,14.505096892677914],[120.98150920408068,14.505096892677914],[120.98150920408068,14.504198577393796]]]},"id":"+134677+16146","properties":{"cls":1,"count":2}},{"type":"Feature","geometry":{"geodesic":false,"type":"Polygon","coordinates":[[[120.9824075193648,14.536537927622097],[120.98330583464892,14.536537927622097],[120.98330583464892,14.537436242906217],[120.9824075193648,14.537436242906217],[120.9824075193648,14.536537927622097]]]},"id":"+134677+16182","properties":{"cls":1,"count":1}},{"type":"Feature","geometry":{"geodesic":false,"type":"Polygon","coordinates":[[[120.98150920408068,14.544622765179174],[120.9824075193648,14.542826134610934],[120.98330583464892,14.542826134610934],[120.98330583464892,14.544622765179174],[120.98150920408068,14.544622765179174]]]},"id":"+134677+16190","properties":{"cls":1,"count":3}},{"type":"Feature","geometry":{"geodesic":false,"type":"Polygon","coordinates":[[[120.9824075193648,14.567978962566281],[120.98330583464892,14.567978962566281],[120.98330583464892,14.568877277850401],[120.9824075193648,14.568877277850401],[120.9824075193648,14.567978962566281]]]},"id":"+134677+16217","properties":{"cls":1,"count":1}},{"type":"Feature","geometry":{"geodesic":false,"type":"Polygon","coordinates":[[[120.9824075193648,14.594928421089866],[120.98330583464892,14.594928421089866],[120.98330583464892,14.595826736373986],[120.9824075193648,14.595826736373986],[120.9824075193648,14.594928421089866]]]},"id":"+134677+16247","properties":{"cls":1,"count":1}},{"type":"Feature","geometry":{"geodesic":false,"type":"Polygon","coordinates":[[[120.98330583464892,14.497910370404957],[120.9824075193648,14.49611373983672],[120.98510246521717,14.49611373983672],[120.98510246521717,14.49701205512084],[120.98330583464892,14.497910370404957]]]},"id":"+134678+16138","properties":{"cls":1,"count":4}},{"type":"Feature","geometry":{"geodesic":false,"type":"Polygon","coordinates":[[[120.9824075193648,14.515876676087348],[120.98330583464892,14.51408004551911],[120.98510246521717,14.51408004551911],[120.98420414993303,14.515876676087348],[120.9824075193648,14.515876676087348]]]},"id":"+134678+16158","properties":{"cls":1,"count":4}},{"type":"Feature","geometry":{"geodesic":false,"type":"Polygon","coordinates":[[[120.98330583464892,14.567080647282161],[120.98420414993303,14.567080647282161],[120.98420414993303,14.567978962566281],[120.98330583464892,14.567978962566281],[120.98330583464892,14.567080647282161]]]},"id":"+134678+16216","properties":{"cls":1,"count":1}},{"type":"Feature","geometry":{"geodesic":false,"type":"Polygon","coordinates":[[[120.9824075193648,14.517673306655588],[120.9824075193648,14.516774991371468],[120.98420414993303,14.516774991371468],[120.98420414993303,14.515876676087348],[120.98510246521717,14.515876676087348],[120.98510246521717,14.517673306655588],[120.98869572635364,14.516774991371468],[120.98869572635364,14.517673306655588],[120.98959404163776,14.517673306655588],[120.98959404163776,14.519469937223827],[120.98779741106952,14.519469937223827],[120.98779741106952,14.520368252507946],[120.9868990957854,14.520368252507946],[120.9868990957854,14.523063198360305],[120.98510246521717,14.523063198360305],[120.98510246521717,14.523961513644425],[120.98420414993303,14.523961513644425],[120.98330583464892,14.522164883076185],[120.9824075193648,14.522164883076185],[120.9824075193648,14.519469937223827],[120.97881425822833,14.521266567792066],[120.97881425822833,14.517673306655588],[120.97971257351244,14.517673306655588],[120.97971257351244,14.518571621939707],[120.98150920408068,14.518571621939707],[120.98150920408068,14.517673306655588],[120.9824075193648,14.517673306655588]],[[120.9824075193648,14.517673306655588],[120.98420414993303,14.517673306655588],[120.98420414993303,14.518571621939707],[120.9824075193648,14.518571621939707],[120.9824075193648,14.517673306655588]],[[120.98330583464892,14.519469937223827],[120.98510246521717,14.519469937223827],[120.98510246521717,14.520368252507946],[120.98330583464892,14.520368252507946],[120.98330583464892,14.519469937223827]]]},"id":"+134679+16167","properties":{"cls":1,"count":49}},{"type":"Feature","geometry":{"geodesic":false,"type":"Polygon","coordinates":[[[120.98420414993303,14.525758144212663],[120.98510246521717,14.525758144212663],[120.98510246521717,14.526656459496783],[120.98420414993303,14.526656459496783],[120.98420414993303,14.525758144212663]]]},"id":"+134679+16170","properties":{"cls":1,"count":1}},{"type":"Feature","geometry":{"geodesic":false,"type":"Polygon","coordinates":[[[120.98420414993303,14.536537927622097],[120.98510246521717,14.536537927622097],[120.98510246521717,14.537436242906217],[120.98420414993303,14.537436242906217],[120.98420414993303,14.536537927622097]]]},"id":"+134679+16182","properties":{"cls":1,"count":1}},{"type":"Feature","geometry":{"geodesic":false,"type":"Polygon","coordinates":[[[120.98420414993303,14.538334558190337],[120.98510246521717,14.538334558190337],[120.98510246521717,14.539232873474456],[120.98420414993303,14.539232873474456],[120.98420414993303,14.538334558190337]]]},"id":"+134679+16184","properties":{"cls":1,"count":1}},{"type":"Feature","geometry":{"geodesic":false,"type":"Polygon","coordinates":[[[120.98420414993303,14.563487386145683],[120.98510246521717,14.563487386145683],[120.98510246521717,14.565284016713923],[120.98420414993303,14.565284016713923],[120.98420414993303,14.563487386145683]]]},"id":"+134679+16213","properties":{"cls":1,"count":2}},{"type":"Feature","geometry":{"geodesic":false,"type":"Polygon","coordinates":[[[120.98510246521717,14.477249118870208],[120.98600078050129,14.477249118870208],[120.98600078050129,14.478147434154328],[120.98510246521717,14.478147434154328],[120.98510246521717,14.477249118870208]]]},"id":"+134680+16116","properties":{"cls":1,"count":1}},{"type":"Feature","geometry":{"geodesic":false,"type":"Polygon","coordinates":[[[120.98510246521717,14.480842380006687],[120.98600078050129,14.480842380006687],[120.98600078050129,14.481740695290807],[120.98510246521717,14.481740695290807],[120.98510246521717,14.480842380006687]]]},"id":"+134680+16120","properties":{"cls":1,"count":1}},{"type":"Feature","geometry":{"geodesic":false,"type":"Polygon","coordinates":[[[120.98510246521717,14.558097494440966],[120.98600078050129,14.558097494440966],[120.98600078050129,14.558995809725085],[120.98510246521717,14.558995809725085],[120.98510246521717,14.558097494440966]]]},"id":"+134680+16206","properties":{"cls":1,"count":1}},{"type":"Feature","geometry":{"geodesic":false,"type":"Polygon","coordinates":[[[120.98510246521717,14.616487987908735],[120.98600078050129,14.616487987908735],[120.98600078050129,14.617386303192854],[120.98510246521717,14.617386303192854],[120.98510246521717,14.616487987908735]]]},"id":"+134680+16271","properties":{"cls":1,"count":1}},{"type":"Feature","geometry":{"geodesic":false,"type":"Polygon","coordinates":[[[120.98600078050129,14.479944064722568],[120.9868990957854,14.479944064722568],[120.9868990957854,14.480842380006687],[120.98600078050129,14.480842380006687],[120.98600078050129,14.479944064722568]]]},"id":"+134681+16119","properties":{"cls":1,"count":1}},{"type":"Feature","geometry":{"geodesic":false,"type":"Polygon","coordinates":[[[120.98510246521717,14.500605316257317],[120.98510246521717,14.498808685689077],[120.98420414993303,14.498808685689077],[120.98420414993303,14.497910370404957],[120.98600078050129,14.497910370404957],[120.98600078050129,14.499707000973197],[120.9868990957854,14.499707000973197],[120.9868990957854,14.500605316257317],[120.98510246521717,14.500605316257317]]]},"id":"+134681+16141","properties":{"cls":1,"count":5}},{"type":"Feature","geometry":{"geodesic":false,"type":"Polygon","coordinates":[[[120.98600078050129,14.503300262109676],[120.9868990957854,14.503300262109676],[120.9868990957854,14.504198577393796],[120.98600078050129,14.504198577393796],[120.98600078050129,14.503300262109676]]]},"id":"+134681+16145","properties":{"cls":1,"count":1}},{"type":"Feature","geometry":{"geodesic":false,"type":"Polygon","coordinates":[[[120.98510246521717,14.546419395747412],[120.9868990957854,14.546419395747412],[120.9868990957854,14.547317711031532],[120.98510246521717,14.547317711031532],[120.98510246521717,14.546419395747412]]]},"id":"+134681+16193","properties":{"cls":1,"count":2}},{"type":"Feature","geometry":{"geodesic":false,"type":"Polygon","coordinates":[[[120.98600078050129,14.558995809725085],[120.9868990957854,14.558995809725085],[120.9868990957854,14.559894125009205],[120.98600078050129,14.559894125009205],[120.98600078050129,14.558995809725085]]]},"id":"+134681+16207","properties":{"cls":1,"count":1}},{"type":"Feature","geometry":{"geodesic":false,"type":"Polygon","coordinates":[[[120.98510246521717,14.592233475237508],[120.9868990957854,14.592233475237508],[120.9868990957854,14.593131790521628],[120.98510246521717,14.593131790521628],[120.98510246521717,14.592233475237508]]]},"id":"+134681+16244","properties":{"cls":1,"count":2}},{"type":"Feature","geometry":{"geodesic":false,"type":"Polygon","coordinates":[[[120.9868990957854,14.478147434154328],[120.98779741106952,14.478147434154328],[120.98779741106952,14.479045749438448],[120.9868990957854,14.479045749438448],[120.9868990957854,14.478147434154328]]]},"id":"+134682+16117","properties":{"cls":1,"count":1}},{"type":"Feature","geometry":{"geodesic":false,"type":"Polygon","coordinates":[[[120.9868990957854,14.500605316257317],[120.98779741106952,14.500605316257317],[120.98779741106952,14.501503631541436],[120.9868990957854,14.501503631541436],[120.9868990957854,14.500605316257317]]]},"id":"+134682+16142","properties":{"cls":1,"count":1}},{"type":"Feature","geometry":{"geodesic":false,"type":"Polygon","coordinates":[[[120.98779741106952,14.480842380006687],[120.98869572635364,14.480842380006687],[120.98869572635364,14.481740695290807],[120.98779741106952,14.481740695290807],[120.98779741106952,14.480842380006687]]]},"id":"+134683+16120","properties":{"cls":1,"count":1}},{"type":"Feature","geometry":{"geodesic":false,"type":"Polygon","coordinates":[[[120.98779741106952,14.523961513644425],[120.98869572635364,14.523961513644425],[120.98869572635364,14.524859828928543],[120.98779741106952,14.524859828928543],[120.98779741106952,14.523961513644425]]]},"id":"+134683+16168","properties":{"cls":1,"count":1}},{"type":"Feature","geometry":{"geodesic":false,"type":"Polygon","coordinates":[[[120.98779741106952,14.531148035917381],[120.98869572635364,14.531148035917381],[120.98869572635364,14.5320463512015],[120.98779741106952,14.5320463512015],[120.98779741106952,14.531148035917381]]]},"id":"+134683+16176","properties":{"cls":1,"count":1}},{"type":"Feature","geometry":{"geodesic":false,"type":"Polygon","coordinates":[[[120.98869572635364,14.485333956427285],[120.98959404163776,14.485333956427285],[120.98959404163776,14.486232271711405],[120.98869572635364,14.486232271711405],[120.98869572635364,14.485333956427285]]]},"id":"+134684+16125","properties":{"cls":1,"count":1}},{"type":"Feature","geometry":{"geodesic":false,"type":"Polygon","coordinates":[[[120.98600078050129,14.51408004551911],[120.98959404163776,14.51408004551911],[120.98959404163776,14.514978360803228],[120.98600078050129,14.514978360803228],[120.98600078050129,14.51408004551911]]]},"id":"+134684+16157","properties":{"cls":1,"count":4}},{"type":"Feature","geometry":{"geodesic":false,"type":"Polygon","coordinates":[[[120.98869572635364,14.520368252507946],[120.98959404163776,14.520368252507946],[120.98959404163776,14.522164883076185],[120.98869572635364,14.522164883076185],[120.98869572635364,14.520368252507946]]]},"id":"+134684+16165","properties":{"cls":1,"count":2}},{"type":"Feature","geometry":{"geodesic":false,"type":"Polygon","coordinates":[[[120.98779741106952,14.547317711031532],[120.98779741106952,14.544622765179174],[120.98869572635364,14.544622765179174],[120.98869572635364,14.545521080463292],[120.99049235692188,14.545521080463292],[120.98959404163776,14.547317711031532],[120.98779741106952,14.547317711031532]]]},"id":"+134684+16193","properties":{"cls":1,"count":6}},{"type":"Feature","geometry":{"geodesic":false,"type":"Polygon","coordinates":[[[120.98779741106952,14.591335159953388],[120.98959404163776,14.591335159953388],[120.98959404163776,14.592233475237508],[120.98779741106952,14.592233475237508],[120.98779741106952,14.591335159953388]]]},"id":"+134684+16243","properties":{"cls":1,"count":2}},{"type":"Feature","geometry":{"geodesic":false,"type":"Polygon","coordinates":[[[120.98959404163776,14.519469937223827],[120.99049235692188,14.519469937223827],[120.99049235692188,14.520368252507946],[120.98959404163776,14.520368252507946],[120.98959404163776,14.519469937223827]]]},"id":"+134685+16163","properties":{"cls":1,"count":1}},{"type":"Feature","geometry":{"geodesic":false,"type":"Polygon","coordinates":[[[120.98869572635364,14.563487386145683],[120.98869572635364,14.561690755577445],[120.98959404163776,14.561690755577445],[120.99049235692188,14.563487386145683],[120.98869572635364,14.563487386145683]]]},"id":"+134685+16211","properties":{"cls":1,"count":3}},{"type":"Feature","geometry":{"geodesic":false,"type":"Polygon","coordinates":[[[120.98869572635364,14.58774189881691],[120.99049235692188,14.58774189881691],[120.99049235692188,14.58864021410103],[120.98869572635364,14.58864021410103],[120.98869572635364,14.58774189881691]]]},"id":"+134685+16239","properties":{"cls":1,"count":2}},{"type":"Feature","geometry":{"geodesic":false,"type":"Polygon","coordinates":[[[120.98959404163776,14.590436844669268],[120.99049235692188,14.590436844669268],[120.99049235692188,14.591335159953388],[120.98959404163776,14.591335159953388],[120.98959404163776,14.590436844669268]]]},"id":"+134685+16242","properties":{"cls":1,"count":1}},{"type":"Feature","geometry":{"geodesic":false,"type":"Polygon","coordinates":[[[120.99049235692188,14.521266567792066],[120.991390672206,14.521266567792066],[120.991390672206,14.522164883076185],[120.99049235692188,14.522164883076185],[120.99049235692188,14.521266567792066]]]},"id":"+134686+16165","properties":{"cls":1,"count":1}},{"type":"Feature","geometry":{"geodesic":false,"type":"Polygon","coordinates":[[[120.99049235692188,14.591335159953388],[120.991390672206,14.591335159953388],[120.991390672206,14.592233475237508],[120.99049235692188,14.592233475237508],[120.99049235692188,14.591335159953388]]]},"id":"+134686+16243","properties":{"cls":1,"count":1}},{"type":"Feature","geometry":{"geodesic":false,"type":"Polygon","coordinates":[[[120.991390672206,14.480842380006687],[120.99228898749011,14.480842380006687],[120.99228898749011,14.481740695290807],[120.991390672206,14.481740695290807],[120.991390672206,14.480842380006687]]]},"id":"+134687+16120","properties":{"cls":1,"count":1}},{"type":"Feature","geometry":{"geodesic":false,"type":"Polygon","coordinates":[[[120.991390672206,14.503300262109676],[120.991390672206,14.501503631541436],[120.99318730277423,14.501503631541436],[120.99318730277423,14.502401946825556],[120.991390672206,14.503300262109676]]]},"id":"+134687+16144","properties":{"cls":1,"count":3}},{"type":"Feature","geometry":{"geodesic":false,"type":"Polygon","coordinates":[[[120.991390672206,14.528453090065021],[120.991390672206,14.527554774780903],[120.99049235692188,14.527554774780903],[120.99049235692188,14.525758144212663],[120.99228898749011,14.525758144212663],[120.99318730277423,14.527554774780903],[120.991390672206,14.528453090065021]]]},"id":"+134687+16172","properties":{"cls":1,"count":6}},{"type":"Feature","geometry":{"geodesic":false,"type":"Polygon","coordinates":[[[120.99049235692188,14.5320463512015],[120.98959404163776,14.530249720633261],[120.98779741106952,14.530249720633261],[120.98779741106952,14.528453090065021],[120.98959404163776,14.528453090065021],[120.98959404163776,14.527554774780903],[120.99049235692188,14.527554774780903],[120.99049235692188,14.529351405349141],[120.99228898749011,14.530249720633261],[120.99228898749011,14.5320463512015],[120.99049235692188,14.5320463512015]]]},"id":"+134687+16176","properties":{"cls":1,"count":13}},{"type":"Feature","geometry":{"geodesic":false,"type":"Polygon","coordinates":[[[120.99228898749011,14.483537325859047],[120.99318730277423,14.483537325859047],[120.99318730277423,14.484435641143165],[120.99228898749011,14.484435641143165],[120.99228898749011,14.483537325859047]]]},"id":"+134688+16123","properties":{"cls":1,"count":1}},{"type":"Feature","geometry":{"geodesic":false,"type":"Polygon","coordinates":[[[120.98959404163776,14.524859828928543],[120.98959404163776,14.523961513644425],[120.99228898749011,14.523961513644425],[120.99228898749011,14.522164883076185],[120.99318730277423,14.522164883076185],[120.99318730277423,14.524859828928543],[120.98959404163776,14.524859828928543]]]},"id":"+134688+16168","properties":{"cls":1,"count":6}},{"type":"Feature","geometry":{"geodesic":false,"type":"Polygon","coordinates":[[[120.99228898749011,14.560792440293325],[120.99318730277423,14.560792440293325],[120.99318730277423,14.561690755577445],[120.99228898749011,14.561690755577445],[120.99228898749011,14.560792440293325]]]},"id":"+134688+16209","properties":{"cls":1,"count":1}},{"type":"Feature","geometry":{"geodesic":false,"type":"Polygon","coordinates":[[[120.99318730277423,14.480842380006687],[120.99408561805835,14.480842380006687],[120.99408561805835,14.481740695290807],[120.99318730277423,14.481740695290807],[120.99318730277423,14.480842380006687]]]},"id":"+134689+16120","properties":{"cls":1,"count":1}},{"type":"Feature","geometry":{"geodesic":false,"type":"Polygon","coordinates":[[[120.99318730277423,14.493418793984361],[120.99408561805835,14.493418793984361],[120.99408561805835,14.49431710926848],[120.99318730277423,14.49431710926848],[120.99318730277423,14.493418793984361]]]},"id":"+134689+16134","properties":{"cls":1,"count":1}},{"type":"Feature","geometry":{"geodesic":false,"type":"Polygon","coordinates":[[[120.99318730277423,14.4952154245526],[120.99408561805835,14.4952154245526],[120.99408561805835,14.49611373983672],[120.99318730277423,14.49611373983672],[120.99318730277423,14.4952154245526]]]},"id":"+134689+16136","properties":{"cls":1,"count":1}},{"type":"Feature","geometry":{"geodesic":false,"type":"Polygon","coordinates":[[[120.99318730277423,14.502401946825556],[120.99408561805835,14.502401946825556],[120.99408561805835,14.503300262109676],[120.99318730277423,14.503300262109676],[120.99318730277423,14.502401946825556]]]},"id":"+134689+16144","properties":{"cls":1,"count":1}},{"type":"Feature","geometry":{"geodesic":false,"type":"Polygon","coordinates":[[[120.99318730277423,14.519469937223827],[120.99408561805835,14.519469937223827],[120.99408561805835,14.520368252507946],[120.99318730277423,14.520368252507946],[120.99318730277423,14.519469937223827]]]},"id":"+134689+16163","properties":{"cls":1,"count":1}},{"type":"Feature","geometry":{"geodesic":false,"type":"Polygon","coordinates":[[[120.99318730277423,14.565284016713923],[120.99408561805835,14.565284016713923],[120.99408561805835,14.566182331998041],[120.99318730277423,14.566182331998041],[120.99318730277423,14.565284016713923]]]},"id":"+134689+16214","properties":{"cls":1,"count":1}},{"type":"Feature","geometry":{"geodesic":false,"type":"Polygon","coordinates":[[[120.99318730277423,14.592233475237508],[120.99408561805835,14.592233475237508],[120.99408561805835,14.593131790521628],[120.99318730277423,14.593131790521628],[120.99318730277423,14.592233475237508]]]},"id":"+134689+16244","properties":{"cls":1,"count":1}},{"type":"Feature","geometry":{"geodesic":false,"type":"Polygon","coordinates":[[[120.99408561805835,14.491622163416121],[120.99498393334248,14.491622163416121],[120.99498393334248,14.492520478700241],[120.99408561805835,14.492520478700241],[120.99408561805835,14.491622163416121]]]},"id":"+134690+16132","properties":{"cls":1,"count":1}},{"type":"Feature","geometry":{"geodesic":false,"type":"Polygon","coordinates":[[[120.99408561805835,14.49611373983672],[120.99498393334248,14.49611373983672],[120.99498393334248,14.49701205512084],[120.99408561805835,14.49701205512084],[120.99408561805835,14.49611373983672]]]},"id":"+134690+16137","properties":{"cls":1,"count":1}},{"type":"Feature","geometry":{"geodesic":false,"type":"Polygon","coordinates":[[[120.99408561805835,14.506893523246154],[120.99408561805835,14.504198577393796],[120.9958822486266,14.504198577393796],[120.9958822486266,14.505096892677914],[120.99498393334248,14.505096892677914],[120.99498393334248,14.506893523246154],[120.99408561805835,14.506893523246154]]]},"id":"+134690+16148","properties":{"cls":1,"count":4}},{"type":"Feature","geometry":{"geodesic":false,"type":"Polygon","coordinates":[[[120.99408561805835,14.562589070861563],[120.99498393334248,14.562589070861563],[120.99498393334248,14.563487386145683],[120.99408561805835,14.563487386145683],[120.99408561805835,14.562589070861563]]]},"id":"+134690+16211","properties":{"cls":1,"count":1}},{"type":"Feature","geometry":{"geodesic":false,"type":"Polygon","coordinates":[[[120.99408561805835,14.593131790521628],[120.99498393334248,14.593131790521628],[120.99498393334248,14.594928421089866],[120.99408561805835,14.594928421089866],[120.99408561805835,14.593131790521628]]]},"id":"+134690+16246","properties":{"cls":1,"count":2}},{"type":"Feature","geometry":{"geodesic":false,"type":"Polygon","coordinates":[[[120.99498393334248,14.49701205512084],[120.9958822486266,14.49701205512084],[120.9958822486266,14.497910370404957],[120.99498393334248,14.497910370404957],[120.99498393334248,14.49701205512084]]]},"id":"+134691+16138","properties":{"cls":1,"count":1}},{"type":"Feature","geometry":{"geodesic":false,"type":"Polygon","coordinates":[[[120.99498393334248,14.594928421089866],[120.9958822486266,14.594928421089866],[120.9958822486266,14.595826736373986],[120.99498393334248,14.595826736373986],[120.99498393334248,14.594928421089866]]]},"id":"+134691+16247","properties":{"cls":1,"count":1}},{"type":"Feature","geometry":{"geodesic":false,"type":"Polygon","coordinates":[[[120.9958822486266,14.595826736373986],[120.99678056391072,14.595826736373986],[120.99678056391072,14.596725051658105],[120.9958822486266,14.596725051658105],[120.9958822486266,14.595826736373986]]]},"id":"+134692+16248","properties":{"cls":1,"count":1}},{"type":"Feature","geometry":{"geodesic":false,"type":"Polygon","coordinates":[[[120.9958822486266,14.4952154245526],[120.99767887919484,14.4952154245526],[120.99767887919484,14.49611373983672],[120.9958822486266,14.49611373983672],[120.9958822486266,14.4952154245526]]]},"id":"+134693+16136","properties":{"cls":1,"count":2}},{"type":"Feature","geometry":{"geodesic":false,"type":"Polygon","coordinates":[[[120.99678056391072,14.514978360803228],[120.99767887919484,14.514978360803228],[120.99767887919484,14.515876676087348],[120.99678056391072,14.515876676087348],[120.99678056391072,14.514978360803228]]]},"id":"+134693+16158","properties":{"cls":1,"count":1}},{"type":"Feature","geometry":{"geodesic":false,"type":"Polygon","coordinates":[[[120.99678056391072,14.596725051658105],[120.99767887919484,14.596725051658105],[120.99767887919484,14.597623366942225],[120.99678056391072,14.597623366942225],[120.99678056391072,14.596725051658105]]]},"id":"+134693+16249","properties":{"cls":1,"count":1}},{"type":"Feature","geometry":{"geodesic":false,"type":"Polygon","coordinates":[[[120.99767887919484,14.517673306655588],[120.99857719447895,14.517673306655588],[120.99857719447895,14.518571621939707],[120.99767887919484,14.518571621939707],[120.99767887919484,14.517673306655588]]]},"id":"+134694+16161","properties":{"cls":1,"count":1}},{"type":"Feature","geometry":{"geodesic":false,"type":"Polygon","coordinates":[[[120.99767887919484,14.522164883076185],[120.99857719447895,14.522164883076185],[120.99857719447895,14.523063198360305],[120.99767887919484,14.523063198360305],[120.99767887919484,14.522164883076185]]]},"id":"+134694+16166","properties":{"cls":1,"count":1}},{"type":"Feature","geometry":{"geodesic":false,"type":"Polygon","coordinates":[[[120.99767887919484,14.525758144212663],[120.99857719447895,14.525758144212663],[120.99857719447895,14.528453090065021],[120.99767887919484,14.528453090065021],[120.99767887919484,14.525758144212663]]]},"id":"+134694+16172","properties":{"cls":1,"count":3}},{"type":"Feature","geometry":{"geodesic":false,"type":"Polygon","coordinates":[[[120.99947550976307,14.502401946825556],[121.00037382504719,14.502401946825556],[121.00037382504719,14.503300262109676],[120.99947550976307,14.503300262109676],[120.99947550976307,14.502401946825556]]]},"id":"+134696+16144","properties":{"cls":1,"count":1}},{"type":"Feature","geometry":{"geodesic":false,"type":"Polygon","coordinates":[[[120.99947550976307,14.618284618476974],[121.00037382504719,14.618284618476974],[121.00037382504719,14.619182933761094],[120.99947550976307,14.619182933761094],[120.99947550976307,14.618284618476974]]]},"id":"+134696+16273","properties":{"cls":1,"count":1}},{"type":"Feature","geometry":{"geodesic":false,"type":"Polygon","coordinates":[[[120.99947550976307,14.66320038268295],[121.00037382504719,14.66320038268295],[121.00037382504719,14.664997013251188],[120.99947550976307,14.664997013251188],[120.99947550976307,14.66320038268295]]]},"id":"+134696+16324","properties":{"cls":1,"count":2}},{"type":"Feature","geometry":{"geodesic":false,"type":"Polygon","coordinates":[[[121.00037382504719,14.523063198360305],[121.00127214033131,14.523063198360305],[121.00127214033131,14.523961513644425],[121.00037382504719,14.523961513644425],[121.00037382504719,14.523063198360305]]]},"id":"+134697+16167","properties":{"cls":1,"count":1}},{"type":"Feature","geometry":{"geodesic":false,"type":"Polygon","coordinates":[[[121.00037382504719,14.524859828928543],[121.00127214033131,14.524859828928543],[121.00127214033131,14.525758144212663],[121.00037382504719,14.525758144212663],[121.00037382504719,14.524859828928543]]]},"id":"+134697+16169","properties":{"cls":1,"count":1}},{"type":"Feature","geometry":{"geodesic":false,"type":"Polygon","coordinates":[[[121.00037382504719,14.530249720633261],[121.00127214033131,14.530249720633261],[121.00127214033131,14.531148035917381],[121.00037382504719,14.531148035917381],[121.00037382504719,14.530249720633261]]]},"id":"+134697+16175","properties":{"cls":1,"count":1}},{"type":"Feature","geometry":{"geodesic":false,"type":"Polygon","coordinates":[[[121.00037382504719,14.505995207962034],[121.00037382504719,14.505096892677914],[121.00127214033131,14.505096892677914],[121.00127214033131,14.503300262109676],[121.00217045561543,14.503300262109676],[121.00217045561543,14.505995207962034],[121.00037382504719,14.505995207962034]]]},"id":"+134698+16147","properties":{"cls":1,"count":4}},{"type":"Feature","geometry":{"geodesic":false,"type":"Polygon","coordinates":[[[120.99947550976307,14.597623366942225],[121.00037382504719,14.595826736373986],[121.00217045561543,14.596725051658105],[121.00217045561543,14.597623366942225],[120.99947550976307,14.597623366942225]]]},"id":"+134698+16249","properties":{"cls":1,"count":4}},{"type":"Feature","geometry":{"geodesic":false,"type":"Polygon","coordinates":[[[121.00217045561543,14.523063198360305],[121.00306877089955,14.523063198360305],[121.00306877089955,14.524859828928543],[121.00217045561543,14.524859828928543],[121.00217045561543,14.523063198360305]]]},"id":"+134699+16168","properties":{"cls":1,"count":2}},{"type":"Feature","geometry":{"geodesic":false,"type":"Polygon","coordinates":[[[121.00217045561543,14.497910370404957],[121.00217045561543,14.49611373983672],[121.00306877089955,14.49611373983672],[121.00396708618366,14.497910370404957],[121.00217045561543,14.497910370404957]]]},"id":"+134700+16138","properties":{"cls":1,"count":3}},{"type":"Feature","geometry":{"geodesic":false,"type":"Polygon","coordinates":[[[121.00396708618366,14.503300262109676],[121.0048654014678,14.503300262109676],[121.0048654014678,14.504198577393796],[121.00396708618366,14.504198577393796],[121.00396708618366,14.503300262109676]]]},"id":"+134701+16145","properties":{"cls":1,"count":1}},{"type":"Feature","geometry":{"geodesic":false,"type":"Polygon","coordinates":[[[121.00396708618366,14.53294466648562],[121.0048654014678,14.53294466648562],[121.0048654014678,14.53384298176974],[121.00396708618366,14.53384298176974],[121.00396708618366,14.53294466648562]]]},"id":"+134701+16178","properties":{"cls":1,"count":1}},{"type":"Feature","geometry":{"geodesic":false,"type":"Polygon","coordinates":[[[121.00396708618366,14.669488589671786],[121.0048654014678,14.669488589671786],[121.0048654014678,14.670386904955906],[121.00396708618366,14.670386904955906],[121.00396708618366,14.669488589671786]]]},"id":"+134701+16330","properties":{"cls":1,"count":1}},{"type":"Feature","geometry":{"geodesic":false,"type":"Polygon","coordinates":[[[121.0048654014678,14.505995207962034],[121.00576371675191,14.505995207962034],[121.00576371675191,14.506893523246154],[121.0048654014678,14.506893523246154],[121.0048654014678,14.505995207962034]]]},"id":"+134702+16148","properties":{"cls":1,"count":1}},{"type":"Feature","geometry":{"geodesic":false,"type":"Polygon","coordinates":[[[121.0048654014678,14.523063198360305],[121.00576371675191,14.523063198360305],[121.00576371675191,14.524859828928543],[121.0048654014678,14.524859828928543],[121.0048654014678,14.523063198360305]]]},"id":"+134702+16168","properties":{"cls":1,"count":2}},{"type":"Feature","geometry":{"geodesic":false,"type":"Polygon","coordinates":[[[121.0048654014678,14.597623366942225],[121.00576371675191,14.597623366942225],[121.00576371675191,14.598521682226345],[121.0048654014678,14.598521682226345],[121.0048654014678,14.597623366942225]]]},"id":"+134702+16250","properties":{"cls":1,"count":1}},{"type":"Feature","geometry":{"geodesic":false,"type":"Polygon","coordinates":[[[121.00576371675191,14.505096892677914],[121.00666203203603,14.505096892677914],[121.00666203203603,14.505995207962034],[121.00576371675191,14.505995207962034],[121.00576371675191,14.505096892677914]]]},"id":"+134703+16147","properties":{"cls":1,"count":1}},{"type":"Feature","geometry":{"geodesic":false,"type":"Polygon","coordinates":[[[121.00576371675191,14.525758144212663],[121.00666203203603,14.525758144212663],[121.00666203203603,14.526656459496783],[121.00576371675191,14.526656459496783],[121.00576371675191,14.525758144212663]]]},"id":"+134703+16170","properties":{"cls":1,"count":1}},{"type":"Feature","geometry":{"geodesic":false,"type":"Polygon","coordinates":[[[121.00576371675191,14.66409869796707],[121.00666203203603,14.66409869796707],[121.00666203203603,14.664997013251188],[121.00576371675191,14.664997013251188],[121.00576371675191,14.66409869796707]]]},"id":"+134703+16324","properties":{"cls":1,"count":1}},{"type":"Feature","geometry":{"geodesic":false,"type":"Polygon","coordinates":[[[121.00666203203603,14.584148637680432],[121.00756034732015,14.584148637680432],[121.00756034732015,14.585046952964552],[121.00666203203603,14.585046952964552],[121.00666203203603,14.584148637680432]]]},"id":"+134704+16235","properties":{"cls":1,"count":1}},{"type":"Feature","geometry":{"geodesic":false,"type":"Polygon","coordinates":[[[121.00666203203603,14.703624570468328],[121.00756034732015,14.703624570468328],[121.00756034732015,14.704522885752448],[121.00666203203603,14.704522885752448],[121.00666203203603,14.703624570468328]]]},"id":"+134704+16368","properties":{"cls":1,"count":1}},{"type":"Feature","geometry":{"geodesic":false,"type":"Polygon","coordinates":[[[121.00756034732015,14.525758144212663],[121.00845866260427,14.525758144212663],[121.00845866260427,14.526656459496783],[121.00756034732015,14.526656459496783],[121.00756034732015,14.525758144212663]]]},"id":"+134705+16170","properties":{"cls":1,"count":1}},{"type":"Feature","geometry":{"geodesic":false,"type":"Polygon","coordinates":[[[121.00756034732015,14.661403752114712],[121.00845866260427,14.661403752114712],[121.00845866260427,14.66230206739883],[121.00756034732015,14.66230206739883],[121.00756034732015,14.661403752114712]]]},"id":"+134705+16321","properties":{"cls":1,"count":1}},{"type":"Feature","geometry":{"geodesic":false,"type":"Polygon","coordinates":[[[121.00845866260427,14.514978360803228],[121.00935697788839,14.514978360803228],[121.00935697788839,14.515876676087348],[121.00845866260427,14.515876676087348],[121.00845866260427,14.514978360803228]]]},"id":"+134706+16158","properties":{"cls":1,"count":1}},{"type":"Feature","geometry":{"geodesic":false,"type":"Polygon","coordinates":[[[121.00935697788839,14.590436844669268],[121.00935697788839,14.58864021410103],[121.01115360845662,14.58864021410103],[121.01115360845662,14.58953852938515],[121.00935697788839,14.590436844669268]]]},"id":"+134707+16241","properties":{"cls":1,"count":3}},{"type":"Feature","geometry":{"geodesic":false,"type":"Polygon","coordinates":[[[121.0102552931725,14.595826736373986],[121.01115360845662,14.595826736373986],[121.01115360845662,14.596725051658105],[121.0102552931725,14.596725051658105],[121.0102552931725,14.595826736373986]]]},"id":"+134708+16248","properties":{"cls":1,"count":1}},{"type":"Feature","geometry":{"geodesic":false,"type":"Polygon","coordinates":[[[121.01205192374074,14.594928421089866],[121.01295023902486,14.594928421089866],[121.01295023902486,14.595826736373986],[121.01205192374074,14.595826736373986],[121.01205192374074,14.594928421089866]]]},"id":"+134710+16247","properties":{"cls":1,"count":1}},{"type":"Feature","geometry":{"geodesic":false,"type":"Polygon","coordinates":[[[121.01295023902486,14.520368252507946],[121.01384855430898,14.520368252507946],[121.01384855430898,14.521266567792066],[121.01295023902486,14.521266567792066],[121.01295023902486,14.520368252507946]]]},"id":"+134711+16164","properties":{"cls":1,"count":1}},{"type":"Feature","geometry":{"geodesic":false,"type":"Polygon","coordinates":[[[121.01295023902486,14.585046952964552],[121.01384855430898,14.585046952964552],[121.01384855430898,14.585945268248672],[121.01295023902486,14.585945268248672],[121.01295023902486,14.585046952964552]]]},"id":"+134711+16236","properties":{"cls":1,"count":1}},{"type":"Feature","geometry":{"geodesic":false,"type":"Polygon","coordinates":[[[121.01205192374074,14.593131790521628],[121.01384855430898,14.593131790521628],[121.01384855430898,14.594030105805746],[121.01205192374074,14.594030105805746],[121.01205192374074,14.593131790521628]]]},"id":"+134711+16245","properties":{"cls":1,"count":2}},{"type":"Feature","geometry":{"geodesic":false,"type":"Polygon","coordinates":[[[121.01384855430898,14.509588469098512],[121.01474686959311,14.509588469098512],[121.01474686959311,14.51138509966675],[121.01384855430898,14.51138509966675],[121.01384855430898,14.509588469098512]]]},"id":"+134712+16153","properties":{"cls":1,"count":2}},{"type":"Feature","geometry":{"geodesic":false,"type":"Polygon","coordinates":[[[121.01295023902486,14.590436844669268],[121.01474686959311,14.590436844669268],[121.01474686959311,14.591335159953388],[121.01295023902486,14.591335159953388],[121.01295023902486,14.590436844669268]]]},"id":"+134712+16242","properties":{"cls":1,"count":2}},{"type":"Feature","geometry":{"geodesic":false,"type":"Polygon","coordinates":[[[121.01474686959311,14.560792440293325],[121.01564518487723,14.560792440293325],[121.01564518487723,14.561690755577445],[121.01474686959311,14.561690755577445],[121.01474686959311,14.560792440293325]]]},"id":"+134713+16209","properties":{"cls":1,"count":1}},{"type":"Feature","geometry":{"geodesic":false,"type":"Polygon","coordinates":[[[121.01474686959311,14.593131790521628],[121.01564518487723,14.593131790521628],[121.01564518487723,14.594030105805746],[121.01474686959311,14.594030105805746],[121.01474686959311,14.593131790521628]]]},"id":"+134713+16245","properties":{"cls":1,"count":1}},{"type":"Feature","geometry":{"geodesic":false,"type":"Polygon","coordinates":[[[121.01564518487723,14.558995809725085],[121.01654350016135,14.558995809725085],[121.01654350016135,14.560792440293325],[121.01564518487723,14.560792440293325],[121.01564518487723,14.558995809725085]]]},"id":"+134714+16208","properties":{"cls":1,"count":2}},{"type":"Feature","geometry":{"geodesic":false,"type":"Polygon","coordinates":[[[121.01474686959311,14.58684358353279],[121.01654350016135,14.58684358353279],[121.01654350016135,14.58774189881691],[121.01474686959311,14.58774189881691],[121.01474686959311,14.58684358353279]]]},"id":"+134714+16238","properties":{"cls":1,"count":2}},{"type":"Feature","geometry":{"geodesic":false,"type":"Polygon","coordinates":[[[121.01654350016135,14.552707602736248],[121.01744181544547,14.552707602736248],[121.01744181544547,14.553605918020368],[121.01654350016135,14.553605918020368],[121.01654350016135,14.552707602736248]]]},"id":"+134715+16200","properties":{"cls":1,"count":1}},{"type":"Feature","geometry":{"geodesic":false,"type":"Polygon","coordinates":[[[121.01654350016135,14.558097494440966],[121.01744181544547,14.558097494440966],[121.01744181544547,14.558995809725085],[121.01654350016135,14.558995809725085],[121.01654350016135,14.558097494440966]]]},"id":"+134715+16206","properties":{"cls":1,"count":1}},{"type":"Feature","geometry":{"geodesic":false,"type":"Polygon","coordinates":[[[121.01654350016135,14.581453691828074],[121.01744181544547,14.581453691828074],[121.01744181544547,14.582352007112194],[121.01654350016135,14.582352007112194],[121.01654350016135,14.581453691828074]]]},"id":"+134715+16232","properties":{"cls":1,"count":1}},{"type":"Feature","geometry":{"geodesic":false,"type":"Polygon","coordinates":[[[121.01564518487723,14.58864021410103],[121.01744181544547,14.58864021410103],[121.01744181544547,14.58953852938515],[121.01564518487723,14.58953852938515],[121.01564518487723,14.58864021410103]]]},"id":"+134715+16240","properties":{"cls":1,"count":2}},{"type":"Feature","geometry":{"geodesic":false,"type":"Polygon","coordinates":[[[121.01654350016135,14.656912175694114],[121.01744181544547,14.656912175694114],[121.01744181544547,14.657810490978234],[121.01654350016135,14.657810490978234],[121.01654350016135,14.656912175694114]]]},"id":"+134715+16316","properties":{"cls":1,"count":1}},{"type":"Feature","geometry":{"geodesic":false,"type":"Polygon","coordinates":[[[121.01654350016135,14.579657061259834],[121.01834013072958,14.579657061259834],[121.01834013072958,14.580555376543954],[121.01654350016135,14.580555376543954],[121.01654350016135,14.579657061259834]]]},"id":"+134716+16230","properties":{"cls":1,"count":2}},{"type":"Feature","geometry":{"geodesic":false,"type":"Polygon","coordinates":[[[121.01744181544547,14.582352007112194],[121.01834013072958,14.582352007112194],[121.01834013072958,14.583250322396312],[121.01744181544547,14.583250322396312],[121.01744181544547,14.582352007112194]]]},"id":"+134716+16233","properties":{"cls":1,"count":1}},{"type":"Feature","geometry":{"geodesic":false,"type":"Polygon","coordinates":[[[121.01744181544547,14.58684358353279],[121.01834013072958,14.58684358353279],[121.01834013072958,14.58774189881691],[121.01744181544547,14.58774189881691],[121.01744181544547,14.58684358353279]]]},"id":"+134716+16238","properties":{"cls":1,"count":1}},{"type":"Feature","geometry":{"geodesic":false,"type":"Polygon","coordinates":[[[121.01744181544547,14.632657663022886],[121.01834013072958,14.632657663022886],[121.01834013072958,14.633555978307006],[121.01744181544547,14.633555978307006],[121.01744181544547,14.632657663022886]]]},"id":"+134716+16289","properties":{"cls":1,"count":1}},{"type":"Feature","geometry":{"geodesic":false,"type":"Polygon","coordinates":[[[121.01834013072958,14.583250322396312],[121.0192384460137,14.583250322396312],[121.0192384460137,14.584148637680432],[121.01834013072958,14.584148637680432],[121.01834013072958,14.583250322396312]]]},"id":"+134717+16234","properties":{"cls":1,"count":1}},{"type":"Feature","geometry":{"geodesic":false,"type":"Polygon","coordinates":[[[121.01834013072958,14.619182933761094],[121.0192384460137,14.619182933761094],[121.0192384460137,14.620081249045214],[121.01834013072958,14.620081249045214],[121.01834013072958,14.619182933761094]]]},"id":"+134717+16274","properties":{"cls":1,"count":1}},{"type":"Feature","geometry":{"geodesic":false,"type":"Polygon","coordinates":[[[121.0192384460137,14.539232873474456],[121.02013676129782,14.539232873474456],[121.02013676129782,14.540131188758576],[121.0192384460137,14.540131188758576],[121.0192384460137,14.539232873474456]]]},"id":"+134718+16185","properties":{"cls":1,"count":1}},{"type":"Feature","geometry":{"geodesic":false,"type":"Polygon","coordinates":[[[121.0192384460137,14.585046952964552],[121.02013676129782,14.585046952964552],[121.02013676129782,14.58684358353279],[121.0192384460137,14.58684358353279],[121.0192384460137,14.585046952964552]]]},"id":"+134718+16237","properties":{"cls":1,"count":2}},{"type":"Feature","geometry":{"geodesic":false,"type":"Polygon","coordinates":[[[121.0192384460137,14.604809889215181],[121.02013676129782,14.604809889215181],[121.02013676129782,14.605708204499301],[121.0192384460137,14.605708204499301],[121.0192384460137,14.604809889215181]]]},"id":"+134718+16258","properties":{"cls":1,"count":1}},{"type":"Feature","geometry":{"geodesic":false,"type":"Polygon","coordinates":[[[121.02013676129782,14.373942861196465],[121.02103507658194,14.373942861196465],[121.02103507658194,14.374841176480583],[121.02013676129782,14.374841176480583],[121.02013676129782,14.373942861196465]]]},"id":"+134719+16001","properties":{"cls":1,"count":1}},{"type":"Feature","geometry":{"geodesic":false,"type":"Polygon","coordinates":[[[121.02013676129782,14.430536724095994],[121.02103507658194,14.430536724095994],[121.02103507658194,14.431435039380114],[121.02013676129782,14.431435039380114],[121.02013676129782,14.430536724095994]]]},"id":"+134719+16064","properties":{"cls":1,"count":1}},{"type":"Feature","geometry":{"geodesic":false,"type":"Polygon","coordinates":[[[121.02013676129782,14.605708204499301],[121.02103507658194,14.605708204499301],[121.02103507658194,14.606606519783421],[121.02013676129782,14.606606519783421],[121.02013676129782,14.605708204499301]]]},"id":"+134719+16259","properties":{"cls":1,"count":1}},{"type":"Feature","geometry":{"geodesic":false,"type":"Polygon","coordinates":[[[121.02013676129782,14.60930146563578],[121.02103507658194,14.60930146563578],[121.02103507658194,14.6101997809199],[121.02013676129782,14.6101997809199],[121.02013676129782,14.60930146563578]]]},"id":"+134719+16263","properties":{"cls":1,"count":1}},{"type":"Feature","geometry":{"geodesic":false,"type":"Polygon","coordinates":[[[121.02103507658194,14.558097494440966],[121.02193339186606,14.558097494440966],[121.02193339186606,14.558995809725085],[121.02103507658194,14.558995809725085],[121.02103507658194,14.558097494440966]]]},"id":"+134720+16206","properties":{"cls":1,"count":1}},{"type":"Feature","geometry":{"geodesic":false,"type":"Polygon","coordinates":[[[121.02103507658194,14.577860430691596],[121.02193339186606,14.577860430691596],[121.02193339186606,14.578758745975716],[121.02103507658194,14.578758745975716],[121.02103507658194,14.577860430691596]]]},"id":"+134720+16228","properties":{"cls":1,"count":1}},{"type":"Feature","geometry":{"geodesic":false,"type":"Polygon","coordinates":[[[121.02103507658194,14.58953852938515],[121.02193339186606,14.58953852938515],[121.02193339186606,14.590436844669268],[121.02103507658194,14.590436844669268],[121.02103507658194,14.58953852938515]]]},"id":"+134720+16241","properties":{"cls":1,"count":1}},{"type":"Feature","geometry":{"geodesic":false,"type":"Polygon","coordinates":[[[121.02193339186606,14.51408004551911],[121.02283170715017,14.51408004551911],[121.02283170715017,14.514978360803228],[121.02193339186606,14.514978360803228],[121.02193339186606,14.51408004551911]]]},"id":"+134721+16157","properties":{"cls":1,"count":1}},{"type":"Feature","geometry":{"geodesic":false,"type":"Polygon","coordinates":[[[121.02193339186606,14.590436844669268],[121.02283170715017,14.590436844669268],[121.02283170715017,14.591335159953388],[121.02193339186606,14.591335159953388],[121.02193339186606,14.590436844669268]]]},"id":"+134721+16242","properties":{"cls":1,"count":1}},{"type":"Feature","geometry":{"geodesic":false,"type":"Polygon","coordinates":[[[121.02283170715017,14.514978360803228],[121.0237300224343,14.514978360803228],[121.0237300224343,14.515876676087348],[121.02283170715017,14.515876676087348],[121.02283170715017,14.514978360803228]]]},"id":"+134722+16158","properties":{"cls":1,"count":1}},{"type":"Feature","geometry":{"geodesic":false,"type":"Polygon","coordinates":[[[121.02283170715017,14.576962115407476],[121.0237300224343,14.575165484839237],[121.02552665300254,14.575165484839237],[121.02462833771843,14.576962115407476],[121.02283170715017,14.576962115407476]]]},"id":"+134723+16226","properties":{"cls":1,"count":4}},{"type":"Feature","geometry":{"geodesic":false,"type":"Polygon","coordinates":[[[121.0237300224343,14.515876676087348],[121.02552665300254,14.515876676087348],[121.02552665300254,14.516774991371468],[121.0237300224343,14.516774991371468],[121.0237300224343,14.515876676087348]]]},"id":"+134724+16159","properties":{"cls":1,"count":2}},{"type":"Feature","geometry":{"geodesic":false,"type":"Polygon","coordinates":[[[121.02552665300254,14.559894125009205],[121.02642496828666,14.559894125009205],[121.02642496828666,14.560792440293325],[121.02552665300254,14.560792440293325],[121.02552665300254,14.559894125009205]]]},"id":"+134725+16208","properties":{"cls":1,"count":1}},{"type":"Feature","geometry":{"geodesic":false,"type":"Polygon","coordinates":[[[121.02552665300254,14.574267169555117],[121.02642496828666,14.574267169555117],[121.02642496828666,14.575165484839237],[121.02552665300254,14.575165484839237],[121.02552665300254,14.574267169555117]]]},"id":"+134725+16224","properties":{"cls":1,"count":1}},{"type":"Feature","geometry":{"geodesic":false,"type":"Polygon","coordinates":[[[121.02642496828666,14.57247053898688],[121.02732328357078,14.57247053898688],[121.02732328357078,14.573368854270997],[121.02642496828666,14.573368854270997],[121.02642496828666,14.57247053898688]]]},"id":"+134726+16222","properties":{"cls":1,"count":1}},{"type":"Feature","geometry":{"geodesic":false,"type":"Polygon","coordinates":[[[121.02642496828666,14.636250924159365],[121.02732328357078,14.636250924159365],[121.02732328357078,14.637149239443485],[121.02642496828666,14.637149239443485],[121.02642496828666,14.636250924159365]]]},"id":"+134726+16293","properties":{"cls":1,"count":1}},{"type":"Feature","geometry":{"geodesic":false,"type":"Polygon","coordinates":[[[121.02732328357078,14.57157222370276],[121.0282215988549,14.57157222370276],[121.0282215988549,14.57247053898688],[121.02732328357078,14.57247053898688],[121.02732328357078,14.57157222370276]]]},"id":"+134727+16221","properties":{"cls":1,"count":1}},{"type":"Feature","geometry":{"geodesic":false,"type":"Polygon","coordinates":[[[121.02732328357078,14.573368854270997],[121.0282215988549,14.573368854270997],[121.0282215988549,14.574267169555117],[121.02732328357078,14.574267169555117],[121.02732328357078,14.573368854270997]]]},"id":"+134727+16223","properties":{"cls":1,"count":1}},{"type":"Feature","geometry":{"geodesic":false,"type":"Polygon","coordinates":[[[121.0282215988549,14.57247053898688],[121.02911991413902,14.57247053898688],[121.02911991413902,14.573368854270997],[121.0282215988549,14.573368854270997],[121.0282215988549,14.57247053898688]]]},"id":"+134728+16222","properties":{"cls":1,"count":1}},{"type":"Feature","geometry":{"geodesic":false,"type":"Polygon","coordinates":[[[121.02911991413902,14.4583844979037],[121.03001822942313,14.4583844979037],[121.03001822942313,14.45928281318782],[121.02911991413902,14.45928281318782],[121.02911991413902,14.4583844979037]]]},"id":"+134729+16095","properties":{"cls":1,"count":1}},{"type":"Feature","geometry":{"geodesic":false,"type":"Polygon","coordinates":[[[121.03001822942313,14.56977559313452],[121.03091654470725,14.56977559313452],[121.03091654470725,14.57067390841864],[121.03001822942313,14.57067390841864],[121.03001822942313,14.56977559313452]]]},"id":"+134730+16219","properties":{"cls":1,"count":1}},{"type":"Feature","geometry":{"geodesic":false,"type":"Polygon","coordinates":[[[121.03181485999137,14.56977559313452],[121.03271317527549,14.56977559313452],[121.03271317527549,14.57067390841864],[121.03181485999137,14.57067390841864],[121.03181485999137,14.56977559313452]]]},"id":"+134732+16219","properties":{"cls":1,"count":1}},{"type":"Feature","geometry":{"geodesic":false,"type":"Polygon","coordinates":[[[121.03271317527549,14.504198577393796],[121.03361149055962,14.504198577393796],[121.03361149055962,14.505995207962034],[121.03271317527549,14.505995207962034],[121.03271317527549,14.504198577393796]]]},"id":"+134733+16147","properties":{"cls":1,"count":2}},{"type":"Feature","geometry":{"geodesic":false,"type":"Polygon","coordinates":[[[121.03361149055962,14.507791838530272],[121.03450980584374,14.507791838530272],[121.03450980584374,14.508690153814392],[121.03361149055962,14.508690153814392],[121.03361149055962,14.507791838530272]]]},"id":"+134734+16150","properties":{"cls":1,"count":1}},{"type":"Feature","geometry":{"geodesic":false,"type":"Polygon","coordinates":[[[121.03450980584374,14.564385701429803],[121.03540812112786,14.564385701429803],[121.03540812112786,14.565284016713923],[121.03450980584374,14.565284016713923],[121.03450980584374,14.564385701429803]]]},"id":"+134735+16213","properties":{"cls":1,"count":1}},{"type":"Feature","geometry":{"geodesic":false,"type":"Polygon","coordinates":[[[121.03540812112786,14.386519275174138],[121.03630643641198,14.386519275174138],[121.03630643641198,14.387417590458258],[121.03540812112786,14.387417590458258],[121.03540812112786,14.386519275174138]]]},"id":"+134736+16015","properties":{"cls":1,"count":1}},{"type":"Feature","geometry":{"geodesic":false,"type":"Polygon","coordinates":[[[121.03630643641198,14.702726255184208],[121.0372047516961,14.702726255184208],[121.0372047516961,14.703624570468328],[121.03630643641198,14.703624570468328],[121.03630643641198,14.702726255184208]]]},"id":"+134737+16367","properties":{"cls":1,"count":1}},{"type":"Feature","geometry":{"geodesic":false,"type":"Polygon","coordinates":[[[121.03989969754845,14.612894726772257],[121.04079801283257,14.612894726772257],[121.04079801283257,14.613793042056376],[121.03989969754845,14.613793042056376],[121.03989969754845,14.612894726772257]]]},"id":"+134741+16267","properties":{"cls":1,"count":1}},{"type":"Feature","geometry":{"geodesic":false,"type":"Polygon","coordinates":[[[121.04079801283257,14.651522283989395],[121.04169632811669,14.651522283989395],[121.04169632811669,14.652420599273515],[121.04079801283257,14.652420599273515],[121.04079801283257,14.651522283989395]]]},"id":"+134742+16310","properties":{"cls":1,"count":1}},{"type":"Feature","geometry":{"geodesic":false,"type":"Polygon","coordinates":[[[121.04169632811669,14.430536724095994],[121.04079801283257,14.428740093527756],[121.0425946434008,14.428740093527756],[121.0425946434008,14.427841778243636],[121.04349295868494,14.427841778243636],[121.04349295868494,14.430536724095994],[121.04169632811669,14.430536724095994]]]},"id":"+134744+16063","properties":{"cls":1,"count":6}},{"type":"Feature","geometry":{"geodesic":false,"type":"Polygon","coordinates":[[[121.04169632811669,14.486232271711405],[121.0425946434008,14.484435641143165],[121.04349295868494,14.484435641143165],[121.04349295868494,14.486232271711405],[121.04169632811669,14.486232271711405]]]},"id":"+134744+16125","properties":{"cls":1,"count":3}},{"type":"Feature","geometry":{"geodesic":false,"type":"Polygon","coordinates":[[[121.0425946434008,14.490723848132001],[121.04349295868494,14.490723848132001],[121.04349295868494,14.492520478700241],[121.0425946434008,14.492520478700241],[121.0425946434008,14.490723848132001]]]},"id":"+134744+16132","properties":{"cls":1,"count":2}},{"type":"Feature","geometry":{"geodesic":false,"type":"Polygon","coordinates":[[[121.04169632811669,14.649725653421157],[121.04349295868494,14.649725653421157],[121.04349295868494,14.651522283989395],[121.04169632811669,14.651522283989395],[121.04169632811669,14.649725653421157]]]},"id":"+134744+16309","properties":{"cls":1,"count":4}},{"type":"Feature","geometry":{"geodesic":false,"type":"Polygon","coordinates":[[[121.04349295868494,14.365858023639388],[121.04439127396905,14.365858023639388],[121.04439127396905,14.366756338923508],[121.04349295868494,14.366756338923508],[121.04349295868494,14.365858023639388]]]},"id":"+134745+15992","properties":{"cls":1,"count":1}},{"type":"Feature","geometry":{"geodesic":false,"type":"Polygon","coordinates":[[[121.04349295868494,14.4583844979037],[121.04439127396905,14.4583844979037],[121.04439127396905,14.460181128471937],[121.04349295868494,14.460181128471937],[121.04349295868494,14.4583844979037]]]},"id":"+134745+16096","properties":{"cls":1,"count":2}},{"type":"Feature","geometry":{"geodesic":false,"type":"Polygon","coordinates":[[[121.04349295868494,14.487130586995525],[121.04439127396905,14.487130586995525],[121.04439127396905,14.488028902279643],[121.04349295868494,14.488028902279643],[121.04349295868494,14.487130586995525]]]},"id":"+134745+16127","properties":{"cls":1,"count":1}},{"type":"Feature","geometry":{"geodesic":false,"type":"Polygon","coordinates":[[[121.04439127396905,14.485333956427285],[121.04528958925317,14.485333956427285],[121.04528958925317,14.486232271711405],[121.04439127396905,14.486232271711405],[121.04439127396905,14.485333956427285]]]},"id":"+134746+16125","properties":{"cls":1,"count":1}},{"type":"Feature","geometry":{"geodesic":false,"type":"Polygon","coordinates":[[[121.04439127396905,14.83208365609742],[121.04528958925317,14.83208365609742],[121.04528958925317,14.832981971381539],[121.04439127396905,14.832981971381539],[121.04439127396905,14.83208365609742]]]},"id":"+134746+16511","properties":{"cls":1,"count":1}},{"type":"Feature","geometry":{"geodesic":false,"type":"Polygon","coordinates":[[[121.04439127396905,14.833880286665659],[121.04528958925317,14.833880286665659],[121.04528958925317,14.834778601949779],[121.04439127396905,14.834778601949779],[121.04439127396905,14.833880286665659]]]},"id":"+134746+16513","properties":{"cls":1,"count":1}},{"type":"Feature","geometry":{"geodesic":false,"type":"Polygon","coordinates":[[[121.04528958925317,14.832981971381539],[121.04618790453729,14.832981971381539],[121.04618790453729,14.833880286665659],[121.04528958925317,14.833880286665659],[121.04528958925317,14.832981971381539]]]},"id":"+134747+16512","properties":{"cls":1,"count":1}},{"type":"Feature","geometry":{"geodesic":false,"type":"Polygon","coordinates":[[[121.04618790453729,14.413468733697723],[121.04708621982141,14.413468733697723],[121.04708621982141,14.414367048981843],[121.04618790453729,14.414367048981843],[121.04618790453729,14.413468733697723]]]},"id":"+134748+16045","properties":{"cls":1,"count":1}},{"type":"Feature","geometry":{"geodesic":false,"type":"Polygon","coordinates":[[[121.04618790453729,14.552707602736248],[121.04708621982141,14.552707602736248],[121.04708621982141,14.554504233304488],[121.04618790453729,14.554504233304488],[121.04618790453729,14.552707602736248]]]},"id":"+134748+16201","properties":{"cls":1,"count":2}},{"type":"Feature","geometry":{"geodesic":false,"type":"Polygon","coordinates":[[[121.04798453510553,14.43772324636895],[121.04888285038965,14.43772324636895],[121.04888285038965,14.43862156165307],[121.04798453510553,14.43862156165307],[121.04798453510553,14.43772324636895]]]},"id":"+134750+16072","properties":{"cls":1,"count":1}},{"type":"Feature","geometry":{"geodesic":false,"type":"Polygon","coordinates":[[[121.04888285038965,14.57157222370276],[121.04978116567376,14.57157222370276],[121.04978116567376,14.57247053898688],[121.04888285038965,14.57247053898688],[121.04888285038965,14.57157222370276]]]},"id":"+134751+16221","properties":{"cls":1,"count":1}},{"type":"Feature","geometry":{"geodesic":false,"type":"Polygon","coordinates":[[[121.04888285038965,14.592233475237508],[121.04978116567376,14.592233475237508],[121.04978116567376,14.593131790521628],[121.04888285038965,14.593131790521628],[121.04888285038965,14.592233475237508]]]},"id":"+134751+16244","properties":{"cls":1,"count":1}},{"type":"Feature","geometry":{"geodesic":false,"type":"Polygon","coordinates":[[[121.04888285038965,14.647030707568799],[121.04978116567376,14.647030707568799],[121.04978116567376,14.647929022852917],[121.04888285038965,14.647929022852917],[121.04888285038965,14.647030707568799]]]},"id":"+134751+16305","properties":{"cls":1,"count":1}},{"type":"Feature","geometry":{"geodesic":false,"type":"Polygon","coordinates":[[[121.04978116567376,14.591335159953388],[121.05067948095788,14.591335159953388],[121.05067948095788,14.592233475237508],[121.04978116567376,14.592233475237508],[121.04978116567376,14.591335159953388]]]},"id":"+134752+16243","properties":{"cls":1,"count":1}},{"type":"Feature","geometry":{"geodesic":false,"type":"Polygon","coordinates":[[[121.05067948095788,14.40089231972005],[121.051577796242,14.40089231972005],[121.051577796242,14.401790635004168],[121.05067948095788,14.401790635004168],[121.05067948095788,14.40089231972005]]]},"id":"+134753+16031","properties":{"cls":1,"count":1}},{"type":"Feature","geometry":{"geodesic":false,"type":"Polygon","coordinates":[[[121.05067948095788,14.567978962566281],[121.051577796242,14.567978962566281],[121.051577796242,14.568877277850401],[121.05067948095788,14.568877277850401],[121.05067948095788,14.567978962566281]]]},"id":"+134753+16217","properties":{"cls":1,"count":1}},{"type":"Feature","geometry":{"geodesic":false,"type":"Polygon","coordinates":[[[121.051577796242,14.39909568915181],[121.05067948095788,14.397299058583572],[121.051577796242,14.397299058583572],[121.051577796242,14.393705797447094],[121.05247611152612,14.393705797447094],[121.05247611152612,14.39909568915181],[121.051577796242,14.39909568915181]]]},"id":"+134754+16028","properties":{"cls":1,"count":7}},{"type":"Feature","geometry":{"geodesic":false,"type":"Polygon","coordinates":[[[121.051577796242,14.401790635004168],[121.05247611152612,14.401790635004168],[121.05247611152612,14.402688950288288],[121.051577796242,14.402688950288288],[121.051577796242,14.401790635004168]]]},"id":"+134754+16032","properties":{"cls":1,"count":1}},{"type":"Feature","geometry":{"geodesic":false,"type":"Polygon","coordinates":[[[121.051577796242,14.409875472561245],[121.051577796242,14.407180526708887],[121.05067948095788,14.407180526708887],[121.05067948095788,14.406282211424767],[121.05247611152612,14.406282211424767],[121.05247611152612,14.409875472561245],[121.051577796242,14.409875472561245]]]},"id":"+134754+16040","properties":{"cls":1,"count":5}},{"type":"Feature","geometry":{"geodesic":false,"type":"Polygon","coordinates":[[[121.051577796242,14.422451886538918],[121.051577796242,14.414367048981843],[121.05247611152612,14.414367048981843],[121.05247611152612,14.413468733697723],[121.051577796242,14.413468733697723],[121.051577796242,14.412570418413603],[121.05337442681025,14.411672103129485],[121.05427274209437,14.413468733697723],[121.05337442681025,14.413468733697723],[121.05337442681025,14.415265364265963],[121.05247611152612,14.415265364265963],[121.05247611152612,14.422451886538918],[121.051577796242,14.422451886538918]]]},"id":"+134754+16054","properties":{"cls":1,"count":15}},{"type":"Feature","geometry":{"geodesic":false,"type":"Polygon","coordinates":[[[121.051577796242,14.431435039380114],[121.051577796242,14.426943462959516],[121.05247611152612,14.426943462959516],[121.05247611152612,14.424248517107157],[121.05337442681025,14.424248517107157],[121.05337442681025,14.425146832391277],[121.05427274209437,14.425146832391277],[121.05427274209437,14.427841778243636],[121.05247611152612,14.427841778243636],[121.05247611152612,14.431435039380114],[121.051577796242,14.431435039380114]]]},"id":"+134754+16064","properties":{"cls":1,"count":12}},{"type":"Feature","geometry":{"geodesic":false,"type":"Polygon","coordinates":[[[121.05247611152612,14.450299660346623],[121.05337442681025,14.450299660346623],[121.05337442681025,14.451197975630743],[121.05247611152612,14.451197975630743],[121.05247611152612,14.450299660346623]]]},"id":"+134755+16086","properties":{"cls":1,"count":1}},{"type":"Feature","geometry":{"geodesic":false,"type":"Polygon","coordinates":[[[121.05247611152612,14.567080647282161],[121.05337442681025,14.567080647282161],[121.05337442681025,14.567978962566281],[121.05247611152612,14.567978962566281],[121.05247611152612,14.567080647282161]]]},"id":"+134755+16216","properties":{"cls":1,"count":1}},{"type":"Feature","geometry":{"geodesic":false,"type":"Polygon","coordinates":[[[121.05247611152612,14.392807482162974],[121.05247611152612,14.387417590458258],[121.05337442681025,14.387417590458258],[121.05337442681025,14.391909166878854],[121.05427274209437,14.391909166878854],[121.05427274209437,14.392807482162974],[121.05247611152612,14.392807482162974]]]},"id":"+134756+16021","properties":{"cls":1,"count":7}},{"type":"Feature","geometry":{"geodesic":false,"type":"Polygon","coordinates":[[[121.05337442681025,14.444011453357787],[121.05337442681025,14.442214822789548],[121.051577796242,14.442214822789548],[121.051577796242,14.434129985232472],[121.05247611152612,14.434129985232472],[121.05247611152612,14.439519876937188],[121.05337442681025,14.439519876937188],[121.05337442681025,14.441316507505428],[121.05427274209437,14.441316507505428],[121.05427274209437,14.444011453357787],[121.05337442681025,14.444011453357787]]]},"id":"+134756+16078","properties":{"cls":1,"count":15}},{"type":"Feature","geometry":{"geodesic":false,"type":"Polygon","coordinates":[[[121.05337442681025,14.446706399210145],[121.05427274209437,14.446706399210145],[121.05427274209437,14.447604714494265],[121.05337442681025,14.447604714494265],[121.05337442681025,14.446706399210145]]]},"id":"+134756+16082","properties":{"cls":1,"count":1}},{"type":"Feature","geometry":{"geodesic":false,"type":"Polygon","coordinates":[[[121.05247611152612,14.449401345062505],[121.05247611152612,14.447604714494265],[121.05337442681025,14.447604714494265],[121.05427274209437,14.449401345062505],[121.05247611152612,14.449401345062505]]]},"id":"+134756+16084","properties":{"cls":1,"count":3}},{"type":"Feature","geometry":{"geodesic":false,"type":"Polygon","coordinates":[[[121.05337442681025,14.4583844979037],[121.05337442681025,14.454791236767221],[121.05247611152612,14.454791236767221],[121.05247611152612,14.452994606198981],[121.05427274209437,14.453892921483101],[121.05427274209437,14.4583844979037],[121.05337442681025,14.4583844979037]]]},"id":"+134756+16094","properties":{"cls":1,"count":7}},{"type":"Feature","geometry":{"geodesic":false,"type":"Polygon","coordinates":[[[121.05427274209437,14.387417590458258],[121.05427274209437,14.381129383469421],[121.0560693726626,14.381129383469421],[121.05696768794672,14.379332752901181],[121.05786600323084,14.379332752901181],[121.05786600323084,14.376637807048823],[121.05876431851496,14.376637807048823],[121.05876431851496,14.380231068185301],[121.05786600323084,14.380231068185301],[121.05786600323084,14.38202769875354],[121.0560693726626,14.38292601403766],[121.05517105737849,14.387417590458258],[121.05427274209437,14.387417590458258]]]},"id":"+134757+16015","properties":{"cls":1,"count":21}},{"type":"Feature","geometry":{"geodesic":false,"type":"Polygon","coordinates":[[[121.05427274209437,14.4583844979037],[121.05517105737849,14.4583844979037],[121.05517105737849,14.461079443756057],[121.05427274209437,14.461079443756057],[121.05427274209437,14.4583844979037]]]},"id":"+134757+16097","properties":{"cls":1,"count":3}},{"type":"Feature","geometry":{"geodesic":false,"type":"Polygon","coordinates":[[[121.05337442681025,14.566182331998041],[121.05517105737849,14.566182331998041],[121.05517105737849,14.567080647282161],[121.05337442681025,14.567080647282161],[121.05337442681025,14.566182331998041]]]},"id":"+134757+16215","properties":{"cls":1,"count":2}},{"type":"Feature","geometry":{"geodesic":false,"type":"Polygon","coordinates":[[[121.05427274209437,14.446706399210145],[121.05427274209437,14.444011453357787],[121.05517105737849,14.444011453357787],[121.05517105737849,14.445808083926027],[121.0560693726626,14.445808083926027],[121.0560693726626,14.446706399210145],[121.05427274209437,14.446706399210145]]]},"id":"+134758+16081","properties":{"cls":1,"count":4}},{"type":"Feature","geometry":{"geodesic":false,"type":"Polygon","coordinates":[[[121.05517105737849,14.461977759040177],[121.0560693726626,14.461977759040177],[121.0560693726626,14.462876074324297],[121.05517105737849,14.462876074324297],[121.05517105737849,14.461977759040177]]]},"id":"+134758+16099","properties":{"cls":1,"count":1}},{"type":"Feature","geometry":{"geodesic":false,"type":"Polygon","coordinates":[[[121.05517105737849,14.583250322396312],[121.0560693726626,14.583250322396312],[121.0560693726626,14.585046952964552],[121.05517105737849,14.585046952964552],[121.05517105737849,14.583250322396312]]]},"id":"+134758+16235","properties":{"cls":1,"count":2}},{"type":"Feature","geometry":{"geodesic":false,"type":"Polygon","coordinates":[[[121.05696768794672,14.581453691828074],[121.05786600323084,14.581453691828074],[121.05786600323084,14.582352007112194],[121.05696768794672,14.582352007112194],[121.05696768794672,14.581453691828074]]]},"id":"+134760+16232","properties":{"cls":1,"count":1}},{"type":"Feature","geometry":{"geodesic":false,"type":"Polygon","coordinates":[[[121.05696768794672,14.468265966029014],[121.05696768794672,14.466469335460776],[121.0560693726626,14.466469335460776],[121.0560693726626,14.462876074324297],[121.05696768794672,14.462876074324297],[121.05696768794672,14.465571020176656],[121.05786600323084,14.465571020176656],[121.05786600323084,14.467367650744894],[121.05876431851496,14.467367650744894],[121.05876431851496,14.468265966029014],[121.05696768794672,14.468265966029014]]]},"id":"+134761+16105","properties":{"cls":1,"count":8}},{"type":"Feature","geometry":{"geodesic":false,"type":"Polygon","coordinates":[[[121.05786600323084,14.564385701429803],[121.05876431851496,14.564385701429803],[121.05876431851496,14.566182331998041],[121.05786600323084,14.566182331998041],[121.05786600323084,14.564385701429803]]]},"id":"+134761+16214","properties":{"cls":1,"count":2}},{"type":"Feature","geometry":{"geodesic":false,"type":"Polygon","coordinates":[[[121.05786600323084,14.582352007112194],[121.05876431851496,14.582352007112194],[121.05876431851496,14.583250322396312],[121.05786600323084,14.583250322396312],[121.05786600323084,14.582352007112194]]]},"id":"+134761+16233","properties":{"cls":1,"count":1}},{"type":"Feature","geometry":{"geodesic":false,"type":"Polygon","coordinates":[[[121.05876431851496,14.600318312794583],[121.05966263379908,14.600318312794583],[121.05966263379908,14.601216628078703],[121.05876431851496,14.601216628078703],[121.05876431851496,14.600318312794583]]]},"id":"+134762+16253","properties":{"cls":1,"count":1}},{"type":"Feature","geometry":{"geodesic":false,"type":"Polygon","coordinates":[[[121.05876431851496,14.734167290128392],[121.05966263379908,14.734167290128392],[121.05966263379908,14.735065605412512],[121.05876431851496,14.735065605412512],[121.05876431851496,14.734167290128392]]]},"id":"+134762+16402","properties":{"cls":1,"count":1}},{"type":"Feature","geometry":{"geodesic":false,"type":"Polygon","coordinates":[[[121.05876431851496,14.470960911881372],[121.05876431851496,14.468265966029014],[121.05966263379908,14.468265966029014],[121.05966263379908,14.470062596597254],[121.0605609490832,14.470062596597254],[121.0605609490832,14.470960911881372],[121.05876431851496,14.470960911881372]]]},"id":"+134763+16108","properties":{"cls":1,"count":4}},{"type":"Feature","geometry":{"geodesic":false,"type":"Polygon","coordinates":[[[121.05966263379908,14.471859227165492],[121.0605609490832,14.471859227165492],[121.0605609490832,14.47365585773373],[121.05966263379908,14.47365585773373],[121.05966263379908,14.471859227165492]]]},"id":"+134763+16111","properties":{"cls":1,"count":2}},{"type":"Feature","geometry":{"geodesic":false,"type":"Polygon","coordinates":[[[121.05966263379908,14.564385701429803],[121.0605609490832,14.564385701429803],[121.0605609490832,14.565284016713923],[121.05966263379908,14.565284016713923],[121.05966263379908,14.564385701429803]]]},"id":"+134763+16213","properties":{"cls":1,"count":1}},{"type":"Feature","geometry":{"geodesic":false,"type":"Polygon","coordinates":[[[121.05966263379908,14.58953852938515],[121.0605609490832,14.58953852938515],[121.0605609490832,14.590436844669268],[121.05966263379908,14.590436844669268],[121.05966263379908,14.58953852938515]]]},"id":"+134763+16241","properties":{"cls":1,"count":1}},{"type":"Feature","geometry":{"geodesic":false,"type":"Polygon","coordinates":[[[121.05966263379908,14.733268974844274],[121.0605609490832,14.733268974844274],[121.0605609490832,14.734167290128392],[121.05966263379908,14.734167290128392],[121.05966263379908,14.733268974844274]]]},"id":"+134763+16401","properties":{"cls":1,"count":1}},{"type":"Feature","geometry":{"geodesic":false,"type":"Polygon","coordinates":[[[121.0605609490832,14.373044545912345],[121.06145926436731,14.373044545912345],[121.06145926436731,14.373942861196465],[121.0605609490832,14.373942861196465],[121.0605609490832,14.373044545912345]]]},"id":"+134764+16000","properties":{"cls":1,"count":1}},{"type":"Feature","geometry":{"geodesic":false,"type":"Polygon","coordinates":[[[121.06145926436731,14.352383294377596],[121.06235757965143,14.352383294377596],[121.06235757965143,14.353281609661716],[121.06145926436731,14.353281609661716],[121.06145926436731,14.352383294377596]]]},"id":"+134765+15977","properties":{"cls":1,"count":1}},{"type":"Feature","geometry":{"geodesic":false,"type":"Polygon","coordinates":[[[121.06145926436731,14.372146230628225],[121.06235757965143,14.372146230628225],[121.06235757965143,14.373044545912345],[121.06145926436731,14.373044545912345],[121.06145926436731,14.372146230628225]]]},"id":"+134765+15999","properties":{"cls":1,"count":1}},{"type":"Feature","geometry":{"geodesic":false,"type":"Polygon","coordinates":[[[121.06145926436731,14.472757542449612],[121.06235757965143,14.472757542449612],[121.06235757965143,14.47365585773373],[121.06145926436731,14.47365585773373],[121.06145926436731,14.472757542449612]]]},"id":"+134765+16111","properties":{"cls":1,"count":1}},{"type":"Feature","geometry":{"geodesic":false,"type":"Polygon","coordinates":[[[121.06145926436731,14.561690755577445],[121.06235757965143,14.561690755577445],[121.06235757965143,14.562589070861563],[121.06145926436731,14.562589070861563],[121.06145926436731,14.561690755577445]]]},"id":"+134765+16210","properties":{"cls":1,"count":1}},{"type":"Feature","geometry":{"geodesic":false,"type":"Polygon","coordinates":[[[121.06235757965143,14.479045749438448],[121.06235757965143,14.478147434154328],[121.06145926436731,14.478147434154328],[121.06145926436731,14.47635080358609],[121.0605609490832,14.47635080358609],[121.0605609490832,14.47455417301785],[121.06235757965143,14.47455417301785],[121.06235757965143,14.477249118870208],[121.06325589493557,14.477249118870208],[121.06325589493557,14.479045749438448],[121.06235757965143,14.479045749438448]]]},"id":"+134766+16117","properties":{"cls":1,"count":8}},{"type":"Feature","geometry":{"geodesic":false,"type":"Polygon","coordinates":[[[121.06235757965143,14.560792440293325],[121.06325589493557,14.560792440293325],[121.06325589493557,14.561690755577445],[121.06235757965143,14.561690755577445],[121.06235757965143,14.560792440293325]]]},"id":"+134766+16209","properties":{"cls":1,"count":1}},{"type":"Feature","geometry":{"geodesic":false,"type":"Polygon","coordinates":[[[121.06415421021968,14.47455417301785],[121.0650525255038,14.47455417301785],[121.0650525255038,14.47545248830197],[121.06415421021968,14.47545248830197],[121.06415421021968,14.47455417301785]]]},"id":"+134768+16113","properties":{"cls":1,"count":1}},{"type":"Feature","geometry":{"geodesic":false,"type":"Polygon","coordinates":[[[121.0650525255038,14.36406139307115],[121.06595084078792,14.36406139307115],[121.06595084078792,14.365858023639388],[121.0650525255038,14.365858023639388],[121.0650525255038,14.36406139307115]]]},"id":"+134769+15991","properties":{"cls":1,"count":2}},{"type":"Feature","geometry":{"geodesic":false,"type":"Polygon","coordinates":[[[121.0650525255038,14.36316307778703],[121.06595084078792,14.357773186082312],[121.07134073249263,14.357773186082312],[121.07134073249263,14.356874870798194],[121.07223904777675,14.356874870798194],[121.07223904777675,14.358671501366432],[121.06864578664027,14.358671501366432],[121.06864578664027,14.359569816650552],[121.06684915607204,14.360468131934672],[121.06684915607204,14.36316307778703],[121.0650525255038,14.36316307778703]]]},"id":"+134770+15988","properties":{"cls":1,"count":19}},{"type":"Feature","geometry":{"geodesic":false,"type":"Polygon","coordinates":[[[121.06595084078792,14.557199179156846],[121.06684915607204,14.557199179156846],[121.06684915607204,14.558995809725085],[121.06595084078792,14.558995809725085],[121.06595084078792,14.557199179156846]]]},"id":"+134770+16206","properties":{"cls":1,"count":2}},{"type":"Feature","geometry":{"geodesic":false,"type":"Polygon","coordinates":[[[121.06595084078792,14.560792440293325],[121.06684915607204,14.560792440293325],[121.06684915607204,14.561690755577445],[121.06595084078792,14.561690755577445],[121.06595084078792,14.560792440293325]]]},"id":"+134770+16209","properties":{"cls":1,"count":1}},{"type":"Feature","geometry":{"geodesic":false,"type":"Polygon","coordinates":[[[121.06595084078792,14.368552969491747],[121.06595084078792,14.366756338923508],[121.06684915607204,14.366756338923508],[121.06774747135616,14.368552969491747],[121.06595084078792,14.368552969491747]]]},"id":"+134771+15994","properties":{"cls":1,"count":3}},{"type":"Feature","geometry":{"geodesic":false,"type":"Polygon","coordinates":[[[121.06684915607204,14.559894125009205],[121.06774747135616,14.559894125009205],[121.06774747135616,14.560792440293325],[121.06684915607204,14.560792440293325],[121.06684915607204,14.559894125009205]]]},"id":"+134771+16208","properties":{"cls":1,"count":1}},{"type":"Feature","geometry":{"geodesic":false,"type":"Polygon","coordinates":[[[121.06774747135616,14.368552969491747],[121.06864578664027,14.368552969491747],[121.06864578664027,14.369451284775867],[121.06774747135616,14.369451284775867],[121.06774747135616,14.368552969491747]]]},"id":"+134772+15995","properties":{"cls":1,"count":1}},{"type":"Feature","geometry":{"geodesic":false,"type":"Polygon","coordinates":[[[121.06235757965143,14.371247915344105],[121.06864578664027,14.371247915344105],[121.06864578664027,14.372146230628225],[121.06235757965143,14.372146230628225],[121.06235757965143,14.371247915344105]]]},"id":"+134772+15998","properties":{"cls":1,"count":7}},{"type":"Feature","geometry":{"geodesic":false,"type":"Polygon","coordinates":[[[121.06774747135616,14.714404353877763],[121.06864578664027,14.714404353877763],[121.06864578664027,14.716200984446003],[121.06774747135616,14.716200984446003],[121.06774747135616,14.714404353877763]]]},"id":"+134772+16381","properties":{"cls":1,"count":2}},{"type":"Feature","geometry":{"geodesic":false,"type":"Polygon","coordinates":[[[121.06774747135616,14.49431710926848],[121.06774747135616,14.493418793984361],[121.0650525255038,14.493418793984361],[121.0650525255038,14.49431710926848],[121.06415421021968,14.49431710926848],[121.06415421021968,14.490723848132001],[121.06325589493557,14.490723848132001],[121.06325589493557,14.488028902279643],[121.06235757965143,14.488028902279643],[121.06235757965143,14.479944064722568],[121.06325589493557,14.479944064722568],[121.06325589493557,14.482639010574927],[121.06415421021968,14.482639010574927],[121.06415421021968,14.485333956427285],[121.0650525255038,14.485333956427285],[121.0650525255038,14.489825532847883],[121.06595084078792,14.489825532847883],[121.06595084078792,14.491622163416121],[121.0650525255038,14.491622163416121],[121.0650525255038,14.492520478700241],[121.06684915607204,14.491622163416121],[121.06684915607204,14.492520478700241],[121.0695441019244,14.492520478700241],[121.0695441019244,14.493418793984361],[121.07044241720851,14.493418793984361],[121.07044241720851,14.49431710926848],[121.06774747135616,14.49431710926848]]]},"id":"+134774+16134","properties":{"cls":1,"count":39}},{"type":"Feature","geometry":{"geodesic":false,"type":"Polygon","coordinates":[[[121.0695441019244,14.555402548588608],[121.07044241720851,14.555402548588608],[121.07044241720851,14.556300863872726],[121.0695441019244,14.556300863872726],[121.0695441019244,14.555402548588608]]]},"id":"+134774+16203","properties":{"cls":1,"count":1}},{"type":"Feature","geometry":{"geodesic":false,"type":"Polygon","coordinates":[[[121.06864578664027,14.712607723309524],[121.07044241720851,14.712607723309524],[121.07044241720851,14.714404353877763],[121.06864578664027,14.714404353877763],[121.06864578664027,14.712607723309524]]]},"id":"+134774+16379","properties":{"cls":1,"count":4}},{"type":"Feature","geometry":{"geodesic":false,"type":"Polygon","coordinates":[[[121.0695441019244,14.371247915344105],[121.06864578664027,14.369451284775867],[121.07044241720851,14.369451284775867],[121.07044241720851,14.370349600059987],[121.07134073249263,14.370349600059987],[121.07134073249263,14.371247915344105],[121.0695441019244,14.371247915344105]]]},"id":"+134775+15997","properties":{"cls":1,"count":4}},{"type":"Feature","geometry":{"geodesic":false,"type":"Polygon","coordinates":[[[121.07044241720851,14.715302669161883],[121.07134073249263,14.715302669161883],[121.07134073249263,14.716200984446003],[121.07044241720851,14.716200984446003],[121.07044241720851,14.715302669161883]]]},"id":"+134775+16381","properties":{"cls":1,"count":1}},{"type":"Feature","geometry":{"geodesic":false,"type":"Polygon","coordinates":[[[121.07134073249263,14.560792440293325],[121.07044241720851,14.558995809725085],[121.07223904777675,14.558995809725085],[121.07223904777675,14.560792440293325],[121.07134073249263,14.560792440293325]]]},"id":"+134776+16208","properties":{"cls":1,"count":3}},{"type":"Feature","geometry":{"geodesic":false,"type":"Polygon","coordinates":[[[121.07134073249263,14.71799761501424],[121.07223904777675,14.71799761501424],[121.07223904777675,14.71889593029836],[121.07134073249263,14.71889593029836],[121.07134073249263,14.71799761501424]]]},"id":"+134776+16384","properties":{"cls":1,"count":1}},{"type":"Feature","geometry":{"geodesic":false,"type":"Polygon","coordinates":[[[121.07223904777675,14.355976555514074],[121.07313736306088,14.355976555514074],[121.07313736306088,14.356874870798194],[121.07223904777675,14.356874870798194],[121.07223904777675,14.355976555514074]]]},"id":"+134777+15981","properties":{"cls":1,"count":1}},{"type":"Feature","geometry":{"geodesic":false,"type":"Polygon","coordinates":[[[121.07223904777675,14.720692560866599],[121.07313736306088,14.720692560866599],[121.07313736306088,14.721590876150719],[121.07223904777675,14.721590876150719],[121.07223904777675,14.720692560866599]]]},"id":"+134777+16387","properties":{"cls":1,"count":1}},{"type":"Feature","geometry":{"geodesic":false,"type":"Polygon","coordinates":[[[121.07313736306088,14.564385701429803],[121.074035678345,14.564385701429803],[121.074035678345,14.566182331998041],[121.07313736306088,14.566182331998041],[121.07313736306088,14.564385701429803]]]},"id":"+134778+16214","properties":{"cls":1,"count":2}},{"type":"Feature","geometry":{"geodesic":false,"type":"Polygon","coordinates":[[[121.07313736306088,14.721590876150719],[121.074035678345,14.721590876150719],[121.074035678345,14.722489191434839],[121.07313736306088,14.722489191434839],[121.07313736306088,14.721590876150719]]]},"id":"+134778+16388","properties":{"cls":1,"count":1}},{"type":"Feature","geometry":{"geodesic":false,"type":"Polygon","coordinates":[[[121.07223904777675,14.723387506718957],[121.074035678345,14.723387506718957],[121.074035678345,14.724285822003077],[121.07223904777675,14.724285822003077],[121.07223904777675,14.723387506718957]]]},"id":"+134778+16390","properties":{"cls":1,"count":2}},{"type":"Feature","geometry":{"geodesic":false,"type":"Polygon","coordinates":[[[121.074035678345,14.727879083139555],[121.07313736306088,14.726082452571317],[121.07493399362912,14.726082452571317],[121.07493399362912,14.727879083139555],[121.074035678345,14.727879083139555]]]},"id":"+134779+16394","properties":{"cls":1,"count":3}},{"type":"Feature","geometry":{"geodesic":false,"type":"Polygon","coordinates":[[[121.074035678345,14.355078240229954],[121.07583230891323,14.355078240229954],[121.07583230891323,14.355976555514074],[121.074035678345,14.355976555514074],[121.074035678345,14.355078240229954]]]},"id":"+134780+15980","properties":{"cls":1,"count":2}},{"type":"Feature","geometry":{"geodesic":false,"type":"Polygon","coordinates":[[[121.074035678345,14.51408004551911],[121.074035678345,14.51228341495087],[121.07223904777675,14.51228341495087],[121.07223904777675,14.51138509966675],[121.07134073249263,14.51138509966675],[121.07134073249263,14.509588469098512],[121.06864578664027,14.509588469098512],[121.06864578664027,14.508690153814392],[121.07044241720851,14.508690153814392],[121.07044241720851,14.507791838530272],[121.06864578664027,14.506893523246154],[121.06864578664027,14.505096892677914],[121.06774747135616,14.505096892677914],[121.06774747135616,14.502401946825556],[121.06684915607204,14.502401946825556],[121.06684915607204,14.500605316257317],[121.06595084078792,14.500605316257317],[121.06595084078792,14.497910370404957],[121.0650525255038,14.497910370404957],[121.0650525255038,14.4952154245526],[121.06595084078792,14.4952154245526],[121.06595084078792,14.49611373983672],[121.06684915607204,14.49611373983672],[121.0695441019244,14.499707000973197],[121.07134073249263,14.499707000973197],[121.07134073249263,14.500605316257317],[121.07223904777675,14.500605316257317],[121.07223904777675,14.501503631541436],[121.0695441019244,14.501503631541436],[121.0695441019244,14.502401946825556],[121.074035678345,14.503300262109676],[121.074035678345,14.504198577393796],[121.07762893948147,14.504198577393796],[121.07673062419735,14.505995207962034],[121.08212051590206,14.505995207962034],[121.08032388533383,14.508690153814392],[121.07762893948147,14.508690153814392],[121.07762893948147,14.509588469098512],[121.07673062419735,14.509588469098512],[121.07673062419735,14.51138509966675],[121.07583230891323,14.51138509966675],[121.07583230891323,14.51408004551911],[121.074035678345,14.51408004551911]],[[121.07134073249263,14.505096892677914],[121.07044241720851,14.505096892677914],[121.07044241720851,14.504198577393796],[121.07134073249263,14.504198577393796],[121.07134073249263,14.505096892677914]]]},"id":"+134780+16156","properties":{"cls":1,"count":127}},{"type":"Feature","geometry":{"geodesic":false,"type":"Polygon","coordinates":[[[121.07493399362912,14.553605918020368],[121.07583230891323,14.553605918020368],[121.07583230891323,14.555402548588608],[121.07493399362912,14.555402548588608],[121.07493399362912,14.553605918020368]]]},"id":"+134780+16202","properties":{"cls":1,"count":2}},{"type":"Feature","geometry":{"geodesic":false,"type":"Polygon","coordinates":[[[121.074035678345,14.57157222370276],[121.07583230891323,14.57157222370276],[121.07583230891323,14.57247053898688],[121.074035678345,14.57247053898688],[121.074035678345,14.57157222370276]]]},"id":"+134780+16221","properties":{"cls":1,"count":2}},{"type":"Feature","geometry":{"geodesic":false,"type":"Polygon","coordinates":[[[121.074035678345,14.573368854270997],[121.07583230891323,14.573368854270997],[121.07583230891323,14.574267169555117],[121.074035678345,14.574267169555117],[121.074035678345,14.573368854270997]]]},"id":"+134780+16223","properties":{"cls":1,"count":2}},{"type":"Feature","geometry":{"geodesic":false,"type":"Polygon","coordinates":[[[121.07583230891323,14.541927819326814],[121.07583230891323,14.540131188758576],[121.07762893948147,14.539232873474456],[121.07852725476559,14.541029504042696],[121.07673062419735,14.541029504042696],[121.07673062419735,14.541927819326814],[121.07583230891323,14.541927819326814]]]},"id":"+134781+16187","properties":{"cls":1,"count":5}},{"type":"Feature","geometry":{"geodesic":false,"type":"Polygon","coordinates":[[[121.07583230891323,14.574267169555117],[121.07673062419735,14.574267169555117],[121.07673062419735,14.575165484839237],[121.07583230891323,14.575165484839237],[121.07583230891323,14.574267169555117]]]},"id":"+134781+16224","properties":{"cls":1,"count":1}},{"type":"Feature","geometry":{"geodesic":false,"type":"Polygon","coordinates":[[[121.07583230891323,14.731472344276034],[121.07673062419735,14.731472344276034],[121.07673062419735,14.732370659560154],[121.07583230891323,14.732370659560154],[121.07583230891323,14.731472344276034]]]},"id":"+134781+16399","properties":{"cls":1,"count":1}},{"type":"Feature","geometry":{"geodesic":false,"type":"Polygon","coordinates":[[[121.07673062419735,14.553605918020368],[121.07762893948147,14.553605918020368],[121.07762893948147,14.554504233304488],[121.07673062419735,14.554504233304488],[121.07673062419735,14.553605918020368]]]},"id":"+134782+16201","properties":{"cls":1,"count":1}},{"type":"Feature","geometry":{"geodesic":false,"type":"Polygon","coordinates":[[[121.07673062419735,14.711709408025404],[121.07762893948147,14.711709408025404],[121.07762893948147,14.712607723309524],[121.07673062419735,14.712607723309524],[121.07673062419735,14.711709408025404]]]},"id":"+134782+16377","properties":{"cls":1,"count":1}},{"type":"Feature","geometry":{"geodesic":false,"type":"Polygon","coordinates":[[[121.07673062419735,14.727879083139555],[121.07762893948147,14.727879083139555],[121.07762893948147,14.728777398423675],[121.07673062419735,14.728777398423675],[121.07673062419735,14.727879083139555]]]},"id":"+134782+16395","properties":{"cls":1,"count":1}},{"type":"Feature","geometry":{"geodesic":false,"type":"Polygon","coordinates":[[[121.07583230891323,14.358671501366432],[121.07583230891323,14.355976555514074],[121.07852725476559,14.355976555514074],[121.07852725476559,14.356874870798194],[121.07942557004971,14.356874870798194],[121.07852725476559,14.358671501366432],[121.07583230891323,14.358671501366432]]]},"id":"+134783+15983","properties":{"cls":1,"count":10}},{"type":"Feature","geometry":{"geodesic":false,"type":"Polygon","coordinates":[[[121.07762893948147,14.60840315035166],[121.07852725476559,14.60840315035166],[121.07852725476559,14.60930146563578],[121.07762893948147,14.60930146563578],[121.07762893948147,14.60840315035166]]]},"id":"+134783+16262","properties":{"cls":1,"count":1}},{"type":"Feature","geometry":{"geodesic":false,"type":"Polygon","coordinates":[[[121.07762893948147,14.6101997809199],[121.07852725476559,14.6101997809199],[121.07852725476559,14.611996411488137],[121.07762893948147,14.611996411488137],[121.07762893948147,14.6101997809199]]]},"id":"+134783+16265","properties":{"cls":1,"count":2}},{"type":"Feature","geometry":{"geodesic":false,"type":"Polygon","coordinates":[[[121.07852725476559,14.576063800123357],[121.07942557004971,14.576063800123357],[121.07942557004971,14.576962115407476],[121.07852725476559,14.576962115407476],[121.07852725476559,14.576063800123357]]]},"id":"+134784+16226","properties":{"cls":1,"count":1}},{"type":"Feature","geometry":{"geodesic":false,"type":"Polygon","coordinates":[[[121.07852725476559,14.612894726772257],[121.07942557004971,14.612894726772257],[121.07942557004971,14.614691357340496],[121.07852725476559,14.614691357340496],[121.07852725476559,14.612894726772257]]]},"id":"+134784+16268","properties":{"cls":1,"count":2}},{"type":"Feature","geometry":{"geodesic":false,"type":"Polygon","coordinates":[[[121.07852725476559,14.617386303192854],[121.07942557004971,14.617386303192854],[121.07942557004971,14.619182933761094],[121.07852725476559,14.619182933761094],[121.07852725476559,14.617386303192854]]]},"id":"+134784+16273","properties":{"cls":1,"count":2}},{"type":"Feature","geometry":{"geodesic":false,"type":"Polygon","coordinates":[[[121.07942557004971,14.520368252507946],[121.08032388533383,14.520368252507946],[121.08032388533383,14.521266567792066],[121.07942557004971,14.521266567792066],[121.07942557004971,14.520368252507946]]]},"id":"+134785+16164","properties":{"cls":1,"count":1}},{"type":"Feature","geometry":{"geodesic":false,"type":"Polygon","coordinates":[[[121.07942557004971,14.611996411488137],[121.08032388533383,14.611996411488137],[121.08032388533383,14.612894726772257],[121.07942557004971,14.612894726772257],[121.07942557004971,14.611996411488137]]]},"id":"+134785+16266","properties":{"cls":1,"count":1}},{"type":"Feature","geometry":{"geodesic":false,"type":"Polygon","coordinates":[[[121.07942557004971,14.659607121546472],[121.08032388533383,14.659607121546472],[121.08032388533383,14.660505436830592],[121.07942557004971,14.660505436830592],[121.07942557004971,14.659607121546472]]]},"id":"+134785+16319","properties":{"cls":1,"count":1}},{"type":"Feature","geometry":{"geodesic":false,"type":"Polygon","coordinates":[[[121.07942557004971,14.727879083139555],[121.08032388533383,14.727879083139555],[121.08032388533383,14.728777398423675],[121.07942557004971,14.728777398423675],[121.07942557004971,14.727879083139555]]]},"id":"+134785+16395","properties":{"cls":1,"count":1}},{"type":"Feature","geometry":{"geodesic":false,"type":"Polygon","coordinates":[[[121.08032388533383,14.504198577393796],[121.08122220061794,14.504198577393796],[121.08122220061794,14.505096892677914],[121.08032388533383,14.505096892677914],[121.08032388533383,14.504198577393796]]]},"id":"+134786+16146","properties":{"cls":1,"count":1}},{"type":"Feature","geometry":{"geodesic":false,"type":"Polygon","coordinates":[[[121.07942557004971,14.599419997510465],[121.08032388533383,14.597623366942225],[121.08122220061794,14.597623366942225],[121.08122220061794,14.599419997510465],[121.07942557004971,14.599419997510465]]]},"id":"+134786+16251","properties":{"cls":1,"count":3}},{"type":"Feature","geometry":{"geodesic":false,"type":"Polygon","coordinates":[[[121.08032388533383,14.711709408025404],[121.08122220061794,14.711709408025404],[121.08122220061794,14.712607723309524],[121.08032388533383,14.712607723309524],[121.08032388533383,14.711709408025404]]]},"id":"+134786+16377","properties":{"cls":1,"count":1}},{"type":"Feature","geometry":{"geodesic":false,"type":"Polygon","coordinates":[[[121.08032388533383,14.713506038593643],[121.08122220061794,14.713506038593643],[121.08122220061794,14.714404353877763],[121.08032388533383,14.714404353877763],[121.08032388533383,14.713506038593643]]]},"id":"+134786+16379","properties":{"cls":1,"count":1}},{"type":"Feature","geometry":{"geodesic":false,"type":"Polygon","coordinates":[[[121.08122220061794,14.552707602736248],[121.08212051590206,14.552707602736248],[121.08212051590206,14.553605918020368],[121.08122220061794,14.553605918020368],[121.08122220061794,14.552707602736248]]]},"id":"+134787+16200","properties":{"cls":1,"count":1}},{"type":"Feature","geometry":{"geodesic":false,"type":"Polygon","coordinates":[[[121.08122220061794,14.581453691828074],[121.08212051590206,14.581453691828074],[121.08212051590206,14.582352007112194],[121.08122220061794,14.582352007112194],[121.08122220061794,14.581453691828074]]]},"id":"+134787+16232","properties":{"cls":1,"count":1}},{"type":"Feature","geometry":{"geodesic":false,"type":"Polygon","coordinates":[[[121.08032388533383,14.611996411488137],[121.08122220061794,14.6101997809199],[121.0830188311862,14.6101997809199],[121.0830188311862,14.60930146563578],[121.08391714647031,14.60930146563578],[121.08391714647031,14.611098096204017],[121.08032388533383,14.611996411488137]]]},"id":"+134787+16265","properties":{"cls":1,"count":6}},{"type":"Feature","geometry":{"geodesic":false,"type":"Polygon","coordinates":[[[121.08122220061794,14.62726777131817],[121.08122220061794,14.620979564329332],[121.07942557004971,14.620081249045214],[121.07942557004971,14.619182933761094],[121.08122220061794,14.619182933761094],[121.08122220061794,14.620081249045214],[121.08212051590206,14.620081249045214],[121.08212051590206,14.62726777131817],[121.08122220061794,14.62726777131817]]]},"id":"+134787+16282","properties":{"cls":1,"count":11}},{"type":"Feature","geometry":{"geodesic":false,"type":"Polygon","coordinates":[[[121.08122220061794,14.726082452571317],[121.08212051590206,14.726082452571317],[121.08212051590206,14.726980767855435],[121.08122220061794,14.726980767855435],[121.08122220061794,14.726082452571317]]]},"id":"+134787+16393","properties":{"cls":1,"count":1}},{"type":"Feature","geometry":{"geodesic":false,"type":"Polygon","coordinates":[[[121.08122220061794,14.356874870798194],[121.0830188311862,14.356874870798194],[121.0830188311862,14.357773186082312],[121.08122220061794,14.357773186082312],[121.08122220061794,14.356874870798194]]]},"id":"+134788+15982","properties":{"cls":1,"count":2}},{"type":"Feature","geometry":{"geodesic":false,"type":"Polygon","coordinates":[[[121.08212051590206,14.582352007112194],[121.0830188311862,14.582352007112194],[121.0830188311862,14.583250322396312],[121.08212051590206,14.583250322396312],[121.08212051590206,14.582352007112194]]]},"id":"+134788+16233","properties":{"cls":1,"count":1}},{"type":"Feature","geometry":{"geodesic":false,"type":"Polygon","coordinates":[[[121.08212051590206,14.58864021410103],[121.0830188311862,14.58864021410103],[121.0830188311862,14.58953852938515],[121.08212051590206,14.58953852938515],[121.08212051590206,14.58864021410103]]]},"id":"+134788+16240","properties":{"cls":1,"count":1}},{"type":"Feature","geometry":{"geodesic":false,"type":"Polygon","coordinates":[[[121.08212051590206,14.590436844669268],[121.0830188311862,14.590436844669268],[121.0830188311862,14.593131790521628],[121.08212051590206,14.593131790521628],[121.08212051590206,14.590436844669268]]]},"id":"+134788+16244","properties":{"cls":1,"count":3}},{"type":"Feature","geometry":{"geodesic":false,"type":"Polygon","coordinates":[[[121.08212051590206,14.628166086602288],[121.0830188311862,14.628166086602288],[121.0830188311862,14.629962717170528],[121.08212051590206,14.629962717170528],[121.08212051590206,14.628166086602288]]]},"id":"+134788+16285","properties":{"cls":1,"count":2}},{"type":"Feature","geometry":{"geodesic":false,"type":"Polygon","coordinates":[[[121.08212051590206,14.710811092741285],[121.0830188311862,14.710811092741285],[121.0830188311862,14.711709408025404],[121.08212051590206,14.711709408025404],[121.08212051590206,14.710811092741285]]]},"id":"+134788+16376","properties":{"cls":1,"count":1}},{"type":"Feature","geometry":{"geodesic":false,"type":"Polygon","coordinates":[[[121.0830188311862,14.503300262109676],[121.08391714647031,14.503300262109676],[121.08391714647031,14.504198577393796],[121.0830188311862,14.504198577393796],[121.0830188311862,14.503300262109676]]]},"id":"+134789+16145","properties":{"cls":1,"count":1}},{"type":"Feature","geometry":{"geodesic":false,"type":"Polygon","coordinates":[[[121.0830188311862,14.516774991371468],[121.08391714647031,14.516774991371468],[121.08391714647031,14.517673306655588],[121.0830188311862,14.517673306655588],[121.0830188311862,14.516774991371468]]]},"id":"+134789+16160","properties":{"cls":1,"count":1}},{"type":"Feature","geometry":{"geodesic":false,"type":"Polygon","coordinates":[[[121.0830188311862,14.520368252507946],[121.08391714647031,14.520368252507946],[121.08391714647031,14.522164883076185],[121.0830188311862,14.522164883076185],[121.0830188311862,14.520368252507946]]]},"id":"+134789+16165","properties":{"cls":1,"count":2}},{"type":"Feature","geometry":{"geodesic":false,"type":"Polygon","coordinates":[[[121.0830188311862,14.553605918020368],[121.08391714647031,14.553605918020368],[121.08391714647031,14.554504233304488],[121.0830188311862,14.554504233304488],[121.0830188311862,14.553605918020368]]]},"id":"+134789+16201","properties":{"cls":1,"count":1}},{"type":"Feature","geometry":{"geodesic":false,"type":"Polygon","coordinates":[[[121.0830188311862,14.584148637680432],[121.08391714647031,14.584148637680432],[121.08391714647031,14.585046952964552],[121.0830188311862,14.585046952964552],[121.0830188311862,14.584148637680432]]]},"id":"+134789+16235","properties":{"cls":1,"count":1}},{"type":"Feature","geometry":{"geodesic":false,"type":"Polygon","coordinates":[[[121.0830188311862,14.585945268248672],[121.08391714647031,14.585945268248672],[121.08391714647031,14.58774189881691],[121.0830188311862,14.58774189881691],[121.0830188311862,14.585945268248672]]]},"id":"+134789+16238","properties":{"cls":1,"count":2}},{"type":"Feature","geometry":{"geodesic":false,"type":"Polygon","coordinates":[[[121.0830188311862,14.58953852938515],[121.08391714647031,14.58953852938515],[121.08391714647031,14.590436844669268],[121.0830188311862,14.590436844669268],[121.0830188311862,14.58953852938515]]]},"id":"+134789+16241","properties":{"cls":1,"count":1}},{"type":"Feature","geometry":{"geodesic":false,"type":"Polygon","coordinates":[[[121.0830188311862,14.715302669161883],[121.08391714647031,14.715302669161883],[121.08391714647031,14.716200984446003],[121.0830188311862,14.716200984446003],[121.0830188311862,14.715302669161883]]]},"id":"+134789+16381","properties":{"cls":1,"count":1}},{"type":"Feature","geometry":{"geodesic":false,"type":"Polygon","coordinates":[[[121.08212051590206,14.724285822003077],[121.0830188311862,14.722489191434839],[121.08391714647031,14.722489191434839],[121.08391714647031,14.724285822003077],[121.08212051590206,14.724285822003077]]]},"id":"+134789+16390","properties":{"cls":1,"count":3}},{"type":"Feature","geometry":{"geodesic":false,"type":"Polygon","coordinates":[[[121.08391714647031,14.356874870798194],[121.08481546175443,14.356874870798194],[121.08481546175443,14.358671501366432],[121.08391714647031,14.358671501366432],[121.08391714647031,14.356874870798194]]]},"id":"+134790+15983","properties":{"cls":1,"count":2}},{"type":"Feature","geometry":{"geodesic":false,"type":"Polygon","coordinates":[[[121.08212051590206,14.603013258646943],[121.08481546175443,14.603013258646943],[121.08481546175443,14.603911573931061],[121.08212051590206,14.603911573931061],[121.08212051590206,14.603013258646943]]]},"id":"+134790+16256","properties":{"cls":1,"count":3}},{"type":"Feature","geometry":{"geodesic":false,"type":"Polygon","coordinates":[[[121.0830188311862,14.629962717170528],[121.08481546175443,14.629962717170528],[121.08481546175443,14.630861032454646],[121.0830188311862,14.630861032454646],[121.0830188311862,14.629962717170528]]]},"id":"+134790+16286","properties":{"cls":1,"count":2}},{"type":"Feature","geometry":{"geodesic":false,"type":"Polygon","coordinates":[[[121.08391714647031,14.713506038593643],[121.08481546175443,14.713506038593643],[121.08481546175443,14.714404353877763],[121.08391714647031,14.714404353877763],[121.08391714647031,14.713506038593643]]]},"id":"+134790+16379","properties":{"cls":1,"count":1}},{"type":"Feature","geometry":{"geodesic":false,"type":"Polygon","coordinates":[[[121.08391714647031,14.725184137287197],[121.08481546175443,14.725184137287197],[121.08481546175443,14.726082452571317],[121.08391714647031,14.726082452571317],[121.08391714647031,14.725184137287197]]]},"id":"+134790+16392","properties":{"cls":1,"count":1}},{"type":"Feature","geometry":{"geodesic":false,"type":"Polygon","coordinates":[[[121.08481546175443,14.51318173023499],[121.08571377703855,14.51318173023499],[121.08571377703855,14.51408004551911],[121.08481546175443,14.51408004551911],[121.08481546175443,14.51318173023499]]]},"id":"+134791+16156","properties":{"cls":1,"count":1}},{"type":"Feature","geometry":{"geodesic":false,"type":"Polygon","coordinates":[[[121.08481546175443,14.518571621939707],[121.08571377703855,14.518571621939707],[121.08571377703855,14.519469937223827],[121.08481546175443,14.519469937223827],[121.08481546175443,14.518571621939707]]]},"id":"+134791+16162","properties":{"cls":1,"count":1}},{"type":"Feature","geometry":{"geodesic":false,"type":"Polygon","coordinates":[[[121.08481546175443,14.553605918020368],[121.08571377703855,14.553605918020368],[121.08571377703855,14.554504233304488],[121.08481546175443,14.554504233304488],[121.08481546175443,14.553605918020368]]]},"id":"+134791+16201","properties":{"cls":1,"count":1}},{"type":"Feature","geometry":{"geodesic":false,"type":"Polygon","coordinates":[[[121.08481546175443,14.60840315035166],[121.08571377703855,14.60840315035166],[121.08571377703855,14.60930146563578],[121.08481546175443,14.60930146563578],[121.08481546175443,14.60840315035166]]]},"id":"+134791+16262","properties":{"cls":1,"count":1}},{"type":"Feature","geometry":{"geodesic":false,"type":"Polygon","coordinates":[[[121.08481546175443,14.724285822003077],[121.08571377703855,14.724285822003077],[121.08571377703855,14.725184137287197],[121.08481546175443,14.725184137287197],[121.08481546175443,14.724285822003077]]]},"id":"+134791+16391","properties":{"cls":1,"count":1}},{"type":"Feature","geometry":{"geodesic":false,"type":"Polygon","coordinates":[[[121.08571377703855,14.619182933761094],[121.08661209232267,14.619182933761094],[121.08661209232267,14.620081249045214],[121.08571377703855,14.620081249045214],[121.08571377703855,14.619182933761094]]]},"id":"+134792+16274","properties":{"cls":1,"count":1}},{"type":"Feature","geometry":{"geodesic":false,"type":"Polygon","coordinates":[[[121.08481546175443,14.629962717170528],[121.08571377703855,14.628166086602288],[121.08661209232267,14.628166086602288],[121.08661209232267,14.629962717170528],[121.08481546175443,14.629962717170528]]]},"id":"+134792+16285","properties":{"cls":1,"count":3}},{"type":"Feature","geometry":{"geodesic":false,"type":"Polygon","coordinates":[[[121.08571377703855,14.728777398423675],[121.08571377703855,14.726980767855435],[121.0884087228909,14.726980767855435],[121.0884087228909,14.727879083139555],[121.08661209232267,14.727879083139555],[121.08661209232267,14.728777398423675],[121.08571377703855,14.728777398423675]]]},"id":"+134792+16395","properties":{"cls":1,"count":4}},{"type":"Feature","geometry":{"geodesic":false,"type":"Polygon","coordinates":[[[121.08661209232267,14.517673306655588],[121.08751040760679,14.517673306655588],[121.08751040760679,14.519469937223827],[121.08661209232267,14.519469937223827],[121.08661209232267,14.517673306655588]]]},"id":"+134793+16162","properties":{"cls":1,"count":2}},{"type":"Feature","geometry":{"geodesic":false,"type":"Polygon","coordinates":[[[121.08661209232267,14.553605918020368],[121.08751040760679,14.553605918020368],[121.08751040760679,14.554504233304488],[121.08661209232267,14.554504233304488],[121.08661209232267,14.553605918020368]]]},"id":"+134793+16201","properties":{"cls":1,"count":1}},{"type":"Feature","geometry":{"geodesic":false,"type":"Polygon","coordinates":[[[121.08571377703855,14.60840315035166],[121.08661209232267,14.606606519783421],[121.08751040760679,14.606606519783421],[121.08751040760679,14.60840315035166],[121.08571377703855,14.60840315035166]]]},"id":"+134793+16261","properties":{"cls":1,"count":3}},{"type":"Feature","geometry":{"geodesic":false,"type":"Polygon","coordinates":[[[121.08661209232267,14.62726777131817],[121.08751040760679,14.62726777131817],[121.08751040760679,14.628166086602288],[121.08661209232267,14.628166086602288],[121.08661209232267,14.62726777131817]]]},"id":"+134793+16283","properties":{"cls":1,"count":1}},{"type":"Feature","geometry":{"geodesic":false,"type":"Polygon","coordinates":[[[121.08751040760679,14.51318173023499],[121.0884087228909,14.51318173023499],[121.0884087228909,14.51408004551911],[121.08751040760679,14.51408004551911],[121.08751040760679,14.51318173023499]]]},"id":"+134794+16156","properties":{"cls":1,"count":1}},{"type":"Feature","geometry":{"geodesic":false,"type":"Polygon","coordinates":[[[121.08751040760679,14.515876676087348],[121.0884087228909,14.515876676087348],[121.0884087228909,14.516774991371468],[121.08751040760679,14.516774991371468],[121.08751040760679,14.515876676087348]]]},"id":"+134794+16159","properties":{"cls":1,"count":1}},{"type":"Feature","geometry":{"geodesic":false,"type":"Polygon","coordinates":[[[121.08751040760679,14.606606519783421],[121.08751040760679,14.603911573931061],[121.08930703817502,14.603911573931061],[121.08930703817502,14.604809889215181],[121.0884087228909,14.604809889215181],[121.0884087228909,14.606606519783421],[121.08751040760679,14.606606519783421]]]},"id":"+134794+16259","properties":{"cls":1,"count":4}},{"type":"Feature","geometry":{"geodesic":false,"type":"Polygon","coordinates":[[[121.08751040760679,14.62726777131817],[121.08751040760679,14.62547114074993],[121.08930703817502,14.62547114074993],[121.08930703817502,14.62636945603405],[121.08751040760679,14.62726777131817]]]},"id":"+134794+16282","properties":{"cls":1,"count":3}},{"type":"Feature","geometry":{"geodesic":false,"type":"Polygon","coordinates":[[[121.08751040760679,14.735963920696632],[121.0884087228909,14.735963920696632],[121.0884087228909,14.73686223598075],[121.08751040760679,14.73686223598075],[121.08751040760679,14.735963920696632]]]},"id":"+134794+16404","properties":{"cls":1,"count":1}},{"type":"Feature","geometry":{"geodesic":false,"type":"Polygon","coordinates":[[[121.08751040760679,14.552707602736248],[121.08930703817502,14.552707602736248],[121.08930703817502,14.553605918020368],[121.08751040760679,14.553605918020368],[121.08751040760679,14.552707602736248]]]},"id":"+134795+16200","properties":{"cls":1,"count":2}},{"type":"Feature","geometry":{"geodesic":false,"type":"Polygon","coordinates":[[[121.0884087228909,14.714404353877763],[121.08930703817502,14.714404353877763],[121.08930703817502,14.716200984446003],[121.0884087228909,14.716200984446003],[121.0884087228909,14.714404353877763]]]},"id":"+134795+16381","properties":{"cls":1,"count":2}},{"type":"Feature","geometry":{"geodesic":false,"type":"Polygon","coordinates":[[[121.0884087228909,14.721590876150719],[121.08930703817502,14.721590876150719],[121.08930703817502,14.722489191434839],[121.0884087228909,14.722489191434839],[121.0884087228909,14.721590876150719]]]},"id":"+134795+16388","properties":{"cls":1,"count":1}},{"type":"Feature","geometry":{"geodesic":false,"type":"Polygon","coordinates":[[[121.0884087228909,14.735065605412512],[121.08930703817502,14.735065605412512],[121.08930703817502,14.735963920696632],[121.0884087228909,14.735963920696632],[121.0884087228909,14.735065605412512]]]},"id":"+134795+16403","properties":{"cls":1,"count":1}},{"type":"Feature","geometry":{"geodesic":false,"type":"Polygon","coordinates":[[[121.08930703817502,14.358671501366432],[121.08930703817502,14.357773186082312],[121.08571377703855,14.357773186082312],[121.08481546175443,14.355976555514074],[121.0884087228909,14.355976555514074],[121.0884087228909,14.356874870798194],[121.09020535345914,14.356874870798194],[121.09020535345914,14.358671501366432],[121.08930703817502,14.358671501366432]]]},"id":"+134796+15983","properties":{"cls":1,"count":10}},{"type":"Feature","geometry":{"geodesic":false,"type":"Polygon","coordinates":[[[121.08930703817502,14.602114943362823],[121.09020535345914,14.602114943362823],[121.09020535345914,14.603013258646943],[121.08930703817502,14.603013258646943],[121.08930703817502,14.602114943362823]]]},"id":"+134796+16255","properties":{"cls":1,"count":1}},{"type":"Feature","geometry":{"geodesic":false,"type":"Polygon","coordinates":[[[121.08930703817502,14.62457282546581],[121.09020535345914,14.62457282546581],[121.09020535345914,14.62547114074993],[121.08930703817502,14.62547114074993],[121.08930703817502,14.62457282546581]]]},"id":"+134796+16280","properties":{"cls":1,"count":1}},{"type":"Feature","geometry":{"geodesic":false,"type":"Polygon","coordinates":[[[121.08930703817502,14.644335761716441],[121.09020535345914,14.644335761716441],[121.09020535345914,14.64523407700056],[121.08930703817502,14.64523407700056],[121.08930703817502,14.644335761716441]]]},"id":"+134796+16302","properties":{"cls":1,"count":1}},{"type":"Feature","geometry":{"geodesic":false,"type":"Polygon","coordinates":[[[121.08930703817502,14.726980767855435],[121.09020535345914,14.726980767855435],[121.09020535345914,14.727879083139555],[121.08930703817502,14.727879083139555],[121.08930703817502,14.726980767855435]]]},"id":"+134796+16394","properties":{"cls":1,"count":1}},{"type":"Feature","geometry":{"geodesic":false,"type":"Polygon","coordinates":[[[121.08930703817502,14.731472344276034],[121.09020535345914,14.731472344276034],[121.09020535345914,14.732370659560154],[121.08930703817502,14.732370659560154],[121.08930703817502,14.731472344276034]]]},"id":"+134796+16399","properties":{"cls":1,"count":1}},{"type":"Feature","geometry":{"geodesic":false,"type":"Polygon","coordinates":[[[121.09020535345914,14.594928421089866],[121.09110366874326,14.594928421089866],[121.09110366874326,14.595826736373986],[121.09020535345914,14.595826736373986],[121.09020535345914,14.594928421089866]]]},"id":"+134797+16247","properties":{"cls":1,"count":1}},{"type":"Feature","geometry":{"geodesic":false,"type":"Polygon","coordinates":[[[121.08930703817502,14.597623366942225],[121.09110366874326,14.597623366942225],[121.09110366874326,14.599419997510465],[121.08930703817502,14.599419997510465],[121.08930703817502,14.597623366942225]]]},"id":"+134797+16251","properties":{"cls":1,"count":4}},{"type":"Feature","geometry":{"geodesic":false,"type":"Polygon","coordinates":[[[121.09020535345914,14.644335761716441],[121.09020535345914,14.642539131148201],[121.09200198402738,14.641640815864081],[121.09200198402738,14.643437446432321],[121.09020535345914,14.644335761716441]]]},"id":"+134797+16301","properties":{"cls":1,"count":4}},{"type":"Feature","geometry":{"geodesic":false,"type":"Polygon","coordinates":[[[121.09020535345914,14.714404353877763],[121.09110366874326,14.714404353877763],[121.09110366874326,14.715302669161883],[121.09020535345914,14.715302669161883],[121.09020535345914,14.714404353877763]]]},"id":"+134797+16380","properties":{"cls":1,"count":1}},{"type":"Feature","geometry":{"geodesic":false,"type":"Polygon","coordinates":[[[121.08930703817502,14.726082452571317],[121.08930703817502,14.724285822003077],[121.09020535345914,14.724285822003077],[121.09110366874326,14.726082452571317],[121.08930703817502,14.726082452571317]]]},"id":"+134797+16392","properties":{"cls":1,"count":3}},{"type":"Feature","geometry":{"geodesic":false,"type":"Polygon","coordinates":[[[121.09020535345914,14.730574028991914],[121.09110366874326,14.730574028991914],[121.09110366874326,14.731472344276034],[121.09020535345914,14.731472344276034],[121.09020535345914,14.730574028991914]]]},"id":"+134797+16398","properties":{"cls":1,"count":1}},{"type":"Feature","geometry":{"geodesic":false,"type":"Polygon","coordinates":[[[121.09110366874326,14.349688348525238],[121.09200198402738,14.349688348525238],[121.09200198402738,14.350586663809356],[121.09110366874326,14.350586663809356],[121.09110366874326,14.349688348525238]]]},"id":"+134798+15974","properties":{"cls":1,"count":1}},{"type":"Feature","geometry":{"geodesic":false,"type":"Polygon","coordinates":[[[121.09110366874326,14.593131790521628],[121.09200198402738,14.593131790521628],[121.09200198402738,14.594928421089866],[121.09110366874326,14.594928421089866],[121.09110366874326,14.593131790521628]]]},"id":"+134798+16246","properties":{"cls":1,"count":2}},{"type":"Feature","geometry":{"geodesic":false,"type":"Polygon","coordinates":[[[121.09110366874326,14.733268974844274],[121.09200198402738,14.733268974844274],[121.09200198402738,14.735963920696632],[121.09110366874326,14.735963920696632],[121.09110366874326,14.733268974844274]]]},"id":"+134798+16403","properties":{"cls":1,"count":3}},{"type":"Feature","geometry":{"geodesic":false,"type":"Polygon","coordinates":[[[121.09110366874326,14.73686223598075],[121.09200198402738,14.73686223598075],[121.09200198402738,14.73776055126487],[121.09110366874326,14.73776055126487],[121.09110366874326,14.73686223598075]]]},"id":"+134798+16405","properties":{"cls":1,"count":1}},{"type":"Feature","geometry":{"geodesic":false,"type":"Polygon","coordinates":[[[121.09200198402738,14.352383294377596],[121.09290029931151,14.352383294377596],[121.09290029931151,14.353281609661716],[121.09200198402738,14.353281609661716],[121.09200198402738,14.352383294377596]]]},"id":"+134799+15977","properties":{"cls":1,"count":1}},{"type":"Feature","geometry":{"geodesic":false,"type":"Polygon","coordinates":[[[121.09110366874326,14.552707602736248],[121.09290029931151,14.552707602736248],[121.09290029931151,14.553605918020368],[121.09110366874326,14.553605918020368],[121.09110366874326,14.552707602736248]]]},"id":"+134799+16200","properties":{"cls":1,"count":2}},{"type":"Feature","geometry":{"geodesic":false,"type":"Polygon","coordinates":[[[121.09200198402738,14.566182331998041],[121.09290029931151,14.566182331998041],[121.09290029931151,14.567080647282161],[121.09200198402738,14.567080647282161],[121.09200198402738,14.566182331998041]]]},"id":"+134799+16215","properties":{"cls":1,"count":1}},{"type":"Feature","geometry":{"geodesic":false,"type":"Polygon","coordinates":[[[121.09200198402738,14.593131790521628],[121.09290029931151,14.585046952964552],[121.09559524516386,14.583250322396312],[121.09469692987975,14.58774189881691],[121.09379861459563,14.58774189881691],[121.09379861459563,14.58953852938515],[121.09290029931151,14.58953852938515],[121.09290029931151,14.593131790521628],[121.09200198402738,14.593131790521628]]]},"id":"+134799+16244","properties":{"cls":1,"count":16}},{"type":"Feature","geometry":{"geodesic":false,"type":"Polygon","coordinates":[[[121.09200198402738,14.62457282546581],[121.09290029931151,14.62457282546581],[121.09290029931151,14.62547114074993],[121.09200198402738,14.62547114074993],[121.09200198402738,14.62457282546581]]]},"id":"+134799+16280","properties":{"cls":1,"count":1}},{"type":"Feature","geometry":{"geodesic":false,"type":"Polygon","coordinates":[[[121.09200198402738,14.636250924159365],[121.09290029931151,14.636250924159365],[121.09290029931151,14.638945870011723],[121.09200198402738,14.638945870011723],[121.09200198402738,14.636250924159365]]]},"id":"+134799+16295","properties":{"cls":1,"count":3}},{"type":"Feature","geometry":{"geodesic":false,"type":"Polygon","coordinates":[[[121.09200198402738,14.726082452571317],[121.09290029931151,14.726082452571317],[121.09290029931151,14.726980767855435],[121.09200198402738,14.726980767855435],[121.09200198402738,14.726082452571317]]]},"id":"+134799+16393","properties":{"cls":1,"count":1}},{"type":"Feature","geometry":{"geodesic":false,"type":"Polygon","coordinates":[[[121.09200198402738,14.729675713707795],[121.09290029931151,14.729675713707795],[121.09290029931151,14.732370659560154],[121.09200198402738,14.732370659560154],[121.09200198402738,14.729675713707795]]]},"id":"+134799+16399","properties":{"cls":1,"count":3}},{"type":"Feature","geometry":{"geodesic":false,"type":"Polygon","coordinates":[[[121.09290029931151,14.353281609661716],[121.09379861459563,14.353281609661716],[121.09379861459563,14.354179924945834],[121.09290029931151,14.354179924945834],[121.09290029931151,14.353281609661716]]]},"id":"+134800+15978","properties":{"cls":1,"count":1}},{"type":"Feature","geometry":{"geodesic":false,"type":"Polygon","coordinates":[[[121.09110366874326,14.355976555514074],[121.09379861459563,14.355976555514074],[121.09379861459563,14.356874870798194],[121.09110366874326,14.356874870798194],[121.09110366874326,14.355976555514074]]]},"id":"+134800+15981","properties":{"cls":1,"count":3}},{"type":"Feature","geometry":{"geodesic":false,"type":"Polygon","coordinates":[[[121.09290029931151,14.548216026315652],[121.09379861459563,14.548216026315652],[121.09379861459563,14.55001265688389],[121.09290029931151,14.55001265688389],[121.09290029931151,14.548216026315652]]]},"id":"+134800+16196","properties":{"cls":1,"count":2}},{"type":"Feature","geometry":{"geodesic":false,"type":"Polygon","coordinates":[[[121.09290029931151,14.55180928745213],[121.09379861459563,14.55180928745213],[121.09379861459563,14.552707602736248],[121.09290029931151,14.552707602736248],[121.09290029931151,14.55180928745213]]]},"id":"+134800+16199","properties":{"cls":1,"count":1}},{"type":"Feature","geometry":{"geodesic":false,"type":"Polygon","coordinates":[[[121.09290029931151,14.634454293591125],[121.09290029931151,14.629962717170528],[121.09379861459563,14.629962717170528],[121.09379861459563,14.628166086602288],[121.09290029931151,14.628166086602288],[121.09290029931151,14.62547114074993],[121.09379861459563,14.62547114074993],[121.09379861459563,14.62726777131817],[121.09469692987975,14.62726777131817],[121.09469692987975,14.630861032454646],[121.09379861459563,14.630861032454646],[121.09379861459563,14.634454293591125],[121.09290029931151,14.634454293591125]]]},"id":"+134800+16290","properties":{"cls":1,"count":12}},{"type":"Feature","geometry":{"geodesic":false,"type":"Polygon","coordinates":[[[121.09290029931151,14.723387506718957],[121.09379861459563,14.723387506718957],[121.09379861459563,14.724285822003077],[121.09290029931151,14.724285822003077],[121.09290029931151,14.723387506718957]]]},"id":"+134800+16390","properties":{"cls":1,"count":1}},{"type":"Feature","geometry":{"geodesic":false,"type":"Polygon","coordinates":[[[121.09379861459563,14.354179924945834],[121.09469692987975,14.354179924945834],[121.09469692987975,14.355976555514074],[121.09379861459563,14.355976555514074],[121.09379861459563,14.354179924945834]]]},"id":"+134801+15980","properties":{"cls":1,"count":2}},{"type":"Feature","geometry":{"geodesic":false,"type":"Polygon","coordinates":[[[121.09379861459563,14.653318914557635],[121.09469692987975,14.653318914557635],[121.09469692987975,14.654217229841755],[121.09379861459563,14.654217229841755],[121.09379861459563,14.653318914557635]]]},"id":"+134801+16312","properties":{"cls":1,"count":1}},{"type":"Feature","geometry":{"geodesic":false,"type":"Polygon","coordinates":[[[121.09290029931151,14.714404353877763],[121.09469692987975,14.714404353877763],[121.09469692987975,14.715302669161883],[121.09290029931151,14.715302669161883],[121.09290029931151,14.714404353877763]]]},"id":"+134801+16380","properties":{"cls":1,"count":2}},{"type":"Feature","geometry":{"geodesic":false,"type":"Polygon","coordinates":[[[121.09469692987975,14.544622765179174],[121.09559524516386,14.544622765179174],[121.09559524516386,14.545521080463292],[121.09469692987975,14.545521080463292],[121.09469692987975,14.544622765179174]]]},"id":"+134802+16191","properties":{"cls":1,"count":1}},{"type":"Feature","geometry":{"geodesic":false,"type":"Polygon","coordinates":[[[121.09469692987975,14.54911434159977],[121.09559524516386,14.54911434159977],[121.09559524516386,14.55001265688389],[121.09469692987975,14.55001265688389],[121.09469692987975,14.54911434159977]]]},"id":"+134802+16196","properties":{"cls":1,"count":1}},{"type":"Feature","geometry":{"geodesic":false,"type":"Polygon","coordinates":[[[121.09469692987975,14.552707602736248],[121.09559524516386,14.552707602736248],[121.09559524516386,14.553605918020368],[121.09469692987975,14.553605918020368],[121.09469692987975,14.552707602736248]]]},"id":"+134802+16200","properties":{"cls":1,"count":1}},{"type":"Feature","geometry":{"geodesic":false,"type":"Polygon","coordinates":[[[121.09559524516386,14.540131188758576],[121.09649356044798,14.540131188758576],[121.09649356044798,14.541029504042696],[121.09559524516386,14.541029504042696],[121.09559524516386,14.540131188758576]]]},"id":"+134803+16186","properties":{"cls":1,"count":1}},{"type":"Feature","geometry":{"geodesic":false,"type":"Polygon","coordinates":[[[121.09559524516386,14.543724449895054],[121.09649356044798,14.543724449895054],[121.09649356044798,14.544622765179174],[121.09559524516386,14.544622765179174],[121.09559524516386,14.543724449895054]]]},"id":"+134803+16190","properties":{"cls":1,"count":1}},{"type":"Feature","geometry":{"geodesic":false,"type":"Polygon","coordinates":[[[121.09469692987975,14.582352007112194],[121.09469692987975,14.581453691828074],[121.09559524516386,14.581453691828074],[121.09559524516386,14.579657061259834],[121.09829019101622,14.579657061259834],[121.09649356044798,14.582352007112194],[121.09469692987975,14.582352007112194]]]},"id":"+134803+16232","properties":{"cls":1,"count":7}},{"type":"Feature","geometry":{"geodesic":false,"type":"Polygon","coordinates":[[[121.09559524516386,14.656013860409994],[121.09649356044798,14.656013860409994],[121.09649356044798,14.657810490978234],[121.09559524516386,14.657810490978234],[121.09559524516386,14.656013860409994]]]},"id":"+134803+16316","properties":{"cls":1,"count":2}},{"type":"Feature","geometry":{"geodesic":false,"type":"Polygon","coordinates":[[[121.09559524516386,14.658708806262352],[121.09649356044798,14.658708806262352],[121.09649356044798,14.659607121546472],[121.09559524516386,14.659607121546472],[121.09559524516386,14.658708806262352]]]},"id":"+134803+16318","properties":{"cls":1,"count":1}},{"type":"Feature","geometry":{"geodesic":false,"type":"Polygon","coordinates":[[[121.09559524516386,14.660505436830592],[121.09649356044798,14.660505436830592],[121.09649356044798,14.66230206739883],[121.09559524516386,14.66230206739883],[121.09559524516386,14.660505436830592]]]},"id":"+134803+16321","properties":{"cls":1,"count":2}},{"type":"Feature","geometry":{"geodesic":false,"type":"Polygon","coordinates":[[[121.09559524516386,14.723387506718957],[121.09649356044798,14.723387506718957],[121.09649356044798,14.724285822003077],[121.09559524516386,14.724285822003077],[121.09559524516386,14.723387506718957]]]},"id":"+134803+16390","properties":{"cls":1,"count":1}},{"type":"Feature","geometry":{"geodesic":false,"type":"Polygon","coordinates":[[[121.09649356044798,14.518571621939707],[121.0973918757321,14.518571621939707],[121.0973918757321,14.519469937223827],[121.09649356044798,14.519469937223827],[121.09649356044798,14.518571621939707]]]},"id":"+134804+16162","properties":{"cls":1,"count":1}},{"type":"Feature","geometry":{"geodesic":false,"type":"Polygon","coordinates":[[[121.09649356044798,14.542826134610934],[121.0973918757321,14.542826134610934],[121.0973918757321,14.543724449895054],[121.09649356044798,14.543724449895054],[121.09649356044798,14.542826134610934]]]},"id":"+134804+16189","properties":{"cls":1,"count":1}},{"type":"Feature","geometry":{"geodesic":false,"type":"Polygon","coordinates":[[[121.09649356044798,14.71889593029836],[121.0973918757321,14.71889593029836],[121.0973918757321,14.719794245582479],[121.09649356044798,14.719794245582479],[121.09649356044798,14.71889593029836]]]},"id":"+134804+16385","properties":{"cls":1,"count":1}},{"type":"Feature","geometry":{"geodesic":false,"type":"Polygon","coordinates":[[[121.0973918757321,14.538334558190337],[121.09829019101622,14.538334558190337],[121.09829019101622,14.539232873474456],[121.0973918757321,14.539232873474456],[121.0973918757321,14.538334558190337]]]},"id":"+134805+16184","properties":{"cls":1,"count":1}},{"type":"Feature","geometry":{"geodesic":false,"type":"Polygon","coordinates":[[[121.0973918757321,14.719794245582479],[121.09829019101622,14.719794245582479],[121.09829019101622,14.720692560866599],[121.0973918757321,14.720692560866599],[121.0973918757321,14.719794245582479]]]},"id":"+134805+16386","properties":{"cls":1,"count":1}},{"type":"Feature","geometry":{"geodesic":false,"type":"Polygon","coordinates":[[[121.0973918757321,14.723387506718957],[121.09829019101622,14.723387506718957],[121.09829019101622,14.724285822003077],[121.0973918757321,14.724285822003077],[121.0973918757321,14.723387506718957]]]},"id":"+134805+16390","properties":{"cls":1,"count":1}},{"type":"Feature","geometry":{"geodesic":false,"type":"Polygon","coordinates":[[[121.09829019101622,14.665895328535308],[121.09918850630034,14.665895328535308],[121.09918850630034,14.668590274387666],[121.09829019101622,14.668590274387666],[121.09829019101622,14.665895328535308]]]},"id":"+134806+16328","properties":{"cls":1,"count":3}},{"type":"Feature","geometry":{"geodesic":false,"type":"Polygon","coordinates":[[[121.09918850630034,14.522164883076185],[121.10008682158445,14.522164883076185],[121.10008682158445,14.523063198360305],[121.09918850630034,14.523063198360305],[121.09918850630034,14.522164883076185]]]},"id":"+134807+16166","properties":{"cls":1,"count":1}},{"type":"Feature","geometry":{"geodesic":false,"type":"Polygon","coordinates":[[[121.09829019101622,14.538334558190337],[121.09829019101622,14.536537927622097],[121.09918850630034,14.536537927622097],[121.10008682158445,14.538334558190337],[121.09829019101622,14.538334558190337]]]},"id":"+134807+16183","properties":{"cls":1,"count":3}},{"type":"Feature","geometry":{"geodesic":false,"type":"Polygon","coordinates":[[[121.09829019101622,14.578758745975716],[121.09829019101622,14.576962115407476],[121.10008682158445,14.576063800123357],[121.10008682158445,14.574267169555117],[121.10098513686857,14.574267169555117],[121.10098513686857,14.57247053898688],[121.10278176743682,14.57157222370276],[121.10278176743682,14.56977559313452],[121.10547671328918,14.567978962566281],[121.10547671328918,14.566182331998041],[121.10727334385741,14.565284016713923],[121.10727334385741,14.564385701429803],[121.10817165914153,14.564385701429803],[121.10906997442565,14.560792440293325],[121.11086660499389,14.560792440293325],[121.11086660499389,14.562589070861563],[121.10906997442565,14.563487386145683],[121.10906997442565,14.565284016713923],[121.10817165914153,14.565284016713923],[121.10817165914153,14.567080647282161],[121.1063750285733,14.567978962566281],[121.1063750285733,14.56977559313452],[121.10278176743682,14.57247053898688],[121.10278176743682,14.574267169555117],[121.1018834521527,14.574267169555117],[121.1018834521527,14.576063800123357],[121.10008682158445,14.576962115407476],[121.10008682158445,14.578758745975716],[121.09829019101622,14.578758745975716]]]},"id":"+134807+16228","properties":{"cls":1,"count":42}},{"type":"Feature","geometry":{"geodesic":false,"type":"Polygon","coordinates":[[[121.09918850630034,14.668590274387666],[121.10008682158445,14.668590274387666],[121.10008682158445,14.670386904955906],[121.09918850630034,14.670386904955906],[121.09918850630034,14.668590274387666]]]},"id":"+134807+16330","properties":{"cls":1,"count":2}},{"type":"Feature","geometry":{"geodesic":false,"type":"Polygon","coordinates":[[[121.0973918757321,14.531148035917381],[121.0973918757321,14.530249720633261],[121.09649356044798,14.530249720633261],[121.09649356044798,14.528453090065021],[121.09290029931151,14.528453090065021],[121.09290029931151,14.527554774780903],[121.09200198402738,14.527554774780903],[121.09200198402738,14.523063198360305],[121.09020535345914,14.522164883076185],[121.09110366874326,14.517673306655588],[121.09020535345914,14.517673306655588],[121.09020535345914,14.514978360803228],[121.08930703817502,14.514978360803228],[121.08930703817502,14.51318173023499],[121.0884087228909,14.51318173023499],[121.0884087228909,14.51138509966675],[121.08661209232267,14.51138509966675],[121.08571377703855,14.509588469098512],[121.0830188311862,14.509588469098512],[121.0830188311862,14.508690153814392],[121.08212051590206,14.508690153814392],[121.08212051590206,14.506893523246154],[121.0830188311862,14.506893523246154],[121.0830188311862,14.505995207962034],[121.08391714647031,14.505995207962034],[121.08391714647031,14.507791838530272],[121.08481546175443,14.507791838530272],[121.08481546175443,14.508690153814392],[121.08930703817502,14.509588469098512],[121.09020535345914,14.51408004551911],[121.09110366874326,14.51408004551911],[121.09110366874326,14.516774991371468],[121.09200198402738,14.516774991371468],[121.09200198402738,14.517673306655588],[121.09379861459563,14.517673306655588],[121.09379861459563,14.519469937223827],[121.09469692987975,14.519469937223827],[121.09379861459563,14.521266567792066],[121.09469692987975,14.521266567792066],[121.09469692987975,14.520368252507946],[121.0973918757321,14.520368252507946],[121.0973918757321,14.521266567792066],[121.09559524516386,14.521266567792066],[121.09379861459563,14.523961513644425],[121.09559524516386,14.523063198360305],[121.09559524516386,14.522164883076185],[121.0973918757321,14.522164883076185],[121.09649356044798,14.523961513644425],[121.0973918757321,14.523961513644425],[121.0973918757321,14.523063198360305],[121.09918850630034,14.523063198360305],[121.09918850630034,14.524859828928543],[121.10098513686857,14.524859828928543],[121.10098513686857,14.523961513644425],[121.10278176743682,14.524859828928543],[121.10368008272094,14.523063198360305],[121.10727334385741,14.523063198360305],[121.10727334385741,14.523961513644425],[121.10817165914153,14.523961513644425],[121.10817165914153,14.524859828928543],[121.10457839800506,14.524859828928543],[121.10457839800506,14.525758144212663],[121.10368008272094,14.525758144212663],[121.10368008272094,14.527554774780903],[121.1018834521527,14.527554774780903],[121.1018834521527,14.528453090065021],[121.10098513686857,14.528453090065021],[121.10098513686857,14.529351405349141],[121.1018834521527,14.529351405349141],[121.10098513686857,14.531148035917381],[121.0973918757321,14.531148035917381]]]},"id":"+134808+16175","properties":{"cls":1,"count":149}},{"type":"Feature","geometry":{"geodesic":false,"type":"Polygon","coordinates":[[[121.10008682158445,14.53294466648562],[121.10098513686857,14.53294466648562],[121.10098513686857,14.53384298176974],[121.10008682158445,14.53384298176974],[121.10008682158445,14.53294466648562]]]},"id":"+134808+16178","properties":{"cls":1,"count":1}},{"type":"Feature","geometry":{"geodesic":false,"type":"Polygon","coordinates":[[[121.10098513686857,14.5320463512015],[121.1018834521527,14.5320463512015],[121.1018834521527,14.53294466648562],[121.10098513686857,14.53294466648562],[121.10098513686857,14.5320463512015]]]},"id":"+134809+16177","properties":{"cls":1,"count":1}},{"type":"Feature","geometry":{"geodesic":false,"type":"Polygon","coordinates":[[[121.10098513686857,14.590436844669268],[121.1018834521527,14.590436844669268],[121.1018834521527,14.592233475237508],[121.10098513686857,14.592233475237508],[121.10098513686857,14.590436844669268]]]},"id":"+134809+16243","properties":{"cls":1,"count":2}},{"type":"Feature","geometry":{"geodesic":false,"type":"Polygon","coordinates":[[[121.1018834521527,14.536537927622097],[121.10098513686857,14.53474129705386],[121.10278176743682,14.53384298176974],[121.10368008272094,14.535639612337977],[121.1018834521527,14.536537927622097]]]},"id":"+134810+16181","properties":{"cls":1,"count":5}},{"type":"Feature","geometry":{"geodesic":false,"type":"Polygon","coordinates":[[[121.1018834521527,14.724285822003077],[121.10278176743682,14.724285822003077],[121.10278176743682,14.725184137287197],[121.1018834521527,14.725184137287197],[121.1018834521527,14.724285822003077]]]},"id":"+134810+16391","properties":{"cls":1,"count":1}},{"type":"Feature","geometry":{"geodesic":false,"type":"Polygon","coordinates":[[[121.10098513686857,14.730574028991914],[121.10098513686857,14.726980767855435],[121.1018834521527,14.726980767855435],[121.1018834521527,14.727879083139555],[121.10278176743682,14.727879083139555],[121.10278176743682,14.730574028991914],[121.10098513686857,14.730574028991914]]]},"id":"+134810+16397","properties":{"cls":1,"count":7}},{"type":"Feature","geometry":{"geodesic":false,"type":"Polygon","coordinates":[[[121.10278176743682,14.672183535524145],[121.10368008272094,14.672183535524145],[121.10368008272094,14.673081850808265],[121.10278176743682,14.673081850808265],[121.10278176743682,14.672183535524145]]]},"id":"+134811+16333","properties":{"cls":1,"count":1}},{"type":"Feature","geometry":{"geodesic":false,"type":"Polygon","coordinates":[[[121.10278176743682,14.726082452571317],[121.10368008272094,14.726082452571317],[121.10368008272094,14.726980767855435],[121.10278176743682,14.726980767855435],[121.10278176743682,14.726082452571317]]]},"id":"+134811+16393","properties":{"cls":1,"count":1}},{"type":"Feature","geometry":{"geodesic":false,"type":"Polygon","coordinates":[[[121.10457839800506,14.5320463512015],[121.10547671328918,14.5320463512015],[121.10547671328918,14.53294466648562],[121.10457839800506,14.53294466648562],[121.10457839800506,14.5320463512015]]]},"id":"+134813+16177","properties":{"cls":1,"count":1}},{"type":"Feature","geometry":{"geodesic":false,"type":"Polygon","coordinates":[[[121.10457839800506,14.673980166092385],[121.10547671328918,14.673980166092385],[121.10547671328918,14.674878481376505],[121.10457839800506,14.674878481376505],[121.10457839800506,14.673980166092385]]]},"id":"+134813+16335","properties":{"cls":1,"count":1}},{"type":"Feature","geometry":{"geodesic":false,"type":"Polygon","coordinates":[[[121.10547671328918,14.531148035917381],[121.1063750285733,14.531148035917381],[121.1063750285733,14.5320463512015],[121.10547671328918,14.5320463512015],[121.10547671328918,14.531148035917381]]]},"id":"+134814+16176","properties":{"cls":1,"count":1}},{"type":"Feature","geometry":{"geodesic":false,"type":"Polygon","coordinates":[[[121.10547671328918,14.674878481376505],[121.1063750285733,14.674878481376505],[121.1063750285733,14.675776796660623],[121.10547671328918,14.675776796660623],[121.10547671328918,14.674878481376505]]]},"id":"+134814+16336","properties":{"cls":1,"count":1}},{"type":"Feature","geometry":{"geodesic":false,"type":"Polygon","coordinates":[[[121.10547671328918,14.526656459496783],[121.10727334385741,14.526656459496783],[121.10727334385741,14.527554774780903],[121.10547671328918,14.527554774780903],[121.10547671328918,14.526656459496783]]]},"id":"+134815+16171","properties":{"cls":1,"count":2}},{"type":"Feature","geometry":{"geodesic":false,"type":"Polygon","coordinates":[[[121.1063750285733,14.529351405349141],[121.10727334385741,14.529351405349141],[121.10727334385741,14.531148035917381],[121.1063750285733,14.531148035917381],[121.1063750285733,14.529351405349141]]]},"id":"+134815+16175","properties":{"cls":1,"count":2}},{"type":"Feature","geometry":{"geodesic":false,"type":"Polygon","coordinates":[[[121.1063750285733,14.675776796660623],[121.10727334385741,14.675776796660623],[121.10727334385741,14.676675111944743],[121.1063750285733,14.676675111944743],[121.1063750285733,14.675776796660623]]]},"id":"+134815+16337","properties":{"cls":1,"count":1}},{"type":"Feature","geometry":{"geodesic":false,"type":"Polygon","coordinates":[[[121.1063750285733,14.55091097216801],[121.1063750285733,14.54911434159977],[121.10906997442565,14.54911434159977],[121.10817165914153,14.55091097216801],[121.1063750285733,14.55091097216801]]]},"id":"+134816+16197","properties":{"cls":1,"count":5}},{"type":"Feature","geometry":{"geodesic":false,"type":"Polygon","coordinates":[[[121.10817165914153,14.524859828928543],[121.10906997442565,14.524859828928543],[121.10906997442565,14.525758144212663],[121.10817165914153,14.525758144212663],[121.10817165914153,14.524859828928543]]]},"id":"+134817+16169","properties":{"cls":1,"count":1}},{"type":"Feature","geometry":{"geodesic":false,"type":"Polygon","coordinates":[[[121.10817165914153,14.62726777131817],[121.10906997442565,14.62726777131817],[121.10906997442565,14.628166086602288],[121.10817165914153,14.628166086602288],[121.10817165914153,14.62726777131817]]]},"id":"+134817+16283","properties":{"cls":1,"count":1}},{"type":"Feature","geometry":{"geodesic":false,"type":"Polygon","coordinates":[[[121.10906997442565,14.525758144212663],[121.10996828970977,14.525758144212663],[121.10996828970977,14.526656459496783],[121.10906997442565,14.526656459496783],[121.10906997442565,14.525758144212663]]]},"id":"+134818+16170","properties":{"cls":1,"count":1}},{"type":"Feature","geometry":{"geodesic":false,"type":"Polygon","coordinates":[[[121.10906997442565,14.679370057797101],[121.10996828970977,14.679370057797101],[121.10996828970977,14.680268373081221],[121.10906997442565,14.680268373081221],[121.10906997442565,14.679370057797101]]]},"id":"+134818+16341","properties":{"cls":1,"count":1}},{"type":"Feature","geometry":{"geodesic":false,"type":"Polygon","coordinates":[[[121.10906997442565,14.55001265688389],[121.11086660499389,14.55001265688389],[121.11086660499389,14.55180928745213],[121.10906997442565,14.55180928745213],[121.10906997442565,14.55001265688389]]]},"id":"+134819+16198","properties":{"cls":1,"count":4}},{"type":"Feature","geometry":{"geodesic":false,"type":"Polygon","coordinates":[[[121.11086660499389,14.560792440293325],[121.11086660499389,14.558995809725085],[121.11266323556214,14.558995809725085],[121.11266323556214,14.559894125009205],[121.11086660499389,14.560792440293325]]]},"id":"+134820+16208","properties":{"cls":1,"count":3}},{"type":"Feature","geometry":{"geodesic":false,"type":"Polygon","coordinates":[[[121.11086660499389,14.682963318933579],[121.11176492027802,14.682963318933579],[121.11176492027802,14.683861634217699],[121.11086660499389,14.683861634217699],[121.11086660499389,14.682963318933579]]]},"id":"+134820+16345","properties":{"cls":1,"count":1}},{"type":"Feature","geometry":{"geodesic":false,"type":"Polygon","coordinates":[[[121.11086660499389,14.546419395747412],[121.11266323556214,14.546419395747412],[121.11266323556214,14.547317711031532],[121.11086660499389,14.547317711031532],[121.11086660499389,14.546419395747412]]]},"id":"+134821+16193","properties":{"cls":1,"count":2}},{"type":"Feature","geometry":{"geodesic":false,"type":"Polygon","coordinates":[[[121.11176492027802,14.54911434159977],[121.11266323556214,14.54911434159977],[121.11266323556214,14.55001265688389],[121.11176492027802,14.55001265688389],[121.11176492027802,14.54911434159977]]]},"id":"+134821+16196","properties":{"cls":1,"count":1}},{"type":"Feature","geometry":{"geodesic":false,"type":"Polygon","coordinates":[[[121.11176492027802,14.696438048195372],[121.11266323556214,14.696438048195372],[121.11266323556214,14.697336363479492],[121.11176492027802,14.697336363479492],[121.11176492027802,14.696438048195372]]]},"id":"+134821+16360","properties":{"cls":1,"count":1}},{"type":"Feature","geometry":{"geodesic":false,"type":"Polygon","coordinates":[[[121.11266323556214,14.537436242906217],[121.11356155084626,14.537436242906217],[121.11356155084626,14.538334558190337],[121.11266323556214,14.538334558190337],[121.11266323556214,14.537436242906217]]]},"id":"+134822+16183","properties":{"cls":1,"count":1}},{"type":"Feature","geometry":{"geodesic":false,"type":"Polygon","coordinates":[[[121.11266323556214,14.558995809725085],[121.11176492027802,14.557199179156846],[121.11356155084626,14.557199179156846],[121.11356155084626,14.555402548588608],[121.11535818141449,14.555402548588608],[121.11535818141449,14.556300863872726],[121.11445986613037,14.556300863872726],[121.11445986613037,14.558097494440966],[121.11266323556214,14.558995809725085]]]},"id":"+134822+16206","properties":{"cls":1,"count":7}},{"type":"Feature","geometry":{"geodesic":false,"type":"Polygon","coordinates":[[[121.11266323556214,14.546419395747412],[121.11356155084626,14.544622765179174],[121.11445986613037,14.544622765179174],[121.11445986613037,14.546419395747412],[121.11266323556214,14.546419395747412]]]},"id":"+134823+16192","properties":{"cls":1,"count":3}},{"type":"Feature","geometry":{"geodesic":false,"type":"Polygon","coordinates":[[[121.11445986613037,14.541927819326814],[121.11535818141449,14.541927819326814],[121.11535818141449,14.544622765179174],[121.11445986613037,14.544622765179174],[121.11445986613037,14.541927819326814]]]},"id":"+134824+16190","properties":{"cls":1,"count":3}},{"type":"Feature","geometry":{"geodesic":false,"type":"Polygon","coordinates":[[[121.11445986613037,14.546419395747412],[121.11535818141449,14.546419395747412],[121.11535818141449,14.548216026315652],[121.11445986613037,14.548216026315652],[121.11445986613037,14.546419395747412]]]},"id":"+134824+16194","properties":{"cls":1,"count":2}},{"type":"Feature","geometry":{"geodesic":false,"type":"Polygon","coordinates":[[[121.11535818141449,14.522164883076185],[121.11535818141449,14.520368252507946],[121.11715481198273,14.520368252507946],[121.11715481198273,14.521266567792066],[121.11535818141449,14.522164883076185]]]},"id":"+134825+16165","properties":{"cls":1,"count":3}},{"type":"Feature","geometry":{"geodesic":false,"type":"Polygon","coordinates":[[[121.11535818141449,14.555402548588608],[121.11535818141449,14.552707602736248],[121.11625649669861,14.552707602736248],[121.11625649669861,14.55091097216801],[121.11805312726685,14.55001265688389],[121.11805312726685,14.54911434159977],[121.11895144255097,14.54911434159977],[121.11984975783508,14.545521080463292],[121.12164638840333,14.544622765179174],[121.12164638840333,14.543724449895054],[121.12344301897157,14.543724449895054],[121.12344301897157,14.542826134610934],[121.12434133425569,14.542826134610934],[121.12434133425569,14.544622765179174],[121.12254470368745,14.544622765179174],[121.12254470368745,14.546419395747412],[121.1207480731192,14.547317711031532],[121.1207480731192,14.54911434159977],[121.11895144255097,14.55001265688389],[121.11895144255097,14.55180928745213],[121.11715481198273,14.55180928745213],[121.11715481198273,14.554504233304488],[121.11535818141449,14.555402548588608]]]},"id":"+134825+16202","properties":{"cls":1,"count":28}},{"type":"Feature","geometry":{"geodesic":false,"type":"Polygon","coordinates":[[[121.11805312726685,14.539232873474456],[121.11895144255097,14.539232873474456],[121.11895144255097,14.540131188758576],[121.11805312726685,14.540131188758576],[121.11805312726685,14.539232873474456]]]},"id":"+134828+16185","properties":{"cls":1,"count":1}},{"type":"Feature","geometry":{"geodesic":false,"type":"Polygon","coordinates":[[[121.11715481198273,14.543724449895054],[121.11805312726685,14.541927819326814],[121.11895144255097,14.541927819326814],[121.11895144255097,14.543724449895054],[121.11715481198273,14.543724449895054]]]},"id":"+134828+16189","properties":{"cls":1,"count":3}},{"type":"Feature","geometry":{"geodesic":false,"type":"Polygon","coordinates":[[[121.11895144255097,14.702726255184208],[121.11984975783508,14.702726255184208],[121.11984975783508,14.704522885752448],[121.11895144255097,14.704522885752448],[121.11895144255097,14.702726255184208]]]},"id":"+134829+16368","properties":{"cls":1,"count":2}},{"type":"Feature","geometry":{"geodesic":false,"type":"Polygon","coordinates":[[[121.11984975783508,14.707217831604806],[121.1207480731192,14.707217831604806],[121.1207480731192,14.708116146888926],[121.11984975783508,14.708116146888926],[121.11984975783508,14.707217831604806]]]},"id":"+134830+16372","properties":{"cls":1,"count":1}},{"type":"Feature","geometry":{"geodesic":false,"type":"Polygon","coordinates":[[[121.12254470368745,14.541927819326814],[121.12344301897157,14.541927819326814],[121.12344301897157,14.542826134610934],[121.12254470368745,14.542826134610934],[121.12254470368745,14.541927819326814]]]},"id":"+134833+16188","properties":{"cls":1,"count":1}},{"type":"Feature","geometry":{"geodesic":false,"type":"Polygon","coordinates":[[[121.1387143788016,14.520368252507946],[121.13961269408571,14.520368252507946],[121.13961269408571,14.519469937223827],[121.14051100936985,14.519469937223827],[121.13961269408571,14.523063198360305],[121.14140932465396,14.522164883076185],[121.14140932465396,14.520368252507946],[121.14230763993808,14.520368252507946],[121.14230763993808,14.518571621939707],[121.14051100936985,14.518571621939707],[121.14051100936985,14.517673306655588],[121.14140932465396,14.517673306655588],[121.14140932465396,14.51228341495087],[121.14230763993808,14.51228341495087],[121.14230763993808,14.510486784382632],[121.1432059552222,14.510486784382632],[121.1432059552222,14.509588469098512],[121.14590090107455,14.509588469098512],[121.14590090107455,14.510486784382632],[121.14949416221103,14.51318173023499],[121.15039247749516,14.51138509966675],[121.14859584692691,14.510486784382632],[121.14859584692691,14.509588469098512],[121.14949416221103,14.509588469098512],[121.14949416221103,14.508690153814392],[121.1521891080634,14.510486784382632],[121.1521891080634,14.509588469098512],[121.15308742334751,14.509588469098512],[121.15308742334751,14.507791838530274],[121.15488405391575,14.508690153814392],[121.15488405391575,14.507791838530274],[121.15578236919987,14.507791838530274],[121.15668068448399,14.51228341495087],[121.15847731505222,14.51228341495087],[121.15847731505222,14.51408004551911],[121.15668068448399,14.51318173023499],[121.15847731505222,14.515876676087348],[121.15398573863163,14.514978360803228],[121.15398573863163,14.516774991371468],[121.1521891080634,14.517673306655588],[121.1521891080634,14.519469937223827],[121.14679921635867,14.516774991371468],[121.14769753164279,14.514978360803228],[121.14590090107455,14.514978360803228],[121.14500258579044,14.51138509966675],[121.1432059552222,14.51228341495087],[121.1432059552222,14.51408004551911],[121.14410427050632,14.51408004551911],[121.14410427050632,14.515876676087348],[121.14500258579044,14.515876676087348],[121.14500258579044,14.518571621939707],[121.14410427050632,14.518571621939707],[121.1432059552222,14.523063198360305],[121.14230763993808,14.523063198360305],[121.14230763993808,14.523961513644425],[121.1432059552222,14.523961513644425],[121.1432059552222,14.526656459496783],[121.14230763993808,14.526656459496783],[121.14230763993808,14.527554774780903],[121.14410427050632,14.528453090065021],[121.14410427050632,14.531148035917381],[121.14230763993808,14.531148035917381],[121.14230763993808,14.5320463512015],[121.14051100936985,14.5320463512015],[121.14051100936985,14.53294466648562],[121.1387143788016,14.5320463512015],[121.1387143788016,14.53384298176974],[121.13781606351748,14.53384298176974],[121.13781606351748,14.53474129705386],[121.13601943294924,14.53474129705386],[121.13601943294924,14.536537927622097],[121.13512111766512,14.536537927622097],[121.13512111766512,14.53474129705386],[121.13242617181277,14.53474129705386],[121.13242617181277,14.535639612337977],[121.134222802381,14.535639612337977],[121.134222802381,14.537436242906217],[121.13062954124452,14.536537927622097],[121.12883291067628,14.53384298176974],[121.13242617181277,14.5320463512015],[121.13152785652865,14.530249720633261],[121.13332448709689,14.530249720633261],[121.13332448709689,14.529351405349141],[121.134222802381,14.529351405349141],[121.13332448709689,14.527554774780903],[121.134222802381,14.527554774780903],[121.134222802381,14.526656459496783],[121.13332448709689,14.526656459496783],[121.13332448709689,14.525758144212663],[121.13242617181277,14.525758144212663],[121.13242617181277,14.526656459496783],[121.13062954124452,14.526656459496783],[121.13062954124452,14.531148035917381],[121.12793459539216,14.531148035917381],[121.12793459539216,14.5320463512015],[121.12703628010804,14.5320463512015],[121.12703628010804,14.535639612337977],[121.12523964953981,14.535639612337977],[121.12523964953981,14.536537927622097],[121.12434133425569,14.536537927622097],[121.12434133425569,14.539232873474456],[121.12344301897157,14.539232873474456],[121.12344301897157,14.538334558190337],[121.12164638840333,14.538334558190337],[121.12164638840333,14.536537927622097],[121.1207480731192,14.536537927622097],[121.1207480731192,14.538334558190337],[121.11625649669861,14.538334558190337],[121.11625649669861,14.536537927622097],[121.11445986613037,14.536537927622097],[121.11445986613037,14.53474129705386],[121.11356155084626,14.53474129705386],[121.11356155084626,14.53384298176974],[121.11535818141449,14.53384298176974],[121.11535818141449,14.53294466648562],[121.11625649669861,14.53294466648562],[121.11625649669861,14.531148035917381],[121.11086660499389,14.531148035917381],[121.10906997442565,14.528453090065021],[121.10817165914153,14.528453090065021],[121.10817165914153,14.526656459496783],[121.10906997442565,14.526656459496783],[121.10906997442565,14.527554774780903],[121.11086660499389,14.527554774780903],[121.11086660499389,14.526656459496783],[121.11176492027802,14.526656459496783],[121.11176492027802,14.524859828928545],[121.11356155084626,14.524859828928545],[121.11356155084626,14.525758144212663],[121.11266323556214,14.525758144212663],[121.11266323556214,14.526656459496783],[121.11356155084626,14.526656459496783],[121.11356155084626,14.528453090065021],[121.11625649669861,14.528453090065021],[121.11625649669861,14.527554774780903],[121.11715481198273,14.527554774780903],[121.11715481198273,14.528453090065021],[121.11895144255097,14.528453090065021],[121.11895144255097,14.527554774780903],[121.11984975783508,14.527554774780903],[121.11984975783508,14.530249720633261],[121.12254470368745,14.530249720633261],[121.12254470368745,14.529351405349141],[121.12344301897157,14.529351405349141],[121.12344301897157,14.530249720633261],[121.12523964953981,14.531148035917381],[121.12523964953981,14.530249720633261],[121.12434133425569,14.530249720633261],[121.12434133425569,14.528453090065021],[121.12523964953981,14.528453090065021],[121.12523964953981,14.527554774780903],[121.12434133425569,14.527554774780903],[121.12434133425569,14.526656459496783],[121.12613796482393,14.526656459496783],[121.12613796482393,14.527554774780903],[121.12703628010804,14.527554774780903],[121.12703628010804,14.525758144212663],[121.12883291067628,14.524859828928545],[121.12883291067628,14.523961513644425],[121.13152785652865,14.523961513644425],[121.13152785652865,14.522164883076185],[121.13062954124452,14.522164883076185],[121.13062954124452,14.521266567792066],[121.13242617181277,14.520368252507946],[121.13242617181277,14.519469937223827],[121.134222802381,14.519469937223827],[121.134222802381,14.518571621939707],[121.13512111766512,14.518571621939707],[121.13512111766512,14.516774991371468],[121.13601943294924,14.516774991371468],[121.13601943294924,14.515876676087348],[121.13781606351748,14.515876676087348],[121.13781606351748,14.516774991371468],[121.1387143788016,14.516774991371468],[121.1387143788016,14.520368252507946]],[[121.13332448709689,14.525758144212663],[121.13332448709689,14.523063198360305],[121.13512111766512,14.523063198360305],[121.13512111766512,14.524859828928545],[121.13601943294924,14.524859828928545],[121.13601943294924,14.525758144212663],[121.13332448709689,14.525758144212663]],[[121.1387143788016,14.520368252507946],[121.1387143788016,14.522164883076185],[121.13781606351748,14.522164883076185],[121.13781606351748,14.520368252507946],[121.1387143788016,14.520368252507946]],[[121.14230763993808,14.518571621939707],[121.14230763993808,14.517673306655588],[121.1432059552222,14.517673306655588],[121.1432059552222,14.518571621939707],[121.14230763993808,14.518571621939707]],[[121.11715481198273,14.535639612337977],[121.11805312726685,14.535639612337977],[121.11805312726685,14.536537927622097],[121.11715481198273,14.536537927622097],[121.11715481198273,14.535639612337977]],[[121.11805312726685,14.531148035917381],[121.11895144255097,14.531148035917381],[121.11895144255097,14.5320463512015],[121.11805312726685,14.5320463512015],[121.11805312726685,14.531148035917381]],[[121.1207480731192,14.531148035917381],[121.12164638840333,14.531148035917381],[121.12164638840333,14.5320463512015],[121.1207480731192,14.5320463512015],[121.1207480731192,14.531148035917381]],[[121.1207480731192,14.53294466648562],[121.12164638840333,14.53294466648562],[121.12164638840333,14.53384298176974],[121.1207480731192,14.53384298176974],[121.1207480731192,14.53294466648562]],[[121.13062954124452,14.53384298176974],[121.13152785652865,14.53384298176974],[121.13152785652865,14.53474129705386],[121.13062954124452,14.53474129705386],[121.13062954124452,14.53384298176974]],[[121.13332448709689,14.5320463512015],[121.134222802381,14.5320463512015],[121.134222802381,14.53294466648562],[121.13332448709689,14.53294466648562],[121.13332448709689,14.5320463512015]],[[121.13512111766512,14.527554774780903],[121.13601943294924,14.527554774780903],[121.13601943294924,14.528453090065021],[121.13512111766512,14.528453090065021],[121.13512111766512,14.527554774780903]],[[121.13691774823336,14.523063198360305],[121.13781606351748,14.523063198360305],[121.13781606351748,14.524859828928545],[121.13691774823336,14.524859828928545],[121.13691774823336,14.523063198360305]],[[121.13691774823336,14.529351405349141],[121.1387143788016,14.529351405349141],[121.1387143788016,14.530249720633261],[121.13691774823336,14.530249720633261],[121.13691774823336,14.529351405349141]],[[121.14230763993808,14.515876676087348],[121.1432059552222,14.515876676087348],[121.1432059552222,14.516774991371468],[121.14230763993808,14.516774991371468],[121.14230763993808,14.515876676087348]],[[121.1521891080634,14.51318173023499],[121.15308742334751,14.51318173023499],[121.15308742334751,14.51408004551911],[121.1521891080634,14.51408004551911],[121.1521891080634,14.51318173023499]]]},"id":"+134834+16184","properties":{"cls":1,"count":524}},{"type":"Feature","geometry":{"geodesic":false,"type":"Polygon","coordinates":[[[121.12344301897157,14.541029504042696],[121.12434133425569,14.541029504042696],[121.12434133425569,14.541927819326814],[121.12344301897157,14.541927819326814],[121.12344301897157,14.541029504042696]]]},"id":"+134834+16187","properties":{"cls":1,"count":1}},{"type":"Feature","geometry":{"geodesic":false,"type":"Polygon","coordinates":[[[121.12434133425569,14.713506038593643],[121.12523964953981,14.713506038593643],[121.12523964953981,14.715302669161883],[121.12434133425569,14.715302669161883],[121.12434133425569,14.713506038593643]]]},"id":"+134835+16380","properties":{"cls":1,"count":2}},{"type":"Feature","geometry":{"geodesic":false,"type":"Polygon","coordinates":[[[121.12434133425569,14.71709929973012],[121.12523964953981,14.71709929973012],[121.12523964953981,14.71799761501424],[121.12434133425569,14.71799761501424],[121.12434133425569,14.71709929973012]]]},"id":"+134835+16383","properties":{"cls":1,"count":1}},{"type":"Feature","geometry":{"geodesic":false,"type":"Polygon","coordinates":[[[121.12523964953981,14.538334558190337],[121.12613796482393,14.538334558190337],[121.12613796482393,14.539232873474456],[121.12523964953981,14.539232873474456],[121.12523964953981,14.538334558190337]]]},"id":"+134836+16184","properties":{"cls":1,"count":1}},{"type":"Feature","geometry":{"geodesic":false,"type":"Polygon","coordinates":[[[121.12434133425569,14.540131188758576],[121.12613796482393,14.540131188758576],[121.12613796482393,14.541029504042696],[121.12434133425569,14.541029504042696],[121.12434133425569,14.540131188758576]]]},"id":"+134836+16186","properties":{"cls":1,"count":2}},{"type":"Feature","geometry":{"geodesic":false,"type":"Polygon","coordinates":[[[121.12613796482393,14.537436242906217],[121.12703628010804,14.537436242906217],[121.12703628010804,14.538334558190337],[121.12613796482393,14.538334558190337],[121.12613796482393,14.537436242906217]]]},"id":"+134837+16183","properties":{"cls":1,"count":1}},{"type":"Feature","geometry":{"geodesic":false,"type":"Polygon","coordinates":[[[121.12613796482393,14.539232873474456],[121.12703628010804,14.539232873474456],[121.12703628010804,14.540131188758576],[121.12613796482393,14.540131188758576],[121.12613796482393,14.539232873474456]]]},"id":"+134837+16185","properties":{"cls":1,"count":1}},{"type":"Feature","geometry":{"geodesic":false,"type":"Polygon","coordinates":[[[121.12613796482393,14.707217831604806],[121.12703628010804,14.707217831604806],[121.12703628010804,14.708116146888926],[121.12613796482393,14.708116146888926],[121.12613796482393,14.707217831604806]]]},"id":"+134837+16372","properties":{"cls":1,"count":1}},{"type":"Feature","geometry":{"geodesic":false,"type":"Polygon","coordinates":[[[121.12613796482393,14.711709408025404],[121.12703628010804,14.711709408025404],[121.12703628010804,14.712607723309524],[121.12613796482393,14.712607723309524],[121.12613796482393,14.711709408025404]]]},"id":"+134837+16377","properties":{"cls":1,"count":1}},{"type":"Feature","geometry":{"geodesic":false,"type":"Polygon","coordinates":[[[121.12703628010804,14.538334558190337],[121.12793459539216,14.538334558190337],[121.12793459539216,14.539232873474456],[121.12703628010804,14.539232873474456],[121.12703628010804,14.538334558190337]]]},"id":"+134838+16184","properties":{"cls":1,"count":1}},{"type":"Feature","geometry":{"geodesic":false,"type":"Polygon","coordinates":[[[121.12703628010804,14.709912777457165],[121.12793459539216,14.709912777457165],[121.12793459539216,14.710811092741285],[121.12703628010804,14.710811092741285],[121.12703628010804,14.709912777457165]]]},"id":"+134838+16375","properties":{"cls":1,"count":1}},{"type":"Feature","geometry":{"geodesic":false,"type":"Polygon","coordinates":[[[121.12703628010804,14.71799761501424],[121.12793459539216,14.71799761501424],[121.12793459539216,14.71889593029836],[121.12703628010804,14.71889593029836],[121.12703628010804,14.71799761501424]]]},"id":"+134838+16384","properties":{"cls":1,"count":1}},{"type":"Feature","geometry":{"geodesic":false,"type":"Polygon","coordinates":[[[121.12703628010804,14.721590876150719],[121.12793459539216,14.721590876150719],[121.12793459539216,14.722489191434839],[121.12703628010804,14.722489191434839],[121.12703628010804,14.721590876150719]]]},"id":"+134838+16388","properties":{"cls":1,"count":1}},{"type":"Feature","geometry":{"geodesic":false,"type":"Polygon","coordinates":[[[121.12793459539216,14.520368252507946],[121.12883291067628,14.520368252507946],[121.12883291067628,14.521266567792066],[121.12793459539216,14.521266567792066],[121.12793459539216,14.520368252507946]]]},"id":"+134839+16164","properties":{"cls":1,"count":1}},{"type":"Feature","geometry":{"geodesic":false,"type":"Polygon","coordinates":[[[121.12793459539216,14.53474129705386],[121.12883291067628,14.53474129705386],[121.12883291067628,14.535639612337977],[121.12793459539216,14.535639612337977],[121.12793459539216,14.53474129705386]]]},"id":"+134839+16180","properties":{"cls":1,"count":1}},{"type":"Feature","geometry":{"geodesic":false,"type":"Polygon","coordinates":[[[121.12793459539216,14.538334558190337],[121.12793459539216,14.537436242906217],[121.12703628010804,14.537436242906217],[121.12703628010804,14.535639612337977],[121.12883291067628,14.536537927622097],[121.12883291067628,14.538334558190337],[121.12793459539216,14.538334558190337]]]},"id":"+134839+16183","properties":{"cls":1,"count":4}},{"type":"Feature","geometry":{"geodesic":false,"type":"Polygon","coordinates":[[[121.12883291067628,14.535639612337977],[121.1297312259604,14.535639612337977],[121.1297312259604,14.536537927622097],[121.12883291067628,14.536537927622097],[121.12883291067628,14.535639612337977]]]},"id":"+134840+16181","properties":{"cls":1,"count":1}},{"type":"Feature","geometry":{"geodesic":false,"type":"Polygon","coordinates":[[[121.1297312259604,14.726980767855435],[121.13062954124452,14.726980767855435],[121.13062954124452,14.727879083139555],[121.1297312259604,14.727879083139555],[121.1297312259604,14.726980767855435]]]},"id":"+134841+16394","properties":{"cls":1,"count":1}},{"type":"Feature","geometry":{"geodesic":false,"type":"Polygon","coordinates":[[[121.13062954124452,14.54911434159977],[121.13152785652865,14.54911434159977],[121.13152785652865,14.55001265688389],[121.13062954124452,14.55001265688389],[121.13062954124452,14.54911434159977]]]},"id":"+134842+16196","properties":{"cls":1,"count":1}},{"type":"Feature","geometry":{"geodesic":false,"type":"Polygon","coordinates":[[[121.13062954124452,14.582352007112194],[121.13152785652865,14.582352007112194],[121.13152785652865,14.583250322396312],[121.13062954124452,14.583250322396312],[121.13062954124452,14.582352007112194]]]},"id":"+134842+16233","properties":{"cls":1,"count":1}},{"type":"Feature","geometry":{"geodesic":false,"type":"Polygon","coordinates":[[[121.13062954124452,14.723387506718957],[121.13152785652865,14.723387506718957],[121.13152785652865,14.724285822003077],[121.13062954124452,14.724285822003077],[121.13062954124452,14.723387506718957]]]},"id":"+134842+16390","properties":{"cls":1,"count":1}},{"type":"Feature","geometry":{"geodesic":false,"type":"Polygon","coordinates":[[[121.13062954124452,14.725184137287197],[121.13152785652865,14.725184137287197],[121.13152785652865,14.726082452571317],[121.13062954124452,14.726082452571317],[121.13062954124452,14.725184137287197]]]},"id":"+134842+16392","properties":{"cls":1,"count":1}},{"type":"Feature","geometry":{"geodesic":false,"type":"Polygon","coordinates":[[[121.13152785652865,14.735065605412512],[121.13242617181277,14.735065605412512],[121.13242617181277,14.735963920696632],[121.13152785652865,14.735963920696632],[121.13152785652865,14.735065605412512]]]},"id":"+134843+16403","properties":{"cls":1,"count":1}},{"type":"Feature","geometry":{"geodesic":false,"type":"Polygon","coordinates":[[[121.13242617181277,14.526656459496783],[121.13332448709689,14.526656459496783],[121.13332448709689,14.527554774780903],[121.13242617181277,14.527554774780903],[121.13242617181277,14.526656459496783]]]},"id":"+134844+16171","properties":{"cls":1,"count":1}},{"type":"Feature","geometry":{"geodesic":false,"type":"Polygon","coordinates":[[[121.13242617181277,14.528453090065021],[121.13332448709689,14.528453090065021],[121.13332448709689,14.529351405349141],[121.13242617181277,14.529351405349141],[121.13242617181277,14.528453090065021]]]},"id":"+134844+16173","properties":{"cls":1,"count":1}},{"type":"Feature","geometry":{"geodesic":false,"type":"Polygon","coordinates":[[[121.13242617181277,14.735963920696632],[121.13332448709689,14.735963920696632],[121.13332448709689,14.73686223598075],[121.13242617181277,14.73686223598075],[121.13242617181277,14.735963920696632]]]},"id":"+134844+16404","properties":{"cls":1,"count":1}},{"type":"Feature","geometry":{"geodesic":false,"type":"Polygon","coordinates":[[[121.13691774823336,14.535639612337977],[121.13781606351748,14.535639612337977],[121.13781606351748,14.536537927622097],[121.13691774823336,14.536537927622097],[121.13691774823336,14.535639612337977]]]},"id":"+134849+16181","properties":{"cls":1,"count":1}},{"type":"Feature","geometry":{"geodesic":false,"type":"Polygon","coordinates":[[[121.14230763993808,14.600318312794583],[121.1432059552222,14.600318312794583],[121.1432059552222,14.601216628078703],[121.14230763993808,14.601216628078703],[121.14230763993808,14.600318312794583]]]},"id":"+134855+16253","properties":{"cls":1,"count":1}},{"type":"Feature","geometry":{"geodesic":false,"type":"Polygon","coordinates":[[[121.14230763993808,14.734167290128392],[121.1432059552222,14.734167290128392],[121.1432059552222,14.735065605412512],[121.14230763993808,14.735065605412512],[121.14230763993808,14.734167290128392]]]},"id":"+134855+16402","properties":{"cls":1,"count":1}},{"type":"Feature","geometry":{"geodesic":false,"type":"Polygon","coordinates":[[[121.14230763993808,14.73686223598075],[121.1432059552222,14.73686223598075],[121.1432059552222,14.73776055126487],[121.14230763993808,14.73776055126487],[121.14230763993808,14.73686223598075]]]},"id":"+134855+16405","properties":{"cls":1,"count":1}},{"type":"Feature","geometry":{"geodesic":false,"type":"Polygon","coordinates":[[[121.14500258579044,14.73686223598075],[121.14590090107455,14.73686223598075],[121.14590090107455,14.73776055126487],[121.14500258579044,14.73776055126487],[121.14500258579044,14.73686223598075]]]},"id":"+134858+16405","properties":{"cls":1,"count":1}},{"type":"Feature","geometry":{"geodesic":false,"type":"Polygon","coordinates":[[[121.14590090107455,14.508690153814392],[121.14679921635867,14.508690153814392],[121.14679921635867,14.509588469098512],[121.14590090107455,14.509588469098512],[121.14590090107455,14.508690153814392]]]},"id":"+134859+16151","properties":{"cls":1,"count":1}},{"type":"Feature","geometry":{"geodesic":false,"type":"Polygon","coordinates":[[[121.14769753164279,14.509588469098512],[121.14769753164279,14.508690153814392],[121.14679921635867,14.508690153814392],[121.14679921635867,14.506893523246154],[121.14859584692691,14.506893523246154],[121.14859584692691,14.509588469098512],[121.14769753164279,14.509588469098512]]]},"id":"+134861+16151","properties":{"cls":1,"count":5}},{"type":"Feature","geometry":{"geodesic":false,"type":"Polygon","coordinates":[[[121.14859584692691,14.73686223598075],[121.14949416221103,14.73686223598075],[121.14949416221103,14.73776055126487],[121.14859584692691,14.73776055126487],[121.14859584692691,14.73686223598075]]]},"id":"+134862+16405","properties":{"cls":1,"count":1}},{"type":"Feature","geometry":{"geodesic":false,"type":"Polygon","coordinates":[[[121.15039247749515,14.73686223598075],[121.15129079277928,14.73686223598075],[121.15129079277928,14.73776055126487],[121.15039247749515,14.73776055126487],[121.15039247749515,14.73686223598075]]]},"id":"+134864+16405","properties":{"cls":1,"count":1}},{"type":"Feature","geometry":{"geodesic":false,"type":"Polygon","coordinates":[[[121.15129079277928,14.710811092741285],[121.1521891080634,14.710811092741285],[121.1521891080634,14.712607723309524],[121.15129079277928,14.712607723309524],[121.15129079277928,14.710811092741285]]]},"id":"+134865+16377","properties":{"cls":1,"count":2}},{"type":"Feature","geometry":{"geodesic":false,"type":"Polygon","coordinates":[[[121.1521891080634,14.506893523246154],[121.15308742334751,14.506893523246154],[121.15308742334751,14.507791838530272],[121.1521891080634,14.507791838530272],[121.1521891080634,14.506893523246154]]]},"id":"+134866+16149","properties":{"cls":1,"count":1}},{"type":"Feature","geometry":{"geodesic":false,"type":"Polygon","coordinates":[[[121.15308742334751,14.62636945603405],[121.15398573863163,14.62636945603405],[121.15398573863163,14.62726777131817],[121.15308742334751,14.62726777131817],[121.15308742334751,14.62636945603405]]]},"id":"+134867+16282","properties":{"cls":1,"count":1}},{"type":"Feature","geometry":{"geodesic":false,"type":"Polygon","coordinates":[[[121.15308742334751,14.517673306655588],[121.15488405391575,14.517673306655588],[121.15488405391575,14.518571621939707],[121.15308742334751,14.518571621939707],[121.15308742334751,14.517673306655588]]]},"id":"+134868+16161","properties":{"cls":1,"count":2}},{"type":"Feature","geometry":{"geodesic":false,"type":"Polygon","coordinates":[[[121.15398573863163,14.73776055126487],[121.15488405391575,14.735963920696632],[121.1575789997681,14.735963920696632],[121.1575789997681,14.73686223598075],[121.15398573863163,14.73776055126487]]]},"id":"+134869+16405","properties":{"cls":1,"count":5}},{"type":"Feature","geometry":{"geodesic":false,"type":"Polygon","coordinates":[[[121.1575789997681,14.764710009788455],[121.15847731505222,14.764710009788455],[121.15847731505222,14.765608325072575],[121.1575789997681,14.765608325072575],[121.1575789997681,14.764710009788455]]]},"id":"+134872+16436","properties":{"cls":1,"count":1}},{"type":"Feature","geometry":{"geodesic":false,"type":"Polygon","coordinates":[[[121.15937563033634,14.51228341495087],[121.16027394562046,14.51228341495087],[121.16027394562046,14.51408004551911],[121.15937563033634,14.51408004551911],[121.15937563033634,14.51228341495087]]]},"id":"+134874+16156","properties":{"cls":1,"count":2}},{"type":"Feature","geometry":{"geodesic":false,"type":"Polygon","coordinates":[[[121.16027394562046,14.734167290128392],[121.16117226090459,14.734167290128392],[121.16117226090459,14.735065605412512],[121.16027394562046,14.735065605412512],[121.16027394562046,14.734167290128392]]]},"id":"+134875+16402","properties":{"cls":1,"count":1}},{"type":"Feature","geometry":{"geodesic":false,"type":"Polygon","coordinates":[[[121.16027394562046,14.770099901493174],[121.16117226090459,14.770099901493174],[121.16117226090459,14.770998216777294],[121.16027394562046,14.770998216777294],[121.16027394562046,14.770099901493174]]]},"id":"+134875+16442","properties":{"cls":1,"count":1}},{"type":"Feature","geometry":{"geodesic":false,"type":"Polygon","coordinates":[[[121.16207057618871,14.563487386145683],[121.16296889147283,14.563487386145683],[121.16296889147283,14.565284016713923],[121.16207057618871,14.565284016713923],[121.16207057618871,14.563487386145683]]]},"id":"+134877+16213","properties":{"cls":1,"count":2}},{"type":"Feature","geometry":{"geodesic":false,"type":"Polygon","coordinates":[[[121.16207057618871,14.733268974844274],[121.16296889147283,14.733268974844274],[121.16296889147283,14.734167290128392],[121.16207057618871,14.734167290128392],[121.16207057618871,14.733268974844274]]]},"id":"+134877+16401","properties":{"cls":1,"count":1}},{"type":"Feature","geometry":{"geodesic":false,"type":"Polygon","coordinates":[[[121.16296889147283,14.501503631541436],[121.16386720675695,14.501503631541436],[121.16386720675695,14.502401946825556],[121.16296889147283,14.502401946825556],[121.16296889147283,14.501503631541436]]]},"id":"+134878+16143","properties":{"cls":1,"count":1}},{"type":"Feature","geometry":{"geodesic":false,"type":"Polygon","coordinates":[[[121.16296889147283,14.565284016713923],[121.16386720675695,14.565284016713923],[121.16386720675695,14.566182331998041],[121.16296889147283,14.566182331998041],[121.16296889147283,14.565284016713923]]]},"id":"+134878+16214","properties":{"cls":1,"count":1}},{"type":"Feature","geometry":{"geodesic":false,"type":"Polygon","coordinates":[[[121.16117226090459,14.51138509966675],[121.16117226090459,14.510486784382632],[121.15937563033634,14.510486784382632],[121.15937563033634,14.51138509966675],[121.1575789997681,14.51138509966675],[121.15847731505222,14.509588469098512],[121.15668068448399,14.509588469098512],[121.15668068448399,14.507791838530272],[121.1575789997681,14.507791838530272],[121.1575789997681,14.508690153814392],[121.15937563033634,14.508690153814392],[121.15937563033634,14.506893523246154],[121.16027394562046,14.506893523246154],[121.16027394562046,14.508690153814392],[121.16117226090459,14.508690153814392],[121.16117226090459,14.509588469098512],[121.16296889147283,14.509588469098512],[121.16296889147283,14.507791838530272],[121.16476552204107,14.507791838530272],[121.16386720675695,14.505995207962034],[121.16566383732518,14.505995207962034],[121.16476552204107,14.51138509966675],[121.16117226090459,14.51138509966675]]]},"id":"+134879+16153","properties":{"cls":1,"count":29}},{"type":"Feature","geometry":{"geodesic":false,"type":"Polygon","coordinates":[[[121.16476552204107,14.734167290128392],[121.16566383732518,14.734167290128392],[121.16566383732518,14.735065605412512],[121.16476552204107,14.735065605412512],[121.16476552204107,14.734167290128392]]]},"id":"+134880+16402","properties":{"cls":1,"count":1}},{"type":"Feature","geometry":{"geodesic":false,"type":"Polygon","coordinates":[[[121.16566383732518,14.505995207962034],[121.16566383732518,14.504198577393796],[121.16746046789342,14.503300262109676],[121.16746046789342,14.505995207962034],[121.16566383732518,14.505995207962034]]]},"id":"+134882+16147","properties":{"cls":1,"count":5}},{"type":"Feature","geometry":{"geodesic":false,"type":"Polygon","coordinates":[[[121.16746046789342,14.498808685689077],[121.16835878317754,14.502401946825556],[121.16566383732518,14.502401946825556],[121.16566383732518,14.501503631541436],[121.1665621526093,14.501503631541436],[121.1665621526093,14.499707000973197],[121.16566383732518,14.499707000973197],[121.16566383732518,14.49611373983672],[121.16835878317754,14.49611373983672],[121.16835878317754,14.49701205512084],[121.17285035959814,14.49701205512084],[121.17285035959814,14.49611373983672],[121.17464699016638,14.49611373983672],[121.17374867488226,14.497910370404957],[121.17105372902991,14.497910370404957],[121.17015541374579,14.499707000973197],[121.16835878317754,14.499707000973197],[121.16835878317754,14.498808685689077],[121.16746046789342,14.498808685689077]],[[121.16746046789342,14.498808685689077],[121.1665621526093,14.498808685689077],[121.1665621526093,14.49701205512084],[121.16746046789342,14.49701205512084],[121.16746046789342,14.498808685689077]]]},"id":"+134883+16143","properties":{"cls":1,"count":28}},{"type":"Feature","geometry":{"geodesic":false,"type":"Polygon","coordinates":[[[121.16835878317754,14.735065605412512],[121.16925709846166,14.735065605412512],[121.16925709846166,14.735963920696632],[121.16835878317754,14.735963920696632],[121.16835878317754,14.735065605412512]]]},"id":"+134884+16403","properties":{"cls":1,"count":1}},{"type":"Feature","geometry":{"geodesic":false,"type":"Polygon","coordinates":[[[121.17195204431403,14.492520478700241],[121.17285035959814,14.492520478700241],[121.17285035959814,14.493418793984361],[121.17195204431403,14.493418793984361],[121.17195204431403,14.492520478700241]]]},"id":"+134888+16133","properties":{"cls":1,"count":1}},{"type":"Feature","geometry":{"geodesic":false,"type":"Polygon","coordinates":[[[121.17285035959814,14.493418793984361],[121.17374867488226,14.493418793984361],[121.17374867488226,14.49431710926848],[121.17285035959814,14.49431710926848],[121.17285035959814,14.493418793984361]]]},"id":"+134889+16134","properties":{"cls":1,"count":1}},{"type":"Feature","geometry":{"geodesic":false,"type":"Polygon","coordinates":[[[121.17285035959814,14.538334558190337],[121.17374867488226,14.538334558190337],[121.17374867488226,14.539232873474456],[121.17285035959814,14.539232873474456],[121.17285035959814,14.538334558190337]]]},"id":"+134889+16184","properties":{"cls":1,"count":1}},{"type":"Feature","geometry":{"geodesic":false,"type":"Polygon","coordinates":[[[121.17285035959814,14.73776055126487],[121.17374867488226,14.73776055126487],[121.17374867488226,14.73865886654899],[121.17285035959814,14.73865886654899],[121.17285035959814,14.73776055126487]]]},"id":"+134889+16406","properties":{"cls":1,"count":1}},{"type":"Feature","geometry":{"geodesic":false,"type":"Polygon","coordinates":[[[121.17374867488226,14.733268974844274],[121.17464699016638,14.733268974844274],[121.17464699016638,14.734167290128392],[121.17374867488226,14.734167290128392],[121.17374867488226,14.733268974844274]]]},"id":"+134890+16401","properties":{"cls":1,"count":1}},{"type":"Feature","geometry":{"geodesic":false,"type":"Polygon","coordinates":[[[121.17464699016638,14.490723848132001],[121.1755453054505,14.490723848132001],[121.1755453054505,14.492520478700241],[121.17464699016638,14.492520478700241],[121.17464699016638,14.490723848132001]]]},"id":"+134891+16132","properties":{"cls":1,"count":2}},{"type":"Feature","geometry":{"geodesic":false,"type":"Polygon","coordinates":[[[121.17464699016638,14.4952154245526],[121.17644362073462,14.4952154245526],[121.17644362073462,14.49611373983672],[121.17464699016638,14.49611373983672],[121.17464699016638,14.4952154245526]]]},"id":"+134892+16136","properties":{"cls":1,"count":2}},{"type":"Feature","geometry":{"geodesic":false,"type":"Polygon","coordinates":[[[121.1755453054505,14.733268974844274],[121.17644362073462,14.733268974844274],[121.17644362073462,14.734167290128392],[121.1755453054505,14.734167290128392],[121.1755453054505,14.733268974844274]]]},"id":"+134892+16401","properties":{"cls":1,"count":1}},{"type":"Feature","geometry":{"geodesic":false,"type":"Polygon","coordinates":[[[121.17644362073462,14.734167290128392],[121.17734193601873,14.734167290128392],[121.17734193601873,14.735065605412512],[121.17644362073462,14.735065605412512],[121.17644362073462,14.734167290128392]]]},"id":"+134893+16402","properties":{"cls":1,"count":1}},{"type":"Feature","geometry":{"geodesic":false,"type":"Polygon","coordinates":[[[121.17644362073462,14.73776055126487],[121.17734193601873,14.73776055126487],[121.17734193601873,14.73865886654899],[121.17644362073462,14.73865886654899],[121.17644362073462,14.73776055126487]]]},"id":"+134893+16406","properties":{"cls":1,"count":1}},{"type":"Feature","geometry":{"geodesic":false,"type":"Polygon","coordinates":[[[121.17644362073462,14.49431710926848],[121.17644362073462,14.493418793984361],[121.17734193601873,14.493418793984361],[121.17734193601873,14.490723848132001],[121.17644362073462,14.490723848132001],[121.17644362073462,14.487130586995525],[121.17824025130285,14.487130586995525],[121.17824025130285,14.486232271711405],[121.17644362073462,14.486232271711405],[121.17644362073462,14.485333956427285],[121.18093519715522,14.486232271711405],[121.18183351243934,14.484435641143165],[121.18363014300758,14.484435641143165],[121.18363014300758,14.482639010574927],[121.1845284582917,14.482639010574927],[121.1845284582917,14.478147434154328],[121.18632508885993,14.477249118870208],[121.18632508885993,14.472757542449612],[121.1845284582917,14.472757542449612],[121.1845284582917,14.471859227165492],[121.18363014300758,14.471859227165492],[121.18363014300758,14.470062596597254],[121.18542677357581,14.470062596597254],[121.18542677357581,14.470960911881372],[121.18632508885993,14.470960911881372],[121.18632508885993,14.470062596597254],[121.18722340414405,14.470062596597254],[121.18722340414405,14.470960911881372],[121.18812171942817,14.470960911881372],[121.18812171942817,14.47365585773373],[121.18722340414405,14.47365585773373],[121.18722340414405,14.478147434154328],[121.18632508885993,14.478147434154328],[121.18722340414405,14.479944064722568],[121.18632508885993,14.479944064722568],[121.18632508885993,14.482639010574927],[121.1845284582917,14.483537325859047],[121.1845284582917,14.486232271711405],[121.18273182772346,14.487130586995525],[121.18273182772346,14.488927217563763],[121.18183351243934,14.488927217563763],[121.18183351243934,14.489825532847883],[121.1800368818711,14.489825532847883],[121.1800368818711,14.488927217563763],[121.17913856658697,14.488927217563763],[121.17913856658697,14.490723848132001],[121.1800368818711,14.490723848132001],[121.1800368818711,14.491622163416121],[121.17824025130285,14.492520478700241],[121.17824025130285,14.49431710926848],[121.17644362073462,14.49431710926848]]]},"id":"+134894+16134","properties":{"cls":1,"count":80}},{"type":"Feature","geometry":{"geodesic":false,"type":"Polygon","coordinates":[[[121.17644362073462,14.741353812401348],[121.17824025130285,14.741353812401348],[121.17824025130285,14.742252127685468],[121.17644362073462,14.742252127685468],[121.17644362073462,14.741353812401348]]]},"id":"+134894+16410","properties":{"cls":1,"count":2}},{"type":"Feature","geometry":{"geodesic":false,"type":"Polygon","coordinates":[[[121.17824025130285,14.73686223598075],[121.17913856658697,14.73686223598075],[121.17913856658697,14.73776055126487],[121.17824025130285,14.73776055126487],[121.17824025130285,14.73686223598075]]]},"id":"+134895+16405","properties":{"cls":1,"count":1}},{"type":"Feature","geometry":{"geodesic":false,"type":"Polygon","coordinates":[[[121.17913856658697,14.643437446432321],[121.1800368818711,14.643437446432321],[121.1800368818711,14.644335761716441],[121.17913856658697,14.644335761716441],[121.17913856658697,14.643437446432321]]]},"id":"+134896+16301","properties":{"cls":1,"count":1}},{"type":"Feature","geometry":{"geodesic":false,"type":"Polygon","coordinates":[[[121.17913856658697,14.734167290128392],[121.18093519715522,14.734167290128392],[121.18093519715522,14.735065605412512],[121.17913856658697,14.735065605412512],[121.17913856658697,14.734167290128392]]]},"id":"+134897+16402","properties":{"cls":1,"count":2}},{"type":"Feature","geometry":{"geodesic":false,"type":"Polygon","coordinates":[[[121.18093519715522,14.482639010574927],[121.18183351243934,14.482639010574927],[121.18183351243934,14.483537325859047],[121.18093519715522,14.483537325859047],[121.18093519715522,14.482639010574927]]]},"id":"+134898+16122","properties":{"cls":1,"count":1}},{"type":"Feature","geometry":{"geodesic":false,"type":"Polygon","coordinates":[[[121.18093519715522,14.655115545125874],[121.18183351243934,14.655115545125874],[121.18183351243934,14.656912175694114],[121.18093519715522,14.656912175694114],[121.18093519715522,14.655115545125874]]]},"id":"+134898+16315","properties":{"cls":1,"count":2}},{"type":"Feature","geometry":{"geodesic":false,"type":"Polygon","coordinates":[[[121.18093519715522,14.733268974844274],[121.18183351243934,14.733268974844274],[121.18183351243934,14.734167290128392],[121.18093519715522,14.734167290128392],[121.18093519715522,14.733268974844274]]]},"id":"+134898+16401","properties":{"cls":1,"count":1}},{"type":"Feature","geometry":{"geodesic":false,"type":"Polygon","coordinates":[[[121.18183351243934,14.465571020176656],[121.18273182772346,14.465571020176656],[121.18273182772346,14.467367650744894],[121.18183351243934,14.467367650744894],[121.18183351243934,14.465571020176656]]]},"id":"+134899+16104","properties":{"cls":1,"count":2}},{"type":"Feature","geometry":{"geodesic":false,"type":"Polygon","coordinates":[[[121.18183351243934,14.471859227165492],[121.18273182772346,14.471859227165492],[121.18273182772346,14.472757542449612],[121.18183351243934,14.472757542449612],[121.18183351243934,14.471859227165492]]]},"id":"+134899+16110","properties":{"cls":1,"count":1}},{"type":"Feature","geometry":{"geodesic":false,"type":"Polygon","coordinates":[[[121.18273182772346,14.465571020176656],[121.18183351243934,14.463774389608416],[121.18363014300758,14.463774389608416],[121.18363014300758,14.465571020176656],[121.18273182772346,14.465571020176656]]]},"id":"+134900+16102","properties":{"cls":1,"count":3}},{"type":"Feature","geometry":{"geodesic":false,"type":"Polygon","coordinates":[[[121.18273182772346,14.481740695290807],[121.18363014300758,14.481740695290807],[121.18363014300758,14.482639010574927],[121.18273182772346,14.482639010574927],[121.18273182772346,14.481740695290807]]]},"id":"+134900+16121","properties":{"cls":1,"count":1}},{"type":"Feature","geometry":{"geodesic":false,"type":"Polygon","coordinates":[[[121.18273182772346,14.732370659560154],[121.18363014300758,14.732370659560154],[121.18363014300758,14.733268974844274],[121.18273182772346,14.733268974844274],[121.18273182772346,14.732370659560154]]]},"id":"+134900+16400","properties":{"cls":1,"count":1}},{"type":"Feature","geometry":{"geodesic":false,"type":"Polygon","coordinates":[[[121.18363014300758,14.469164281313134],[121.18273182772346,14.467367650744894],[121.1845284582917,14.467367650744894],[121.1845284582917,14.469164281313134],[121.18363014300758,14.469164281313134]]]},"id":"+134901+16106","properties":{"cls":1,"count":3}},{"type":"Feature","geometry":{"geodesic":false,"type":"Polygon","coordinates":[[[121.18363014300758,14.477249118870208],[121.1845284582917,14.477249118870208],[121.1845284582917,14.478147434154328],[121.18363014300758,14.478147434154328],[121.18363014300758,14.477249118870208]]]},"id":"+134901+16116","properties":{"cls":1,"count":1}},{"type":"Feature","geometry":{"geodesic":false,"type":"Polygon","coordinates":[[[121.1845284582917,14.463774389608416],[121.18542677357581,14.463774389608416],[121.18542677357581,14.464672704892536],[121.1845284582917,14.464672704892536],[121.1845284582917,14.463774389608416]]]},"id":"+134902+16101","properties":{"cls":1,"count":1}},{"type":"Feature","geometry":{"geodesic":false,"type":"Polygon","coordinates":[[[121.1845284582917,14.47365585773373],[121.18542677357581,14.47365585773373],[121.18542677357581,14.47455417301785],[121.1845284582917,14.47455417301785],[121.1845284582917,14.47365585773373]]]},"id":"+134902+16112","properties":{"cls":1,"count":1}},{"type":"Feature","geometry":{"geodesic":false,"type":"Polygon","coordinates":[[[121.18632508885993,14.517673306655588],[121.18722340414405,14.517673306655588],[121.18722340414405,14.519469937223827],[121.18632508885993,14.519469937223827],[121.18632508885993,14.517673306655588]]]},"id":"+134904+16162","properties":{"cls":1,"count":2}},{"type":"Feature","geometry":{"geodesic":false,"type":"Polygon","coordinates":[[[121.18722340414405,14.462876074324297],[121.18812171942817,14.462876074324297],[121.18812171942817,14.463774389608416],[121.18722340414405,14.463774389608416],[121.18722340414405,14.462876074324297]]]},"id":"+134905+16100","properties":{"cls":1,"count":1}},{"type":"Feature","geometry":{"geodesic":false,"type":"Polygon","coordinates":[[[121.19081666528054,14.427841778243636],[121.19171498056465,14.427841778243636],[121.19171498056465,14.428740093527756],[121.19081666528054,14.428740093527756],[121.19081666528054,14.427841778243636]]]},"id":"+134909+16061","properties":{"cls":1,"count":1}},{"type":"Feature","geometry":{"geodesic":false,"type":"Polygon","coordinates":[[[121.18991834999642,14.461977759040177],[121.19171498056465,14.461977759040177],[121.19171498056465,14.462876074324297],[121.18991834999642,14.462876074324297],[121.18991834999642,14.461977759040177]]]},"id":"+134909+16099","properties":{"cls":1,"count":2}},{"type":"Feature","geometry":{"geodesic":false,"type":"Polygon","coordinates":[[[121.19171498056465,14.461977759040177],[121.19261329584877,14.460181128471937],[121.19440992641701,14.460181128471937],[121.19351161113289,14.461977759040177],[121.19171498056465,14.461977759040177]]]},"id":"+134911+16098","properties":{"cls":1,"count":4}},{"type":"Feature","geometry":{"geodesic":false,"type":"Polygon","coordinates":[[[121.19261329584877,14.62547114074993],[121.19351161113289,14.62547114074993],[121.19351161113289,14.62636945603405],[121.19261329584877,14.62636945603405],[121.19261329584877,14.62547114074993]]]},"id":"+134911+16281","properties":{"cls":1,"count":1}},{"type":"Feature","geometry":{"geodesic":false,"type":"Polygon","coordinates":[[[121.19261329584877,14.726980767855435],[121.19351161113289,14.726980767855435],[121.19351161113289,14.727879083139555],[121.19261329584877,14.727879083139555],[121.19261329584877,14.726980767855435]]]},"id":"+134911+16394","properties":{"cls":1,"count":1}},{"type":"Feature","geometry":{"geodesic":false,"type":"Polygon","coordinates":[[[121.19261329584877,14.45928281318782],[121.19261329584877,14.4583844979037],[121.19351161113289,14.4583844979037],[121.19351161113289,14.45658786733546],[121.19440992641701,14.45658786733546],[121.19440992641701,14.45928281318782],[121.19261329584877,14.45928281318782]]]},"id":"+134912+16095","properties":{"cls":1,"count":4}},{"type":"Feature","geometry":{"geodesic":false,"type":"Polygon","coordinates":[[[121.19351161113289,14.62726777131817],[121.19440992641701,14.62726777131817],[121.19440992641701,14.628166086602288],[121.19351161113289,14.628166086602288],[121.19351161113289,14.62726777131817]]]},"id":"+134912+16283","properties":{"cls":1,"count":1}},{"type":"Feature","geometry":{"geodesic":false,"type":"Polygon","coordinates":[[[121.19440992641701,14.426045147675396],[121.19530824170113,14.426045147675396],[121.19530824170113,14.426943462959516],[121.19440992641701,14.426943462959516],[121.19440992641701,14.426045147675396]]]},"id":"+134913+16059","properties":{"cls":1,"count":1}},{"type":"Feature","geometry":{"geodesic":false,"type":"Polygon","coordinates":[[[121.19440992641701,14.454791236767221],[121.19530824170113,14.454791236767221],[121.19530824170113,14.455689552051341],[121.19440992641701,14.455689552051341],[121.19440992641701,14.454791236767221]]]},"id":"+134913+16091","properties":{"cls":1,"count":1}},{"type":"Feature","geometry":{"geodesic":false,"type":"Polygon","coordinates":[[[121.19440992641701,14.725184137287197],[121.19530824170113,14.725184137287197],[121.19530824170113,14.726082452571317],[121.19440992641701,14.726082452571317],[121.19440992641701,14.725184137287197]]]},"id":"+134913+16392","properties":{"cls":1,"count":1}},{"type":"Feature","geometry":{"geodesic":false,"type":"Polygon","coordinates":[[[121.19530824170113,14.451197975630743],[121.19620655698525,14.451197975630743],[121.19620655698525,14.452096290914863],[121.19530824170113,14.452096290914863],[121.19530824170113,14.451197975630743]]]},"id":"+134914+16087","properties":{"cls":1,"count":1}},{"type":"Feature","geometry":{"geodesic":false,"type":"Polygon","coordinates":[[[121.19530824170113,14.452994606198981],[121.19620655698525,14.452994606198981],[121.19620655698525,14.454791236767221],[121.19530824170113,14.454791236767221],[121.19530824170113,14.452994606198981]]]},"id":"+134914+16090","properties":{"cls":1,"count":2}},{"type":"Feature","geometry":{"geodesic":false,"type":"Polygon","coordinates":[[[121.19620655698525,14.452096290914863],[121.19710487226936,14.452096290914863],[121.19710487226936,14.452994606198981],[121.19620655698525,14.452994606198981],[121.19620655698525,14.452096290914863]]]},"id":"+134915+16088","properties":{"cls":1,"count":1}},{"type":"Feature","geometry":{"geodesic":false,"type":"Polygon","coordinates":[[[121.19800318755348,14.427841778243636],[121.1989015028376,14.427841778243636],[121.1989015028376,14.428740093527756],[121.19800318755348,14.428740093527756],[121.19800318755348,14.427841778243636]]]},"id":"+134917+16061","properties":{"cls":1,"count":1}},{"type":"Feature","geometry":{"geodesic":false,"type":"Polygon","coordinates":[[[121.19710487226936,14.449401345062505],[121.19979981812173,14.449401345062505],[121.19979981812173,14.450299660346623],[121.19710487226936,14.450299660346623],[121.19710487226936,14.449401345062505]]]},"id":"+134918+16085","properties":{"cls":1,"count":3}},{"type":"Feature","geometry":{"geodesic":false,"type":"Polygon","coordinates":[[[121.19710487226936,14.630861032454646],[121.19710487226936,14.628166086602288],[121.19800318755348,14.628166086602288],[121.19800318755348,14.629962717170528],[121.19979981812173,14.629962717170528],[121.19979981812173,14.630861032454646],[121.19710487226936,14.630861032454646]]]},"id":"+134918+16286","properties":{"cls":1,"count":5}},{"type":"Feature","geometry":{"geodesic":false,"type":"Polygon","coordinates":[[[121.20069813340585,14.440418192221308],[121.20159644868997,14.440418192221308],[121.20159644868997,14.441316507505428],[121.20069813340585,14.441316507505428],[121.20069813340585,14.440418192221308]]]},"id":"+134920+16075","properties":{"cls":1,"count":1}},{"type":"Feature","geometry":{"geodesic":false,"type":"Polygon","coordinates":[[[121.20159644868997,14.439519876937188],[121.20249476397409,14.439519876937188],[121.20249476397409,14.440418192221308],[121.20159644868997,14.440418192221308],[121.20159644868997,14.439519876937188]]]},"id":"+134921+16074","properties":{"cls":1,"count":1}},{"type":"Feature","geometry":{"geodesic":false,"type":"Polygon","coordinates":[[[121.20159644868997,14.448503029778385],[121.20249476397409,14.448503029778385],[121.20249476397409,14.449401345062505],[121.20159644868997,14.449401345062505],[121.20159644868997,14.448503029778385]]]},"id":"+134921+16084","properties":{"cls":1,"count":1}},{"type":"Feature","geometry":{"geodesic":false,"type":"Polygon","coordinates":[[[121.20249476397409,14.448503029778385],[121.20159644868997,14.446706399210145],[121.2033930792582,14.445808083926027],[121.2033930792582,14.444909768641907],[121.20159644868997,14.444011453357787],[121.20159644868997,14.443113138073667],[121.20429139454232,14.443113138073667],[121.20429139454232,14.444011453357787],[121.20518970982644,14.444011453357787],[121.20518970982644,14.446706399210145],[121.20249476397409,14.448503029778385]]]},"id":"+134922+16083","properties":{"cls":1,"count":15}},{"type":"Feature","geometry":{"geodesic":false,"type":"Polygon","coordinates":[[[121.2033930792582,14.43862156165307],[121.20429139454232,14.43862156165307],[121.20429139454232,14.439519876937188],[121.2033930792582,14.439519876937188],[121.2033930792582,14.43862156165307]]]},"id":"+134923+16073","properties":{"cls":1,"count":1}},{"type":"Feature","geometry":{"geodesic":false,"type":"Polygon","coordinates":[[[121.20518970982644,14.428740093527756],[121.20608802511056,14.428740093527756],[121.20608802511056,14.429638408811874],[121.20518970982644,14.429638408811874],[121.20518970982644,14.428740093527756]]]},"id":"+134925+16062","properties":{"cls":1,"count":1}},{"type":"Feature","geometry":{"geodesic":false,"type":"Polygon","coordinates":[[[121.20608802511056,14.424248517107157],[121.20698634039468,14.424248517107157],[121.20698634039468,14.425146832391277],[121.20608802511056,14.425146832391277],[121.20608802511056,14.424248517107157]]]},"id":"+134926+16057","properties":{"cls":1,"count":1}},{"type":"Feature","geometry":{"geodesic":false,"type":"Polygon","coordinates":[[[121.20608802511056,14.43862156165307],[121.20698634039468,14.43862156165307],[121.20698634039468,14.439519876937188],[121.20608802511056,14.439519876937188],[121.20608802511056,14.43862156165307]]]},"id":"+134926+16073","properties":{"cls":1,"count":1}},{"type":"Feature","geometry":{"geodesic":false,"type":"Polygon","coordinates":[[[121.20698634039468,14.423350201823038],[121.2078846556788,14.423350201823038],[121.2078846556788,14.424248517107157],[121.20698634039468,14.424248517107157],[121.20698634039468,14.423350201823038]]]},"id":"+134927+16056","properties":{"cls":1,"count":1}},{"type":"Feature","geometry":{"geodesic":false,"type":"Polygon","coordinates":[[[121.20698634039468,14.43682493108483],[121.2078846556788,14.43682493108483],[121.2078846556788,14.43862156165307],[121.20698634039468,14.43862156165307],[121.20698634039468,14.43682493108483]]]},"id":"+134927+16072","properties":{"cls":1,"count":2}},{"type":"Feature","geometry":{"geodesic":false,"type":"Polygon","coordinates":[[[121.2078846556788,14.426943462959516],[121.20878297096291,14.426943462959516],[121.20878297096291,14.427841778243636],[121.2078846556788,14.427841778243636],[121.2078846556788,14.426943462959516]]]},"id":"+134928+16060","properties":{"cls":1,"count":1}},{"type":"Feature","geometry":{"geodesic":false,"type":"Polygon","coordinates":[[[121.20878297096291,14.42065525597068],[121.20968128624705,14.42065525597068],[121.20968128624705,14.4215535712548],[121.20878297096291,14.4215535712548],[121.20878297096291,14.42065525597068]]]},"id":"+134929+16053","properties":{"cls":1,"count":1}},{"type":"Feature","geometry":{"geodesic":false,"type":"Polygon","coordinates":[[[121.20878297096291,14.434129985232472],[121.20968128624705,14.434129985232472],[121.20968128624705,14.435028300516592],[121.20878297096291,14.435028300516592],[121.20878297096291,14.434129985232472]]]},"id":"+134929+16068","properties":{"cls":1,"count":1}},{"type":"Feature","geometry":{"geodesic":false,"type":"Polygon","coordinates":[[[121.20968128624705,14.393705797447094],[121.21057960153117,14.393705797447094],[121.21057960153117,14.394604112731214],[121.20968128624705,14.394604112731214],[121.20968128624705,14.393705797447094]]]},"id":"+134930+16023","properties":{"cls":1,"count":1}},{"type":"Feature","geometry":{"geodesic":false,"type":"Polygon","coordinates":[[[121.20968128624705,14.585046952964552],[121.21057960153117,14.585046952964552],[121.21057960153117,14.58684358353279],[121.20968128624705,14.58684358353279],[121.20968128624705,14.585046952964552]]]},"id":"+134930+16237","properties":{"cls":1,"count":2}},{"type":"Feature","geometry":{"geodesic":false,"type":"Polygon","coordinates":[[[121.21057960153117,14.433231669948352],[121.21057960153117,14.432333354664234],[121.20968128624705,14.432333354664234],[121.20968128624705,14.433231669948352],[121.20608802511056,14.433231669948352],[121.20608802511056,14.431435039380114],[121.2078846556788,14.431435039380114],[121.20878297096291,14.429638408811874],[121.21057960153117,14.429638408811874],[121.21057960153117,14.428740093527756],[121.21327454738352,14.428740093527756],[121.2123762320994,14.433231669948352],[121.21057960153117,14.433231669948352]]]},"id":"+134932+16066","properties":{"cls":1,"count":27}},{"type":"Feature","geometry":{"geodesic":false,"type":"Polygon","coordinates":[[[121.2123762320994,14.41885862540244],[121.21327454738352,14.41885862540244],[121.21327454738352,14.41975694068656],[121.2123762320994,14.41975694068656],[121.2123762320994,14.41885862540244]]]},"id":"+134933+16051","properties":{"cls":1,"count":1}},{"type":"Feature","geometry":{"geodesic":false,"type":"Polygon","coordinates":[[[121.21507117795176,14.411672103129485],[121.21596949323587,14.411672103129485],[121.21596949323587,14.412570418413603],[121.21507117795176,14.412570418413603],[121.21507117795176,14.411672103129485]]]},"id":"+134936+16043","properties":{"cls":1,"count":1}},{"type":"Feature","geometry":{"geodesic":false,"type":"Polygon","coordinates":[[[121.21417286266764,14.414367048981843],[121.21596949323587,14.414367048981843],[121.21596949323587,14.415265364265963],[121.21417286266764,14.415265364265963],[121.21417286266764,14.414367048981843]]]},"id":"+134936+16046","properties":{"cls":1,"count":2}},{"type":"Feature","geometry":{"geodesic":false,"type":"Polygon","coordinates":[[[121.21596949323587,14.349688348525238],[121.21686780851999,14.349688348525238],[121.21686780851999,14.350586663809356],[121.21596949323587,14.350586663809356],[121.21596949323587,14.349688348525238]]]},"id":"+134937+15974","properties":{"cls":1,"count":1}},{"type":"Feature","geometry":{"geodesic":false,"type":"Polygon","coordinates":[[[121.21596949323587,14.412570418413603],[121.21686780851999,14.412570418413603],[121.21686780851999,14.413468733697723],[121.21596949323587,14.413468733697723],[121.21596949323587,14.412570418413603]]]},"id":"+134937+16044","properties":{"cls":1,"count":1}},{"type":"Feature","geometry":{"geodesic":false,"type":"Polygon","coordinates":[[[121.21686780851999,14.350586663809356],[121.21776612380411,14.350586663809356],[121.21776612380411,14.352383294377596],[121.21686780851999,14.352383294377596],[121.21686780851999,14.350586663809356]]]},"id":"+134938+15976","properties":{"cls":1,"count":2}},{"type":"Feature","geometry":{"geodesic":false,"type":"Polygon","coordinates":[[[121.21686780851999,14.354179924945834],[121.21776612380411,14.354179924945834],[121.21776612380411,14.355078240229954],[121.21686780851999,14.355078240229954],[121.21686780851999,14.354179924945834]]]},"id":"+134938+15979","properties":{"cls":1,"count":1}},{"type":"Feature","geometry":{"geodesic":false,"type":"Polygon","coordinates":[[[121.21686780851999,14.415265364265963],[121.21776612380411,14.415265364265963],[121.21776612380411,14.417061994834201],[121.21686780851999,14.417061994834201],[121.21686780851999,14.415265364265963]]]},"id":"+134938+16048","properties":{"cls":1,"count":2}},{"type":"Feature","geometry":{"geodesic":false,"type":"Polygon","coordinates":[[[121.21776612380411,14.373044545912345],[121.21866443908823,14.373044545912345],[121.21866443908823,14.373942861196465],[121.21776612380411,14.373942861196465],[121.21776612380411,14.373044545912345]]]},"id":"+134939+16000","properties":{"cls":1,"count":1}},{"type":"Feature","geometry":{"geodesic":false,"type":"Polygon","coordinates":[[[121.21866443908823,14.355976555514074],[121.21956275437236,14.355976555514074],[121.21956275437236,14.356874870798194],[121.21866443908823,14.356874870798194],[121.21866443908823,14.355976555514074]]]},"id":"+134940+15981","properties":{"cls":1,"count":1}},{"type":"Feature","geometry":{"geodesic":false,"type":"Polygon","coordinates":[[[121.21866443908823,14.357773186082312],[121.21956275437236,14.357773186082312],[121.21956275437236,14.358671501366432],[121.21866443908823,14.358671501366432],[121.21866443908823,14.357773186082312]]]},"id":"+134940+15983","properties":{"cls":1,"count":1}},{"type":"Feature","geometry":{"geodesic":false,"type":"Polygon","coordinates":[[[121.21866443908823,14.417061994834201],[121.21956275437236,14.417061994834201],[121.21956275437236,14.417960310118321],[121.21866443908823,14.417960310118321],[121.21866443908823,14.417061994834201]]]},"id":"+134940+16049","properties":{"cls":1,"count":1}},{"type":"Feature","geometry":{"geodesic":false,"type":"Polygon","coordinates":[[[121.21956275437236,14.380231068185301],[121.22046106965648,14.380231068185301],[121.22046106965648,14.384722644605898],[121.21956275437236,14.384722644605898],[121.21956275437236,14.380231068185301]]]},"id":"+134941+16012","properties":{"cls":1,"count":5}},{"type":"Feature","geometry":{"geodesic":false,"type":"Polygon","coordinates":[[[121.21956275437236,14.385620959890018],[121.22046106965648,14.385620959890018],[121.22046106965648,14.388315905742376],[121.21956275437236,14.388315905742376],[121.21956275437236,14.385620959890018]]]},"id":"+134941+16016","properties":{"cls":1,"count":3}},{"type":"Feature","geometry":{"geodesic":false,"type":"Polygon","coordinates":[[[121.21956275437236,14.390112536310616],[121.22046106965648,14.390112536310616],[121.22046106965648,14.391010851594736],[121.21956275437236,14.391010851594736],[121.21956275437236,14.390112536310616]]]},"id":"+134941+16019","properties":{"cls":1,"count":1}},{"type":"Feature","geometry":{"geodesic":false,"type":"Polygon","coordinates":[[[121.21956275437236,14.396400743299452],[121.22046106965648,14.396400743299452],[121.22046106965648,14.397299058583572],[121.21956275437236,14.397299058583572],[121.21956275437236,14.396400743299452]]]},"id":"+134941+16026","properties":{"cls":1,"count":1}},{"type":"Feature","geometry":{"geodesic":false,"type":"Polygon","coordinates":[[[121.22046106965648,14.373942861196465],[121.22046106965648,14.369451284775867],[121.21956275437236,14.369451284775867],[121.21956275437236,14.368552969491747],[121.22046106965648,14.368552969491747],[121.22046106965648,14.365858023639388],[121.21956275437236,14.365858023639388],[121.21956275437236,14.36406139307115],[121.2213593849406,14.364959708355268],[121.2213593849406,14.373942861196465],[121.22046106965648,14.373942861196465]]]},"id":"+134942+16000","properties":{"cls":1,"count":13}},{"type":"Feature","geometry":{"geodesic":false,"type":"Polygon","coordinates":[[[121.22046106965648,14.384722644605898],[121.2213593849406,14.384722644605898],[121.2213593849406,14.385620959890018],[121.22046106965648,14.385620959890018],[121.22046106965648,14.384722644605898]]]},"id":"+134942+16013","properties":{"cls":1,"count":1}},{"type":"Feature","geometry":{"geodesic":false,"type":"Polygon","coordinates":[[[121.22046106965648,14.391010851594736],[121.2213593849406,14.391010851594736],[121.2213593849406,14.391909166878854],[121.22046106965648,14.391909166878854],[121.22046106965648,14.391010851594736]]]},"id":"+134942+16020","properties":{"cls":1,"count":1}},{"type":"Feature","geometry":{"geodesic":false,"type":"Polygon","coordinates":[[[121.22046106965648,14.395502428015332],[121.2213593849406,14.395502428015332],[121.2213593849406,14.396400743299452],[121.22046106965648,14.396400743299452],[121.22046106965648,14.395502428015332]]]},"id":"+134942+16025","properties":{"cls":1,"count":1}},{"type":"Feature","geometry":{"geodesic":false,"type":"Polygon","coordinates":[[[121.21956275437236,14.428740093527756],[121.2213593849406,14.428740093527756],[121.2213593849406,14.430536724095994],[121.21956275437236,14.430536724095994],[121.21956275437236,14.428740093527756]]]},"id":"+134942+16063","properties":{"cls":1,"count":4}},{"type":"Feature","geometry":{"geodesic":false,"type":"Polygon","coordinates":[[[121.2213593849406,14.394604112731214],[121.22225770022472,14.394604112731214],[121.22225770022472,14.395502428015332],[121.2213593849406,14.395502428015332],[121.2213593849406,14.394604112731214]]]},"id":"+134943+16024","properties":{"cls":1,"count":1}},{"type":"Feature","geometry":{"geodesic":false,"type":"Polygon","coordinates":[[[121.2213593849406,14.423350201823038],[121.22225770022472,14.423350201823038],[121.22225770022472,14.424248517107157],[121.2213593849406,14.424248517107157],[121.2213593849406,14.423350201823038]]]},"id":"+134943+16056","properties":{"cls":1,"count":1}},{"type":"Feature","geometry":{"geodesic":false,"type":"Polygon","coordinates":[[[121.2213593849406,14.426045147675396],[121.22225770022472,14.426045147675396],[121.22225770022472,14.426943462959516],[121.2213593849406,14.426943462959516],[121.2213593849406,14.426045147675396]]]},"id":"+134943+16059","properties":{"cls":1,"count":1}},{"type":"Feature","geometry":{"geodesic":false,"type":"Polygon","coordinates":[[[121.2213593849406,14.433231669948352],[121.22225770022472,14.433231669948352],[121.22225770022472,14.444011453357787],[121.2213593849406,14.444011453357787],[121.2213593849406,14.433231669948352]]]},"id":"+134943+16078","properties":{"cls":1,"count":12}},{"type":"Feature","geometry":{"geodesic":false,"type":"Polygon","coordinates":[[[121.2213593849406,14.450299660346623],[121.22225770022472,14.450299660346623],[121.22225770022472,14.452096290914863],[121.2213593849406,14.452096290914863],[121.2213593849406,14.450299660346623]]]},"id":"+134943+16087","properties":{"cls":1,"count":2}},{"type":"Feature","geometry":{"geodesic":false,"type":"Polygon","coordinates":[[[121.2213593849406,14.469164281313134],[121.22225770022472,14.469164281313134],[121.22225770022472,14.470062596597254],[121.2213593849406,14.470062596597254],[121.2213593849406,14.469164281313134]]]},"id":"+134943+16107","properties":{"cls":1,"count":1}},{"type":"Feature","geometry":{"geodesic":false,"type":"Polygon","coordinates":[[[121.22046106965648,14.47455417301785],[121.22046106965648,14.47365585773373],[121.21956275437236,14.47365585773373],[121.21956275437236,14.464672704892536],[121.22046106965648,14.464672704892536],[121.22046106965648,14.463774389608416],[121.21956275437236,14.463774389608416],[121.21956275437236,14.461977759040177],[121.22046106965648,14.461977759040177],[121.22046106965648,14.460181128471937],[121.21956275437236,14.460181128471937],[121.21956275437236,14.45928281318782],[121.22046106965648,14.45928281318782],[121.22046106965648,14.4583844979037],[121.21956275437236,14.4583844979037],[121.21956275437236,14.455689552051341],[121.22046106965648,14.455689552051341],[121.22046106965648,14.454791236767221],[121.21956275437236,14.454791236767221],[121.21956275437236,14.452994606198981],[121.2213593849406,14.452096290914863],[121.2213593849406,14.461079443756057],[121.22225770022472,14.461079443756057],[121.22225770022472,14.464672704892536],[121.2213593849406,14.464672704892536],[121.2213593849406,14.469164281313134],[121.22046106965648,14.469164281313134],[121.22046106965648,14.470062596597254],[121.2213593849406,14.470062596597254],[121.22225770022472,14.47455417301785],[121.22046106965648,14.47455417301785]]]},"id":"+134943+16112","properties":{"cls":1,"count":48}},{"type":"Feature","geometry":{"geodesic":false,"type":"Polygon","coordinates":[[[121.22225770022472,14.409875472561245],[121.22315601550883,14.409875472561245],[121.22315601550883,14.411672103129485],[121.22225770022472,14.411672103129485],[121.22225770022472,14.409875472561245]]]},"id":"+134944+16042","properties":{"cls":1,"count":2}},{"type":"Feature","geometry":{"geodesic":false,"type":"Polygon","coordinates":[[[121.22225770022472,14.444909768641907],[121.22315601550883,14.444909768641907],[121.22315601550883,14.446706399210145],[121.22225770022472,14.446706399210145],[121.22225770022472,14.444909768641907]]]},"id":"+134944+16081","properties":{"cls":1,"count":2}},{"type":"Feature","geometry":{"geodesic":false,"type":"Polygon","coordinates":[[[121.22315601550883,14.407180526708887],[121.22405433079295,14.407180526708887],[121.22405433079295,14.408078841993007],[121.22315601550883,14.408078841993007],[121.22315601550883,14.407180526708887]]]},"id":"+134945+16038","properties":{"cls":1,"count":1}},{"type":"Feature","geometry":{"geodesic":false,"type":"Polygon","coordinates":[[[121.22315601550883,14.41975694068656],[121.22405433079295,14.41975694068656],[121.22405433079295,14.42065525597068],[121.22315601550883,14.42065525597068],[121.22315601550883,14.41975694068656]]]},"id":"+134945+16052","properties":{"cls":1,"count":1}},{"type":"Feature","geometry":{"geodesic":false,"type":"Polygon","coordinates":[[[121.2213593849406,14.478147434154328],[121.2213593849406,14.477249118870208],[121.22315601550883,14.477249118870208],[121.22315601550883,14.47635080358609],[121.22225770022472,14.47635080358609],[121.22225770022472,14.47455417301785],[121.22405433079295,14.47455417301785],[121.22405433079295,14.47635080358609],[121.22585096136119,14.47635080358609],[121.22585096136119,14.477249118870208],[121.22405433079295,14.477249118870208],[121.22405433079295,14.478147434154328],[121.2213593849406,14.478147434154328]]]},"id":"+134945+16116","properties":{"cls":1,"count":10}},{"type":"Feature","geometry":{"geodesic":false,"type":"Polygon","coordinates":[[[121.22405433079295,14.406282211424767],[121.22405433079295,14.404485580856528],[121.22585096136119,14.404485580856528],[121.22585096136119,14.405383896140647],[121.22405433079295,14.406282211424767]]]},"id":"+134946+16036","properties":{"cls":1,"count":3}},{"type":"Feature","geometry":{"geodesic":false,"type":"Polygon","coordinates":[[[121.22495264607707,14.42065525597068],[121.22585096136119,14.42065525597068],[121.22585096136119,14.4215535712548],[121.22495264607707,14.4215535712548],[121.22495264607707,14.42065525597068]]]},"id":"+134947+16053","properties":{"cls":1,"count":1}},{"type":"Feature","geometry":{"geodesic":false,"type":"Polygon","coordinates":[[[121.22585096136119,14.404485580856528],[121.22585096136119,14.403587265572408],[121.22495264607707,14.403587265572408],[121.22495264607707,14.401790635004168],[121.22674927664531,14.402688950288288],[121.22674927664531,14.404485580856528],[121.22585096136119,14.404485580856528]]]},"id":"+134948+16034","properties":{"cls":1,"count":4}},{"type":"Feature","geometry":{"geodesic":false,"type":"Polygon","coordinates":[[[121.22585096136119,14.41975694068656],[121.22674927664531,14.41975694068656],[121.22674927664531,14.42065525597068],[121.22585096136119,14.42065525597068],[121.22585096136119,14.41975694068656]]]},"id":"+134948+16052","properties":{"cls":1,"count":1}},{"type":"Feature","geometry":{"geodesic":false,"type":"Polygon","coordinates":[[[121.22585096136119,14.602114943362823],[121.22674927664531,14.602114943362823],[121.22674927664531,14.603013258646943],[121.22585096136119,14.603013258646943],[121.22585096136119,14.602114943362823]]]},"id":"+134948+16255","properties":{"cls":1,"count":1}},{"type":"Feature","geometry":{"geodesic":false,"type":"Polygon","coordinates":[[[121.22674927664531,14.47635080358609],[121.22764759192943,14.47635080358609],[121.22764759192943,14.477249118870208],[121.22674927664531,14.477249118870208],[121.22674927664531,14.47635080358609]]]},"id":"+134949+16115","properties":{"cls":1,"count":1}},{"type":"Feature","geometry":{"geodesic":false,"type":"Polygon","coordinates":[[[121.22764759192943,14.415265364265963],[121.22854590721356,14.415265364265963],[121.22854590721356,14.417061994834201],[121.22764759192943,14.417061994834201],[121.22764759192943,14.415265364265963]]]},"id":"+134950+16048","properties":{"cls":1,"count":2}},{"type":"Feature","geometry":{"geodesic":false,"type":"Polygon","coordinates":[[[121.22854590721356,14.411672103129485],[121.22944422249768,14.411672103129485],[121.22944422249768,14.412570418413603],[121.22854590721356,14.412570418413603],[121.22854590721356,14.411672103129485]]]},"id":"+134951+16043","properties":{"cls":1,"count":1}},{"type":"Feature","geometry":{"geodesic":false,"type":"Polygon","coordinates":[[[121.22854590721356,14.470960911881372],[121.22944422249768,14.470960911881372],[121.22944422249768,14.471859227165492],[121.22854590721356,14.471859227165492],[121.22854590721356,14.470960911881372]]]},"id":"+134951+16109","properties":{"cls":1,"count":1}},{"type":"Feature","geometry":{"geodesic":false,"type":"Polygon","coordinates":[[[121.22854590721356,14.47635080358609],[121.22764759192943,14.47455417301785],[121.22854590721356,14.47455417301785],[121.22854590721356,14.472757542449612],[121.22944422249768,14.472757542449612],[121.22944422249768,14.471859227165492],[121.2303425377818,14.471859227165492],[121.2303425377818,14.47455417301785],[121.22944422249768,14.47455417301785],[121.22944422249768,14.47635080358609],[121.22854590721356,14.47635080358609]]]},"id":"+134951+16114","properties":{"cls":1,"count":8}},{"type":"Feature","geometry":{"geodesic":false,"type":"Polygon","coordinates":[[[121.22944422249768,14.404485580856528],[121.2303425377818,14.404485580856528],[121.2303425377818,14.405383896140647],[121.22944422249768,14.405383896140647],[121.22944422249768,14.404485580856528]]]},"id":"+134952+16035","properties":{"cls":1,"count":1}}]}